index,account,postdate,tweet,link,comments,retweets,likes,views,replysource
1,anakfarmasi02,2025-01-27T06:39:23.000Z,"VAKSIN CAMPAK DIBERIKAN PADA BULAN KE 9  #ANAKFARMASI02 #AF02 #UKMPPAI #UKMPPAI2025",https://x.com/anakfarmasi02/status/1883766738476827049,0,0,0,210,NaN
2,clevernonie,2025-01-20T05:53:23.000Z,"Kalo Vernon pepsos collab, gua gipewey sertifikat vaksin ama imunisasi campak, bantu ramein guys",https://x.com/clevernonie/status/1881218444319969633,0,0,0,87,NaN
3,Jumianto_RK,2025-01-18T12:10:35.000Z,"Pencegahan sejak usia di kandungan dengan memberikan makanan bergizi buat bumil, berlanjut setelah lahiran program imunisasi ke posyandu. Vaksin TT, Campak, Folio. Dan disertai pemberian makanan bergizi bagi balita.",https://x.com/Jumianto_RK/status/1880588595431714958,0,0,0,195,NaN
4,mhisbullaht,2025-01-16T09:00:59.000Z,"syukur banget gw pas kecil cmn ada persoalan vaksin campak (?), disuntik ""paksa"" pas di sekolah.",https://x.com/mhisbullaht/status/1879816104299909617,0,0,0,281,NaN
5,mario_an19,2025-01-10T13:32:38.000Z,"bodo amat   gw dari kecil dah d vaksin polio, campak, cacar, dll   ampe sekarang juga ga kenapa2 cok",https://x.com/mario_an19/status/1877710140448907578,0,0,0,75,NaN
6,AsalGombak,2025-01-10T07:58:02.000Z,"PROGRAM PEMBERIAN VAKSIN DEMAN CAMPAK PERCUMA @ KAMPUNG CHANGKAT  Tarikh : 11 Januari 2025 (Sabtu) Masa : 8 pagi - 1 tengah hari Lokasi : Dewan JPKK Kampung Changkat",https://x.com/AsalGombak/status/1877625935048094069,0,0,0,980,NaN
7,RadioTaiwan_IDN,2025-01-10T07:00:01.000Z,"Wabah Campak Kian Meluas! Vaksin Campak Kehabisan Stok? Ini Penjelasan Menteri Kesehatan di Taiwan  Selengkapnya: https://id.rti.org.tw/news/view/id/108888…",https://x.com/RadioTaiwan_IDN/status/1877611334008975727,0,0,0,37,NaN
8,kakikukaki15,2025-01-02T11:07:38.000Z,"Tahun 2024 kemarin, hanya 1X anakku pakai antibiotik. Saat campak kemarin. Loh? Loh? Loh? Koq campak pakai antibiotik? Campak kan penyebabnya virus. Bisa sembuh sendiri, apalagi vaksin MMR nya lengkap.",https://x.com/kakikukaki15/status/1874774548719280422,0,0,0,107,NaN
9,rskdsitifatimah,2025-01-02T02:36:32.000Z,"Immunization is the process of building the body's immunity against a disease. This process is carried out through the administration of vaccines, either by injection or orally. Below is the immunization service schedule at RSKDIA Siti Fatimah. ____ #imunisasi #BCG #DPT#Polio",https://x.com/rskdsitifatimah/status/1874645924540273103,0,0,0,65,NaN
10,biolahitam,2025-02-27T09:21:55.000Z,"Campak mulai muncul lagi di luar wkwkwk. Banyak yang ga vaksin.",https://x.com/biolahitam/status/1895041662080164172,0,0,0,72,NaN
11,dion_sauruss,2025-02-25T04:25:47.000Z,"Karena belum vaksin campak.",https://x.com/dion_sauruss/status/1894242365042504137,0,0,0,44,NaN
12,finochk,2025-02-25T03:59:42.000Z,"Wkwkwkwk mau vaksin berkali-kali jg umur 32 tetep kena campak",https://x.com/finochk/status/1894235799190655140,0,0,0,29,NaN
13,KemenkesRI,2025-02-24T14:40:02.000Z,"Fakta penting tentang vaksin HPV  Vaksinnya aman & terbukti efektif serta telah digunakan miliaran orang untuk melindungi dari penyakit berbahaya  Efek sampingnya pun ringan & sementara, manfaatnya mencegah komplikasi serius seperti polio, campak, difteri, & kanker leher rahim",https://x.com/KemenkesRI/status/1894034559047532594,0,0,0,801,NaN
14,Urluvvbaby,2025-02-23T17:16:16.000Z,"Walaupun udh vaksin trnyata bisa kena campak lg y pas dewasa?. Menjelang sidang kmarin ternyata ddiagnosis campak trs ruam merah & efek pemulihanny jd bikin muka super kering kek bersisik dan kaku. Tp disaranin dokter pake labore dan kaget!!! Bagus bgt mo nangis langsung sembuh",https://x.com/Urluvvbaby/status/1893711487958466655,0,0,0,242,NaN
15,moresowju,2025-02-23T12:28:45.000Z,"buat apa vaksin campak kalo pas gedhe kamu juga dicampakkan",https://x.com/moresowju/status/1893639132670316937,0,0,0,241,NaN
16,thetaintedsrrw,2025-02-22T09:02:05.000Z,"udah mulai siap2 deh soalnya stok obat dan vaksin di dinas pada kosong2.... vaksin campak sama dpt aja kosong kaya PENING efisiensi tolol ini",https://x.com/thetaintedsrrw/status/1893224731593056527,0,0,0,118,NaN
17,juyimin,2025-02-22T03:18:17.000Z,"Kalau vaksin campak udah?",https://x.com/juyimin/status/1893138213356872058,0,0,0,22,NaN
18,Chivil047,2025-02-21T11:54:09.000Z,"Per detik ini jg vaksin campak di ibukota salah satu provinsi 3T juga habissss (udah ada sebulan kali), masih mau blg ini bukan  #IndonesiaGelap ???",https://x.com/Chivil047/status/1892905649350332427,0,0,0,393,NaN
19,prajnamu,2025-02-15T15:19:08.000Z,"Ngeri banget campak di AS.  Campak sangat menular sehingga potensi satu orang bisa menularkan mencapai 90% pada orang yang dekat tanpa kekebalan. Sbnrnya sgt bs dicegah dgn vaksin, tp belakangan makin marak gerakan anti-vaksin. https://nfid.org/infectious-disease/measles/…",https://x.com/prajnamu/status/1890782907225997521,0,0,0,63,NaN
20,Voljinyy,2025-02-13T03:27:34.000Z,"Lebih miris lagi karena harusnya penyakit measles/campak ini bisa dicegah dengan VAKSIN, tapi cakupan vaksinasi menurun gara-gara para antivax bodoh nan jahat itu",https://x.com/Voljinyy/status/1889879060513431884,0,0,0,107,NaN
21,voaindonesia,2025-02-11T07:00:12.000Z,"Lima belas kasus campak — sebagian besar terjadi pada anak usia sekolah — telah dikonfirmasi di Texas Barat. Kasus-kasus itu terjadi di daerah kecil dengan salah satu tingkat pengecualian vaksin tertinggi di negara bagian tersebut.",https://x.com/voaindonesia/status/1889207793015837101,0,0,0,308,NaN
22,yamanatau_,2025-02-09T12:34:00.000Z,"Padahal pas kecil udah vaksin campak kenapa pas Udah besar masih di campakan",https://x.com/yamanatau_/status/1888567020020453488,0,0,0,176,NaN
23,rskdsitifatimah,2025-02-04T01:36:47.000Z,"Imunisasi adalah proses pembentukan kekebalan tubuh terhadap suatu penyakit. Proses ini dilakukan melalui pemberian vaksin, baik berupa suntikan ataupun minum. Berikut jadwal pelayanan imunisasi di RSKDIA Siti Fatimah. ____ #imunisasi #BCG #DPT#Polio #campak #rskdiasitifatimah",https://x.com/rskdsitifatimah/status/1886589688431173670,0,0,0,68,NaN
24,blue_berets7,2025-03-24T17:35:23.000Z,"Penelitian trsb melaporkan hasil yg dihasilkan dari analisis galur sel MRC 5, khususnya yg terkandung dalam vaksin tetravalen campak-gondong-rubella-cacar air (MMRV) milik GlaxoSmithKline.",https://x.com/blue_berets7/status/1904225547439546497,0,0,0,116,NaN
25,kecsmgutara,2025-03-24T08:13:18.000Z,"Ayo, pastikan anak-anak Anda mendapatkan vaksin campak rubela (MR) sebanyak *3 kali pada Usia 9 bulan, 18 bulan dan Kelas 1 SD/MI sederajat atau usia 7 tahun bagi anak yang tidak sekolah*   **Gejala Campak**: - Demam tinggi - Ruam merah yang mulai muncul di wajah dan tubuh",https://x.com/kecsmgutara/status/1904084094520267176,0,0,0,134,NaN
26,yazzurbae0_0,2025-03-22T09:01:15.000Z,"Vaksin campak bisa mencegah penyakit, tapi sayangnya nggak ada vaksin buat mencegah dicampakkan.",https://x.com/yazzurbae0_0/status/1903371382538531023,0,0,0,30,NaN
27,GieshaW,2025-03-20T23:17:24.000Z,"Bulan depan campak, ipv lagi, terus mau vaksin tambahan. Influenza sih yang harus duluuu",https://x.com/GieshaW/status/1902862067029381453,0,0,0,99,NaN
28,kudirukadi1,2025-03-16T14:30:26.000Z,"Waktu kecilnya mungkin ga dapat vaksin Campak …",https://x.com/kudirukadi1/status/1901279897030635998,0,0,0,12,NaN
29,catchmeupco,2025-03-11T07:07:35.000Z,"Udah dibilangin, vaksin itu penting! Tapi ternyata banyak yang tetap nolak. Sekarang campak merajalela lagi di US.",https://x.com/catchmeupco/status/1899356510393979036,0,0,0,3,NaN
30,ThatSun510,2025-03-10T00:29:40.000Z,"Apapun propagandanya, jadilah masyarakat dunia yg melek kebenaran. Kematian karena campak jauh lebih kecil daripada karena vaksin campak.  Data nyata!!! Case closed, STOP Vaksin!   @StopPlandemit @MiraninonLita",https://x.com/ThatSun510/status/1898893983700684838,0,0,0,2,NaN
31,ddonvl,2025-03-07T01:32:53.000Z,"Duh percuma dong yaa vaksin campak haha",https://x.com/ddonvl/status/1897822730306961628,0,0,0,24,NaN
32,Sisilkrispi_,2025-03-07T00:41:01.000Z,": Kenapa harus vaksin siy, ntar habis vaksin juga masih ada kemungkinan kena penyakitnya? : Waktu kecil juga lo vaksin campak, tapi pas gede di campakkan",https://x.com/Sisilkrispi_/status/1897809677330923654,0,0,0,458,NaN
33,gvuily,2025-03-05T06:11:28.000Z,"cmiiw ya setau aku yg wajib itu vaksin campak kak kalo vaksin cacar air emg beda lagi.. makanya aku vaksin cacar air juga baru pas dewasa",https://x.com/gvuily/status/1897168061289128255,0,0,0,209,NaN
34,beritartm,2025-03-03T03:24:49.000Z,"Kennedy, who was recently sworn in as Health Secretary, has previously often made misleading claims regarding the safety of the measles, mumps, and rubella (MMR) vaccine. https://berita.rtm.gov.my/dunia/senarai-berita-dunia/senarai-artikel/robert-f-kennedy-jr-sokong-penggunaan-vaksin-campak…  'Yang sahih di Berita RTM' #RTM #BeritaRTM #MalaysiaMadani #TaatSetia",https://x.com/beritartm/status/1896401348117299611,0,0,0,186,NaN
35,Fahmibinhassan,2025-03-03T02:51:16.000Z,"US lantik Rober F Kennedy Jr sebagai State Secretary of Health.  Dia antivaksin tegar dan pengikut teori konspirasi. Banyak promosi rawatan yang tiada bukti.   Selepas wabak campak berlaku dan sebabkan kematian, dia akhirnya minta ibu bapa untuk pertimbangkan kepentingan vaksin.",https://x.com/Fahmibinhassan/status/1896392905641853149,0,0,0,297,NaN
36,rskdsitifatimah,2025-03-03T00:29:23.000Z,"Imunisasi adalah proses pembentukan kekebalan tubuh terhadap suatu penyakit. Proses ini dilakukan melalui pemberian vaksin, baik berupa suntikan ataupun minum. Berikut jadwal pelayanan imunisasi di RSKDIA Siti Fatimah. ____ #imunisasi #BCG #DPT#Polio #campak #rskdiasitifatimah",https://x.com/rskdsitifatimah/status/1896357201008333078,0,0,0,55,NaN
37,syahbwz,2025-04-29T19:52:31.000Z,"Masa sekolah dulu takda dapat chicken pox vaccine kan? Dapat vaksin demam campak je kan? Tiber risau sebab tak pernah kena chicken pox so I don't have the immunity against it",https://x.com/syahbwz/status/1917306017941192940,0,0,0,207,NaN
38,xymphoony,2025-04-28T04:59:49.000Z,"Sumpah gue udah vaksin campak guys, ini ketularan dd bayi yang belum campak.",https://x.com/xymphoony/status/1916718976975228959,0,0,0,68,NaN
39,behappyei,2025-04-27T00:23:15.000Z,"Jaman dulu emang campak separah itu. Lu gak liat tahunnya? Waktu itu vaksin belum seluas sekarang. Coba jaman itu orang pada kayak kamu semua memilih jd antivax, campak masih akan jadi penyakit mematikan. https://t.co/mvUcsb0TzL",https://x.com/behappyei/status/1916286986828321032,0,0,0,50,NaN
40,behappyei,2025-04-26T00:02:22.000Z,"Sepupuku juga gini nih, pas anaknya lahir gamau vaksin, dibilangin ngeyel. Dimarahin mamaku, krn mama adlah korban campak parah di usia 3 bln, thn 60an blm masif vaksin, dan membekas diwajahnya sampe sekarang. Di skak sama mamaku, mau anakmu kayak aku?",https://x.com/behappyei/status/1915919346154803258,0,0,0,3,NaN
41,lolitarkd,2025-04-25T01:35:19.000Z,"pernah ketemu balita kena campak sampek pneumonia berat. pas ditanya ortunya apakah vaksin anaknya lengkap. dijawab gk pernah vaksin. gimana gk emosi dok  kasihan banget anaknya punya ortu kyk gitu.",https://x.com/lolitarkd/status/1915580348622086361,0,0,0,237,NaN
42,EtoHendarto,2025-04-24T10:13:42.000Z,"Kita dulu belajar kulitnya saja yg baik2 saja, hanya hal yg baik2 kita ketahui pdhal keampuhan vaksin tdk ada yg mencapai 100% & jg tdk tahu perihal efek2 lainnya. fakta saudara sepupu meninggal krn campak pdhal sdh di vaksin & kakak ipar meninggal krn covid pdhal sdh divaksin jg",https://x.com/EtoHendarto/status/1915348416034746420,0,0,0,81,NaN
43,_heavenpostman,2025-04-24T08:19:11.000Z,"Pernah juga ada campak berat sampe komplikasi pneumoni karena blom vaksin MR. Sedih banget, padahal itu semua bisa dicegah oleh imunisasi",https://x.com/_heavenpostman/status/1915319598188237018,0,0,0,308,NaN
44,nnatawwin,2025-04-24T07:28:21.000Z,"Yakin, aku vaksin lengkap dari kecil(yang dari pemerintah ataupun yang tambahan) booster jg ikut semua dan aku jarang sakit. Waktu kena cacar dan campak pun ngga pernah sampai parah & sampe skrng ga ada bekasnya",https://x.com/nnatawwin/status/1915306805351370876,0,0,0,344,NaN
45,Hari01892872,2025-04-24T02:23:45.000Z,"di negara pembuat vaksin,, kyak amerika ja tidak mewajibkan warga negaranya vaksin campak dan cacar..",https://x.com/Hari01892872/status/1915230150012391546,0,0,0,1,NaN
46,jjkoverrated,2025-04-24T00:34:06.000Z,"Netral sama kehebohan ini, tetep perlu beberapa vaksin yg dibutuhkan spt polio, BCG, campak, hepatitis, rota, tp kalo kyk flu aku sih skip divaksin atau nggak tetep bakalan kena https://x.com/kegblgnunfaedh/kegblgnunfaedh/status/1914945671804985626…",https://x.com/jjkoverrated/status/1915202555484971200,0,0,0,129,NaN
47,Karinbahary2,2025-04-23T23:32:18.000Z,"Gak pernah krna kalo ada vaksin atau suntik campak gua bolos",https://x.com/Karinbahary2/status/1915187004138307767,0,0,0,358,NaN
48,boredsaurus,2025-04-23T22:50:57.000Z,"Kasian sih anak yg dilahirin dari orangtua antivaxer gini. Aku yg lahir taun 95 aja vaksin lengkap. Skrg jaman udah maju, akses informasi udah di mana2, tapi orangtua masih takut anaknya sakit gara2 vaksin. Apa gak lebih kasian kalo anaknya kena campak?",https://x.com/boredsaurus/status/1915176597835178145,0,0,0,612,NaN
49,yoons_cheonsa,2025-04-23T18:52:36.000Z,"Ibu tau gak dampaknya penyakit campak jaman dulu sebelum ada vaksin? Kematian… tp begitu ada vaksin, resiko kematiannya berkurang. Jadi vaksin itu mengurangi resiko berat",https://x.com/yoons_cheonsa/status/1915116612732199396,0,0,0,544,NaN
50,Caocaoever,2025-04-23T17:48:38.000Z,"Sumber gw kemenkes sih bang, bkn AI, masih ngelak lu? Vaksin kan yg di masukkan ke dlm tubuh shg terjadi imunisasi  Perkara vaksin yg dimasukkan lah elu emang ga jelas, covid kan, campak kah, cikumunya. Ya intinya semua vaksin untuk meningkatkan imun.",https://x.com/Caocaoever/status/1915100516826128572,0,0,0,115,NaN
51,khafidsiddiq,2025-04-23T17:41:26.000Z,"Kalo gak vaksin campak ya bisa lebih parah itu",https://x.com/khafidsiddiq/status/1915098702508879875,0,0,0,272,NaN
52,nakedhbee,2025-04-23T13:28:45.000Z,"berilmu dong, kan sekolah belajar yg benar. sekolah mahal kuliah mahal masa ga ada isinya. 'vaksin membantu mencegah penyakit seperti diare dan campak, yang dapat menyebabkan malnutrisi dan stunting'. banyak studinya di google cari aja. pake smartphone kan.",https://x.com/nakedhbee/status/1915035114184249837,0,0,0,240,NaN
53,cinamoyoll,2025-05-27T15:00:08.000Z,"terus ngapain tuh dia pas kecil vaksin campak, hepatitis, dll. kan semua obatnya udah ada di alquran",https://x.com/cinamoyoll/status/1927379299411112081,0,0,0,31,NaN
54,oldchangkew,2025-05-26T08:06:56.000Z,"Kasian aksa jdi demam abis imunisasi 3 vaksin sekaligus dpt, campak sama pcv gws acaaa anak mamah pasti kuatt",https://x.com/oldchangkew/status/1926912927363207664,0,0,0,204,NaN
55,Juragann_muda2,2025-05-26T00:44:30.000Z,"ayolah Doc jangan kek gini, nanti yang gak mau vaksin tambah banyak, campak aja di jawa barat masih tinggi, mau sampe kapan kasih info sesat sampe komunitas di negara ini akhirnya berkutat terus dengan penyakit yang sebenernya sudah ada vaksinnya. dan di negara lain hampir punah.",https://x.com/Juragann_muda2/status/1926801583259419046,0,0,0,9,NaN
56,adnanm_akbar,2025-05-24T10:40:51.000Z,"Vaksin lindungi anak dari penyakit berbahaya seperti polio, campak, dan COVID-19.  AXA Mandiri #axamandiri #AmanTerlindungi AXA_Mandiri @AXA_Mandiri",https://x.com/adnanm_akbar/status/1926226882577543262,0,0,0,38,NaN
57,sxxbinc,2025-05-16T09:05:31.000Z,"Sampe bbnya naiknya cimit2, bahkan turun (lagi), alhamdulillah skg udh mau makan lagi naiknya juga pelan2, gapapa yg penting ga stuck.  Kemarin pas abis vaksin JE juga malah sakit, ketularan temennya campak-,-",https://x.com/sxxbinc/status/1923303791861825728,0,0,0,126,NaN
58,anckermine,2025-05-15T09:14:27.000Z,"Menkes buka suara soal vaksin campak, tapi bisik-bisik publik makin nyaring: jangan-jangan vaksin COVID 2019 mau diulang? Bijaks atau bisnis?  https://vt.tiktok.com/ZSh9rM9mf/  #bijaksnews #vaksin #covid19 #menkes #TheFirstfruit_LIVEinNAGOYA #PondxVersaceFragrancesMY #MARKと初の実の旅",https://x.com/anckermine/status/1922943650226421910,0,0,0,60,NaN
59,lautraneira,2025-05-15T08:48:02.000Z,"Menkes bicara soal campak, tapi yang terasa justru bayang-bayang vaksinasi massal. Bijaks? Atau kembali ke pola lama: takut, paksa, tutup mulut?  https://vt.tiktok.com/ZSh9rM9mf/  #bijaksnews #vaksin #covid19 #menkes #campak #timeskop #telkomsel #ketumpdip  #MyGoldenBloodEP10",https://x.com/lautraneira/status/1922937001398952414,0,0,0,60,NaN
60,Sukab63,2025-05-14T13:31:27.000Z,"Dingin sperti sikapnya. Apa karena gak vaksin campak ya jadinya dicampakkan",https://x.com/Sukab63/status/1922645937421156457,0,0,0,51,NaN
61,BloombergTZ,2025-05-14T00:07:09.000Z,"Menkes: Campak di AS karena tak Percaya Vaksin, Wanti-wanti RI",https://x.com/BloombergTZ/status/1922443531211231647,0,0,0,92,NaN
62,Baguscar,2025-05-13T20:48:19.000Z,"Gak menolak vaksin yang bermanfaat spt vaksin polio campak dst .. but terima vaksin dan utk uji coba ke rakyat ???   Hellooo kami tidak bodoh pak ...  silahkan berikan saja ke 58ners dan buzzerRp vaksin uji coba ini ...",https://x.com/Baguscar/status/1922393491855888808,0,0,0,31,NaN
63,jiw_han,2025-05-13T12:06:01.000Z,"Dlm sejarah manusia beberapa kali terancam kepunahan krn wabah penyakit, contoh flu Spanyol, campak, cacar, covid dll. Dan vaksin adl penyelamatnya. Masa iya sih wabah penyakit dihadapi dg bekam, rukyah, air suci ?? Kita hrsnya menghargai usaha pd Bill Gates.",https://x.com/jiw_han/status/1922262049255555350,0,0,0,108,NaN
64,hanan052020,2025-05-12T07:11:58.000Z,"Vaksin MR : campak-rubella (Measles-Rubella).. tdk ada gondongan divaksinnya",https://x.com/hanan052020/status/1921825662832111636,0,0,0,104,NaN
65,jiw_han,2025-05-11T14:44:34.000Z,"Sudah pasti lbh percaya pd vaksin. Dlm sejarah manusia vaksin berjasa menghentikan kepunahan manusia akibat wabah.  Ingat flu Spanyol, cacar, campak dll. Masa iya wabah akibat virus akan dilawan dg bekam, madu, atau rukyah? Pengobatan nabi gitu?",https://x.com/jiw_han/status/1921577175725060279,0,0,0,42,NaN
66,yourpadawann,2025-05-10T11:14:47.000Z,"Ini harga vaksin campak ama dpt lanjutan manyep juga ye, gapapa lah demi anak wkwkw",https://x.com/yourpadawann/status/1921161995044127199,0,0,0,49,NaN
67,Blue_Shoe_Cant,2025-05-09T12:46:39.000Z,"Kasih vaksin CAMPAK aja.. Lho kok??  Iya CAMPAK kan ke sampah..",https://x.com/Blue_Shoe_Cant/status/1920822724483592557,0,0,0,9,NaN
68,WiniYlita,2025-05-09T12:09:13.000Z,"Vaksin campak aja pada gak mau",https://x.com/WiniYlita/status/1920813302835192136,0,0,0,24,NaN
69,rahmat3prawira,2025-06-23T23:24:10.000Z,"Contoh mengapa misinformasi & gerakan anti-vaksin itu sangat berbahaya bagi kesehatan masyarakat secara luas.  Karena di Texas para orang tua  menolak untuk memberikan vaksin pada anaknya, sekarang muncul kenaikan kasus penyakit campak di daerah tersebut",https://x.com/rahmat3prawira/status/1937290615483695556,0,0,0,230,NaN
70,yodseo,2025-06-23T12:01:45.000Z,"Nne sudah ak vaksin pagi td diantar papi, tadi pagi list vaksin yg aku jalani adalah sbb : Vaksin siput gila dan Vaksin campak (supaya gak di campakin)",https://x.com/yodseo/status/1937118880260030928,0,0,0,34,NaN
71,suaramerdeka,2025-06-18T06:13:27.000Z,"Wabah campak kembali mengguncang Amerika Serikat, jumlah kasus yang dikonfirmasi melonjak menjadi 1.197, tersebar di 35 yurisdiksi berbeda, angka yang jauh melampaui total kasus sepanjang tahun 2024.  https://suaramerdeka.com/gaya-hidup/0415362922/wabah-campak-menggana-di-as-sudah-1197-kasus-mayoritas-penderita-ternyata-belum-pernah-divaksin…  #suaramerdeka #wabah #campak #amerikaserikat #vaksin",https://x.com/suaramerdeka/status/1935219287284973636,0,0,0,114,NaN
72,chevalierrrrr,2025-06-09T02:47:02.000Z,"yaudah gw vaksin campak lagi",https://x.com/chevalierrrrr/status/1931905850056257938,0,0,0,54,NaN
73,Fanderwoodsen,2025-06-07T12:33:22.000Z,"Padahal dulu udh dikasih vaksin campak, pas udah gede eh malah dicampakkin",https://x.com/Fanderwoodsen/status/1931328632401928400,0,0,0,141,NaN
74,higuchikeitaro,2025-06-07T04:57:59.000Z,"Percuma waktu kecil vaksin campak kalo ujung""nya pas gede tetep dicampakkan",https://x.com/higuchikeitaro/status/1931214030691328390,0,0,0,28,NaN
75,arridhofa,2025-06-07T03:56:07.000Z,"Anak campak, sodara campak, si anu campak, si wawi campak, si fufu campak. Semua ini pasti gara2 konspirasi vaksin ₿ i £ £  G a t € $ !!!",https://x.com/arridhofa/status/1931198460243706236,0,0,0,321,NaN
76,SiPeNutur,2025-06-07T02:05:19.000Z,"Kami sekeluarga besar sejak covid dll sampe kapanpun g akan mau vaksin Dlu generasi sy waktu bayi dpt vaksin bcg,campak,polio itu krn ortu kami blum sadar/tau bahayany..mulai generasi anak"" sampe cucu & kelak cicit &sterusny g akan ad vaksin apapun yg masuk pd tubuh kami..sehat",https://x.com/SiPeNutur/status/1931170576116388160,0,0,0,207,NaN
77,salsbljoan,2025-06-05T00:37:46.000Z,"Bar wi prei sek vaksin e, sampe 9 sasi lg campak wkwk",https://x.com/salsbljoan/status/1930423767945359611,0,0,0,37,NaN
78,jenowjem,2025-06-04T08:59:24.000Z,"aku pernah dpt px kakak sama 2 adeknya kena campak barengan dan yap emng mereka semua ga ada yg d vaksin karena ortunya anti vax",https://x.com/jenowjem/status/1930187621311058121,0,0,0,51,NaN
79,suaramerdeka,2025-06-04T06:21:02.000Z,"Amid a surge in measles cases across various parts of the world, including Europe and the United States, U.S. health authorities are now changing the direction of their policy.  https://suaramerdeka.com/internasional/0415285671/lonjakan-campak-di-as-dan-eropa-para-pelancong-diminta-vaksin-sebelum-bepergian-ke-berbagai-destinasi-luar-negeri…  #suaramerdeka #suaramerdekacom #suaramerdekanetwork #campak #vaksincampak",https://x.com/suaramerdeka/status/1930147765566185816,0,0,0,82,NaN
80,meng_oren_,2025-06-04T03:00:46.000Z,"Mempersiapkan diri buat drama vaksin DPT taunya demamnya cuma “gitu” aja  Pas vaksin campak ga persiapan apa apa taunya DEMAM AMPE 39  Shock",https://x.com/meng_oren_/status/1930097367040307573,0,0,0,90,NaN
81,meng_oren_,2025-06-04T03:00:03.000Z,"Aku salah dosis parasetamol pas awal jadinya lama demamnya. Pas udh pas tetep turunnya 2 hari kemudian sih  gelo vaksin campak bikin trauma anjir",https://x.com/meng_oren_/status/1930097188371345679,0,0,0,29,NaN
82,m0on_liight,2025-07-26T04:18:31.000Z,"Semoga cepet sembuh, kakak dulu belum vaksin campak?",https://x.com/m0on_liight/status/1948961102064148889,0,0,0,52,NaN
83,HB03INTAK,2025-07-25T06:54:18.000Z,"Penolakan vaksin bisa membuka kembali pintu bagi penyakit berbahaya yang dulu sudah hampir hilang. Campak dan polio bisa kembali merebak jika imunisasi diabaikan. Jangan biarkan sejarah kelam muncul lagi karena kelalaian atau informasi keliru.",https://x.com/HB03INTAK/status/1948637917511123245,0,0,0,54,NaN
84,HB03INTAK,2025-07-25T06:54:12.000Z,"Imunisasi bukan sekadar jarum dan tangisan sesaat. Ia adalah tameng pelindung jangka panjang dari penyakit berbahaya seperti polio, campak, dan hepatitis. Setiap vaksin yang diberikan adalah investasi kasih sayang dan perlindungan hidup untuk si kecil.",https://x.com/HB03INTAK/status/1948637894736048639,0,0,0,72,NaN
85,owvtyd,2025-07-24T15:07:43.000Z,"Kalau kata temen ku dia dpt karma nder  soalnya pas vaksin campak pada bayi, dia bikin nangisss mangkanya dicampakkan",https://x.com/owvtyd/status/1948399703353069749,0,0,0,121,NaN
86,l0stgrll,2025-07-24T14:58:43.000Z,"Iyalg, vaksin campak bisa kedaluwarsa keknya jd exp",https://x.com/l0stgrll/status/1948397437607104542,0,0,0,99,NaN
87,sapphicsfess,2025-07-24T14:35:13.000Z,"-sf guys ingat gak pas kitaa masih bayi selalu di vaksin campak usia 9 bulan. Tapi kok pas kita sudah dewasa sering nya di Campakan yah?",https://x.com/sapphicsfess/status/1948391525324403007,0,0,0,5,NaN
88,dandeaniee,2025-07-22T14:07:22.000Z,"udah. Kalo kamu udah vaksin campak? Soalnya terlihat dicampakan sama seorang dancer",https://x.com/dandeaniee/status/1947659739778978231,0,0,0,53,NaN
89,aureell_htg,2025-07-16T05:44:04.000Z,"Semoga ga rewel ya nak habis vaksin campak",https://x.com/aureell_htg/status/1945358752921870519,0,0,0,78,NaN
90,bebeimut,2025-07-13T02:47:08.000Z,"kk udah vaksin campak belum? biar ga DICAMPAKKAN",https://x.com/bebeimut/status/1944227062816158204,0,0,0,31,NaN
91,MyPaijoKun,2025-07-10T11:24:22.000Z,"Vaksin campak bang makanya dicampakin mulu.",https://x.com/MyPaijoKun/status/1943270065912320420,0,0,0,69,NaN
92,AmirulA1253,2025-08-29T14:24:10.000Z,"Provaksin gay bontot longgar : Kadar kesembuhan campak tanpa vaksin 99.99% - orang moden tak panggil campak tetapi measles dan dianggap pandemik wabak.  Doktor mula mengarang cerpen dan bermodalkan gambar sebuah ambulans. Kisah menyayat hati.",https://x.com/AmirulA1253/status/1961434705360027978,0,0,0,55,NaN
93,AmirulA1253,2025-08-29T14:23:12.000Z,"Provaksin gay suka kena sodom oleh zionist : Contoh, selsema adalah jangkitan bukan penyakit.   Jangkitan Campak natural ke atas anak-anak, ianya datang 10 hari kemudian pergi meninggalkan tubuh dengan imuniti semulajadi, ia lebih kuat berbanding vaksin.",https://x.com/AmirulA1253/status/1961434463512170521,0,0,0,40,NaN
94,yayagitulahh,2025-08-29T12:22:39.000Z,"seng ga gelem vaksin campak iku wong2 seng mendem agama",https://x.com/yayagitulahh/status/1961404125851390173,0,0,0,28,NaN
95,radarbangsa_com,2025-08-29T10:36:51.000Z,"Pemerintah Kabupaten (Pemkab) Jember menegaskan kesiapan menghadapi potensi lonjakan kasus campak yang tengah merebak di sejumlah daerah.",https://x.com/radarbangsa_com/status/1961377502707761590,0,0,0,64,NaN
96,mardianana,2025-08-29T05:46:04.000Z,"Efisiensi Gaji mereka naik Keracunan MBG KLB Campak Pro Kontra Vaksin  Omaygatttt",https://x.com/mardianana/status/1961304320990974214,0,0,0,188,NaN
97,zonadamaii,2025-08-29T04:27:02.000Z,"Asi bisa gantikan fungsi imunisasi campak dan polio  #vaksin #polio #campak #kesehatan #komdigi",https://x.com/zonadamaii/status/1961284434369413573,0,0,0,2,NaN
98,halo_anisa,2025-08-29T03:44:26.000Z,"Duh punya bayi yg belum waktunya vaksin campak jadi khawatir aku",https://x.com/halo_anisa/status/1961273711207837992,0,0,0,90,NaN
99,nusabalicom,2025-08-29T03:22:26.000Z,"Dinas Kesehatan Klungkung menggencarkan upaya pencegahan penyebaran Campak lewat imunisasi. Stok vaksin Campak di Kabupaten Klungkung masih mencukupi, dengan ketersediaan 283 vial atau untuk 2.830 anak di Instalasi Farmasi Kabupaten (IFK) Banjarangkan.",https://x.com/nusabalicom/status/1961268177100575007,0,0,0,38,NaN
100,kumparanMOM,2025-08-28T09:15:32.000Z,"Siapa yang pernah mendapat informasi bahwa vaksin campak menyebabkan kecacatan? Kabar itu hoaks ya, Moms!  #momsupdate #update #mom #quote #vaksin #campak #vaksincampak #IDAI #vaksinMMR #kumparanmom",https://x.com/kumparanMOM/status/1960994650115760418,0,0,0,145,NaN
101,kikiadnankarim,2025-08-28T07:23:28.000Z,"Itu di Sumenep ada anak2 Muslim yg mati belasan orang karena campak dan mereka belum vaksin. Sempurna gimana yg lu maksud? Lengkap tangan dan kaki?",https://x.com/kikiadnankarim/status/1960966447896911918,0,0,0,165,NaN
102,kumparanMOM,2025-08-28T07:02:36.000Z,"Isu bahwa vaksin campak bisa menyebabkan kecacatan kembali menyebar di masyarakat, tapi, benarkah demikian? #momsupdate #moms #update #text",https://x.com/kumparanMOM/status/1960961197140009249,0,0,0,918,NaN
103,YMM_180623,2025-08-28T06:04:25.000Z,"D sini lg byk kasus campak Makanya buat siapapun dr negara manapun yg masuk SG diharuskan ada surat keterangan sdh prnh ambil vaksin rubella",https://x.com/YMM_180623/status/1960946554828722233,0,0,0,67,NaN
104,kompascom,2025-08-28T03:42:45.000Z,"Ketua MUI Bangkalan, KH  Makki Nasir mengatakan, pihaknya telah mengeluarkan fatwa halal untuk  vaksin itu dengan berbagai argumentasi yang sesuai dengan syariat Islam. | #Vaksinasi #Campak",https://x.com/kompascom/status/1960910902863257937,0,0,0,1,NaN
105,Pahleffi,2025-08-28T03:42:23.000Z,"Efek vaksin apaan? KIPI maksud lu? Kan udh ada panduannya kocak. Kalo anak lu ga vaksin terus kena campak koid juga mau tanggung jawab gimana emang lu?",https://x.com/Pahleffi/status/1960910810559209835,0,0,0,47,NaN
106,rahmat3prawira,2025-08-28T02:36:25.000Z,"Kalau melihat kejadian KLB campak di Indonesia sekarang ini, polanya sama seperti yg terjadi di Texas Amerika Serikat beberapa waktu yg lalu.  Mayoritas korbannya dari anak-anak yg tidak divaksin karena orang tuanya menolak untuk memberikan vaksin pada anaknya",https://x.com/rahmat3prawira/status/1960894206962188716,0,0,0,247,NaN
107,Leetaeyofng,2025-09-27T08:49:55.000Z,"Gejala demam tinggi yang dialami, batuk pilek sebelumnya, sakit tenggorokan, serta bintik merah menyebar yang muncul pada pasien tanpa riwayat vaksin MMR sangat mengarah pada campak (measles). Infeksi ini ditandai fase prodromal diikuti ruam khas yang biasanya dimulai dari leher.",https://x.com/Leetaeyofng/status/1971859836821496171,0,0,0,251,NaN
108,sunoowim,2025-09-27T08:48:12.000Z,"Gejala yang dialami Rangga; demam tinggi, sakit tenggorokan, ruam kemerahan yang menyebar dari leher ke dada, serta riwayat infeksi saluran pernapasan atas seminggu sebelumnya sangat mengarah pada penyakit Campak (Morbili/Measles), apalagi Rangga belum pernah menerima vaksin MMR.",https://x.com/sunoowim/status/1971859408214020178,0,0,0,208,NaN
109,myungzjae,2025-09-27T08:48:07.000Z,"Berdasarkan analisis, Rangga, 17 tahun, datang dengan demam tinggi, sakit tenggorokan, dan ruam merah yang bermula di leher lalu menyebar ke dada. Riwayat batuk pilek sebelumnya dan belum pernah vaksin MMR mendukung dugaan campak, yaitu penyakit infeksi virus yang sangat menular.",https://x.com/myungzjae/status/1971859385774493770,0,0,0,239,NaN
110,rozthka_,2025-09-26T15:21:50.000Z,"dapet pasien anak umur 4 tahun gejala demam, ga lama dia kejang waktu digendong ibunya. waktu ditanya apa dulu ngga vaksin campak? dan bener, orang tuanya ga mau anaknya di vaksin campak.  tolong para orang tua jangan sepelekan vaksin.. apalagi vaksin campak itu penting bgt",https://x.com/rozthka_/status/1971596079230767435,0,0,0,106,NaN
111,maasind,2025-09-25T05:07:14.000Z,"1 pasien difteri terdeteksi dikatakan KLB, kemarin di sumenep KLB campak langsung vaksin susulan buat pencegahan, ini KLB keracunan gak ada antisipasi malah tambah gas. Insane!",https://x.com/maasind/status/1971079024152817751,0,0,0,501,NaN
112,nrkhamilah,2025-09-24T02:50:40.000Z,"Kkm ada buat vaksin free untuk campak tu, ramai gila rupanya antivaksin bitter. Cakap nurse paksa. Actually dorang ada kpi dorang. Kalau ramai tak ambil kira program tu tak berjaya lah. Nurse tu sendiri cerita. Kalau tak nak cakap je tak nak.",https://x.com/nrkhamilah/status/1970682268218990751,0,0,0,85,NaN
113,noopiieeeeee,2025-09-23T12:52:45.000Z,"vaksin aja deh campak dicampakkan",https://x.com/noopiieeeeee/status/1970471396427104759,0,0,0,17,NaN
114,CochraneIna,2025-09-22T12:45:59.000Z,"“Tahukah kamu? Satu suntikan bisa cegah 4 penyakit berbahaya sekaligus!”   Vaksin MMR & MMRV terbukti:  Ampuh cegah campak, gondongan, rubella & cacar air  Aman, nggak ada kaitan dengan autisme  Efek samping ringan & sementara",https://x.com/CochraneIna/status/1970107307389595946,0,0,0,656,NaN
115,minyuwnki,2025-09-18T14:28:23.000Z,"HAHAHAHHAAH vaksin campak kakkk biar ga dicampakkan",https://x.com/minyuwnki/status/1968683526640803976,0,0,0,102,NaN
116,PolsekPalengaan,2025-09-18T02:57:44.000Z,"Bhabinkamtibams Ds Kacok Polsek Palengaan Polres Pamekasan  mendapingi bidan desa pemberian vaksin Campak ke pada anak 7 bulan s. d 7 Tahun",https://x.com/PolsekPalengaan/status/1968509716784668753,0,0,0,41,NaN
117,PolsekPalengaan,2025-09-17T03:20:06.000Z,"Bhabinkamtibamas desa Kacok Polsek Palengaan Polres Pamekasan, Giat pendampingan Vaksin Campak",https://x.com/PolsekPalengaan/status/1968152960007110756,0,0,0,29,NaN
118,djrizzhaikal,2025-10-30T23:05:14.000Z,"Penularan wabak campak di Israel semakin tidak terkawal apabila lapan bayi dilaporkan meninggal dunia, kebanyakannya akibat tidak menerima vaksin.  Berita penuh:  https://tvpertiwi.com/2025/10/30/israel-bergelut-tangani-wabak-campak-lapan-bayi-maut-setakat-ini/…",https://x.com/djrizzhaikal/status/1984033887476183128,0,0,0,30,NaN
119,sa_kosh28,2025-10-30T12:30:32.000Z,"Gak heran, wong vaksin campak aja ditolak sampai² banyak anak² kena campak",https://x.com/sa_kosh28/status/1983874159982866689,0,0,0,27,NaN
120,TvPertiwi,2025-10-30T03:41:54.000Z,"Penularan wabak campak di Israel semakin tidak terkawal apabila lapan bayi dilaporkan meninggal dunia, kebanyakannya akibat tidak menerima vaksin.  Berita penuh: https://tvpertiwi.com/2025/10/30/israel-bergelut-tangani-wabak-campak-lapan-bayi-maut-setakat-ini/…   Sokong perjuangan TV Pertiwi dan langgan: https://tvpertiwi.com/eksklusif/",https://x.com/TvPertiwi/status/1983741124973154435,0,0,0,30,NaN
121,Jinwonkwan_26,2025-10-29T00:31:47.000Z,"Bulan terbanyak setelah agustus-sepetember Ini kalo gak di cegah pasti bakalan naik lagi angkanya. Ayo skrg pake masker lagi, bukan covid tapi si virus campak ini udah kena ke dewasa juga, yg anak2 harus banget di vaksin ya! Influ tipe a juga udah ada kasus pertama. Pusing",https://x.com/Jinwonkwan_26/status/1983330892484637129,0,0,0,147,NaN
122,kumparanMOM,2025-11-29T02:58:50.000Z,"Kasus campak turun, tapi infeksinya naik karena cakupan vaksin dua dosis belum mencapai ambang 95%. Tahun 2024, baru 84% anak mendapat dosis pertama dan 76% dosis kedua. Lengkapi imunisasi anak agar terlindungi dari campak dan komplikasinya. #momsupdate #update #mom #oneliner",https://x.com/kumparanMOM/status/1994601921873940727,0,0,0,240,NaN
123,ini_friscaya,2025-11-28T12:49:49.000Z,"Anak selesai vaksin DPT 3 dan udah vaksin IPV rasanya legaaaaa. Tinggal nunggu 4bln lg buat vaksin campak.",https://x.com/ini_friscaya/status/1994388257749266839,0,0,0,31,NaN
124,HalodocID,2025-11-28T03:25:57.000Z,"Kalau si Kecil menunjukkan gejala mirip campak, segera konsultasi dengan dokter di Halodoc. Untuk pencegahan, kamu juga bisa jadwalkan vaksin MR/MMR lewat Halodoc Homecare biar lebih aman dan nyaman di rumah, ya!",https://x.com/HalodocID/status/1994246356102467941,0,0,0,337,NaN
125,HalodocID,2025-11-28T03:25:54.000Z,"Virus campak ini bisa bertahan hingga 2 jam di udara sehingga campak termasuk salah satu penyakit paling menular. Pencegahan terbaik tetap dengan vaksin MR/MMR yang dapat membantu membentuk herd immunity dan melindungi anak dari risiko komplikasi serius.",https://x.com/HalodocID/status/1994246345427955963,0,0,0,327,NaN
126,VladisVya,2025-11-29T23:25:46.000Z,"17 korban jiwa akibat campak. Oke. Kapan? Lokasinya? Apakah di kota atau di desa? Tingkat pendidikan ortunya? Kasus difteri, apakah pasien yg tdk di vaksin adl SATU-SATUNYA penyebab penyebaran penyakit? Di jaman skg di mana bayi yg tdk divaksin BUKAN penyebab utama penyebaran—",https://x.com/VladisVya/status/1994910689920782712,0,0,0,44,NaN
127,kautunggujap,2025-11-27T00:58:29.000Z,"RM70juta MySejahtera is a ghost town now. Baik redevelop je, campak semua dalam MyDigital ID. Satu app settle semua: vaksin, roadtax, saman, KWSP, beli minyak masak, apa-apa lah. Stop suruh download 20 app berbeza. MyDigital ID nama dah cantik, universal, guna tu jelah.",https://x.com/kautunggujap/status/1993846857760690194,0,0,0,204,NaN
128,Kimigeonwoo,2025-11-26T03:22:46.000Z,"Lu cek aja sendiri dah nih, gua udah sunat belum? Udah sunat dan udah vaksin campak pas imunisasi, yak.",https://x.com/Kimigeonwoo/status/1993520779728978106,0,0,0,122,NaN
129,sziszistz,2025-11-25T16:09:10.000Z,"Di threads banyak dsa yg blg pasien campak yg berobat ke polinya lg meningkat. Jd galau bawa anak w buat cek tumbang, takut di klinik lg ada yg kena. YaAllah sehat2 ya nak soalnya msh blm bisa vaksin campak",https://x.com/sziszistz/status/1993351262142972192,0,0,0,57,NaN
130,ultraviolrncr,2025-11-25T06:39:10.000Z,"serem ish kasus campak banyak lg grgr banyak antivax. bahkan bayi usia 5-6 bulanan jg byk yg kena campak krn usianya emg blm bs dapat vaksin ckck",https://x.com/ultraviolrncr/status/1993207818493837597,0,0,0,48,NaN
131,arvkevin,2025-11-25T06:28:30.000Z,"Mana kemarin yang bilang vaksin gak ada gunanya. Mau tanggung jawab ini anak2 masuk campak dengan pneumonia dan diare hebatkah?",https://x.com/arvkevin/status/1993205132067271038,0,0,0,599,NaN
132,ardi_tama1,2025-11-25T05:56:21.000Z,"Dulu kita vaksin campak itu 6 bulan, cuma sekarang ikut international 9 bulan",https://x.com/ardi_tama1/status/1993197044488716402,0,0,0,64,NaN
133,sanjeox,2025-11-23T17:45:23.000Z,"Vaksin yang akan diberikan kepada anak-anak sebagai program vaksin campak gratis telah melewati uji keamanan dan halal yang ketat oleh kedua lembaga tersebut. Sehingga seharusnya sudah tidak perlu ragu lagi untuk melakukan vaksinasi. Tapi sayangnya masyarakat-",https://x.com/sanjeox/status/1992650699600208306,0,0,0,24,NaN
134,sanjeox,2025-11-23T17:45:09.000Z,"Tersebarnya hoaks di Sumenep Jawa Timur menyebabkan mewabahnya penyakit campak di daerah tersebut. Berita bahkan vaksin campak mengandung bahan haram sudah lama diklarifikasi oleh MUI dan BPOM bahwa berita tersebut tidak benar-",https://x.com/sanjeox/status/1992650641936962025,0,0,0,20,NaN
135,reinerrism,2025-11-22T04:54:46.000Z,"imunisasi dongg. alhamdulillah udah sampe DPT 3. ini lagi break bentar, nnti 9 bulan vaksin campak sama polio",https://x.com/reinerrism/status/1992094382804353163,0,0,0,41,NaN
136,eccedentesiax,2025-11-22T03:51:36.000Z,"Kaa izin qoute  Akhir-akhir ini kayanya banyak yg kena campak esp di RS tempatku kerja dan tau apa pas ibunya ditanya? ""Ga vaksin campak, takut sakit abis vaksin"" terus skrg pas outbreak gini, jauh lebih parah gejalanya  Kasian liat anaknya",https://x.com/eccedentesiax/status/1992078484248952972,0,0,0,168,NaN
137,koming94,2025-11-22T03:28:59.000Z,"2 kali dapet bayi gizi buruk, kedua orang tuanya antivaks, anaknya ga divaksin sm sekali dr lahir. Saya sebagai ibu nangis liatnya. Tidakkah KLB campak di Sumenep tahun ini yg menyebabkan 17 anak meninggal cukup menyadarkan kakak pentingnya vaksin? (bicara dgn nada sehalus mngkn)",https://x.com/koming94/status/1992072792859394275,0,0,0,394,NaN
138,Matchachatime_,2025-11-21T19:14:12.000Z,"Gue yg vaksin campak aja masih kena campak 2x pas kecil anjay",https://x.com/Matchachatime_/status/1991948275080139026,0,0,0,40,NaN
139,sidbyz,2025-12-30T15:25:42.000Z,"macan kumbang min  kalo tutul belom vaksin campak",https://x.com/sidbyz/status/2006023898769273009,0,0,0,136,NaN
140,501Awani,2025-12-26T21:15:50.000Z,"Kelewatan penghantaran vaksin dan penangguhan berulang kempen vaksinasi reaktif menyebabkan kanak-kanak tiada perlindungan ketika wabak itu terus merebak. #AWANInews #AWANIpagi",https://x.com/501Awani/status/2004662460809445607,0,0,0,1,NaN
141,BPJSKesehatanRI,2025-12-26T07:53:39.000Z,"Salam. Mohon maaf, BPJS Kesehatan memberikan atau menanggung imunisasi dasar kepada bayi atau balita. Imunisasi dasar yang ditanggung: - Vaksin BCG - Hepatitis B - DPT - Polio dan Campak. Pelayanan dilakukan di FKTP terdaftar di kartu peserta. Terima kasih. :) -alin",https://x.com/BPJSKesehatanRI/status/2004460586592350652,0,0,0,194,NaN
142,Mpell__,2025-12-20T14:34:22.000Z,"Kontrol dan vaksin campak adek",https://x.com/Mpell__/status/2002387103426970022,0,0,0,28,NaN
143,Larissta071993,2025-12-11T09:35:34.000Z,"Voucher Promo Halodoc DESEMBER  Konsul Dokter Spkk,Psikolog,Gizi,dll: HLDXKONSULVZ5A  Tebus/beli obat,vitamin: HLDXOBATDFM  Haloskin:  HALOSKINAFFFY9D3  Homecare : vaksin,suntik vit,cek lab: HLDXHOMECARE5CBG #zonauang #zonajajan️️ #Twitter #trend #dbd #campak #batuk",https://x.com/Larissta071993/status/1999050415602913580,0,0,0,273,NaN
144,BPJSKesehatanRI,2025-12-08T11:03:57.000Z,"Salam. Dijamin ya Sahabat. Perihal imunisasi yang ditanggung BPJS Kesehatan adalah Vaksin BCG, Hepatitis B, DPT, dan Polio dan Campak dan pelayanan dapat dilakukan di Faskes Tingkat I terdaftar. Silakan dapat melakukan konfirmasi ke Faskes terdaftar, ya. Terima kasih. :) -lia",https://x.com/BPJSKesehatanRI/status/1997985495406817471,0,0,0,148,NaN
145,Larissta071993,2025-12-05T23:25:13.000Z,"Voucher Promo Halodoc DESEMBER  Konsul Dokter Spkk,Psikolog,Gizi,dll: HLDXKONSULVZ5A  Tebus/beli obat,vitamin: HLDXOBATDFM  Haloskin:  HALOSKINAFFFY9D3  Homecare : vaksin,suntik vit,cek lab: HLDXHOMECARE5CBG #zonauang #zonajajan️️ #TrendingNow #diabetes #dbd #campak",https://x.com/Larissta071993/status/1997084876626079887,0,0,0,213,NaN
146,bedugtengahawan,2025-02-20T02:37:10.000Z,"Kampanye Vaksinasi Sekolah Baru-Baru Ini di Benggala Barat (India) Tidak Berakhir dengan Baik - Saksikan Seorang Ibu Menangis Saat Mereka Memasukkan Putranya yang Sudah Meninggal ke Dalam Mobil Van Setelah Menerima Vaksin MR (Gondongan, Rubella) di Sekolah. https://x.com/toobaffled/sta/toobaffled/status/1617288972778242048…",https://x.com/bedugtengahawan/status/1892403088478405084,0,0,0,75,NaN
147,roze_pasta,2025-03-23T11:07:27.000Z,"Aku tak kena BCG. Abg ngan adik je kena. Masa time aku kena cucuk rubella vaksin je",https://x.com/roze_pasta/status/1903765532345594321,0,0,0,3,NaN
148,cetirizink,2025-03-05T17:23:32.000Z,"6 vaksin yang dianjurkan bahkan penting dilakukan sebelum menikah  1. DPT (difteri, pertusis, tetanus) 2. MMR (measles, mumps, rubella) 3. HVP (human papillomavirus) 4. Varicella (cacar air) 5. Influenza (flu) 6. Hepatitis B  banyak banget calon pengantin yang belum tau kan?",https://x.com/cetirizink/status/1897337195784270164,0,0,0,4,NaN
149,voaindonesia,2025-03-01T10:00:40.000Z,"Penyakit ini umumnya menyerang anak-anak, dan metode pencegahan terampuhnya adalah vaksin MMR (measles, mumps, and rubella).   http://voaindonesia.com",https://x.com/voaindonesia/status/1895776189836619883,0,0,0,264,NaN
150,hanan052020,2025-04-25T12:46:01.000Z,"Vaksin MR ini bearti measles dan rubella... Jika betul mengandung babi, apakah bisa menjadi halal? Dalilnya apa? Darurat? Kira2 infeksi MR ini kategorinya darurat?",https://x.com/hanan052020/status/1915749135078285772,0,0,0,400,NaN
151,typowritr,2025-04-12T05:40:14.000Z,"lanjut arrange jadwal untuk  vaksin mmr ( rubella) vaksin varisela  karena kehamilan dimulai dari h-3 wkwk, pesiapan menyeluruh pria dan wanita.",https://x.com/typowritr/status/1910930940194664924,0,0,0,44,NaN
152,FGHutabarat11,2025-05-19T18:53:03.000Z,"Ya sama aja vaksin rubella juga begitu",https://x.com/FGHutabarat11/status/1924538812279226462,0,0,0,63,NaN
153,attentizon,2025-05-18T12:21:38.000Z,"""Vaxxed: From Cover-Up to Catastrophe"" adalah film dokumenter yang dibuat oleh Andrew Wakefield pada tahun 2016. Film ini membahas tentang kontroversi vaksin dan mengklaim bahwa vaksin MMR (Measles, Mumps, dan Rubella) dapat menyebabkan autisme.",https://x.com/attentizon/status/1924077920513044618,0,0,0,86,NaN
154,tjhoea315,2025-05-09T00:28:24.000Z,"Aku n anakku vaksin lengkap si. Bahkan aku vaksin hpv. Ngga menentang juga.  Cuma jujur ya kesel juga tetep kena. Apalagi sampe bikin bb anakku stuck. Aku kena rubella, cacar campak sampe 2x pas aku kecil.  Jadi maaf, kalau aku mungkin lebih ke fomo, n males disalahin aja ""oh",https://x.com/tjhoea315/status/1920636938744479969,0,0,0,405,NaN
155,tjhoea315,2025-05-08T14:39:20.000Z,"Di sini udah vaksin aja tetep kena TBC, cacar  campak rubella.",https://x.com/tjhoea315/status/1920488697079730418,0,0,0,3,NaN
156,drlrst,2025-07-09T05:25:58.000Z,"Gaes ada yang pernah vaksin rubella dan cacar? Tersedia di mana ya? Dan itu tuh kalau kita lupa/gak tau udah pernah dapat atau belum, gpp kah ya jadi double2?",https://x.com/drlrst/status/1942817485381853448,0,0,0,1,NaN
157,MiraninonLita,2025-07-01T21:20:39.000Z,"27 AUG 2024 BIO FARMA.. INOVASI KESEHATAN GLOBAL.. 10 vaksin utama yg sedang mereka kembangkan KONJUGASI TYPHOID BARU (TCV), ROTAVIRUS, HEPATITIS B !!! , nOPV tipe 1 dan 3, MR (measles rubella), VAKSIN NEW TB, vaksin hexavalent, serta VAKSIN PLATFORM mRNA  https://jabar.tribunnews.com/2024/08/27/bio-farma-pendorong-inovasi-kesehatan-global-dengan-kolaborasi-dan-teknologi-terdepan…",https://x.com/MiraninonLita/status/1940158636132610100,0,0,0,337,NaN
158,azmanrocks,2025-08-29T01:21:18.000Z,"Untuk warga KL dan kawasan sekitar yang punya anak umur 5 tahun dan ke bawah. Boleh bawa anak untuk dos tambahan vaksin Measles-Rubella.  Percuma untuk semua, warganegara atau bukan warganegara.",https://x.com/azmanrocks/status/1961237690629927018,0,0,0,2,NaN
159,MazeUpdate,2025-08-27T10:51:00.000Z,"IDAI Emphasizes: MR Vaccine (Measles Rubella) Does Not Cause Autism  The hoax issue regarding the measles-rubella (MR) vaccine is circulating again on social media.  Read More: https://globalhealthwire.com/idai-tegaskan-vaksin-mr-campak-rubella-tidak-menyebabkan-autisme/… #vaccines #autisme #kids #HealthLink   WANMAEWNAM LOVE FOREVER",https://x.com/MazeUpdate/status/1960656286242234698,0,0,0,85,NaN
160,purityringgu,2025-08-26T12:21:45.000Z,"iya orang jelas kok itu vaksin covid ada screening kesehatannya dulu, yang pada mau vaksin juga kalo kondisi mau vaksin kemaren harus udah negatif covid dan sehat. tetanus, rubella, semua vaksin cuma boleh dikasih kalo ga ada kondisi penyakit bawaan dan tubuh fit kok.",https://x.com/purityringgu/status/1960316736768778635,0,0,0,140,NaN
161,LtdAkbar,2025-08-25T11:24:49.000Z,"Tentu kita berasumsi, knp tdk dibuat vaksin campak monovalen saja? Kl Rubella yg berbahaya menyerang ibu hamil?  Kasus campak ini meningkat di Amerika dan yg dituduh antivax. Tp tdk diketahui spesifik campak atau rubella (@hanan052020 )  Semua diindikasikan campak.  Indonesia?",https://x.com/LtdAkbar/status/1959940020980334592,0,0,0,149,NaN
162,LtdAkbar,2025-08-25T11:24:48.000Z,"Campak dan Rubella itu 2 jenis yang berbeda. Rubella scr umum tdk mematikan dibanding campak. Dulu vaksin campak yg digunakan monovalen khusus campak, skrg gabungan campak dan rubella MR.  Campak dpt dikembangkan dg embrio ayam, rubella dikembangkan dr sel MRC5 atau dr janin",https://x.com/LtdAkbar/status/1959940015691100342,0,0,0,343,NaN
163,joharighani,2025-09-28T12:34:14.000Z,"Antara program yang dijalankan termasuklah bengkel asas pertolongan cemas, saringan kesihatan wanita, pemberian suntikan vaksin MR (Measles, Rubella) bagi kanak-kanak berusia lima tahun ke bawah, ujian kesihatan, rawatan pergigian serta perkongsian pelbagai ilmu kesihatan kepada",https://x.com/joharighani/status/1972278678353838474,0,0,0,199,NaN
164,klangupk,2025-09-18T06:26:14.000Z,"Dapatkan perlindungan tambahan Measles dan Rubella untuk anak-anak anda hari ini. Vaksin percuma ini ditawarkan sehingga 12 Oktober 2025.  #SihatMilikSelangor",https://x.com/klangupk/status/1968562189649768737,0,0,0,53,NaN
165,MyHEALTHKKM,2025-09-14T02:00:01.000Z,"Vaksin Measles dan Rubella merupakan vaksin gabungan dua dalam satu.  Dengan hanya satu suntikan vaksin MR, anak-anak kita mendapat perlindungan berganda daripada dua penyakit berbahaya ini.  #mrsia #MalaysiaSihat #SihatItuSaya",https://x.com/MyHEALTHKKM/status/1967045639834894694,0,0,0,541,NaN
166,neburry,2025-10-24T01:16:33.000Z,"Adaa contoh paling gampang vaksin rubella sama je",https://x.com/neburry/status/1981530215856951687,0,0,0,26,NaN
167,AugustHardiyan,2025-10-21T06:20:15.000Z,"Vaksin itu tindakan preventif jadi walaupun udh di vaksin pun masih bisa tertular, sama seperti vaksin campak/rubella.",https://x.com/AugustHardiyan/status/1980519481719017905,0,0,0,1,NaN
168,bedugtengahawan,2025-10-21T03:25:07.000Z,"Vaksin MMR dapat menyebabkan kejadian buruk yang mengakibatkan kecacatan permanen 21 kali lebih sering daripada vaksin campak, gondongan, dan rubella yang dapat berakibat fatal atau mengakibatkan kecacatan permanen bagi anak-anak AS   Tak tahu malu, ngaku beriman menipu rakyat.",https://x.com/bedugtengahawan/status/1980475410115883485,0,0,0,86,NaN
169,SinarOnline,2025-10-01T23:43:02.000Z,"Suntikan vaksin tambahan Measles, Rubella percuma di Jualan Gudang Karangkraf  Karangkraf dengan kerjasama Klinik Kesihatan Seksyen 7 di sini akan mengadakan pemberian suntikan vaksin tambahan Measles dan Rubella secara percuma.  #SinarHarian #vaksin #JualanGudangKarangkraf",https://x.com/SinarOnline/status/1973534150780137817,0,0,0,1,NaN
170,heatjher,2025-11-18T17:22:58.000Z,"Ada anak yg buta dan tuli pernah cerita di tiktok aku lupa nama akunnya. Dia bilang mamahnya pas mengandung dia gak vaksin  rubella. Baru ketauan pas di USG, udah kejangkit virus janinnya. Raw food? Itu vior korban jg karena makan ikan mentah. Pada gak melek aja.",https://x.com/heatjher/status/1990833120107544879,0,0,0,658,NaN
171,jkn_kedah,2025-11-18T14:53:41.000Z,"This additional Measles Rubella immunization vaccine is SAFE.  There are still a handful of parents who have not obtained the additional Measles Rubella immunization for their beloved children due to doubts & concerns regarding safety and side effects after the vaccine.",https://x.com/jkn_kedah/status/1990795552137850963,0,0,0,42,NaN
172,chanmooii,2025-11-12T06:48:31.000Z,"3 penyakit, 1 vaksin, 100% perlindungan.  Campak, gondongan, dan rubella bisa menyebabkan komplikasi serius seperti pneumonia, radang otak, hingga cacat lahir pada janin.  Yuk, jadwalkan vaksinasi anak atau booster dewasa sekarang.  #Halodoc #VaksinMMR #ImunisasiAnak",https://x.com/chanmooii/status/1988499127119073575,0,0,0,533,NaN
173,petongmom,2025-01-30T22:35:39.000Z,"Setara pekerjaan itu ga penting. Tapi pendidikan dan latar belakang itu sangat penting. Pernah ga kamu nikah tapi baru tau dia ga sejalan ma kamu soal imunisasi anak? Ga sejalan sama kamu soal pentingnya pendidikan?",https://x.com/petongmom/status/1885094553470091348,0,0,0,43,NaN
174,MiraninonLita,2025-01-30T21:55:12.000Z,"30DEC 2023 ! Bayi  ADIBA HUBA AZZAHRA Meninggal Usai Suntik Imunisasi .. Baru saja menyambut kelahiran anaknya 25 Des 2023 namun beberapa hari kemudian meninggal dunia diduga setelah menerima imunisasi Hb0 di Puskesmas Pembina,Plaju,Palembang, INDONESIA !",https://x.com/MiraninonLita/status/1885084373588025667,0,0,0,347,NaN
175,nyunyekrahmawan,2025-01-30T15:18:16.000Z,"ndug cah ayu abis imunisasi PCV, Alhamdulillah sampai saat ini aman. ndak rewel, anget dikit badan nya. masih bisa bobok nyenyak. love you ndug cah ayu",https://x.com/nyunyekrahmawan/status/1884984483839152501,0,0,0,60,NaN
176,syaifen,2025-01-30T13:33:39.000Z,"Dibayangan gua 2006 tuh masih sibuk imunisasi. https://x.com/aedrik/status//aedrik/status/1884957590054191519…",https://x.com/syaifen/status/1884958154729164999,0,0,0,38,NaN
177,Rintodianssulut,2025-01-30T13:07:02.000Z,"Imunisasi Massal Gratis di UPTD Puskesmas Airmadidi:  Tingkatkan Kekebalan Tubuh, Jaga Kesehatan Bersama!  https://jendelasulut.com/imunisasi-massal-gratis-di-uptd-puskesmas-airmadidi-tingkatkan-kekebalan-tubuh-jaga-kesehatan-bersama/…",https://x.com/Rintodianssulut/status/1884951454580167160,0,0,0,28,NaN
178,deedline_,2025-01-30T12:51:58.000Z,"Help dari pagi lengan kiri gue yang bekas disuntik vaksin/imunisasi dulu kedut-kedutan terus. Normal ga ya ini?",https://x.com/deedline_/status/1884947665538171139,0,0,0,283,NaN
179,urfavvnats,2025-01-30T12:39:17.000Z,"emang agak agak bodoh nadia nadia ini mau imunisasi catin tapi gak makan dulu pantesan lemes nya naudzubillah",https://x.com/urfavvnats/status/1884944472305435014,0,0,0,84,NaN
180,Koramil03seren1,2025-01-30T12:11:07.000Z,"TNI Peduli Kesehatan, Serma Yudhi Dampingi Pelayanan KB dan Imunisasi Anak di Puskesmas Kratonan https://mnrtvnews.com/2025/01/30/tni-peduli-kesehatan-serma-yudhi-dampingi-pelayanan-kb-dan-imunisasi-anak-di-puskesmas-kratonan…",https://x.com/Koramil03seren1/status/1884937383487082748,0,0,0,19,NaN
181,Koramil03seren1,2025-01-30T12:09:09.000Z,"Peduli Kesehatan Ibu dan Anak Serma Yudhi  Dampingi Kegiatan KB Dan Imunisasi Anak     | https://sidikutama.online/2025/01/peduli-kesehatan-ibu-dan-anak-serma.html?m=1…",https://x.com/Koramil03seren1/status/1884936891113619685,0,0,0,19,NaN
182,rubrikbahasa,2025-01-30T12:00:20.000Z,"Iwan Kurniawan: Saling Tukar Vaksinasi dan Imunisasi (Tempo, 30 Jan 2021)  http://rubrikbahasa.wordpress.com/2021/01/30/saling-tukar-vaksinasi-dan-imunisasi…  Dalam bahasa  Inggris, tidak ada kata kerja “immunization” dan “vaccination”, melainkan  “immunize” dan “vaccinate”.",https://x.com/rubrikbahasa/status/1884934672292954513,0,0,0,55,NaN
183,whalienprose,2025-01-30T09:58:32.000Z,"berkat di ospek kedua kokonya, adik cantik kepikiran sembunyi di mesin cuci biar tidak jadi di imunisasi.  Papi panik, mami panik, mbak Emi dna Mba eni nangis tapi koko nya hanya tos sambil cengar cengir.   yang masukin dede ke mesin cucu kalian kan ? Hayo ngaku!",https://x.com/whalienprose/status/1884904017186439362,0,0,0,2,NaN
184,sahabatjahanam,2025-01-30T07:03:45.000Z,"lagian ngatasin stunting tuh dari usia 0 kandungan - usia 2 tahun, bukan sudah usia sekolah. Stunting juga gak cuma masalah makan tok, sistem sanitasi yang buruk pun bisa jadi penyebab stunting. Daripada maksi gratis, mending sekolah gratis, atau imunisasi paksa.",https://x.com/sahabatjahanam/status/1884860033017774128,0,0,0,1,NaN
185,kecsmgutara,2025-01-30T06:56:53.000Z,"terlindung sepenuhnya dari penyakit berbahaya dan ikut melindungi orang lain yang rentan.  Tips yang harus segera dilakukan 1.Cek buku imunisasi anak anda, masih adakah yang belum lengkap imunisasinya??  2.Segera ke Puskesmas terdekat untuk konsultasi dan melengkapi imunisasi",https://x.com/kecsmgutara/status/1884858303441928615,0,0,0,34,NaN
186,kecsmgutara,2025-01-30T06:56:42.000Z,"terlindungi oleh anak-anak lain disekitarnya yang sudah lengkap imunisasinya. Ini yang disebut herd immunity/ kekebalan masyarakat. Namun, jangan hanya tergantung pada perlindungan orang lain. Yuk, ambil peran aktif dengan memberikan imunisasi lengkap untuk si kecil agar",https://x.com/kecsmgutara/status/1884858259259150609,0,0,0,25,NaN
187,kecsmgutara,2025-01-30T06:56:31.000Z,"hak nak, tetapi juga kewajiban kita sebagai orang tua untuk melindungi mereka dari penyakit berbahaya seperti difteri, TBC, pertusis, Campak,dll.  Ayah dan Bunda, mungkin ada yang berpikir “Anak Saya gak imunisasi tapi tetap sehat, kok! Tapi tahukah, bisa jadi itu karena anak",https://x.com/kecsmgutara/status/1884858213897732332,0,0,0,39,NaN
188,kalissabitah,2025-02-27T20:14:16.000Z,"Standar tidur ku beda tiap hari tergantung besok tugas deadline jam berapa   Padahal pagi tadi muntah karena masuk angin dan tidur juga jam 3 pagi. Kata temanku ""larang mati sebelum habis semester 6"" asli imun ku kuat aja ini, terima kasih mamah ga skip imunisasi dulu.",https://x.com/kalissabitah/status/1895205833845399760,0,0,0,43,NaN
189,Garis_diagonal,2025-02-27T12:31:58.000Z,"keirian hari ini  Liat temen udah aware buat mau imunisasi HPV   Semoga diri ini segera ada rezekinya buat ikutan juga",https://x.com/Garis_diagonal/status/1895089489573544275,0,0,0,11,NaN
190,Mieju,2025-02-27T12:13:22.000Z,"Demi apa sih ternyata imunisasi aku belum lengkap? Bapak gimana sih jadi orang tua kok nggak becus gini.  Nggak mau ah, besok aku udah ada janji sama temenku yaaa Bapak kalau mau ajak aku suntik harus atur jadwal dari jauh-jauh hari.",https://x.com/Mieju/status/1895084811204837603,0,0,0,31,NaN
191,yourqkitten,2025-02-27T11:18:20.000Z,"⠀  ⠀— kakak2 yang mau periksa kehamilan, persalinan atau imunisasi anak, bisa ke @ElternHospi yaaa.. staffnya ramah2 dan dokter nyaa cantikk ganteng lhoo..    ⠀  ⠀",https://x.com/yourqkitten/status/1895070959830479091,0,0,0,41,NaN
192,_absenceoflight,2025-02-27T11:15:09.000Z,"Gue sampe ribut di tiktok gue suruh anaknya gaul sama sesama yg ga imunisasi aja eh protes katanya kok takut katanya kebal lah tilil imunisasi ga bikin kebal lu kata debus kesel bgt udh 2025 cari di google aja gabisa",https://x.com/_absenceoflight/status/1895070159406313716,0,0,0,41,NaN
193,fulia,2025-02-27T11:09:11.000Z,"Hai gais, teruntuk para bumil dan busui atau yang mau lahiran, boleh ke @ElternHospi ya, Disini ada banyak pelayanan dengan service yang terbaik, selain untuk melakukan persalinan, disini juga bisa cek kandungan dan melakukan imunisasi, gimana? Tertarik? Jangan lupa cek pinned ya",https://x.com/fulia/status/1895068656494956756,0,0,0,51,NaN
194,awnyaraa__,2025-02-27T10:34:58.000Z,"Halo semua yang mau periksa bayinya, USG, lahiran, sampai imunisasi anak bisa ke sini yups, staffnya ramah"" pol dan pelayanannya bagus bangett, jangan lupa untuk mampirrrr yak",https://x.com/awnyaraa__/status/1895060046918361125,0,0,0,32,NaN
195,calonsultannnnn,2025-02-27T09:07:14.000Z,"Imunisasi DPT selalu bikin deg-degan",https://x.com/calonsultannnnn/status/1895037968639017029,0,0,0,68,NaN
196,seraclr,2025-02-27T08:11:34.000Z,"Nemu konten ditiktok yang ibunya antivac terus anaknya gak imunisasi samsek. Tolong lah kalo antivac simpen sendirii, gausah punya anak. Jahat tau gak.",https://x.com/seraclr/status/1895023959772668345,0,0,0,18,NaN
197,cublossom,2025-02-27T06:41:12.000Z,"pemerintah gila, sampai vaksin aja langka. pasien banyak yang udah nunda imunisasi.",https://x.com/cublossom/status/1895001216238919748,0,0,0,39,NaN
198,Ryudjeans,2025-02-27T04:02:45.000Z,"- Membaca buku KIA agar mengetahui panduan menyiapkan asupan makanan yang tepat untuk anak  - Melakukan pemeriksaan rutin ke posyandu untuk memantau tahapan tumbuh kembang anak  - Memastikan anak mendapatkan imunisasi lengkap",https://x.com/Ryudjeans/status/1894961344958603457,0,0,0,49,NaN
199,purbabangkabltg,2025-03-30T17:13:05.000Z,"Presiden #AmerikaSerikat @realDonaldTrump @POTUS  membatalkan pendanaan untuk Aliansi Global untuk Vaksin dan Imunisasi, sebuah organisasi yang didirikan oleh @BillGates   Trump Telah melawan keluarga BillEugenicsGates dan Rockefeller selama lebih dari 140 TAHUN kebohongan",https://x.com/purbabangkabltg/status/1906394262142689391,0,0,0,24,NaN
200,timexsaving,2025-03-30T15:12:45.000Z,"- selain harus nanya kepada pasien, kamu juga harus nanya ke orang tua karena riwayat mereka dari lahir, tumbuh kembang dan imunisasi pun bisa membantu penegakan diagnosis.""  ""Kalau kata guru saya dulu, 80% informasi penyakit bisa didapat dari anamnesis atau tanya jawab -",https://x.com/timexsaving/status/1906363977959194994,0,0,0,48,NaN
201,Luke_Paath,2025-03-30T14:07:12.000Z,"Tdk ada Politik yg berhasil tanpa merangkul hijau & coklat, memusuhi hijau & coklat sama dgn bunuh diri Politik.  PDIP th betul ini. Knp PDIP mendukung revisi UU TNI ? krn mereka punya kepentingan & butuh perlindungan utk nasib Partainya. Jg bth imunisasi bagi kader2nya yg korup.",https://x.com/Luke_Paath/status/1906347483472822363,0,0,0,1,NaN
202,AmpedAdorer,2025-03-30T10:11:50.000Z,"Rewel sih enggak, tapi habis selesai imunisasi si Dedek, kita langsung cus ke vet buat kasih vaksin tahunan mereka.",https://x.com/AmpedAdorer/status/1906288249624305727,0,0,0,35,NaN
203,llumierc,2025-03-30T09:24:45.000Z,"ADUH lucu banget. nanti kalo si dedek dibawa imunisasi anabulnya mas juga bakal rewel minta ikut gak kira kira?",https://x.com/llumierc/status/1906276402447712569,0,0,0,54,NaN
204,HIMAKBMKMUnsoed,2025-03-30T09:10:58.000Z,"Info lengkap:  https://instagram.com/p/DHbLC1cBlum/?igsh=MTZ0bXlnemZ5bTJnNw==…  So, tunggu apalagi? Tunjukkan kreativitasmu dan jadilah bagian dari Generasi Berani Imunisasi!   Semangat Berprestasi!  -----------------------------------------------  Divisi Keilmuan Kabinet Rajut Karsa HIMA KBMKM UNSOED 2025",https://x.com/HIMAKBMKMUnsoed/status/1906272933103943824,0,0,0,40,NaN
205,HIMAKBMKMUnsoed,2025-03-30T09:09:29.000Z,"Penasaran bukan? Berikut beberapa info tentang lombanya, disimak baik-baik ya  LOMBA VIDEO KREATIF Lomba ini mengusung tema “#MengejarImunisasi”  Ayo dukung Pekan Imunisasi Dunia, dengan cara seru! Buat video pendek kreatif menggunakan jingle.",https://x.com/HIMAKBMKMUnsoed/status/1906272557218840690,0,0,0,144,NaN
206,jaehakyut,2025-03-30T07:08:45.000Z,"aku anak sehat, tubuhku kuat karena ibukku rajin dan cermat selama aku kecil aku diberi asi, makanan bergizi dan imunisasi  #GFRunTheWorldinMacau  @tawattannn #Fourthnattawat #โฟร์ทณัฐวรรธน์",https://x.com/jaehakyut/status/1906242173491916896,0,0,0,227,NaN
207,jejerytan,2025-04-29T23:50:27.000Z,"kaya tetangga gua, anaknya ada 8, gamau kb, lahiran dirumah, anaknya ga pernah imunisasi karena matanya ga percaya sama dokter  paling nyebelin nya anak nya kaya kaga keurus https://x.com/convomf/status/convomf/status/1917247535632077111…",https://x.com/jejerytan/status/1917365896227742150,0,0,0,78,NaN
208,pluviophi_le,2025-04-29T23:31:18.000Z,"Tau ga pikira mereka2 ini kek mana? Yapp tar jg ada rezekinya, bawa rezekinya, liat kedepannya aja.. KB haram vaksin haram imunisasi haram wkwk Kenyataannya begini. Gabisa ngontrol tp sok2an",https://x.com/pluviophi_le/status/1917361076502683878,0,0,0,104,NaN
209,mantannyaichang,2025-04-29T23:16:40.000Z,"1. Gagal edukasi? Wah mainnya kurang jauh.   Itu kader-kader di desa udah sampai busa ngadain acara utk edukasi.  Jangankan edukasi, soal imunisasi saja sampai harus didatengin ke rumah-rumah.",https://x.com/mantannyaichang/status/1917357396554572023,0,0,0,1,NaN
210,KenapaGwWNI,2025-04-29T23:14:08.000Z,"Masalahnya ortu konservatif yang nentang childfree ini, uronically, adalah ortu yang biasanya ga pantes jadi ortu  Ex : ortu antivaxx yang gamau ngasih imunisasi ke anaknya karena alesan sesepele ""nanti anaknya rewel gegara demam mulu""",https://x.com/KenapaGwWNI/status/1917356758433231136,0,0,0,858,NaN
211,enimia21,2025-04-29T14:43:54.000Z,"Fypku dari tiga hari sampe hari ini imunisasi sama adek2 SMA wisuda pake selempang merah Mulu muak aku",https://x.com/enimia21/status/1917228355105202403,0,0,0,40,NaN
212,wuu_Hz,2025-04-29T14:21:07.000Z,"hampir sama kayak ini yaa, punya pasangan aja enggak tau-tau disuruh bawa anak imunisasi wkwk",https://x.com/wuu_Hz/status/1917222621743288361,0,0,0,25,NaN
213,puji2024,2025-04-29T13:48:11.000Z,"Kemenkes Akui Masih Ada Tantangan Dalam Meningkatkan Cakupan Imunisasi di Indonesia https://suaranegeri.com/2025/04/kemenkes-akui-masih-ada-tantangan-dalam.html… Selasa Malam",https://x.com/puji2024/status/1917214331806384512,0,0,0,26,NaN
214,RsudPemkotTsm,2025-04-29T13:46:30.000Z,"Lindungi anak dari TBC! Berikan imunisasi BCG sebelum usia 1 tahun, ajarkan etika batuk, dan jaga kebersihan lingkungan. TBC menular lewat udara, yuk cegah sejak dini! #SobatDokar #TBC #ImunisasiBCG #RSUDSoekardjo",https://x.com/RsudPemkotTsm/status/1917213906680119391,0,0,0,71,NaN
215,Urpin168,2025-04-29T13:45:49.000Z,"Kemenkes Akui Masih Ada Tantangan Dalam Meningkatkan Cakupan Imunisasi di Indonesia https://suaranegeri.com/2025/04/kemenkes-akui-masih-ada-tantangan-dalam.html… Vasektomi",https://x.com/Urpin168/status/1917213735120523501,0,0,0,34,NaN
216,TedInvestigasi,2025-04-29T13:32:08.000Z,"Ini apaaa??? Saya menggugat Kemenkes karena mereka merahasiakan data risiko vaksinasi/imunisasi, kemudian mereka mengancam saya di sidang! Gila!!!!",https://x.com/TedInvestigasi/status/1917210293157155307,0,0,0,3,NaN
217,jimseamy,2025-05-30T23:52:19.000Z,"Klo dliat2 dia pling seimbang apalagi ada pelampungbya , body juga lebih slim makanya bisa satsetsatset  Imunisasi, vitamin  lengkap betapa sehat kali anak alpukat itu",https://x.com/jimseamy/status/1928600392884977998,0,0,0,40,NaN
218,rsudbdh,2025-05-30T09:04:00.000Z,"Halo Sobat BDH!  Vaksin MMR adalah salah satu vaksin yang paling penting untuk anak-anak dan orang dewasa yang belum pernah terinfeksi atau divaksinasi.  Simak informasi lengkapnya dan pelajari bagaimana vaksin MMR dapat membantu menjaga kesehatan Anda dan keluarga!  #Imunisasi",https://x.com/rsudbdh/status/1928376838709248430,0,0,0,57,NaN
219,DibDil,2025-05-30T06:00:34.000Z,"Kurang zat buatkan anak jadi,   Imunisasi lemah  degil tak dengar cakap  mental tak fokus  Ikut kajian 30 tahun, Tok Abah hasilkan Excel PRO, Jom cuba dengan link dibawah.   https://WhatsappTokAbahXpro.wasap.my https://WhatsappTokAbahXpro.wasap.my https://WhatsappTokAbahXpro.wasap.my   #excelpro #dibdil",https://x.com/DibDil/status/1928330677440647364,0,0,0,9,NaN
220,caqiff,2025-05-30T05:27:32.000Z,"Halo kak boleh kinta pedoman imunisasi idainya ga ya kak makasihh kak sebelumnya",https://x.com/caqiff/status/1928322364594332143,0,0,0,96,NaN
221,aldora__enigma,2025-05-30T04:58:41.000Z,"Bahkan tunjangannya sampe 30jt nanti dapet akses periksa RS gratis kalo sakit, imunisasi, konsultasi tumbuh kembang gratis",https://x.com/aldora__enigma/status/1928315102358348272,0,0,0,31,NaN
222,teukkieduckie,2025-05-30T03:40:18.000Z,"Iya lagi  kata kakakku sampe males dia bawa suaminya tiap imunisasi anaknya. Lebay katanya",https://x.com/teukkieduckie/status/1928295374952788393,0,0,0,176,NaN
223,UlyaAmaranggana,2025-05-30T03:28:28.000Z,"suami saya bisa ngurus pajak motor,ke bengkel,ngerakit komputer sendiri g perlu ke itc,tp utk urusan ke rs dri pendaftaran sampe jelasin ke dokter bisa,malah lebih sering anak imunisasi&berobat cm berdua bapaknya.anak kena tb suami yg kasih obatnya tiap pagi.ngurus anak jg bisa",https://x.com/UlyaAmaranggana/status/1928292397512806453,0,0,0,186,NaN
224,JulianaPutong,2025-05-29T18:57:28.000Z,"Tolak imunisasi, vaksinasi, merusak kesehatan, kita bukan laler yg  makan virus",https://x.com/JulianaPutong/status/1928163802316415252,0,0,0,37,NaN
225,kominfodiy,2025-06-29T15:05:44.000Z,"Imunisasi ini 𝐆𝐑𝐀𝐓𝐈𝐒 di fasilitas kesehatan pemerintah, lho! Jangan sampai terlewat, Sedulur!   Yuk, cek jadwal lengkapnya di infografis diatas  𝐏𝐚𝐬𝐭𝐢𝐤𝐚𝐧 𝐚𝐧𝐚𝐤-𝐚𝐧𝐚𝐤 𝐤𝐢𝐭𝐚 𝐝𝐚𝐩𝐚𝐭 𝐡𝐚𝐤 𝐤𝐞𝐬𝐞𝐡𝐚𝐭𝐚𝐧𝐧𝐲𝐚 𝐬𝐞𝐣𝐚𝐤 𝐝𝐢𝐧𝐢!",https://x.com/kominfodiy/status/1939339509004386545,0,0,0,79,NaN
226,kominfodiy,2025-06-29T15:05:38.000Z,"Imunisasi bukan cuma soal suntik, tapi investasi kesehatan  𝐣𝐚𝐧𝐠𝐤𝐚 𝐩𝐚𝐧𝐣𝐚𝐧𝐠 yang tidak boleh diabaikan!",https://x.com/kominfodiy/status/1939339482223841677,0,0,0,15,NaN
227,pvhenyl,2025-06-29T13:52:02.000Z,"Eyoow ges, yuk mampir di rs kece ku enih, yang mau usg, lahiran, imunisasi anaknya, program hamil, bisa betul disini. Yok gaskaan, nanti jumpa dokter kece seperti ak",https://x.com/pvhenyl/status/1939320958906687880,0,0,0,343,NaN
228,neogguk_97,2025-06-29T13:49:13.000Z,"Hai teman teman..  Kalau ada yg mau periksa usg, lahiran, imunisasi anak bisa di @ElternHospi staff nya ramah ramah dan sangat membantuu lohh",https://x.com/neogguk_97/status/1939320251679940862,0,0,0,153,NaN
229,sexy_killer404,2025-06-29T12:29:56.000Z,"Bahkan Jepang Sudah Mengakhiri Wajib Vaksinasi Anak, Kematian Bayi Mendadak,  'Menghilang'  Apa emak² orang Jepang bodoh ya gak syg anak?  Bahan baku imunisasi itu tp  udh dihalalkan kok, dicuci Milyaran x, dg Mesin Cuci Ultra Clean buatan Kementerian Kesehatan RI  di Labnya.",https://x.com/sexy_killer404/status/1939300299971465239,0,0,0,1,NaN
230,IniSiblackkkk,2025-06-29T11:36:58.000Z,"Lah yang bikin vidio edukasi cara membikin adek bayi aja dibiarin, masa itu yang mengimplementasikan imunisasi buat hewan ga boleh?",https://x.com/IniSiblackkkk/status/1939286971668656392,0,0,0,118,NaN
231,homenumravelio,2025-06-29T11:24:16.000Z,"Udah gt ga imunisasi",https://x.com/homenumravelio/status/1939283775097303455,0,0,0,872,NaN
232,nanadulcet_,2025-06-29T10:12:57.000Z,"untuk bunda bundi atau calon bunda bundi yang mau cek kehamilan atau imunisasi anak bisaa ke sini lohh. oh iyaa buat pasangan mau promil jugaa bisa kesinii. ayoo mampiir!!",https://x.com/nanadulcet_/status/1939265827603382696,0,0,0,113,NaN
233,joesvult,2025-06-29T06:22:34.000Z,"anti imunisasi sejak dini karna hidup pasrah hanya di tangan Tuhan",https://x.com/joesvult/status/1939207848535433547,0,0,0,1,NaN
234,mymarchae,2025-06-29T02:41:49.000Z,"sesimple lu block masa ga bisa? ini yg di fb org bego pemicu war apa gmn si?  KATA GUA MAH MENDING MULUNG SIAPIN AMUNISI IMUNISASI KONSUMSI ETC BUAT HOLO NYA YAELAH. masi aje anjing",https://x.com/mymarchae/status/1939152296245682660,0,0,0,71,NaN
235,bzzrhj,2025-06-28T16:23:09.000Z,"Ngrumati dapuranmu ndek bayi juga kesel mbak. Nyewoki, nyusuni, ganti popok, ngeter imunisasi, melekan goro2 mual, durung maneh angel ngising. Kalau di tanya yg minta anak siapa? Yg jawabnya gak ada yg minta, itu naluri manusia dan pemberian dari Gusti Allah. Ngoten ndoro",https://x.com/bzzrhj/status/1938996601097527328,0,0,0,153,NaN
236,rainbowrain97,2025-06-28T15:06:17.000Z,"Jadi rindu masa-masa menjadi bidan seutuhnya. Menangani pemeriksaan hamil-persalinan-nifas sampai imunisasi. Dunia kerjaku sekarang lebih ke menjadi perawat dokter umum gigi dan bidan di poli kandungan saja",https://x.com/rainbowrain97/status/1938977257403621546,0,0,0,116,NaN
237,pemkab_brebes,2025-06-28T13:31:32.000Z,"UNICEF Indonesia Bersama Dinkesda, Kemenag, Dindikpora, Puskesmas & sekolah di Kabupaten Brebes menggelar Diskusi Kolaborasi ""Jaga Bersama""di Gedung IDI Brebes dengan Fokus utama meningkatkan cakupan imunisasi HPV untuk mencegah kanker serviks sejak usia dini.",https://x.com/pemkab_brebes/status/1938953411854246245,0,0,0,133,NaN
238,jmndcastle_,2025-06-28T13:30:04.000Z,"taunya kita udah ngebadut, aslinya itu tuh bekas suntik imunisasi gitu loh https://t.co/TVq78JktvU",https://x.com/jmndcastle_/status/1938953045523718451,0,0,0,29,NaN
239,ElternHospi,2025-06-28T12:47:36.000Z,"—— ☘︎ 𝐑𝐄𝐖𝐀𝐑𝐃 𝐅𝐎𝐑 𝐁𝐀𝐁𝐘 ☘︎ —— ㅤ to : Aquiliana Sekar Wicaksono   Yeay, selamat untuk baby. Hari ini imunisasinya lancar ya! Ada reward dari dokter, semoga suka Janan yupaa minum cucu biar cepet besar ^^  See you imunisasi selanjutnya!   ✎ @.ElternHospi",https://x.com/ElternHospi/status/1938942358487474371,0,0,0,254,NaN
240,haibundacom,2025-07-30T16:35:15.000Z,"Ketahui Jadwal Imunisasi Anak Usia 0-6 Bulan agar Tak Terlewat",https://x.com/haibundacom/status/1950596058276671744,0,0,0,12,NaN
241,die_letma,2025-07-30T15:08:47.000Z,"Ala Kalyan tawu... Dulu pas imunisasi SD kelas 1 aku vaksin paling terakhir Krn loncat² sambil nangis kabur Sampek di pegangin banyak orang trs pas aku dah terpojok nakesnya ku tendangin   Maaf bangett buat nakes sm guru² ku dulu",https://x.com/die_letma/status/1950574298915365264,0,0,0,65,NaN
242,azhariamalia12,2025-07-30T11:45:05.000Z,"meriangan bgt abis imunisasi :(",https://x.com/azhariamalia12/status/1950523036349661194,0,0,0,36,NaN
243,AyoSehatKemkes,2025-07-30T08:30:00.000Z,"Imunisasi anak udah lengkap sesuai usianya belum Bun?  Nah, di usia sekolah, anak juga perlu diimunisasi. Supaya meningkatkan dan memperpanjang masa kekebalan anak dan mencegah penyakit.  #AyoSehat #Kemenkes #CekKesehatanGratis #CKGSekolah #BIAS #Imunisasi",https://x.com/AyoSehatKemkes/status/1950473943800041499,0,0,0,284,NaN
244,NutrisiKluarga,2025-07-30T06:34:33.000Z,"Itu HOAKS. Tidak ada data resmi yang menyebut terjadi KLB difteri di dua wilayah tersebut.   Waspadai hoaks kesehatan.  Bagikan postingan ini agar makin banyak yang paham dan tidak tertipu. #CekFakta #StopHoaks #Difteri #Imunisasi #KesehatanMasyarakat #Kemenkes #Jakarta #KLB",https://x.com/NutrisiKluarga/status/1950444886051963054,0,0,0,108,NaN
245,DiniRTM,2025-07-30T02:24:43.000Z,"Awal bulan disambut EKin Pertengahan bulan posyandu, kelas ibu hamil, pelayanan imunisasi  Muter gitu aja gk ada istirahat bentar gitu",https://x.com/DiniRTM/status/1950382014911406413,0,0,0,15,NaN
246,DiniRTM,2025-07-30T02:23:14.000Z,"Agenda akhir bulan Lap KIA, Lap KB, Sigizi, Lap imunisasi, ASIK, PKG, Sintesa, Pcare Sehat, Skrining Sehat, INM, BOK. Kohort kudu terisi dengan baik Belum kalau laporan online ada pembatasan jam dan loading yang gak kira2. Tapi semua minta selesai Masih ada laporan dadakan lain",https://x.com/DiniRTM/status/1950381644076241078,0,0,0,33,NaN
247,Ombahku,2025-07-30T00:21:05.000Z,"Ternyata Koruptor desa jauh lebih kreatif dan inovatif serta lebih mainstream, dibanding Koruptor kota, jarang yang kepikiran jual tempat imunisasi balita demi cuan.  Koruptor kota sibuk nunggu proyek triliunan, Koruptor desa gak pakai lama, Posyandu pun jadi korban.",https://x.com/Ombahku/status/1950350903820644532,0,0,0,119,NaN
248,zephyrsuh,2025-07-29T17:09:57.000Z,"day 5, 29 juli 2024, kita mulai kegiatan keluar, yang cewek kegiatan ke posyandu bareng ibu2 disana, cowoknya misah. ini lucu bgt adek nya langsung nempel sama gue di peluk terus, pas mau imunisasi jg mau nya sambil di peluk gue, dapet makanan gratis",https://x.com/zephyrsuh/status/1950242405585997898,0,0,0,104,NaN
249,cheysunz,2025-08-30T16:44:48.000Z,"dia gasadar kalo dia sendiri juga beban negara. coba suruh dia ikut demo, pasti takut. orang ginian waktu kecil ga pernah dapet imunisasi kali yak https://x.com/sashumie/statu/sashumie/status/1961767915369402718…",https://x.com/cheysunz/status/1961832486180430229,0,0,0,93,NaN
250,kodim0811_tuban,2025-08-30T16:05:50.000Z,"Dukung Kesehatan Pemerintah, Babinsa Koramil 0811/02 Palang Dampingi Imunisasi Anak SDN Leran  #tni_angkatan_darat #puspentni  #dispenad  #kodam5brw   #pen_korem082  #tniad  #tniangkatandarat #tniprima  #profesional  #responsif #integratif",https://x.com/kodim0811_tuban/status/1961822681235632219,0,0,0,69,NaN
251,UlfiSem,2025-08-30T10:54:34.000Z,"Aku lahir dari keluarga yang Alhamdulillah sadar kalo vaksin imunisasi penting (bukan nakes juga sih). Dulu aku pas bayi (sekarang 29 tahun) udah rutin imunisasi meskipun harus ke rumah sakit besar, jauh, bayar pula. Sekarang udah enak, deket, gratis. Kalo gak mau kebangetan",https://x.com/UlfiSem/status/1961744347541737983,0,0,0,52,NaN
252,panromanticist,2025-08-30T09:53:14.000Z,"owalah syukurlah!!!! tetep semangat ya soalnya kalo ada imunisasi kan nanti RUAME BGT ITU lopyu",https://x.com/panromanticist/status/1961728914012922311,0,0,0,16,NaN
253,bbahtiarr,2025-08-30T08:41:19.000Z,"Yahya Zaini menyampaikan keprihatinan atas kejadian luar biasa Campak di kabupaten Sumenep, Jawa Timur yang telah merenggut 17 nyawa anak-anak di mana 16 diantaranya tidak pernah menerima imunisasi",https://x.com/bbahtiarr/status/1961710814722974128,0,0,0,143,NaN
254,vnlvnl,2025-08-30T05:55:13.000Z,"balek balek malem di kerjaan  di bisnis karyawan cam tai, semua duit dipake untuk bayar hutang die trus minjem duit pribadiku untuk imunisasi bayinya (manaaa bisa aku gak ngasih untuk bocil gemesss)  trus siang ini masuk 4 biji laptop MALAH DITUNDA bjirrr AHHHH",https://x.com/vnlvnl/status/1961669011747561685,0,0,0,58,NaN
255,ayamgrepreq,2025-08-30T05:22:56.000Z,"kaya anak sd mau imunisasi yang megangin banyak betul",https://x.com/ayamgrepreq/status/1961660888290927087,0,0,0,54,NaN
256,ParlemenTerkini,2025-08-30T02:11:35.000Z,"Adanya Kejadian Luar Biasa (KLB) campak di Sumenep menunjukkan perlunya evaluasi sistem imunisasi dan pendekatan bagi yang resisten.",https://x.com/ParlemenTerkini/status/1961612733763522973,0,0,0,140,NaN
257,meow_seayy,2025-08-30T00:33:27.000Z,"heran ajaa apakah akun ku sehatt krna bnyk di imunisasi",https://x.com/meow_seayy/status/1961588038871699596,0,0,0,21,NaN
258,AlyaGilaan,2025-08-30T00:03:37.000Z,"27/8/2025 2y6m Alisa dah discharge Occupational Therapy ! Check up okay Berat 11.4kg Tinggi 87cm Ada cucuk imunisasi Measles & Rubella  Yayy alhamdulillah Alisa boleh !!",https://x.com/AlyaGilaan/status/1961580528513245269,0,0,0,50,NaN
259,Violayel,2025-08-29T23:09:06.000Z,"Jwb tetangga sya KB suntik dok.. Lalu dr nya jwb lagi.. Dri KB ibu penyakit jantung nya.. Paham sampe sini ya??  Vaksin imunisasi  dan sejenis nya itu sama dan bawa efek bahya utk kesehatan dan keselamatan manusia",https://x.com/Violayel/status/1961566812828831954,0,0,0,45,NaN
260,kotajakbar,2025-08-29T16:29:14.000Z,"Pemkot Jakarta Barat melalui Suku Dinas Kesehatan melakukan Outbreak Respon Imunisasi (ORI) campak secara masif di wilayah Kapuk, Kecamatan Cengkareng, Jakarta Barat. Upaya ini dilakukan untuk memutus rantai penularan kasus penyakit campak, Jumat (29/8).  #PemkotJB",https://x.com/kotajakbar/status/1961466179840823318,0,0,0,290,NaN
261,MyHEALTHKKM,2025-08-29T13:02:16.000Z,"Imunisasi Measles Rubella  Kanak-kanak berusia 6 bulan hingga 5 tahun ke bawah digalakkan menerima imunisasi tambahan demam campak. Imunisasi tersebut diberikan secara percuma.  Hentikan demam campak, lindungi anak kita.  #MalaysiaSihat #SihatItuSaya",https://x.com/MyHEALTHKKM/status/1961414095430979902,0,0,0,632,NaN
262,davirgogurll,2025-09-29T23:16:47.000Z,"Bayikku after getting vaccinated this afternoon-evening is still super happy, just sleeping at night until waking up again in the morning around 5",https://x.com/davirgogurll/status/1972802769179550003,0,0,0,50,NaN
263,ponylompat,2025-09-29T16:42:01.000Z,"aku sampe sekarang selalu bilang ke temen2ku, ""jangan nikah dulu"" aku realistis aja. nikah gak cuma modal cinta, tapi uang juga. apalagi kalo udh pny anak. popok, susu, imunisasi. ditambah orang bali. upacara 42 hari, 3 bulan dll.",https://x.com/ponylompat/status/1972703420219093487,0,0,0,69,NaN
264,gIomerulus,2025-09-29T14:44:37.000Z,"Sempat galau krn dikonsulin apakah pasien ini tetep blh ikut vaksin, kalo sesuai pengalaman pas koas (kasusnya rada mirip) sih ttp boleh. Tapi aku aga takut jd aku suruh konsul SpA dulu.. sempet ngerasa bodoh ""ah masa sih gt doang konsul SpA"" tp akhirnya rewatch kuliah imunisasi",https://x.com/gIomerulus/status/1972673875201638423,0,0,0,647,NaN
265,DitjenPK,2025-09-29T13:13:29.000Z,"Layanan tersebut seperti pelayanan kesehatan dasar, layanan terkait penurunan stunting seperti Pemberian Makanan Tambahan (PMT) balita dan ibu hamil serta pelayanan imunisasi, pelayanan kesehatan ibu hamil dan balita, pelayanan terkait Tuberculosis.",https://x.com/DitjenPK/status/1972650942370861396,0,0,0,18,NaN
266,paprblunts,2025-09-29T12:45:00.000Z,"justru ini termasuk ringan krn imunisasi ku lengkap dulu, kl yg ga lengkap malah ada yg gbs bangun samsek, demam tinggii, ak masih bs nyuci motor bjir.",https://x.com/paprblunts/status/1972643776100446398,0,0,0,42,NaN
267,desa_padasuka,2025-09-29T11:40:37.000Z,"Kamis, 25 September 2025  Polindes Desa Padasuka  Kegiatan ini dihadiri oleh Petugas Kesehatan Puskesmas Padasuka dan  PKK Pokja 4. Program imunisasi ini untuk memberikan kekebalan aktif terhadap penyakit.",https://x.com/desa_padasuka/status/1972627570979156192,0,0,0,21,NaN
268,vaniabetrip,2025-09-29T09:54:48.000Z,"Kenzo 5 hari di dunia kmrn demam aja gue panik mantau suhu tiap jam, itu kn pas cuti ga kerja ye ok lah begadang  Besok kalau imunisasi dpt mah saya udah kerja",https://x.com/vaniabetrip/status/1972600940462317664,0,0,0,60,NaN
269,vaniabetrip,2025-09-29T09:51:36.000Z,"Gue kerja punya duit jga buat anak gue, jdi udah imunisasi yg efek demam kita pindah ke DSA aja, sebagai working mom gamau jdi khawatir ps kerja",https://x.com/vaniabetrip/status/1972600135327895992,0,0,0,58,NaN
270,AtexLurner,2025-09-29T09:43:00.000Z,"G5425092901513  Nyusahin anjing! Udah 3 jam ini lu kalo ada pemadaman panjang, dikasih imbauan tolol, ini kasian anak gua baru selesai imunisasi kena imbas begini, kontol",https://x.com/AtexLurner/status/1972597973298393162,0,0,0,154,NaN
271,from_kangb,2025-10-30T15:38:04.000Z,"Yapss, mana ngasih duit cukup buat beli diapers doang 3 ball, dia pikir anaknya kaga makan, kaga mandi, kaga skinkeran, kaga minum vitamin, kaga imunisasi kali yaa",https://x.com/from_kangb/status/1983921353574031689,0,0,0,16,NaN
272,raf_bracket,2025-10-30T12:20:54.000Z,"Tahukah kamu kalau gigi juga perlu “imunisasi”?   #ImunisasiGigi #CegahGigiBerlubang #FluorideVarnish #RAfDentalCare #SehatSejakDini",https://x.com/raf_bracket/status/1983871733661929734,0,0,0,12,NaN
273,DDKlinikCiputat,2025-10-30T09:34:29.000Z,"Siapa yang baru tau kalau imunisasi itu bukan cuma suntik biasa! Tapi langkah penting melindungi buah hati dari berbagai penyakit berbahaya   Di DD Klinik Ciputat, imunisasi GRATIS untuk pasien BPJS, lho! Jadi, pastikan si kecil tumbuh sehat dan kuat dengan imunisasi lengkap",https://x.com/DDKlinikCiputat/status/1983829854987715057,0,0,0,50,NaN
274,GoRiauCom,2025-10-30T09:23:48.000Z,"Terdapat 520 Suspek dan 89 Kasus Positif Campak di Pekanbaru, Pengamat: Cermin Lemahnya Sistem Imunisasi",https://x.com/GoRiauCom/status/1983827166015189361,0,0,0,61,NaN
275,RiaupagiSurya,2025-10-30T08:10:46.000Z,"Dinkes Riau Nilai Meningkatnya Kasus Campak karena Imunisasi Rendah",https://x.com/RiaupagiSurya/status/1983808785966936135,0,0,0,11,NaN
276,infoPKU,2025-10-30T04:32:21.000Z,"Sebagai tindak lanjut, Dinkes Riau mulai melaksanakan imunisasi tambahan campak di Kota Pekanbaru sejak 27 Oktober hingga 10 November 2025.  Selengkapnya",https://x.com/infoPKU/status/1983753818249789697,0,0,0,185,NaN
277,infoPKU,2025-10-30T04:32:20.000Z,"Pelaksana Tugas (Plt) Kepala Dinkes Riau, Widodo mengungkapkan capaian Imunisasi Dasar Lengkap (IDL) di Pekanbaru baru mencapai 36,60 persen dari target 90 persen.   #infoPKU",https://x.com/infoPKU/status/1983753815183781945,0,0,0,382,NaN
278,prokopim_medan,2025-10-30T04:01:52.000Z,"Dengan Penuh Kelembutan & Kasih Sayang, Rico Waas Bersama Ketua TP PKK Imunisasi Bayi dari Rumah ke Rumah",https://x.com/prokopim_medan/status/1983746148948177196,0,0,0,21,NaN
279,PosoRutan,2025-10-30T03:29:27.000Z,"Sebanyak 14 orang balita menjalani imunisasi, 2 ibu hamil dan 14 orang lansia melakukan pemeriksaan kesehatan.  #bergerakberdampak #setahunberdampak #imipassetahunbergerakberdampak",https://x.com/PosoRutan/status/1983737988313141336,0,0,0,15,NaN
280,gfriendmingyu,2025-10-30T01:53:20.000Z,"Aku anak sehat tubuhku kuad  Karena Eommaku rajin dan cermat Semasa aku bayi selalu diberi asi  Makanan bergizi dan imunisasi",https://x.com/gfriendmingyu/status/1983713801200652557,0,0,0,115,NaN
281,daddyyuki,2025-02-26T12:38:00.000Z,"STOP VAKSIN HPV hari demi hari penderita efek samping dari vaksin HPV di Jepang bertambah. mr Tamura DEPKES Jepang dengan cepat menghentikan program vaksinasi ini sejak Juni 2013. Akan tetapi mr Tamura 2014 diberhentikan dan program di mulai kembali.  https://x.com/kuu331108/status/1691852887285285299?t=sMPDm30w-2_hUkdBTlgbzQ&s=09…",https://x.com/daddyyuki/status/1894728620897452075,0,0,0,7,NaN
282,daddyyuki,2025-02-12T06:05:35.000Z,"Mr. Kazu Ishii, medical jurnalis Permohonan paten Pfizer, yang disetujui pd tanggal 31 Agustus 2021, adalah yang pertama dari lebih dari 18.500 paten yang didaftarkan untuk tujuan pelacakan kontak jarak jauh dari semua penerima vaksin di seluruh dunia.  https://x.com/kazu_uracorona/status/1889487925194400044?t=Vqh3yvH0qdu0hmsr2CQMeQ&s=09…",https://x.com/daddyyuki/status/1889556436801278195,0,0,0,815,NaN
283,JulianaPutong,2025-02-09T07:45:58.000Z,"Scientia asal kata sains yg brarti pengetahuan, pengetahuan? Manusia, miris ny sains itu sendiri isi ny se bagian kebohongan , sprti vaksin yg tdk sesuai fungsiny, listrik sudah di temukan di era tartaria, bumi bulat, grafitasi, phitekantropus, dinosaurus, pergi ke bulan, satelit",https://x.com/JulianaPutong/status/1888494535359000890,0,0,0,59,NaN
284,mr_adityason,2025-02-09T01:37:55.000Z,"Itu cuma satu kuartal kok. Lagian emang perdagangan dunia lg turun Krn imbas semua negara dipaksa goblok hrs lockdown. Tp Q3 udh naik lg. Negara anies sok sok psbb emang sebagus apa sih, pertumbuhan ekonomi cuma ditunjang impor vaksin doang kok wkwkwk",https://x.com/mr_adityason/status/1888401911226966493,0,0,0,210,NaN
285,estehmilo,2025-02-09T01:36:41.000Z,"Vaksin MR done, Alhamdulillah. Buldep lanjut JE. Sehat² anakku.",https://x.com/estehmilo/status/1888401601528004960,0,0,0,61,NaN
286,Ailurophies,2025-02-08T10:30:59.000Z,"“Betul sekali, itu saya!” jawab Yoshio sembari melangkah mengikuti Mr. Elliote untuk menuju ruangan vaksinasi. Ia tersenyum, menatap sekitar dengan perlahan sebelum duduk pada salah satu tempat yang disediakan untuk pasien vaksin.",https://x.com/Ailurophies/status/1888173674530029679,0,0,0,42,NaN
287,happyselaluya,2025-02-06T17:40:22.000Z,"buldep rumi vaksin MMR + IPV2, yang dari pemerintah cuma MR, harga MMR nyampe 500 . kenapa pemerintah ga subsidi MMR  PCV ke faskes aja yakan, lebih mahal daripada DPT",https://x.com/happyselaluya/status/1887556957533577302,0,0,0,66,NaN
288,jondivar,2025-02-06T02:46:21.000Z,"Harus dikasih pelajaran sama organisasi ini selama ini dia mendukung banget soal covid krn ada donatur utk mensukseskan covid dan vaksin serta wabah dari http://Mr.BG  Ikuti Jejak Trump, Argentina Bakal Keluar dari WHO https://cnnindonesia.com/internasional/20250206045015-134-1195133/ikuti-jejak-trump-argentina-bakal-keluar-dari-who…",https://x.com/jondivar/status/1887331970784633328,0,0,0,22,NaN
289,adamc_r,2025-03-26T07:25:39.000Z,"Takde kena mengena kulat dengan vaksin typhoid",https://x.com/adamc_r/status/1904796876307870062,0,0,0,243,NaN
290,happyselaluya,2025-03-17T04:50:39.000Z,"bidannya bilang “bulan depan aja vaksinnya, naikin dulu BB nya”, padahal harusnya rumi vaksin MR sama IPV2",https://x.com/happyselaluya/status/1901496380733972921,0,0,0,29,NaN
291,daddyyuki,2025-03-14T05:23:41.000Z,"Kalo di Jepang, mentri yg paling mempromosikan “ makanan protein Serangga ” adalah mr. Taro Khono. dia sebelummya mentri Khusus Penanggulangan pandemic bidang Vaksin Corona.  di TV dia promosi makan serangga dll.... entah apa yg di janjikan Bill Gate di kakek pisikopat itu ke dia",https://x.com/daddyyuki/status/1900417527974400423,0,0,0,124,NaN
292,daddyyuki,2025-03-02T00:57:58.000Z,"bagi Elite Globalis sangat menakutkan karena rencana Pandemic utk menjual Vaksin nya bisa gagal total kalo Mr. Abe membagikan Ivermectin. rencana EG mengurangi populasi Jepang dengan vaksin akan gagal Total.",https://x.com/daddyyuki/status/1896002002444042355,0,0,0,475,NaN
293,sorrycapek,2025-04-25T16:58:46.000Z,"Dok bulan depan kan anakku ada vaksin influenza yg kedua. Misal 2 minggu berikutnya mau vaksin dpt 3 sama booster mr apakah bisa dok? Apa nunggu bulan berikutnya?",https://x.com/sorrycapek/status/1915812744055476381,0,0,0,5,NaN
294,InnaZuyyinah,2025-04-24T12:10:41.000Z,"Dokden, anak saya sudah vaksin MR di puskesmas saat usia 9 bulan. Apakah boleh jika lanjutannya nanti vaksin MMR? Jika boleh, di usia berapa, dok?",https://x.com/InnaZuyyinah/status/1915377854743032035,0,0,0,3,NaN
295,jondivar,2025-05-30T01:01:23.000Z,"Elite Global dan Mr.Bill G ambisius mensukseskan Al, Chip, Robot maka ini dia membayar suap kepada pejabat agar wabah dan vaksin terlaksana dgn baik..Maka ini kenapa Bill G tdk melaksanakan di AS karena menteri dan pejabat atasan tdk menyetujui vaksin tbc dri Bill",https://x.com/jondivar/status/1928255384944529642,0,0,0,44,NaN
296,mr_adityason,2025-05-28T06:03:27.000Z,"Hoax antivaksin itu dimana ya. Perasaan jelas2 provaks yg sering hoax. Contoh aja yg paling current covidvax. Awalnya dijamin ga kena covid, trus ralat 90% efektif, turun lg 70%, turun lg cuma mencegah keparahan. Realitanya yg ga vaksin tenang2 aja, yg vaksin bolak balik positif",https://x.com/mr_adityason/status/1927606625910841744,0,0,0,268,NaN
297,dennyarisman,2025-05-28T03:55:40.000Z,"Kalo aman silahkan gunakan vaksin ini utk seluruh jajaran @KemenkesRI dan @BPOM_RI dulu saja, biarkan masyarakat menilai urgensi penggunaannya. Jgn paksa masyarakat via syarat perjalanan dll demi cuan dr Mr Gates.",https://x.com/dennyarisman/status/1927574469645832396,0,0,0,61,NaN
298,Mr_cosanostra,2025-05-26T09:31:54.000Z,"Kita harus kompak menolak vaksin TBC  mRNa buatan bill gates",https://x.com/Mr_cosanostra/status/1926934308796645616,0,0,0,446,NaN
299,Mr_cosanostra,2025-05-26T09:31:23.000Z,"setelah vaksin corona dusta banyak yang mengalami auto imun, tubuh gak punya kemampuan menyembuhkan dirinya. Dan terus mau di enjus lagi apa gak gempor di hantem terus sama toxic, yang baru 1x enjus covid aja udah pada stroke, jantung, tumor. Dan akhirnya meninggal.",https://x.com/Mr_cosanostra/status/1926934179138195484,0,0,0,173,NaN
300,Mr_cosanostra,2025-05-25T22:30:44.000Z,"ditentukan bahwa vaksinasi mRNa ada penyebab kematian""  Jadi kesimpulannya, vaksin mRNa buatan bill gates menyebakan kematian. Kita harus nolak vaksin TBC bill gates yang mengandung mRNa.",https://x.com/Mr_cosanostra/status/1926767918529884259,0,0,0,400,NaN
301,ittmktechnology,2025-05-25T13:14:57.000Z,"* Bandara utk mengukur suhu tubuh manusia itu salah besar.apabila manusia dicuaca panas pasti akan naik suhu.. * Sejak World dilarang oleh beberapa negara Mr.Bill dan Elite global turun gunung agar mensukseskan covid, vaksin tbc.",https://x.com/ittmktechnology/status/1926628054563963249,0,0,0,61,NaN
302,jondivar,2025-05-24T15:53:24.000Z,"Bagi Para Pejabat, Dokter, Rumah sakit dan media jangan karena uang haram sampe menyetujui soal vaksin tbc dan covid..Para elite global dan Mr.Bill rela mengeluarkan uang utk menyuap mereka agar sukses acara wabah..Jangan sampe karma dan Tuhan Yesus marah",https://x.com/jondivar/status/1926305539538969086,0,0,0,66,NaN
303,Hamengkuperkoro,2025-05-24T05:25:16.000Z,"Kebanyakan orang mikir kalau vaksin itu berbahaya, karena side efek vaksin. padahal kita ngelihat side efek vaksin itu justru karena orang berhasil diselamatkan oleh vaksin. Ga ada anak mati karena polio lagi jadi demam karena vaksin polio dilebih lebihkan.",https://x.com/Hamengkuperkoro/status/1926147465553514951,0,0,0,56,NaN
304,Hamengkuperkoro,2025-05-20T05:06:12.000Z,"Vaksin tidak menyebabkan autisme. Ini adalah permainan statistik tolol yang dipake kaum teoris konspirasi karena ga bisa baca narasi statistik. Korelasi vaksin dan anak dengan autisme itu bukan karena vaksin menyebabkan autisme, tapi semakin rendahnya kematian anak dr penyakit.",https://x.com/Hamengkuperkoro/status/1924693117720281522,0,0,0,43,NaN
305,adi062002,2025-05-19T08:47:46.000Z,"Iya haha cabangnya g sengaja ketemu soalnya sejalan sama rsud tempat vaksin",https://x.com/adi062002/status/1924386487317266928,0,0,0,88,NaN
306,ittmktechnology,2025-06-23T15:49:12.000Z,"Karena perusahaan besar tdk berpikir panjang, yg menciptakan al itu siapa..Sejak ada al semua manusia disingkirkan maka ini elite global dan http://Mr.BG berani menyuap semua pejabat utk mensukseskan mengurangi manusia dgn cara wabah dan vaksin  https://kompas.com/edu/read/2025/06/23/111433171/ilmu-komputer-masuk-daftar-jurusan-dengan-pengangguran-tertinggi-di-as?page=2…",https://x.com/ittmktechnology/status/1937176119423483978,0,0,0,33,NaN
307,_matcha_____,2025-06-22T13:16:33.000Z,"Habis vaksin IPV 2 & MR, jadi lemes bgt beneran rewel bgt, biasa walaupun demam tetep mau makan, kali ini samsek ga mau makan  ditambah lagi ketularan ayah flu jadinya kombo, huhu kasiannya anak Ibu. Sabar ya nak sisanya ga akan sebulan sekali lagi..",https://x.com/_matcha_____/status/1936775314799223212,0,0,0,84,NaN
308,ittmktechnology,2025-06-11T15:59:29.000Z,"At a time when poor countries and global elites and http://Mr.BG are planning a vaccine action   as guinea pigs. Just like Indonesia    https://cnbcindonesia.com/news/20250611143157-4-640075/negara-bangkrut-ini-makin-sengsara-kini-penduduk-sudah-tak-punya-duit…",https://x.com/ittmktechnology/status/1932830050963107975,0,0,0,23,NaN
309,jondivar,2025-06-08T14:23:11.000Z,"Elite global dan Mr.Bill inilah rencana mereka agar manusia berkurang jadi dibuatlah wabah covid, vaksin berbentuk virus agar manusia meninggak dan gampang sakit2an.",https://x.com/jondivar/status/1931718656624676882,0,0,0,31,NaN
310,ittmktechnology,2025-06-04T01:13:04.000Z,"Orang yang punya uang bisa menyuap siapa saja seperti Mr.Bill demi mensukseskan ide bisnis negatif yaitu al, chip, robot, nuklir dia membuat wabah dan vaksin agar manusia berkurang dan gampang penyakit..sedangkan org yg tdk punya uang bisa masuk penjara",https://x.com/ittmktechnology/status/1930070265129775131,0,0,0,30,NaN
311,Paijocece1,2025-06-03T14:58:10.000Z,"Betul vaksin bikin saya lemah, gampang sakit , bulan kemarin saya kena flu parah indra penciuman perasa semua hilang, mungkin kalau di jaman kopet sy kena virus korona, sy beli obat dibapotik juga sembuh, untuk indra penciumannya dan perasa agak lama sembuh sekitar 1 bulan sembuh",https://x.com/Paijocece1/status/1929915520796766491,0,0,0,48,NaN
312,jondivar,2025-06-03T07:01:10.000Z,"Menkes RI lebih takut kepada Elite global dan Mr.Bill Gat dripd takut kepada Tuhan..Kalo dia mengikuti program covid dan vaksin percayalah karma akan menghampiri anda beserta keluarga.Indonesia banyak gulung tikar anda sbg menteri tdk ada kebutuhan seperti makanan, minumam dll.",https://x.com/jondivar/status/1929795479292072157,0,0,0,81,NaN
313,spacerangersRRR,2025-06-03T04:20:28.000Z,"Bisa pake kode voucher ini ya kakkk biar lbh murah  Konsul Dokter  KONSULCBXWEC Beli Obat  OBATCBGVH Vaksin/Tes Lab  HLDXHOMECAREVNN Haloskin  HALOSKINAFFZU25",https://x.com/spacerangersRRR/status/1929755036512669743,0,0,0,26,NaN
314,cokowidudu,2025-06-03T03:45:35.000Z,"Lu ga kena penyakit bukan herbal herbal tapi karena orang lain udah vaksin",https://x.com/cokowidudu/status/1929746256454418575,0,0,0,132,NaN
315,ittmktechnology,2025-06-02T16:35:32.000Z,"Elite global dan Mr.Bill G tdk berpikir kedepan yg penting uang dan rencana jahat sukses seperti covid, vaksin, al, dll..Manusia Butuh pangan kalo bill Gates dan pejabat tdk berpikir kedepan hanya memikirkan diri sendiri mrk pasti akan mati dan kena karma",https://x.com/ittmktechnology/status/1929577633764843874,0,0,0,37,NaN
316,ittmktechnology,2025-06-02T04:35:50.000Z,"Elite Global dan http://Mr.BG utk mensukseskan Al, Chip, Robot vaksin mereka membuat Wabah buatan..Mereka rela membayar pejabat, media, Dokter, Rumah Sakit agar terlaksana pandemi, apalagi wabah sampe bisa tahu varian sedangkan alami hanya 1    https://health.detik.com/berita-detikhealth/d-7941214/rilis-edaran-soal-covid-19-ini-pesan-kemenkes-ri-soal-masker-dan-hand-sanitizer?utm_campaign=detikcomsocmed&utm_medium=oa&utm_source=twitter&utm_content=detikhealth…",https://x.com/ittmktechnology/status/1929396514503188680,0,0,0,34,NaN
317,stustustuuu,2025-07-28T02:42:16.000Z,"Di menu fitur ada bagian sertifikat vaksin ada vaksin & imunisasi lainnya",https://x.com/stustustuuu/status/1949661657963356332,0,0,0,79,NaN
318,stustustuuu,2025-07-28T02:33:55.000Z,"Download aja app Satusehat dia pengganti peduli lindungi rekam medis vaksin disitu semua",https://x.com/stustustuuu/status/1949659556147003647,0,0,0,113,NaN
319,demeter_mr,2025-07-28T01:50:45.000Z,"ini kenapa masih ada aja pertanyaan soal vaksin siii, gw udh lupaaa njirrr, mau cek kartu settifikat vaksinnya jg udh gatau dimana filenya",https://x.com/demeter_mr/status/1949648691691708661,0,0,0,1,NaN
320,happyselaluya,2025-07-16T12:54:33.000Z,"btw hari ini juga si baby girl vaksin PCV, tinggal DPT 4 sama MR  alhamdulillah",https://x.com/happyselaluya/status/1945467086915981780,0,0,0,64,NaN
321,wiltedverses,2025-07-11T10:05:03.000Z,"""Terima kasih,"" gumam si nona pada perawat yang mengantarnya hingga ruangan sang healer. Ia mengekori langkah Mr. Audebert setelahnya, agak kikuk meski bukan pertama kali vaksin seorang diri.  ""Terima kasih, Sir."" Ia kembali mengangguk sopan.",https://x.com/wiltedverses/status/1943612494821703972,0,0,0,65,NaN
322,wiltedverses,2025-07-11T09:25:29.000Z,"Lain kali, ia harus memasang alarm sebelum mulai membaca buku baru.  Ia menghentikan langkah di meja resepsionis, tak tampak kehabisan napas. ""Selamat sore,"" sapanya, ""saya ada janji vaksin dengan Mr. Audebert.""  @AH_StMungo @MrAudebert",https://x.com/wiltedverses/status/1943602535832371530,0,0,0,88,NaN
323,racovnteur,2025-08-30T10:19:24.000Z,"ㅤㅤ Dadanya berdebar keras dengan Mr Xanderious menanyakan apakah ia sudah siap untuk vaksin? Dua detik bibirnya melongo kemudian menjawab pasrah, ""Sudah, Mr.""  | @MrXanderious ㅤㅤ",https://x.com/racovnteur/status/1961735496780153015,0,0,0,41,NaN
324,DulKemprut,2025-08-30T01:30:30.000Z,"Masalah vaksin koped kemarin jangan dibawa ke segala ranah bro",https://x.com/DulKemprut/status/1961602393193243021,0,0,0,36,NaN
325,arienugraha87,2025-08-29T01:14:40.000Z,"Lah statistik berkata lebih banyak yang selamat oleh vaksin. Ente ga pernah ngeliat video polio jaman dulu apa?",https://x.com/arienugraha87/status/1961236024648241537,0,0,0,26,NaN
326,officialinews_,2025-08-27T21:04:01.000Z,"Penyebab Campak Bisa Mematikan, Dokter: Tidak Vaksin MR",https://x.com/officialinews_/status/1960810556136534494,0,0,0,155,NaN
327,AmirulA1253,2025-08-27T16:29:37.000Z,"Dr suhazeli kena sodom dengan dildo vaksin 10 inci : Dia jawab - kamu bukan ahli, belajar tak habis.  Kita tanya, kenapa perlu tambahan vaksin MR iaitu untuk cegah Campak dan Rubela padahal ketika 9 dan 12 bulan bayi diberikan vaksin MMR kombinasi untuk Beguk, Rubela dan Campak?",https://x.com/AmirulA1253/status/1960741500700230033,1,0,0,66,NaN
328,mr_adityason,2025-08-27T10:41:42.000Z,"Yg vaksin siapa? Dokter kan? Mana tanggung jawabnya? Ente yg ngablu. Ditampar fakta sejelas ini msh ngeles.",https://x.com/mr_adityason/status/1960653945224802639,0,0,0,74,NaN
329,ucu19462270,2025-08-27T06:58:57.000Z,"kan td nanya selain vaksin gmn caranya..udah belajar ajaaa.. biar tambah pinterrrrrr, biar tau mnrt science, antibodi itu apa..fungsinya apaa dst..",https://x.com/ucu19462270/status/1960597887798403137,0,0,0,83,NaN
330,HerinoorCh,2025-08-27T01:17:53.000Z,"Bagaimana dgn vaksin MR yg mengandung enzim babi menurut madzab Hanbali, boleh tidak sbg preventif penyakit campak?",https://x.com/HerinoorCh/status/1960512057880772833,0,0,0,79,NaN
331,Ary_LFC,2025-08-26T21:26:09.000Z,"Nah ini yg paling logis... knp gak brani bilang bahwa klo ada efek samping vaksin, yg melakukan vaksinasi bertanggung jawab? Katanya dokter sekolahnya mahal, lama, susah, ahli dan berilmu... ditanya kok malah dijawab dgn pertanyaan lagi... pasti ini dokter muridnya Mulyono!",https://x.com/Ary_LFC/status/1960453741079093702,0,0,0,580,NaN
332,L_minWOOharu,2025-08-26T12:53:57.000Z,"waktu wabah polio merebak langsung bisa gercep nyediain vaksin kan itu terus langsung di distribusikan ke puskes sama sekolah sekolah.. skrg jg lg merebak campak yg sampai banyak meninggal jg langsung booster MR anak anak SD..  kapan vaksin demam berdarah jg masuk program ?",https://x.com/L_minWOOharu/status/1960324838759047612,0,0,0,550,NaN
333,risenshine777,2025-08-26T10:42:57.000Z,"Dok anak aku bulan depan 15 bulan, mau vaksin MMR tapi takut katanya bikin autis sama speech delay vaksin MMR itu? Kmrn pas 10 bulan udah vaksin MR.",https://x.com/risenshine777/status/1960291873957769664,0,0,0,16,NaN
334,Cnisaju,2025-09-29T13:37:42.000Z,"Anak masuk 9 bulan wkt jadwal vaksin mr, emaknya bukan takut vaksinnya tapi takut wkt nimbang bb anak",https://x.com/Cnisaju/status/1972657037776466285,0,0,0,23,NaN
335,ProfsStorm,2025-09-23T12:26:02.000Z,"⠀⠀⠀  Healer mengangguk, ""Sure, Mr. Vyshnevskiy. Anda sudah boleh pulang, jangan lupa lewat resepsionis lagi untuk diberikan kartu vaksin dan CBG¹.""  Sebagai salam perpisahan, ia memberi satu bingkisan kecil, ""See you around, boy. Be careful on your way back."" ⠀⠀⠀",https://x.com/ProfsStorm/status/1970464673662411005,0,0,0,111,NaN
336,SelangorLibrary,2025-09-12T02:36:54.000Z,"Program Imunisasi Tambahan Demam Campak oleh KKM   dapatkan suntikan vaksin MR (Measles & Rubella)   PERCUMA utk semua kanak-kanak warganegara & bukan warganegara yg lahir pada 1 Ogos 2020 – 31 Jan 2025 shj   13, 20 & 27 Sept 2025 (Sabtu)  8.30 pg – 2.30 ptg  PRTU",https://x.com/SelangorLibrary/status/1966330148422300124,0,0,0,148,NaN
337,radarmadiunweb,2025-09-10T07:01:56.000Z,"BIAS 2025 di Magetan targetkan 29 ribu lebih pelajar. Anak SD mendapat vaksin MR, TD, hingga HPV untuk mencegah penyakit menular.",https://x.com/radarmadiunweb/status/1965672069762326786,0,0,0,108,NaN
338,AlanUstad56,2025-09-09T00:18:37.000Z,"Terlihat sekali ya jika kelompok oselem itu sangat panik dengan ßabi. Padahal enak. Dan sahabat naby saat itu jg makan ßabi dari Yah udi.  Lucunya Vaksin MR Haji, malah ternuat dari enzim ßabi.  Wah.. terkejut aku",https://x.com/AlanUstad56/status/1965208185226363377,0,0,0,84,NaN
339,PACU_PMO,2025-09-06T02:15:20.000Z,"petugas kesihatan tanpa sebarang bayaran.  Antara yang menanti anda termasuklah analisis wajah (face analysis), suntikan vaksin influenza percuma untuk warga emas, serta suntikan MR percuma bagi kanak-kanak. Selain itu, ada juga saringan kesihatan dan kecergasan,",https://x.com/PACU_PMO/status/1964150392561807778,0,0,0,55,NaN
340,KKusumawardani,2025-09-05T13:16:41.000Z,"Babi. MR SII. Fatwa. dan tentu saja antivaxx gak vaksin sehat-sehat saja tuh. Cakupan di sana masih 30an%.",https://x.com/KKusumawardani/status/1963954437363532258,0,0,0,137,NaN
341,gembilihi,2025-09-04T08:27:30.000Z,"Eh bener bgt kenapa sih zionist, antivak dan 02 voters itu biasanya datang bersamaan dalam sanubari satu orang wkwkwk sok edgy dah.  Temen w ada yg pas covid ga vaksin, malas social distancing ga maskeran, trus pastinya zionist dan boom terakhir pamer I stand with mr.president.",https://x.com/gembilihi/status/1963519277518246086,0,0,0,13,NaN
342,MissChocolattes,2025-09-01T14:04:30.000Z,"ㅤ ㅤ ㅤ""Halo, selamat malam Ronan! Vaksin hari ini dengan saya ya, Mr Killiannya sedang berhalangan."" Ucap Chocolate sembari membenarkan jas hijau khas healernya.  ""Ditensi dulu ya,"" mulai memasangkan tensi meter pada lengan kiri Ronan. ㅤ ㅤ",https://x.com/MissChocolattes/status/1962516920525316350,0,0,0,57,NaN
343,AlanUstad56,2025-09-01T06:55:22.000Z,"Vaksin MR jamaah haji juga ternuat dari enzim ßabi. MUi juga gk masalah tuh...",https://x.com/AlanUstad56/status/1962408926047252868,0,0,0,723,NaN
344,Cnisaju,2025-10-13T12:41:12.000Z,"Besok anak gua mau vaksin mr aaa tidak aku takut dengan timbangan anakku",https://x.com/Cnisaju/status/1977716247832699031,0,0,0,30,NaN
345,SinarOnline,2025-10-04T09:40:44.000Z,"Sambil beli buku, dapatkan suntikan vaksin tambahan MR  Klinik Kesihatan Seksyen 7 tawar 30–50 dos vaksin MR percuma untuk kanak-kanak 6 bulan–5 tahun sempena Jualan Gudang Karangkraf 2025. #sinarharian #JualanGudang #Karangkraf",https://x.com/SinarOnline/status/1974409343413223462,0,0,0,572,NaN
346,MiraninonLita,2025-10-01T08:54:47.000Z,"(COPY) Mr Budi G Sadikin berkata suksesnya vaksin di Indonesia KARENA EFEK NEGATIF VAKSIN TIDAK TERLALU TEREKSPOSE (TERUNGKAP).",https://x.com/MiraninonLita/status/1973310614136299722,0,0,0,149,NaN
347,Mikarry_,2025-11-28T09:26:13.000Z,"Raina berjalan menuju St. Mungo, rumah sakit kesehatan Hogwarts, dengan perasaan yang campur aduk karena hari ini adalah jadwal vaksin, dan Raina harus bertemu dengan Mr. Kairo yang akan memberikannya vaksin.  "" Duh kenapa harus vaksin, gak mau disuntik.""",https://x.com/Mikarry_/status/1994337021272215806,0,0,0,50,NaN
348,demeter_mr,2025-11-27T04:41:10.000Z,"eh masih ada kerja yg persyaratannya vaksin?",https://x.com/demeter_mr/status/1993902898938564634,0,0,0,104,NaN
349,glowtweets,2025-11-25T16:37:02.000Z,"Seharusnya tidak ada 'tidak mampu vaksin', karena vaksin MR itu ada dipuskesmas dan gratis.",https://x.com/glowtweets/status/1993358274247508239,0,0,0,24,NaN
350,dravenorn,2025-11-25T11:33:03.000Z,"ᅠ Lalu mengangguk sekali lagi saat Mr. Everleight memintanya untuk mendongak. Tubuh bersandar ke belakang, dagu diangkat ke atas, sementara matanya menatap langit-langit ruangan dengan pandangan kosong. Meski begitu, ia terlihat amat siap menerima vaksin dari @MrEverleight. ᅠ",https://x.com/dravenorn/status/1993281776740188176,0,0,0,55,NaN
351,RudiFarthuaks,2025-11-11T11:29:55.000Z,"Undangan Kepolisian untuk di mintai keterangan itu kan biasa...!!  Pke kawal kawal segala...!!  Royi Panci GAGAP INDONESIA RAYA Cemen yaaa...!!  Halo dr TIVA TIVU VAKSIN...!! Siap bikin Vaksin Valsu di Penjara kan...???  Mr RESMONCONG  PAR BANUA HOLING...!! Apa kencing LANCAR..??",https://x.com/RudiFarthuaks/status/1988207557769654694,0,0,0,681,NaN
352,mr_kampretz,2025-11-03T02:21:50.000Z,"Emang aneh, binik aja gak jadi lanjut kenalan gara2 si co ngeremehin vaksin, ini malah lanjut  Gak kebayang ngobrol keseharian kayak apa.",https://x.com/mr_kampretz/status/1985170526013399118,0,0,0,110,NaN
353,daddyyuki,2025-01-20T13:36:21.000Z,"kok sama ya sama efek samping vaksin... padahal di jepang gak ada seblak",https://x.com/daddyyuki/status/1881334954610803029,0,0,0,103,NaN
354,garindabayumi,2025-01-17T22:20:08.000Z,"Kan kali aja ada efek samping dari vaksin",https://x.com/garindabayumi/status/1880379607783993575,0,0,0,35,NaN
355,AdyatamaBaskoro,2025-01-15T19:02:03.000Z,"Waktu covid vaksin nya Astra Zeneca bukan koh? Ada penelitian katanya Astra Zaneca efek samping nya banyak dan di rasakan hingga sekarang.",https://x.com/AdyatamaBaskoro/status/1879604981923471491,0,0,0,245,NaN
356,unexplnd,2025-01-15T02:15:57.000Z,"Zuckerberg: ""Mereka mendesak kami hapus hal-hal yang sebenarnya benar! yang mengatakan vaksin itu memiliki efek samping, harus dihapus""",https://x.com/unexplnd/status/1879351786613649830,0,0,0,296,NaN
357,nisrinarfh,2025-01-13T15:35:54.000Z,"Keanehan dunia lvl aku tu kmrn lusa vaksin sehari 2 + tes darah utk screening sblm vaksin. Ni 2 vaksin ga menunjukkan efek samping apa2 malah yg ada efek sampingnya adlh; bekas tes darah itu alias kulitku yg bekas plester tuh jd ruam gatel2 gt??!!",https://x.com/nisrinarfh/status/1878828324048511402,2,0,0,315,NaN
358,Brandanara,2025-01-12T22:10:51.000Z,"Intinya?   Berarti program vaksin covid itu tidak baik untuk tubuh?   Ada efek samping yang mungkin merugikan manusia?",https://x.com/Brandanara/status/1878565328424505692,0,0,0,78,NaN
359,daddyyuki,2025-02-27T01:51:22.000Z,"Selama DEPKES masih menutupi aib maka kami tdk dapat info yg jelas masalah isi vaksin. kami hanya bisa menggumpulkan data efek samping yg dikeluhkan dan di laporkan.  menurut info dari dokter² bahwa semua vaksin pasti ada side efek nya. sayangnya byk yg tdk mengakui itu.",https://x.com/daddyyuki/status/1894928280492613674,0,0,0,430,NaN
360,natureadmirer8,2025-02-26T15:48:33.000Z,"Tadi pagi baru baca berita, di kabupatenku banyak orangtua pelajar wanita yang menolak vaksin HPV karena takut efek samping",https://x.com/natureadmirer8/status/1894776575843086681,0,0,0,171,NaN
361,landa_0313,2025-02-24T08:46:30.000Z,"banyak bgt 4× kak aku dksh tau vaksin itu banyak efek samping ny ke tubuh di tmpt aku kerja jadi ya disuruh gak usah vaksin dan untung lah enggak",https://x.com/landa_0313/status/1893945586543460371,0,0,0,53,NaN
362,MiraninonLita,2025-02-18T21:58:41.000Z,"(Terjemahan)  CLASS ACTION KORBAN VAKSIN HPV  !!!   Pengacara kami sedang meninjau tuntutan hukum vaksin Gardasil ... untuk korban yang MENDERITA EFEK SAMPING DARI VAKSIN HPV GARDASIL.  Kematian dan cedera telah dikaitkan dengan vaksin ini.",https://x.com/MiraninonLita/status/1891970618049831070,0,0,0,164,NaN
363,jsehyuno,2025-02-17T02:22:52.000Z,"Vaksin coklatnya udah aman, kan? Yang penting gak ada efek samping tiba-tiba jadi ketagihan terus nagih tiap hari. Kalo kayak gitu, nanti aku harus stok lebih banyak lagi buat kamu sama member. Tapi kayaknya biar itu bagian tugasnya captain kamu.",https://x.com/jsehyuno/status/1891312328718635391,0,0,0,27,NaN
364,djedjeandrea,2025-02-16T07:58:03.000Z,"Ada yang bilang namanya graphene oxide, itu kan program si Bill Gates, Bill Gates pernah bilang efek samping vaksin akan terlihat dalam 2 tahun ke depan, ya ini udah lebih dari 2 tahun, hasilnya ? Gangguan psikologis. Dulu aku ada videonya soal Bill Gates itu tapi kehapus.",https://x.com/djedjeandrea/status/1891034290000888176,0,0,0,45,NaN
365,bukanpanda69,2025-02-15T22:13:31.000Z,"Kebetulan aku tahun 2024 lalu umroh kak. Gak ada masalah kak. Aman lancar karena gak ada pemeriksaan hiv juga. Arv di tas pun gak digeledah sama sekali. Vaksin menengitispun aman gak ada efek samping.",https://x.com/bukanpanda69/status/1890887190751641624,0,0,0,275,NaN
366,samoodraa,2025-02-12T14:43:13.000Z,"Kenapa juga infonya mendadak sih soal vaksin vaksin ini.. KENAPA GA DARI MINGGU LALU??? Ini pikiran dah ruwet mau orientasi magang malah ketambahan beban efek samping vaksin",https://x.com/samoodraa/status/1889686704681865444,0,0,0,55,NaN
367,TurnBackHoax,2025-02-12T06:18:41.000Z,"Wakil Direktur CDC Akui Vaksin Covid Bikin Tubuh Lemah dan Mudah Sakit     • Deputy Director CDC Tom Shimabukuro menyebut frasa “debilitating illnesses” yang berarti kondisi tubuh melemah. Namun, tidak menyatakan kondisi tersebut merupakan efek samping yang dikonfirmasi",https://x.com/TurnBackHoax/status/1889559732245102614,0,0,0,286,NaN
368,daddyyuki,2025-02-11T11:11:21.000Z,"sebagai org tua harus faham. 1. beda virus dan bakteri 2. jenis vaksin ( fresh vax, Rekayasa genegik) 3. isi dari masing² vax itu apa 4. Cara kerja masing² vax 5. efek samping jangka pendek dan panjang 6. Dok mengakui kah efek² tersebut 7. Shedding itu apa. 8. alternatif ex vax",https://x.com/daddyyuki/status/1889270995950895141,0,0,0,174,NaN
369,MrElliote,2025-02-08T14:12:35.000Z,"ㅤ “Besok mencoba metode lain?” Ia menuliskan beberapa catatan ke dalam kartu vaksin. “Tentu. Sebelum itu, saya hendak memberikan beberapa catatan. Apabila ada efek samping seperti demam, mual, kesulitan bernafas, atau kesehatan menurun drastis lainnya bisa kembali kemari.” ㅤ",https://x.com/MrElliote/status/1888229443170345098,0,0,0,66,NaN
370,MrElliote,2025-02-08T10:59:21.000Z,"ㅤ “Besok mencoba metode lain?” Ia menuliskan beberapa catatan ke dalam kartu vaksin. “Tentu. Sebelum itu, saya hendak memberikan beberapa catatan. Apabila ada efek samping seperti demam, mual, kesulitan bernafas, atau kesehatan menurun drastis lainnya bisa kembali kemari.” ㅤ",https://x.com/MrElliote/status/1888180813877104732,0,0,0,50,NaN
371,sitamanda,2025-02-08T02:46:08.000Z,"Gw juga kudu disclaimer bahwa gw percaya benefit vaksin pad komunitas jauh lebih besar dibanding risiko munculnya efek samping.",https://x.com/sitamanda/status/1888056692983927057,0,0,0,138,NaN
372,receivve,2025-03-30T00:49:26.000Z,"Suhu badan sangat normal, pip pup oke, gak ada muntah, makan minum juga aman (df, wf recovery, creamy treats semua masuk), pecicilan jelas iya. Alhamdulillah efek samping vaksin Ultra cuma demam sedikit sama nafsu makan sedikit turun. Sehat terus ya Ul pokoknya",https://x.com/receivve/status/1906146715062907001,0,0,0,74,NaN
373,receivve,2025-03-29T14:42:07.000Z,"Suapin RC Recovery lagi, abis lumayan banyak. Minum juga aman. Suhu tubuh berangsur-angsur normal.  Pas sore disuapin wf tadi dia udah nyoba kabur. Kayaknya efek samping vaksin ga lama nih di Ultra, karena dia stray cat mungkin lebih kuat aja kali ya  Bismillah pokoknya sehat.",https://x.com/receivve/status/1905993882073989230,0,0,0,56,NaN
374,daddyyuki,2025-03-29T07:33:33.000Z,"Di Jepang juga, tahun demi tahun efek samping dari makan pecel Lele terus bertambah   ※ Ginjal para rusak karena efek samping vaksin.  Otot larut dalam darah, menyumbat dan memberi tekanan pada ginjal dan menyebabkan gagal ginjal.",https://x.com/daddyyuki/status/1905886029321740770,0,0,0,558,NaN
375,aureliald,2025-03-25T19:42:56.000Z,"Efek samping vaksin: Demam  Tiba tiba banyak ketawa   Yaallah anak gue kenapa",https://x.com/aureliald/status/1904620033151479909,0,0,0,57,NaN
376,haibundacom,2025-03-25T08:41:26.000Z,"Mengenal Vaksin Tifoid untuk Anak, Manfaat, Efek Samping, dan Jadwal Pemberiannya",https://x.com/haibundacom/status/1904453558499713075,0,0,0,46,NaN
377,erlinaburhan,2025-03-24T07:23:57.000Z,"Seperti vaksin lain, vaksin TB baru bisa menimbulkan KIPI (Kejadian Ikutan Pasca Imunisasi) seperti nyeri di tempat suntikan, demam, atau gatal. Penelitian dilakukan dengan ketat, peserta dipantau setelah vaksinasi, & jika ada efek samping, semua biaya ditanggung asuransi.  (EB)",https://x.com/erlinaburhan/status/1904071674494149096,0,0,0,618,NaN
378,BinderClips155,2025-03-19T04:56:09.000Z,"gblk!!! org sakit krn gaya hidup tdk sehat kok yg dituduh efek samping vaksin. kalo mmg vaksin penyebab nya pasti dampak yg diterima sangat luas hingga scr global. tapi ini apa adem ayem doang org mah normal normal aja.",https://x.com/BinderClips155/status/1902222539604025735,0,0,0,30,NaN
379,MiraninonLita,2025-04-27T04:57:07.000Z,"Ini berita valid. 28Apr2024 AstraZeneca admits its Covid vaccine can cause rare side effect in court documents for first time/  AstraZeneca mengakui vaksin Covid-nya dapat menyebabkan efek samping yang langka dalam dokumen pengadilan untuk pertama kalinya  https://telegraph.co.uk/news/2024/04/28/astrazeneca-admits-covid-vaccine-causes-rare-side-effect/…",https://x.com/MiraninonLita/status/1916355909712023588,0,0,0,286,NaN
380,MiraninonLita,2025-04-27T03:56:21.000Z,"28 APRIL 2024 ASTRAZENECA admits its Covid vaccine can cause rare side effect in  court documents for first time.  /  AstraZeneca mengakui vaksin Covid-nya dapat menyebabkan efek samping yang langka dalam dokumen pengadilan untuk pertama kalinya  https://telegraph.co.uk/news/2024/04/28/astrazeneca-admits-covid-vaccine-causes-rare-side-effect/…",https://x.com/MiraninonLita/status/1916340615136121309,0,0,0,76,NaN
381,Hari01892872,2025-04-24T02:18:40.000Z,"vaksin itu memiliki efek samping jangka panjang.. yg akhir2ni banyak muncul artikel2 penelitian terbaru,, semakin dini anak diberi vaksin,, semakin besar efek sampingnya..",https://x.com/Hari01892872/status/1915228870955126808,0,0,0,92,NaN
382,hanan052020,2025-04-21T00:29:21.000Z,"""Produsen vaksin memiliki perlindungan hukum terhadap efek samping vaksin"" Kenapa demikian? ya jelas krn big pharma tsb yg bukan membuat kebijakan-kebijakan, serta bukan mereka juga yg legalkan produk untuk diberikan ke publik. Yg menyuntik juga bukan mereka tapi petugas publik.",https://x.com/hanan052020/status/1914114197593690121,0,0,0,238,NaN
383,MrAudebert,2025-04-19T07:13:03.000Z,"ㅤ ""Karena sudah keren sekali berani suntik vaksin, saya ada hadiah untukmu. Sekarang sudah boleh pulang dan istirahat. Kalau ada efek samping, boleh datang lagi kemari. Terima kasih sudah datang!"" Ucapnya sembari tersenyum.   ( @AsKurosawa ) ㅤ",https://x.com/MrAudebert/status/1913491013823504443,0,0,0,83,NaN
384,MrAudebert,2025-04-14T14:23:52.000Z,"ㅤ  Pasiennya itu memberikan respon positif. Ia lantas kembali ke mejanya, dan mengeluarkan sesuatu. ""Kalau ada efek samping yang terasa, kamu boleh kembali lagi kemari. Ini ada sedikit hadiah untukmu karena sudah vaksin. Terima kasih sudah datang!"" Ucapnya.  ( @selcoush ) ㅤ",https://x.com/MrAudebert/status/1911787495756599788,0,0,0,66,NaN
385,es_twr,2025-04-14T14:20:34.000Z,"Oiya efek samping vaksin jadi demam emang. Mudah2an besok udah gapapa ya Pras.",https://x.com/es_twr/status/1911786661907939398,0,0,0,21,NaN
386,orepras,2025-04-14T14:19:07.000Z,"kemarin abis vaksin, hari ini demam tinggi mba kata dokter bisa jadi efek samping vaksinnya  sekarang udah istirahat sih mba, tidur. doain yaa",https://x.com/orepras/status/1911786299230658918,0,0,0,61,NaN
387,daddyyuki,2025-04-12T09:56:53.000Z,"di Jepang efek samping vaksin sudah bukan hanya katanya tapi sdh di bicarakan di rapat kabinet bahkan sudah di sidangkan.",https://x.com/daddyyuki/status/1910995531197038825,0,0,0,59,NaN
388,MrAudebert,2025-04-12T06:13:15.000Z,"ㅤ ""Kalau ada sesuatu yang terasa sebagai efek samping, jangan ragu untuk datang kembali. Terima kasih sudah datang, sudah boleh pulang!"" Gumamnya menyudahi kegiatan vaksin dan memperbolehkan muda itu pulang.  ( @octgh ) ㅤ",https://x.com/MrAudebert/status/1910939251644219512,0,0,0,47,NaN
389,_avocado221,2025-04-07T13:43:29.000Z,"Aku belum pernah sih, kata temen ku efek samping nya tergantung jenis vaksin/dosisnya kan ada beberapa type tuh yang gardasil. Tapi aku pernah observasi anak dibawah 25th yang pake vaksin HPV jenis Cervarix  aman sih setelah 2 kali dosis ga ada gejala yang gimana gimana",https://x.com/_avocado221/status/1909240614568468605,0,0,0,264,NaN
390,ArtaN7707,2025-05-30T13:42:52.000Z,"""Ada demam, ada peningkatan suhu pada awal dan itu sama dengan vaksin pada umumnya""  (Taruna Ikrar, 15 Mei 2025)  Hemmmm  15/5/2025: BPOM Ungkap Efek Samping Uji Coba Vaksin TBC Bill Gates  https://tempo.co/politik/bpom-ungkap-efek-samping-uji-coba-vaksin-tbc-bill-gates-1443994…  #TurunkanGibranAdiliJokowi  #TurunkanGibranAdiliJokowi",https://x.com/ArtaN7707/status/1928447015941222787,0,0,0,213,NaN
391,omonomonsiemon,2025-05-30T09:57:49.000Z,"Itu bisa jadi hipermpigmentasi! Krn matahari  Penyakit bawaan  Luka  Efek samping obat/bahan Kimia  Nah, kan doi pejabat pertama disuntik masa covid, bisa jadi tuh krn suntikan yg bisa vaksin bisa boongan! Nah yg boongan ini yg dikhawatirkan jd penyebabnya  Hnya asumsi liar",https://x.com/omonomonsiemon/status/1928390382678692321,0,0,0,1,NaN
392,dponeglyph,2025-05-29T05:56:49.000Z,"Bukti nya banyak yg punya penyakit berat meninggal itu org yang udh di vaksin. Krna efek samping vaksin itu. Dan efek samping vaksin itu ditutupin sama kemenkes dan media",https://x.com/dponeglyph/status/1927967343180927330,0,0,0,115,NaN
393,DSwibi,2025-05-28T17:23:35.000Z,"Efek samping vaksin bilgets apa ya? Jadi gasabar liat sikon indonesia",https://x.com/DSwibi/status/1927777787185602834,0,0,0,36,NaN
394,june_one,2025-05-28T17:01:29.000Z,"Sepertinya kena efek samping vaksin jadi otaknya nggak jalan. Udah banyak bukti dimedia masih dibilang hoax  atau emang sales vaksin jadi takut vaksinnya nggak laku ?",https://x.com/june_one/status/1927772224368341225,0,0,0,48,NaN
395,SupratmanAndang,2025-05-28T06:20:58.000Z,"Sesungguhnya segala efek samping akibat penggunaan vaksin itu adalah tg jawab produsen dan hrs diketahui sebelum digunakan scr umum. Uji klinis serta uji apapun, tdk cukup sebulan dua bulan,hrs smp dinyatakan aman. Bila tdk,ini merupakan kesengajaan & kejahatan thd kemanusiaan.",https://x.com/SupratmanAndang/status/1927611032345911662,0,0,0,31,NaN
396,Miftakhul300824,2025-05-27T23:14:01.000Z,"Kek lo nggak bisa berfikiran jernih otak udah konslet tinggal nunggu ajah efek samping covid vaks bereaksi di tubuh lo...lah dia menteri kesehatan yang juga dokter bukan asal njalanin agenda asing lah lo percaya mendewakan vaksin",https://x.com/Miftakhul300824/status/1927503589414441345,0,0,0,46,NaN
397,jimmybon86,2025-05-27T13:51:36.000Z,"Kami (masyarakat Indonesia) boleh mendapatkan surat kompensasi/guarantee dari @KemenkesRI gak semisalnya terjadi efek samping bahkan penyakit lain muncul krn vaksin tsb?? Kami bukan kelinci percobaan!!!",https://x.com/jimmybon86/status/1927362053078962484,0,0,0,57,NaN
398,AskPerplexity,2025-05-27T13:34:38.000Z,"Saat ini, vaksin terbaru yang didukung Bill Gates adalah vaksin TBC M72/AS01E, yang sedang diuji coba di beberapa negara termasuk Indonesia.  Belum ada data resmi tentang ""doksin tinggi"" (mungkin maksudnya dosis atau efek samping tinggi) dari vaksin ini, karena masih dalam tahap",https://x.com/AskPerplexity/status/1927357780068884614,0,0,0,81,NaN
399,sllysherryl,2025-05-27T06:59:36.000Z,"kalo habis vaksin efek samping paling ngeselin tuh demam, semoga demamnya ga lama lama ya aikoo!!",https://x.com/sllysherryl/status/1927258369024221599,0,0,0,16,NaN
400,kraken691085,2025-05-27T05:41:47.000Z,"mau tau pendapat penyepong pro vaksin apa saja(tanpa tau historynya). kemaren2 dah banyak pro vaksin covid yg menyesal divaksin karna sekarang terbuka borok2 vaksin covid itu mempunyai efek samping.wkwkkwkwkwk (bill gates kalian percaya,di amerika aja dia banyak dicaci org2)",https://x.com/kraken691085/status/1927238786896765104,0,0,0,56,NaN
401,zxfffrr,2025-05-27T02:36:31.000Z,"Tu kan pejabatnya aja gamau disuntik duluan, malah ngumpanin rakyatnya Nanti kalo ada efek samping dari vaksin yg kena ya rakyat duluan",https://x.com/zxfffrr/status/1927192161444913556,0,0,0,59,NaN
402,YashaOki,2025-05-27T01:59:35.000Z,"sudah jelas mengandung efek samping. Fyi;vaksin adalah virus itu sendiri yg modifikasi sedemikian rupa sehingga menjadi antivirus. SDH SDH lah covid covitan..Singapura,Tiongkok.cpt nyebar krn warganya suka makan (daging babi/mknn non halal).",https://x.com/YashaOki/status/1927182866657546464,0,0,0,78,NaN
403,MrAudebert,2025-06-28T07:34:07.000Z,"⠀ Ia tersenyum. Senang rasanya mendengar bahwa pasien tidak mengalami kesulitan saat vaksin. ""Kalau begitu, sudah selesai. Kalau ada gejala efek samping seperti demam atau apapun, boleh kembali lagi kemari."" ⠀",https://x.com/MrAudebert/status/1938863467869675933,0,0,0,44,NaN
404,msJnlee0023,2025-06-28T01:05:33.000Z,"dri vaksin ada efek samping, apd kena korup. Besok aja sekalian tu virus makan sendiri sama yg korup",https://x.com/msJnlee0023/status/1938765681274822893,0,0,0,4,NaN
405,MiraninonLita,2025-06-24T18:55:41.000Z,"GUGATAN VAKSIN HPV GARDASIL  Bantuan Hukum untuk Efek Samping Gardasil.  Apa isi Vaksin Gardasil? : POLYSORBATE80 !!!  Gardasil HPV Vaccine Lawsuit- Legal Help for Gardasil Side Effects. What's in the Gardasil Vaccine? : POLYSORBATE 80  !!!",https://x.com/MiraninonLita/status/1937585436882534419,0,0,0,156,NaN
406,daddyyuki,2025-06-24T02:12:46.000Z,"silahkan search saja 「stevens Johnson syndrom dose」atau 「stevens Johnson syndrom vaccine」tertulis juga di kertas panduan efek samping vaksin influenza (mRNA) juga.  atau tanya ke dokter @dokter_kampung apakah benar SJS adalah efek samping resmi dari beberapa obat dan vaksin.",https://x.com/daddyyuki/status/1937333043402015047,0,0,0,123,NaN
407,meow_meng_,2025-06-22T12:02:06.000Z,"Dulu habis vaksin covid, efek samping vaksin kyk ngantuk banget, laper banget, ato lengan pegel banget seharian, itu kerasa banget nggak, kak?",https://x.com/meow_meng_/status/1936756578323202557,0,0,0,125,NaN
408,cinderceIa,2025-06-17T14:01:49.000Z,"Tapi aku sudah minum vitamin D juga masih ngga ngaruh sih Kayanya emang karena stress dan efek samping dari vaksin kemarin (bisa jadi)",https://x.com/cinderceIa/status/1934974768488534023,0,0,0,69,NaN
409,citrangs,2025-06-16T03:41:15.000Z,"iya kak krn keburu melahirkan waktu itu, cuma saranku ttp vaksin dulu ya kak. Puji Tuhan ga ada efek samping nya kak, anak anaknya sehat sampe skrg. paling abis steril aja itu pada oleng dan misalnya makan sendiri mereka muntah, tp h+1/2 uda normal lg",https://x.com/citrangs/status/1934456207684825458,0,0,0,91,NaN
410,jondivar,2025-06-16T00:59:30.000Z,"Banyak Pasien dirumah sakit kesana setelah di vaksin covid ditambah akan beredar vaksin tbc. Hampir 90% org yg mengalami gagal ginjal, serangan jantung, kaki, dll itu diakibatkan efek samping dari vaksin covid ditambah ntr lagi vaksin tbc..",https://x.com/jondivar/status/1934415504405590115,0,0,0,171,NaN
411,inspiresyen,2025-06-15T08:51:50.000Z,"Alhamdulillah ga kerasa efek samping vaksin tapi kenapa malah satu badan yang rasanya pengen copot yak",https://x.com/inspiresyen/status/1934171981991268618,0,0,0,71,NaN
412,temu28,2025-06-14T03:25:52.000Z,"Mbah Nun adalah orang yang turut menyarankan melakukan vaksin covid 19. Pendarahan otak yang terjadi pada mbah Nun onok hubungane kambek efek samping vaksin covid 19 gak yo? https://x.com/bengkeldodo/st/bengkeldodo/status/1933136739570417927…",https://x.com/temu28/status/1933727562720833897,0,0,0,76,NaN
413,naebilae,2025-06-11T13:53:55.000Z,"halo kakk sebelumnya maaf nimbrung sedikit. kamu udah sterilin kucingmu di oye petshop? posisi kucingmu sudah vaksin blm ya? aku tgl 18 juni besok mau steril kucingku tp ragu krn kucingku blm vaksin (tp katanya gpp). boleh review sedikit ga kak kucingmu ada kena efek samping gak?",https://x.com/naebilae/status/1932798454633570763,0,0,0,66,NaN
414,widadawidiw,2025-06-09T04:46:05.000Z,"Nope. Jangan nder. Di US uda byk efek samping vaksin HPV bahkan byk yg smpe lumpuh dan ga bs punya anak. Jd mending jaga pola hidup sehat sm naikin imun. Hidup happy biar stress menjauh. Better kamu save itu duit buat tabungan.",https://x.com/widadawidiw/status/1931935809210568794,0,0,0,374,NaN
415,PartaiPonsel,2025-06-07T12:51:30.000Z,"Itu namanya Vitiligo alias Baros. Penyakit autoimun. Bisa krn efek samping vaksin, akibat stress atau akibat supranatural. Tapi perubahan pada JKW sangat cepat menyebar.",https://x.com/PartaiPonsel/status/1931333195154309434,0,0,0,212,NaN
416,hizbnashor,2025-06-04T18:53:42.000Z,"Patut dicurigai vaksin saat itu ,karena banyak yg mengalami efek samping",https://x.com/hizbnashor/status/1930337182587466029,0,0,0,25,NaN
417,hizbnashor,2025-06-04T18:50:08.000Z,"Gatal dilengan apakah ditempat suntikan vaksin Jokowi saat covid19. Banyak yang di vaksin saat itu mengalami efek samping bermacam-macam",https://x.com/hizbnashor/status/1930336284767334704,0,0,0,92,NaN
418,MrAudebert,2025-07-30T06:53:32.000Z,"⠀ Plunger ditekan secara perlahan, sampai seluruh dosis masuk dengan sempurna. Setelahnya, ia menyimpan bekas vaksin tersebut ke tempat yang disediakan. ""Sudah selesai, apakah sakit atau terasa efek samping seperti pusing atau mual, Bu?"" tanyanya pada @MissValenielle. ⠀",https://x.com/MrAudebert/status/1950449664383410671,0,0,0,46,NaN
419,MrAudebert,2025-07-29T06:03:26.000Z,"⠀ Menit berselang, vaksinasi telah selesai. Tatapnya lekat pada @NoirOfNacht, sembari meletakkan bekas vaksin pada tempat yang tersedia. ""Sudah selesai, apakah ada sakit atau ada efek samping yang terasa?"" tanyanya. ⠀",https://x.com/MrAudebert/status/1950074671350579225,0,0,0,96,NaN
420,OxanaRen,2025-07-28T07:58:34.000Z,"Bisa jadi efek samping vaksin copet",https://x.com/OxanaRen/status/1949741254172123293,0,0,0,93,NaN
421,yuansiensean,2025-07-27T03:19:35.000Z,"Baru tau vaksin BCG kita ma sana beda ya. Ternyata jarumnya banyak efek samping minimal. Tapi   pas disuntiknya pasti lebih kerasa kan",https://x.com/yuansiensean/status/1949308658392900022,0,0,0,234,NaN
422,MrAudebert,2025-07-25T07:09:17.000Z,"ㅤ Kembali, ia mengembangkan senyum di wajahnya. Lakunya membuang bekas vaksin tersebut pada tempat yang tersedia, lalu kembali duduk di kursinya. ""Kalau begitu sudah selesai, setelah ini apabila ada efek samping yang terasa boleh kembali kemari."" Jelasnya. ㅤ",https://x.com/MrAudebert/status/1948641691512307927,0,0,0,24,NaN
423,kumparanMOM,2025-07-24T04:44:09.000Z,"Beberapa orang tua merasa khawatir dengan efek samping vaksin, seperti demam atau nyeri, sehingga ragu untuk membawa anak vaksin. #momsupdate #moms #update #text",https://x.com/kumparanMOM/status/1948242778984792515,0,0,0,310,NaN
424,LimpatraB,2025-07-23T14:18:36.000Z,"seharusnya mrka sudah dapat edukasi tentang vaksin setelah melahirkan ataupun sebelum, yang kasian nanti bayi nya kalo nggak dikasih vaksin, bahaya besar dan tenaga kesehatan punya SOP tentang sesudah tindakan edukasi tentang efek samping, dan ibu harus apa tentang efek samping",https://x.com/LimpatraB/status/1948024955125534735,0,0,0,34,NaN
425,MrAudebert,2025-07-23T06:38:33.000Z,"⠀ Selesai dengan apa yang dilakukan, ia menyimpan bekas vaksin ke tempat yang tersedia. ""Sudah selesai, bagaimana rasanya? Apakah ada efek samping yang terasa?"" tanyanya pada @galliox. ⠀",https://x.com/MrAudebert/status/1947909178288443438,0,0,0,45,NaN
426,mommiesdaily,2025-07-21T04:00:01.000Z,"Vaksin HPV bertujuan cegah kanker & kutil kelamin. Efektif diberikan sebelum aktif secara seksual dengan harga yang ditawarkan mulai Rp 600.000 ribu/dosis.",https://x.com/mommiesdaily/status/1947144507277050265,0,0,0,585,NaN
427,daddyyuki,2025-07-19T01:11:39.000Z,"masuk ke akun saya dan search “ginjal” disitu banyak saya bahas efek samping dari vaksin yg merusak ginjal.  ini salah satunya",https://x.com/daddyyuki/status/1946377361865204108,0,0,0,58,NaN
428,Elaradreams,2025-07-15T17:31:10.000Z,"Ketiduran pas jam kerja. Mana lagi sibuk2 nya lagih, tidur sambil duduk dikursi dgn tumpuan meja beserta laptop  ini tuh grgr efek di vaksin covid pertama, dan efek samping nya gua jadi gampang bgt turu.",https://x.com/Elaradreams/status/1945174313792934108,0,0,0,137,NaN
429,moncherie94,2025-07-11T15:15:43.000Z,"sayur buah disemprot pestisida, belum lagi makanan minuman UPF berseliwiran dimana2, jenis vaksin makin banyak tapi beberapa vaksin lebih banyak efek samping drpd manfaatnya. Ga heran makin banyak orang sakit padahal masih muda. Mau jaga makan ajah harus super ekstra sekarang",https://x.com/moncherie94/status/1943690674135597295,0,0,0,67,NaN
430,SumandoGaek,2025-07-09T11:55:33.000Z,"Sudah banyak bayi/anak tak berdosa jadi korban efek samping vaksin, walau selalu tak diakui. Karena vax / imunisasi tak boleh salah. Kalau salah nanti jualannya nggak laku.",https://x.com/SumandoGaek/status/1942915525052620908,0,0,0,150,NaN
431,tonojombang,2025-07-08T07:22:43.000Z,"EFEK SAMPING VAKSIN COVID BERJILID ITU SIH SAYA RASA DAN YAKIN 10000%.",https://x.com/tonojombang/status/1942484477231653035,0,0,0,6,NaN
432,moncherie94,2025-07-04T15:00:53.000Z,"Efek vaksin covid kah? Pengen berburuk sangka sih. Kalo sampai bener efek samping vaksin, semoga yg menciptakan virus covid, vaksin covid dan pemerintah2 di indonesia yg ikut ngewajibin vaksin bisa menanggung dosa2 orang yg meninggal",https://x.com/moncherie94/status/1941150227978920327,0,0,0,109,NaN
433,MrAudebert,2025-07-03T07:33:45.000Z,"ㅤ Sekon kemudian, proses vaksin telah selesai. Ia menyimpan bekas vaksin yang digunakan, kemudian kembali ke kursi kerjanya. ""Sudah selesai. Apakah sakit atau terasa efek samping apapun, Pak?"" tanyanya pada @MrGRavindra. ㅤ",https://x.com/MrAudebert/status/1940675313878614350,0,0,0,44,NaN
434,MiraninonLita,2025-07-03T06:14:39.000Z,"@grok gejala tidak cocok dengan efek samping vaksin ? Memangnya apa gejala yg dialami Trio ? Dan apa gejala efek samping Covishield  ? Berbedanya bagaimana? Jawab semua pertanyaan ini",https://x.com/MiraninonLita/status/1940655406688489692,0,0,0,49,NaN
435,satzchoochoo,2025-08-30T10:52:47.000Z,"Membuat banyak orang percaya bahwa suntikan eksperimental vaksin itu aman tanpa efek samping berbahaya mereka saja bisa, apalagi membuat kerusuhan sebuah negara saat demonstrasi dengan menguasai ekonomi dan memberi asupan dana. Hati2 teman2 yang sedang berdemo saling jaga.",https://x.com/satzchoochoo/status/1961743897580990934,0,0,0,43,NaN
436,satzchoochoo,2025-08-29T03:05:24.000Z,"Udah paling bener anggota DPR RI diem aja dulu wkwk masih aja merasa diri selalu benar dan tidak pernah ada kesalahan. Sama halnya dengan suntikan vaksin eksperimental paksa kemarin tidak merasa ada suatu kesalahan dan efek samping berbahaya. Hati2 lho pemerintah dan DPR.",https://x.com/satzchoochoo/status/1961263890576412744,0,0,0,30,NaN
437,cemitimas71,2025-08-28T04:35:24.000Z,"Jelas-jelas kandungan vaksin bisa dibaca di insert package yang ada di dalam kemasan ampul vaksin dari pabrik, apa sudah dibaca semua? Kalau sudah dibaca semua, apa sudah disearching apa efek samping setiap bahan yang ada di dalam vaksin?",https://x.com/cemitimas71/status/1960924151717462458,0,0,0,31,NaN
438,ultima_kawaii,2025-08-27T10:59:03.000Z,"1. Apakah yang bermasalah semua vaksin mRNA atau cuma pada kasus vaksin Covid-19?  2. Bagaimana vaksin menyebabkan efek samping tadi?  3. Bagian apa dari vaksin yang menyebabkan efek samping? Formulasi? Adjuvant? Antigen? Atau komponen lain dalam formulasi vaksin tadi",https://x.com/ultima_kawaii/status/1960658310895374467,0,0,0,40,NaN
439,ultima_kawaii,2025-08-27T10:59:02.000Z,"Beberapa isu hangat terkait vaksin diantaranya ada laporan vaksin covid-19 berbasis mRNA yang menyebabkan beberapa efek samping seperti thrombosis dan myocarditis. Sebelum langsung menjudge Klo vaksin mRNA ini ga aman, sebaiknya kita telaah perlahan lebih dulu",https://x.com/ultima_kawaii/status/1960658308282335648,0,0,0,45,NaN
440,bragazoel,2025-08-27T09:33:36.000Z,"Punya kekebalan alami, setiap makanan halal dimakan, Insyallah jadi filter atas efek samping semua makanan. Makanya di Islam ada makanan halalan thoyibah, itu sudah vaksin alami",https://x.com/bragazoel/status/1960636807189815675,0,0,0,17,NaN
441,ch4o5Myth,2025-08-27T08:49:07.000Z,"memangnya ada kasus efek samping serius vaksin di indonesia dimana dokter, kemenkes, menkes, BPOM, IDAI  tanggung jawab?  yang selalu digembar-gemborkan KOMNAS KIPI pun , efek negatif yang ringan2 aja, sambil koar2 aman!",https://x.com/ch4o5Myth/status/1960625614714757297,0,0,0,63,NaN
442,uhatuka,2025-08-27T08:42:12.000Z,"nih kalo mau bahas efek samping vaksin dan tidak. sudah jelas lebih besar angka tidak tapi kalian tutup mata soal itu.",https://x.com/uhatuka/status/1960623871792497000,0,0,0,32,NaN
443,uhatuka,2025-08-27T08:41:16.000Z,"saya tanya memangnya ada kasus efek samping vaksin di indonesia yang dimana dokter lepas tanggung jawab setelah memberikan? kamu sendiri tau KIPI gak? semua juga ada efek sampingnya. mau divaksin apa tidak. salah efek samping yaitu KIPI dan gak semua anak bisa dapet",https://x.com/uhatuka/status/1960623636420739303,0,0,0,31,NaN
444,AtomicData1,2025-08-27T00:40:37.000Z,"Dari 4 jenis vaksin, semuanya pasti ada resikonya alias ada efek samping yg diterima.  Coba ada ga kandungan vaksin yg disebarkan ke publik itu apa saja?",https://x.com/AtomicData1/status/1960502676279713867,0,0,0,1,NaN
445,SumandoGaek,2025-08-26T16:45:56.000Z,"Selama ini apakah ada tanggung jawab pemerintah yg transparan soal efek samping vaksin?  Jika ayah dari anaknya tak menyetujui dipastikan dia punya alasan kuat. Lagi pula vaksinasi itu pilihan bukan paksaan. Semua pilihan pasti ada resiko.",https://x.com/SumandoGaek/status/1960383219041472754,0,0,0,575,NaN
446,illugea,2025-08-26T14:51:54.000Z,"Kakak aku juga takut dan gak mau anaknya divaksin. Dia kemakan sama konten2 diluar sana tentang efek samping vaksin, yang tentu aja pembahasannya dibuat menakutkan.  Padahal udah ku jelasin sedemikian rupa tapi dia lebih percaya sama konten2 itu daripada adiknya yang apoteker",https://x.com/illugea/status/1960354522175291732,0,0,0,360,NaN
447,afrkml,2025-08-26T14:44:46.000Z,"Mau mainan angka?  Efek samping vaksin serius (misal reaksi alergi berat) biasanya <1 per 1 juta dosis.  Risiko kematian akibat campak bisa 1–3 per 1.000 kasus.  Sementara kasus di Sumenep, 2000 anak kena, & 16 di antaranya meninggal.  Alih2 3:1000, rasionya jadi 8 per 1000!!!",https://x.com/afrkml/status/1960352725834829999,0,0,0,2,NaN
448,afrkml,2025-08-26T14:41:53.000Z,"Kenapa ya argumentasi antivaks selalu berkutat soal dipaksa & efek samping?  Kita ga denial setiap intervensi medis punya efek samping, obat jg gitu, vaksin pun iya.  Tapi, risiko efek samping vaksin JAUH LEBIH KECIL dibanding risiko meninggal akibat penyakit krn ga divaksin",https://x.com/afrkml/status/1960352001503764880,0,0,0,10,NaN
449,whinnnzzz,2025-08-26T14:16:03.000Z,"Kemungkinan efek samping berat pasca vaksin perbandingannya 1: 1.000.000  Kemungkinan meninggal anak yg tidak divaksin lalu kena campak adlh 1:1.000.   Sementara di sumenep sudah 17 anak meninggal dr ribuan kasus, dmn 16 di antaranya ga divaksin.",https://x.com/whinnnzzz/status/1960345500798062893,0,0,0,7,NaN
450,virsie_levy,2025-09-29T12:15:33.000Z,"Layaknya baca berita pejabat memuja muji vaksin Covid Bill Gates saat banyak berita vaksin tsb tak punya efek samping dahsyat.",https://x.com/virsie_levy/status/1972636364220117364,0,0,0,51,NaN
451,MrAudebert,2025-09-29T08:11:36.000Z,"⠀ Selesai dengan proses sebelumnya, ia melepaskan capitan dan mengaplikasikan sisa vaksin pada bagian lainnya. Usai melakukan vaksinasi, ia bergerak kembali ke kursi dan menatap @blowinflag. “Sudah selesai, apakah sakit? Atau ada efek samping yang terasa?” tanyanya. ⠀",https://x.com/MrAudebert/status/1972574970221056283,0,0,0,75,NaN
452,rozthka_,2025-09-26T15:23:34.000Z,"plis kenapa ya orang tua egois bgt... iya sih tau efek samping vaksin tuh kadang beragam, tapi kan itu buat kesehatan anak-anak mereka di masa depan  please orang tua lebih cerdas yuk bisa yukk",https://x.com/rozthka_/status/1971596517543989310,0,0,0,56,NaN
453,ch4o5Myth,2025-09-26T03:15:40.000Z,"bisa juga diartikan  MBG & VAKSIN itu sama! (sama2 keluar dari mulut Pemerintah yg super CORRUPT) Tapi diperlakukan berbeda! (perlakuan efek samping yang ditimbulkan)",https://x.com/ch4o5Myth/status/1971413332507934858,0,0,0,187,NaN
454,shafiraoo,2025-09-25T23:32:58.000Z,"Ibu muda yg sedang hamil saturasi <85%dtg masih sadar. Besok nya meninggal secepat itu, guru2 saya pd meninggal . Nakes pada meninggal. Tanya org2 yg survive dari covid yg berat. Mereka biasanya punya sisa efek samping dari covid. Jd pilihannya wkt itu vaksin atau kena covid.",https://x.com/shafiraoo/status/1971357291439169622,0,0,0,83,NaN
455,MrAudebert,2025-09-24T07:25:38.000Z,"⠀ Ia melanjutkan kegiatannya setelah melepaskan capitan, dan menyemprotkan sisa dosis vaksin secara menyeluruh. “Sudah selesai. Apakah ada sakit yang terasa atau efek samping setelah vaksin dilakukan?” tanyanya disertai sorotan kepada @wandxerlust. ⠀",https://x.com/MrAudebert/status/1970751465255006510,0,0,0,46,NaN
456,ProfsStorm,2025-09-23T11:12:02.000Z,"⠀⠀⠀  Begitu cairan vaksin sepenuhnya habis, lekas ia tarik botol untuk diamankan ke tempat sampah. Kuasanya menarik selembar tisu untuk diberikan pada @errorveil, ""Vaksinnya sudah selesai. Jika ada efek samping mual, demam dan sebagainya, tolong hubungi kami."" ⠀⠀⠀",https://x.com/ProfsStorm/status/1970446050327699550,0,0,0,63,NaN
457,lipetancelana,2025-09-22T11:41:57.000Z,"Pastinya selalu bisa dikritisi, dengan harapan minimalisir efek samping dan tingkatkan manfaat.  Tapi kalau pilihannya vaksin atau tidak vaksin itu justru perspektif yg salah. Sama halnya kaya obat, selalu ada efek samping tapi bukan berarti kita tidak menggunakan obat.",https://x.com/lipetancelana/status/1970091193355862235,0,0,0,117,NaN
458,kayaamanojaku,2025-09-22T06:08:58.000Z,"Kucingku tiga-tiganya abis vaksin rabies minggu lalu, tapi gak keliatan efek samping apa-apa so far. Cuma abis vaksin tidur lelap aja mereka. Bangun-bangun pada lincah lagi.",https://x.com/kayaamanojaku/status/1970007392944550159,0,0,0,155,NaN
459,kejutanpasusu,2025-09-22T04:01:53.000Z,"Kucingku minggu kemaren baru vaksin rabies. Aku perhatiin sampe seminggu sih ga ada efek samping apa2. Ga demam, ga muntah, makan minum oke. Cuma abis pulang vaksin, dia tidur seharian kayak ga mood. Kayaknya sih bete karena ketemu banyak orang dan ganggu waktu tidur dia",https://x.com/kejutanpasusu/status/1969975411712090129,0,0,0,43,NaN
460,MiraninonLita,2025-09-18T23:10:48.000Z,"@grok Ada laporan AEFI (efek samping), termasuk 1 kematian dalam studi yang dinilai tidak terkait vaksin ?  1 kematian ? Bayi umur berapa yg meninggal ?  Dalam uji phase 3 atau phase 2 ? dalam kelompok umur bayi yg direkrut  >6 minggu atau  >18 minggu ?",https://x.com/MiraninonLita/status/1968814996235735151,0,0,0,34,NaN
461,MiraninonLita,2025-09-17T00:54:09.000Z,"@grok UJI KLINIS FASE III sudah dilakukan di Gambia ?  Tapi,  BAYI USIA 0 - 5 MINGGU tidak diikutsertakan dalam uji klinis phase 3 vaksin tetes Polio nOPV2 kan",https://x.com/MiraninonLita/status/1968116229966807088,0,0,0,109,NaN
462,Stue_too,2025-09-17T00:54:08.000Z,"Setelah pakai vaksin jenis mRNA ini, efek samping nyeri sendi, mirip rematik, di sendi lutut dan lengan saat lagi flu/pilek, plus gejalanya jg muncul saat konsumsi kacang-kacangan. Sebelumnya gk pernah mengalami ini. Ternyata... oh ini...",https://x.com/Stue_too/status/1968116225093013837,0,0,0,91,NaN
463,UHumaimah,2025-09-16T11:10:57.000Z,"Sama pas vaksin dulu, anak wajib vaksin tapi ortu disuruh ttd tidak boleh menuntut kalau ada efek samping,  Sampai ribut di sekolah nya dulu",https://x.com/UHumaimah/status/1967909063616073747,0,0,0,159,NaN
464,La_Manggilaa,2025-09-12T13:01:58.000Z,"Rusia mengumumkan keberhasilan uji klinis vaksin kanker berbasis mRNA bernama Enteromix. Vaksin ini dirancang untuk melatih sistem imun mengenali dan menghancurkan sel kanker. Uji praklinis menunjukkan hasil menjanjikan, dgn pengecilan tumor hingga 60-80 persen tanpa efek samping",https://x.com/La_Manggilaa/status/1966487449322082344,0,0,0,64,NaN
465,mariobr75400661,2025-09-11T11:55:58.000Z,"Mjb kak.. di sekolah anakku besok juga mau ada vaksin kanker serviks ini. Baru ada pemberitahuan di grup tapi blm ada info lebih. Mungkin kakak tau, ada efek samping gak ya?",https://x.com/mariobr75400661/status/1966108451547046389,0,0,0,49,NaN
466,ellguma,2025-10-30T13:31:39.000Z,"Tolol karena pertama kali jd ibu ya gapapa tapi setidaknya tolabul ilmi ke tempat yg tepat. Belum pernah gue nemu dokter yang menganjurkan anak-anak biat ga vaksin.  Masa gegara nonton video efek samping vaksin di sosmed jd memutuskan antivaksin. Haduh pengen gue kepret",https://x.com/ellguma/status/1983889539799335126,0,0,0,27,NaN
467,AymanAlatas,2025-10-27T02:04:33.000Z,"Makin banyak aja yang anti vaksin, cuma mau bilang ini perkiraan pake riset ga cuma “katanya”, angka kematian bayi turun 40% karena adanya vaksin.  Namanya efek samping ya wajar ada, kita minum kopi aja bisa ada efek samping tapi ingat manfaatnya lebih besar, dari pada terus",https://x.com/AymanAlatas/status/1982629462299840646,0,0,0,21,NaN
468,NurRohi03920969,2025-10-21T17:52:14.000Z,"Riset soal efek samping vaksin Pfizer picu hepatitis dipublikasikan melalui Journal of Hepatology pada 21 April 2022 lalu. Ini bagaimana kelanjutannya?...",https://x.com/NurRohi03920969/status/1980693623776977051,0,0,0,51,NaN
469,ngekaoo98_owei,2025-10-07T02:57:15.000Z,"min, minta info A1 dong.. pak @jokowi sakit apa sih ? efek samping jangka panjang vaksin covid kah ? soalny sy baca2 bikin badan lelah a.k.a metabolisme jd turun, jd gampang kena penyakit & jadinya recoery agak lama (persentase efeknya sbagian kcil org)  gk mw suuzon, tp curious.",https://x.com/ngekaoo98_owei/status/1975394963602174370,0,0,0,140,NaN
470,rahmat3prawira,2025-10-04T16:44:49.000Z,"Tapi ternyata penelitian yg dilakukan Andrew Wakefield ini punya beberapa konflik kepentingan.   Pertama, dia disewa sebagai konsultan oleh seorang pengacara yg ingin mengajukan gugatan ganti rugi akibat efek samping dari vaksin.",https://x.com/rahmat3prawira/status/1974516065112863196,0,0,0,22,NaN
471,disisourpage,2025-10-01T08:12:07.000Z,"kata dokternya efek samping vaksin bisa bikin nafsu makan turun. dok... ini anak saya tetep gragas  udah dikasih creamy treats, dry food, dan ikan rebus tapi masih gangguin mbabu makan ayam goreng",https://x.com/disisourpage/status/1973299875132612792,0,0,0,31,NaN
472,kittenclaay,2025-11-29T13:23:53.000Z,"vaksin COVID punya efek samping, tapi dari awal WHO gak pernah bilang ""zero side effects"" yang mereka bilang adalah manfaat jauh lebih besar daripada risikonya. itu standar semua pengobatan dari parasetamol sampai operasi. efek samping bukan berarti penelitiannya salah",https://x.com/kittenclaay/status/1994759221464993849,0,0,0,158,NaN
473,stafsusthe2,2025-11-29T13:21:07.000Z,"Dulu who juga bilang ngga ada efek samping dari vaksin covid  Belakangan kan ketahuan dan perusahaan Farmasi nya mengakui  Sains ngga menyesuaikan ideologi? Noh Studi gender buktinya  Goblog",https://x.com/stafsusthe2/status/1994758524778463634,0,0,0,279,NaN
474,stafsusthe2,2025-11-29T13:20:52.000Z,"Dulu who juga bilang ngga ada efek samping dari vaksin covid  Belakangan kan ketahuan dan perusahaan Farmasi nya mengakui  Sains ngga menyesuaikan ideologi? Noh Studi gender buktinya  Goblog",https://x.com/stafsusthe2/status/1994758460492452253,0,0,0,63,NaN
475,satzoutboy,2025-11-29T02:47:01.000Z,"Duit emang banyak dapat dari tambang tapi banyak juga efek sampingnya dari tambang, sama halnya suntikan vaksin. Semua ada efek depan dan efek samping. Risk and benefit. Silakan pilih.",https://x.com/satzoutboy/status/1994598949026762975,0,0,0,50,NaN
476,dolceir,2025-11-28T09:28:00.000Z,"ㅤ “semoga sisa harinya berjalan menyenangkan! izin pamit kalau begitu,” tutupnya dengan melambaikan tangan.  keluar dari ruangan healer, ia duduk sejenak di ruang tunggu. desirée akan kembali ke kastel setelah ia benar-benar yakin tidak ada efek samping setelah vaksin. ㅤ",https://x.com/dolceir/status/1994337469144121564,0,0,0,55,NaN
477,caknawii,2025-11-26T23:56:14.000Z,"Sudah dijelaskan oleh dokter di luar negeri itu penyebabnya efek samping vaksin kopit, tanya diri kalian sendiri sejak divaksin apa lebih sehat atau jadi mudah sakit, yg paling ringan tuh jadi gatel gatel biduran",https://x.com/caknawii/status/1993831193616502836,0,0,0,594,NaN
478,alterrr__,2025-11-26T15:28:03.000Z,"hi, thanku for asking aku sangat minta maaf karena aku belum research lebih dalam tentang efek samping mengkonsumsi prep tetapi as i know itu bisa kena kidney. tapiiii menurut ku it will not be forever manifest vaksin untuk hiv bisa ditemukan maybe 3-10 years ya!",https://x.com/alterrr__/status/1993703305294586082,0,0,0,53,NaN
479,nin_hychan,2025-11-22T04:23:16.000Z,"Iya bisa sembuh koq sekitar 3-7 Hari gtu biasanya.  Tapi rata-rata begitu pasti ngalamin anak. Dan efek samping tiap vaksin beda-beda tergantung jenis virusnya apa.",https://x.com/nin_hychan/status/1992086452826779930,0,0,0,36,NaN
480,teehpoocii,2025-11-21T09:29:02.000Z,"Wajib imunisasi lengkap dan tepat waktu. Efek samping demam itu wajar ada reaksi vaksin ditubuh",https://x.com/teehpoocii/status/1991801016275308564,0,0,0,224,NaN
481,daripadasaya,2025-11-21T09:22:16.000Z,"gpp anaknya gk vaksin , tp tolong anaknya diisolasikan dr anak lain krn anak ibu lebih rentan terkena penyakit dan bisa jd menularkan penyakit ke anak lain yg divaksin . divaksin itu bukan gk bisa sakit ya cm meringankan efek samping dr penyakitnya",https://x.com/daripadasaya/status/1991799313111167118,3,5,67,9,NaN
482,cirlland,2025-11-20T07:10:00.000Z,"Yg namanya vaksin ya pasti ada efek samping gak ada yg sempurna buatan manusia apalagi dibikin di kondisi darurat karena lumrah nya penelitian vaksin itu 5 tahunan.  Gw jg pake Astra gabung Moderna, sehat2 sampe skrg",https://x.com/cirlland/status/1991403637344780374,0,0,0,27,NaN
483,haibundacom,2025-11-19T04:45:33.000Z,"Fakta Vaksin RSV pada Ibu Hamil: Dosis, Efek Samping, dan Manfaat untuk Bayi Baru Lahir",https://x.com/haibundacom/status/1991004897026978075,0,0,0,29,NaN
484,Adv_ERAT,2025-11-19T02:16:47.000Z,"Mereka yang divaksinasi akan mati karena kanker turbo dan penyakit terkait VAIDS turbo, serta daftar panjang penyakit mengerikan yang dikenal sebagai efek samping vaksin COVID.  CC: Presiden R.I. Bapak @prabowo @dharmapongrekun @pongrekundharma @dpbicarafakta @Dharma_bicara",https://x.com/Adv_ERAT/status/1990967459659346355,0,0,0,81,NaN
485,thrisyaxfa,2025-11-17T10:26:12.000Z,"Emg yaa drama efek samping stlh vaksin anak ini belajar makin menguatkan mental ibunya",https://x.com/thrisyaxfa/status/1990365848838738277,0,0,0,56,NaN
486,nurfajar_banser,2025-11-12T03:42:19.000Z,"Efek samping vaksin covid menyebabkan gangguan pada jantung",https://x.com/nurfajar_banser/status/1988452270879715340,0,0,0,1,NaN
487,bungajamba40673,2025-11-04T18:25:48.000Z,"udah dari dlu dan ngakak nya orang2 masih ga percaya. lebih bagus ga percaya sih biar banyak yg mati. kayak jaman covid, ga percaya efek samping vaksin akhirnya bgtu banyak yg mati baru ngaku kalau punya efek pembekuan darah  skrg ga percaya chemtrail bagus",https://x.com/bungajamba40673/status/1985775501357826079,0,0,0,84,NaN
488,medishinee_,2025-12-26T15:33:43.000Z,"Jadi pengen vaksin influenza. Bagus gak sih? Arau cukup vitamin aja? Trus +-nya apa? Kalau dari efektifitas dan efek samping aku kureng tau yaa.. tapi kalau segi D U W I T lebih oke vaksin drpd blcmrs",https://x.com/medishinee_/status/2004576364306092062,0,0,0,70,NaN
489,miawmiawmiawwsa,2025-12-26T12:32:44.000Z,"kak, mau tanya deh. aku juga habis di vaksin sama merk ini. efek samping nya apa aja selama 4 kali dosis?",https://x.com/miawmiawmiawwsa/status/2004530819755573746,0,0,0,26,NaN
490,dewi_shilla,2025-12-21T05:56:09.000Z,"Abis vaksin influenza kok agak demam dikit ya? Kemaren kata dokternya selama ini gak ada efek samping yg sampai sakit, paling pegel2 dikit. Ini agak2nya demam dikit tp gak yg tepar bgt, emang pegel2 rasanya",https://x.com/dewi_shilla/status/2002619078729740420,0,0,0,52,NaN
491,tortillatte,2025-12-18T13:34:45.000Z,"Di barat lagi gencer-gencernya yg kontra dan berita ttg efek samping vaksin, imunisasi, dsb. Di sini kok sepi ya. Sempet nyampe juga berita ttg varian vaksin covid tp langsung gak rame aja.",https://x.com/tortillatte/status/2001647323856932903,0,0,0,44,NaN
492,dearluchen,2025-12-13T11:14:42.000Z,"34 jam sejak disuntik m̶̶a̶̶t̶̶i̶ vaksin influenza, ternyata tida ada efek samping yang gimana-gimana di aku . . . ‍ cuma sakit di bagian yang disuntik aja pas bangun tidur tadi pagi  kesimpulan: tidak semenyeramkan yang aku baca di internet",https://x.com/dearluchen/status/1999800138777444806,0,0,0,160,NaN
493,Sehunaaohh12,2025-12-10T00:06:16.000Z,"sama terakhir saya vaksin ke terakhir jga pfizer kalo gak salah efek samping jga vertigo, tapi gak ada riwayat aneh aneh sebelumnya. setelah vaksin malah banyk sakitnya",https://x.com/Sehunaaohh12/status/1998544758197907614,0,0,0,3,NaN
494,PastiNgibul,2025-12-02T11:59:40.000Z,"saat kopet di USA, negara bagian berhak menolak mandat vaksin, setelah diketahui efek samping fucksin kopet. Goooobloook jangan dipiara bong...bong",https://x.com/PastiNgibul/status/1995825188769071613,0,0,0,218,NaN
495,rsislambontang,2025-01-30T01:34:22.000Z,"Layanan Imunisasi/ Vaksinasi Anak Poli KIA RS Islam Bontang  Melayani Vaksinasi :  Bacillus Calmette-Guerin (BCG) Polio Oral (OPV) DPT-HB-Hib Polio Injeksi (IPV) Pneumococcal Conjugate Vaccine (PCV) Rotavirus Measles/ Campak Rubella (MR)",https://x.com/rsislambontang/status/1884777142644531573,0,0,0,101,NaN
496,XHIndonesia,2025-01-28T07:18:41.000Z,"Afghanistan memulai kampanye vaksinasi pertamanya pada 2025, menargetkan lebih dari 6 juta anak di bawah usia lima tahun (balita) untuk melindungi mereka dari virus polio, seperti dilaporkan Kementerian Kesehatan Masyarakat Afghanistan. Selengkapnya https://facebook.com/watch/?v=1337817177132594…",https://x.com/XHIndonesia/status/1884139016595071466,0,0,0,54,NaN
497,inikamindonesia,2025-01-27T15:16:50.000Z,"Aplikasi kesehatan masyarakat SATUSEHAT Mobile menawarkan berbagai fitur unggulan seperti akses sertifikat imunisasi anak, vaksinasi non-COVID-19, pencatatan informasi kesehatan pribadi, hingga resume rekam medis.  https://nawabineka.com/satusehat-mobile-sulit-diakses-begini-solusinya/…",https://x.com/inikamindonesia/status/1883896957363761242,0,0,0,88,NaN
498,hypevox_id,2025-01-27T15:16:44.000Z,"Aplikasi kesehatan masyarakat SATUSEHAT Mobile menawarkan berbagai fitur unggulan seperti akses sertifikat imunisasi anak, vaksinasi non-COVID-19, pencatatan informasi kesehatan pribadi, hingga resume rekam medis.  https://nawabineka.com/satusehat-mobile-sulit-diakses-begini-solusinya/…",https://x.com/hypevox_id/status/1883896932734849224,0,0,0,72,NaN
499,dreamslanguage_,2025-01-26T23:48:12.000Z,"Manfaat Kesihatan Anak-anak di Jepun layak menerima pemeriksaan kesihatan percuma dan vaksinasi. Kerajaan juga menyediakan insurans kesihatan nasional yang meliputi sebahagian besar kos perubatan untuk kanak-kanak",https://x.com/dreamslanguage_/status/1883663257858417111,0,0,0,27,NaN
500,rmol_id,2025-01-25T01:45:09.000Z,"Trump Hentikan Bantuan untuk Ukraina, Proyek Sekolah dan Vaksinasi Anak Dibekukan",https://x.com/rmol_id/status/1882967914409873703,0,0,0,432,NaN
501,geloraco,2025-01-25T01:09:50.000Z,"Trump Hentikan Bantuan untuk Ukraina, Proyek Sekolah dan Vaksinasi Anak Dibekukan",https://x.com/geloraco/status/1882959027384304065,0,0,0,713,NaN
502,nanang1984,2025-01-22T05:10:13.000Z,"Kota Kediri Targetkan Vaksinasi HPV untuk 3.114 Anak Perempuan https://beritajatim.com/kota-kediri-targetkan-vaksinasi-hpv-untuk-3-114-anak-perempuan…",https://x.com/nanang1984/status/1881932357495824495,0,0,0,16,NaN
503,blitaristekno,2025-01-21T04:47:40.000Z,"Regent of Kediri City Reviews Expansion of HPV Vaccination for Girls Aged 15 Years  https://detiktimes.com/2025/01/21/pj-wali-kota-kediri-tinjau-perluasan-vaksinasi-hpv-untuk-anak-perempuan-usia-15-tahun/… via @detiktimescom  https://detiktimes.com/2025/01/21/pj-wali-kota-kediri-tinjau-perluasan-vaksinasi-hpv-untuk-anak-perempuan-usia-15-tahun/…",https://x.com/blitaristekno/status/1881564297295507747,0,0,0,13,NaN
504,kompasmuda,2025-01-21T04:04:46.000Z,"Siapa tak mengetahui cacar air? Sebagian besar orang pasti tahu jenis penyakit ini dan pernah mengalaminya, terutama saat masih anak-anak. #GayaHidup #AdadiKompas",https://x.com/kompasmuda/status/1881553499399279049,0,0,0,91,NaN
505,hariankompas,2025-01-21T03:46:23.000Z,"Siapa tak mengetahui cacar air? Sebagian besar orang pasti tahu jenis penyakit ini dan pernah mengalaminya, terutama saat masih anak-anak. #GayaHidup #AdadiKompas",https://x.com/hariankompas/status/1881548872029253931,0,0,0,359,NaN
506,bedugtengahawan,2025-01-19T00:27:41.000Z,"Hormat Jendral @prabowo President NKRI Mohon tinjau kembali jadwal vaksinasi HPV anak anak, bahaya vaksinasi HPV lebih bahaya daripada HPV itu sendiri. @DokterRasuna @dokter_kampung @DokterTifa @susilorinidr97 @susipudjiastuti @AzzamIzzulhaq @BangEdiii @Boediantar4",https://x.com/bedugtengahawan/status/1880774093278237175,0,0,0,50,NaN
507,bedugtengahawan,2025-01-19T00:23:44.000Z,"Hormat Jendral @prabowo President NKRI Mohon pertimbangkan kembali jadwal vaksinasi anak anak, sebab bahaya ada didalam vaksinasi. @DokterRasuna @dokter_kampung @DokterTifa @susilorinidr97 @susipudjiastuti @AzzamIzzulhaq @BangEdiii @Boediantar4",https://x.com/bedugtengahawan/status/1880773097344946557,0,0,0,31,NaN
508,dian_arifiya,2025-01-17T18:58:16.000Z,"Benar sekali! Donasi sangat berperan penting dalam mendukung misi UNICEF. Setiap kontribusi membantu UNICEF menyediakan kebutuhan dasar bagi anak-anak, seperti makanan, air bersih, vaksinasi, dan pendidikan. Donasi juga memungkinkan UNICEF untuk memberikan bantuan darurat saat",https://x.com/dian_arifiya/status/1880328805698671021,0,0,0,66,NaN
509,dian_arifiya,2025-01-17T18:54:30.000Z,"Benar banget! UNICEF memiliki peran yang sangat penting untuk dunia, terutama dalam melindungi dan memperjuangkan hak-hak anak-anak. Mereka bekerja di lebih dari 190 negara, memberikan bantuan kemanusiaan, akses pendidikan, vaksinasi, dan perlindungan bagi anak-anak yang",https://x.com/dian_arifiya/status/1880327858691989880,0,0,0,14,NaN
510,tb_siswadi,2025-01-17T09:41:45.000Z,"Pencegahan Tetanus:  1. Vaksinasi Rutin: Vaksin tetanus biasanya diberikan dalam imunisasi DTP pada anak-anak dan booster setiap 10 tahun.  2. Perawatan Luka yang Baik: Selalu bersihkan luka, sekecil apa pun, untuk mencegah infeksi.  3. Hindari Luka yang Tidak Perlu: Gunakan",https://x.com/tb_siswadi/status/1880188753165324656,0,0,0,264,NaN
511,dian_arifiya,2025-01-17T06:22:02.000Z,"Peran UNICEF dalam Memberantas Polio: Sebuah Kisah Sukses  UNICEF telah menjadi salah satu aktor utama dalam memberantas polio melalui program vaksinasi massal. Bersama mitra global seperti WHO, UNICEF berhasil memberikan vaksin polio kepada jutaan anak setiap tahunnya, bahkan di",https://x.com/dian_arifiya/status/1880138492300390657,0,0,0,1,NaN
512,mtsn7malang,2025-01-17T03:44:01.000Z,"Terima kasih kepada tenaga medis yang profesional dan ramah dalam mendampingi siswa selama proses vaksinasi. Edukasi dan tindakan pencegahan seperti ini adalah bentuk kepedulian terhadap masa depan anak bangsa. Bersama, kita wujudkan generasi sehat, cerdas, dan berdaya saing!",https://x.com/mtsn7malang/status/1880098725978370182,0,0,0,13,NaN
513,simnembakaja,2025-02-26T12:20:32.000Z,"masih inget pas ada vaksinasi masal disekolah, dia peluk anak-anak yang takut jarum suntik",https://x.com/simnembakaja/status/1894724225111626183,0,0,0,26,NaN
514,XHIndonesia,2025-02-26T05:29:58.000Z,"Potret Timur Tengah: Dalam 2 hari, vaksinasi polio di Gaza jangkau 454.000 lebih anak http://tiny.cc/k0cb001",https://x.com/XHIndonesia/status/1894620901918085174,0,0,0,21,NaN
515,antaranews,2025-02-26T02:36:53.000Z,"UNRWA pada Senin (24/2) mengatakan bahwa pihaknya telah memberikan vaksin pencegahan virus polio kepada lebih dari 454.000 anak di Jalur Gaza dalam dua hari terakhir. https://m.antaranews.com/berita/4674169/dalam-2-hari-vaksinasi-polio-di-gaza-jangkau-454000-anak?utm_source=antaranews&utm_medium=mobile&utm_campaign=latest_category…",https://x.com/antaranews/status/1894577346633765048,0,0,0,308,NaN
516,MiraninonLita,2025-02-25T12:51:28.000Z,"12 SEPTEMBER 2017 !!!   ... HAMPIR 650 ANAK PEREMPUAN MEMERLUKAN PENANGANAN MEDIS/INTERVENSI MEDIS SETELAH VAKSINASI HPV !!! ....  1.099 LAPORAN REAKSI KIPI VAKSIN   HPV !!!  /   Almost 650 girls needed medical intervention after HPV vaccine.",https://x.com/MiraninonLita/status/1894369622327271705,0,0,0,515,NaN
517,uwunot4u,2025-02-24T04:43:26.000Z,"Pencegahan utama adalah vaksinasi! Vaksin Hepatitis A sangat efektif dan direkomendasikan untuk anak-anak, pelancong ke daerah berisiko, serta pekerja di industri makanan.",https://x.com/uwunot4u/status/1893884417568833996,0,0,0,1,NaN
518,Gege_XiaYizhou,2025-02-23T12:07:05.000Z,"Halo kak untuk anak klw vaksinasi lengkap insyaallah terlindungi untuk Hepatitis B yg menular lewat darah dan cairan tubuh ya kak   Dpt vaksin Hb 0 saat bayi dan posyandu yaitu vaksin pentabio atau DPT-Hb-Hib yg disuntik di paha (biasanya bikin demam).",https://x.com/Gege_XiaYizhou/status/1893633678036566057,0,1,29,7,NaN
519,NasionalBerita_,2025-02-23T07:40:00.000Z,"Polio Vaccination in Gaza, WHO: Gaza Children Must Receive Optimal Protection  #who #minggu #vaksinasi #vaksinpolio #polio #gaza #palestine #imunisasi #beritanasional  https://beritanasional.com/detail/95819/vaksinasi-polio-di-gaza-who-anak-anak-gaza-harus-dapatkan-perlindungan-optimal…",https://x.com/NasionalBerita_/status/1893566463732260973,0,0,0,11,NaN
520,webelshinta,2025-02-23T07:04:11.000Z,"Gaza luncurkan kampanye vaksinasi polio menargetkan 600 ribu anak https://elshinta.com/news/364097/2025/02/23/gaza-luncurkan-kampanye-vaksinasi-polio-menargetkan-600-ribu-anak…",https://x.com/webelshinta/status/1893557449942282748,0,0,0,16,NaN
521,anniculll,2025-02-23T05:27:02.000Z,"di sini jg dijelasin praktik2nya.. mungkin kita bisa bilang “golden age” pada anak kali ya.. termasuk pemeriksaan kesehatan sblm menikah, stlh dan saat hamil, ASI, vaksinasi, gizi, aktivitas fisik.   trs ada stimulasi dan cara sosialisasi *gambar dr sumber yg berbeda*",https://x.com/anniculll/status/1893533003768316209,0,0,0,237,NaN
522,e100ss,2025-02-23T03:05:01.000Z,"Gaza Luncurkan Kampanye Vaksinasi Polio, Targetkan 600 Ribu Anak https://suarasurabaya.net/kelanakota/2025/gaza-luncurkan-kampanye-vaksinasi-polio-targetkan-600-ribu-anak/…",https://x.com/e100ss/status/1893497261751181605,0,0,0,1,NaN
523,themomlearner,2025-02-21T08:46:08.000Z,"Contoh karakteristik silky mom ini..  - cenderung lebih suka melahirkan di rumah sakit, lebih terbuka terhadap pemberian susu formula, terbuka dengan vaksinasi terjadwal (ngikutin kata dokter) - fleksibel, nggak terlalu peduli dengan waktu bermain gawai untuk anak-anak mereka dan",https://x.com/themomlearner/status/1892858330588312040,0,0,0,835,NaN
524,rspondokindah,2025-02-20T11:11:59.000Z,"Baik dewasa maupun anak-anak, vaksinasi HPV itu sama pentingnya, lho.  Tujuannya untuk perlindungan dari paparan HPV (Human Papillomavirus) yang menyebabkan kutil kelamin, kanker serviks pada wanita & kanker penis pada pria.  Cek gambar berikut untuk penjelasan lengkapnya!",https://x.com/rspondokindah/status/1892532646133018815,0,0,0,6,NaN
525,aula_media,2025-02-20T06:31:24.000Z,"WHO dan UNICEF Gelar Vaksinasi Massal di Gaza  20 Februari 2025   https://aulanews.id/who-dan-unicef-gelar-vaksinasi-massal-di-gaza-lindungi-591-000-anak-dari-ancaman-polio/…",https://x.com/aula_media/status/1892462036149555689,0,0,0,7,NaN
526,aula_media,2025-02-20T06:27:32.000Z,"WHO dan UNICEF Gelar Vaksinasi Massal di Gaza: Lindungi 591.000 Anak dari Ancaman Polio  20 Februari 2025   https://aulanews.id/who-dan-unicef-gelar-vaksinasi-massal-di-gaza-lindungi-591-000-anak-dari-ancaman-polio/…",https://x.com/aula_media/status/1892461063402377638,0,0,0,7,NaN
527,aula_media,2025-02-20T06:27:21.000Z,"WHO dan UNICEF Gelar Vaksinasi Massal di Gaza: Lindungi 591.000 Anak dari Ancaman Polio  20 Februari 2025   https://aulanews.id/who-dan-unicef-gelar-vaksinasi-massal-di-gaza-lindungi-591-000-anak-dari-ancaman-polio/…",https://x.com/aula_media/status/1892461015906025900,0,0,0,4,NaN
528,TvPertiwi,2025-02-20T04:31:06.000Z,"Pertubuhan Kesihatan Sedunia (WHO) akan meneruskan vaksinasi polio di Gaza dengan menyasarkan lebih 590,000 kanak-kanak di wilayah itu.     Berita penuh: https://tvpertiwi.com/2025/02/20/who-sambung-vaksin-polio-sasar-590000-anak-gaza/…  #Gaza #WHO #polio #Israel #kanakkanak #vaksin",https://x.com/TvPertiwi/status/1892431762556588115,0,0,0,24,NaN
529,rsislambontang,2025-02-20T02:31:09.000Z,"Layanan Imunisasi/ Vaksinasi Anak Poli KIA RS Islam Bontang  Melayani Vaksinasi :  Polio Oral (OPV) DPT-HB-Hib Polio Injeksi (IPV) Pneumococcal Conjugate Vaccine (PCV) Rotavirus",https://x.com/rsislambontang/status/1892401575584550935,0,0,0,42,NaN
530,MiraninonLita,2025-02-19T01:26:18.000Z,"RFK Jr : ""GARDASIL, mungkin merupakan VAKSIN MASSAL TERBURUK yg pernah kita lihat. Vaksin ini menargetkan jutaan anak praremaja dan remaja yg risiko kematian akibat kanker serviksnya NOL.""  Namun, vaksin ini masuk dalam jadwal vaksinasi utk perempuan muda",https://x.com/MiraninonLita/status/1892022868168368625,0,0,0,93,NaN
531,daddyyuki,2025-03-29T07:37:30.000Z,"Di Jepang mulai bermunculan iklan Asuransi Kangker untuk anak².  What jaman dulu tidak ada anak kecil menderita kangker...tapi setelah Vaksinasi di gencarkan jumlah penderita kangker bertambah banyak. bahkan anak usia 2 tahun kena kangker darah  https://youtu.be/q4kEI-U8L1Y?si=iU8U7Kh0m1qG5Cps…",https://x.com/daddyyuki/status/1905887021715120460,0,0,0,366,NaN
532,buseronline2022,2025-03-27T10:39:20.000Z,"103.962 Anak di Sumut Belum Imunisasi, Pemprov dan UNICEF Percepat Cakupan Vaksinasi https://buseronline.com/2025/03/27/103-962-anak-di-sumut-belum-imunisasi-pemprov-dan-unicef-percepat-cakupan-vaksinasi/… lewat @Buser Online",https://x.com/buseronline2022/status/1905208005387510248,0,0,0,5,NaN
533,Alonesiacom,2025-03-26T04:20:04.000Z,"Sejarah Baru, Anak Yaman Pertama Terima Sertifikat Vaksinasi Digital di China",https://x.com/Alonesiacom/status/1904750171944346097,0,0,0,6,NaN
534,Kilas_berita_,2025-03-24T02:32:32.000Z,"Bill Gates Peringatkan Trump untuk Tak Pangkas Anggaran Vaksinasi Anak Hingga Penyakit Menular https://konfrontasi.com/2025/03/bill-gates-peringatkan-trump-untuk-tak.html…",https://x.com/Kilas_berita_/status/1903998334991560890,0,0,0,13,NaN
535,zchoolsm,2025-03-21T02:27:43.000Z,"2. Kesiapan Finansial  - Dana Persalinan & Medis: Pastikan ada tabungan atau asuransi yang mencakup biaya kehamilan dan persalinan. - Anggaran untuk Anak: Hitung biaya kebutuhan anak seperti popok, susu, pakaian, vaksinasi, dan pendidikan awal.",https://x.com/zchoolsm/status/1902909962055193053,0,0,0,57,NaN
536,detikHealth,2025-03-20T07:00:00.000Z,"Burundi tercatat sebagai negara ke-18 yang memasukkan vaksin malaria ke dalam program imunisasi anak nasional. Dalam tahap pertama vaksinasi malaria ini menyasar 25 distrik dengan target memvaksinasi 250 ribu anak di tahun 2025.",https://x.com/detikHealth/status/1902616093866312015,0,0,0,344,NaN
537,dimarsasongko98,2025-03-19T07:12:20.000Z,"Mendikdasmen Pak Mu'ti minta TKA ""tidak usah wajib"" dengan alasan ""nanti stres, nanti protes."" Hmm, bayangkan Menteri Kesehatan bilang ""vaksinasi tidak wajib, yang siap aja yang ikut."" Logika aneh: pendidikan nasional dikalahkan rasa takut bikin anak ""stress"". Padahal TKA ini",https://x.com/dimarsasongko98/status/1902256811950141932,0,0,0,281,NaN
538,Adv_ERAT,2025-03-12T13:54:37.000Z,"Vaksinasi dan Gangguan Perkembangan Saraf: Sebuah Studi terhadap Anak-anak Usia Sembilan Tahun yang Terdaftar di Medicaid  CC: Presiden R.I. Bapak @prabowo @pongrekundharma @Dharma_bicara @dharmapongrekun @dpbicarafakta   https://publichealthpolicyjournal.com/vaccination-and-neurodevelopmental-disorders-a-study-of-nine-year-old-children-enrolled-in-medicaid/…",https://x.com/Adv_ERAT/status/1899821332486885653,0,0,0,12,NaN
539,AkbarM777,2025-03-10T14:14:46.000Z,"Pemaksaan vaksinasi pada warga, biar warga jadi budak elite global .. gaya malaikat TDK tau antek elite globalis Ars Demon Anak buah Pepo Beye .. Jin Roro Kidul ( Pantai Selatan )",https://x.com/AkbarM777/status/1899101628302799305,0,0,0,13,NaN
540,nusabalicom,2025-03-08T04:11:24.000Z,"Sebanyak 500 anak di Desa Adat Bitera, Kelurahan Bitera, Kecamatan/Kabupaten Gianyar menjadi target sasaran program vaksinasi Demam Berdarah Dengue (DBD).",https://x.com/nusabalicom/status/1898225009132462504,0,0,0,62,NaN
541,dr_ardi,2025-03-07T04:47:24.000Z,"Vaksinasi Tambahan Untuk Yang Sering Berpergian/ Sering Batuk Pilek, ANAK DAN DEWASA:  1. Vaksin INFLUENZA  2. Vaksin Pneumokukus / PCV",https://x.com/dr_ardi/status/1897871681223631018,0,0,0,464,NaN
542,Adv_ERAT,2025-03-06T15:19:37.000Z,"Pengadilan Beri Lampu Hijau untuk Memaksa Vaksinasi Anak Tanpa Izin Orang Tua    B I A D AB",https://x.com/Adv_ERAT/status/1897668395904205064,0,0,0,3,NaN
543,MissChocolattes,2025-04-29T13:44:38.000Z,"ㅤ ㅤ ㅤ""Satu-satunya? Benar proses vaksinasi sudah selesai nak, boleh langsung kembali ke asrama dan beristirahat."" Menanggapi pertanyaan yang diberikan Shouta sembari memberikan anak laki-laki itu satu bungkus snack.  ㅤ",https://x.com/MissChocolattes/status/1917213437773664545,0,0,0,33,NaN
544,itsurbaobei,2025-04-26T14:54:17.000Z,"abis liat tiktok dan isi commentnya yg ngotot gamau imunisasi anak.. anak lu sehat sampe detik ini itu berkat kekebalan tubuh anak sekitar yg udah vaksinasi anjerrrr ihhh kalo gue kmrn jadi ahli promkes kayanya tiap hari darah tinggi ketemu masyarakat batu kaya begini hhhhhh",https://x.com/itsurbaobei/status/1916143803498652066,0,0,0,32,NaN
545,Harian_Jogja,2025-04-26T13:55:50.000Z,"Pemerintah Upayakan Anak-Anak dapat Vaksinasi Lengkap https://news.harianjogja.com/read/2025/04/26/500/1211576/pemerintah-upayakan-anak-anak-dapat-vaksinasi-lengkap…",https://x.com/Harian_Jogja/status/1916129095257125318,0,0,0,155,NaN
546,LtdAkbar,2025-04-26T04:48:44.000Z,"Biasanya alasannya: demam itu reaksi normal stlh divaksin. Demam yg tinggi dpt menyebabkan kejang pd anak. Nanti sembuh sendiri.  Krn itu, biasanya vaksinasi berlanjut tanpa ada kekhawatiran lainnya spt imunodefisiensi dll. Ketika meninggal, sulit jg menuntut utk akibat vaksin",https://x.com/LtdAkbar/status/1915991411176182270,0,0,0,314,NaN
547,PemkotaBogor,2025-04-26T01:51:17.000Z,"Dedie Rachim Dukung Vaksinasi Anak di Momen HJB ke-543  https://is.gd/MKMTZi  #pemkotbogor",https://x.com/PemkotaBogor/status/1915946755021324773,0,0,0,120,NaN
548,MediaVoi,2025-04-25T09:31:01.000Z,"Tekan Kasus DBD di Minahasa Utara, Pemerintah Berikan Vaksinasi Dengue untuk Anak-Anak https://ift.tt/j6QsBoO",https://x.com/MediaVoi/status/1915700060337119649,0,0,0,8,NaN
549,rsislambontang,2025-04-25T00:42:12.000Z,"Pentingnya Vaksin pada Anak: Melindungi Generasi Masa Depan  Vaksinasi adalah salah satu langkah terpenting yang dapat kita ambil untuk melindungi anak-anak dari berbagai penyakit serius.",https://x.com/rsislambontang/status/1915566979844546992,0,0,0,9,NaN
550,sdenta,2025-04-24T04:47:32.000Z,"Ortu bener2 ga mau anaknya divaksin? Ga usah emosi, stecu aja kita, sama jaga jarak jika perlu.   Ortu ragu sama vaksinasi anak? nah ini yang kita rangkul, berikan penjelasan pake cara yang baik dengan nada penuh welas asih. https://x.com/kegblgnunfaedh/kegblgnunfaedh/status/1914945671804985626…",https://x.com/sdenta/status/1915266332926632181,51,148,530,55,NaN
551,pudingsoklad,2025-04-24T03:12:05.000Z,"Skr kl misal sakit demam 3 hari krn vaksin lbh menderitaan mana dr pada anak kena penyakit yg tanpa vaksin (bukain bnrp video yutub gejala anak sakit yg tidak divaksin)  Kenapa itu ga ada di indonesia karena 30- 20thn lalu vaksinasi udah wajib jd kita tdk mengalami hal itu",https://x.com/pudingsoklad/status/1915242311098978306,0,0,0,39,NaN
552,BogorDinkes,2025-04-23T07:29:37.000Z,"Kegiatan ini bertujuan untuk memberikan pemahaman kepada tenaga pendidik dan orang tua tentang pentingnya vaksinasi dalam melindungi anak-anak dari penyakit menular.  Mari ber",https://x.com/BogorDinkes/status/1914944736387076474,0,0,0,38,NaN
553,myUNICEF,2025-04-23T06:38:21.000Z,"Vaksinasi boleh menyelamatkan nyawa. Di Minggu Imunisasi Sedunia ini, luangkan masa utk mempelajari bagaimana imunisasi dapat membantu anak anda membesar dengan sihat.  #WorldImmunizationWeek2025",https://x.com/myUNICEF/status/1914931835639111724,0,0,0,128,NaN
554,XHIndonesia,2025-04-22T11:10:07.000Z,"Rangkaian foto yang diabadikan pada 21 April 2025 ini menunjukkan anak-anak menerima satu dosis vaksin polio yang diberikan oleh tenaga kesehatan dalam kampanye vaksinasi polio di Kabul, Afghanistan. Selengkapnya https://facebook.com/share/p/1Hf6i7XVJ7/…",https://x.com/XHIndonesia/status/1914637836797764029,0,0,0,22,NaN
555,BogorDinkes,2025-04-22T08:54:18.000Z,"Halo Sobat Sehat,  Pada hari Senin, 21 April 2025, telah dilaksanakan audiensi di Paseban Sri Bima, Balaikota Bogor, terkait rencana pelaksanaan vaksinasi Hepatitis A dan PCV13 untuk anak-anak di Kota Bogor.",https://x.com/BogorDinkes/status/1914603658723123537,0,0,0,61,NaN
556,BogorDinkes,2025-04-22T08:19:06.000Z,"Halo Sobat Sehat!   Senin (21/04/2025), telah dilaksanakan audiensi penting di Paseban Sri Bima, Balaikota Bogor. Pertemuan ini membahas rencana pelaksanaan vaksinasi Hepatitis A dan PCV13 untuk anak-anak di Kota Bogor.",https://x.com/BogorDinkes/status/1914594799107367020,0,0,0,64,NaN
557,fanboytehkotak,2025-04-22T07:04:01.000Z,"Kasihan akhi tadi ada anak baru lulus mau minta vaksin udah habis, udah ga ada program vaksinasi dan pandemi",https://x.com/fanboytehkotak/status/1914575905936249213,0,0,0,49,NaN
558,pioneerffunej,2025-04-20T06:02:37.000Z,"-untuk memastikan keamanannya Vaksinasi tidak hanya melindungi individu tetapi juga komunitas dengan mencegah penyebaran penyakit  𝕄𝕚𝕥𝕠𝕤 Vaksin itu hanya diperlukan untuk anak-anak, jadi dewasa tidak perlu lagi vaksinasi Saya sehat-sehat aja, jadi vaksin tidak penting-",https://x.com/pioneerffunej/status/1913835678640849017,0,0,0,29,NaN
559,aharisth,2025-04-19T07:32:58.000Z,"Jangka panjang buat apa? Bikin anak gendut?  Saya kasih tau, program yg lebih baik utk dilaksanakan : - vaksinasi, sering amburadal karena vaksinnya kosong - KIA, Bumil, KB. sama, sering tidak sesuai harapan - bangun sekolah, SPP gratis - perbaiki ekonomi masyarakat.  MBG perlu?",https://x.com/aharisth/status/1913496027480621189,0,0,0,154,NaN
560,avsychr,2025-04-16T16:46:59.000Z,"Emang orangtua yang menolak vaksinasi anak-anaknya tuh baru sadar dan nyesel kalo anaknya udh masuk PICU deh... Sigh.",https://x.com/avsychr/status/1912548287418364097,0,0,0,41,NaN
561,BogorDinkes,2025-04-16T08:38:13.000Z,"Halo Sobat Sehat!  Selasa, 15 April 2025 telah dilaksanakan Rapat Persiapan Vaksinasi Hepatitis A dan PCV13 untuk anak-anak di Kota Bogor. Kegiatan ini berlangsung di Paseban Abiwara, Dinkes Kota Bogor, sebagai bentuk komitmen kita dalam menjaga kesehatan anak sejak dini.",https://x.com/BogorDinkes/status/1912425285179343324,0,0,0,57,NaN
562,rsudbdh,2025-05-28T04:30:00.000Z,"Yuk Sobat BDH, Vaksin di RSUD BDH Surabaya! Melindungi diri dan orang tersayang bisa dimulai dari langkah sederhana: vaksinasi.  Tersedia berbagai jenis vaksin untuk:  Bayi & anak  Remaja & dewasa  Lansia  Hingga vaksin wajib untuk bepergian ke luar negeri!",https://x.com/rsudbdh/status/1927583109035553224,0,0,0,29,NaN
563,s_mulyatie,2025-05-27T01:41:11.000Z,"Dulu dibantah   Keliru, Peringatan CDC soal Peningkatan Peradangan Jantung pada Anak Muda Usai Vaksinasi COVID-19 https://tempo.co/cekfakta/keliru-peringatan-cdc-soal-peningkatan-peradangan-jantung-pada-anak-muda-usai-vaksinasi-covid-19-1170584…",https://x.com/s_mulyatie/status/1927178236317884752,0,0,0,34,NaN
564,Sapuran6,2025-05-26T12:02:57.000Z,"Sekitarmu banyak kuman TBC. Sekitarmu banyak orang miskin. Sekitarmu banyak kurang gizi. Sekitarmu banyak yg Hb krng 10. Selama 40 tahun prevalensi kasus TBC tidak turun. Kasus TBC anak meningkat.  Pilihannya A. Vaksinasi B. Permainan global.",https://x.com/Sapuran6/status/1926972320704307354,0,0,0,23,NaN
565,BogorDinkes,2025-05-26T08:43:08.000Z,"Syarat dan Ketentuan Vaksinasi PCV13  1. Peserta/sasaran vaksinasi merupakan warga atau domisili Kota Bogor.  2. Sasaran vaksin PCV13 adalah anak usia 4–5 tahun.  3. Pendaftaran dilakukan melalui tautan:      https://bogorakses.id/bogorberes/event-bogor/event/vaksinasi-hepatitis-a-dan-pcv13-di-hari-jadi-kotabogor-ke-543…",https://x.com/BogorDinkes/status/1926922034912678398,0,0,0,31,NaN
566,buseronline2022,2025-05-25T14:07:53.000Z,"Pemko Bogor Gencarkan Edukasi dan Vaksinasi Anak, Targetkan Generasi Sehat 2045 https://buseronline.com/2025/05/25/pemko-bogor-gencarkan-edukasi-dan-vaksinasi-anak-targetkan-generasi-sehat-2045/… lewat @Buser Online",https://x.com/buseronline2022/status/1926641373916045459,0,0,0,3,NaN
567,onorus7940,2025-05-24T10:50:19.000Z,"Anak produk hasil dari  KEBUN BINATANG YANG DI PERLUAS  menghasilkan HILIRISASI DIGITAL dan berujung PSN PAGAR LAUT , program "" TAEK "" MBG ,  pemaksaan VAKSINASI ( genosida terselubung DEPOPULASI ) .",https://x.com/onorus7940/status/1926229268192792808,0,0,0,83,NaN
568,knownjohan,2025-05-24T05:45:39.000Z,"Setelah memperoleh EUA, vaksinasi massal menggunakan INAVAC dimulai pada Mei 2023  . Vaksin ini dirancang tidak hanya untuk vaksinasi primer (dosis satu dan dua), tetapi juga sebagai booster dan vaksinasi pada anak-anak.",https://x.com/knownjohan/status/1926152595397026254,0,0,0,22,NaN
569,unusdeus1,2025-05-24T01:54:50.000Z,"Vaksinasi TBC di Indonesia sudah mencapai target. Yang jadi masalah adalah penularan TBC paru dari orang dewasa ke anak yang mudah terjadi pada pemukiman padat, kurang ventilasi idara dan kurang pencahayaan. Masalah ini lebih berkaitan dg angka kemiskinan. Apabila penghasilan",https://x.com/unusdeus1/status/1926094509537996928,0,0,0,30,NaN
570,PemkotaBogor,2025-05-23T03:09:08.000Z,"Yantie Rachim Dorong Edukasi Vaksinasi Demi Kesehatan Anak https://is.gd/LtAT5y   #Pemkotbogor",https://x.com/PemkotaBogor/status/1925750819925762456,0,0,0,124,NaN
571,hamtawindu,2025-05-17T19:18:56.000Z,"Hati-hati para ortu, mending anak ijin tidak sekolah. Awas anak jadi tikus percobaan vaksinasi !",https://x.com/hamtawindu/status/1923820549542903830,0,0,0,5,NaN
572,WagimanDeep212_,2025-05-17T03:28:55.000Z,"Sejak th 1975 belum ditemukan kasus Autisme Vietnam Tetiba pada th 2000-2001 Bill Gates Fondation meluncurkan vaksinasi, dan Kasus Autisme meningkat 300% di Vietnam.  Dan sbentar lg Bill Gates uji coba vaksin nya dimari.  Sapa tahu anak ente abis di vaksin jadi spiderman..",https://x.com/WagimanDeep212_/status/1923581468833612031,0,0,0,7,NaN
573,almagentia369,2025-05-16T00:29:13.000Z,"Demi Hibah, harga diri bangsa ini diacak-acak Bill Gates dan si Budi. Kalian yang pro, banyak-banyak baca dan riset: gimana efek pembunuhan-kecacatan sistematis terjadi pada anak-anak di Afrika dan India.  Polanya serupa, uji vaksinasi!",https://x.com/almagentia369/status/1923173860737794048,0,0,0,23,NaN
574,DenpasarKota,2025-05-16T00:26:21.000Z,"Rangkaian acara: Jalan Sehat, Senam Pagi, Pasar Murah, Safari Kesehatan, Vaksinasi Rabies untuk Hewan Peliharaan, Pengundian Doorprize, Lomba Mewarnai Anak-Anak, Lomba Cerdas Cermat SMP, Lomba Karaoke Pop Bali, Pelantikan Kepengurusan LPM dan Festival Budaya dan Musik Lokal.",https://x.com/DenpasarKota/status/1923173138960888294,0,0,0,86,NaN
575,marufins,2025-05-15T14:43:45.000Z,"Hoaks.  Psikiater Quyet Minh Nguyen (RS Anak Nasional Vietnam) dlm wawancara itu justru menyatakan tidak ada hubungan antara vaksinasi dan autisme, baik di Vietnam maupun di negara lain.  https://turnbackhoax.id/2023/09/28/salah-tidak-ada-autisme-sebelum-vaksin-bill-gates-masuk-vietnam/…",https://x.com/marufins/status/1923026520123031963,0,0,0,2,NaN
576,blue_berets7,2025-05-15T09:00:48.000Z,"Mengapa Reich Ketiga adalah pemerintahan pertama yang melarang vaksinasi paksa:  ""lebih dari tujuh puluh anak meninggal karena vaksin tuberkulosis yang diberikan secara tidak tepat, dalam peristiwa yang kemudian dikenal sebagai bencana Lübeck.""   https://jstor.org/stable/25339775",https://x.com/blue_berets7/status/1922940215594717190,0,0,0,136,NaN
577,cats_rehome,2025-06-27T10:24:09.000Z,"TMN BUKIT INDAH,JB  Ada 5 ekor anak kucing jalanan utk free adoption.. lahir diluar rumah saya 28 Apr 25, jadi hujung bulan ini dah berumur 2 bulan sudah.. saya bawa sekeluarga masuk sbb nak mandulkan ibunya lepas habis menyusu dan bebaskan dia keluar balik..  Belum vaksinasi",https://x.com/cats_rehome/status/1938543870251503801,0,36,11,1,NaN
578,AlishaDewi95,2025-06-25T14:44:27.000Z,"Vaksinasi Dengue Dimulai di Kutai Kartanegara Lindungi Anak  Pemerintah Kabupaten Kutai Kartanegara, Kalimantan Timur, secara resmi memulai program vaksinasi dengue bagi anak sekolah. Baca Selengkapnya:",https://x.com/AlishaDewi95/status/1937884600531145125,0,0,0,28,NaN
579,kumparanMOM,2025-06-25T13:25:18.000Z,"Kementerian Kesehatan (Kemenkes) akan mulai memberikan vaksin HPV (Human Papillomavirus) kepada anak laki-laki, sebagai bagian dari strategi kanker serviks dan pencegahan penyakit terkait HPV. #momsupdate #update #mom #oneliner #vaksin #anak #vaksinasi #vaksinHPV #kumparanmom",https://x.com/kumparanMOM/status/1937864680833163536,0,0,0,261,NaN
580,majalahsunday,2025-06-25T06:57:24.000Z,"Pencegahan virus HPV dapat dilakukan melalui vaksinasi. Di Indonesia vaksin HPV masuk program imunisasi nasional & diberikan gratis untuk anak perempuan usia 9-13 tahun melalui program BIAS. Namun, pria sebaiknya juga mendapat vaksin untuk melindungi diri sendiri & orang lain.",https://x.com/majalahsunday/status/1937767063323644025,0,0,0,170,NaN
581,GenZNusantara,2025-06-23T16:46:33.000Z,"Lindungi Masa Depan Anak dari TBC dengan Vaksinasi Dini  #CekKesehatanGratis",https://x.com/GenZNusantara/status/1937190550253478216,0,0,0,2,NaN
582,harapanrakyat_,2025-07-28T07:59:26.000Z,"Vaksinasi DBD Jadi Senjata Awal Lindungi Anak Sumedang dari Ancaman Nyata https://ift.tt/GSP8Dvw",https://x.com/harapanrakyat_/status/1949741472275689498,0,0,0,16,NaN
583,Ibupedia,2025-07-27T03:06:00.000Z,"Vaksinasi Hepatitis B sebaiknya diberikan sejak bayi usia 0 bulan agar pencegahannya efektif sesuai rekomendasi IDAI  Gimana Parents, si Kecil udah mendapatkan vaksin Hepatitis B? Jika terlambat, segera catch up ketertinggalan dan jangan lupa konsultasikan ke Dokter Anak Anda",https://x.com/Ibupedia/status/1949305242874749319,0,0,0,99,NaN
584,HB03INTAK,2025-07-25T06:54:14.000Z,"Jadwal vaksinasi anak bukan disusun sembarangan. Setiap imunisasi diberikan pada usia tertentu karena itulah masa tubuh optimal membentuk antibodi. Melewatkan jadwalnya berarti membiarkan celah terbuka di benteng perlindungan tubuh anak.",https://x.com/HB03INTAK/status/1948637902885585387,0,0,0,24,NaN
585,HalodocID,2025-07-24T07:35:49.000Z,"VAKSINASI ANAK UNTUK INVESTASI KESEHATAN JANGKA PANJANG  Banyak orangtua baru sadar pentingnya pemberian vaksin dan suplemen setelah anak mulai sering sakit.",https://x.com/HalodocID/status/1948285980232106394,0,0,0,395,NaN
586,NiagaAsia17,2025-07-23T10:56:22.000Z,"Kick off vaksinasi dengue di Tenggarong (HO- Dinkes Kaltim) https://niaga.asia/tiga-tahun-terakhir-50-anak-di-kaltim-meninggal-dunia-akibat-dbd/…",https://x.com/NiagaAsia17/status/1947974063256908270,0,0,0,35,NaN
587,soloposdotcom,2025-07-23T09:19:01.000Z,"Vaksinasi hingga Nutrisi Penting untuk Jaga Kesehatan Anak Dokter spesialis anak dr. Jessica Sugiharto, Sp.A, mengatakan, vaksinasi hingga pemenuhan nutrisi merupakan langkah preventif dalam mencegah infeksi berbahaya serta memastikan kesehatan anak. https://lifestyle.espos.id/vaksinasi-hingga-nutrisi-penting-untuk-jaga-kesehatan-anak-2121955…",https://x.com/soloposdotcom/status/1947949562661831051,0,0,0,43,NaN
588,kumparanMOM,2025-07-23T07:59:11.000Z,"Vaksinasi sejak dini sangat penting untuk mendukung tumbuh kembang anak secara optimal. Simak penjelasannya yuk, Moms! #momsupdate #moms #update #text https://kumparan.com/kumparanmom/kenapa-vaksin-penting-untuk-dukung-tumbuh-kembang-anak-25Vw2TlCnd8?utm_source=Twitter&utm_medium=post&utm_campaign=seg&utm_content=kmomtw…",https://x.com/kumparanMOM/status/1947929472004698264,0,0,0,295,NaN
589,e100ss,2025-07-23T03:51:51.000Z,"Dokter Anak: Vaksinasi Primer dan Tambahan Wajib untuk Perlindungan Anak",https://x.com/e100ss/status/1947867228113932319,0,0,0,1,NaN
590,MiraninonLita,2025-07-23T00:18:34.000Z,"TERKINI : Robert Kennedy Jr. telah menghapus vaksin Covid dari jadwal vaksinasi anak. Seharusnya ini tidak ada dalam daftar sejak awal. Ini bukan tentang sains. Ini tentang keuntungan dan kontrol.",https://x.com/MiraninonLita/status/1947813554960101785,0,0,0,51,NaN
591,MiraninonLita,2025-07-22T23:45:22.000Z,"(Terjemahan) TERKINI : Robert Kennedy Jr. telah menghapus vaksin Covid dari jadwal vaksinasi anak. Seharusnya ini tidak ada dalam daftar sejak awal. Ini bukan tentang sains. Ini tentang keuntungan dan kontrol.",https://x.com/MiraninonLita/status/1947805199718092895,0,0,0,98,NaN
592,Antara_Kalteng,2025-07-22T16:33:21.000Z,"https://kalteng.antaranews.com/berita/770721/vaksinasi-hpv-bisa-diberikan-kepada-anak-lelaki-dan-perempuan… Vaksinasi HPV bisa diberikan kepada anak lelaki dan perempuan",https://x.com/Antara_Kalteng/status/1947696477301837954,0,0,0,19,NaN
593,XHIndonesia,2025-07-22T06:01:47.000Z,"Kementerian Kesehatan Masyarakat pemerintah sementara Afghanistan pada Senin (21/7) mengumumkan kampanye vaksinasi selama empat hari yang bertujuan untuk melindungi 7,3 juta anak di bawah usia lima tahun dari virus polio. Selengkapnya https://facebook.com/share/p/19hGXfXSuJ/…",https://x.com/XHIndonesia/status/1947537540933902733,0,0,0,25,NaN
594,antaranews,2025-07-22T05:32:53.000Z,"Kementerian Kesehatan Masyarakat pemerintah sementara Afghanistan pada Senin (21/7) mengumumkan kampanye vaksinasi selama empat hari yang bertujuan untuk melindungi 7,3 juta anak di bawah usia lima tahun dari virus polio. https://antaranews.com/berita/4983057/afghanistan-mulai-vaksinasi-polio-targetkan-73-juta-anak…",https://x.com/antaranews/status/1947530265271906415,0,0,0,332,NaN
595,hariankompas,2025-07-21T04:27:23.000Z,"Sebanyak 14,3 juta anak di dunia tidak mendapatkan satu dosis pun vaksin. Ini menunjukkan masih banyak anak yang tidak terlindungi dari penyakit yang bisa dicegah. #Kesehatan #AdadiKompas",https://x.com/hariankompas/status/1947151396869919040,0,0,0,370,NaN
596,KompasData,2025-07-21T04:25:17.000Z,"Sebanyak 14,3 juta anak di dunia tidak mendapatkan satu dosis pun vaksin. Ini menunjukkan masih banyak anak yang tidak terlindungi dari penyakit yang bisa dicegah. #Kesehatan #AdadiKompas",https://x.com/KompasData/status/1947150867745906786,0,0,0,40,NaN
597,kompascom,2025-07-18T08:30:21.000Z,"Menurut WHO, ketimpangan akses vaksin masih sangat tinggi, dengan konflik dan krisis kemanusiaan menjadi faktor utama yang merusak sistem imunisasi di banyak wilayah.  ~MD #WHO #Vaksinasi",https://x.com/kompascom/status/1946125376436187433,0,0,0,1,NaN
598,klikwarta_com,2025-07-17T08:50:38.000Z,"Turunkan Zero Dose, Ketum TP PKK Ingatkan Orang Tua Pentingnya Vaksinasi bagi Anak https://klikwarta.com/turunkan-zero-dose-ketum-tp-pkk-ingatkan-orang-tua-pentingnya-vaksinasi-bagi-anak… #beritaterkini #beritaviral #kabarterbaru #klikwarta #news #beritanasional",https://x.com/klikwarta_com/status/1945768092497494030,0,0,0,20,NaN
599,DuniaBaru5751,2025-01-14T22:39:45.000Z,"Nnti ada la tu jmpe bayi dlm semak, ltk dlm kotak tepi surau/masjid, campak dlm longkang dan sungai.. klo ko buat anon. ko mmg sial. Dan siap sedia la kena tangkap masuk penjara. Ko jgn skali2 wat wat terjatuh tangga la sb nak gugurkan. Tetibe ak mcm taw je apa ko nk wat. Hurm",https://x.com/DuniaBaru5751/status/1879297380950143200,3,3,25,15,NaN
600,MyHEALTHKKM,2025-01-14T21:57:45.000Z,"Bahaya Campak : Fakta & Mitos Yang Perlu Anda Tahu  Sertai TikTok Live di http://tiktok.com/@myhealthkkm pada pukul 3.00 hingga 4.00 petang esok bersama Dr. Muhammad Akmal bin Moh Nor, Pakar Perubatan Keluarga dari Klinik Kesihatan Batu 14, Hulu Langat.  #MalaysiaSihat",https://x.com/MyHEALTHKKM/status/1879286807462093031,0,0,0,753,NaN
601,Hrs9Styles,2025-01-14T21:45:45.000Z,"Sedap sial main. Boleh dah ni chelsea beli. Nkunku nak dijual en. Campak jackson chelsea B",https://x.com/Hrs9Styles/status/1879283790323036423,0,0,0,69,NaN
602,kilometrik0,2025-01-14T21:40:11.000Z,"Kalau bapak kau macam setan jangan sama kan dengan lelaki lain bang. Itu bapak kau yang problem. Kau baca apa yang kau nak rasa betul. Anak dia kena dera, luka tu semua kau campak laut buat2 tak nampak. Anak sakit tak bagitahu, bazirkan masa kerja orang. Tak bagitahu tarikh",https://x.com/kilometrik0/status/1879282388465008736,0,0,0,1,NaN
603,ayasufi88,2025-01-14T17:27:45.000Z,"Ekonomi jahanam? Sid, kau memang tak ada self respect ek. Undang-undang yang konon kau dapat tauliah jadi peguam pun, kau hanyut ke longkang bila berbahas. Ini kau nak cakap pasal ekonomi. Hello, professional fees pun, kau campak dekat clerks untuk pengiraan. Ekonomi?  Bha ha ha",https://x.com/ayasufi88/status/1879218861138162113,0,0,0,16,NaN
604,nd2100o,2025-01-14T16:40:02.000Z,"50% Tu baik campak je dalam tv https://x.com/mm_mmarvelous//mm_mmarvelous/status/1879206290561663205…",https://x.com/nd2100o/status/1879206854959784073,0,0,0,18,NaN
605,amrlhsrn,2025-01-14T15:38:50.000Z,"Campak jela dalam api Los Angeles budak2 ni",https://x.com/amrlhsrn/status/1879191453626450426,0,0,0,6,NaN
606,WanJipun,2025-01-14T14:54:30.000Z,"Wkwkwk campak shackle je tan. Senang",https://x.com/WanJipun/status/1879180294156399054,0,0,0,80,NaN
607,cekodokcaramel_,2025-01-14T14:34:15.000Z,"Kalau tgh nangis then ada orang pujuk kau tapi pacak phone utk record. Kau terajang phone tu ke kau campak luar tingkap?",https://x.com/cekodokcaramel_/status/1879175200463544610,0,0,0,18,NaN
608,brskaaa___,2025-01-14T14:32:37.000Z,"i think this week paling byk kena campak kut  kena campak kat p3rak at 5am, info was the night bfr kena campak kat meeting when i was supposed to pergi 4m4n4t vv1p buat hal, kena batal everything attending 1 physical meeting + 1 online meeting pd masa sama kena campak ke p4h4ng",https://x.com/brskaaa___/status/1879174787819590000,0,0,0,46,NaN
609,alimzazaz,2025-01-14T14:21:48.000Z,"1. Video ni lepas pulak terma dan kondisi X  2. Campak mercun best tu",https://x.com/alimzazaz/status/1879172066500563419,0,0,0,1,NaN
610,alimzazaz,2025-01-14T14:19:49.000Z,"Campak smoke bomb mcm seronok",https://x.com/alimzazaz/status/1879171566820618635,0,0,0,11,NaN
611,hokshiurideisik,2025-01-14T14:15:11.000Z,"Mana aku campak ticket tps ritu eh.—.",https://x.com/hokshiurideisik/status/1879170401873666253,0,0,0,35,NaN
612,nrnrdna_,2025-01-14T14:05:40.000Z,"rasa nak campak phone",https://x.com/nrnrdna_/status/1879168004652732621,0,0,0,22,NaN
613,jackcibo,2025-01-14T13:23:34.000Z,"spender pun nak rembat + pengotor tahap boleh hidup kalau campak dalam lubang babi. What a deadly duo",https://x.com/jackcibo/status/1879157409958228429,0,0,0,52,NaN
614,yaya_aira,2025-01-30T19:33:34.000Z,"We should proud ya sebab boleh masak makanan melayu which is complicated n sampai di tahap boleh agak2 je campak ramuan dalam makanan n rasa pun sedap.  Memasak bukan kerja mudahhhhh ok. I felt appreciated when people eat my cooking sampai habisssss. https://x.com/wiwishah/statu/wiwishah/status/1884863618128433290…",https://x.com/yaya_aira/status/1885048729440575864,0,0,0,373,NaN
615,nd2100o,2025-01-30T18:24:13.000Z,"Perangai kau mcm tak gengster patutlah kalau aku dah campak bagi makan jerung",https://x.com/nd2100o/status/1885031276111159560,0,0,0,6,NaN
616,mwchjs,2025-01-30T18:09:01.000Z,"campak jela aku dipinggir pantai  memalukan betul tapi tapi takpelah kan bukan kita tepuk sebelah tangan pun ahaks",https://x.com/mwchjs/status/1885027452323586463,0,0,0,14,NaN
617,HoshiCheeks_,2025-01-30T17:56:04.000Z,"Nonver nak campak mana",https://x.com/HoshiCheeks_/status/1885024192439136451,0,0,0,77,NaN
618,ahnaamanii,2025-01-30T16:00:34.000Z,"aku rasa macam nak campak otak aku",https://x.com/ahnaamanii/status/1884995125220462625,0,0,0,158,NaN
619,cutwulandarisu1,2025-01-30T15:48:09.000Z,"Padahal waktu kecil udah disuntik campak, tapi pas udah gede masih dicampakkan",https://x.com/cutwulandarisu1/status/1884992003915829290,0,0,0,25,NaN
620,in_muslem,2025-01-30T15:41:30.000Z,"""yang penting aku dah bayar astro...semua kucing,campak frieskies dengan penuh harry potter untuk tanda kekuasaan & bukti yang nyata tak bayar saman""",https://x.com/in_muslem/status/1884990328538824801,0,0,0,21,NaN
621,bwbblegvmxz_,2025-01-30T15:16:02.000Z,"DIK AKU HAMPIR CAMPAK PJONE AKU TADI SIAL",https://x.com/bwbblegvmxz_/status/1884983921643041175,0,0,0,129,NaN
622,Meylinda_V,2025-01-30T14:42:17.000Z,"SUNTIK MAU SUNTIK??? SUNTIK RUBELA MAU? SOALNYA KALO SUNTIK CAMPAK TAKUT MALAH DICAMPAKKAN",https://x.com/Meylinda_V/status/1884975426097020987,0,0,0,145,NaN
623,anaaaaja26,2025-01-30T14:37:38.000Z,"mungkin efek samping suntik campak",https://x.com/anaaaaja26/status/1884974258281210284,1,0,2,195,NaN
624,koyotitos,2025-01-30T14:11:13.000Z,"Jenis kalau bersistem ni memang best nak buat research. Itu la syok baca map kat Fuji ni.  Tambah plak dengan google maps. Memang tak sesat la kalau kena campak sini.  Kat bandar besar, pasang gmaps je. Pengsan tengok map kang",https://x.com/koyotitos/status/1884967609172652222,0,0,0,160,NaN
625,orang4wamm,2025-01-30T13:53:15.000Z,"Fak ah gian nak campak umpan lagi",https://x.com/orang4wamm/status/1884963086559514970,0,0,0,24,NaN
626,havzichiori,2025-01-30T12:56:55.000Z,"Aglio olio campak semua benda goreng skali. Pasta je kena rebus dulu. Nasi lemak? Nasi masak lain, telur rebus lain, kacang& ikan bilis goreng, sambal lain. Banyak kerja",https://x.com/havzichiori/status/1884948910676046065,0,0,0,7,NaN
627,wuvjsjwo0,2025-01-30T12:53:03.000Z,"the real campak dalam hutan pun boleh tidur",https://x.com/wuvjsjwo0/status/1884947938641899675,0,0,0,286,NaN
628,najiyyahnadzam,2025-01-30T12:29:34.000Z,"Salahkan makcik makcik aku weiii ahahhashahah. Tapi macam dia twt lah wei, nak kena belajar dedepan n kena ada skill. Bukan campak campak punya style. Jom wei gi class belajar kuih melayu",https://x.com/najiyyahnadzam/status/1884942028917907787,0,0,0,41,NaN
629,nitaliya,2025-01-30T11:53:50.000Z,"tengah finalise kan payroll sampai lupa baju kt dobi. dua jam gak la terbiar baju kt dobi tu. nasib baik dorang tak campak keluar.",https://x.com/nitaliya/status/1884933036346917300,0,0,0,362,NaN
630,ereection,2025-02-14T23:46:52.000Z,"gini amat ya tetep aja di campkan padahal udh suntik campak:(((",https://x.com/ereection/status/1890548293303701550,0,0,0,13,NaN
631,fauvineyard,2025-02-14T23:38:05.000Z,"Mau ngiklan atau enggak, yang penting ilmunya bang. Cobain dulu lu sakit kulit pasti pernah cacar dan campak apa gak ganggu keseharian lu juga? Kalo cacar dan campaknya waktu kecil, kayak gak pernah ngerengek nangis-nangis ke nyokap lu aja.",https://x.com/fauvineyard/status/1890546083396301083,0,0,0,147,NaN
632,nd2100o,2025-02-14T23:25:42.000Z,"Dia takde mati la semua boleh campak nuclear",https://x.com/nd2100o/status/1890542966810255665,0,0,0,17,NaN
633,sadb00tie,2025-02-14T20:02:45.000Z,"I baca tu mcm apoooooo… laki aku anak menangih kat sebelah boleh bt pekak telinga, mmg i campak botoi susu kat kepala dia hahah lani kalau i tanya dia takmau tambah anak lagi ka, membe kata takmau dah serik kena berjaga tiap 2 jam",https://x.com/sadb00tie/status/1890491892518809819,0,0,0,38,NaN
634,cintaisbabo,2025-02-14T15:55:58.000Z,"perdana keluar setelah campak dan gondongen itu",https://x.com/cintaisbabo/status/1890429786696057198,0,0,0,30,NaN
635,snatopiya,2025-02-14T15:31:02.000Z,"wat da pak?! ni memang kawan bangang helok campak je dalam gaung pastu semoga muka dia buruk then org lain semua bencik dia https://x.com/liayglve/statu/liayglve/status/1890024851328672240…",https://x.com/snatopiya/status/1890423513602789442,0,0,0,37,NaN
636,dlwlrma__Xborg,2025-02-14T14:31:46.000Z,"Di lrt gua denger ada yg bilang gini sama temennya ‘gegara campak lo bisa auto imun, itu emanng campak doang kali?’   Pas denger gini gua ketawa, kek mau bilang ke mbanha ‘Lah mba gua juba autoimun gegara campak’",https://x.com/dlwlrma__Xborg/status/1890408596652908999,0,0,0,183,NaN
637,afis_farisxxvii,2025-02-14T14:30:29.000Z,"PC aku sekarang ni ada slot disket lagi. pastu nak pakai zoom pun takleh, kne guna web punya pastu lag punya la azab. nak je aku campak PC tu dari tingkap opis...",https://x.com/afis_farisxxvii/status/1890408276958892064,0,0,0,22,NaN
638,likeafeverrrrrr,2025-02-14T13:38:32.000Z,"aku rse aku campak atas katil  pastu seluar tu warna beige aku tk perasan sangat",https://x.com/likeafeverrrrrr/status/1890395201606238458,0,0,0,59,NaN
639,haziraaqilah_,2025-02-14T13:34:23.000Z,"wehhh gediknyaaaaa eee nyampahlah akuu tolong lah campak saya ke bangkok sekarangggggg",https://x.com/haziraaqilah_/status/1890394158117839060,0,0,0,25,NaN
640,sashimine,2025-02-14T13:16:28.000Z,"BURU CAMPAK DOANG MAH BISA KALI NEKAT DIKIT @maria_mgdalenaa @iratheresia_",https://x.com/sashimine/status/1890389646355365993,0,0,0,149,NaN
641,nrezatiauni,2025-02-14T13:13:17.000Z,"i made tomyam campak campak lunch tadi sebab nak habiskan stok dalam peti, ingatkan nak makan sampai malam tapi laku lah pulak tomyamnya",https://x.com/nrezatiauni/status/1890388846463893884,0,0,0,49,NaN
642,Januarhaikal,2025-02-14T12:52:17.000Z,"Banyak kali dah cakap, jadi lelaki tu tolong lah jangan jadi bodoh dan bangang.  Ya Allah apa lah salah akak tu yang tengah nak COD makanan dekat kau tapi kau pergi bunuh dan campak mayat dia dekat sungai.  Semoga hidup kau takkan kekal tenang. Amin.  https://sinarharian.com.my/ampArticle/712618…",https://x.com/Januarhaikal/status/1890383564170039504,0,0,0,1,NaN
643,RaintRico,2025-02-14T11:46:18.000Z,"Sama kak.. kita jg awam pas adek kena sjs... Awalnya krn minum obat antibiotik.. pd saat keluar ruam awal, kami kira itu campak... Tp lama2 ruam makin bnyk n kulit melepuh.. kami akhirnya bawa ke RS stlh kondisi adek susah bernafas n luka sdh hampir sekujur tubuh...",https://x.com/RaintRico/status/1890366955745415470,0,0,0,677,NaN
644,warwarkan9,2025-02-14T11:34:52.000Z,"Eh kurang2 itik boleh d buat lauk..SI trump tu campak kat laut pun ikan x hingin makan..",https://x.com/warwarkan9/status/1890364078964498432,0,0,0,11,NaN
645,sesajetweet,2025-02-14T11:07:37.000Z,"lama takpost dekat twidderrr  - Sup Ayam Thai - Budu - Sayur peria  kembali lagi kita ke episode masak campak campak je sebab masih belum sempat ke pasar, baru balik dari kampunggggg",https://x.com/sesajetweet/status/1890357223890526500,0,0,0,27,NaN
646,ahmdnzmi,2025-02-14T09:29:02.000Z,"Boleh campak jauh² kot vape yang tergantung kat Leher tu. Macam mana nak panggil pok nya walid rokok pun on standby mode 24/7.",https://x.com/ahmdnzmi/status/1890332412350955887,0,0,0,103,NaN
647,rainfall00_,2025-02-14T09:24:45.000Z,"Ini komik blm ketemu2 anjay  Ntah aku campak kemana ni komik",https://x.com/rainfall00_/status/1890331333580198100,0,0,0,19,NaN
648,detikHealth,2025-02-27T23:21:29.000Z,"AS Laporkan Kematian Akibat Wabah Campak, Pertama dalam 10 Tahun Terakhir",https://x.com/detikHealth/status/1895252946839081305,0,0,0,434,NaN
649,panjxat,2025-02-27T19:29:10.000Z,"main campak aja bah",https://x.com/panjxat/status/1895194482154635483,0,0,0,4,NaN
650,bleuflakes,2025-02-27T17:02:27.000Z,"kondisi kulit after campak emang secerewet itu ya ternyata",https://x.com/bleuflakes/status/1895157559604207903,0,0,0,37,NaN
651,md_zuwairi,2025-02-27T15:49:43.000Z,"munajat konon pigidahhhhhh.YDP PAS GERIK PERAK,Khatib PAS pakat biadap derhaka kujrang ajar ko ank campak mana,kahkahkah",https://x.com/md_zuwairi/status/1895139258652074213,0,0,0,48,NaN
652,tilehopper,2025-02-27T15:40:10.000Z,"Kayak lu bayangin kita berhasil eridikasi campak sekarang di USA mewabah lagi karena mereka punya presiden tolol, menkes tolol, dan rakyat yang sama tololnya juga.   Kasus flu burung disana sampe ngerusak harga telur dan udah loncat spesies ke sapi dan manusia (lewat susu mentah)",https://x.com/tilehopper/status/1895136855173275674,0,0,0,814,NaN
653,treavellyy,2025-02-27T15:36:40.000Z,"CAMPAK AKU KAT KOREA SEKARANG NAK DENGAR LAGU BARU LIVE",https://x.com/treavellyy/status/1895135974906294532,0,0,0,20,NaN
654,sebongnoona24,2025-02-27T14:46:19.000Z,"Jadi kan gue kena demam campak kan ya. Trus, kata dokternya virusnya udah ada di badan gue sejak bulan januari kemarin, trus makin parah pas awal februari pas warna dahak gue warnanya agak kekuningan (sorry)",https://x.com/sebongnoona24/status/1895123301309300952,0,0,0,41,NaN
655,detikHealth,2025-02-27T14:17:06.000Z,"Video: AS Laporkan Kematian Akibat Campak, 2 Pasien dari Texas https://health.detik.com/detiktv/d-7799013/video-as-laporkan-kematian-akibat-campak-2-pasien-dari-texas?utm_source=twitter&utm_medium=oa&utm_content=detikhealth&utm_campaign=detikcomsocmed…",https://x.com/detikHealth/status/1895115948627198012,0,0,0,429,NaN
656,20detik,2025-02-27T14:16:09.000Z,"Video: AS Laporkan Kematian Akibat Campak, 2 Pasien dari Texas https://20.detik.com/detikupdate/20250227-250227132/video-as-laporkan-kematian-akibat-campak-2-pasien-dari-texas??utm_campaign=detikcomsocmed&utm_medium=oa&utm_source=twitter&utm_content=20detik…",https://x.com/20detik/status/1895115711003111543,0,0,0,33,NaN
657,cbzyeol,2025-02-27T13:45:01.000Z,"Teringat member pernah cerita dia buka phone housemate dia tanpa izin sebab syak housemate dia berzina. Siap bangga sebab ""firasat"" dia selalu betul  I'm this close  nak campak cup chizu dekat dia",https://x.com/cbzyeol/status/1895107876999643488,0,0,0,195,NaN
658,n_alysaa,2025-02-27T13:15:54.000Z,"Jihoon is such an easy-going person hahaha memang definisi campak la kat mana2 show dia boleh survived even sorang  https://x.com/whatanIDOL/sta/whatanIDOL/status/1894718678224228368…",https://x.com/n_alysaa/status/1895100548606763523,0,0,0,43,NaN
659,nixs3113,2025-02-27T13:07:18.000Z,"Sesuai, klu mati campak je dlm sungai",https://x.com/nixs3113/status/1895098382131372045,0,0,0,479,NaN
660,TemahUluBanat,2025-02-27T13:03:34.000Z,"Dia ada hat bentuk ikan. Duk campak merata dalam rumah sampai kakak aku sokmo tanjat sebab ingat ada ikan busuk tertinggal atas sofa.",https://x.com/TemahUluBanat/status/1895097445354480017,0,0,0,52,NaN
661,Biskut_K,2025-02-27T11:19:31.000Z,"Ingatkan site jb habis dpt la layan site central, nokharom kne campak kedah pulak pasni",https://x.com/Biskut_K/status/1895071257617748052,0,0,0,153,NaN
662,duraNOTace,2025-02-27T11:19:21.000Z,"beskal dia campak gitu je",https://x.com/duraNOTace/status/1895071215699808514,0,0,0,27,NaN
663,rmlsqzr,2025-02-27T10:08:08.000Z,"Campak cacar",https://x.com/rmlsqzr/status/1895053295808598310,0,0,0,53,NaN
664,Cikpajelina,2025-02-27T09:56:56.000Z,"Tolong la ahhh cerita wajib tengok balik sekolah kot!! Haha.. Sampai rumah campak beg buka tudung terus congok depan tv.. Yg tahu citer nie korg da tua!! Hahaha https://x.com/charolynaa/sta/charolynaa/status/1894713696481657039…",https://x.com/Cikpajelina/status/1895050477047554259,0,0,0,89,NaN
665,atiyaaaaaaaaaaa,2025-02-27T09:45:55.000Z,"Nak campak monitor ni company kaya pun kasi device dengan software tahun 1800 pebendee laaa cjwhhduchsudus cane la nak puasa ni kena tahan diri daripada memaki :(",https://x.com/atiyaaaaaaaaaaa/status/1895047704826520055,0,0,0,28,NaN
666,enylyana,2025-02-27T08:42:53.000Z,"Sikit lagi aku nak campak orang dalam furnace",https://x.com/enylyana/status/1895031840626614772,0,0,0,18,NaN
667,Harazelll,2025-03-14T22:30:36.000Z,"Camera aku ni kan.. ada jugak aku campak battery dia.. HARITU DAH OKAY NI AKU CHARGE TAKLEH ON BALIK PULAK",https://x.com/Harazelll/status/1900675961806569623,0,0,0,43,NaN
668,nrzlkhaz_,2025-03-14T21:28:34.000Z,"Tulaa sedihnya tengok. Semoga kucing tu dapat kembali dekat tuan dia dan harap penjahat tu pulak kena campak macam tu",https://x.com/nrzlkhaz_/status/1900660348774175163,0,0,0,66,NaN
669,emtheae,2025-03-14T19:01:26.000Z,"btw akak tu mungkin rider sebab dia scan each parcel & campak kat tangga  tapi kat tangga tu sumpah banyak gila parcel",https://x.com/emtheae/status/1900623322657980615,0,0,0,34,NaN
670,emtheae,2025-03-14T19:01:00.000Z,"tadi aku nampak ada akak campak parcel banyak gila kat tangga kosong lot kedai, kenapa ek?",https://x.com/emtheae/status/1900623213312569386,0,0,0,54,NaN
671,beloveade,2025-03-14T15:20:31.000Z,"AIHHH LUCU SEKALIIII (si ajuy ajuy itu campak ke laut aja by)",https://x.com/beloveade/status/1900567728056156351,0,0,0,59,NaN
672,suhadameowdiary,2025-03-14T15:14:40.000Z,"2tahun aku kerja dengan company tu. Sesuka hati diaorang campak aku kesana kesini. Aku pergi kije orang take adv atas aku. Im totally done ! War is over",https://x.com/suhadameowdiary/status/1900566252533498330,0,0,0,37,NaN
673,syedxfaiz,2025-03-14T13:55:13.000Z,"Warga asing pulak dahh. Haaa tangkap sumbat dlm jel imigresen, humban balik mana depa mai. Ada puak imigran juga manusia, campak buang sekali.",https://x.com/syedxfaiz/status/1900546260177989851,0,0,0,50,NaN
674,Ayyani4800,2025-03-14T13:21:25.000Z,"Try ubat lain pulak. Kalau tak ok, gi farmasi tu campak ubat tu. Habis duit je, baik gi klinik. Banyak kali dh kena scam dgn farmasi.",https://x.com/Ayyani4800/status/1900537755257774142,0,0,0,41,NaN
675,najwanadhirahs,2025-03-14T12:32:33.000Z,"vape depan aku memang aku campak masuk gaung",https://x.com/najwanadhirahs/status/1900525454441971729,0,0,0,34,NaN
676,hanaeism,2025-03-14T12:13:45.000Z,"3 org mati, 300 org pasni masuk. Bayar duit kopi je. Patutnya yg makan rasuah tak cukup2 tu yg kena tembak mati pastu campak gaung macam bangkai",https://x.com/hanaeism/status/1900520723560751394,0,0,0,17,NaN
677,Bybyluvryu,2025-03-14T12:10:15.000Z,"Aku skrg tw alasan, knp aku gk sepintar adekku adalah pas aku masih umur 9 bln, sakit campak eh ama dokter dikasih obat keras efeknya ke sel"" otak n jaringan saraf",https://x.com/Bybyluvryu/status/1900519845277618281,0,0,0,142,NaN
678,matchagepuk,2025-03-14T12:09:50.000Z,"at the end selimut tu ibu i campak dalam tong sampah",https://x.com/matchagepuk/status/1900519740851838985,0,0,0,51,NaN
679,fxckxffgxrls,2025-03-14T12:00:30.000Z,"Buat buat tanya dkt mana donut eh lupa dh ke kau campak bodoh dasar nyanyuk",https://x.com/fxckxffgxrls/status/1900517388665118878,0,0,0,684,NaN
680,HilmiAdi,2025-03-14T11:25:41.000Z,"Industrial Court to get RM5mil AI powered transcript system   RM5mil sebab dia campak istilah AI dalam tu.   https://freemalaysiatoday.com/category/nation/2025/03/14/industrial-courts-to-get-rm5mil-ai-powered-transcription-system/…",https://x.com/HilmiAdi/status/1900508629687832836,0,0,0,60,NaN
681,amsyar1308,2025-03-14T11:10:19.000Z,"Minggu depan nak kena keluar. Sekarang mana aku campak passport aku?",https://x.com/amsyar1308/status/1900504761360867456,0,0,0,66,NaN
682,fxckxffgxrls,2025-03-14T11:00:41.000Z,"Makanan tu aku dh craving lama kau boleh campak benda tu habis jatuh kotor babi babi babi manusia",https://x.com/fxckxffgxrls/status/1900502336641896936,0,0,0,599,NaN
683,fxckxffgxrls,2025-03-14T10:57:16.000Z,"Buang la semua makanan tu biar kebulur makanan aku duk elok dkt situ tk kacau kau tapi kau campak dkt lantai bodoh manusia",https://x.com/fxckxffgxrls/status/1900501479057973359,0,0,0,601,NaN
684,fxckxffgxrls,2025-03-14T10:56:07.000Z,"Beli makanan kena campak bagus la penat sial duk dlm rumah ni",https://x.com/fxckxffgxrls/status/1900501188916765054,0,0,0,545,NaN
685,TrooperPool95,2025-03-14T10:52:17.000Z,"Alang2 tu campak je la bendera bulan yg berterabuh kat sana tu",https://x.com/TrooperPool95/status/1900500223283314984,0,0,0,1,NaN
686,hannnnnBeeeee,2025-03-14T10:51:19.000Z,"Kalopun ada bopeng itu di antara alis, tapi bukan karena jerawat tapi karna campak. Bekas campak bikin bopeng.. Tapi gpp kata suami manis kok",https://x.com/hannnnnBeeeee/status/1900499980009525371,0,0,0,113,NaN
687,fathihilmi_,2025-03-30T22:11:37.000Z,"stay safe sajae n fam... kalau perlu beli mercun bola campak kat dia",https://x.com/fathihilmi_/status/1906469387705659431,0,0,0,48,NaN
688,Ispitzionist,2025-03-30T21:48:51.000Z,"And kau campak around the world itu kat mana setan ? Seriously orang Indon ni semua nya kurang cerdik kah ???",https://x.com/Ispitzionist/status/1906463658009645554,0,0,0,297,NaN
689,minjihypeboy,2025-03-30T19:27:30.000Z,"nak nangis aku penat buat songkok untuk dia tapi getah selalu tercabut menguji iman betulla aku campak budak tu keluar kang",https://x.com/minjihypeboy/status/1906428085966352598,0,0,0,20,NaN
690,22KK_krish,2025-03-30T17:34:35.000Z,"Bila kena batang hidung sendiri, terus campak rule of law ke dalam tong sampah.",https://x.com/22KK_krish/status/1906399671058358512,0,0,0,1,NaN
691,ismahchan,2025-03-30T16:24:16.000Z,"Aku ingat gi housemate sewa aku lu, guna petua org lama campak sudu besi. Yg aku tk tahan, rumah sewa kami tu, penuh sudu garfu berkarat  Masuk dapur nampak buat lagutu, aku direct terus cakap bodo ko ni, ikut petua bole, tapi jangan bangang sangat haha. Berkarat pun pi letak.",https://x.com/ismahchan/status/1906381974312473053,0,0,0,99,NaN
692,nd2100o,2025-03-30T15:13:35.000Z,"Campak dia lawan aku",https://x.com/nd2100o/status/1906364188118929895,0,0,0,16,NaN
693,siyonaru,2025-03-30T13:24:11.000Z,"aku pas kena campak tetep mandi loo ta, soalnya lengket banget badan rasanya",https://x.com/siyonaru/status/1906336658011656515,0,0,0,22,NaN
694,salicylicasid,2025-03-30T12:34:27.000Z,"Done  Konsul telemedicine, katanya kemungkinan efek kombinasi obat yg gak pas. Krn tinggal 2x minum (pagi dan sore) jd ttp dihabiskan, dgn tambahan obat alergi. Ada kemungkinan jg efek dr kombinasi tipes+infeksi bakteri+campak. Riyoyo taun ini sungguh istimewa.",https://x.com/salicylicasid/status/1906324141814452469,0,0,0,142,NaN
695,GR94Thomas,2025-03-30T12:16:27.000Z,"Habis pulang jaga IGD wabah campak, masyarakat adat & RSUD ngadain bakar batu di area kompleks RS ( bakar batunya ayam dikasih bumbu kuning ). Pengalaman sekali seumur hidup",https://x.com/GR94Thomas/status/1906319610917568819,0,0,0,3,NaN
696,chelan_28,2025-03-30T11:58:03.000Z,"Tak larat nak merendang atas dapur kuali... Campak jer dalam pressure cooker...",https://x.com/chelan_28/status/1906314979957166141,0,0,0,137,NaN
697,danielxcc1,2025-03-30T11:17:02.000Z,"Jangan tarik balik report polis biar mamat askar bodoh ni hilang keje, ataupun kene campak jauh. Kimak betul",https://x.com/danielxcc1/status/1906304656806125784,0,0,0,56,NaN
698,Lullabyjinie,2025-03-30T11:13:41.000Z,"Kok caca sih anjer, cam cam campak",https://x.com/Lullabyjinie/status/1906303816670343508,0,0,0,41,NaN
699,safuanVB,2025-03-30T11:01:35.000Z,"Kalau ad jenis melayu mcm ni mohon buang kewarganegaraan atau campak jauh2. We dont need this kind of extremist among us.",https://x.com/safuanVB/status/1906300771320086756,0,0,0,294,NaN
700,ExeItPlan,2025-03-30T08:41:34.000Z,"Aku rasa aku kena campak memana hidup jela kot dayyum",https://x.com/ExeItPlan/status/1906265532309045546,0,0,0,9,NaN
701,azmanrocks,2025-03-30T08:27:10.000Z,"Campak-campak je.",https://x.com/azmanrocks/status/1906261908552053000,0,0,0,17,NaN
702,araarchive,2025-03-30T08:21:05.000Z,"jantan ni tak payah campak dalam jail, buat penuh jail je. Campak gaung je terus",https://x.com/araarchive/status/1906260380349018314,0,0,0,52,NaN
703,MancioRexford,2025-03-30T08:16:43.000Z,"Ubun ubun kena campak Pak Pak Bangun Pak...",https://x.com/MancioRexford/status/1906259279532982577,0,0,0,45,NaN
704,HanisBudakBaik,2025-03-30T07:31:24.000Z,"Yeah i surprise guys yg jenis baran mcm tu. Apa masalah dorang ye. I mean i gado2 dgn siblings pun takda pukul2 or campak barang. Let alone hitting a stranger. What's in their mind and brain.",https://x.com/HanisBudakBaik/status/1906247874499031323,0,0,0,243,NaN
705,BenYazid86,2025-03-30T07:08:12.000Z,"Kencing je la dalam botol, botol campak kat muka menteri",https://x.com/BenYazid86/status/1906242036514341113,0,0,0,834,NaN
706,BrokenWineee,2025-04-14T20:06:27.000Z,"Bilik tu korang share bertiga tau...Suspicious gila tido berdua then lock the door,lagi sorang tu korang nak campak mana ? Bukan nk busy body, but look at you guys being selfish just make pissed",https://x.com/BrokenWineee/status/1911873706542141527,0,0,0,17,NaN
707,_sigadismanis,2025-04-14T18:42:52.000Z,"Kejap lagi mungkin aku campak je Yaya dari rumah. Dahlah orang kutip dia tapi tak sedar diri. Semua kucing dia nak kacau.",https://x.com/_sigadismanis/status/1911852673600786434,0,0,0,56,NaN
708,belialrising,2025-04-14T17:50:35.000Z,"Elak guna emergency lane. Jalan tepi biasanya kotor, banyak skru, paku. nasib tak baik, tayar boleh pancit.  Dulu ada cerita, 2,3 hari nak raya, bengkel motor campak paku, cari makan tukar tiub tayar. Bengkel Buka sampai ke pagi. Dia tahu ramai yang kena. Tayar pancit.",https://x.com/belialrising/status/1911839514173296644,0,0,0,217,NaN
709,aizaazlan1,2025-04-14T15:16:03.000Z,"Risau ek yg single ni kena campak kat ss huaaa ku redhaa",https://x.com/aizaazlan1/status/1911800627082248456,0,0,0,17,NaN
710,HikerSKIRK,2025-04-14T15:04:25.000Z,"cupcupcup sini eita blm suntik campak kan ?",https://x.com/HikerSKIRK/status/1911797698526920721,0,0,0,15,NaN
711,lacedsa,2025-04-14T14:41:35.000Z,"hidup lagi cape dan EB team meributkan campak german iGV ke ipb @Meta AI",https://x.com/lacedsa/status/1911791952691106298,0,0,0,99,NaN
712,anisadnan_,2025-04-14T13:47:06.000Z,"haah lah, mainan yang banyak-banyak dia beli tu campak mana agaknya ya  sesuailah main mainan budak-budak + main tik tok = terencat.",https://x.com/anisadnan_/status/1911778241863618851,0,0,0,583,NaN
713,cherishcakee,2025-04-14T13:33:07.000Z,"tidak menyangka campak bakal menyerang anak di umur 20 taun ini",https://x.com/cherishcakee/status/1911774724302274694,0,0,0,7,NaN
714,sourpwiti,2025-04-14T13:19:49.000Z,"woi gue mau review sakit campak guys, dr kamis gue sakit sampe skrg masih nyisa dikit   bagian paling menyiksa; - panas suhunya 39 40 39 40 39 40 hampir 3 hari, wallahi mimpi gue udh egk karuan guys  - badan LEMESSSSSS banget padahal kerjaannya cm tidurrrrannnnn doang",https://x.com/sourpwiti/status/1911771377104826419,0,0,0,103,NaN
715,povcky,2025-04-14T13:18:11.000Z,"Dah seminggu lagi bjir ada-ada aja segala kena campak",https://x.com/povcky/status/1911770965299937604,0,0,0,26,NaN
716,melodydeena,2025-04-14T12:46:34.000Z,"Dah la kena pergi sorang, pastu bagi alasan sebab aku sorang paling muda & belum kawin.  Dah la rate gaji aku paling rendah dari semua staff dekat office tu, tapi aku yang kena campak sana sini. Yang duk office tak buat apa, takde over workload tiber bonus tinggi, ada increment",https://x.com/melodydeena/status/1911763008893976847,0,0,0,105,NaN
717,melodydeena,2025-04-14T12:40:48.000Z,"Lepas stop campak dekat sg, dia letak aku sorang jaga 3 division tanpa ada assistant/staff. Semua benda aku handle sendiri. Dari check barang sampai buat report sampai handle shipment.   Aku pernah je bersuara mintak staff sorang pun jadi la, support aku sebab overload.",https://x.com/melodydeena/status/1911761555005514101,0,0,0,56,NaN
718,ZakiHafifi,2025-04-14T12:16:57.000Z,"PM yang utamakan keterjaminan makanan. Tapi mamak tu mana nampak. Tak senang hati dia. Tak pasal kena campak bawah bas. Al-Fatihah, Pak Lah.",https://x.com/ZakiHafifi/status/1911755555909370233,2,346,938,45,NaN
719,hanif78588,2025-04-14T11:18:52.000Z,"Dia campak org bawah an dia bawah bas lagu tu ja?",https://x.com/hanif78588/status/1911740937971118361,0,0,0,3,NaN
720,daisyharuto,2025-04-14T11:11:56.000Z,"KANNNN DASAR LA !!! tak call pon nak hantar barang main campak je",https://x.com/daisyharuto/status/1911739192830468248,0,0,0,62,NaN
721,jackazhof,2025-04-14T11:07:22.000Z,"Satu satu la. Semua offer nak campak ke saya ni kenapa",https://x.com/jackazhof/status/1911738042488160409,0,0,0,19,NaN
722,ashaabull,2025-04-14T11:02:27.000Z,"Kok surya makin hari makin campak sihh",https://x.com/ashaabull/status/1911736805365559771,0,0,0,34,NaN
723,HinataYeos,2025-04-29T23:24:40.000Z,"terpaksa guna eyebrow yang kontot ni. yang baru entah campak mana",https://x.com/HinataYeos/status/1917359407253578113,0,0,0,40,NaN
724,ArukSharukh,2025-04-29T19:51:35.000Z,"Kaw kaw dengki eh terus report . Takpa tunggu aku campak dkt dahi kau",https://x.com/ArukSharukh/status/1917305783425065128,0,0,0,108,NaN
725,NorshafiqM,2025-04-29T18:57:21.000Z,"isteri mcm ni campak kt zoo je,sesuai,biar harimau makan kau,",https://x.com/NorshafiqM/status/1917292134509732029,0,0,0,33,NaN
726,lANZAlNAL,2025-04-29T15:42:31.000Z,"Dalam politik ni, sesiapa pun boleh kena campak bawah bas. Janganlah percaya pada sesiapa even kawan kau sendiri.",https://x.com/lANZAlNAL/status/1917243106707247417,0,0,0,2,NaN
727,PotatoTada,2025-04-29T15:08:05.000Z,"Yelah anak bongsu tinggal sorg yg lain dah besar yg kecik ni campak mane mane pun boleh",https://x.com/PotatoTada/status/1917234439819809252,0,0,0,10,NaN
728,noturbunga_,2025-04-29T14:26:47.000Z,"Guna resepi che nom, ikut je sebiji sebiji jangan derhaka resepi sangat. Dah pro kau nak campak campak pun sedap je nanti.",https://x.com/noturbunga_/status/1917224047303426200,0,0,0,1,NaN
729,annaraffsyadh,2025-04-29T14:18:51.000Z,"Iyaa bner skarang lagi musim kalau ga tipes campak beb. Slnya cuacanya lagi jlek jadi harus kuat kuat imun wkwkek",https://x.com/annaraffsyadh/status/1917222048214192245,0,0,0,44,NaN
730,kontarOP,2025-04-29T13:50:14.000Z,"@SPRMMalaysia check: takkan INVOKE through sub cons sub cons tak dapat kerja buat website PADU. PADU dah pakai? Untuk subsidi apa eik Oklah covid abis mysejahtera pun sama. Tukar kerajaan PADU campak je! Oh, but not the real PADU of @bptmsdosm of @officialmosti. @EkonomiMalaysia",https://x.com/kontarOP/status/1917214847793856913,0,0,0,97,NaN
731,lomlrenhyuck,2025-04-29T13:33:32.000Z,"ak tuh emang campak able yah??",https://x.com/lomlrenhyuck/status/1917210644300103750,0,0,0,192,NaN
732,intmariexx,2025-04-29T13:17:44.000Z,"NCT je ke buat duit kat SM tu.  Riize kau campak mana dah macam dah tak dengar khabar",https://x.com/intmariexx/status/1917206669052051607,0,0,0,74,NaN
733,decemberillax,2025-04-29T13:15:34.000Z,"Demi apa sih? Si Utsman campak. Stress bgt gw",https://x.com/decemberillax/status/1917206124002161020,0,0,0,17,NaN
734,mydreamisyou000,2025-04-29T13:14:28.000Z,"baru balik periksa ke dokter ternyata bukan alergi tp kena campak...",https://x.com/mydreamisyou000/status/1917205845802357165,0,0,0,59,NaN
735,blouminghearts,2025-04-29T12:55:02.000Z,"muak dengan drama campak ini ya allah",https://x.com/blouminghearts/status/1917200954539364598,0,0,0,54,NaN
736,cquerkxboii_,2025-04-29T12:27:59.000Z,"Confident dari kecik dah pernah kene ciken pox. call mak mak cakap dulu kene campak sekam yang kecik2 halus ja",https://x.com/cquerkxboii_/status/1917194148333208000,0,0,0,737,NaN
737,Quraishahir,2025-04-29T11:25:06.000Z,"Lagi? Geram tgk CE dgn suhaimi tu punya kes. Sampai aku tak leh pikir apa masalah diaorg ni sbb masalah aku lagi besar aku pikir masalah org lain kejap je lepas tu aku campak jauh jauh. Fokus diri sendiri sebulan dua ni.",https://x.com/Quraishahir/status/1917178322553118738,0,0,0,15,NaN
738,vict0Riaz,2025-04-29T10:51:23.000Z,"memang la amik lesen manual. tapi dah kalau last drive kereta manual pun waktu test jpj 2 years ago, ko expect aku boleh terus bawak ke kereta manual kalau campak satu",https://x.com/vict0Riaz/status/1917169837241204952,0,0,0,116,NaN
739,nrldaud,2025-04-29T10:37:08.000Z,"Aku menahan diri dari reply dengan kata² kesat dari neraka bila orang yang campak pasir dalam periuk nasi aku tengah promot novel baru dia dalam group yang AKU ADMINNYA. Dasar tak tahu malu",https://x.com/nrldaud/status/1917166251752956259,0,0,0,219,NaN
740,Kakaroct87,2025-05-14T23:21:42.000Z,"Wak47 mafia rasuah apadahal...bnyk ahli yg dia campak sblm ni yg x setuju dgn dia. Mmber jenis diktator. Mmg kaki humban org pun. X heran pun. Yg penting bos selamat dari kes dnaa hasil dari tunjuk ajar ku sifu... Sifunya siapa? Sah2 la dajjal yg brpangkat tinggi 2 kali msuk jail",https://x.com/Kakaroct87/status/1922794480698036512,0,0,0,14,NaN
741,ynzmri,2025-05-14T17:49:14.000Z,"boleh tak sesiapa serang rumah musibat yang pukul kucing sumbat dalam longkang tu? pls lah belasah pastu campak dia dalam longkang balik",https://x.com/ynzmri/status/1922710810385600823,0,0,0,82,NaN
742,sparkxxx_,2025-05-14T17:41:49.000Z,"Sikit lagi nak campak phone  GERAM BETUL",https://x.com/sparkxxx_/status/1922708946197856625,0,0,0,16,NaN
743,mhmmdaimnzm,2025-05-14T16:52:02.000Z,"Nasi kau simpan pinggan campak kat muka dia",https://x.com/mhmmdaimnzm/status/1922696415177814443,0,0,0,57,NaN
744,knghoon,2025-05-14T15:59:08.000Z,"beneran campak kah",https://x.com/knghoon/status/1922683104952549385,0,0,0,88,NaN
745,SelangorUmno,2025-05-14T14:55:33.000Z,"Ini baru betul fighter, kalah menang campak tepi.   Bukan macam lagi sorang tu, lembik mengada-ngada. Siap ugut kalau kalah nak letak jawatan.  Letak jawatan sekaranglah.",https://x.com/SelangorUmno/status/1922667105175884287,0,0,0,57,NaN
746,imprepraring,2025-05-14T14:22:55.000Z,"Wkwk campak apa kampak",https://x.com/imprepraring/status/1922658891457769760,0,0,0,16,NaN
747,Excavator_carls,2025-05-14T13:37:49.000Z,"Adoiyai.. aku lelaki pun geli nak buat camtu even spender aku sendiri.. dah tanggal terus campak dalam mesin basuh.. tu pon basuh takan campur dengan pakaian lain..",https://x.com/Excavator_carls/status/1922647539301355745,0,0,0,368,NaN
748,sebong2ri,2025-05-14T13:26:54.000Z,"Aku sikit lagi ingat part last tu dk nak campak plastic bag hitam  pastu mingyu suruh kutip balik hahaha",https://x.com/sebong2ri/status/1922644794842526205,0,0,0,77,NaN
749,amer7211,2025-05-14T13:00:59.000Z,"Campak je walaun2 macam ni bawah lori najis.",https://x.com/amer7211/status/1922638269574943139,0,0,0,30,NaN
750,dkcrepes,2025-05-14T12:57:20.000Z,"Sumpah ya kena campak gak enak recovernya lama banget",https://x.com/dkcrepes/status/1922637352645644777,0,0,0,63,NaN
751,faktooyuutoo,2025-05-14T12:51:43.000Z,"Haah itu maksud i , pengotor dgn tk kemas beza la . Pengotor ni mmg kebersihan out la tk kemas ni mcm baju letak merata kdg dh basuh baju campak atas katil . Barang makeup tk tersusun ke",https://x.com/faktooyuutoo/status/1922635939634925742,0,0,0,51,NaN
752,fmtoday,2025-05-14T11:55:38.000Z,"Warga emas ditahan pukul, campak kucing jiran #FMTNews #FMTBerita",https://x.com/fmtoday/status/1922621824329723939,0,0,0,763,NaN
753,mierwengweng,2025-05-14T11:31:30.000Z,"perangai camni campak je laut",https://x.com/mierwengweng/status/1922615752898617520,0,0,0,168,NaN
754,arafiqzkl,2025-05-30T23:00:26.000Z,"Sama banget sama saya, 2 minggu lalu. Demam disertai nyeri otot dan sendi. Tapi dokternya bilang campak",https://x.com/arafiqzkl/status/1928587332338208811,0,0,0,748,NaN
755,fairylilac00,2025-05-30T17:28:36.000Z,"tgh fancam teha real rse mcm nak campak phone tu baling dekat YG",https://x.com/fairylilac00/status/1928503823569412276,0,0,0,791,NaN
756,captain68404915,2025-05-30T15:40:10.000Z,"Campak campak apa bahan ada dalam peti ais",https://x.com/captain68404915/status/1928476538317721866,0,0,0,11,NaN
757,jsbebehhh,2025-05-30T15:33:49.000Z,"fancam freehage aku ni elok je aku campak diri aku sendiri dalam laut",https://x.com/jsbebehhh/status/1928474941181104503,0,0,0,67,NaN
758,jeonbeaniewoo,2025-05-30T15:22:23.000Z,"7dream potong jari , bnd kena gasak , svt kena campak dekat laut 🫩🫩🫩🫩",https://x.com/jeonbeaniewoo/status/1928472062835806617,0,0,0,93,NaN
759,AlifMohdNor,2025-05-30T15:11:04.000Z,"Jadi kat aku ni memang aku hina dia cukup2  Amik rm10 campak kat muka dia Dah la miskin, hina lepastu nak menipu  Zaman sekarang 90% kereta ada dashcam kimak",https://x.com/AlifMohdNor/status/1928469215583109531,0,0,0,148,NaN
760,PejuangPH,2025-05-30T14:44:21.000Z,"Campak kt permatang pauh pon rafizi boleh menang lah",https://x.com/PejuangPH/status/1928462490377326767,0,0,0,818,NaN
761,suzie_suzz,2025-05-30T14:30:19.000Z,"dah ada improvement, ada 'akal' sket nak mitigate issues.  Undergrad = exec level.  Exec level ni supposedly campak ke mana pun boleh hidup. Xyah tunggu apa nak kena buat, apa nak kena suruh.  Anon grab je peluang ni, bersyukur + perform dulu. Chaiyok!!!",https://x.com/suzie_suzz/status/1928458958014136418,0,0,0,59,NaN
762,kevinbestboyz,2025-05-30T14:28:57.000Z,"campak taik sekali kalau boleh",https://x.com/kevinbestboyz/status/1928458613368213618,0,0,0,28,NaN
763,ntodl,2025-05-30T14:10:15.000Z,"Ini mah bukan campak dah kayanya, masa kambuh kambuhan buset",https://x.com/ntodl/status/1928453908109639744,0,0,0,17,NaN
764,analytic_people,2025-05-30T14:05:21.000Z,"Zahid pun tak suka KJ, kalau tidak tak ada maknanya dia campak KJ ke Sungai Buloh tu.  Palatao sungguh kau ni",https://x.com/analytic_people/status/1928452675244617807,0,0,0,1,NaN
765,ZuaTheGreek,2025-05-30T13:54:42.000Z,"Biasa lah politik dik non..lagi2 yang berkabel nih..lagi2 kabel warna kuning..campak ke bukit jadi carcosa seri negara..campak ke pulau jadi the taraas..pilih jer nak dok tang mana nak jadi apa..tup2 jadi..",https://x.com/ZuaTheGreek/status/1928449997185417422,0,0,0,127,NaN
766,nadiasuhaii,2025-05-30T13:52:50.000Z,"dia ni campak kat mana-mana, tak hidup ni  lurus amat",https://x.com/nadiasuhaii/status/1928449525598847298,0,0,0,13,NaN
767,nbae114,2025-05-30T13:26:01.000Z,"Just do it and tawakal je sebab Allah pemberi rezeki. Hahahaha sambil2 tu usaha la sambil job searching. Mungkin mmg ada mindset “aku campak kat mana2 pun aku boleh hidup” so jenis tak kesah sangat",https://x.com/nbae114/status/1928442778628845603,0,0,0,13,NaN
768,malmendezz,2025-05-30T13:04:38.000Z,"Dulu zaman aku ni kena terajang budak ni. Pastu cikgu campak beg dia keluar kelas.",https://x.com/malmendezz/status/1928437395692609801,0,0,0,25,NaN
769,kevinbestboyz,2025-05-30T12:34:26.000Z,"u patut campak telur beb",https://x.com/kevinbestboyz/status/1928429795311825396,0,0,0,56,NaN
770,inthao_o,2025-05-30T11:26:44.000Z,"Roseola(?) yg kayak campak gtu kak",https://x.com/inthao_o/status/1928412760439738430,0,0,0,19,NaN
771,deartime__,2025-05-30T10:28:58.000Z,"I saw dia baling campak gitu je tapi tak expect akan hilang…..and also takut nak cakap",https://x.com/deartime__/status/1928398219211411682,0,0,0,22,NaN
772,ArkhamGlory,2025-06-14T23:51:08.000Z,"Campak je dia tepi highway bro pstu tinggalkan dia.",https://x.com/ArkhamGlory/status/1934035912293572635,0,0,0,1,NaN
773,izziewan90,2025-06-14T23:27:18.000Z,"Ni msti jenis main bunting pastu xtau buat apa beranak campak budak tu.  Ada org yg kahwin halal nak dpt zuriat bkn main ssh, boleh dia buang mcm tu jer. Tak faham n zalim betul.",https://x.com/izziewan90/status/1934029913881026979,0,0,0,578,NaN
774,4mrhzztyy,2025-06-14T22:13:15.000Z,"I can no longer keep it. Declutter phase 2. Baju semua sumpah elok. Tapi aku cam nak donate campak tong donation je.",https://x.com/4mrhzztyy/status/1934011277200052559,0,0,0,62,NaN
775,IchiXIV,2025-06-14T17:44:40.000Z,"Hati dah rosak sangat sampai nak rasa bitter dengan semua orang, tu jadi peel tu. Sebab tu jugak boleh campak member sendiri macam tu.",https://x.com/IchiXIV/status/1933943686674669743,0,0,0,93,NaN
776,IchiXIV,2025-06-14T17:38:14.000Z,"Bukan jantan misoginist je akan campak pick me bawah bas, perempuan pick me pun akan campak member mutual sendiri bawah bas kalau dia rasa benda tu boleh buat dia rasa dia owning feminis.",https://x.com/IchiXIV/status/1933942066788343957,0,0,0,1,NaN
777,KashonMY,2025-06-14T15:18:52.000Z,"Macam panadol, campak je sebiji. Esoknya bau hilang, bilik air terus fresh & wangi!  Tak sangka sekecil tu, tapi power gila.   Tgok sini  https://s.shopee.com.my/8ztRPQVpm5  https://s.lazada.com.my/s.JO1X1?cc",https://x.com/KashonMY/status/1933906996266475920,0,0,0,472,NaN
778,farhanzahari,2025-06-14T14:02:37.000Z,"Mana boleh. Setpol MOF sekarang nak campak mana nanti? #harapfaham",https://x.com/farhanzahari/status/1933887805341811148,0,0,0,415,NaN
779,syahmialias_,2025-06-14T13:58:47.000Z,"Please get this if you selalu misplaced barang especially kunci. I gantung dkt wallet sebab ni je brg yang I selalu campak merata  Btw ni bukan gps tracker tau. Jadi jangan expect lebih-",https://x.com/syahmialias_/status/1933886839800414603,0,84,299,89,NaN
780,fotfothirah,2025-06-14T13:36:55.000Z,"Apa benda siak buat laki ko gitu dh salah tu salah je la...hmm meh la sini campak laki ko kt aku atleast aku boleh gi europe tour setiap tahun....silap² beberapa tahun lagi dpt pulak sebijik porsche lah tiberr https://x.com/yusuf_appdev/s/yusuf_appdev/status/1933487942351401222…",https://x.com/fotfothirah/status/1933881339272638707,0,0,0,5,NaN
781,Solo_Bentan,2025-06-14T13:26:28.000Z,"Semua laungan scammer politician raih undi rakyat sudah boleh campak dalam longkang.  - hidup melayu puak Umno & Ppbm - takbir puak PAS  - reformasi puak PKR  Tapi tunggang agama-bangsa tetap terpaling hipokrit dan pembohong besar.",https://x.com/Solo_Bentan/status/1933878708705902766,0,0,0,9,NaN
782,jelloyo0o,2025-06-14T13:22:51.000Z,"Tak faham lambung campak tu apa",https://x.com/jelloyo0o/status/1933877797057094026,0,0,0,43,NaN
783,majikaeasyx,2025-06-14T13:17:37.000Z,"Stress, ponakan kena campak, di giniin di gituin tetap nangis dia , aunty mu ikutan kena baby blues",https://x.com/majikaeasyx/status/1933876479773077714,0,0,0,96,NaN
784,gsyahvna,2025-06-14T13:12:26.000Z,"Semua suka campak atas kepala aku",https://x.com/gsyahvna/status/1933875178972557781,0,0,0,12,NaN
785,nwearestranger,2025-06-14T13:11:34.000Z,"Lama sangat tak lambung campak",https://x.com/nwearestranger/status/1933874958612214188,0,0,0,323,NaN
786,Evensfall,2025-06-14T13:00:57.000Z,"LAGI CAMPAK, AYY?",https://x.com/Evensfall/status/1933872286576341289,0,0,0,10,NaN
787,starjooer,2025-06-14T12:35:04.000Z,"Campak kat kepala saya bang",https://x.com/starjooer/status/1933865771408732490,0,0,0,43,NaN
788,ashraframli99,2025-06-14T12:20:26.000Z,"Rafizi nak campak mana",https://x.com/ashraframli99/status/1933862091548725533,0,0,0,17,NaN
789,shah806353,2025-06-29T23:55:56.000Z,"jururawat yg bodo2????? @Bossbm17  pukimak anak haram sial bedebah ko setakat sijil srp je nk kata org bodo sekurang jururawat berbakti dgn manusia dr ko anak haram anak tepi sampah pukimak esok bapak ko sakit campak bapak ko hospital swasta",https://x.com/shah806353/status/1939472937981255872,0,0,0,106,NaN
790,nd2100o,2025-06-29T19:12:46.000Z,"Nak jadi master eh?tengok la dia kena demam campak",https://x.com/nd2100o/status/1939401677263736993,0,0,0,26,NaN
791,zhychinth,2025-06-29T16:38:50.000Z,"i mean kalau kena campak jadi dpp lepas grad kena redo",https://x.com/zhychinth/status/1939362935345926511,0,0,0,19,NaN
792,thvrai,2025-06-29T16:35:14.000Z,"dah alang2 macam ni, campak je i kat stage tu biar jatuh ke pangkuan shua ehehhek",https://x.com/thvrai/status/1939362031863582808,0,0,0,47,NaN
793,nurulnnnadihah,2025-06-29T16:07:06.000Z,"benci betul drg just campak semua inclusions skaligus smapai ada marks kt pc. jooyeon tu bended hujung. tp unnoticable. pc unit tu pon ada mark segi 3 tp nampak kalau tgk bawah lampu je",https://x.com/nurulnnnadihah/status/1939354951458930985,0,0,0,111,NaN
794,TunSyed78817,2025-06-29T15:46:35.000Z,"Antara jenis jerempuan paling jahanam aku penah nampak  Buat sikit rasa dah terpaling berdikari, padahal baru bare minimum.  Yang jenis macam ni aku suggest campak masuk hutan bagi pisau cukur je, baru dia tau erti berdikari kena kejar babi hutan",https://x.com/TunSyed78817/status/1939349788266484161,0,0,0,367,NaN
795,MochiJjen2123,2025-06-29T15:10:23.000Z,"TOLONG CAMPAK SAYA KE SANAAAAAAAAAA",https://x.com/MochiJjen2123/status/1939340678674420016,0,0,0,110,NaN
796,andypwarkgfr,2025-06-29T14:37:07.000Z,"im so sad... dah tak duduk dengkil, dah limit dah cse boleh pergi SEDIHNYAA bila boleh jumpa korang lagi ni... dengan kena campak kelantan nya ya allah saya betul betul taktau bila boleh gi kl lagi",https://x.com/andypwarkgfr/status/1939332304394240424,0,0,0,747,NaN
797,juwaa58,2025-06-29T14:35:24.000Z,"boleh campak je phone tu bodo",https://x.com/juwaa58/status/1939331875870576796,0,0,0,9,NaN
798,nineeleeseven,2025-06-29T14:34:04.000Z,"Aiii muka kuning kena demam campak ke",https://x.com/nineeleeseven/status/1939331537616740857,0,0,0,85,NaN
799,norisma36512180,2025-06-29T13:09:38.000Z,"Anak kapal dia campak ke laut..anak sendiri dia sediakan  bot penyelamat..",https://x.com/norisma36512180/status/1939310288307974413,0,0,0,15,NaN
800,TegarPengembara,2025-06-29T12:36:06.000Z,"Jemput gais... Men campak je",https://x.com/TegarPengembara/status/1939301849397707170,0,0,0,865,NaN
801,shmyhya,2025-06-29T11:31:37.000Z,"someone on thread really said if newborn dalam squid game tu real, 456 pun campak dia tak larat nak jaga newborn sebab malam tak tidur, berak 10 kali sehari, susu setiap 2 jam",https://x.com/shmyhya/status/1939285623136727414,0,0,0,153,NaN
802,ShahromHaziq,2025-06-29T11:10:52.000Z,"Kaklong oi kalau orang tengok peniaga cekodok tepi jalan ada demam campak pun orang elak. Ni herpes kaklong oi bukan main main",https://x.com/ShahromHaziq/status/1939280399970218134,0,0,0,160,NaN
803,FaktaBukanAuta,2025-06-29T10:54:06.000Z,"Ni haa sorang lagi Pakar kena campak pi pulau.  Anak dua, jaga mak sakit kanser, tu pun jangan, rayuan anda tak berjaya.",https://x.com/FaktaBukanAuta/status/1939276181448302815,0,0,0,2,NaN
804,gemfotzone,2025-06-29T09:56:25.000Z,"eh ya allah hampir aku campak phone ni dari atas katil tengok sorry dengan fah rak pho",https://x.com/gemfotzone/status/1939261665092292612,0,0,0,98,NaN
805,jingyuanverse,2025-06-29T09:37:26.000Z,"sumpah bodo sial tak terfikir ke bahaya campak campak botol tu",https://x.com/jingyuanverse/status/1939256890149761403,0,0,0,43,NaN
806,datojohn,2025-06-29T09:12:56.000Z,"Nakhoda pun dulu kene campak gak  Carik kapal lain  Perang punyer perang akhirnya jadi ketua nakhoda dgn armada2 lama  Lantik anak sendiri adalah survival legasi   Mutiny will come soon enough",https://x.com/datojohn/status/1939250723650482559,0,0,0,56,NaN
807,mengarut_je,2025-06-29T08:26:59.000Z,"Sebabnya itulah mereka campak @NajibRazak dlm penjara. Najib nak berikan kemajuan kepada Sabah & Sarawak. Ini mengancam status quo kuasa mereka sebabnya Najib akan memberikan lebih kuasa kepada Rakyat Sabah & Sarawak. Tgk apa dah jadi pada projek Pan Borneo. Projek utk Rakyat.",https://x.com/mengarut_je/status/1939239159367115248,0,0,0,55,NaN
808,sayanurshahira,2025-07-14T17:42:00.000Z,"Aku ni dari dulu apa kerja boss campak aku buat je. Tau2 tu siap ni siap. Tak mengelibak canang kat orang. Just jangan meminta jela. Ingat aku mengangkang je ke tau2 siap. Tau2 event success. Tau2 barang sampai. Habis sape prepare semua benda tu? Ish aku lah panas betul",https://x.com/sayanurshahira/status/1944814651562188990,0,0,0,28,NaN
809,hg1394,2025-07-14T16:15:14.000Z,"Ni last time lah aku engage dgn kau. Kau tak nampak ke complexity isu hakim ni? For once boleh tak kau campak tepi otak taksub parti dan tengok betul betul. Kau ingat Bar Council nak berarak saja saja? Depa bukan bodoh mcm kau. Pergi baca demand Bar Council tu je lah",https://x.com/hg1394/status/1944792817945219559,0,0,0,60,NaN
810,mtunkrm,2025-07-14T15:24:20.000Z,"Alhamdulillah, nasib campak-campak pun sedap",https://x.com/mtunkrm/status/1944780005042774221,0,0,0,17,NaN
811,JatIkhwan,2025-07-14T14:42:05.000Z,"Hurmm resepi bodo bodo campak campak je, malu nak bagi chef makan",https://x.com/JatIkhwan/status/1944769372767334549,0,0,0,262,NaN
812,e1414141,2025-07-14T13:36:28.000Z,"sepertinya campak deh,.. tuh dah mucul di pipi,.. coba minum es kelapa muda,... mudah mudahan sembuh,...",https://x.com/e1414141/status/1944752860748722546,0,0,0,18,NaN
813,eiznnn,2025-07-14T12:29:38.000Z,"caliak lah ang kok dapek den campak an ang ka sawah kuciang baruakk",https://x.com/eiznnn/status/1944736041153470801,0,0,0,20,NaN
814,IN2ITnation,2025-07-14T11:57:49.000Z,"Kepada pelaku, tunggu jelah balasan. Semoga kau dan kau dan kau pun mati diracun dan kena campak dari tingkat tinggi. Kau tak tahu masa depan macam mana kan. May you rot in hell.",https://x.com/IN2ITnation/status/1944728035552550959,0,0,0,20,NaN
815,Liya_Najeera,2025-07-14T11:19:19.000Z,"6.35 balik rumah, harini campak segala tumbuhan buat sup sayur, pastu gorenv telur dadar. Sekarang takdok maso nak lama2 kat dapur lagi2 lepas balik keje  hbhigoymbg",https://x.com/Liya_Najeera/status/1944718345946968527,0,0,0,48,NaN
816,ayam_jihad,2025-07-14T10:27:42.000Z,"Carilah kedai nak makan sebab malas masak. Tapi semua tak best. End up ambik megi, buat megi goreng, kita campak semua apa yang ada. Alhamdulillah.",https://x.com/ayam_jihad/status/1944705354870173829,0,0,0,76,NaN
817,my_sejahtera,2025-07-14T10:27:18.000Z,"Follow your child's immunization schedule. Immunization can reduce the risk of more severe measles fever complications. #HentikanDemamCampakLindungiAnakKita",https://x.com/my_sejahtera/status/1944705256186949660,0,0,0,506,NaN
818,cosmichilld,2025-07-14T09:53:12.000Z,"last week complain bosan takde keje, amik kau this week dia campak tiga keje terus sampai takde masa nak makan",https://x.com/cosmichilld/status/1944696675538452760,0,0,0,21,NaN
819,mygitangerine,2025-07-14T07:33:50.000Z,"Balik umah i campak pc diaa",https://x.com/mygitangerine/status/1944661602755907756,0,0,0,76,NaN
820,amrin_hidayat,2025-07-30T17:12:56.000Z,"Gaya campak tu mcm ada 2",https://x.com/amrin_hidayat/status/1950605544613699863,0,0,0,63,NaN
821,eskepalmilosatu,2025-07-30T15:11:11.000Z,"Yang punya anak, waspada. Musim lagi ngga enak, kemarau ngga kemarau, hujan ngga hujan. Di Malang wabah campak muncul di anak-anak dan balita",https://x.com/eskepalmilosatu/status/1950574901267669411,0,1,1,498,NaN
822,naimsworld1,2025-07-30T15:09:06.000Z,"Patut campak dia ke Sihanoukville, jadi kuli taikun judi/kasino.",https://x.com/naimsworld1/status/1950574379777364460,0,0,0,367,NaN
823,min9yuaegi,2025-07-30T14:22:47.000Z,"Done hantar dua luggage besar barang museum kat rumah kawan, sekarang ni kat daam rumah banyak lagi ni nak campak mana",https://x.com/min9yuaegi/status/1950562724666118280,0,0,0,95,NaN
824,jenowjem,2025-07-30T14:21:33.000Z,"roseola atau campak palsu. lagi banyak kasusnya di anak2 https://x.com/PediatricsC_1//PediatricsC_1/status/1950260572122993113…",https://x.com/jenowjem/status/1950562412157125049,0,0,0,104,NaN
825,syazalwaystired,2025-07-30T14:13:35.000Z,"Kalau kena campak luar kl…slow2 cari kerja lain hahahah",https://x.com/syazalwaystired/status/1950560406403256729,0,0,0,33,NaN
826,AalanPerfume,2025-07-30T17:33:41.000Z,"campak buku watper",https://x.com/AalanPerfume/status/1950610765876023799,0,0,0,768,NaN
827,airisminora,2025-07-30T10:57:43.000Z,"chentoh kena campak court 3 pulak esok hmm  whatever it is my wish stays the same, hope we stay sane, let's win match by match first okay",https://x.com/airisminora/status/1950511114275651699,0,0,0,577,NaN
828,Tellyishumishi,2025-07-30T10:52:20.000Z,"campak la, sbb kad asyik tak detect hahahaha",https://x.com/Tellyishumishi/status/1950509763101643170,0,0,0,22,NaN
829,PuanManisDonut,2025-07-30T08:30:35.000Z,"Pro tips : Jangan campak buku tapi minta dia buat kerja yang tak siap tu dan mak ayah berdiri kat tepi dengan hanger baju. Jawapan salah, minta dia padam dan buat jawapan baru. Ulang ulang sampai member nangis dapat jawapan betul.",https://x.com/PuanManisDonut/status/1950474087475945888,0,0,0,668,NaN
830,Sheoneletto,2025-07-30T08:07:12.000Z,"Kita ni nak mengajar anak dengan tegas tu boleh je. Tapi bab campak buku tu please la. Nak anak belajar bijak pandai tapi campak buku. Kita juga kena ajar anak yang buku tu ILMU.",https://x.com/Sheoneletto/status/1950468206340297114,0,0,0,81,NaN
831,__starkingg0,2025-07-30T07:52:35.000Z,"kuih ni kan kalau campak kt mana pun terus dia akan datang sini sebab dia kuih kocchi hihi",https://x.com/__starkingg0/status/1950464524601208987,0,0,0,317,NaN
832,Anno_Nano_,2025-07-30T07:11:56.000Z,"Actually normal je uji bakat belakon.. tp ambil scene yang tak banyak bergerak tapi menjiwai watak.. sbb panel nk tengok raut muka dan dialog.. bukan nk tengok boleh campak diri ke bawah ke tak..   Klu tengok omputih audition mostly duduk and zoom in",https://x.com/Anno_Nano_/status/1950454297918902401,0,0,0,1,NaN
833,babyfyfyyyy,2025-08-14T23:51:29.000Z,"Aku tak tahu lah gaya anak aku meronta nanti macam mana ??? Wajib pula kena ambil suntikkan imunisasi measles rubella . Tak apalah untuk elakkan kena jangkitan campak katanya .",https://x.com/babyfyfyyyy/status/1956141657361145889,0,0,0,61,NaN
834,Nano123goja,2025-08-14T18:30:25.000Z,"Aku cuma kerani. Dicampak sana di campak sini. Mostly, kerja kerja kat manufaguring company ni aku dah rasa, kerja admin, account, production planner  Managing Material Dept as Purchasing. N now aku di campak ke sales n mktg.",https://x.com/Nano123goja/status/1956060859614290004,0,0,0,128,NaN
835,yeriohk,2025-08-14T14:45:05.000Z,"Pastu campak merata, tak tengok orang dulu",https://x.com/yeriohk/status/1956004151818903726,0,0,0,31,NaN
836,afifaffand,2025-08-14T14:41:08.000Z,"Rakaman Etnik Global Terbaik -Cinta (A. Limin) -War Cry (Marsha, Alena, Velvet) -Campak Bintang (Faizal Tahir, M. Nasir)  Rakaman Folk/Roots/Ska /Reggae/Blues Terbaik -Cheq Rasa Cheq Reggae (Budak Nakal) -Hasrat (Amir Jahari) -Rahsia Tuhan (Noh Salleh)",https://x.com/afifaffand/status/1956003157693383121,0,0,0,353,NaN
837,heydu131,2025-08-14T14:40:31.000Z,"berkat campak ak bisa marathon netflix and chill",https://x.com/heydu131/status/1956003001803370663,0,0,0,25,NaN
838,raizecooker,2025-08-14T14:34:34.000Z,"Walah tadi ke dokter campak ternyata wkwkwkwkwk",https://x.com/raizecooker/status/1956001504927887831,0,0,0,435,NaN
839,me6dysj,2025-08-14T14:22:18.000Z,"padahal tadi dah siap amik vacuum nak kemas bilik pastu letak bakul tepi katil nak lipat baju last last semua aku campak bawah je lantakko sana eunkwang lagi penting",https://x.com/me6dysj/status/1955998418372825277,0,0,0,86,NaN
840,NazmiHanafiah,2025-08-14T13:08:31.000Z,"Crazy shit, the urban joke ""Aku bunuh kau, aku campak Sungai Klang"" felt way too real",https://x.com/NazmiHanafiah/status/1955979851149795376,0,0,0,910,NaN
841,itsybitsymin,2025-08-14T13:05:46.000Z,"dah kalau gitu bila entah nak settlenya. Hahaha settlekan masalah dgn campak ke orang lain.",https://x.com/itsybitsymin/status/1955979159370653725,0,0,0,62,NaN
842,_slythris,2025-08-14T11:46:43.000Z,"Hidup campak mana mana pun rasa tak diappreciate kan, susahla hidup kena ada validation ni",https://x.com/_slythris/status/1955959266621448540,0,0,0,58,NaN
843,netraredaksi,2025-08-14T11:25:19.000Z,"Seribu Kasus Campak di Sumenep, Balita Jadi Kelompok Paling Rentan #campak",https://x.com/netraredaksi/status/1955953878303969704,0,0,0,26,NaN
844,AqimNizar,2025-08-14T11:25:10.000Z,"Lepas nmpak mcm nk gagal je naratif tu, lobai taki campak haji waytha tu bawah bas ya?",https://x.com/AqimNizar/status/1955953842719482370,0,0,0,28,NaN
845,piya_sofia,2025-08-14T10:25:13.000Z,"Ye kalau tak prepare kira tak jaga amanah Allah baik2. Bnyk faktor nk kena tengok. Anak tu amanah bukan sesaja je buat besarkan then campak pepandai hidup",https://x.com/piya_sofia/status/1955938755900268880,0,0,0,26,NaN
846,strwb4rsy,2025-08-14T08:33:54.000Z,"hmm tangan aku ni memang meant to cook and bake je kotjadi bodo cake strawberry ni ish,padahal segala benda main campak je",https://x.com/strwb4rsy/status/1955910739866345680,0,0,0,12,NaN
847,kamisahcantik,2025-08-14T08:29:26.000Z,"Campak Bintang sebuah MASTERPIECE",https://x.com/kamisahcantik/status/1955909617382515114,0,0,0,146,NaN
848,elinamalek,2025-08-14T08:28:42.000Z,"distribute flag kecit2 lepas event org campak pastu orang pijak...sama boder je ko pon ....tak payah kibarr  lah mudahh ..cukup bendera dihati kibar pakai niat",https://x.com/elinamalek/status/1955909432044609867,0,0,0,24,NaN
849,mstaronline,2025-08-30T23:22:15.000Z,"Sakit hati dibuli ahli keluarga, lelaki tetak leher ibu sampai putus... Campak dekat rumah abang!",https://x.com/mstaronline/status/1961932506120495258,0,0,0,506,NaN
850,detikHealth,2025-08-30T23:21:10.000Z,"Ortu Wajib Tahu! Tahapan Gejala Ruam pada Anak saat Terkena Campak",https://x.com/detikHealth/status/1961932233763352673,0,0,0,1,NaN
851,nabilahramlyy,2025-08-30T17:50:57.000Z,"Print awal awal supaya tak kalut  @minseok_kms099 jangan bagi harapan palsu tau kalau tidak saya campak kak fie dlm sungai biar buaya makan kak fie....  (puas hati saya)",https://x.com/nabilahramlyy/status/1961849132454466028,0,0,0,73,NaN
852,PointTono59982,2025-08-30T17:35:20.000Z,"Kontol dulu waktu kejadian teroris kalian sanjung polisi setinggi langit sekarang kalian campak kan kalian hina keji sekali cara kalian bangsat",https://x.com/PointTono59982/status/1961845203985457208,0,0,0,51,NaN
853,numk_21,2025-08-30T17:18:09.000Z,"macam tu je dia campak racket dia",https://x.com/numk_21/status/1961840879469215873,0,0,0,1,NaN
854,theananuna,2025-08-30T14:52:58.000Z,"Senanya aku salfok teruk sebab jae campak towel such a namjaaaa",https://x.com/theananuna/status/1961804344610926756,0,0,0,28,NaN
855,shasharicano,2025-08-30T14:11:19.000Z,"campak terus dalam gunung berapi terus dpt pretest azab sikit",https://x.com/shasharicano/status/1961793858976809458,0,0,0,38,NaN
856,mars__en__sun,2025-08-30T13:55:18.000Z,"dari awal juli-minggu lalu sih.. beruntun sakitnya aku diare habis itu digebuk period cramps habis itu kena campak.....",https://x.com/mars__en__sun/status/1961789832004518135,0,0,0,31,NaN
857,AfiqShari,2025-08-30T13:33:53.000Z,"Ifedayo ni campak kat PDRM, kat Kelantan, semua team dia join boleh hidup.",https://x.com/AfiqShari/status/1961784439903772955,0,0,0,639,NaN
858,baebeejeong,2025-08-30T12:49:36.000Z,"Campak aja dia ke dalam laut kak. Malaysia pun gak sudi spesis kaya dia",https://x.com/baebeejeong/status/1961773296372036095,0,0,0,94,NaN
859,ShakilaIbrahim_,2025-08-30T12:25:29.000Z,"WOI DIA ANGKAT WOIII CAMPAK RACKET TERUS WOII  #BWC2025",https://x.com/ShakilaIbrahim_/status/1961767227100958954,0,0,0,269,NaN
860,etherealouo,2025-08-30T11:59:56.000Z,"Aku ni nak cepat kau pula lambat lambat memang aku campak la barang kau peduli pulak",https://x.com/etherealouo/status/1961760797417447817,0,0,0,10,NaN
861,ohtweet,2025-08-30T11:29:14.000Z,"Campak duit, jadi king la kat sana.",https://x.com/ohtweet/status/1961753069420732518,0,0,0,102,NaN
862,MediaVoi,2025-08-30T09:40:16.000Z,"Jangan Sepelekan Campak, Ini Gejala, Penyebab hingga Langkah Pencegahannya https://ift.tt/tk3RUq2",https://x.com/MediaVoi/status/1961725650953232793,0,0,0,13,NaN
863,Ozzywindu,2025-08-30T09:37:07.000Z,"Campak dalam zoo kasi harimau makan die",https://x.com/Ozzywindu/status/1961724855369531752,0,0,0,108,NaN
864,lilpjwoo,2025-08-30T09:21:17.000Z,"kat taman botanikal HAHAHAHAH ada aktiviti untuk assignment, sekali monyet tu kejar terpaksa campak tepung dkt dia",https://x.com/lilpjwoo/status/1961720871082709007,0,0,0,17,NaN
865,Clinomania__c,2025-08-30T06:42:43.000Z,"We were laughing hysterically. My akak pun campak la bantal busuk dia kat dia sambil gelak. To the point yang both my sis and i yang dah baring ni, ikut dia gi toilet sambil gelak gelak. That’s how unserious are we",https://x.com/Clinomania__c/status/1961680968135410028,0,0,0,67,NaN
866,adrujaMK,2025-09-14T22:45:56.000Z,"Bekas penjenayah pedophile+gay di hire as cikgu di sekolah tahfiz lelaki. Hahahaha  It’s really a heaven for this pedo.  Teenager yg gay & bermasalah pun parents campak ke sekolah pondok gini, eventually it’s become gay & pedo paradise for them.   The vicious-cycle continues.",https://x.com/adrujaMK/status/1967359186393763974,0,0,0,370,NaN
867,xqinaryvillain,2025-09-14T17:24:33.000Z,"phone aku ni kalau whatsapp pun tak boleh bukak baik aku campak je kat laut china selatan siot",https://x.com/xqinaryvillain/status/1967278308908990882,0,0,0,85,NaN
868,aerlemns,2025-09-14T16:18:06.000Z,"ihh ap gw ga salting diginiin?! udh itungannya hampir seminggu ga vc krna kena campak gw malu muka merah² n sempet susah ngomong krn kena radang jg, dibilang gini jd kgenn vc",https://x.com/aerlemns/status/1967261586982400237,0,0,0,26,NaN
869,Sysafwann,2025-09-14T14:31:06.000Z,"""Fail STPM due to racism""   Kalau dh bodo tu.. campak kat MIT pun tetap bodo gak",https://x.com/Sysafwann/status/1967234657617100814,0,0,0,522,NaN
870,shayanalv,2025-09-14T14:26:30.000Z,"campak darat bs gak",https://x.com/shayanalv/status/1967233499381068169,0,0,0,22,NaN
871,jimchaewon,2025-09-14T14:18:47.000Z,"Mau suntik campak dulu biar gede nya gak dicampakan T_____T",https://x.com/jimchaewon/status/1967231559385453014,0,0,0,26,NaN
872,syahmidamin,2025-09-14T13:30:33.000Z,"While semua campak kerja site dekat aku sorang",https://x.com/syahmidamin/status/1967219421312897494,0,0,0,26,NaN
873,x_randomsham_x,2025-09-14T12:55:03.000Z,"Campak kat buaya",https://x.com/x_randomsham_x/status/1967210483934716252,0,0,0,1,NaN
874,keyetao,2025-09-14T11:58:01.000Z,"weh I collect pc but takde pc binder  astu semua pcs I campak dalam random kotak je astu pray for the best",https://x.com/keyetao/status/1967196131324207323,0,0,0,53,NaN
875,heeloverclub,2025-09-14T11:49:45.000Z,"udh gede begini pun masih kena campak fak lah",https://x.com/heeloverclub/status/1967194052283248772,0,0,0,13,NaN
876,happyrawrrrrrr,2025-09-14T11:26:10.000Z,"hpnya di campak",https://x.com/happyrawrrrrrr/status/1967188116512608377,0,0,0,213,NaN
877,prwttycaca,2025-09-14T11:12:43.000Z,"D-14 TDS4 malah kena campak awokwokwok  Ga tau mau nangis apa kayang",https://x.com/prwttycaca/status/1967184734536216946,0,0,0,52,NaN
878,heeloverclub,2025-09-14T10:59:02.000Z,"berarti gue kmrn demam karna mau kena campak dong??? pls ada ada aja dah",https://x.com/heeloverclub/status/1967181288567447856,0,0,0,28,NaN
879,heeloverclub,2025-09-14T10:56:53.000Z,"bjir masa gue kena campak sih",https://x.com/heeloverclub/status/1967180749351878806,0,0,0,25,NaN
880,mshdamalek,2025-09-29T18:44:07.000Z,"Wehh oh my goddd. Keciknyaa dunia!! Member MT14 sama time mekdi naik RGM next month dekat stor aku dulu!! Omgg jumpa la ko dgn kru2 aku dulu tu . Punya la banyak stor klang valley ni, gateway jugak ko kena campak ekk!!!",https://x.com/mshdamalek/status/1972734147954356623,0,0,0,110,NaN
881,srtayouna,2025-09-29T17:54:18.000Z,"Halah halah halah demand pula *campak masuk dalam van*",https://x.com/srtayouna/status/1972721614015066274,0,0,0,63,NaN
882,wonungierie,2025-09-29T16:14:39.000Z,"anjir lah abs liat video indahkus di tiktok trs dia blg ada masa dia kena campak herpes zooster sm depresi sekaligus…trs dikomennya pd blg ada yg kena herpes zooster sampe 2x dibarengin stress…apa kmrn wkt kena itu gue jg sbnrnya lg stress berat jg yah tp ga sadar????",https://x.com/wonungierie/status/1972696533033480280,0,0,0,6,NaN
883,n1jir0,2025-09-29T14:44:33.000Z,"byy cepet sembuh ya makan yg banyak, ik campak se sakit itu..",https://x.com/n1jir0/status/1972673861977072039,0,0,0,64,NaN
884,yoseob_girl,2025-09-29T14:41:08.000Z,"Biasa orang baling lepas dapat eye contact dengan idol and idol dah ready nak tangkap balik. Bukan main campak je mcm ni. Cuba bayangkan if landing tepat atas muka woonie tu... Tak ke buruk padahnya.",https://x.com/yoseob_girl/status/1972672999267381388,0,0,0,400,NaN
885,paprblunts,2025-09-29T14:33:54.000Z,"i’m okaayy, udah check up dan hasilnya campak wkwk, thanks for asking! hbu nder? u okey?",https://x.com/paprblunts/status/1972671179329773576,0,0,0,214,NaN
886,MuRicsSearch,2025-09-29T14:07:46.000Z,"Dari hari first masuk ofis 01/07/19 hingga sekarang masih di ofis dgn orang yg sama hahaha.. hanya bertahan smpai bulan feb 2025 dlm team yg sama lepastu aku di campak bersama team Manila",https://x.com/MuRicsSearch/status/1972664601910358395,0,0,0,15,NaN
887,gabuttttdongg,2025-09-29T13:39:58.000Z,"minggu pertama aman aktivitas Lanjut minggu kedua tba2 tanda2 sakit berusha kuat denail ujungny di infus dan di vonis tipes dbd Next minggu ke tiga full bedrest di vonis tipes, dbd dan campak (mantap tripelkill) Minggu ke 4 berusaha pemulihan dan kontrol bertahan 5 hari dan drop",https://x.com/gabuttttdongg/status/1972657609087012878,0,0,0,172,NaN
888,AwatifWardina,2025-09-29T13:25:07.000Z,"Walaupun takde campak2 KERUSI cam KEADILAN tp depa campak MARUAH bro naya pak karim",https://x.com/AwatifWardina/status/1972653870095671668,0,0,0,946,NaN
889,msnafia,2025-09-29T12:54:40.000Z,"bu, kayaknya bener alergi obat.  ??  kemarin pas otot meringkel kan aku oles Counterpain. nggak lihat exp Mar’25. pantes dokter td keukeuh alergi obat, nggak mungkin campak krn nggak demam.   tp itu di tangan juga ada? emang oles ke tangan?  itu masih misteri.",https://x.com/msnafia/status/1972646207110701100,0,0,0,62,NaN
890,paprblunts,2025-09-29T12:43:10.000Z,"ak kena campak jd dirumahkan dlu untuk bbrp hari kedepan.",https://x.com/paprblunts/status/1972643314588667952,0,0,0,28,NaN
891,shoyopundung,2025-09-29T10:37:03.000Z,"Aku bulan feb kemarin jg kena campak, pdhl pas umur 11 jg udh pernah kena",https://x.com/shoyopundung/status/1972611574193119393,0,0,0,46,NaN
892,riwooosshh,2025-09-29T09:02:47.000Z,"campak klo habis mandi emang makin merah kah bjir???? kok aku hbis mandi ruam nya malah makin merah???",https://x.com/riwooosshh/status/1972587850379173893,0,0,0,34,NaN
893,ulfah_unan,2025-09-29T08:24:49.000Z,"Tp allah maha baik, anak w dikasih campak skrg, soalnya klo nanti adek udah lahir pasti bakal repottt bgt",https://x.com/ulfah_unan/status/1972578297482764734,0,0,0,26,NaN
894,ulfah_unan,2025-09-29T08:20:29.000Z,"Karna anak w campak dan bumil ga boleh deketan, akhirnya anak w diungsiin ke rumah neneknya:(",https://x.com/ulfah_unan/status/1972577208008167496,0,0,0,82,NaN
895,najwawitty,2025-09-29T07:08:19.000Z,"Soo... I buat menu baru hari ni Nama menu tu adalah ""Bahan campak-campak by najwa"" . Hikss.  Actually Kaklong ada tanya resepi yg i masak ayam duluu2,tp tak igt la bahan apa yg i guna,Asalkan sedap sudahlah. Dia teringat sampai skrg yee.. Patut ke i tulis buku resepi? Huhu",https://x.com/najwawitty/status/1972559046311067743,0,0,0,44,NaN
896,cikkapasmuka,2025-09-29T06:58:45.000Z,"i ada kat rumah elak member gerak2 macam ni mau kene campak hahahahahah",https://x.com/cikkapasmuka/status/1972556639153864741,0,0,0,36,NaN
897,bangjeyk,2025-09-29T04:10:45.000Z,"Check alam yang duduk sekarang, call je mana mana KK di puchong utk confirmation. Dia bukan kena campak, tapi kena ikut lokasi dibawah tanggungjawab kk yang spesifik.",https://x.com/bangjeyk/status/1972514358124294631,0,0,0,582,NaN
898,faris_ikhwan98,2025-10-14T23:41:17.000Z,"Tengok bio bagitau ex muslim. Geng2 mental illness. Apa opinion yg keluar daripada mulut orang macam ni korang just dengar je , simpan dalam otak tu tak payah. Campak je terus dalam tong sampah.",https://x.com/faris_ikhwan98/status/1978244750751805701,0,0,0,60,NaN
899,AnizaAbas1,2025-10-14T23:05:59.000Z,"Kalau kena tembak terbaring mamat tu..ni sempat campak parang",https://x.com/AnizaAbas1/status/1978235868780355943,0,0,0,146,NaN
900,annisadvn_,2025-10-14T19:34:50.000Z,"Emng paling enak kimia... Huk faraday, sel elektrolisis, volta, trs yg setengah redoks itu, beh 100 jam ngerjain itu beh ku campak :))) Tapi enak sih yg itu... Ak suka... Oh sama ph poh.. ini another level i love cintaku synk.... Pengenceran, titrasi omg lovyu",https://x.com/annisadvn_/status/1978182731399143677,0,0,0,82,NaN
901,Karasu_Ubume,2025-10-14T17:36:09.000Z,"Katanya sih campak, tadi jam 24.00 baru balik abis diinfus dan dikasih obat sama RS.  Rawat jalan, nggak sanggup rawat inap.  Ya doain aja terus, please.  Sama doain duit masuk biar bisa bayar listrik....",https://x.com/Karasu_Ubume/status/1978152865085399522,0,0,0,81,NaN
902,mazlizalmah,2025-10-14T16:05:31.000Z,"Terus campak anak buah dia bawah bas wei..!!",https://x.com/mazlizalmah/status/1978130053952094459,0,0,0,19,NaN
903,secebisan,2025-10-14T15:06:47.000Z,"Campak campak, siap.",https://x.com/secebisan/status/1978115272046158131,0,0,0,647,NaN
904,malaypolecon,2025-10-14T13:25:04.000Z,"Ayam campak goreng",https://x.com/malaypolecon/status/1978089677551776185,0,0,0,65,NaN
905,sesajetweet,2025-10-14T13:07:46.000Z,"nasgor  nasi goreng bodo bodo sebab nak cepat and trust me, this only take me dalam 10minit siap sebab campak campak je. nasi dah masak lepas subuh tadi, rempah gune je ibu sambal, timun beli, keropok je la goreng sambil sambil tu  telur tu lagi la, kenyang alhamdulillah",https://x.com/sesajetweet/status/1978085322538840226,0,0,0,37,NaN
906,phattym,2025-10-14T12:32:21.000Z,"Tapi aku penat otak kena plan macam mana perjalanan bengkel tu. Kau tunggu hasil je pastu claim credit. At the end of the day, kau dah puas kerah tenaga aku, sesuka hati je nak campak aku sana sini. Macam apa aku buat takde nilai sesen pun.",https://x.com/phattym/status/1978076410737471656,0,0,0,14,NaN
907,faizke2,2025-10-30T23:29:30.000Z,"Entah apa angin. Management nak campak aku masuk planning. Under new boss.   Hehe.",https://x.com/faizke2/status/1984039993300676845,0,0,0,9,NaN
908,zheepzorp,2025-10-30T22:44:02.000Z,"but then most mak bapak zmn skrg mmg malas nak didik anak betul2. campak tablet or fon kat anak, janji diam n tak kacau diorg sudah",https://x.com/zheepzorp/status/1984028550132011016,0,0,0,23,NaN
909,Jingjing356,2025-10-30T22:17:05.000Z,"Daun ketumbar... Kalau dikit kayak di pho sih gk masalah, tp klo banyak suka eneg (dan mamaku doyan). Klo  mamaku bikin bakcang suka dikasih, makanya aku jadi gk terlalu suka.   Pengalaman minum ini tiap habis makan pas kena campak. Bikin cepet sembuh sih, 4 hari langsung hilang",https://x.com/Jingjing356/status/1984021767187476892,0,0,0,50,NaN
910,sjfi_twider,2025-10-30T17:08:01.000Z,"Silap Penang duk gaduh Kedah. Padahal kalau pakat sama2, Greater Penang boleh berkembang.   Penang boleh cantikkan perbandaran dia kat S. Prai yang dah sesak dan fokus LRT & highway kat pulau, sementara kilang2 boleh campak ke Kedah Selatan.",https://x.com/sjfi_twider/status/1983943988525855041,0,0,0,227,NaN
911,jensshee,2025-10-30T15:47:22.000Z,"kenapa la kena campak belajar kat ganu ni, kan dah jauh…",https://x.com/jensshee/status/1983923691097297223,0,0,0,90,NaN
912,newacctaken,2025-10-30T15:29:10.000Z,"sempat aja dia lebih milih masak ya we, kita campak aja kulkasnya",https://x.com/newacctaken/status/1983919111156470237,0,0,0,394,NaN
913,Akuns_092,2025-10-30T15:24:19.000Z,"tapi kalau campak yg bermutu tinggi ni kat kawasan yg sama bermutu tinggi, dia boleh pulak berasimilasi, contoh campak cina kat US, boleh pulak dia assimilate identiti sana takdak jenis kebangsaan",https://x.com/Akuns_092/status/1983917891905872108,0,0,0,8,NaN
914,Akuns_092,2025-10-30T15:23:24.000Z,"asimilasi ni hanya dilakukan bangsa2 yg ""bermutu rendah"", sbb hukum alam semulajadi, yg kuat tidak akan mahu mengikuti yg lemah, atau yg cerdik tidak akan mahu mengikuti yg bodoh.  sbbtu campak lah bangsa2 bermutu tinggi kat kawasan bangsa yg lebih rendah, yg tinggi tkkn akur",https://x.com/Akuns_092/status/1983917662720626803,1,0,0,13,NaN
915,VIVAcoid,2025-10-30T15:13:08.000Z,"Gawat! Empat Kecamatan di Cilegon KLB Penyakit Campak",https://x.com/VIVAcoid/status/1983915079512027381,0,0,0,5,NaN
916,MaduraExpose,2025-10-30T14:49:30.000Z,"KLB Campak di Sumenep Belum Berakhir, Status Belum Dicabut",https://x.com/MaduraExpose/status/1983909128910315840,0,0,0,25,NaN
917,misodeepeony,2025-10-30T14:20:42.000Z,"Jae call tadi kata, wan pesan jangan campak bantal kat dee noona. Campak kat wan takpe nanti wan live, noona kena bawak donut",https://x.com/misodeepeony/status/1983901880586784884,0,0,0,30,NaN
918,piiyouwll,2025-10-30T14:20:21.000Z,"Kebiasaan banget, ngga bisa buat di campak ke aku yang susah nya. Tai emang. Bener bener kudu pindah dept ini",https://x.com/piiyouwll/status/1983901793412378878,0,0,0,5,NaN
919,misodeepeony,2025-10-30T13:39:17.000Z,"Junghwan @treasuremembers tolonglah amik noona awak niii asyik nak campak bantal kat I jeeee",https://x.com/misodeepeony/status/1983891459024810177,0,0,0,22,NaN
920,Ceklehaaa,2025-10-30T12:49:27.000Z,"anak² fokus main worksheet saje screen time dah campak tepi feedback team ikin pauzi #WaszaEdukidsBundle",https://x.com/Ceklehaaa/status/1983878917862883338,0,0,0,11,NaN
921,OsmanMansur_,2025-10-30T11:47:59.000Z,"Ehh okeykah tu ada anak2 dia hantar rumah org tua,bkn sebab dia x nk jaga,tpi waktu siang je dia nk kerja,malam dia jaga,okeylah tu,janganlah nak emosi,nk jaga & sara keluarga perlukan duit,bukan emosi,kira okeylah tu dia tak hantar atau bahasa kasar campak terus parent dia.",https://x.com/OsmanMansur_/status/1983863451178168437,0,0,0,22,NaN
922,hirocurxe,2025-10-30T11:17:03.000Z,"Nad bukak je GO aku terus campak duit for that varsity",https://x.com/hirocurxe/status/1983855663974580700,0,0,0,44,NaN
923,wiensefrizal,2025-11-14T22:42:31.000Z,"campak merupakan salah satu penyakit menular yang sering diderita anak-anak, terutama mereka yang tidak mendapatkan vaksinasi. campak sering dipandang sebagai flu biasa pada awalnya, namun tanda dan gejala yang khas akan muncul setelah beberapa hari.   #semuaorang",https://x.com/wiensefrizal/status/1989463985419440354,0,0,0,32,NaN
924,bicara_purnama,2025-11-14T16:42:45.000Z,"Dalam relationship, yang penting saling faham — bukan ego. Kalau dia merajuk, pujuk, jangan biarkan. Kalau busy, beritahu supaya dia faham. Kalau bergaduh, slow talk. Campak ego jauh-jauh, barulah hubungan bahagia.",https://x.com/bicara_purnama/status/1989373448095969699,0,0,0,2,NaN
925,surayaadnn,2025-11-14T15:21:07.000Z,"betul betul dah sampai sini gais. dulu ingat boleh dpt selangor, so that boleh selalu balik rumah jumpa mak. tiba tiba kena campak ke johor yg negerinya tak pernah aku sampai :)) jika ini jalannya, aku redha ya Allah. semoga diberi kekuatan untuk bertahan di sini",https://x.com/surayaadnn/status/1989352902704734247,0,0,0,13,NaN
926,MuhammadAshraff,2025-11-14T13:30:33.000Z,"Haha mane tau dia. Letak atas tab dia so dia pi alih campak. Tercabut belakang dia",https://x.com/MuhammadAshraff/status/1989325079717749134,1,0,0,23,NaN
927,zetzulkifli,2025-11-14T11:26:39.000Z,"Ngakkkk akann!! Sebab dia tak suka pon.. nak memboriedd ja.. pastu campak buang!",https://x.com/zetzulkifli/status/1989293900796960909,0,0,0,43,NaN
928,kyuoalatrsr,2025-11-14T10:13:52.000Z,"it is alwaysss friday eob segala benda nak campak  tunggu isninnn la. isnin wujud tau",https://x.com/kyuoalatrsr/status/1989275580626518155,0,0,0,25,NaN
929,Nshaqe_,2025-11-14T09:52:59.000Z,"Wehhh Dr favourite aku demam campak pulak, semoga Dr cepat sembuh. Staff dia call bagi tahu Dr tak ada harini, dia warded demam campak",https://x.com/Nshaqe_/status/1989270326069616677,0,0,0,39,NaN
930,501Awani,2025-11-14T09:39:27.000Z,"Seorang pesakit kes campak dari Queensland telah melawat beberapa lokasi di Sydney, termasuk konsert yang dihadiri kira-kira 70,000 orang.  #AWANInews #AWANI745",https://x.com/501Awani/status/1989266923130114187,0,0,0,2,NaN
931,sundaybydday,2025-11-14T09:26:30.000Z,"2 minggu isolasi gara2 campak, keluar cuma 3 kali buat ke RS, udah bosen di kosaaaaaaan",https://x.com/sundaybydday/status/1989263663103140293,0,0,0,9,NaN
932,devil4mm,2025-11-14T06:01:34.000Z,"dia punya serabut rasa nak campak phone",https://x.com/devil4mm/status/1989212089391697931,0,0,0,88,NaN
933,AhmadSaifulRah1,2025-11-14T05:48:06.000Z,"274/365: Tuhan sentiasa menyelamatkanmu daripada kebinasaan. Maka janganlah mencari jalan untuk campak diri sendiri ke arah binasa.",https://x.com/AhmadSaifulRah1/status/1989208700217970787,0,0,0,24,NaN
934,sailorsellla,2025-11-14T04:34:35.000Z,"YA KM VAKSIN CAMPAK BIAR GAK DICAMPAKKAN",https://x.com/sailorsellla/status/1989190198207611247,0,0,0,29,NaN
935,sailorsellla,2025-11-14T04:32:54.000Z,"tolong terbitin sertif iano vaksin campak",https://x.com/sailorsellla/status/1989189777015583076,0,0,0,11,NaN
936,nurulezzatie,2025-11-14T03:43:49.000Z,"Admin datang and complain, other department just campak je e-invoice data dekat dia, so dia kena sort semua client sendiri. Unlike us (tax dept), aku siap ada listing tunjuk dah terima ke tak dari client data untuk e-invoice. I mean common sense kot buat proper listing.",https://x.com/nurulezzatie/status/1989177424102453284,0,0,0,18,NaN
937,NurulShima_3,2025-11-14T03:00:06.000Z,"Masak campak sna sni je tu",https://x.com/NurulShima_3/status/1989166423005143147,0,0,0,29,NaN
938,Naszan2,2025-11-14T02:02:40.000Z,"Berani ke nk campak PAS bawah bas?",https://x.com/Naszan2/status/1989151967432860054,0,0,0,260,NaN
939,clumsyhearts,2025-11-14T01:45:43.000Z,"Setelah banyak istirahat (disuruh ndak jaga malam dulu) sekarang Aca udah sehat!  Udah hilang semua itu bintik-bintik nyang awalna dikira campak. :D",https://x.com/clumsyhearts/status/1989147700886155659,0,0,0,13,NaN
940,tangerineis_,2025-11-29T23:24:53.000Z,"3 sebelumya nd ade yg kelai2 anjir wkwkwk sekali same sylus, di campak mc nye wkwkwkw",https://x.com/tangerineis_/status/1994910464414027847,0,0,0,15,NaN
941,sekyoongie,2025-11-29T18:56:30.000Z,"Korang otak campak dalam kumbahan taik rusa ke bodoh? Sampai level bengap semua benda nak gaduh. Bapak jijik serupa tahi anjing. Semoga sape yang semak nak gaduh ngan aku tanpa aku bawak pape benda untuk dihate pun traffic light merah sentiasa, bangun pagi jamban sumbat-",https://x.com/sekyoongie/status/1994842924534960385,0,0,0,40,NaN
942,Badacs1,2025-11-29T17:53:33.000Z,"Eh tak perlu kotak kotak panjang..bakar terus hehehe campak debu di dalam longkang D iSg.",https://x.com/Badacs1/status/1994827084494245897,0,0,0,19,NaN
943,MrNiceG36859427,2025-11-29T16:18:38.000Z,"Bila kalah, disalahkan Geng Kartun. Punyalah besar KEMALUAN, sanggup tak nak mengaku salah sendiri. Kita mengKRITIK sebab percaya pada PRINSIP, demi kuasa PRINSIP campak bawah karpet.  Nak taksub sampai jadi BERHALA yang disembah??",https://x.com/MrNiceG36859427/status/1994803198000074930,0,0,0,550,NaN
944,ehtumarsya,2025-11-29T14:43:11.000Z,"DAMN BRO, SEGALA HANDOUTS SEMUA AKU CAMPAK MASUK LAUT",https://x.com/ehtumarsya/status/1994779176755499038,0,0,0,11,NaN
945,annarosemy,2025-11-29T12:14:13.000Z,"beg kecik ni jugak la ko nk campak pizza fakkk",https://x.com/annarosemy/status/1994741688909353039,0,0,0,13,NaN
946,halmieba,2025-11-29T11:53:33.000Z,"Sial mereka ni .. mereka ni buat jangkitan HIV merebak dengan besar … balik main dengan isteri .. isteri pula kena .. anak pula kena … elok campak dalam laut ajer",https://x.com/halmieba/status/1994736486714105918,0,0,0,13,NaN
947,znfkun,2025-11-29T11:45:21.000Z,"I'm happy with my egg drop soup. Manis masin balance dari kiub pati ayam and caramelised onions  legit itu je perasa aku. Then campak kobis panjang, brokoli, tomato cherry, daun sup, cili, ada campak black pepper sikit, chilli flakes and italian herbs and telur 3 biji",https://x.com/znfkun/status/1994734423250764175,0,0,0,36,NaN
948,ribertodesea,2025-11-29T08:33:21.000Z,"Campak dlm Sungai jelah.",https://x.com/ribertodesea/status/1994686106496110810,0,0,0,68,NaN
949,sjfi_twider,2025-11-29T08:17:33.000Z,"AEON la kot, ada ayam perap. Senang balik terus campak air fryer.   Mydin is good too kalau nak cari barang2 rumah tapi still nak feel good factor (taknak masuk Econsave/TF/Giant)",https://x.com/sjfi_twider/status/1994682126810403239,0,0,0,1,NaN
950,twt_dekja,2025-11-29T07:23:31.000Z,"Kasi potong batang dia..campak dalam air banjir...  Musibatnya",https://x.com/twt_dekja/status/1994668529908682925,0,0,0,88,NaN
951,Maingyu,2025-11-29T07:04:40.000Z,"Kena campak monyet, harus digimanain ya?",https://x.com/Maingyu/status/1994663786779984036,0,0,0,27,NaN
952,arfabdim,2025-12-14T19:16:03.000Z,"UEC tu campak jauh2, tapi kan best kalau UFC sama2 dengan kau.. memang enjoy aku dalam tu.",https://x.com/arfabdim/status/2000283662231998940,0,0,0,102,NaN
953,okedla,2025-12-14T16:31:47.000Z,"hmnn maybe we should campak semua kucing kucing ni dalam hutan biar dia rasa hidup tanpa kibbles",https://x.com/okedla/status/2000242322739794266,0,0,0,33,NaN
954,Ombahku,2025-12-14T16:30:16.000Z,"Begini saat kecil tidak pernah dibawa ke posyandu dan diimunisasi campak",https://x.com/Ombahku/status/2000241944468025737,0,0,0,15,NaN
955,cheonmani,2025-12-14T15:35:39.000Z,"kimjjangz kau nak campak mana",https://x.com/cheonmani/status/2000228196516811109,0,0,0,168,NaN
956,mwwonwoo,2025-12-14T15:08:47.000Z,"takde rasa nak nangis tapi rasa nak campak phone  kalau pagi tadi ada sesi tarik rambut, i hampir hampir buat scene tarik shawl sebab kemain ke laut common sense nya",https://x.com/mwwonwoo/status/2000221436859060675,0,0,0,215,NaN
957,itssssn0ttwawaa,2025-12-14T15:05:12.000Z,"‘ i dah guna you , pastu i campak jela you … kalau rasa nak pakai lagi .. baru i cari ‘",https://x.com/itssssn0ttwawaa/status/2000220533221208067,0,0,0,2,NaN
958,syzurya,2025-12-14T14:56:27.000Z,"Lama rasanya takde konten masakan kat sini. Semalam aku buat nasi goreng versi telur itik sebab ada unlimited supply. Kali ni simple as pimple. Tumis, campak, gaul",https://x.com/syzurya/status/2000218334428848350,0,0,0,218,NaN
959,syoojjang,2025-12-14T14:18:08.000Z,"aku ingakan penyokong sabah orang yang sopan. lah koyak rupanya. belum pape dah campak botol",https://x.com/syoojjang/status/2000208688737329415,0,0,0,50,NaN
960,nanahae17,2025-12-14T13:12:19.000Z,"Still cant imagine their concept for the unit tp tu lah campak lah lagu apa pon semua sedap",https://x.com/nanahae17/status/2000192126899126426,0,0,0,10,NaN
961,suitwinss78,2025-12-14T11:31:40.000Z,"POV: Budak asrama + spotcheck = tak bernafas.  Warden jumpa pot aku. Tanpa salam. Tanpa ceramah.  TERUS CAMPak dari tingkat 4.  Pot aku jatuh macam: “Aku tak layak hidup di dunia ni.”  Aku tengok dari atas… hati aku jatuh dulu sebelum pot tu   JATUH. BUNYI KUAT.",https://x.com/suitwinss78/status/2000166796960440330,0,0,0,9,NaN
962,ArmEzwan,2025-12-14T11:17:26.000Z,"Lapik kaki meggi nih campak jela.. collect pasir je",https://x.com/ArmEzwan/status/2000163216807407927,0,0,0,1,NaN
963,najwawitty,2025-12-14T10:43:24.000Z,"Bubur campak campak shiaap..  Tambah minyak ikan salmon sikit baru berasa .. Alhamdulillah..",https://x.com/najwawitty/status/2000154652474740925,0,0,0,20,NaN
964,AfralAbdullah,2025-12-14T08:08:00.000Z,"Muda kena jadi Ketua parti dulu. Ada pelapis muda pun dah kena campak bawak bas! No?",https://x.com/AfralAbdullah/status/2000115541114261597,0,0,0,65,NaN
965,HfznI,2025-12-14T08:07:53.000Z,"I was winning as veigar lah anjing semua ability aku campak whatever i have. Anjing betul la perangai simpan ability untuk retirement ni",https://x.com/HfznI/status/2000115513083736363,0,0,0,8,NaN
966,cikfadz12,2025-12-14T05:07:04.000Z,"@onnhafiz @PDRMsia @PolisJohor @HRHJohorII @chepuankhaleeda @anwaribrahim @ustazahasma @ustazharidrus @ustazwadiannuar @UstAhmadDusuki @UstazAmirulAmin  Mereka semua keluar dgn org ramai   Campak API   Kami Dan rumah terbakar   Jgn meletup sampai kena rumah mereka",https://x.com/cikfadz12/status/2000070008563704172,0,0,0,2,NaN
967,95Haffizi,2025-12-14T03:15:45.000Z,"Tak sangka tumbler ni betul-betul jaga suhu. Isi pagi, tengah hari buka — masih rasa sejuk.  Penutup tekan sekali je, tak bocor langsung walau campak dalam beg. Keluli tahan karat 304, tak ada bau pelik, tak ubah rasa air .link ada kat sini.",https://x.com/95Haffizi/status/2000041997038657725,0,0,0,27,NaN
968,Pras_Nambuan,2025-12-30T19:10:24.000Z,"KLB campak boleh dicabut, tapi kewaspadaan jangan ikut turun. Imunisasi tetap jadi kunci perlindungan anak.    #ayosehat #kemenkesri #BIAS2025 #ayoimunisasi #imunisasilengkap #sumenepsehat #sumenepinfo #sumenepupdate",https://x.com/Pras_Nambuan/status/2006080447693095207,0,0,0,25,NaN
969,dinadid,2025-12-30T16:07:41.000Z,"Ya Allaah. Cakmano kalu campak ituuu",https://x.com/dinadid/status/2006034464921796677,0,0,0,493,NaN
970,mediaindonesia,2025-12-30T12:55:54.000Z,"MOMEN libur akhir tahun yang dinantikan keluarga Indonesia untuk berwisata membawa risiko kesehatan tersendiri.",https://x.com/mediaindonesia/status/2005986200033898773,0,0,0,296,NaN
971,rootdottxt,2025-12-30T12:39:21.000Z,"Suspect campak wkwk",https://x.com/rootdottxt/status/2005982038516719768,0,0,0,31,NaN
972,fancythecharles,2025-12-30T12:25:31.000Z,"Yang kewalahan kami yang di IGD, pasien campak dgn komplikasi BP berat, banyak yang intub dan pro PICU. Yang bisa dirawat di ruang biasa pun akhirnya dengan pengawasan ketat.",https://x.com/fancythecharles/status/2005978555918999704,0,0,0,48,NaN
973,fancythecharles,2025-12-30T12:22:48.000Z,"Gue rasa Banten ni lagi outbreak campak. Apa terminologi yg tepat? KLB? Epidemi? Rata2 masuk IGD udh dgn komplikasi pneumonia berat. Ditanya pasiennya  imunisasi apa engga semua jwb engga, krn pas mau imunisasi lg demam. Ajaibnya ini dinkes sante2 aja kek gaterjadi apa2. Jingan.",https://x.com/fancythecharles/status/2005977873015005320,0,0,0,69,NaN
974,ayu_nra,2025-12-30T10:27:24.000Z,"akhir 2025 gebrakannya apa?  kena campak",https://x.com/ayu_nra/status/2005948829267325413,0,0,0,30,NaN
975,MadaniNewsMy,2025-12-30T10:18:08.000Z,"Campak barang Dr Afifah mahu saman Nubhan   > Dr Afifah Hidayah cadang failkan *tindakan sivil terhadap bekas suaminya, Nubhan  > Dakwa pecah masuk rumah, keluarkan barang tanpa izin > Tindakan itu langgar undang-undang   #DrAfifah #Nubhan  BERITA DI",https://x.com/MadaniNewsMy/status/2005946497087459340,0,0,0,46,NaN
976,AsyrafSpark1,2025-12-30T08:58:01.000Z,"Hahahahaha mamat ni, rumah sndiri tgh bsepah, dia p sibuk campak taik kt rumah org lain",https://x.com/AsyrafSpark1/status/2005926337379459140,0,0,0,59,NaN
977,kontarOP,2025-12-30T07:59:46.000Z,"DAP boleh ketepikan Dan pergi mampuslah PKR, mereka boleh senang2 dapat  22/42 dengan ubah2 tempat ngundi! PKR is practically useless, @umnoonline @UMNOPenang kira campak ke laut sajalah. Ketua Masih yg tua...no leadership at all  Next, no #2 Strategy DAP @nurjazlancomm dah tahu?",https://x.com/kontarOP/status/2005911676307329489,0,0,0,570,NaN
978,DILLY_REZA,2025-12-30T07:06:42.000Z,"Korang tak penat ke sental baju sampai nak tercabut bahu tapi kesan kotoran degil tetap ‘setia’ kat situ?  Baju sekolah anak dah rupa kain buruk, baju putih kegemaran dah jadi kuning langsat. Stop stress wei! Sabun INAS ni level dia lain macam, campak je terus glowing!",https://x.com/DILLY_REZA/status/2005898324260577324,0,0,0,21,NaN
979,saedah789,2025-12-30T05:19:58.000Z,"Sikit hari lagi Bersatu Akan campak lebai2 semua bawah bus",https://x.com/saedah789/status/2005871463044354176,0,0,0,835,NaN
980,sinj0ku,2025-12-30T04:57:33.000Z,"aku minta size, tknk bg. done campak design. pi sruh diorang buat ikut size korang nak. kalau diorang minta buatkan size, fr aku tknk respond.",https://x.com/sinj0ku/status/2005865818832134624,0,0,0,20,NaN
981,rootdottxt,2025-12-30T02:40:45.000Z,"Diagnosis sementaranya campak sama alergi obat",https://x.com/rootdottxt/status/2005831392056201345,0,0,0,39,NaN
982,buburrayam12,2025-12-30T02:06:52.000Z,"sakit campak brother",https://x.com/buburrayam12/status/2005822865912827964,0,0,0,82,NaN
983,Tomiceman88,2025-12-30T00:04:13.000Z,"Asyik nk ugut & campak ke laut je hermantat sulu ni   @BBerkerak13441 mantat asyik ugut je",https://x.com/Tomiceman88/status/2005792000420041113,0,0,0,28,NaN
984,xoloveydevey,2025-01-06T07:49:32.000Z,"Bro, if chickenpox, that's the varicella vaccine. MR for measles rubella.",https://x.com/xoloveydevey/status/1876174245568610699,0,0,0,113,NaN
985,rahmat3prawira,2025-01-21T14:46:19.000Z,"Vaksin yg aman & dapat diberikan pada pasien yg sedang mengonsumsi obat immunosupresan adalah jenis vaksin yg berisi virus/bakteri yg telah mati.  Itulah mengapa vaksin-vaksin penting seperti campak, polio, cacar, dsb memang sebaiknya diberikan pada usia sedini mungkin.",https://x.com/rahmat3prawira/status/1881714949170549162,0,0,0,247,NaN
986,ocehanbiya,2025-05-21T05:02:45.000Z,"OH RUBELLA? dl sering bgt gasi tbtb ada vaksin dtg ke sekolah, gue jadi lupa",https://x.com/ocehanbiya/status/1925054633996910803,0,0,0,23,NaN
987,PuputSP,2025-07-17T17:30:39.000Z,"Already got the tail, still got hit with rubella, even though I've already been vaccinated for measles and MR too   Third time getting measles. Starting to suspect that vaccine was just a placebo",https://x.com/PuputSP/status/1945898958896959896,0,0,0,86,NaN
988,AmarArifin92,2025-08-14T12:06:38.000Z,"Tak mungkin lah saya biarkan anak lelaki saya, Seth Nedim, menerima suntikan vaksin ‘MEASLES RUBELLA’ bersendirian.   Saya pun bukan jenis takut nak tengok, cuma hati bapa mana yang sanggup melihat anaknya dicucuk jarum.   “Suami kelas pertama..”  Prince of Iskandar Puteri!",https://x.com/AmarArifin92/status/1955964277640294455,0,0,0,58,NaN
989,Melakahariini,2025-08-14T10:35:38.000Z,"Berita MHI : LEBIH 20,000 KANAK-KANAK DI MELAKA TERIMA VAKSIN MEASLES-RUBELLA | PAYA RUMPUT 14 Ogos &#8211; Seramai 20,975 kanak-kanak yang berumur&hellip;     Selanjutnya : https://melakahariini.my/lebih-20000-kanak-kanak-di-melaka-terima-vaksin-measles-rubella/….",https://x.com/Melakahariini/status/1955941374962098648,0,0,0,88,NaN
990,beritartm,2025-08-13T14:09:58.000Z,"49.20 peratus kanak-kanak di Melaka telah menerima vaksin bawah Aktiviti Imunisasi Tambahan Measles-Rubella (MR SIA).  https://berita.rtm.gov.my/nasional/senarai-berita-nasional/senarai-artikel/lebih-22,000-kanak-kanak-di-melaka-terima-imunisasi-tambahan-mr…  'Malaysia MADANI, Rakyat Disantuni'  'Yang sahih di RTM' #RTM #BeritaRTM #MalaysiaMadani #TaatSetia #RancakkanMADANI #MADANIBekerja",https://x.com/beritartm/status/1955632925858541722,0,0,0,319,NaN
991,disdik_kotasmg,2025-08-11T03:41:31.000Z,"Vaksin MR diberikan kepada siswa kelas 1 sebagai perlindungan dari campak dan rubella.  Siswi kelas 5 menerima vaksin HPV sebagai langkah pencegahan kanker serviks.  Pemeriksaan kesehatan umum juga dilakukan bagi kelas lainnya sebagai deteksi dini kondisi kesehatan siswa.",https://x.com/disdik_kotasmg/status/1954749998861812064,0,0,0,150,NaN
992,health_malaysia,2025-08-06T16:27:56.000Z,"Itulah vaksin MR melindungi dari Measles (Campak) dan Rubella. .  “Tapi saya risau kesan vaksin…”  Jangan risau. Vaksin ini sama seperti yang anak pernah terima sebelum ini.Kalau sebelum ini tiada apa-apa yang buruk berlaku,  InshaAllah kali ini pun begitu.",https://x.com/health_malaysia/status/1953130931772117351,0,0,0,325,NaN
993,kompascom,2025-08-05T01:02:53.000Z,"Menurut Dante, vaksin Measles and Rubella (MR) dan Human Papillomavirus (HPV) memiliki peran penting dalam mencegah penyakit campak serta kanker serviks. | #CekKesehatanGratis",https://x.com/kompascom/status/1952535747023831218,0,0,0,1,NaN
994,berita_ks,2025-08-02T09:20:35.000Z,"MELAKA, 2 Ogos – Kerajaan Negeri Melaka akan melaksanakan Aktiviti Imunisasi Tambahan Vaksin Measles-Rubella (MR SIA) selama 10 minggu bermula 4 Ogos ini sebagai langkah mengekang peningkatan kes demam campak di negeri ini.  Exco Kesihatan, Sumber Manusia dan Perpaduan negeri,",https://x.com/berita_ks/status/1951573833393000645,0,0,0,296,NaN
995,MyHEALTHKKM,2025-08-02T06:56:56.000Z,"Melaka laksana pemberian vaksin tambahan demam campak dan Rubella bermula 4 Ogos   Berita penuh:",https://x.com/MyHEALTHKKM/status/1951537683664347462,0,0,0,589,NaN
996,MyHEALTHKKM,2025-08-02T06:55:54.000Z,"BERNAMA - Melaka Laksana Pemberian Vaksin Tambahan Measles Dan Rubella Bermula 4 Ogos   Berita penuh:",https://x.com/MyHEALTHKKM/status/1951537424062095873,0,0,0,551,NaN
997,beritartm,2025-08-02T02:40:20.000Z,"Ia akan diberikan secara percuma kepada semua bayi dan kanak-kanak berumur enam hingga 59 bulan, iaitu yang lahir pada 1 Ogos 2020 hingga 31 Jan tahun ini, tanpa mengira kewarganegaraan. https://berita.rtm.gov.my/nasional/senarai-berita-nasional/senarai-artikel/melaka-laksana-pemberian-vaksin-tambahan-measles,-rubella…  #RTM #BeritaRTM #MalaysiaMadani #TaatSetia #RancakkanMADANI",https://x.com/beritartm/status/1951473108646584458,0,0,0,269,NaN
998,Ok_Novia,2025-08-27T12:52:50.000Z,"Yaaa bedaaaaa   The vaccine for baby immunization has been around for decades since my mom's time gueehhhh, then my time, and now my kid's already gotten the first measles rubella shot too.   Compared to the COVID vaccine whose production was super rushed    Please use some",https://x.com/Ok_Novia/status/1960686948387102751,0,0,0,37,NaN
999,mamominiaja,2025-08-25T14:22:33.000Z,"Why make it complicated, sis? It's her right, it's her child. My first child, at the beginning, I didn't want to get him immunized, because when we checked at 2 months, the doctor forced it because my city is endemic for rubella, so in the end, rubella vaccine.  Why are you",https://x.com/mamominiaja/status/1959984747159114100,0,0,0,38,NaN
1000,izzsyira,2025-08-25T07:37:58.000Z,"Not sure la whether to get Yusuff vaccinated for Measles and Rubella or nottt",https://x.com/izzsyira/status/1959882933059092579,0,0,0,76,NaN
1001,tvOneNews,2025-08-24T10:11:27.000Z,"The East Java Provincial Government is moving quickly to address the Extraordinary Event (KLB) of measles occurring in Sumenep Regency. East Java Governor Khofifah Indar Parawansa has sent 9,825 vials of Measles and Rubella (MR) vaccine as an initial containment measure. Based on",https://x.com/tvOneNews/status/1959559170111492423,0,0,0,3,NaN
1002,mavuikav,2025-08-20T04:53:47.000Z,"Indonesians are stupid, babies, just go to the cinema and don't sit randomly, it's already like lining up for rubella vaccine, you're stupid.",https://x.com/mavuikav/status/1958029674535096581,0,0,0,41,NaN
1003,Melakahariini,2025-08-17T06:22:40.000Z,"Berita MHI : VAKSIN MEASLES-RUBELLA: MELAKA LEPASI SASARAN | BANDARAYA MELAKA 17 Ogos &#8211; Lebih 27,000 kanak-kanak berumur enam&hellip;     Selanjutnya : https://melakahariini.my/vaksin-measles-rubella-melaka-lepasi-sasaran/….",https://x.com/Melakahariini/status/1956964877190520891,0,0,0,94,NaN
1004,Media_Selangor,2025-09-13T08:01:58.000Z,"Kementerian Kesihatan (KKM) dengan kerjasama Perbadanan Perpustakaan Awam Selangor (PPAS) menganjurkan Program Imunisasi Tambahan Demam Campak di Pustaka Raja Tun Uda.  Suntikan vaksin Measles-Rubella (MR) percuma ini terbuka kepada kanak-kanak lahir antara 1 Ogos 2020 hingga 31",https://x.com/Media_Selangor/status/1966774342370685038,0,0,0,290,NaN
1005,jkn_kedah,2025-09-12T13:24:29.000Z,"Vaksin imunisasi tambahan Measles Rubella ini adalah SELAMAT.  Kesan sampingan selepas suntikan adalah ringan & cepat sembuh.  Fikirkanlah kesihatan anak yang berisiko dijangkiti Demam Campak yang boleh membawa maut jika masih tidak mahu mengambil vaksin tambahan Measles Rubella",https://x.com/jkn_kedah/status/1966493116351029637,0,0,0,110,NaN
1006,jkn_kedah,2025-09-09T04:06:47.000Z,"Senarai Klinik Kesihatan di negeri Kedah yang memberikan vaksin imunisasi tambahan Measles Rubella.  Dapatkan imunisasi tambahan Measles Rubella secara PERCUMA di bawah Program Imunisasi Kebangsaan untuk kanak-kanak berumur 6 hingga 59 bulan (bawah 5 tahun). #HentikanDemamCampak",https://x.com/jkn_kedah/status/1965265602123301151,0,0,0,45,NaN
1007,JaPenWPKL,2025-09-04T08:15:35.000Z,"VAKSIN TAMBAHAN MR DAH MULA! Campak & Rubella? Jangan beri peluang!  Ibu ayah!  Vaksin tambahan MR kini tersedia di Klinik KKM sekitar KL & Putrajaya!  Lindungi anak anda dari campak &amp; rubella – langkah kecil, perlindungan besar! Anak sihat  Sekolah pun ceria!",https://x.com/JaPenWPKL/status/1963516276615307393,0,0,0,125,NaN
1008,JatimPemprov,2025-09-25T13:11:56.000Z,"Children are our future, and immunization is a crucial step to protect them from dangerous diseases  Through the MR vaccine, little ones are not only shielded from measles and rubella, but also help safeguard those around them.",https://x.com/JatimPemprov/status/1971200999722508407,1,0,2,413,NaN
1009,jkn_kedah,2025-09-17T00:29:10.000Z,"Kenapa perlu suntik dos tambahan vaksin campak (Measles Rubella)?  Terdapat peningkatan 80% kes Demam Campak pada tahun 2024 berbanding 2023 di negeri Kedah.  Dapatkan imunisasi tambahan Measles Rubella secara PERCUMA  utk anak berumur 6 - 59 bulan pada 4 Ogos - 12 Oktober 2025.",https://x.com/jkn_kedah/status/1968109943866921465,0,0,0,97,NaN
1010,iRna21,2025-10-24T02:59:00.000Z,"I'm 30 years old, just got married. Alhamdulillah, after 6 months, I'm pregnant. Leave the rest to Allah, sis, while making every effort. Before getting pregnant, I had surgery to remove my wisdom teeth and got the MMR rubella vaccine. Alhamdulillah, the pregnancy is safe and the",https://x.com/iRna21/status/1981555998151364802,0,1,3,877,NaN
1011,gummyddeongji,2025-11-21T07:18:14.000Z,"Later, if your kid isn't vaccinated, just homeschool them, okay. So if your kid (God forbid, seriously) gets diphtheria, rubella, TB, it won't spread to other kids. Their phone's already smart, internet's accessible to everyone. Here's where I'm baffled..",https://x.com/gummyddeongji/status/1991768096999408004,0,0,0,4,NaN
1012,jkn_kedah,2025-11-20T02:58:52.000Z,"Why is an additional dose of the measles (Measles Rubella) vaccine needed?  There was an 80% increase in measles fever cases in 2024 compared to 2023 in the state of Kedah.  #demamcampak #jknkedah #kedahsihat",https://x.com/jkn_kedah/status/1991340438884872311,0,0,0,50,NaN
1013,jkn_kedah,2025-11-17T14:21:51.000Z,"Senarai Klinik Kesihatan di negeri Kedah yang memberikan vaksin imunisasi tambahan Measles Rubella.  Jangan lepaskan peluang untuk dapatkan imunisasi tambahan Measles Rubella secara PERCUMA untuk kanak-kanak berumur 6 hingga 59 bulan (bawah 5 tahun).  #jknkedah #kedahsihat",https://x.com/jkn_kedah/status/1990425155055620296,0,0,0,21,NaN
1014,jeff23greenwood,2025-01-14T15:16:30.000Z,"Imunisasi apa tuh? Imunisasi waktu kecil kah?",https://x.com/jeff23greenwood/status/1879185832931914087,0,0,0,387,NaN
1015,stephaniarlita,2025-01-14T13:55:27.000Z,"Tapi sing nguneke ki sedulur mbe konco cedak  Iyo tp bener lho ky misal dokumentasi feli pas disuntik vaksin pas balita ora nangis. pas SD feli parno ono imunisasi neng sekolah, tak duduhke videone pas balita disuntik ga nangis dadi wani lhoo. Nggo motivasi denen juga",https://x.com/stephaniarlita/status/1879165436463645118,0,0,0,23,NaN
1016,jagoaneonn,2025-01-14T12:56:28.000Z,"Awal tahunku cukup berwarna si kakak parotitis, si adek sempet panas habis imunisasi, sekarang sakit mata",https://x.com/jagoaneonn/status/1879150590326161800,0,0,0,102,NaN
1017,uzikbaroroh,2025-01-14T12:52:00.000Z,"Jd cek darah sm imunisasi TT aja? Bayar ga sih kak",https://x.com/uzikbaroroh/status/1879149466340802998,0,0,0,320,NaN
1018,uzikbaroroh,2025-01-14T12:48:27.000Z,"Imunisasi TT kak, tetanus itu loh",https://x.com/uzikbaroroh/status/1879148571871817968,0,0,0,335,NaN
1019,yunoshmer,2025-01-14T12:10:51.000Z,"heh lupa2 inget si soalnya udah 2023 lalu pokoknya ada berkas imunisasi TT itu, fc buku nikah ortu juga kayaknya, trus surat pengantar RT",https://x.com/yunoshmer/status/1879139110549639657,0,0,0,25,NaN
1020,SerenScapes,2025-01-14T10:23:19.000Z,"aku harus imunisasi dulu gak ya anna…",https://x.com/SerenScapes/status/1879112047889465804,0,0,0,67,NaN
1021,mekanis512,2025-01-14T09:50:10.000Z,"Tingkatkan Imunisasi Balita, Satgas Yonif 512/QY Peduli Kesehatan Balita di Kampung Yabanda. https://instagram.com/p/DEzTDrpyFV5/?igsh=MWM0eGhqYnFqbm5hdw==…",https://x.com/mekanis512/status/1879103706945478718,0,0,0,7,NaN
1022,KominfoJatim,2025-01-14T08:54:59.000Z,"Pemkot Kediri Perluas Sosialisasi Imunisasi HPV untuk Eliminasi Kanker Serviks - Dinas Komunikasi dan Informatika Provinsi Jawa Timur",https://x.com/KominfoJatim/status/1879089818883559433,0,0,0,36,NaN
1023,0823Kodim,2025-01-14T07:21:53.000Z,"TNI Peduli Kesehatan Babinsa Koramil 0823-06/Kendit, Serda Yudianto, dampingi imunisasi dan vaksinasi di SDN 1 Klatakan, Desa Klatakan, Kecamatan Kendit, Situbondo.  Menciptakan generasi muda yang sehat dan kuat!",https://x.com/0823Kodim/status/1879066391594319989,0,0,0,12,NaN
1024,tryhnna,2025-01-14T06:58:58.000Z,"menyiapkan mental untuk imunisasi DPT 2",https://x.com/tryhnna/status/1879060623377723710,0,0,0,45,NaN
1025,melmelkml,2025-01-14T05:31:29.000Z,"Kucingku juga 3 ekor full indoor, bebas jln dan main dlm rumah dan halaman blkg, sehat2 krn rutin cek ke vet buat imunisasi dll, tp yg 2 introvert, kalau ada org, ngumpet bs berjam2 dan yg 1,  gak peduli ada org berapa bnyk pun, asal dia kenyang dan ada makanan dia tenang",https://x.com/melmelkml/status/1879038608344277055,0,0,0,56,NaN
1026,SenamiHast57499,2025-01-14T05:14:08.000Z,"Hampir sama kayak Posyandu umum. Klu di kt dia seputaran cek darah, pnyuluhn kesehatan seputar reproduksi + rokok + narkoba, atau pmberian TTD, dll. Ada jg imunisasi/suntik buat HPV, Hepatitis, dll cm biasanya dikmbalikan di Puskesmas, RS trgntung kebijakan. CMIW",https://x.com/SenamiHast57499/status/1879034240026968314,0,0,0,104,NaN
1027,fikimridho,2025-01-14T04:45:46.000Z,"Km ikut imunisasi gak?",https://x.com/fikimridho/status/1879027102160441431,0,0,0,16,NaN
1028,kiaaafhh,2025-01-14T04:33:24.000Z,"besok diajakin ikut bias, sepertinya seruu imunisasi anak-anak sd yang banyak tingkahnya ituu",https://x.com/kiaaafhh/status/1879023991178072065,0,0,0,197,NaN
1029,WHOIndonesia,2025-01-14T04:27:32.000Z,"Dukungan WHO Indonesia di tingkat subnasional membuahkan hasil-hasil transformatif. Dengan mengintegrasikan imunisasi dalam program-program kesehatan prioritas, WHO menumbuhkan kepemilikan pemerintah dan memobilisasi komunitas.  Selengkapnya di: http://bit.ly/WHOStudiKasusJawaBarat…",https://x.com/WHOIndonesia/status/1879022513214361829,0,0,0,313,NaN
1030,itskhuzaimah,2025-01-14T04:20:07.000Z,"Difollback sama John Cena   Akun Indo yang berfollower ""gemuk"", banyak yang sok ngartis. Udah lama follow, di-DM juga sudah, tapi ga ada niatan follback. Padahal, followernya juga paling hasil ""imunisasi"" tuh. #eh   Belajarlah dari Cena, tetap humble ke siapa saja.",https://x.com/itskhuzaimah/status/1879020645415338414,0,0,0,1,NaN
1031,naauerr,2025-01-30T16:44:38.000Z,"Ini random banget tapi aku kangen imunisasi",https://x.com/naauerr/status/1885006217409626361,0,0,0,16,NaN
1032,AbdillahZaman,2025-01-30T14:25:23.000Z,"Wah keknya dulu absen ya pas imunisasi",https://x.com/AbdillahZaman/status/1884971172074496349,0,0,0,11,NaN
1033,SukebakOon,2025-01-30T11:44:27.000Z,"LU DOANG KAYAKNYA, KURANG IMUNISASI",https://x.com/SukebakOon/status/1884930674777547005,0,0,0,12,NaN
1034,himmalyaa,2025-02-14T23:07:13.000Z,"Imunisasi anak di puskesmas jadwal smpe jam 11, dateng jam 9.30 udah dijutekin + diceramahin wkwk pindah puskesmas sebelah gak terima krna kekurangan data imunisasi  di rating jelek di gmaps mohon² minta di takedown. Hahahaha",https://x.com/himmalyaa/status/1890538315792699728,0,0,0,425,NaN
1035,_jayalah,2025-02-14T17:01:09.000Z,"Kesehatan ge beunang dampakna padahal fatal pisan ieu, program imunisasi jeng pengadaan alat kesehatan di efisiensi keun nu potensina bakal nurunkeun kualitas layanan kesehatan.",https://x.com/_jayalah/status/1890446191118184821,0,0,0,3,NaN
1036,perthbbe,2025-02-14T16:50:00.000Z,"Sudah saatnya kita tidur ya, besok imunisasi",https://x.com/perthbbe/status/1890443387091763282,0,0,0,19,NaN
1037,delphineeum,2025-02-14T12:14:44.000Z,"like fr. w bingung knp orang2 bilang pns ongkang2 doang. bapak w kerja lembur sampe sakit, mikirin program imunisasi, dll, kaya weh????? fym???",https://x.com/delphineeum/status/1890374110334652581,0,0,0,129,NaN
1038,vellawlesskin,2025-02-14T11:53:20.000Z,"Iyahhh mumpung dia fit jdi imunisasi, ga mau imunisasi kalau udh gede nanti tau kalau mau disuntik  malah dramatis",https://x.com/vellawlesskin/status/1890368728157532529,0,0,0,27,NaN
1039,nurull_af,2025-02-14T11:35:53.000Z,"Tadi zoom ttg imunisasi hep B nakes trus ada penanya namanya erin dinkes jabar. Lah temen kuliah ternyata wkwk she sounds bright and great as always",https://x.com/nurull_af/status/1890364337077797215,0,0,0,47,NaN
1040,vellawlesskin,2025-02-14T11:22:56.000Z,"Ingetnya jadwal imunisasi dedek kak",https://x.com/vellawlesskin/status/1890361074995576834,0,0,0,34,NaN
1041,DermagaGarely,2025-02-14T10:30:14.000Z,"dia waktu bayi sempat suntik imunisasi gak sih...??  plekhor banget tuanya",https://x.com/DermagaGarely/status/1890347812203778145,0,0,0,18,NaN
1042,nadyanmn_,2025-02-14T08:20:36.000Z,"esok ada orientasi darjah 1, harini ada parents tanya kalau buku imunisasi hilang nk buat apa ?? aku laahhh gerammm ek. esok nak orientasi dah kot, harini baru tanya ?? cikgu pulak bukan semalam baru buat group ws, dekat sebulan lebih dh.",https://x.com/nadyanmn_/status/1890315190844961231,0,0,0,3,NaN
1043,ElternHospi,2025-02-14T08:04:40.000Z,"ㅤ                      𝑬𝒍𝒕𝒆𝒓𝒏 𝑯𝒐𝒔𝒑𝒊𝒕𝒂𝒍           “Happy Parents, Happy Kids” ㅤ                          𝐎𝐏𝐄𝐍! ㅤ : Friday, February 14th, 2025  ❝ Selamat hari Jumat  Eltern sudah buka! Yuk booking jadwal USG, persalinan dan imunisasi sekarang! ❞",https://x.com/ElternHospi/status/1890311179613999345,0,0,0,174,NaN
1044,vellawlesskin,2025-02-14T07:32:58.000Z,"Mau imunisasi malah begadang, biasanya engga loh. Kek bocah sekolah mau study tour, susah bgt tidurnya malah dia asik ketawa sama ngoceh semaleman  Ada sepasang pasutri muda: enak bgt lihat mbaknya gendong sama pangku si dedek, kaya mantep dan santai bgt. Bulu matanya baguss",https://x.com/vellawlesskin/status/1890303203801198693,0,0,0,331,NaN
1045,cublossom,2025-02-14T07:27:31.000Z,"eh ini vaksin untuk imunisasi lagi langka apa gimana sih? rv udah 3 jalan 4 bulan terakhir susah banget dapetnya.",https://x.com/cublossom/status/1890301831567589496,0,0,0,61,NaN
1046,RodriChen,2025-02-14T06:56:05.000Z,"Maka Indonesia, atau warganya jika imunisasi mandiri, divaksin di bulan Oktober, mengikuti belahan bumi utara. JUGA, jenis vaksinnya mengikuti belahan bumi utara/Northern Hemisphere (NH).",https://x.com/RodriChen/status/1890293919658963054,1,1,2,329,NaN
1047,Kota_Tangerang,2025-02-14T06:21:31.000Z,"Kegiatan Posyandu ILP Kenanga IX Kelurahan Kenanga dan Pendampingan Posyandu ILP.  Kegiatan yang dilaksanakan merupakan edukasi kesehatan, pengecekan tinggi badan & berat badan, pengecekan tekanan darah, pengecekan gds dan imunisasi.",https://x.com/Kota_Tangerang/status/1890285224241836065,0,0,0,191,NaN
1048,protprotttt,2025-02-14T06:03:35.000Z,"Kamu pikir, anak mereka dikasi susu, imunisasi? Popok aja mgkn cma popok kain. Otak mereka g nyampe ke sn coi",https://x.com/protprotttt/status/1890280710776451446,0,0,0,242,NaN
1049,ramil08suruh,2025-02-14T06:01:30.000Z,"Lintas Suruh - Babinsa Purworejo Serka Rano H melaksanakan pendampingan imunisasi lansia di Poliklinik Desa Purworejo, yang mana warga di usia lanjut banyak yang kurang memperhatikan kesehatan dan daya tubuhnya, Jum'at (14/02/25).",https://x.com/ramil08suruh/status/1890280185767014470,0,0,0,17,NaN
1050,DibDil,2025-02-14T06:00:45.000Z,"Kurang zat buatkan anak jadi,   Imunisasi lemah  degil tak dengar cakap  mental tak fokus  Ikut kajian 30 tahun, Tok Abah hasilkan Excel PRO, Jom cuba dengan link dibawah.   https://WhatsappTokAbahXpro.wasap.my https://WhatsappTokAbahXpro.wasap.my https://WhatsappTokAbahXpro.wasap.my   #excelpro #dibdil",https://x.com/DibDil/status/1890279994460373211,0,0,0,10,NaN
1051,octoputri,2025-02-14T05:38:46.000Z,"Apalagi data cakupan imunisasi",https://x.com/octoputri/status/1890274462672777276,0,0,0,758,NaN
1052,rasyana24,2025-02-14T04:26:13.000Z,"orangtua yg milih gk imunisasi anaknya tuh kenapa ya?  ya kasian si liat anak bayi disuntik lengan, paha kanan, paha kiri tp kan demi kesehatan why not ?",https://x.com/rasyana24/status/1890256204485800417,0,0,0,35,NaN
1053,Humas_Pusaka,2025-02-14T04:24:22.000Z,"Bhabinkamtibmas Ds Kalentambo Aipda Agus G dan Babinsa AD Serka Imam Santoso, menghadiri giat Posyandu Cemara di Dsn. Cemara Rt 23 / 04 Ds. Kalentambo Kec. Pusakanagara melayani kesehatan warga meliputi Pemberian imunisasi balita dan pemeriksaan ibu hamil. #polsekpusakanagara",https://x.com/Humas_Pusaka/status/1890255742080635052,0,0,0,81,NaN
1054,miaomaomeo,2025-02-27T12:33:00.000Z,"kayak bocil abis imunisasi  cepet sembuh yaaa",https://x.com/miaomaomeo/status/1895089750639550931,0,0,0,26,NaN
1055,nyamuknakalhap,2025-02-27T11:07:56.000Z,"Makanan bergizi dan imunisasi",https://x.com/nyamuknakalhap/status/1895068342060491263,0,0,0,27,NaN
1056,yujimiq,2025-03-14T13:57:21.000Z,"B C G .. imunisasi kali ya",https://x.com/yujimiq/status/1900546798856405060,0,0,0,24,NaN
1057,kosongjugalho,2025-03-14T12:01:37.000Z,"Obrolan 3 sahabat cantik di grup wa #Newwiee #innsarin #kasibook_ B : Bebs, ngupi yuk sambil gibah cantik! N : Aduh maaf ya, beb, anak aku lagi rewel nih ga bisa ditinggal kemana2 S : Aku jg mau bawa baby imunisasi nih B : Yah masa aku sendirian?  Cont-",https://x.com/kosongjugalho/status/1900517671919349801,0,0,0,731,NaN
1058,vellawlesskin,2025-03-14T10:56:34.000Z,"Ga bikinin bukaan puasa suami soalnya habis imunisasi mbilala fokus ke bayi kecil dulu",https://x.com/vellawlesskin/status/1900501302985347185,0,0,0,89,NaN
1059,xxtesfaye,2025-03-14T09:41:30.000Z,"abis imunisasi campak kak, kata mamah gaboleh keluar malem dulu",https://x.com/xxtesfaye/status/1900482411017785713,0,0,0,139,NaN
1060,dimas_drg,2025-03-14T09:14:14.000Z,"Yess ketes ketes, sangat menular, penyebabnya virus (paramyxovirus). Nyerang kelenjar ludah, kelenjar parotis, disebutnya parotitis, timbul radang. Dapat sembuh sendiri dg asupan nutrisi yg baik dan istirahat cukup. Pencegahan lewat imunisasi MMR sesuai jadwal",https://x.com/dimas_drg/status/1900475546657837125,0,0,0,127,NaN
1061,serambinews,2025-03-14T07:49:33.000Z,"#AcehBesar   Gunakan Metode Komunikasi Antar Pribadi di Posyandu, Penerimaan Imunisasi di Aceh Besar Meningkat  https://aceh.tribunnews.com/2025/03/14/gunakan-metode-komunikasi-antar-pribadi-di-posyandu-penerimaan-imunisasi-di-aceh-besar-meningkat… via @tribunnews",https://x.com/serambinews/status/1900454236292538763,0,0,0,60,NaN
1062,DibDil,2025-03-14T06:00:44.000Z,"Kurang zat buatkan anak jadi,   Imunisasi lemah  degil tak dengar cakap  mental tak fokus  Ikut kajian 30 tahun, Tok Abah hasilkan Excel PRO, Jom cuba dengan link dibawah.   https://WhatsappTokAbahXpro.wasap.my https://WhatsappTokAbahXpro.wasap.my https://WhatsappTokAbahXpro.wasap.my   #excelpro #dibdil",https://x.com/DibDil/status/1900426850632913333,0,0,0,5,NaN
1063,roxysshi,2025-03-14T16:49:59.000Z,"kayak lagi imunisasi aja wkwk",https://x.com/roxysshi/status/1900590242463392095,0,0,0,1,NaN
1064,heyowbabygirl,2025-03-14T16:46:15.000Z,"Ngewar tiket konser Ngewar nomer antrian imunisasi",https://x.com/heyowbabygirl/status/1900589302171791694,0,0,0,34,NaN
1065,khalid_ojak,2025-03-14T15:37:51.000Z,"Benci bgt sama imunisasi bayik. Ga tega liat anak w smpe mlm gini nangis mulu disuntik 2x di kaki kanan sama kiri. Badan panas huuuuh",https://x.com/khalid_ojak/status/1900572086692905434,0,0,0,34,NaN
1066,aldoyoudo,2025-03-14T03:53:08.000Z,"abang cepet-cepet suntik imunisasi deh sekarang!",https://x.com/aldoyoudo/status/1900394740270715107,0,0,0,4,NaN
1067,aerichangs,2025-03-14T03:36:31.000Z,"Terima kasih @ElternHospi, Dokter @528O5 & Nurse @ovierall, yang sudah membantu memeriksa kondisi Ecim  Siapa yang mau usg/lahiran/imunisasi cuss ke @ElternHospi   @yizheou @yuuzimin @wintyeo",https://x.com/aerichangs/status/1900390558348316913,0,0,0,183,NaN
1068,Allangmm,2025-03-14T03:31:35.000Z,"Pasti ga kuat tangisanya karna anaknya dikasih imunisasi jadi demam wajar nangis 3hari 2 malam. Pol mental cupu tangisan anak sendiri aja emosi.",https://x.com/Allangmm/status/1900389315597009046,0,0,0,27,NaN
1069,hihellofullsun,2025-03-14T00:29:10.000Z,"Ada lagi, suami temen sendiri santri juga, dari luar keliatan bgt bisa mengayomi, rajin ke masjid jg, pokoknya image laki baik-baik. Eh ternyata sama mertua berani teriak-teriak, banting barang, trus ga ngebolehin anaknya imunisasi coyyy orgillll https://x.com/injunieeyllw/s/injunieeyllw/status/1900238252898189763…",https://x.com/hihellofullsun/status/1900343411385000337,0,0,0,101,NaN
1070,HIMAKBMKMUnsoed,2025-03-30T09:10:29.000Z,"""Ayo Imunisasi"" dan menangkan total hadiah jutaan rupiah!  TIMELINE LOMBA:  Pendaftaran: 20 Maret - 20 April 2025  AKSES LINK:  Link Pendaftaran:  https://link.kemkes.go.id/VideoKreatiflmunisasi…",https://x.com/HIMAKBMKMUnsoed/status/1906272809602691418,0,0,0,50,NaN
1071,ganggaliabasal,2025-03-30T08:00:15.000Z,"Imunisasi?",https://x.com/ganggaliabasal/status/1906255137187979770,0,0,0,109,NaN
1072,esomeprazole__,2025-04-14T16:57:38.000Z,"garda medika. sebagai apoteker yg jg staff bagian penagihan asuransi, garda medika ini ga rewel kak. ga ribet juga terkait penjaminan rawat jalan dan rawat gigi. imunisasi apapun di cover (dengan diagnosa dokter)",https://x.com/esomeprazole__/status/1911826191780286644,0,0,0,103,NaN
1073,detikHealth,2025-04-14T15:41:31.000Z,"Video Kemenkes: Capaian Imunisasi PCV Indonesia per Maret 2025 di Bawah 10% https://health.detik.com/detiktv/d-7869050/video-kemenkes-capaian-imunisasi-pcv-indonesia-per-maret-2025-di-bawah-10?utm_source=twitter&utm_medium=oa&utm_content=detikhealth&utm_campaign=detikcomsocmed…",https://x.com/detikHealth/status/1911807036565979336,0,0,0,604,NaN
1074,intananananan,2025-04-14T14:57:22.000Z,"Masih bingung sama ibu-ibu yg gamau lanjut imunisasi karena takut anaknya nangis?….",https://x.com/intananananan/status/1911795922520183281,0,0,0,62,NaN
1075,Cosmythh,2025-04-14T14:28:23.000Z,"Ternyata jarum suntik sewaktu imunisasi di sekolah dasar itu ga se-menyeramkan kehidupan dewasa ini .",https://x.com/Cosmythh/status/1911788632442355967,0,0,0,30,NaN
1076,withustous,2025-04-14T12:34:10.000Z,"Gizi-nya mantap ini, imunisasi rutin mangkannya si kecil aktif",https://x.com/withustous/status/1911759887547474062,0,0,0,43,NaN
1077,cnbcindonesia,2025-04-14T12:10:55.000Z,"Jadwal Pemberian Imunisasi Lengkap Bagi Bayi dan Anak, Wajib Tahu!",https://x.com/cnbcindonesia/status/1911754035734175806,0,0,0,355,NaN
1078,halffhooman,2025-04-14T10:46:40.000Z,"pinter bgt masyaAllah, dia imunisasi nangis cuma 5 detik doang (pas vaksinnya masuk). lepas suntikan lgsung bobo lagi. pdhl temen2nya pada nangis semua. nyampe rumah pun gak rewell. subahanallahh, sehat2 ya nak cantik",https://x.com/halffhooman/status/1911732831866310676,0,0,0,50,NaN
1079,roracv,2025-04-14T10:01:10.000Z,"Oww oww kamuu ketauaaan  udah di imunisasi belumm?",https://x.com/roracv/status/1911721383144599698,0,0,0,12,NaN
1080,findyamm,2025-04-14T09:16:21.000Z,"Pajak alula imunisasi xixixi",https://x.com/findyamm/status/1911710104887668804,0,0,0,169,NaN
1081,juraogan,2025-04-14T06:59:35.000Z,"suntik imunisasi juga di pantat gak sih?",https://x.com/juraogan/status/1911675687838368222,0,0,0,80,NaN
1082,Haoduyudo_o,2025-04-14T06:31:18.000Z,"eh dicariin ternyata disini, ayo suntik imunisasi dulu dek",https://x.com/Haoduyudo_o/status/1911668569097769006,0,0,0,59,NaN
1083,DibDil,2025-04-14T06:00:40.000Z,"Kurang zat buatkan anak jadi,   Imunisasi lemah  degil tak dengar cakap  mental tak fokus  Ikut kajian 30 tahun, Tok Abah hasilkan Excel PRO, Jom cuba dengan link dibawah.   https://WhatsappTokAbahXpro.wasap.my https://WhatsappTokAbahXpro.wasap.my https://WhatsappTokAbahXpro.wasap.my   #excelpro #dibdil",https://x.com/DibDil/status/1911660857773240592,0,0,0,9,NaN
1084,Risrismaaa,2025-04-14T05:55:40.000Z,"abis imunisasi anaknya full senyum tapi dompet ayahnya menangis wkwkwk",https://x.com/Risrismaaa/status/1911659601595949265,0,0,0,40,NaN
1085,pockyymatcha,2025-04-14T05:13:42.000Z,"kebutuhan anak sll diusahakan yg terbaik, selama 6 bln ini rutin kontrol utk tumbuh kembang (walaupun ga lg sakit) + imunisasi di RS terbaik jg mnrt kami. ortunya kalo berobat ke klinik/puskes ajalah wkwkwk",https://x.com/pockyymatcha/status/1911649041051705679,0,0,0,44,NaN
1086,WajoKodim,2025-04-14T05:13:21.000Z,"Babinsa Koramil 1406-07/Takkalalla Dampingi Kegiatan Posyandu dan Imunisasi di Desa Leweng #tniad #dispenad #puspentni #TNIindonesia #kodam14hasanuddin #korem141toddopuli",https://x.com/WajoKodim/status/1911648951331406187,0,0,0,20,NaN
1087,StopPlandemit,2025-04-14T04:47:16.000Z,"Hahaha aq juga dapet imunisasi mbak",https://x.com/StopPlandemit/status/1911642386352247119,0,0,0,28,NaN
1088,aziz_ansori,2025-04-14T03:43:48.000Z,"Itu imunisasi influenza pak?",https://x.com/aziz_ansori/status/1911626415109271804,0,0,0,27,NaN
1089,ZH4NGH4O,2025-04-14T03:35:44.000Z,"@ElternHospi terima kasih atas pelayanannya, seneng banget dede sehat..  mutuals yang butuh rs untuk kehamilan dan imunisasi, bisa cek Eltern Hospital, yaaa!  [ izin tagged @DYLANW4NG @hei_high_hiy @KllMTAE ]",https://x.com/ZH4NGH4O/status/1911624387314565554,0,0,0,147,NaN
1090,jgnlaagitu4156,2025-04-29T21:41:10.000Z,"Imunisasi lengkap",https://x.com/jgnlaagitu4156/status/1917333361951138285,0,0,0,7,NaN
1091,law20956,2025-04-29T16:29:37.000Z,"Orang tua cerdas dia ga mau cairan racun buatan farmasi masuk ke tubuh anaknya  Jngn takut dihujat  Gpp anti vaksin dan anti imunisasi memang sedikit Tapi yg sedikit inilah Krn udah baca bahayanya vaksin dan imunisasi",https://x.com/law20956/status/1917254959168626938,0,0,0,24,NaN
1092,LuwurayaPos,2025-04-29T13:44:59.000Z,"TP PKK Kabupaten Lutim Ikuti Pekan Imunisasi Dunia Secara Virtual https://luwurayapos.com/tp-pkk-kabupaten-lutim-ikuti-pekan-imunisasi-dunia-secara-virtual/…",https://x.com/LuwurayaPos/status/1917213526462173427,0,0,0,3,NaN
1093,silarakhito,2025-05-14T22:23:07.000Z,"Malu betulnya kl hrs jwb jujur pertanyaan tsb .   Jawaban boongnya sih pengen tunjukin kl aku ga takut vaksin & imunisasi suntik.  Jwbn jujurnya sbg bentuk declare pd keluarga & lingk bhw aku sdh lepas dr hal yg puluhan tahun siksa aku",https://x.com/silarakhito/status/1922779736222073030,0,0,0,32,NaN
1094,shaiillendra,2025-05-14T15:24:30.000Z,"Terimakasih @ElternHospi  Another immunization session with dokter @Midgyu yang kali ini ditemani ners @everyoungenz  Selalu mantap sekali pelayanannya!   Ayo imunisasi anak kalian di Eltern! @markvllouse @minhqyng @urjavis @minthyvng @marvqee",https://x.com/shaiillendra/status/1922674389352411216,0,0,0,234,NaN
1095,vanillamilkqiu,2025-05-14T13:34:59.000Z,"Yg di imunisasi kakak. Tp yg minta nenen ayahnya",https://x.com/vanillamilkqiu/status/1922646827590906101,0,0,0,291,NaN
1096,tempodotco,2025-05-14T13:04:24.000Z,"What's the difference from the old vaccine? The BCG one from 1921 is more targeted at children. In Indonesia itself, BCG has been a mandatory immunization for infants since 1973.  So, if this vaccine succeeds, the world will have a more effective option for preventing TB.",https://x.com/tempodotco/status/1922639130086826322,0,0,0,1,NaN
1097,donsteacup,2025-05-14T12:30:50.000Z,"gimana kalau saga mahawira, sang CEO yang terkenal galak itu, menangis keras di depan dokter saat nganterin anaknya imunisasi?  [aksara crumbs]",https://x.com/donsteacup/status/1922630683920420894,1,636,5439,232,NaN
1098,yourqkitten,2025-05-14T12:26:43.000Z,"Kakak2 yang mau cek kandungan, lahiran, imunisasi atau program kehamilan yukk daftar ke @ElternHospi staffnya ramah.. Pelayanan bagus lagii.. Ohyaa @ElternHospi lagi buka lo wongan pe kerjaan lhoo.. Yukk langsung kepoin base nyaa..",https://x.com/yourqkitten/status/1922629649001017568,0,0,0,93,NaN
1099,kicknrushJKT,2025-05-14T11:54:51.000Z,"Inilah pentingnya imunisasi ya adik-adik",https://x.com/kicknrushJKT/status/1922621626949980314,0,0,0,262,NaN
1100,dwrwt_,2025-05-14T11:28:30.000Z,"bocah se gemoy ini berkelahi dengan imunisasi DPT1",https://x.com/dwrwt_/status/1922614998641090885,0,0,0,68,NaN
1101,ElternHospi,2025-05-14T11:12:49.000Z,"—— ☘︎ 𝐑𝐄𝐖𝐀𝐑𝐃 𝐅𝐎𝐑 𝐁𝐀𝐁𝐘 ☘︎ —— ㅤ to : Aquiliana Sekar Wicaksono   Yeay, selamat untuk baby. Hari ini imunisasinya lancar ya! Ada reward dari dokter Eiser, semoga suka Janan yupaa minum cucu biar cepet besar ^^  See you imunisasi selanjutnya! ✎ @.ElternHospi",https://x.com/ElternHospi/status/1922611051918504308,0,0,0,63,NaN
1102,shaiillendra,2025-05-14T10:36:41.000Z,"Mantap @ElternHospi  Setiap sesi imunisasi ada aja gebrakannya    Dah klop banget ini mah dokter, ners sama keluarga pasiennya berasa bestie se-tongkrongan",https://x.com/shaiillendra/status/1922601956603813939,0,0,0,94,NaN
1103,shaiillendra,2025-05-14T10:20:47.000Z,"Sumpah kenapa pas jadwal imunisasi liana tiap bulan ada aja kelakuannya",https://x.com/shaiillendra/status/1922597955728445613,0,0,0,170,NaN
1104,bibillllleh,2025-05-14T10:20:47.000Z,"Se dar der dor itu mau upgrade imun anak bayi  after imunisasi selama ini, ga pernah setinggi ini suhunya",https://x.com/bibillllleh/status/1922597955187400910,0,0,0,41,NaN
1105,shaiillendra,2025-05-14T10:05:17.000Z,"Ibun bakal ngakak kalau tau kejadian-kejadian di tiap sesi imunisasi liana sih",https://x.com/shaiillendra/status/1922594054568644615,0,0,0,15,NaN
1106,shaiillendra,2025-05-14T09:46:30.000Z,"Lagi imunisasi ini bun, mau dincus",https://x.com/shaiillendra/status/1922589329425093068,0,0,0,10,NaN
1107,ElternHospi,2025-05-14T08:28:39.000Z,"to : Janira Kaluna Satyaki   Yeay, selamat untuk baby. Hari ini imunisasinya lancar ya! Ada reward dari dokter Kala, semoga suka Janan yupaa minum cucu biar cepet besar ^^  See you imunisasi selanjutnya!   ✎ @.ElternHospi",https://x.com/ElternHospi/status/1922569737999118656,0,0,0,59,NaN
1108,Fat2fat1,2025-05-14T07:57:15.000Z,"Fakta sih ini soalnya ngalamin, dari sakit biasa, hamil, lahiran, imunisasi dan lainnya lebih nyaman dan bersih.",https://x.com/Fat2fat1/status/1922561832876707895,0,0,0,466,NaN
1109,lovethefairy,2025-05-14T07:21:33.000Z,"Apakah aman bayi yang alergi telur untuk imunisasi influenza?",https://x.com/lovethefairy/status/1922552852091670926,0,0,0,25,NaN
1110,cinderelinnn,2025-05-30T19:34:22.000Z,"CPT BAWA KE POSYANDU MWWWW IMUNISASI",https://x.com/cinderelinnn/status/1928535475611959629,0,0,0,9,NaN
1111,notsowibu3892,2025-05-30T09:12:24.000Z,"Buset ini yg ngelike ampe 15 ribu orang pada belum imunisasi anti virus musang liar apa?",https://x.com/notsowibu3892/status/1928378952122601746,0,0,0,1,NaN
1112,pneumoniwa,2025-05-30T08:02:39.000Z,"imunisasi?",https://x.com/pneumoniwa/status/1928361399815725484,0,0,0,17,NaN
1113,ngeditt,2025-05-30T03:21:45.000Z,"masyaallah alhamdulillah adik lulus imunisasi dasar, nanti 9 bulan baru lanjut lagi",https://x.com/ngeditt/status/1928290707225333786,0,0,0,313,NaN
1114,findyamm,2025-05-30T01:25:41.000Z,"Iya onty skalian mau imunisasi nih",https://x.com/findyamm/status/1928261500013105531,0,0,0,15,NaN
1115,spiceydumpie,2025-05-29T18:19:39.000Z,"NGILU BJIR ITU RASANYA KAYAK DI IMUNISASI",https://x.com/spiceydumpie/status/1928154286191440349,0,0,0,76,NaN
1116,iwesome_,2025-05-29T17:46:25.000Z,"Benjamin ieu beres imunisasi. Teu wasa sare ge sabenerna",https://x.com/iwesome_/status/1928145920996298858,0,0,0,81,NaN
1117,afiyansi,2025-06-14T23:19:36.000Z,"Lha anak gua imunisasi, gua yg mewek njir kasian bett.. Padahal dulu ga suka bayii..",https://x.com/afiyansi/status/1934027976313839924,0,0,0,43,NaN
1118,zwaoyufan,2025-06-14T17:16:55.000Z,"Amin hyung kalo debut beneran. Nah, jadi mendingan inget inget choreo aja gak sih hyung daripada imunisasi?",https://x.com/zwaoyufan/status/1933936702697152623,0,0,0,19,NaN
1119,ocsakii,2025-06-14T16:59:21.000Z,"tergantung kamu udah imunisasi belum?",https://x.com/ocsakii/status/1933932280709546422,0,0,0,17,NaN
1120,sftecu,2025-06-14T13:43:33.000Z,"Imunisasi?",https://x.com/sftecu/status/1933883006944711158,0,0,0,34,NaN
1121,yytcha,2025-06-14T13:33:54.000Z,"aku termasuk jadi buibu yg lebay, tiap anak dilakukan tindak imunisasi terus disuntik yang nangis kejer emaknya",https://x.com/yytcha/status/1933880578094534862,0,0,0,35,NaN
1122,kominfodiy,2025-06-14T13:03:04.000Z,"Yuk, mulai dari rumah kita sendiri. Pastikan anak-anak mendapat gizi cukup sejak dalam kandungan, rutin periksa kehamilan, berikan ASI eksklusif, dan lengkapi imunisasi. Setiap langkah kecil hari ini bisa jadi lompatan besar bagi masa depan mereka.",https://x.com/kominfodiy/status/1933872818984468696,0,0,0,82,NaN
1123,yutasites,2025-06-14T12:44:16.000Z,"met ultah iaa cathy, gua doain mun lu makin cangtip kek prinses syahrini, mw maju mundur lu ttep cangtip, sehat slalu tangpa imunisasi, orang disekitar pda syang lu dan lu bisa membangun negri awan, polbek yhh cat",https://x.com/yutasites/status/1933868089516626218,0,0,0,37,NaN
1124,offgungunnie,2025-06-14T12:27:30.000Z,"Bocil abis imunisasi",https://x.com/offgungunnie/status/1933863868243358100,0,0,0,489,NaN
1125,inikamindonesia,2025-06-14T12:19:46.000Z,"Kementerian Kesehatan (Kemenkes) mengumumkan bahwa imunisasi Human Papilloma Virus (HPV) akan diperluas untuk mencakup anak laki-laki di bawah 15 tahun.  https://hypevox.id/kemenkes-imunisasi-hpv-untuk-anak-laki-laki-di-bawah-15-tahun/…",https://x.com/inikamindonesia/status/1933861924586094872,0,0,0,24,NaN
1126,nawabinekanews,2025-06-14T12:19:40.000Z,"Kementerian Kesehatan (Kemenkes) mengumumkan bahwa imunisasi Human Papilloma Virus (HPV) akan diperluas untuk mencakup anak laki-laki di bawah 15 tahun.  https://hypevox.id/kemenkes-imunisasi-hpv-untuk-anak-laki-laki-di-bawah-15-tahun/…",https://x.com/nawabinekanews/status/1933861897134371055,0,0,0,24,NaN
1127,MH0NR0E,2025-06-14T11:34:08.000Z,"txt ece 1 day 6 (johahamnidaaaaaaa) ga ad fotonya, hri ini ak posyandu imunisasi balita BJIR MOMENT BGET AKU KIKUK mff i hate kids... mana badanku masi sakit semua yg sebelah kanan jdiny ak hri ini bergerak sangat lambat. overall jaga polinya yaaa seperti biasanya lah",https://x.com/MH0NR0E/status/1933850440258789827,0,0,0,53,NaN
1128,malanyaa,2025-06-14T11:03:38.000Z,"Alhamdulillah bgt 2 kali imunisasi DPT lulus dari demam sehat2 Alka nduuut",https://x.com/malanyaa/status/1933842764359442519,0,0,0,51,NaN
1129,kiodrafts,2025-06-14T09:13:45.000Z,"asia banget kamu by #imunisasi",https://x.com/kiodrafts/status/1933815109593559130,0,0,0,124,NaN
1130,anarchiverkive,2025-06-14T08:57:31.000Z,"tbtb bgt imunisasi",https://x.com/anarchiverkive/status/1933811025499054204,0,0,0,62,NaN
1131,tatasthought,2025-06-14T06:55:04.000Z,"day 5 8/10 heheheh asyik hari ini ada imunisasi bertemu bocil imut tapi hectic ramai lumayan",https://x.com/tatasthought/status/1933780209217785947,0,0,0,74,NaN
1132,restaFitria,2025-06-14T06:05:00.000Z,"Aku tuh org nya ga mau banget julid kalo ga di mimitian di julidin sama org, apalagi julid nya menyangkut anakku. Ga bisa banget! Jd ceritanya td lg ke bidan buat imunisasi, ada ibu lain juga bawa bayi nya sekitar umur 5bln kek nya sama nenek nya.",https://x.com/restaFitria/status/1933767608622608764,0,0,0,70,NaN
1133,tppkkpusat,2025-06-14T05:58:02.000Z,"kegiatan Advokasi dan Sosialisasi diharapkan adanya Penguatan,  Dukungan dan Komitmen dalam penurunan angka anak zero dose imunisasi di Kota Tasikmalaya. tasikmalaya, 13 Juni 2025.",https://x.com/tppkkpusat/status/1933765858339532981,0,0,0,6,NaN
1134,tppkkpusat,2025-06-14T05:58:01.000Z,"Tim Penggerak Pemberdayaan dan Kesejahteraan Keluarga (TP PKK) Pusat sebagai Tim Imunisasi Zero Dose (IDZ) melaksanakan Advokasi dan Sosialisasi Perdana di Kota Tasikmalaya.Kegiatan ini merupakan Tahapan Awal sebelum intervensi pada lokus  sasaran imunisasi",https://x.com/tppkkpusat/status/1933765853759353169,0,0,0,16,NaN
1135,tppkkpusat,2025-06-14T05:50:16.000Z,"kegiatan Advokasi dan Sosialisasi diharapkan adanya Penguatan,  Dukungan dan Komitmen dalam penurunan angka anak zero dose imunisasi di Kota Tasikmalaya.  Tasikmalaya, 13 Juni 2025",https://x.com/tppkkpusat/status/1933763902065815590,0,0,0,9,NaN
1136,ivokun,2025-06-14T05:38:14.000Z,"Kurangnya test-trace, imunisasi kendor, dan kebutuhan ruang manusianya yang nggak terpenuhi",https://x.com/ivokun/status/1933760872020914394,0,0,0,54,NaN
1137,MediaVoi,2025-06-29T12:00:54.000Z,"Kota Bogor Jadi Percontohan Inovasi Imunisasi Nasional Lewat Kolaborasi Fasyankes",https://x.com/MediaVoi/status/1939292991526461567,0,0,0,21,NaN
1138,alytpp,2025-07-14T17:57:53.000Z,"pas dpt jadwal kontrol & sekalian imunisasi hepatitis udah deg2an duluan liat anak nangis nanti, tp ternyata diluar dugaan. begitu di suntik cm ngrengek kaget abis itu diem anak baik budi km nak",https://x.com/alytpp/status/1944818650277667062,0,0,0,72,NaN
1139,asixla,2025-07-14T17:06:29.000Z,"Luka cacar ada kayaknya  lupa. Sama bekas imunisasi https://x.com/amoricant/stat/amoricant/status/1944796168912777517…",https://x.com/asixla/status/1944805714532426050,0,0,0,33,NaN
1140,humas_smd,2025-07-14T15:57:00.000Z,"Kegiatan ini dilaksanakan oleh PD Aisyiyah Kabupaten Sumedang dengan tujuan untuk memastikan setiap anak mendapatkan imunisasi dasar lengkap, sehingga mereka terlindungi dari penyakit yang dapat dicegah dengan imunisasi, serta menurunkan angka kematian akibat penyakit tersebut.",https://x.com/humas_smd/status/1944788227300491296,0,0,0,12,NaN
1141,humas_smd,2025-07-14T15:56:59.000Z,"Kepala Dinas Kesehatan Kabupaten Sumedang Dikdik Sadikin, menghadiri kegiatan Advokasi dan Sosialisasi Imunisasi Nasional untuk penurunan angka anak dengan Zerodose di Aula Hotel Hanjuang Hegar Cimalaka. Senin, 14 Juli 2025.",https://x.com/humas_smd/status/1944788224276324359,0,0,0,53,NaN
1142,babybear141516,2025-07-14T14:03:25.000Z,"Ternyata jinyan cakep kaya mamahnya bes  masih muda banget kayanya yaa udah punya anak segemoy jinyan  gatau aku wulur seya bes ?  Btw tiap bulan nemenin anak bayik imunisasi",https://x.com/babybear141516/status/1944759642808361371,0,0,0,53,NaN
1143,mas_wegigg,2025-07-14T13:24:13.000Z,"Lah, jangankan anak Waktu bawa ponakan buat imunisasi juga rasanya begini",https://x.com/mas_wegigg/status/1944749779369783680,0,0,0,56,NaN
1144,bidanmembantu,2025-07-14T13:19:47.000Z,"Pencegahan paling efektif yaitu pada 1000 HPK, dimulai sejak hamil sampai anak berusia 2 tahun.  Pastikan anak mendapat gizi cukup, imunisasi, dan tumbuh kembangnya dipantau secara rutin.  #CegahStunting #1000HPK #AnakSehat #GiziSeimbang #BidanMembantu",https://x.com/bidanmembantu/status/1944748664045592607,0,0,0,10,NaN
1145,shufhua,2025-07-14T12:16:35.000Z,"anaknya sehat lin? udah imunisasi belum?",https://x.com/shufhua/status/1944732759039394298,0,0,0,17,NaN
1146,daunbavvang,2025-07-14T09:57:07.000Z,"Aduh maapin mama mu ini ya dek. Baru tau kalo imunisasi itu ada jarak waktunya. Ternyata gabolwb lebih cepet dari vaksin sebelumnya",https://x.com/daunbavvang/status/1944697661938176162,0,0,0,11,NaN
1147,DibDil,2025-07-14T06:00:39.000Z,"Kurang zat buatkan anak jadi,   Imunisasi lemah  degil tak dengar cakap  mental tak fokus  Ikut kajian 30 tahun, Tok Abah hasilkan Excel PRO, Jom cuba dengan link dibawah.   https://WhatsappTokAbahXpro.wasap.my https://WhatsappTokAbahXpro.wasap.my https://WhatsappTokAbahXpro.wasap.my   #excelpro #dibdil",https://x.com/DibDil/status/1944638150975893671,0,0,0,10,NaN
1148,itsshenah,2025-07-14T05:26:42.000Z,"Deg deg an sama bb anak tiap mau posyamdu atau imunisasi di klinik",https://x.com/itsshenah/status/1944629605433848262,0,0,0,24,NaN
1149,rskiarachmi,2025-07-14T04:08:10.000Z,"Tahukah Ayah Bunda? Imunisasi melindungi si kecil dari berbagai penyakit berbahaya loh   Yuk, jadwalkan imunisasi rutin di RSKIA Rachmi Yogyakarta. Karena imunisasi = bentuk cinta!   Cek di sini selengkapnya  https://rskiarachmi.com/manfaat-imunisasi-untuk-bayi-dan-anak-yang-tidak-boleh-dilewatkan/…  #ImunisasiAnak #RSKIARachmi",https://x.com/rskiarachmi/status/1944609845254201832,0,0,0,36,NaN
1150,Bolalemone,2025-07-14T03:28:44.000Z,"kondom 40rb vs kontrol hamil 9 bulan 10 jt lahiran 20-30 jt imunisasi 12 bulan 15 jt",https://x.com/Bolalemone/status/1944599921723584880,0,0,0,264,NaN
1151,iKoneksimedia,2025-07-13T22:30:34.000Z,"Dinkes Kota Medan Tegaskan Imunisasi Anak Bukan Pilihan, Tapi Kewajiban - https://ikoneksi.com/?p=15817",https://x.com/iKoneksimedia/status/1944524883960148107,0,0,0,8,NaN
1152,vkdlt,2025-07-13T15:55:21.000Z,"1. kontrol tumbang DSA clear 2. jadwal imunisasi clear 3. pengasuh clear 4. kejar BB masih berusaha  5. stimulasi tengkurap masih berusaha  6. tidur siang dikasur masih berusaha  7. betah di stroller masih berusaha  8. nyaman di gendongan mshape masih berusaha",https://x.com/vkdlt/status/1944425425041822021,0,0,0,32,NaN
1153,iiribilangbos,2025-07-13T14:55:47.000Z,"mungkin sekalian buat data posyandu kali. aku punya baby klo posyandu selain screening tumbang juga ditanya kok nama anak, no kk, nik, tgl lhr, lhr normal/sc, asi/sufor, asi esklusif/mpasi dini, imunisasi lengkap/enggak dll lah tp cuma diawal aja. buat data katanya",https://x.com/iiribilangbos/status/1944410432883888345,0,0,0,304,NaN
1154,GirlMakeMeFat,2025-07-13T13:46:34.000Z,"Hahaha iya lagi -Bapak mertua bangun tol, taman mini, mal-mal. Prabowo ga bangun apa-apa  -Bapak mertua bangun SD inpres sampe UT. Prabowo mahalin pendidikan -Bapak mertua galakin imunisasi dan cek kehamilan lewat ibu2 PKK. Prabowo mau babat BPJS  Lucu Prabowo nih",https://x.com/GirlMakeMeFat/status/1944393013364392141,0,0,0,43,NaN
1155,feziresi,2025-07-13T13:26:18.000Z,"Pampers budak  Susu budak  Imunisasi budak  Bekel indung budak  Wifi toko  Gaji karyawan  Away persib",https://x.com/feziresi/status/1944387915309818075,0,0,0,135,NaN
1156,chambkinson,2025-07-29T16:47:22.000Z,"sowwy bebi nael daritadi ngetawain video km di imunisasi  trll funny",https://x.com/chambkinson/status/1950236722006282334,0,0,0,45,NaN
1157,dimsumupil,2025-07-29T16:43:37.000Z,"udh pernah, ampe nemenin mbakku imunisasi simil",https://x.com/dimsumupil/status/1950235778950570435,0,0,0,37,NaN
1158,HB_Jeonghan95,2025-07-29T12:41:24.000Z,"Apaan ajg lu mau imunisasi?",https://x.com/HB_Jeonghan95/status/1950174820945015277,0,0,0,75,NaN
1159,amviraass,2025-07-29T09:41:59.000Z,"And then the scale, you know, that yellowish golden metal one that's all twirled around when weighing stuff, and have they ever eaten those posyandu biscuits, the ones for kids getting vaccinated but I asked for some too because back when I was little I was so broke I couldn't",https://x.com/amviraass/status/1950129667974803690,0,0,0,561,NaN
1160,UpBeritaHarian,2025-08-14T16:38:44.000Z,"Terobosan Vaksin Flu yang Efektif Sepanjang Tahun #vaksinflu #kesehatan #imunisasi #terobosanmedis #sehatsepanjangtahun",https://x.com/UpBeritaHarian/status/1956032751976767872,0,0,0,15,NaN
1161,dyntdw,2025-08-14T16:08:22.000Z,"Day 14 (14/08/2025)   37 halaman (37/253). Lanjut buku ke-3 berjudul ""60 Resep Anti Galau. Imunisasi Hati dengan Al-Quran""",https://x.com/dyntdw/status/1956025113389998408,0,0,0,52,NaN
1162,kimoonuu_,2025-08-14T15:34:12.000Z,"kaya poster imunisasi waktu aku kecil.. hmm.. mff yh",https://x.com/kimoonuu_/status/1956016514668356111,0,0,0,27,NaN
1163,yantisyala,2025-08-14T15:06:58.000Z,"Stress nya dapet sih hari ini. Si adek demam + rewel abis imunisasi. Kakak nya rewel mau sama emaknye aje. Emaknye teler kurang tidur + badan ga enak karna ketularan yg lagi sakit. Bismillah yuk sehat semua yuk",https://x.com/yantisyala/status/1956009659342696678,0,0,0,56,NaN
1164,kompascom,2025-08-14T14:23:40.000Z,"Tanpa pencegahan sistematis, Indonesia diproyeksikan kehilangan 1,7 juta perempuan pada 2070.  Kanker ini sebenarnya bisa dicegah, salah satunya melalui imunisasi Human Papillomavirus (HPV). | #KankerServiks #HPV",https://x.com/kompascom/status/1955998764398735792,0,0,0,2,NaN
1165,julievermore,2025-08-14T13:44:05.000Z,"pgn balik ngegym tp tangan masih sakit gara” imunisasi kmrn",https://x.com/julievermore/status/1955988803627413527,0,0,0,122,NaN
1166,yakisukehiro,2025-08-14T11:20:41.000Z,"mudah mudahan imunisasi adek besok lancarrrrrrr bismillah adek kuwat hebat dan sehat yahhhhhh aamiin aamiin",https://x.com/yakisukehiro/status/1955952713969361118,0,0,0,49,NaN
1167,bonikumal,2025-08-14T10:41:28.000Z,"Merayakan 2 bulan anakku lahir di dunia dengan memenuhi hak lahirnya: Imunisasi. Semoga dengan terpenuhinya hakmu, tercapai juga tujuan untuk memiliki tubuh yang sehat dan kebal dari penyakit",https://x.com/bonikumal/status/1955942846445576657,0,0,0,114,NaN
1168,jinyunism,2025-08-14T10:08:14.000Z,"Baru imunisasi pertama ini mah",https://x.com/jinyunism/status/1955934483242475943,0,0,0,10,NaN
1169,voozerv,2025-08-14T10:01:17.000Z,"Yuk yang mau cek kesehatan kehamilan, imunisasi atau konsultasi soal anak. Bisa kesini ya guyss ya ‍‍",https://x.com/voozerv/status/1955932732846170325,0,0,0,71,NaN
1170,suarapasuruan,2025-08-14T08:58:48.000Z,"#inspirasikita Talkshow Kesehatan Bersama Dinas Kesehatan Kabupaten Pasuruan.  • Topik: Imunisasi Dasar Lengkap  • Live Streaming :  https://radio.pasuruankab.go.id   https://onlineradiobox.com/id/suarapasuruan/…   https://radioonline.co.id/suara-pasuruan/",https://x.com/suarapasuruan/status/1955917009428095370,0,0,0,16,NaN
1171,Ibupedia,2025-08-14T08:58:13.000Z,"Si Kecil udah ikutan BIAS di sekolahnya belum, Bu?   Selain imunisasi gratis, bulan Agustus ini juga ada pemberian Vitamin A dari pemerintah yaa. Yuk lengkapi untuk anak biar tumbuh kembangnya optimal",https://x.com/Ibupedia/status/1955916860010193353,0,0,0,59,NaN
1172,Elizlbeth,2025-08-14T08:51:47.000Z,"ucucucu imunisasi apa ini balita 5 bulan 24 tahun...? :3",https://x.com/Elizlbeth/status/1955915242757873818,0,0,0,43,NaN
1173,hitam_putih03,2025-08-14T08:30:45.000Z,"kyaknya pas si dut imunisasi kelebihan ini madam, makanya sampek gede makin doyan makan",https://x.com/hitam_putih03/status/1955909948904497431,0,0,0,408,NaN
1174,Hoonie42_,2025-08-14T07:12:01.000Z,"udahh kerenn cakep keceeee dibilang bayi imunisasi",https://x.com/Hoonie42_/status/1955890136602042447,0,0,0,32,NaN
1175,honeeyyda,2025-08-14T06:55:50.000Z,"Padahal ga sedikit juga Sp.A yang ga kasih anaknya imunisasi",https://x.com/honeeyyda/status/1955886061722505445,0,0,0,59,NaN
1176,Yasinta_TH,2025-08-30T20:20:11.000Z,"Lagi drama demam adek abis imunisasi sembari nontonin video masa pada ngejarah pejabat yang dzolim",https://x.com/Yasinta_TH/status/1961886687333859678,0,0,0,56,NaN
1177,nanaaranaa,2025-08-30T04:06:34.000Z,"dan awal mula tidak divaksin karena administrasi astaghfirullah, ADMINISTRASI yg mempersulit karena dia pindah domisili, aku gatau apakah ortunya yang malas mengurus kepindahannya atau memang dipersulit, tapi pliss nyesek bgt kalo ampe gara2 ga imunisasi merenggut nyawa anak",https://x.com/nanaaranaa/status/1961641669142745122,0,0,0,27,NaN
1178,sgraddict09,2025-08-30T02:39:45.000Z,"Emang kelebihan imunisasi ‍‍ https://x.com/gimmymeel/stat/gimmymeel/status/1683108531363520512…",https://x.com/sgraddict09/status/1961619824028611012,0,0,0,39,NaN
1179,ummabibi,2025-09-14T23:51:28.000Z,"Ikut dooong, karena ibuku rajin dan cermat. Semenjak aku bayi, selalu diberi asi, makanan bergizi dan imunisasi. Berat badanku ditimbang selalu. Posyandu menunggu setiap waktu  You sing you lost",https://x.com/ummabibi/status/1967375678237823362,0,0,0,15,NaN
1180,nancieyy_,2025-09-14T23:07:20.000Z,"Thermometer wajib punya buat antisipasi adek demam abis imunisasi https://s.shopee.co.id/7KnaqaMnqS Sedotan ingus elektrik biar gampang karena hidung bayi yang masih kecil bgt https://s.shopee.co.id/50Pg4R6bMU Deterjen bayi https://s.shopee.co.id/AKRCQLW464 Bottle and nipple cleanser https://s.shopee.co.id/5ffMrpUkm8",https://x.com/nancieyy_/status/1967364570747736287,0,0,0,175,NaN
1181,spveec,2025-09-14T16:35:36.000Z,"lah gua udh ikutan daftar imunisasi online dri dlm perut mak gua",https://x.com/spveec/status/1967265990053630111,0,0,0,14,NaN
1182,mehkokop,2025-09-14T16:34:26.000Z,"suntik imunisasi yang blm",https://x.com/mehkokop/status/1967265694049087701,0,0,0,18,NaN
1183,yurikuland,2025-09-14T15:01:30.000Z,"mau disuntik si adek, imunisasi",https://x.com/yurikuland/status/1967242309164257397,0,0,0,33,NaN
1184,miskaaafaf66469,2025-09-14T10:45:19.000Z,"hadeh suruh imunisasi lagi coba siapa tau overdosis obat cacing",https://x.com/miskaaafaf66469/status/1967177837355618350,0,0,0,32,NaN
1185,flow_yyds,2025-09-14T10:31:08.000Z,"Karna selalu di beri asi dan imunisasi    MAMI FUN WITH LENG  #MAMIxLengThanaphon",https://x.com/flow_yyds/status/1967174269739340207,0,0,0,25,NaN
1186,fleursvr,2025-09-14T08:20:37.000Z,"widih as a parent yg spent almost 3jt perbulan buat imunisasi baby doang berarti gw super kaya raya kah goblok marah banget",https://x.com/fleursvr/status/1967141423448551523,0,0,0,56,NaN
1187,yangchandoy,2025-09-14T07:23:29.000Z,"Menyiapkan mental untuk hari senin karena anak anak CKG ketemu dokter dan imunisasi",https://x.com/yangchandoy/status/1967127045785481496,0,0,0,74,NaN
1188,KediriFess,2025-09-14T07:16:16.000Z,"cah aku pendatang di kota kediri, mau imunisasi dpt2 anakku di puskesmas tanpa bpjs gitu bisa ga ya? sama biayanya biasanya berapa ya soalnya kan aku bukan warga asli sini",https://x.com/KediriFess/status/1967125230381580472,0,0,0,1,NaN
1189,Taka_Michie,2025-09-14T06:34:05.000Z,"Imunisasi nya beda mas sama jaman kita",https://x.com/Taka_Michie/status/1967114610831688054,0,0,0,27,NaN
1190,svtsekup,2025-09-14T05:46:42.000Z,"1. Bambam, top, mino, june, johnny, doy 2.   3.   4. terserah mereka, yg penting gue gak tau 5. gak bisa imejin anterin anak imunisasi, akhirnya gue suruh anak gdm buat login akun gue gantiin imejinnya  6. @.sadturxnus 7.   8. scoupshype 9. gak 10.",https://x.com/svtsekup/status/1967102686597443747,0,0,0,62,NaN
1191,_hihihihihi1234,2025-09-14T05:06:23.000Z,"Lu udh imunisasi belum?",https://x.com/_hihihihihi1234/status/1967092543826653299,0,0,0,56,NaN
1192,DeaaginM,2025-09-14T04:31:05.000Z,"Nganter imunisasi sibungsu",https://x.com/DeaaginM/status/1967083660089430495,0,0,0,21,NaN
1193,sisanyawa_,2025-09-14T03:40:05.000Z,"Bukaaan, suntik obat iku loo  koyo nek imunisasi",https://x.com/sisanyawa_/status/1967070824017645895,0,0,0,31,NaN
1194,rizukosmile,2025-09-14T03:27:30.000Z,"Bisa banget bu, nanti juga ada imunisasi lengan berotot jd ga bakalan letoy kalo shake2 cherry ya Bu",https://x.com/rizukosmile/status/1967067658882609324,0,0,0,272,NaN
1195,chippiechan,2025-09-14T03:22:44.000Z,"moms klo imunisasi di posyanyul, dde uchan disuntik imunisasi jenis voting streaming kah?",https://x.com/chippiechan/status/1967066457990410321,0,0,0,72,NaN
1196,rizukosmile,2025-09-14T03:18:19.000Z,"Ibu, anaknya udah di imunisasi BCG belom ya? Jangan lupa ke posyanyul (posyandu tuyul) ya Bu",https://x.com/rizukosmile/status/1967065347502268649,0,0,0,71,NaN
1197,nusabalicom,2025-09-14T02:29:59.000Z,"SATUAN Tugas Imunisasi Ikatan Dokter Anak Indonesia mengingatkan orangtua bahwa anak sudah bisa diimunisasi campak sejak usia 9 bulan, sesuai dengan anjuran Kementerian Kesehatan.",https://x.com/nusabalicom/status/1967053181571207636,0,0,0,39,NaN
1198,Pendam5,2025-09-14T01:12:54.000Z,"Babinsa Bangkalan dukung vaksinasi campak untuk anak di Desa Togubang, tingkatkan kesehatan generasi muda. #TNI #Vaksinasi #Bangkalan #Kesehatan #Imunisasi Simak selengkapnya disini  https://kodam5brawijaya.tni-ad.mil.id/babinsa-bangkalan-dukung-vaksinasi-campak-untuk-anak-di-desa-togubang/…",https://x.com/Pendam5/status/1967033783997411592,0,0,0,48,NaN
1199,yuyaloverr,2025-09-29T14:16:33.000Z,"lucu bgt adik abis imunisasi yah",https://x.com/yuyaloverr/status/1972666816024731677,0,0,0,63,NaN
1200,haeppysunshine,2025-09-29T13:02:01.000Z,"imunisasi dek? uluh uluh plesternya gemoy bgt, cah bagus cah pinter disuntik ndak nangis",https://x.com/haeppysunshine/status/1972648056429613131,0,0,0,35,NaN
1201,songbmingi,2025-09-29T11:24:58.000Z,"Kebetulan udah suntik imunisasi.",https://x.com/songbmingi/status/1972623635367280957,0,0,0,10,NaN
1202,GabriellGany,2025-09-29T10:04:49.000Z,"Pentingnya imunisasi",https://x.com/GabriellGany/status/1972603464330178619,0,0,0,25,NaN
1203,fancythecharles,2025-12-30T12:28:54.000Z,"Kemarin pas kasusnya lagi sedikit ada reagennya untuk serologi rubella dari dinkes. Sekarang lagi banyak begini malah gadikasih? yakin gue pelaporannya juga pasti berantakan. Gimana mau intervensi dengan tepat kalo kek begini.",https://x.com/fancythecharles/status/2005979406196695404,0,0,0,34,NaN
1204,Pras_Nambuan,2025-12-28T18:50:17.000Z,"Batuk & bersin bukan sekadar flu biasa  Bisa jadi rubella kalau belum imunisasi!    #ayosehat #kemenkesri #BIAS2025 #ayoimunisasi #imunisasilengkap #waspadarubella #info #update",https://x.com/Pras_Nambuan/status/2005350610267480361,0,0,0,20,NaN
1205,MojackThePoet,2025-12-28T14:25:36.000Z,"Kawanku program hamil 10 tahun. Penyebabnya Rubella. Penyakit yang serupa adalah Toxoplasma dan CMV.",https://x.com/MojackThePoet/status/2005284001125429444,0,0,0,21,NaN
1206,bokembap,2025-12-25T13:15:29.000Z,"aku cinta rubella",https://x.com/bokembap/status/2004179190875345125,0,0,0,31,NaN
1207,Douused,2025-12-24T14:06:35.000Z,"Hi, Rubella. Izin follow duluan ya!",https://x.com/Douused/status/2003829661378515102,0,0,0,17,NaN
1208,vowedleaf,2025-12-24T03:46:28.000Z,"Hi, Rubella. Pagi ini masih dengerin loml gak?",https://x.com/vowedleaf/status/2003673606438683066,0,0,0,15,NaN
1209,JackWHowarth,2025-12-20T22:12:55.000Z,"The following 10 vaccines would remain: •  DTaP (diphtheria, tetanus, and acellular pertussis) •  Hib (Haemophilus influenzae type b) •  IPV (inactivated poliovirus) •  PCV (pneumococcal conjugate) •  MMR (measles, mumps, and rubella) •  HPV (human papillomavirus) - Grok.",https://x.com/JackWHowarth/status/2002502499828445304,0,0,0,26,NaN
1210,tranquilihty,2025-01-09T05:52:54.000Z,"ㅤ Setelah memasuki ruangan yang sudah disediakan, ia melihat seseorang yang sudah tampak siap memberikan vaksin.  ""Selamat siang, mr elliot"" sapa gabriella menunduk sopan.  @MrElliote  @AH_StMungo ᅠ",https://x.com/tranquilihty/status/1877232058285637800,0,0,0,96,NaN
1211,jondivar,2025-01-08T15:57:34.000Z,"Dari dulu hingga skrg percaya banget sama Wabah buatan dari elite global dan Foundation http://Mr.BG Demi jabatan dan uang.Seperti Covid apalagi vaksin   Menular Cepat di China, Menkes Sebut HMPV Sudah Ada di Indonesia dan Jelaskan Gejalanya https://news.republika.co.id/berita/sppi9e409/menular-cepat-di-china-menkes-sebut-hmpv-sudah-ada-di-indonesia-dan-jelaskan-gejalanya…",https://x.com/jondivar/status/1877021840784191986,0,0,0,88,NaN
1212,yfs199,2025-01-05T23:15:04.000Z,"Dr kecil itu harusnya di vaksin  MR nder ga bisa udah gede dicegah dgn vaksin tetep bisa kena.",https://x.com/yfs199/status/1876044775708938402,0,0,0,490,NaN
1213,waufvle,2025-01-05T22:15:02.000Z,"dari kecil diusahakan harus lengkap imunisasinya nder, untuk cacar air itu namanya vaksin MR. diberikan 2 kali dosis. yg pertama pada bayi usia 9 bulan, yg kedua di usia 18 bulan",https://x.com/waufvle/status/1876029669298037181,0,0,0,691,NaN
1214,mr_adityason,2025-01-05T11:18:24.000Z,"Coba pake logika dikit ya...dikit aja.... Kalo vaksin itu manjur: 1. Konglo dan politisi pd berebut, nimbun malah. 2. Yg ga dpt vax pd semaput, kenyataan malah yg vax yg semaput. Udh gitu aja dulu. Coba bawa merenung kejap.",https://x.com/mr_adityason/status/1875864420943110504,0,0,0,96,NaN
1215,mr_adityason,2025-01-05T01:32:03.000Z,"Lah situ HP nya kurang smart apa otaknya. Udah bnyk yg drop bukti vaksin gak guna di reply masih bilang ,""saya memilih percaya"" dah lah kak, kambing aja ga punya HP tau kok mana rumput mana bungkus indomi",https://x.com/mr_adityason/status/1875716860114825236,0,0,0,658,NaN
1216,Om_Jhon_76,2025-01-03T12:49:06.000Z,"di sekolah anakku yang nota bene swasta di kementrian agama malah klas 3 sd sudah dimulai vaksin hpv. dan itu nantinya setiap tahun juga akan dilakukan vaksinasi lagi disampin MR. dan setiap pelaksanaannya pemberitahuan sehari sebelumnya...bangsat bener tuh sekolah",https://x.com/Om_Jhon_76/status/1875162472199667811,0,0,0,47,NaN
1217,daddyyuki,2025-01-02T07:45:07.000Z,"Peperangan di propaganda melalui perusahaan media dan perusahaan periklanan. Kenapa Vaksin pun di propaganda melalu jalur yang sama dengan Peperangan?  Youtuber mr Koyaki membongkar ada tawaran besar dari periklanan utk promosika vaksin... si A dan si B itu orang² inikah?",https://x.com/daddyyuki/status/1874723582527602980,0,0,0,462,NaN
1218,rizky_maulida19,2025-01-02T07:36:25.000Z,"Gambaran umumnya - Komitmen Pro vet (sakit bawa ke dokter, tidak main dokter""an sendiri) - Pro steril, Pro vaksin - Sanggup kasih makan realfood (ayam / daging rebus di blend) krn mereka suka pol - df nya saat ini Mr Vet, tidak downgrade  - rutin obat cacing, obat kutu Next",https://x.com/rizky_maulida19/status/1874721393516175536,0,0,0,240,NaN
1219,bedazzled_mr,2025-01-01T07:31:50.000Z,"Bener.  Tp sejak vaksin covid, kayak setahun 1x sakit dech. Kecuali 2024 ga masuk RS. Tp sakit² minor ya ada aja sii...  Pingsan berkali² Des 2022-Jan 2023. Sebelumnya ga pernah lemah sedikitpun.  Tp bener. Bertahun² demam bntar udah siap kerja lg",https://x.com/bedazzled_mr/status/1874357853957611619,0,0,0,211,NaN
1220,rizky_maulida19,2025-01-29T06:27:54.000Z,"Tentu nya ada SnK sbg bentuk pertanggungjawaban meneruskan merawat mereka - Komitmen Pro vet (sakit bawa ke dokter, tidak main dokter""an sendiri) - Pro steril, Pro vaksin - Sanggup kasih makan realfood (ayam / daging rebus di blend) krn mereka suka pol - df nya saat ini Mr Vet",https://x.com/rizky_maulida19/status/1884488624517095782,0,0,0,1,NaN
1221,mr_adityason,2025-01-24T13:28:31.000Z,"Anaknya vaksin kak? https://x.com/MissSatyani/st/MissSatyani/status/1882565732275507230…",https://x.com/mr_adityason/status/1882782537405382748,0,0,0,142,NaN
1222,wryntmchtr,2025-01-24T06:00:37.000Z,"Bener kak, sekolah anakku ada juga buat siswi kelas 5-6, klo kelas 1-2 vaksin MR",https://x.com/wryntmchtr/status/1882669816848482479,0,0,0,101,NaN
1223,jondivar,2025-01-23T15:13:23.000Z,"WHO ini lebih takut kepada http://Mr.BG dan Elite global mereka sama2 mensukseskan wabah covid, vaksin, hmpv dan monkeypox agar manusia menderita dan meninggal dunia.  Amerika Serikat Keluar dari WHO, Ini Respons Badan Kesehatan Itu https://liputan6.com/health/read/5891358/amerika-serikat-keluar-dari-who-ini-respons-badan-kesehatan-itu…",https://x.com/jondivar/status/1882446536929665121,0,0,0,79,NaN
1224,jondivar,2025-01-23T14:20:53.000Z,"WHO sudah tdk bagus lagi malah mereka tunduk sama elite global dan http://Mr.BG pemilik foundation maka ini covid, monkeypox, hpmv dan vaksin itu buatan mrk agar mensukseskan bisnis jahat dan mrk menyuap semua pejabat.  https://liputan6.com/health/read/5892597/respons-china-usai-donald-trump-tarik-as-keluar-dari-who?page=2…",https://x.com/jondivar/status/1882433326344212761,0,0,0,118,NaN
1225,jondivar,2025-01-22T07:55:30.000Z,"Sponsor utama utk mensukseskan covid adalah Foundation milik http://Mr.BG dan elite global mereka menyuap Ke organisasi ini agar bs sukses pandemi ini dan menjual virus melalui vaksin..Maka ini Sponsor utama bisa untung ribuan triliun  https://news.detik.com/internasional/d-7742037/langsung-ngegas-di-hari-pertama-trump-tarik-as-keluar-dari-who…",https://x.com/jondivar/status/1881973953859911850,0,0,0,18,NaN
1226,daddyyuki,2025-01-20T11:25:32.000Z,"mr Abe adalah DS yg sadar dan berbalik arah. dia teman dekat D Trump dan mungkin mr Abe sdh dapat info bahwa vaksin ini senjata biologi.  terbukti dari pembicaraan antara anggota dewan Mr Haraguchi dan Mr Koizumi yang bocor ke publik.",https://x.com/daddyyuki/status/1881302034475065405,0,0,0,78,NaN
1227,annourcharity,2025-03-04T13:51:43.000Z,"Ooh malah org2 kebanyakan k RS justru d Suntik Anti Rabies itu berarti Vaksin Rabies yah Mr @daddyyuki  Invermectin Bagus itu d Minum Aman ?",https://x.com/annourcharity/status/1896921499468181901,0,0,0,71,NaN
1228,mr_mama22,2025-03-04T13:15:42.000Z,"Mamat ni bila kes dia nak up? Kabornya akan c19 vaksin. Betul ke? @anwaribrahim  @SPRMMalaysia",https://x.com/mr_mama22/status/1896912435149479979,0,0,0,55,NaN
1229,iizzxxnn,2025-03-26T07:47:34.000Z,"Ade bro , x de vaksin thypoid mcm2 boleh jadi",https://x.com/iizzxxnn/status/1904802393662927348,0,0,0,82,NaN
1230,MR_Nazirule,2025-03-25T23:24:45.000Z,"Kulat ni 1 je sebab. Tak cocok Vaksin Thyphoid. Rasa dah cukup bersih.tapi sebenarnya ada kuman/agent hidup lain masuk sama dlm kek & tak mati kat tangan  Dan 1 lagi,kenapa kek moist samudera ada expired date (1-2mggu) dari tarikh pengeluaran. Sebab dia moist ..lembab dek lembab",https://x.com/MR_Nazirule/status/1904675853809967134,0,0,0,3,NaN
1231,rohmnurul,2025-05-12T06:55:46.000Z,"Tapi apa iya gak ada efek shading dok? , liyat kemarin vaksin MR, anak aku gak ikut vak tetep aja tertular gondongan dari kawannya, dan aku lihat di pencarian fb, ketik gondongan, merata diberbagai daerah pasca vak MR",https://x.com/rohmnurul/status/1921821584542572680,0,0,0,59,NaN
1232,Ferry08008574,2025-05-10T12:15:33.000Z,"Lho bukannya seringkali mr.NATO selalu OMON2 katanya"" SIAP & RELA BERKORBAN DEMI RAKYATNYA"" nah ayo segera di genapi tuh OMON2nya,agar tdk selalu mjd OMON2 NGGEDABRUS tp gak pernah ada realisasinya.nah ini moment yg tepat bagi mr.NATO dgn mjd yg pertama dlm menerima vaksin tsbt",https://x.com/Ferry08008574/status/1921177287602401683,0,0,0,29,NaN
1233,mr_sweet0,2025-05-10T07:36:48.000Z,"mbg uji coba, vaksin tbc uji coba. jadi wni cobaan nya berat banget",https://x.com/mr_sweet0/status/1921107137897398509,0,0,0,75,NaN
1234,WakandaNgutang,2025-05-10T06:42:09.000Z,"Kita harus tetap suarakan kepada masyarakat yg SDH tertipu untuk menuntut pemerintah akibat cidera vaksin bahkan ada banyak ibu2 hamil ASN keguguran saat hamil divaksin saat pandemi berlangsung bahkan disekitar kita sdh banyak keluhan akibat pernah divaksin",https://x.com/WakandaNgutang/status/1921093384501928202,0,0,0,38,NaN
1235,Achmad_Ruyat,2025-05-10T05:53:36.000Z,"Apa anda setuju bila ada Uji klinis, atau clinical trial vaksin TBC? Kemarin datang Mr. Bill Gates ke Indonesia.   #dprri #kemenkesri",https://x.com/Achmad_Ruyat/status/1921081163679989919,0,0,0,53,NaN
1236,bedazzled_mr,2025-05-10T01:41:30.000Z,"Siapakah yg jd 'tikus' percobaan vaksin TBC bikinan BG di Indonesia?  Apakah termasuk para pemimpin pejabat negara, atau ada batasan kualifikasi tertentu?  Pencerahan ya...",https://x.com/bedazzled_mr/status/1921017723728851267,0,0,0,65,NaN
1237,Mr_bagja,2025-05-09T10:17:53.000Z,"Asal tidak ada pemaksaan aja ke masyarakat. Kalau pemaksaan berarti melanggar HAM. Vaksin TBC penting, Indonesia negara nomer 2 penderita TBC terbanyak di dunia.",https://x.com/Mr_bagja/status/1920785285329113529,0,0,0,3,NaN
1238,RickyDiningrat1,2025-05-09T07:33:13.000Z,"Kemenakes ini seperti nya boneka Global untuk membunuh Anak bangsa indonesia,yg saat ini akan menjadi kambing hitam uji coba vaksin TBC,saya sebagia Rakyat indonesia menolak keras vaksin tersebut,di AS tidak di terima,dan begitu juga dgn Rusia di tolak oleh Mr putin",https://x.com/RickyDiningrat1/status/1920743845324534018,0,0,0,73,NaN
1239,gheni113,2025-05-09T03:48:32.000Z,"Prof., we don't quite understand your post. However, we see, watch, and read. Indonesia is becoming a trial vaccine for TB which is said to be the work of Mr. Bill Gates. The Professor has work partners and/or experts in the health field, who notabene are also the best people in",https://x.com/gheni113/status/1920687305452355982,0,0,0,71,NaN
1240,staysaferek,2025-05-09T03:13:47.000Z,"Tiba2 semua buzzer jadi pendukung Mr. Bill Gates Jika benar Indofarma membuat vaksin dan betapa gentingnya TBC, kenapa nunggu Bill Gates yg menyuarakan?  Kenapa why tidak pernah never?  Semudah itu memang, orang asing mempengaruhi rakyat Indonesia..",https://x.com/staysaferek/status/1920678558608806189,0,0,0,744,NaN
1241,staysaferek,2025-05-09T01:35:31.000Z,"The problem is, before his arrival in Indonesia, there were widespread reports that MBG (Mr. Bill Gates) was coming because he praised MBG (Makan Bergizi Gratis).   How come suddenly the TB vaccine became the point of his visit.   Then suddenly this nation became aware of TB...",https://x.com/staysaferek/status/1920653829865173020,0,0,0,106,NaN
1242,khusnul_maad,2025-05-08T11:44:19.000Z,"Rakyat Indonesia berkesempatan menjadi ""kelinci Percobaan"" bagi Laboratorium Vaksin milik Mr. Bill Gates  Semoga Allah SWT memuliakan Rakyat Indonesia dengan kesehatan yang prima",https://x.com/khusnul_maad/status/1920444649728102451,0,0,0,166,NaN
1243,sudigyo_digdo,2025-05-08T10:04:04.000Z,"Tenang mas.. Mudah2an kaum mereka aja yg jadi ujicoba vaksin TBC.. mau liat efek samping nya gmna...",https://x.com/sudigyo_digdo/status/1920419420750619109,0,0,0,46,NaN
1244,adi2576,2025-05-08T08:46:10.000Z,"Tenang ,,, yg pertama dan utama dijadikan kelinci percobaan vaksin adalah Presiden dan seluruh kabinetnya serta keluarganya, juga semua anggota DPR RI dan keluarganya, nanti kita liat sesudah divaksin mr.BillGates mrk masih bisa mati apa ngga?",https://x.com/adi2576/status/1920399818947485908,0,0,0,60,NaN
1245,KYS_02buzzers,2025-05-08T08:26:22.000Z,"Pilihan mereka menggenosida kita,  1000 org keracunan MBG  What's next ? Ujicoba vaksin ??",https://x.com/KYS_02buzzers/status/1920394834998698174,0,0,0,67,NaN
1246,DoankWarto,2025-05-08T08:23:34.000Z,"Presiden ķita Mr. Prabowo diakali kok nurut saja ya ?  Yang dapat untung jelas Singapura, Indonesia bisa buntung karena hanya dipilih sbg  tempat uji coba vaksin   Bagaimana kalau uji coba vaksin TBC gagal, siapa yg kena dampaknya?",https://x.com/DoankWarto/status/1920394129722282243,0,0,0,752,NaN
1247,bloodpr38214983,2025-05-24T00:32:52.000Z,"Ini vaksin TBC atau MR",https://x.com/bloodpr38214983/status/1926073879157494147,0,0,0,247,NaN
1248,mr_giangacor,2025-05-23T03:17:50.000Z,"Kasus ijazah jokowie untuk menutupi kasus uji coba vaksin TBC ini",https://x.com/mr_giangacor/status/1925753006177260011,0,0,0,37,NaN
1249,adi062002,2025-05-19T15:37:33.000Z,"Bukn krna vaksin??",https://x.com/adi062002/status/1924489613500092742,0,0,0,15,NaN
1250,Mr_McClaus306,2025-06-04T23:08:57.000Z,"Gua yg dah vaksin 2x dan minum produk jualan emak gua bilek:",https://x.com/Mr_McClaus306/status/1930401416625172593,0,0,0,31,NaN
1251,satulobang,2025-06-03T07:39:09.000Z,"Itu bukan vaksin...",https://x.com/satulobang/status/1929805037120970752,0,0,0,49,NaN
1252,kretekmantab,2025-06-02T18:03:41.000Z,"Tapi cari investor asing, penasehat danantara asing, beli alutsista asing, hutang asing, kelinci percobaan vaksin asing, manut sama mr president trump asing jg",https://x.com/kretekmantab/status/1929599819200581903,0,0,0,61,NaN
1253,mr_giangacor,2025-06-02T08:50:28.000Z,"Osang asing terus yg dibicarakan...tapi dia sendiri menjual rakyatnya jd kelinci percobaan vaksin TBC",https://x.com/mr_giangacor/status/1929460594484396290,0,0,0,34,NaN
1254,cikfyrasyg,2025-07-27T23:37:26.000Z,"install thread sbb twitter and instagram macam dah boring. lahhh lagi sakit kepala baca thread…  awal2 pagi dah jumpa org post tanya boleh ke nak tipu tarikh LMP..  pastu ada yg kata takut nk ambil vaksin MR tu sbb SN dia kata stok limited while vaksin tu dah lama wujud",https://x.com/cikfyrasyg/status/1949615140921557215,0,0,0,101,NaN
1255,bernamadotcom,2025-08-13T14:47:07.000Z,"Liputan vaksin menerusi MR SIA di Melaka capai 49.2 peratus   https://bernama.com/bm/am/news.php?id=2456370…   #BernamaNews",https://x.com/bernamadotcom/status/1955642277722005923,0,0,0,1,NaN
1256,zvti_,2025-08-12T13:31:08.000Z,"Anak korang dah cucuk vaksin MR ke?",https://x.com/zvti_/status/1955260767407681744,0,0,0,216,NaN
1257,athirahszl_,2025-08-11T13:37:36.000Z,"Done book appointment untuk cucuk vaksin tambahan MR untuk Adeera",https://x.com/athirahszl_/status/1954900006726685042,0,0,0,115,NaN
1258,rararep,2025-08-09T09:45:25.000Z,"Iiissshhh gatau kali vaksin MR ada di Posyandu. Malah bayar di dsa sejokut",https://x.com/rararep/status/1954116801467736414,0,0,0,55,NaN
1259,mimidahramping,2025-08-08T09:27:38.000Z,"Anak aku dah ambil vaksin MR. Kalian bila? Hestek probeksin.",https://x.com/mimidahramping/status/1953749935180099719,0,0,0,60,NaN
1260,MissMyaDaria,2025-08-08T03:33:17.000Z,"Kembali lagi dalam episod jgn cucuk vaksin MR booster tu",https://x.com/MissMyaDaria/status/1953660759625675033,0,0,0,84,NaN
1261,syknhsri,2025-08-06T15:25:31.000Z,"Hot topic plak pasal vaksin MR nie eh",https://x.com/syknhsri/status/1953115225722610136,0,0,0,55,NaN
1262,Koramilngargoy2,2025-08-06T12:27:09.000Z,"Kopka La Sarifin Babinsa desa Dukuh anggota Koramil 09/Ngargoyoso  melaksanakan Giat pemantauan dan pendampingan imunisasi anak putaran satu dari tim kesehatan puskesmas Ngargoyso DPP dr Muhammad Nur Sidiq sasaran anak kalas I dan V jenis Vaksin MR.",https://x.com/Koramilngargoy2/status/1953070339451469834,0,0,0,65,NaN
1263,mr_adityason,2025-08-30T01:45:33.000Z,"Sapa yg bawa2 vaksin",https://x.com/mr_adityason/status/1961606183833284791,0,0,0,31,NaN
1264,littlemelon__,2025-08-28T11:00:01.000Z,"Rezeki lah hari ni datang vaksin MR pastu nurse bg sekali ubat cacing. Dah banyak hari dah tertangguh2 nak beli ubat cacing.",https://x.com/littlemelon__/status/1961020941275979891,0,0,0,71,NaN
1265,BuTedj0,2025-08-27T11:43:18.000Z,"Min itu yg gratis vaksin MR doang. Kalo mau MMR pake biaya pribadi.",https://x.com/BuTedj0/status/1960669447305486413,0,0,0,1,NaN
1266,iqbaltsafmanda,2025-10-01T04:37:32.000Z,"Baru tau kalo vaksin MR perih banget anjrittttttt!!!!!",https://x.com/iqbaltsafmanda/status/1973245876106829890,0,0,0,64,NaN
1267,KKMPutrajaya,2025-11-27T10:51:22.000Z,"𝐏𝐞𝐧𝐜𝐚𝐩𝐚𝐢𝐚𝐧 𝐈𝐦𝐮𝐧𝐢𝐬𝐚𝐬𝐢 𝐌𝐑 & 𝐌𝐌𝐑 𝐊𝐚𝐧𝐚𝐤-𝐊𝐚𝐧𝐚𝐤 𝐝𝐢 𝐒𝐚𝐛𝐚𝐡  Sebanyak 146,884 kanak-kanak berumur 6 bulan hingga 5 tahun di seluruh negeri Sabah telah menerima vaksin MR dan MMR sebagai langkah meningkatkan perlindungan terhadap penyakit",https://x.com/KKMPutrajaya/status/1993996061623636057,0,0,0,5,NaN
1268,clauuuudyy,2025-11-21T23:06:21.000Z,"Wajibbbb!!!!! Bahkan wktu jaman vaksin MR langka gw sampe bela2in ke sg buat vaksin. Segitu pentingnya vaksin tuh",https://x.com/clauuuudyy/status/1992006699096621319,0,0,0,69,NaN
1269,S_petualang_pi,2025-01-12T05:25:07.000Z,"Founder FB pun dipaksa untuk mentakedown informasi tentang efek samping vaksin",https://x.com/S_petualang_pi/status/1878312230288298111,0,0,0,1,NaN
1270,mulkanjabariyan,2025-01-11T07:21:52.000Z,"Kita dr sblm masa vaksin sdh sring mengingatkan ttg efek samping vaksin dn bhayanya, tp selalu dibilang pnyebar hoax",https://x.com/mulkanjabariyan/status/1877979223677374830,0,0,0,200,NaN
1271,pureblood_4ever,2025-01-11T00:56:43.000Z,"Mark Zuckerberg (pemilik Meta) mengaku dipaksa hapus pembicaraan tentang efek samping vaksin",https://x.com/pureblood_4ever/status/1877882297774710940,0,183,319,20,NaN
1272,gunawandvd,2025-01-10T07:00:07.000Z,"Vaksin covid yang menggunakan mRNA sekarang mulai terbukti memberikan efek samping yang mematikan.",https://x.com/gunawandvd/status/1877611361326305720,0,0,0,57,NaN
1273,dodoyiie,2025-01-10T05:18:58.000Z,"mungkin efek samping vaksin",https://x.com/dodoyiie/status/1877585904803656186,0,0,0,67,NaN
1274,LtdAkbar,2025-01-09T15:50:12.000Z,"Disini Threshold jg hrs ada. Misal 60 orang dr 100 org TDK terinfeksi. Kl kurang dr itu, hrs diselidiki: apkh vaksinnya yg tdk manjur utk virus yg spesifik, ataukah virusnya SDH bermutasi shg vaksin tdk manjur LG. Kl itu terlampaui, msk ke efek samping dan faktor lain dg tahapan2",https://x.com/LtdAkbar/status/1877382372955664754,0,0,0,130,NaN
1275,LtdAkbar,2025-01-09T15:50:11.000Z,"mulai ada Threshold. Mis dr 100 yg disuntikan hrs ada 60 yg mempunyai antibodi tsb. Ini diluar dr efek samping dulu dan pengaruh lainnya. Baru masuk tahap 3. 3. Apakah antibodi yg terbentuk itu benar2 melindungi? Disini terbagi 2: kemanjuran vaksin dan virus itu sendiri",https://x.com/LtdAkbar/status/1877382369692221695,0,0,0,122,NaN
1276,anndervaay,2025-01-09T13:34:59.000Z,"bisa jd turunan dr induk kalo gejala gini tuh (cmiiw). buat skrg, mending lanjutin makanan recovery sama vitamin, krn kalo gini emg obat pun paling buat ngurangin gejala aja. kalo kata drh fix krn efek samping vaksin kak tp?",https://x.com/anndervaay/status/1877348344869142889,1,0,0,45,NaN
1277,anndervaay,2025-01-09T12:53:33.000Z,"abis itu minum virbac 2 hari sekali. nah dia pertama vaksin tuh umur 4/5blnan krn stray, vaksin nextnya pas dia umur 3 thn kata adopternya, terus gaada efek samping tp bisa diskusiin sama vet dulu yaa. kalo yg aku lakuin sih alhamdulillah bikin dia gak pucet dan berhenti muntah",https://x.com/anndervaay/status/1877337916953051510,0,0,0,31,NaN
1278,anndervaay,2025-01-09T10:49:34.000Z,"gak apa2 kaa, vaksin itu sebenernya ya kayak di manusia kan, walau jarang tp ada yg kena efek samping. asal mpusnya indoor insyaallah aman, tp mungkin bisa coba vaksin lg kalo kucingnya udh lebih tua. skrg fokus naikin trombosit ajaa sama recoverynya",https://x.com/anndervaay/status/1877306717442056575,0,0,0,55,NaN
1279,hizbnashor,2025-01-08T17:55:25.000Z,"Efek samping merk2 vaksin termasuk pfizer jadi ladang bisnis",https://x.com/hizbnashor/status/1877051495998165106,0,0,0,91,NaN
1280,Hendar_Wei,2025-01-08T14:37:10.000Z,"Siapa lagi sekarang yg mau maenan vaksin..?? Kemaren jaman mulyono bangke, yg maen LuluapadaBisaPikirin sendiri siapa bangke nya..  Rakyat dijejelin vaksin dgn efek samping yg kemana mana.. Dia yg nikmatin cuan nya, dgn tameng hukum ga bisa dituntut di kemudian hari.. Bangkee....",https://x.com/Hendar_Wei/status/1877001607734239516,0,0,0,34,NaN
1281,ruzqina,2025-01-08T08:05:23.000Z,"Kalian ada kenalan gak yg setelah vaksin dan sekian lama susah punya keturunan/keguguran/bayi mati tanpa sebab jelas?  Gw penasaran sama case ini selain efek samping yg udah disebutin tsb, karena banyak yg ngomong",https://x.com/ruzqina/status/1876903009755553794,0,0,0,144,NaN
1282,SiBolang135,2025-01-07T23:03:49.000Z,"Abis itu suntik vaksin lagi,dalam jangka beberapa tahun baru ada pemberitahuan kalo efek samping vaksin memperpendek umur",https://x.com/SiBolang135/status/1876766722062962784,0,0,0,20,NaN
1283,apergian,2025-01-07T21:29:18.000Z,"Karena peraturan mengekang &  dananya ada, maka pandemi ke 2 akan segera dilaksanakan.....buat yang mau di vaksin lagi silahkan....saya mah dari awal nolak vaksinasi karena efek samping berbahaya, niscaya Indonesia bubar",https://x.com/apergian/status/1876742936118919435,0,0,0,3,NaN
1284,ArgubiSaki8524,2025-01-07T13:59:01.000Z,"Efek samping vaksin impor ternyata mengerikan y dok.dzolim mereka semua yg sama aja beri racun pd rakyatnya",https://x.com/ArgubiSaki8524/status/1876629615307010479,0,0,0,1,NaN
1285,MrElliote,2025-01-07T10:49:27.000Z,"ㅤ “Sebentar lagi pasti hilang.” Ia menuliskan beberapa catatan ke dalam kartu vaksin. “Tentu. Sebelum itu, saya hendak memberikan beberapa catatan. Apabila ada efek samping seperti demam, mual, kesulitan bernafas, atau kesehatan menurun drastis lainnya bisa kembali kemari.” ㅤ",https://x.com/MrElliote/status/1876581909444415875,0,0,0,90,NaN
1286,blue_berets7,2025-01-30T01:37:45.000Z,"Hepatitis yang diinduksi VAIDS hanyalah satu dari 10 halaman efek samping frankenstein yang diberikan oleh vaksin pfizer....",https://x.com/blue_berets7/status/1884777990275674501,0,0,0,966,NaN
1287,ChxnAbrams,2025-01-25T17:26:10.000Z,"efek samping vaksin bjir",https://x.com/ChxnAbrams/status/1883204731742695469,0,0,0,25,NaN
1288,m4s4g03s,2025-01-16T05:15:15.000Z,"Separah itukah efek samping vaksin mRNA ? https://x.com/SageListener/s/SageListener/status/1879144318579179609…",https://x.com/m4s4g03s/status/1879759298282279102,0,0,0,21,NaN
1289,samoodraa,2025-02-12T14:41:32.000Z,"Yg bilang efek samping vaksin hepatitis cuma pegel2 doang pengen gw sumpel pake cabe giling sepuluh kilo Ini badan bukan pegel bjir, tapi ngilu kek osteoporosis",https://x.com/samoodraa/status/1889686278402351120,0,0,0,97,NaN
1290,MrElliote,2025-02-07T08:00:53.000Z,"ㅤ “Betul. Sebentar lagi hilang.” Ia menuliskan beberapa catatan ke dalam kartu vaksin. “Sebelum pulang, saya hendak memberikan beberapa catatan. Apabila ada efek samping seperti demam, mual, kesulitan bernafas, atau kesehatan menurun drastis lainnya bisa kembali kemari.” ㅤ",https://x.com/MrElliote/status/1887773514566148510,0,0,0,79,NaN
1291,_Banyoe,2025-02-06T18:28:45.000Z,"Bagaimana bisa disebut BODOH?! Virusnya saja tidak pernah diisolasi & tidak terbukti dimanapun keberadaannya hingga hari ini sementara vaksin yang mereka sediakan beresiko memicu ribuan efek samping bahkan membawa kematian apabila disuntikkan.",https://x.com/_Banyoe/status/1887569132113260878,0,0,0,14,NaN
1292,GusTigaKilogram,2025-02-05T21:31:10.000Z,"Siti Fadilah Supari bongkar kebohongan vaksin:  *seluruh dunia yang vaksin cuma 30%  *penelitian di jepang efek vaksin mengakibatkan 201 penyakit  *banyak jurnal2 internasional membahas ttg efek samping vaksin  *vaksin tidak bisa menghentikan pandemi",https://x.com/GusTigaKilogram/status/1887252651546714292,0,0,0,33,NaN
1293,HadyaTamyiez,2025-02-02T00:40:56.000Z,"Penggunaan mestrual cup bagi ciwi2 yg belum pernah HS apa aman? Kan masih ada selaput dara nya...  Setelah tau suntik HPV ada efek samping (spt halny vaksin covid yg memyebabkan angka penderita autoimun, diabetes, pengentalan darah meningkat) selagi yakin--",https://x.com/HadyaTamyiez/status/1885850859009191994,0,0,0,684,NaN
1294,detikHealth,2025-06-13T09:25:00.000Z,"Pemerintah akan memperluas vaksinasi HPV DNA untuk usia 20 tahun ke atas mulai 2027, setelah menyelesaikan target untuk anak-anak dan remaja.",https://x.com/detikHealth/status/1933455552773870063,0,0,0,269,NaN
1295,mqfmbandung,2025-06-05T00:43:17.000Z,"Inspirasi Pagi - Bincang Kesehatan  ""Mitos VS Fakta Seputar Vaksinasi""  Bersama : dr. Rachelia Intan | Dokter Umum di Klinik Utama Ibu & Anak Jasmine MQ Medika  https://youtube.com/live/AkACbBjZhg4?si=qR5OTJine5ivDU03…",https://x.com/mqfmbandung/status/1930425157769892011,0,0,0,429,NaN
1296,erlinaburhan,2025-06-03T06:43:23.000Z,"Salah satu titik krusial adalah vaksinasi. Vaksin BCG yang kita kenal saat ini memang sudah digunakan sejak 1921, dan cakupan di Indonesia pun cukup tinggi.   Tapi ada batasnya. Vaksin ini hanya efektif melindungi anak-anak dari TB berat.",https://x.com/erlinaburhan/status/1929791001595679044,0,0,0,208,NaN
1297,BogorDinkes,2025-06-03T01:27:31.000Z,"Dipandu oleh:  dr. Raymond P Adimihardja, M.Kes.AAAM (Moderator)  dr. Asih Budi Utami, M.Kes.AAAM (MC)  Talkshow ini menjadi momen penting untuk meningkatkan kesadaran orang tua akan pentingnya vaksinasi PCV sebagai langkah pencegahan pneumonia pada anak usia dini.",https://x.com/BogorDinkes/status/1929711510806581663,0,0,0,56,NaN
1298,MiraninonLita,2025-06-01T12:01:14.000Z,"AS Hentikan Rekomendasi Vaksinasi covid utk anak-anak sehat dan wanita hamil !!!",https://x.com/MiraninonLita/status/1929146214936641916,0,0,0,211,NaN
1299,MiraninonLita,2025-06-01T08:56:43.000Z,"AS Hentikan Rekomendasi Vaksinasi covid utk anak-anak sehat dan wanita hamil !!!",https://x.com/MiraninonLita/status/1929099781718016309,0,0,0,330,NaN
1300,MiraninonLita,2025-06-01T08:01:43.000Z,"AS Hentikan Rekomendasi Vaksinasi covid utk anak-anak sehat dan wanita hamil !!!",https://x.com/MiraninonLita/status/1929085940309397982,0,0,0,361,NaN
1301,MiraninonLita,2025-06-01T05:59:40.000Z,"AS Hentikan Rekomendasi Vaksinasi covid utk anak-anak sehat dan wanita hamil !!!   https://youtu.be/axAN_t3rOJs?si=v7FYX1hcVQEsYZsU…",https://x.com/MiraninonLita/status/1929055225941197258,0,0,0,142,NaN
1302,MiraninonLita,2025-06-01T05:58:48.000Z,"AS Hentikan Rekomendasi Vaksinasi covid utk anak-anak sehat dan wanita hamil !!!",https://x.com/MiraninonLita/status/1929055007585824884,0,0,0,398,NaN
1303,MiraninonLita,2025-06-01T05:39:40.000Z,"AS  HENTIKAN REKOMENDASI Vaksinasi covid utk anak-anak sehat dan wanita hamil.",https://x.com/MiraninonLita/status/1929050190344061211,0,0,0,235,NaN
1304,MiraninonLita,2025-06-01T05:26:59.000Z,"AS Hentikan Rekomendasi Vaksinasi covid utk anak-anak sehat dan wanita hamil  !!!",https://x.com/MiraninonLita/status/1929047002244874388,0,0,0,216,NaN
1305,MiraninonLita,2025-06-01T05:22:38.000Z,"AS Hentikan Rekomendasi Vaksinasi covid utk anak-anak sehat dan wanita hamil  !!!",https://x.com/MiraninonLita/status/1929045905505923246,0,0,0,40,NaN
1306,MiraninonLita,2025-06-01T05:15:40.000Z,"HOLD THE LINE  !!!  AS Hentikan Rekomendasi Vaksinasi covid utk anak-anak sehat dan wanita hamil.    https://youtu.be/axAN_t3rOJs?si=v7FYX1hcVQEsYZsU…",https://x.com/MiraninonLita/status/1929044153985556689,0,0,0,77,NaN
1307,Adv_ERAT,2025-07-14T04:23:54.000Z,"Menyelidiki hubungan antara infeksi SARS-CoV-2, vaksinasi COVID-19, dan penyakit autoimun pada populasi anak: analisis komprehensif  STOP RACUNi WNI dan Anak-Anak  CC: Presiden R.I. Bapak @prabowo @pongrekundharma @Dharma_bicara @dpbicarafakta",https://x.com/Adv_ERAT/status/1944613803196367236,0,0,0,38,NaN
1308,TedInvestigasi,2025-07-12T09:44:02.000Z,"SEBUAH STUDI BESAR TERHADAP 493.705 ANAK MENUNJUKKAN PENINGKATAN RISIKO 23% MENGALAMI PENYAKIT AUTOIMUN SETELAH VAKSINASI COVID-19  23% PENINGKATAN RISIKO ~9 Bulan Setelah Vaksinasi",https://x.com/TedInvestigasi/status/1943969590515843399,0,0,0,1,NaN
1309,Kittyiswittie,2025-07-09T16:58:31.000Z,"18. Vaksinasi anak anak desa",https://x.com/Kittyiswittie/status/1942991768141934970,0,0,0,219,NaN
1310,MiraninonLita,2025-07-08T05:58:33.000Z,"@grok Di negara mana saja  vaksinasi anak tidak mandatory untuk bisa sekolah ?",https://x.com/MiraninonLita/status/1942463295967093007,0,0,0,124,NaN
1311,blue_berets7,2025-07-08T03:59:23.000Z,"Vaksinasi Anak Bakal Jadi Syarat Pendaftaran Murid Baru. Kemenkes BGS mulai gelar skrining Kesehatan utk 53 Juta Siswa Akan Jalani Cek Kesehatan Gratis Mulai Juli 2025",https://x.com/blue_berets7/status/1942433305523286464,0,0,0,1,NaN
1312,penjagamenara,2025-07-06T05:46:31.000Z,"Baby boomer yg tua2 banyak yg ud lewat, akibat efek vaksinasi utk yg tua2 ktnya. Gen skr takut nikah, ga mau punya anak. Takut dgn biaya.",https://x.com/penjagamenara/status/1941735492036460931,0,0,0,41,NaN
1313,RajamediaIDN,2025-07-03T13:26:09.000Z,"Kapolri dan Gubernur Banten tinjau Bakti Kesehatan & Donor Darah KSPSI di PT Adis.  Ratusan buruh ikut serta.  Vaksinasi, vitamin, cek mata hingga santunan anak yatim.  Listyo Sigit: Sinergi Polri dan buruh harus terus diperkuat! #HariBhayangkara79 https://rmbanten.com/berita/kolaborasi-polri-kspsi-perkuat-kesehatan-buruh-pemprov-banten-dukung-penuh…",https://x.com/RajamediaIDN/status/1940763997063819577,0,0,0,69,NaN
1314,kompascom,2025-07-02T00:49:56.000Z,"Penularan TBC terjadi lewat droplet udara saat penderita batuk atau bersin. Meski bisa menyerang siapa saja, orang dewasa menjadi penyebar utama karena kapasitas paru dan kekuatan batuknya lebih besar dibandingkan anak-anak.  ~MD #Tuberkulosis #Vaksinasi",https://x.com/kompascom/status/1940211303689437203,0,0,0,1,NaN
1315,banposofficial,2025-08-29T06:13:40.000Z,"Dokter Anak: Vaksinasi Masih Jadi Langkah Utama Pencegahan Penyakit Campak",https://x.com/banposofficial/status/1961311270591992038,0,0,0,16,NaN
1316,radarmadiunweb,2025-08-28T11:33:17.000Z,"Wabah campak di Sumenep kini meluas ke Pamekasan. Satu anak meninggal, 123 anak positif, Pemprov Jatim kerahkan ratusan vaksinator.",https://x.com/radarmadiunweb/status/1961029316600291679,0,0,0,28,NaN
1317,LPDP_RI,2025-08-28T11:16:03.000Z,"Topik-topik riset Tania selama ini meliputi pengembangan metode diagnosis filariasis, studi imunologi anak, vaksinasi, serta surveilans COVID-19. Keluar masuk di daerah terpencil dan terluar telah menjadi bagian dari kehidupannya melakukan penelitian, penanganan dan penyuluhan.",https://x.com/LPDP_RI/status/1961024977878327458,0,0,0,64,NaN
1318,e100ss,2025-08-28T07:43:24.000Z,"UNICEF Dorong Vaksinasi Anak Merata untuk Cegah KLB Campak Seperti Sumenep",https://x.com/e100ss/status/1960971461193294205,0,0,0,3,NaN
1319,rahmat3prawira,2025-08-28T02:36:29.000Z,"Meluasnya penyakit campak ini sebenarnya bisa dicegah dengan melakukan vaksinasi dua dosis:  Dosis pertama biasanya diberikan saat anak usia 12-15 bulan. Dan dosis kedua saat usia 4-6 tahun (sebelum usia masuk sekolah).  2 dosis vaksinasi ini menjamin 97% perlindungan dari campak",https://x.com/rahmat3prawira/status/1960894224343425134,0,0,0,222,NaN
1320,Heavenlypuff,2025-08-28T00:26:09.000Z,"Pak Anies support vaksinasi loh, yuk anaknya divaksin, kasian kalo enggak. Bapaknya gak divaksin gak papa, tapi untuk anak jangan gitu yah.",https://x.com/Heavenlypuff/status/1960861424303137215,0,0,0,456,NaN
1321,ohyoursunshine_,2025-08-27T16:06:40.000Z,"Di tempat saya juga menghindari kejadian ini ada vaksinasi campak untuk anak 9 bulan - 59 bulan tanpa memandang status vaksin lengkap/tidak lengkap dok.. itu masih aja banyak yg gak mau",https://x.com/ohyoursunshine_/status/1960735725584060571,0,0,0,141,NaN
1322,kamehamehauhuy,2025-08-27T12:39:03.000Z,"Dari lahir udah di vaksin lengkap, Insyaallah nanti kalau punya anak pasti akan di vaksinasi.. Jaman Nabi memang gada vaksin, tp jaman dulu penyakitnya ga separah sekarang..",https://x.com/kamehamehauhuy/status/1960683476644192294,0,0,0,358,NaN
1323,TRTindonesia,2025-08-27T11:30:15.000Z,"Pemerintah Indonesia meluncurkan vaksinasi campak massal di Sumenep targetkan 78.000 anak setelah wabah menewaskan 17 dari lebih 2.000 anak yang terinfeksi. Kampanye ini bertujuan menutup kesenjangan vaksinasi, cakupan nasional baru 72% dan beberapa provinsi masih di bawah 50%.",https://x.com/TRTindonesia/status/1960666164696072688,0,0,0,61,NaN
1324,tisadati,2025-08-27T11:15:55.000Z,"Maaf min, kalau tinggal di kabupaten & stok vaksin ketika ada imunisasi posyandu habis & ketika vaksinasi kondisi anak sdg demam, kebanyakan banyak yang di tunda dg dalih nanti ketika anak berada di tingkat Sekolah Dasar akan ada vaksinasi lanjutan di sekolah. Coba konfirmasi.",https://x.com/tisadati/status/1960662556286312944,0,0,0,1,NaN
1325,v_vyrsha,2025-08-27T11:07:56.000Z,"Kasian y sm anak2 Anda  Pnya Bpk sbgini egois, ank pnya hak utk tumbuh sehat jauh dr penyakit tu slh 1 ikhtiarnya dg vaksinasi dasar GRATIS dr pemerintah! kl sm anak aj ud zolim gni, g takut pertanggungjawaban di akhirat kelak sm yg PUNYA ANAK?  ank tu TITIPAN, bkn HAK MILIK!",https://x.com/v_vyrsha/status/1960660549144076306,0,0,0,485,NaN
1326,ConversationIDN,2025-08-27T09:41:51.000Z,"Jadi, kamu sendiri percaya sama vaksin enggak?  Sumber:   https://theconversation.com/campak-kenapa-who-menyatakannya-sebagai-ancaman-global-yang-segera-datang-198304…    https://theconversation.com/covid-19-tiba-di-indonesia-riset-penolakan-vaksinasi-menurun-drastis-saat-wabah-terjadi-132018…   https://theconversation.com/krisis-kepercayaan-penyebab-cakupan-imunisasi-anak-indonesia-menurun-5-tahun-terakhir-107900…",https://x.com/ConversationIDN/status/1960638884112417048,0,0,0,3,NaN
1327,artmoosphere,2025-09-14T15:28:03.000Z,"Up to 10, jadi nakes eksternal di dinkes. Ngurusin covid, vaksinasi, gizi anak sama stunting, tapi dikirim me pinggiran Jawa Barat wkwk.",https://x.com/artmoosphere/status/1967248991248347479,0,0,0,19,NaN
1328,LanudSupadio,2025-09-12T06:50:07.000Z,"Lanud Supadio Hadir Dampingi Vaksinasi, Wujud Peduli Kesehatan Anak Bangsa",https://x.com/LanudSupadio/status/1966393871358964024,0,0,0,32,NaN
1329,idai_tweets,2025-09-10T12:20:07.000Z,"Mari bersama tingkatkan kesadaran, lakukan pemeriksaan, dan lengkapi vaksinasi anak sejak dini  #PekanPeduliHepatitisB #IDAI #IndonesianPediatricSociety",https://x.com/idai_tweets/status/1965752141878001767,0,0,0,67,NaN
1330,HalodocID,2025-09-10T09:19:24.000Z,"Halodoc juga selalu siap sedia mendukung perjalanan new mom, mulai dari konsultasi dokter anak & laktasi, produk suplemen ASI booster, vaksinasi anak hingga layanan panggil bidan ke rumah. Semua bisa mom akses dengan mudah lewat Halodoc~",https://x.com/HalodocID/status/1965706665417994746,0,0,0,350,NaN
1331,majalahsunday,2025-09-08T02:23:04.000Z,"Masih dengar rumor vaksin bikin cacat? Itu hoaks! Dokter anak menegaskan vaksinasi tetap jadi pencegah utama campak. Faktanya, justru campak bisa memicu komplikasi serius seperti radang paru-paru dan otak. Percaya sains, bukan isu liar!",https://x.com/majalahsunday/status/1964877115205341350,0,0,0,84,NaN
1332,newsandalas,2025-09-06T05:02:19.000Z,"Di Indonesia, vaksinasi HPV kini direkomendasikan untuk anak perempuan, remaja, hingga dewasa muda, bahkan telah menjadi bagian dari program imunisasi nasional.  Selengkapnya",https://x.com/newsandalas/status/1964192413968400669,0,0,0,68,NaN
1333,MiraninonLita,2025-09-05T08:17:30.000Z,"BILL GATES harus tanggung jawab !!! ""THE SWITCH"" 2016, mengganti OPV trivalent ke bivalent untuk hilangkan tipe2 setelah wild type2 eradikasi. Namun krn cakupan vaksinasi rendah di beberapa wilayah, cVDPV2 MENYEBAR, SEBABKAN >3.300 ANAK LUMPUH DI 53NEGARA",https://x.com/MiraninonLita/status/1963879147333399043,0,0,0,205,NaN
1334,MiraninonLita,2025-09-05T08:10:28.000Z,"BILL GATES merencanakan, melaksanakan ""the switch"" 2016, mengganti OPV trivalent ke bivalent utk hilangkan tipe2 setelah wild type2 eradikasi. Namun krn cakupan vaksinasi rendah di beberapa wilayah, cVDPV2 MENYEBAR, SEBABKAN >3.300 ANAK LUMPUH DI 53NEGARA",https://x.com/MiraninonLita/status/1963877375713673530,0,0,0,38,NaN
1335,kana_ngurah,2025-09-04T04:32:31.000Z,"Klo cari uang enaknya korupsi dana haji.  Klo jdi guru itu serba salah. Malahan anak anak di sekolah bukan nya fokus dpt plajaran tp malah jdi target vaksinasi setiap tahun.",https://x.com/kana_ngurah/status/1963460142403559908,0,0,0,18,NaN
1336,wanalokadotcom,2025-09-02T16:18:27.000Z,"KLB Campak, Perluas Vaksinasi karena Risiko Penularan terhadap Anak Lebih Besar #Campak",https://x.com/wanalokadotcom/status/1962913018481930717,0,0,0,21,NaN
1337,yeanaguste,2025-09-02T07:57:15.000Z,"Buka folder lama trus nemu surat edaran dari kampus buat jadwal vaksinasi semua anak Mapro yg PKPP bulan feb 2022. Kampusku baek bener yah. Sayangnya waktu itu lagi di luar pulau jd vaksinasi di kota asal. Thx kampusku",https://x.com/yeanaguste/status/1962786886235443553,0,0,0,78,NaN
1338,burhan_infinity,2025-09-01T07:13:52.000Z,"Bulan ini jan menyala kerjoanku  Posyandu sampe minggu ke 2 Minggu ke 3 vaksinasi ratusan dan sweeping Minggu ke 4 nggarap laporan vaksinasi anak se abreg juga laporan posyandu dan penyakit” Disela” itu jga piket sore malam  Jadi mohon maaf kalau slowresp Kecuali dm dia",https://x.com/burhan_infinity/status/1962413582857236853,0,0,0,496,NaN
1339,MediaVoi,2025-09-29T13:55:48.000Z,"Laporan CDC: Lebih Banyak Anak Meninggal atau Sakit Parah Akibat Flu di Tengah Menurunnya Tingkat Vaksinasi https://ift.tt/qG8x6rD",https://x.com/MediaVoi/status/1972661592958353698,0,0,0,8,NaN
1340,desa_padasuka,2025-09-29T11:46:10.000Z,"Sabtu, 27 September 2025  Aula Desa Padasuka  Pertemuan rutin bulan ini memaparkan mengenai Pemeriksaan Kesehatan Anak Terintegrasi, Vaksinasi Kanker : Kanker Serviks & Kanker Payudara dan 25 Keterampilan Dasar Layanan  Kader Kesehatan bagi Kesehatan Masyarakat.",https://x.com/desa_padasuka/status/1972628969091748219,0,0,0,58,NaN
1341,GreatEastern_ID,2025-09-26T03:36:01.000Z,"Vaksinasi ini dianjurkan untuk:  Anak usia 9–14 tahun  Perempuan usia 19–45 tahun  Laki-laki usia 19–26 tahun  Kini, kamu bisa mendapatkan vaksin HPV (2, 4, atau 9 strain) di Klinik & Laboratorium Kimia Farma.",https://x.com/GreatEastern_ID/status/1971418455921565874,0,0,0,193,NaN
1342,Infosumutku,2025-09-25T12:56:32.000Z,"Tak hanya vaksinasi, ada juga:  Pemeriksaan tumbuh kembang & gizi anak  Pemeriksaan mata gratis untuk orang tua  IVA Test gratis untuk deteksi dini kanker serviks  Karena imunisasi bukan sekadar pilihan tapi HAK anak. Pastikan si buah hati tumbuh kuat dan terlindungi.",https://x.com/Infosumutku/status/1971197125016076752,0,0,0,64,NaN
1343,sexy_killer404,2025-09-24T12:51:55.000Z,"Kekeliruan Berdasarkan Indikasi:  Penggunaan Tylenol jarang terjadi secara acak — pemberiannya dilakukan karena anak demam atau kejang, seringkali setelah vaksinasi. Artinya, penyebab Tylenol (reaksi vaksin) sudah berisiko.   Realitas Garis Waktu:",https://x.com/sexy_killer404/status/1970833576221639113,0,0,0,37,NaN
1344,sexy_killer404,2025-09-24T12:48:52.000Z,"• Schultz (2008): Tylenol setelah MMR = 6x risiko autisme; 8x pada reaksi pasca-vaksin yg parah. Ibuprofen tdk menunjukkan adanya hubungan.  • Yengst (2025): 674 ribu anak — demam/penyakit berulang = 2,5–4 kali risiko autisme. Demam ini sering muncul setelah vaksinasi.",https://x.com/sexy_killer404/status/1970832808806600960,0,0,0,72,NaN
1345,HalodocID,2025-09-24T08:00:00.000Z,"REKOMENDASI VAKSIN ANAK DI ATAS USIA 2 TAHUN   Jadwal vaksin anak nggak berhenti di usia balita aja, lho. Mulai 2 tahun hingga remaja, si kecil tetap butuh vaksin rutin. Yuk, pesan vaksin anak lewat Halodoc Homecare dan nanti dokter vaksinasi yang akan datang ke rumah!",https://x.com/HalodocID/status/1970760113947545872,0,0,0,370,NaN
1346,antaranews,2025-09-20T13:27:12.000Z,"Direktur Rumah Vaksinasi Pusat Elsa Hufaidah menyampaikan bahwa gejala kejadian ikutan pasca-imunisasi yang ringan seperti bengkak di area injeksi dan demam wajar terjadi setelah anak mendapat suntikan vaksinasi.   https://m.antaranews.com/berita/5123225/kiat-tangani-gejala-ringan-yang-muncul-usai-anak-dapat-imunisasi…",https://x.com/antaranews/status/1969392903983374714,0,0,0,595,NaN
1347,warta_tangerang,2025-09-19T03:31:00.000Z,"Waspada DBD pada Anak: Bethsaida Hospital Gading Serpong Ingatkan Pentingnya Deteksi Dini dan Vaksinasi https://wartatangerang.com/waspada-dbd-pada-anak-bethsaida-hospital-gading-serpong-ingatkan-pentingnya-deteksi-dini-dan-vaksinasi/…",https://x.com/warta_tangerang/status/1968880478615957753,0,0,0,31,NaN
1348,Miftakhul300824,2025-09-17T03:04:51.000Z,"Cc : @SumandoGaek @TedInvestigasi  @Babeh    vaksinasi pada anak harus segera di hentikan",https://x.com/Miftakhul300824/status/1968149118909550829,0,0,0,817,NaN
1349,MiraninonLita,2025-09-16T01:12:11.000Z,"@grok Vaksinasi wajib di Indonesia (program NID) untuk anak 0-7 tahun TERMASUK BAYI 0-5 MINGGU? Karena respons darurat polio (cVDPV2) ? EUL?  REAKSI DIPANTAU ?  Bayi usia 0 - 5 minggu tidak ikut uji klinis Vaksin nOPV2 Fase 3?  RAYAZ, AGE OF 55 DAYS?      https://en.brilio.net/entertainment/ayu-ting-ting-reveals-chronology-of-her-nephews-death-at-55-days-old-vomiting-after-immunization-240902qa.html…",https://x.com/MiraninonLita/status/1967758377670639708,0,0,0,154,NaN
1350,KIKOAnimation,2025-10-14T03:30:22.000Z,"Majalah Bilingual KIKO and Friends – Just For Kids edisi Oktober 2025 udah terbit! Kali ini kita bahas topik penting tentang Vaksinasi untuk Anak Sekolah! Yuk, pelajari kenapa vaksin itu penting dan gimana cara kerjanya biar kamu nggak takut lagi!",https://x.com/KIKOAnimation/status/1977940015536910364,0,0,0,40,NaN
1351,ThatSun510,2025-10-12T08:26:32.000Z,"11 anak ini 11 anak yg ortunya juga menolak imunisasi dan berbagai vaksinasi di sekolah.   Sudah kebentuk dgn sendirinya yg sadar",https://x.com/ThatSun510/status/1977289769802777053,0,0,0,119,NaN
1352,kompascom,2025-10-10T03:14:49.000Z,"Tingginya angka penolakan vaksinasi mengakibatkan 7.779 anak di Pamekasan gagal mendapatkan imunisasi tambahan serentak (ITS) pada Jumat (10/10/2025).   Dari target 60.754 anak yang seharusnya terimunisasi, hanya 52.975 anak yang berhasil mendapatkan vaksinasi. Dengan demikian,",https://x.com/kompascom/status/1976486550767796258,0,75,208,33,NaN
1353,keysaarifa,2025-10-09T06:31:13.000Z,"Harus diakui program2 zaman pak Harto segalanya dirancang dengan baik. Menteri2nya keren2. Misal pemberian susu bubuk utk anak sekolah di tahun '70an luar biasa manfaatnya bg anak perdesaan. Vaksinasi dll berjalan relatif berhasil, pdhl tingkat pendidikan warga blm spt sekarang.",https://x.com/keysaarifa/status/1976173587364184208,0,0,0,163,NaN
1354,BandungTV38,2025-10-07T14:46:09.000Z,"IDAI GANDENG RUMAH VAKSINASI TINGKATKAN CAKUPAN IMUNISASI ANAK http://dlvr.it/TNX8yy",https://x.com/BandungTV38/status/1975573366208929919,0,0,0,19,NaN
1355,IndonesiaCrowd,2025-10-07T12:43:42.000Z,"Pemerintah dan Akademisi Lakukan Pemantauan Vaksinasi DBD pada Anak https://ift.tt/YISnevM",https://x.com/IndonesiaCrowd/status/1975542550539710755,0,0,0,8,NaN
1356,m_dateline,2025-10-06T07:10:14.000Z,"Namanya pernah tular di media selepas menjadi antara rakyat Malaysia tertua yang menerima vaksinasi COVID-19. Wanita tertua di Kelantan, Siti Liah Mamat meninggal dunia akibat ...   Baca Artikel Penuh",https://x.com/m_dateline/status/1975096242935066967,0,0,0,31,NaN
1357,rahmat3prawira,2025-10-04T16:44:47.000Z,"Setiap tahun pada saat musim vaksinasi, pasti selalu ada saja orang-orang yg mengaitkan vaksin dengan autisme.  Usut punya usut, ternyata awal mula klaim ini dimulai oleh salah seorang dokter yang bernama Andrew Wakefield yg mengklaim bahwa vaksin menyebabkan autisme pada anak",https://x.com/rahmat3prawira/status/1974516058091622451,0,0,0,220,NaN
1358,BloombergTZ,2025-10-03T08:23:09.000Z,"Influenza Pada Anak di RI Masih Tinggi, IDAI Ingatkan Vaksinasi",https://x.com/BloombergTZ/status/1974027428667478043,0,0,0,128,NaN
1359,RizalCania14819,2025-10-02T17:24:50.000Z,"dari vaksinasi kepada murid2 SD saat Covid 19. Yg disasar adalah sekolah2 negri yg mayoritas muridnya pribumi dan beragama Islam, sedangkan sekolah swasta yg nonis vaksin nya cuman sandiwara.  Saya yakin anak yg di vaksin saat itu akan mandul. Tujuannya agar Populasi Islam",https://x.com/RizalCania14819/status/1973801361226785273,0,0,0,36,NaN
1360,mommiesdaily,2025-10-02T04:00:01.000Z,"Kasus ISPA pada anak meningkat. IDAI adakan briefing untuk edukasi orang tua tentang gejala, pengobatan, dan pentingnya vaksinasi. Kenali tanda-tandanya!",https://x.com/mommiesdaily/status/1973598820261916952,0,0,0,152,NaN
1361,waniresik28,2025-10-01T23:07:00.000Z,"Justru karna dia ngerti medis(gw juga medis), bakteri yang belum merubah bentuk, warna, bau zat dll belum seberbahaya itu. Banyak faktor, bisa jadi imun si anak turun, belum full vaksinasi anak, dan salah satunya di racun.",https://x.com/waniresik28/status/1973525083747656164,0,0,0,420,NaN
1362,mediaindonesia,2025-10-01T12:10:00.000Z,"KETUA Program Vaksinasi Nasional Prof. Dr. dr. Sri Rezeki Hadinegoro, Sp.A(K), mengatakan penyakit demam berdarah dengue (DBD) dapat menyebabkan dehidrasi parah hingga pengentalan darah pada anak.",https://x.com/mediaindonesia/status/1973359741662331210,0,0,0,363,NaN
1363,Adv_ERAT,2025-10-01T08:15:54.000Z,"TERKINI: Catatan Kematian Anak CDC Menunjukkan Dampak Buruk Transgenerasional Akibat Vaksinasi Massal mRNA",https://x.com/Adv_ERAT/status/1973300828363804983,0,0,0,3,NaN
1364,mediaindonesia,2025-10-01T04:44:08.000Z,"KETUA Program Vaksinasi Nasional Prof. Dr. dr. Sri Rezeki Hadinegoro, Sp.A(K), mengatakan penyakit demam berdarah dengue (DBD) dapat menyebabkan dehidrasi parah hingga pengentalan darah pada anak.",https://x.com/mediaindonesia/status/1973247535914631350,0,0,0,309,NaN
1365,RahmatPutra2022,2025-10-29T05:44:17.000Z,"ini adalah  program dunia school meal coalition dikhawatirkan ada misi asing untuk meracuni anak anak setelah beberapa program imunisasi dan vaksinasi",https://x.com/RahmatPutra2022/status/1983409534954811475,0,0,0,93,NaN
1366,updatebalii,2025-10-27T08:13:35.000Z,"Walikota Denpasar I Gusti Ngurah Jaya Negara mendukung kampanye “Together We End Polio” dengan memberikan imunisasi dan mendorong vaksinasi anak-anak pada World Polio Day 2025. #WalikotaDenpasar #WorldPolioDay #KesehatanAnak https://updatebali.com/rotary-world-polio-day-di-denpasar-walikota-jaya-negara-tegaskan-komitmen-kota-bebas-polio/…",https://x.com/updatebalii/status/1982722329127059795,0,0,0,26,NaN
1367,hanan052020,2025-10-23T03:26:53.000Z,"Ibu tsb tentu tidak ingin anaknya sakit, apakah sakit krn didahului infeksi atau didahului vaksinasi.. maka nakes harus jelasin secara lngkp.  Perdebatan menjadi panas tatkala, korban (anggaplah anak ibu tsb), sakit setelah didahului vaksinasi, namun diabaikan",https://x.com/hanan052020/status/1981200627641569633,0,0,0,50,NaN
1368,Klinik_SS,2025-10-23T03:03:38.000Z,"Klinik S’S hadir dengan layanan lengkap untuk keluarga:  Rawat inap & ruang bersalin  Vaksinasi anak & dewasa  Homecare & kunjungan dokter  Pemeriksaan umum & lab  IGD & ambulans 24 jam  Klinik S’S, sahabat kesehatan keluarga Anda. #KlinikSS #KlinikBogor",https://x.com/Klinik_SS/status/1981194778927935598,0,0,0,18,NaN
1369,bedugtengahawan,2025-10-21T03:12:50.000Z,"Cedera Vaksin Anak - Faith yang berusia 2 tahun mengalami cedera vaksin setelah suntikan vaksin MMR rutin  Matanya mulai Juling setelah vaksinasi.",https://x.com/bedugtengahawan/status/1980472318175613248,0,0,0,34,NaN
1370,ellguma,2025-10-30T13:29:49.000Z,"Ibu tolol antivaksin apa pertimbangan kalian sampe tega gak kasih vaksinasi ke anak? Apakah ada dokter yg antivaksin? Adakah menteri kesehatan yg antivaksin? Kasih tau gueee  Kalo ketololanmu muncul karena video konspirasi tiktok itu gws deh, kasian betul anakmu",https://x.com/ellguma/status/1983889075578007997,0,0,0,30,NaN
1371,KangDien_Wae,2025-10-21T02:08:09.000Z,"Pada 18 Oktober 2025, Ketua DPR-RI @puanmaharani_ri mendorong masyarakat untuk disiplin menerapkan perilaku hidup sehat dan mengupayakan vaksinasi bagi kelompok rentan, terutama anak-anak, menyusul lonjakan kasus Influenza A.  #PuanMaharani",https://x.com/KangDien_Wae/status/1980456040136372578,0,0,0,643,NaN
1372,amertaprosa,2025-10-20T02:57:10.000Z,"ㅤ Siapa yang pagi ini sudah dapat visitas dari Dòktér Anak? Tentunya Ranujati.   Vaksinasi Hb 0 nya sudah, tinggal pòliò tetes sebelum pulang. ㅤ",https://x.com/amertaprosa/status/1980105985726582994,0,0,0,1,NaN
1373,GoSumbarcom,2025-10-18T14:58:32.000Z,"Influenza A Merebak, DPR Dorong Vaksinasi Flu Massal untuk Anak dan Lansia",https://x.com/GoSumbarcom/status/1979562748645404750,0,0,0,33,NaN
1374,GoSumbarcom,2025-10-18T07:38:12.000Z,"Influenza A Merebak, DPR Dorong Vaksinasi Flu Massal untuk Anak dan Lansia",https://x.com/GoSumbarcom/status/1979451933393063953,0,0,0,28,NaN
1375,CNNIndonesia,2025-11-14T11:32:21.000Z,"VIDEO: Program Kejar Vaksinasi bagi Anak Gaza",https://x.com/CNNIndonesia/status/1989295333520916955,0,0,0,2,NaN
1376,detikHealth,2025-11-14T06:22:05.000Z,"Video: UNICEF, WHO dan UNRWA Kejar Target Vaksinasi 44.000 Anak di Gaza https://health.detik.com/detiktv/d-8210413/video-unicef-who-dan-unrwa-kejar-target-vaksinasi-44-000-anak-di-gaza??utm_source=twitter&utm_medium=oa&utm_content=detikhealth&utm_campaign=detikcomsocmed…",https://x.com/detikHealth/status/1989217251497844963,0,0,0,326,NaN
1377,detikHealth,2025-11-14T05:21:51.000Z,"Israel Blokir Kiriman Jarum Suntik untuk Vaksinasi Anak di Gaza https://health.detik.com/berita-detikhealth/d-8210320/israel-blokir-kiriman-jarum-suntik-untuk-vaksinasi-anak-di-gaza??utm_source=twitter&utm_medium=oa&utm_content=detikhealth&utm_campaign=detikcomsocmed…",https://x.com/detikHealth/status/1989202093958393957,0,0,0,275,NaN
1378,nu_online,2025-11-14T04:29:13.000Z,"Jubir UNICEF mengaku masih kesulitan mendapatkan beberapa pasokan penting, sedangkan perjalanan untuk memulihkan Gaza masih sangat panjang. https://nu.or.id/internasional/unicef-ungkap-israel-blokir-bantuan-vaksinasi-untuk-anak-anak-gaza-qHzyz?utm_source=dlvr.it&utm_medium=twitter…",https://x.com/nu_online/status/1989188849634074929,0,0,0,881,NaN
1379,akuratco,2025-11-12T11:29:00.000Z,"Israel  melarang masuknya jarum suntik vaksin anak dan botol susu bayi ke Jalur  Gaza. Kebijakan ini diungkapkan oleh UNICEF, Rabu (12/11).  UNICEF  menyebut larangan itu menghambat distribusi bantuan kemanusiaan dan  pelaksanaan vaksinasi massal di tengah gencatan senjata antara",https://x.com/akuratco/status/1988569714130579856,0,0,0,192,NaN
1380,nadivalproat,2025-11-27T22:48:54.000Z,"Tapi klo disuruh imunisasi buat anaknya, nolak mentah2. Alasan “anak sehat kok dibikin sakit” gara-gara demam setelah vaksinasi. Oalah greget bgt",https://x.com/nadivalproat/status/1994176633415324124,0,0,0,23,NaN
1381,e100ss,2025-11-25T13:30:01.000Z,"Pengurus Ikatan Dokter Anak Indonesia (IDAI) menyarankan kepada para orangtua untuk melindungi anak dengan vaksinasi sebelum melakukan perjalanan liburan pada akhir tahun.  ""Vaksinasi penting sebagai pencegahan utama, bukan pengobatan,"" ucap dr. Martira Maddeppungeng anggota",https://x.com/e100ss/status/1993311210846966223,0,0,0,1,NaN
1382,XHIndonesia,2025-11-25T05:02:21.000Z,"Kementerian Kesehatan Publik Afghanistan meluncurkan kampanye vaksinasi polio subnasional keempat 2025 pada Senin (24/11), dalam upaya melindungi sekitar 7,4 juta anak dari paralisis https://fb.watch/DAYuGLG0HU/",https://x.com/XHIndonesia/status/1993183454360662200,0,0,0,30,NaN
1383,chanzyeolk,2025-11-24T10:21:25.000Z,"110+ anak dari 23 provinsi terdeteksi dalam proses radikalisasi via digital. Ini masif. ​Fokus kita tak boleh hanya pada 'bahaya internet', tapi pada mengapa mereka rentan. Internet hanyalah alat. Vaksinasi terbaik adlh kesejahteraan mental & sosial yang kini gagal kita sediakan.",https://x.com/chanzyeolk/status/1992901361730474363,0,0,0,15,NaN
1384,radarmadiunweb,2025-11-23T13:05:15.000Z,"Sebanyak 276 siswa SD Al Irsyad menjalani imunisasi tetanus-difteri dalam program BIAS. Puskesmas Ngegong lanjutkan vaksinasi ke SD lain.",https://x.com/radarmadiunweb/status/1992580204544327929,0,0,0,63,NaN
1385,kumparanMOM,2025-11-23T08:04:09.000Z,"Pencegahan stunting adalah upaya menyeluruh yang dimulai dari perlindungan kesehatan sejak dini. Simak penjelasan dokter! #momsupdate #moms #update #text",https://x.com/kumparanMOM/status/1992504428960927883,0,0,0,583,NaN
1386,dinkesmks01,2025-11-22T19:16:36.000Z,"#haisobatdinkes, Puskesmas Bara-baraya melaksanakan BIAS Bulan Imunisasi Anak Sekolah dengan Vaksinasi DT di SDM 3 Makassar.",https://x.com/dinkesmks01/status/1992311269257572687,0,0,0,39,NaN
1387,NurAzizahSyawal,2025-11-22T06:20:57.000Z,"1 anak temenmu yg dijadiin sample itu bisa dijadikan data utk menggeneralisasi semua kasus malpraltik vaksinasi pada seluruh anak di dunia?",https://x.com/NurAzizahSyawal/status/1992116068262060453,0,0,0,101,NaN
1388,FLOnaad,2025-11-21T14:27:17.000Z,"Tahun pertama anak gw hidup di dunia,gaji gw habis buat bayar vaksinasi doang",https://x.com/FLOnaad/status/1991876071923523737,0,0,0,500,NaN
1389,e100ss,2025-11-21T13:00:09.000Z,"Kelengkapan Vaksinasi dapat Cegah Pneumonia pada Anak",https://x.com/e100ss/status/1991854144177717577,0,0,0,2,NaN
1390,thisAdzania,2025-11-21T08:03:19.000Z,"sayangnya orang kayak gini biasanya merasa dibenarkan karena ""anak saya ga pernah sakit tuh"" soalnya terselamatkan herd immunity dari orang2 yang vaksinasi. Begitulah. Sering terjadi.",https://x.com/thisAdzania/status/1991779444252635600,0,0,0,440,NaN
1391,jcki_ii,2025-11-21T07:03:59.000Z,"Ku akan selalu beranggapan orang tua yg tidak tertib imunisasi anak adalah orang tua zholim. Dengan sadar mencabut hak anak untuk tumbuh sehat. Sebanyak ini loh penyakit yg bisa dicegah lewat vaksinasi. Kok rela sih anaknya ""dan anak lainnya"" terancam kesehatannya?",https://x.com/jcki_ii/status/1991764510143836399,0,0,0,1,NaN
1392,melatieayuu,2025-11-20T15:20:02.000Z,"Vaksinasi penting untuk melindungi anak-anak dari penyakit berbahaya yang sebenarnya dapat dicegah, seperti polio dan campak.  AXA Mandiri #AXAMandiri #AmanTerlindungi AXA_Mandiri",https://x.com/melatieayuu/status/1991526958346461564,0,0,0,10,NaN
1393,Kk77053864,2025-12-13T13:16:07.000Z,"Medikids tersedia di berbagai kita kak, cek aja di @medikidsclinic, tersedia semua vaksinasi untuk keluarga & anak maupun umum. Harganya juga terjangkau!",https://x.com/Kk77053864/status/1999830695653544242,0,0,0,53,NaN
1394,Media_Selangor,2025-12-07T03:00:02.000Z,"Vaksinasi lengkap sejak bayi mengikut jadual ditetapkan penting untuk melindungi anak daripada penyakit yang boleh dicegah.  Ibu bapa disarankan sekurang-kurangnya memastikan anak mendapat vaksin asas yang diwajibkan dan disyorkan oleh Kementerian Kesihatan.  Ikuti Bicara Semasa",https://x.com/Media_Selangor/status/1997501324997353759,0,0,0,179,NaN
1395,Popmama_com,2025-12-05T08:00:34.000Z,"Kenali Risiko Tersembunyi jika Vaksinasi Anak Tidak Lengkap",https://x.com/Popmama_com/status/1996852182054998220,0,0,0,28,NaN
1396,DVSMalaysia,2025-12-05T03:44:03.000Z,"•Anak kucing/ anjing berumur 8 minggu ke atas; •Haiwan kesayangan sihat dan tidak demam; •Telah menerima vaksinasi asas mengikut jadual yang ditetapkan.  Jadi, jangan tunggu lagi.   Jom temui kami di reruai DVS @ MEOW FIESTA sempena Program Rancakkan MADANI Bersama Malaysiaku",https://x.com/DVSMalaysia/status/1996787626876248535,0,0,0,28,NaN
1397,wishtobetall,2025-12-01T22:29:26.000Z,"Vaksin covid, standar bangunan, vaksinasi anak, dan masih banyak lagi :)",https://x.com/wishtobetall/status/1995621289260986692,0,0,0,23,NaN
1398,Pras_Nambuan,2025-12-27T20:00:30.000Z,"Bencana tidak boleh menghentikan imunisasi anak. Pemulihan layanan vaksinasi terus dilakukan di wilayah terdampak Sumatera.    #ayosehat #kemenkesri #BIAS2025 #ayoimunisasi #imunisasilengkap #pulihbersama #info #update",https://x.com/Pras_Nambuan/status/2005005890798440740,0,0,0,20,NaN
1399,Los_Pogos,2025-01-13T12:16:18.000Z,"Sebagian besar rakyat indonesia tidak mampu menolak vaksinasi pak.  Komen bapak menunjukkan bahwa bapak tidak punya emphaty",https://x.com/Los_Pogos/status/1878778095882400008,0,0,0,362,NaN
1400,Los_Pogos,2025-01-13T12:15:12.000Z,"Bukan begitu pak, komentar bapak sangat melukai sebagian besar rakyat indonesia yg rela di vaksinasi karena kelemahan pemerintah.  Ngerti ga, bapak ga punya emphaty.  Berapa banyak keluarga, sodara kita yg mati karena COVID 19? Masih mau terulang lagi?",https://x.com/Los_Pogos/status/1878777819016409562,0,0,0,68,NaN
1401,AberaBina,2025-01-13T09:09:04.000Z,"Kementerian Koperasi menyiapkan anggaran untuk mendukung program vaksinasi massal di seluruh Indonesia. Update Kabar Baik",https://x.com/AberaBina/status/1878730974969942233,0,0,0,1,NaN
1402,brin_indonesia,2025-01-09T07:37:33.000Z,"Vaksinasi Tanpa Jarum? Bisa Banget!   Kenalin, vaksin intranasal!",https://x.com/brin_indonesia/status/1877258393263485020,0,0,0,743,NaN
1403,heralddotID,2025-01-09T02:07:11.000Z,"Keberhasilan Kalimantan Timur (Kaltim) dalam melaksanakan program vaksinasi Demam Berdarah Dengue (DBD) menarik perhatian dunia internasional.  https://kaltim.herald.id/2025/01/09/pelopor-vaksinasi-dbd-di-indonesia-kaltim-kini-dilirik-dunia-internasional-dalam-penanganan-dbd/…",https://x.com/heralddotID/status/1877175255644430807,0,0,0,40,NaN
1404,antaranews,2025-01-07T13:14:25.000Z,"Vaksinasi saluran napas menjadi salah satu proteksi tubuh menghadapi Human metapneumovirus atau HMPV kata Ketua Satuan Tugas Imunisasi Dewasa Perhimpunan Dokter Spesialis Penyakit Dalam Indonesia (PAPDI) Dr. dr. Sukamto Koesnoe, SpPD, K-AI.",https://x.com/antaranews/status/1876618394910535867,0,0,0,440,NaN
1405,IDNTimesBanten,2025-01-07T06:12:04.000Z,"Barantin: Feedloter di Indonesia Vaksinasi Ternak di Sekitarnya https://banten.idntimes.com/news/banten/maya-aulia-aprilianti-1/barantin-feedloter-di-indonesia-vaksinasi-ternak-di-sekitarnya?utm_source=twitter&utm_medium=twitter&utm_campaign=dlvr.it…",https://x.com/IDNTimesBanten/status/1876512104829919390,0,0,0,10,NaN
1406,onorus7940,2025-01-05T13:11:53.000Z,"Banyak kesepakatan "" ? misterius"" antara ""JOKOWI - CHINA- PRABOWO , yang "" tidak mungkin dapat di bongkar ""oleh "" BANGSA"" Indonesia , Kemungkinan  dari "" Vaksinasi Covid 19 telah di "" selundupkan ""sesuatu"" yg dpt merubah ""mental & otak"" anak bangsa , REVOLUSI hanya itu jwbanya",https://x.com/onorus7940/status/1875892978977480846,0,0,0,41,NaN
1407,MiraninonLita,2025-01-05T04:56:56.000Z,"3,11Bagaimana kepercayaan masyarakat Indonesia terhadap kampanye vaksinasi ? TIDAK SEBURUK NEGARA MAJU. Menarik, kenapa bisa demikian? SAYA PIKIR MEREKA TIDAK TER-EKSPOS (NOT AS EXPOSED AS) SEPERTI PENDUDUK NEGARA MAJU LAIN TENTANG SISI NEGATIF ​​ VAKSIN !",https://x.com/MiraninonLita/status/1875768421104906389,0,0,0,35,NaN
1408,MiraninonLita,2025-01-05T03:58:56.000Z,"3,11 Bagaimana kepercayaan masyarakat Indonesia terhadap kampanye vaksinasi ? TIDAK SEBURUK NEGARA MAJU. Menarik, kenapa bisa demikian? SAYA PIKIR MEREKA TIDAK TER-EKSPOS (NOT AS EXPOSED AS) SEPERTI PENDUDUK NEGARA MAJU LAIN TENTANG SISI NEGATIF ​​VAKSIN !",https://x.com/MiraninonLita/status/1875753826663501855,0,0,0,165,NaN
1409,MiraninonLita,2025-01-05T03:56:03.000Z,"3,11Bagaimana kepercayaan masyarakat Indonesia terhadap kampanye vaksinasi ? TIDAK SEBURUK NEGARA MAJU. Menarik, kenapa bisa demikian? SAYA PIKIR MEREKA TIDAK TER-EKSPOS (NOT AS EXPOSED AS) SEPERTI PENDUDUK NEGARA MAJU LAIN TENTANG SISI NEGATIF ​​ VAKSIN !",https://x.com/MiraninonLita/status/1875753101011120239,0,0,0,315,NaN
1410,MiraninonLita,2025-01-05T03:51:20.000Z,"3,11Bagaimana kepercayaan masyarakat Indonesia terhadap kampanye vaksinasi ? TIDAK SEBURUK NEGARA MAJU. Menarik, kenapa bisa demikian? SAYA PIKIR MEREKA TIDAK TER-EKSPOS (NOT AS EXPOSED AS) SEPERTI PENDUDUK NEGARA MAJU LAIN TENTANG SISI NEGATIF ​​ VAKSIN !",https://x.com/MiraninonLita/status/1875751911917547553,0,0,0,266,NaN
1411,melawanombak,2025-01-04T09:15:00.000Z,"Varian JN.1 kini hadir di Indonesia. Penting bagi kita semua untuk tetap waspada, ikuti vaksinasi, dan terapkan protokol kesehatan.  #VarianJN1 #COVID19  …https://mikkyoscarinosuluportfolio.blogspot.com/2025/01/virus-baru-bikin-heboh-kenalan-dengan.html…",https://x.com/melawanombak/status/1875470977846669721,0,0,0,6,NaN
1412,dkpkpjakarta,2025-01-04T05:53:14.000Z,"Dinas KPKP Provinsi DKI Jakarta bersama Kementerian Pertanian RI dan Asosiasi Peternak dan Penggemuk Sapi Indonesia (APPSI) melaksanakan vaksinasi Penyakit Mulut dan Kuku (PMK) terhadap 1.063 ekor sapi di wilayah DKI Jakarta.",https://x.com/dkpkpjakarta/status/1875420200591618172,0,0,0,64,NaN
1413,LabVetJayapura,2025-01-02T07:05:41.000Z,"[Repost] ""Kementan Gaspol! Tanpa libur, vaksinasi ternak serentak di seluruh Indonesia! Bersama-sama kita jaga kesehatan ternak, cegah penyakit, & pastikan peternakan Indonesia semakin kuat mendukung swasembada pangan!",https://x.com/LabVetJayapura/status/1874713660704301494,0,0,0,29,NaN
1414,acesnancys,2025-01-30T07:39:15.000Z,"jadi penemu vaksin bareng ilmuwan negara lain => indonesia diperhitungkan di kancah internasional dalam bidang vaksinasi (which isn't enough, by the way, yg care cuma orang indon karena memang cuma satu vs ratusan orang asia timur dan kulit putih), dll berguna pas pulang ke indo",https://x.com/acesnancys/status/1884868966767837686,0,0,0,23,NaN
1415,RAKemal,2025-01-27T13:11:01.000Z,"On the other hand, ini waktu yg cukup utk mulai ngumpulin data efek jangka (menengah) panjang vaksinasi dan infeksi Covid.  Tapi bakal susah banget ngebedain kelompok infeksi dan vaksinasi di Indonesia.",https://x.com/RAKemal/status/1883865295712080142,0,0,0,256,NaN
1416,bpmspbekasi,2025-01-27T06:29:58.000Z,"""Vaksinasi PMK kunci untuk melindungi kesehatan hewan dan menjaga kestabilan penyediaan produk peternakan. Simak penjelasan penting dari Staf Khusus Wapres, Tina Talisa, ketahui mengapa lvaksinasi menjadi sangat vital! Tonton videonya dan dukung perlindungan peternakan Indonesia!",https://x.com/bpmspbekasi/status/1883764366958600534,0,0,0,27,NaN
1417,daddyyuki,2025-01-27T00:44:30.000Z,"hampir setiap minggu ada saja yg meninggal mendadak. Sebelum 2021 jarang sekali kejadian seperti ini. setelah vaksinasi mRNA tidak hanya di Indonesia tapi di seluruh dunia. memang tanpa otopsi dan pewarnaan S protein tdk bisa memastikan vax penyebabnya.",https://x.com/daddyyuki/status/1883677427236577534,0,0,0,290,NaN
1418,MiraninonLita,2025-01-24T07:20:22.000Z,"3,11Bagaimana kepercayaan masyarakat Indonesia terhadap kampanye vaksinasi ? TIDAK SEBURUK NEGARA MAJU. Menarik, kenapa bisa demikian? SAYA PIKIR MEREKA TIDAK TER-EKSPOS (NOT AS EXPOSED AS) SEPERTI PENDUDUK NEGARA MAJU LAIN TENTANG SISI NEGATIF ​​VAKSIN !  https://youtu.be/bn8rOPVzaZc?si=7lpNPfrUZbzvEbpM…",https://x.com/MiraninonLita/status/1882689885733347482,0,0,0,128,NaN
1419,yocerizal,2025-01-22T11:00:55.000Z,"Vaksinasi PMK harus dilakukan secara masif dan merata di seluruh Indonesia. Hal ini penting dilakukan agar tak mengganggu target swasembada daging nasional.  https://nanggroe.tribunnews.com/2025/01/22/kepala-daerah-diminta-siapkan-anggaran-khusus-untuk-pengadaan-vaksin-pmk…",https://x.com/yocerizal/status/1882020613193343430,0,0,0,4,NaN
1420,kura2giok,2025-01-22T01:02:35.000Z,"10/ Bagaimana dengan Indonesia? Indonesia sangat bergantung pada WHO, terutama untuk: •Pendanaan vaksinasi. •Bantuan teknis untuk wabah/pandemi. •Penguatan sistem kesehatan nasional.  Jika WHO kekurangan sumber daya, program-program ini bisa terhambat.",https://x.com/kura2giok/status/1881870037507813728,0,0,0,15,NaN
1421,bpmspbekasi,2025-01-21T01:42:18.000Z,"Kementerian Pertanian menggandeng Asosiasi Obat Hewan Indonesia (ASOHI) dan Gabungan Koperasi Susu Indonesia (GKSI) dalam upaya mencegah dan menanggulangi Penyakit Mulut dan Kuku (PMK). mempercepat vaksinasi ternak dan pemberian bantuan   https://web.facebook.com/share/p/1Gi3HvdjwB/…",https://x.com/bpmspbekasi/status/1881517645503369462,0,0,0,10,NaN
1422,humasresmagetan,2025-01-20T04:47:27.000Z,"Jangan Anggap Sepele!*_ Tahukah kamu? Penyakit Mulut dan Kuku (PMK) kembali mewabah di Indonesia. Dampaknya tidak hanya pada hewan ternak, tetapi juga perekonomian peternak. Yuk, tingkatkan kewaspadaan dengan langkah pencegahan seperti vaksinasi dan kebersihan kandang.",https://x.com/humasresmagetan/status/1881201854941630680,0,0,0,14,NaN
1423,bidhumas_jatim,2025-01-19T12:48:40.000Z,"Jangan Anggap Sepele!*_  Tahukah kamu? Penyakit Mulut dan Kuku (PMK) kembali mewabah di Indonesia. Dampaknya tidak hanya pada hewan ternak, tetapi juga perekonomian peternak. Yuk, tingkatkan kewaspadaan dengan langkah pencegahan seperti vaksinasi dan kebersihan kandang.",https://x.com/bidhumas_jatim/status/1880960566891864526,0,0,0,81,NaN
1424,bidhumas_jatim,2025-01-19T12:34:08.000Z,"Jangan Anggap Sepele!*_  Tahukah kamu? Penyakit Mulut dan Kuku (PMK) kembali mewabah di Indonesia. Dampaknya tidak hanya pada hewan ternak, tetapi juga perekonomian peternak. Yuk, tingkatkan kewaspadaan dengan langkah pencegahan seperti vaksinasi dan kebersihan kandang.",https://x.com/bidhumas_jatim/status/1880956910066946490,0,0,0,44,NaN
1425,tatisamhadi,2025-01-18T00:16:22.000Z,"Cara Presiden Soeharto Membebaskan Indonesia dari PMK Selain vaksinasi, kebijakan lain yang diambil di antaranya pengaturan ekspor impor ternak. Indonesia hanya mendatangkan ternak sapi dari negara bebas PMK. Baca Kompas https://kompas.id/artikel/cara-presiden-soeharto-membebaskan-indonesia-dari-pmk?open_from=Section_Terbaru… @hariankompas",https://x.com/tatisamhadi/status/1880408858063192203,0,0,0,45,NaN
1426,kompasmuda,2025-01-17T23:22:10.000Z,"Selain vaksinasi, kebijakan lain yang diambil di antaranya pengaturan ekspor impor ternak. Indonesia hanya mendatangkan ternak sapi dari negara bebas PMK. #Humaniora #AdadiKompas",https://x.com/kompasmuda/status/1880395217250996729,0,0,0,47,NaN
1427,hariankompas,2025-01-17T23:05:32.000Z,"Selain vaksinasi, kebijakan lain yang diambil di antaranya pengaturan ekspor impor ternak. Indonesia hanya mendatangkan ternak sapi dari negara bebas PMK. #Humaniora #AdadiKompas",https://x.com/hariankompas/status/1880391030874198381,0,0,0,630,NaN
1428,KompasData,2025-01-17T23:05:08.000Z,"Selain vaksinasi, kebijakan lain yang diambil di antaranya pengaturan ekspor impor ternak. Indonesia hanya mendatangkan ternak sapi dari negara bebas PMK. #Humaniora #AdadiKompas      https://kompas.id/artikel/cara-presiden-soeharto-membebaskan-indonesia-dari-pmk?utm_source=twitter&utm_medium=post&utm_campaign=soc_kompasdata_humaniora_auto_traffic…",https://x.com/KompasData/status/1880390931561529546,0,0,0,25,NaN
1429,BPMSPH,2025-01-17T06:43:41.000Z,"Kegiatan ini dihadiri oleh Direktur Kesehatan Hewan, ASOHI, dan GKSI (Gabungan Koperasi Susu Indonesia) daerah Jawa Barat (15/01/2025) dan pada puncaknya dilakukan kick off vaksinasi PMK TA 2025 di provinsi Jawa Barat.  #bpmsph #DitjenPKH #pmk #cegahpmk #vaksinasipmk",https://x.com/BPMSPH/status/1880143942244790771,0,0,0,20,NaN
1430,MiraninonLita,2025-01-16T18:17:38.000Z,"6,30Tell us about the logistics to vaccinate so many people at once across many islands?..MOBILIZATION OF POLICE AND NATIONAL ARMY..85,000 VILLAGES WE STATIONED INDONESIAN ARMY AND POLICE THERE. THAT'S ONE OF THE REASONS WHY THIS WORKS!",https://x.com/MiraninonLita/status/1879956189674668037,0,0,0,191,NaN
1431,nusabalicom,2025-01-16T03:56:38.000Z,"Menteri Koperasi (Menkop) Budi Arie Setiadi mengimbau koperasi peternak di Indonesia merawat hewan ternak dengan melakukan vaksinasi untuk mencegah penularan Penyakit Mulut dan Kuku (PMK). https://nusabali.com/berita/184566/cegah-penularan-pmk-menteri-koperasi-imbau-koperasi-peternak-vaksinasi-hewan-ternak…",https://x.com/nusabalicom/status/1879739513809092815,0,0,0,61,NaN
1432,hisar_sihotang,2025-01-16T02:57:54.000Z,"inHARMONY Resmikan inHARMONY Tower, Hadirkan Inovasi Layanan Kesehatan Preventif Pertama di Indonesia: Vaksinasi Terproteksi Asuransi",https://x.com/hisar_sihotang/status/1879724732729397288,0,0,0,35,NaN
1433,KompasData,2025-02-14T12:04:59.000Z,"Pemerintah Indonesia masih menunggu konfirmasi resmi dari Pemerintah Arab Saudi mengenai syarat wajib vaksinasi polio bagi jemaah haji dan umrah. #Humaniora #AdadiKompas",https://x.com/KompasData/status/1890371659602792500,0,0,0,44,NaN
1434,hariankompas,2025-02-14T12:04:57.000Z,"Pemerintah Indonesia masih menunggu konfirmasi resmi dari Pemerintah Arab Saudi mengenai syarat wajib vaksinasi polio bagi jemaah haji dan umrah. #Humaniora #AdadiKompas",https://x.com/hariankompas/status/1890371648546545901,0,0,0,390,NaN
1435,bjkterpercaya4,2025-02-13T09:29:17.000Z,"""Year on TikTok 2022"" dari media sosial TikTok dan penghargaan Indonesia Green Awards 2023 yang diadakan oleh La Tofi School of Social Responsibility.  Bio Farma turut mendukung Imunitas tubuh Pandawara Group dengan memberikan vaksinasi influenza di @ imunicareid dan memberikan",https://x.com/bjkterpercaya4/status/1889970086104191291,0,0,0,9,NaN
1436,bbvetmaros,2025-02-11T11:28:34.000Z,"SUKSESKAN BULAN VAKSINASI PMK!    Ayo daftarkan ternakmu untuk divaksin!  Bersama kita wujudkan Peternakan Indonesia yang SEHAT, KUAT, dan BEBAS PMK!   #BulanVaksinasiPMK #VaksinasiPMK #TernakSehat #BebasPMK #LindungiTernak #SatgasPMK #BBVetMaros #DitjenPKH",https://x.com/bbvetmaros/status/1889275330671919609,0,0,0,45,NaN
1437,BBVet_Wates,2025-02-11T07:42:04.000Z,"Ayo sukseskan Bulan Vaksinasi PMK! Bersama, kita wujudkan peternakan Indonesia yang sehat, kuat, dan bebas PMK!",https://x.com/BBVet_Wates/status/1889218328843243955,0,0,0,66,NaN
1438,GreatEastern_ID,2025-02-11T07:20:57.000Z,"Vaksinasi DBD ExtraSafe di Klinik inHARMONY  Asuransi otomatis dari GREAT ProInsure Mosquito-Borne Diseases dari Great Eastern Life Indonesia",https://x.com/GreatEastern_ID/status/1889213016123834819,0,0,0,72,NaN
1439,biblembang,2025-02-11T06:49:02.000Z,"Ayo sukseskan Bulan Vaksinasi PMK! Bersama, kita wujudkan peternakan Indonesia yang sehat, kuat, dan bebas PMK!  https://facebook.com/share/v/1GquqvivqB/…",https://x.com/biblembang/status/1889204983851266067,0,0,0,10,NaN
1440,kompasmuda,2025-02-14T12:21:27.000Z,"Pemerintah Indonesia masih menunggu konfirmasi resmi dari Pemerintah Arab Saudi mengenai syarat wajib vaksinasi polio bagi jemaah haji dan umrah. #Humaniora #AdadiKompas",https://x.com/kompasmuda/status/1890375802279055723,0,0,0,72,NaN
1441,ditjen_pkh,2025-02-11T06:01:25.000Z,"Selamat pagi #SobatTernak Ayo sukseskan Bulan Vaksinasi #PMK Bersama, kita wujudkan peternakan Indonesia yang sehat, kuat, dan bebas PMK yaa sobat  #DitjenPKH",https://x.com/ditjen_pkh/status/1889192999726493718,0,0,0,651,NaN
1442,MiraninonLita,2025-02-09T22:43:43.000Z,"6 Des 2024 ! KEMENKES lanjutkan kemitraan dgn GAVI !!! .. Budi menjelaskan, setiap thn PEMERINTAH INDONESIA MEMVAKSINASI SEKITAR 18 JUTA ORANG. .. ""Kami ingin memastikan tidak ada anak yg terlewat dalam mendapatkan akses vaksinasi,"" katanya",https://x.com/MiraninonLita/status/1888720462068289978,0,0,0,217,NaN
1443,eunikero,2025-02-09T04:37:31.000Z,"Tolong untuk Presiden atau PM Singapura, segera boikot Indonesia masuk ke Singapura kalau tidak divaksin. Biar kapok warga negara Indonesia lbh tegas dlm pelaksanaan vaksinasi.  Ayo ikuti jejak presiden Xi!!",https://x.com/eunikero/status/1888447112565645701,0,0,0,301,NaN
1444,MiraninonLita,2025-02-08T10:38:59.000Z,"6,30Ceritakan tentang logistik utk bisa vaksinasi sekaligus begitu banyak orang di banyak pulau? MOBILISASI POLISI DAN TENTARA NASIONAL ..85.000 DESA KAMI TEMPATKAN TENTARA DAN POLISI INDONESIA DI SANA. JADI, ITULAH SALAH SATU ALASAN MENGAPA INI BEKERJA!   https://youtu.be/bn8rOPVzaZc?si=7lpNPfrUZbzvEbpM…",https://x.com/MiraninonLita/status/1888175689721094553,0,0,0,111,NaN
1445,bedugtengahawan,2025-02-08T08:00:00.000Z,"Narasumber dalam vidio ini adalah dokter kardiolog dari Inggris, mengakui efek vaksin mRNA menyerang jantung. Dan sekarang ini banyak Generasi Muda Indonesia terkena serangan Jantung. Pak Mohon direview kembali kebijakan vaksinasi demi keselamatan rakyat. https://x.com/valeangelsback/status/1583077555258544128/video/1…",https://x.com/bedugtengahawan/status/1888135681521668252,0,0,0,4,NaN
1446,wi_dadang,2025-02-08T07:48:02.000Z,"Dulu, Indonesia butuh 100 tahun untuk bebas PMK, dan berhasil tanpa vaksinasi.  PMK kembali masuk, itu ulah siapa?  Yg jelas bukan ulah para peternak.",https://x.com/wi_dadang/status/1888132666584887758,0,0,0,41,NaN
1447,Mukidi_alNgibul,2025-02-08T02:16:21.000Z,"Baguslah, dengan demikian program Pandemi Tipu-Tipu dan Vaksinasi Paksa Tuk Mengurangi Populasi akan berakhir. Tapi akan lebih bagus lagi jika Budi Badut di reshuffle, maka ancaman Pandemi terhadap rakyat Indonesia akan berakhir total.",https://x.com/Mukidi_alNgibul/status/1888049199067054214,0,0,0,26,NaN
1448,endartriwahyuni,2025-02-08T02:09:56.000Z,"Kasus Kematian Akibat Pneumonia di Indonesia Meningkat, Warga Diimbau untuk Vaksinasi  http://simbah-kakung.blogspot.com/2025/02/kasus-kematian-akibat-pneumonia-di.html…",https://x.com/endartriwahyuni/status/1888047583450513495,0,0,0,21,NaN
1449,mas__iko,2025-02-08T02:09:44.000Z,"Kasus Kematian Akibat Pneumonia di Indonesia Meningkat, Warga Diimbau untuk Vaksinasi  http://simbah-kakung.blogspot.com/2025/02/kasus-kematian-akibat-pneumonia-di.html…",https://x.com/mas__iko/status/1888047532871401784,0,0,0,18,NaN
1450,herman__joseph,2025-02-08T02:09:33.000Z,"Kasus Kematian Akibat Pneumonia di Indonesia Meningkat, Warga Diimbau untuk Vaksinasi  http://simbah-kakung.blogspot.com/2025/02/kasus-kematian-akibat-pneumonia-di.html…",https://x.com/herman__joseph/status/1888047486595645658,0,0,0,19,NaN
1451,seketikanet,2025-02-07T04:41:13.000Z,"Jumlah kasus kanker di Indonesia meningkat.  Pencegahan dan deteksi dini jadi kunci utama menurunkan angka kematian  Yuk, tingkatkan kesadaran dengan #DeteksiDini, #Vaksinasi #HPV, dan Pola Hidup Sehat! #Kanker #Indonesia #Kesehatan #update #news #seketika",https://x.com/seketikanet/status/1887723264581247215,0,0,0,8,NaN
1452,bbvetmaros,2025-02-07T03:21:44.000Z,"AYO SUKSESKAN BULAN VAKSINASI PMK NASIONAL!    Lindungi ternak Anda, jaga usaha peternakan tetap untung!    Bulan Vaksinasi PMK Nasional hadir Februari – Maret 2025 untuk seluruh sapi & kerbau di Indonesia! Jangan sampai ternak Anda terlewat!  #BulanVaksinasiPMK",https://x.com/bbvetmaros/status/1887703264134910125,0,0,0,38,NaN
1453,kompasmuda,2025-02-26T11:46:38.000Z,"Seluruh jemaah umrah dan haji asal Indonesia pada 1446 Hijriah atau tahun 2025 telah dipastikan wajib vaksinasi polio sebelum keberangkatan. #Humaniora #AdadiKompas",https://x.com/kompasmuda/status/1894715694849147024,0,0,0,57,NaN
1454,KompasData,2025-02-26T11:29:49.000Z,"Seluruh jemaah umrah dan haji asal Indonesia pada 1446 Hijriah atau tahun 2025 telah dipastikan wajib vaksinasi polio sebelum keberangkatan. #Humaniora #AdadiKompas",https://x.com/KompasData/status/1894711462335053966,0,0,0,44,NaN
1455,hariankompas,2025-02-26T11:29:19.000Z,"Seluruh jemaah umrah dan haji asal Indonesia pada 1446 Hijriah atau tahun 2025 telah dipastikan wajib vaksinasi polio sebelum keberangkatan. #Humaniora #AdadiKompas",https://x.com/hariankompas/status/1894711336463892771,0,0,0,299,NaN
1456,layarberita,2025-02-25T15:02:38.000Z,"Nestlé Indonesia Subsidi Rp1,4 Miliar untuk Vaksinasi PMK, Dukung 15.000 Peternak Sapi Perah di Jawa Timur",https://x.com/layarberita/status/1894402633726923197,0,0,0,10,NaN
1457,farouk321,2025-02-19T00:17:24.000Z,"Jadwal vaksinasi akan berubah di sana. Vaksin Hepatitis B pada anak umur 0 hari akan hilang. Itu hasil lobi farmasi besar  Yang dibuat Ikatan Dokter Anak Indonesia di awal juga kemungkinan berubah. Yang lucu adalah yang menganggap selama ini segala hal pengaruh farmasi besar",https://x.com/farouk321/status/1892005529121325341,0,0,0,152,NaN
1458,MiraninonLita,2025-02-16T03:36:23.000Z,"6 Des 2024 !!! KEMENKES lanjutkan kemitraan dgn GAVI !!! .. Pak Budi menjelaskan, setiap tahun PEMERINTAH INDONESIA MEMVAKSINASI SEKITAR 18 JUTA ORANG. .. "" Kami ingin memastikan TIDAK ADA ANAK YANG TERLEWAT DALAM MENDAPATKAN AKSES VAKSINASI "" katanya",https://x.com/MiraninonLita/status/1890968440095019151,0,0,0,52,NaN
1459,Baracuda471,2025-03-14T03:19:51.000Z,"Belom perang tembak2 an beneran dah di lumpuhin ama cina dgn Senjata Biologis CinoFuck.... Di Indonesia mayoritas gunakan SinoFuc*...,gw msh ingat di kodim2 seluruh Ind banyak ngadain vaksinasi massal...,jd Senjata Pemusnah Massal deh...",https://x.com/Baracuda471/status/1900386365973647869,0,0,0,1,NaN
1460,xandradwles,2025-03-09T07:45:50.000Z,"inspirasi dari Timur Indonesia! Dokter Putri buktiin aksi nyatanya dalam membantu vaksinasi. Minat jd polisi juga bangkit karenanya! Lihat di sini: https://tarunacyber.com/2025/03/07/jadi-relawan-vaksin-merdeka-bangkitkan-minat-masuk-polisi-ini-dia-sosok-dokter-putri-siswa-sipss-asli-papua/…",https://x.com/xandradwles/status/1898641363614437433,0,0,0,23,NaN
1461,monciella,2025-03-04T13:13:22.000Z,"bingung kenapa ya di indonesia belom ada catatan digital imunisasi / vaksinasi selain covid-19",https://x.com/monciella/status/1896911848026656982,0,0,0,96,NaN
1462,Cipta_Indonesia,2025-03-03T00:18:50.000Z,"Penting untuk menerapkan skrining kesehatan pekerja Vaksinasi harus menjadi prioritas bagi populasi berisiko Sistem surveilans penyakit harus diperkuat sejak awal  #Human #Mobility",https://x.com/Cipta_Indonesia/status/1896354544784957617,0,0,0,24,NaN
1463,Doo_00_Doo,2025-03-27T12:03:36.000Z,"@idai_tweets  apakah program vaksinasi lengkap anak2 Indonesia memiliki keterkaitan resiko sbgmn dlm podcast ini?  bgmn sikap @KemenkesRI selanjutnya jk kelak secara legal Kemenkes USA meng-endors resiko2 sbgmn pd podcats ini?",https://x.com/Doo_00_Doo/status/1905229211243266342,0,0,0,37,NaN
1464,Area_Pintar,2025-03-24T14:37:53.000Z,"Anggaran nasional. Kebijakan kesehatan, seperti kampanye vaksinasi massal di Indonesia, telah mendapat pengawasan ketat, dengan kebijakan seperti kampanye vaksinasi massal di Indonesia secara signifikan mengurangi tingkat penularan virus.",https://x.com/Area_Pintar/status/1904180874490552524,0,0,0,9,NaN
1465,nusabalicom,2025-03-21T04:10:27.000Z,"Komite Olahraga Nasional Indonesia (KONI) Pusat menggelar sosialisasi dan vaksinasi Hepatitis A bagi atlet muda sebagai langkah preventif menjaga kesehatan mereka di Ruang Rapat Lukman Niode, Kantor KONI Pusat, Senayan, Jakarta, Rabu (19/3).",https://x.com/nusabalicom/status/1902935813589279070,0,0,0,35,NaN
1466,nusabalicom,2025-03-20T03:45:16.000Z,"Ketua Umum Komite Olahraga Nasional Indonesia (KONI) Pusat Marciano Norman menekankan penting dan urgensinya pemberian vaksinasi hepatitis A bagi para atlet berusia 16 tahun ke bawah (U-16) untuk meningkatkan kebugaran fisik. https://nusabali.com/berita/189211/koni-nilai-urgen-vaksinasi-hepatitis-a-untuk-atlet-u-16…",https://x.com/nusabalicom/status/1902567087744426460,0,0,0,26,NaN
1467,FahruAchmad,2025-04-10T08:07:12.000Z,"Menteri Kesehatan Myanmar mengunjungi rumah sakit darurat & klinik pasca-gempa di Naypyitaw (9/4), termasuk posko Tim Medis Indonesia. Meninjau langsung layanan kesehatan, vaksinasi, serta memberi semangat ke tenaga medis. Solidaritas untuk korban terus mengalir. @baznasindonesia",https://x.com/FahruAchmad/status/1910243150645305354,0,0,0,87,NaN
1468,sari_tjakra,2025-04-07T13:59:25.000Z,"Tertampar kenyataan betapa timpangnya akses ke fasilitas kesehatan yang seharusnya mudah dan jadi perlindungan wajib tapi di Indonesia jadi mewah.  Vaksinasi dan Imunisasi.  Seorang kandidat nunjukin bahwa mending dia ke Penang karena di sana semua vaksin tersedia lengkap dengan",https://x.com/sari_tjakra/status/1909244625984074140,0,0,0,161,NaN
1469,MiraninonLita,2025-04-06T04:24:42.000Z,"Israel setuju hentikan pertempuran di Gaza demi vaksinasi polio !  LALU ISRAEL BUNUH ANAK2 GAZA !!!   Halo @biofarmaID Indonesia,  mana statement mu dukung Palestina ? Atau kau tidak peduli ? Yang penting bagimu bisnis nOPV2 mu itu laku ?",https://x.com/MiraninonLita/status/1908737604692173233,0,0,0,262,NaN
1470,karantinakepri,2025-04-04T06:11:25.000Z,"masih bebas Vaksinasi serta sesuai dengan surat edaran Kepala Barantin No. 620 tahun 2025 tentang Kewaspadaan Penyebaran PMK. Diharapkan dengan sinergitas dan kolaborasi antara Badan Karantina Indonesia dengan dinas terkait dapat terus menjaga keamanan pangan daerah.",https://x.com/karantinakepri/status/1908039685315973571,0,0,0,20,NaN
1471,mediaindonesia,2025-04-29T06:14:08.000Z,"HEPATITIS atau peradangan hati masih menjadi ancaman kesehatan bagi masyarakat  Indonesia karena minimnya kesadaran untuk vaksinasi dan sifat virusnya  yang sering kali tanpa gejala pada tahap awal.",https://x.com/mediaindonesia/status/1917100067326202207,0,0,0,223,NaN
1472,malangposco,2025-04-29T01:54:50.000Z,"MALANG POSCO MEDIA – Hepatitis atau peradangan hati masih menjadi ancaman kesehatan bagi masyarakat Indonesia karena minimnya kesadaran untuk vaksinasi dan sifat virusnya yang sering kali tanpa gejala pada tahap awal. BACA SELENGKAPNYA: https://malangposcomedia.id/mengenal-penyebab-dan-cara-mencegah-hepatitis/…",https://x.com/malangposco/status/1917034811778281519,0,0,0,53,NaN
1473,NgotrekPodcast,2025-04-28T10:52:00.000Z,"Melangkah bersama lawan hepatitis: informasi menginspirasi, vaksinasi menyelamatkan. Kita kuat, kita peduli demi hati yang sehat. Ayo ubah nasib! Selengkapnya baca di sini #Hepatitis #Kesehatan #Waspada  https://indonewsia.id/hepatitis-ancaman-kesehatan-serius-di-indonesia/…",https://x.com/NgotrekPodcast/status/1916807604208034287,0,0,0,13,NaN
1474,mediaindonesia,2025-04-25T12:40:00.000Z,"DEMAM berdarah dengue (DBD) masih menjadi penyakit endemik di Indonesia. Kabar baiknya, DBD dapat dicegah yakni dengan memperkuat  sistem imun untuk melawan virus dengue serta pemberian vaksin DBD",https://x.com/mediaindonesia/status/1915747621177880788,0,0,0,392,NaN
1475,KabupatenP1000,2025-04-25T11:51:04.000Z,"Sudin KPKP Kepulauan Seribu, bersama Let's Adopt Indonesia menggelar kegiatan Sterilisasi dan Vaksinasi Kucing di Pulau Sabira, Kelurahan Pulau Harapan, Kecamatan Kepulauan Seribu Utara.  #pulauseribu #kepulauanseribu #dkijakarta https://pulauseribu.jakarta.go.id/post/2025-04-25/sudin-kpkp-sterilisasi-ratusan-kucing-di-pulau-sab…",https://x.com/KabupatenP1000/status/1915735308601315479,0,0,0,161,NaN
1476,mediaindonesia,2025-04-25T06:26:29.000Z,"DEMAM berdarah dengue (DBD) masih menjadi penyakit endemik di Indonesia. Kabar baiknya, DBD dapat dicegah yakni dengan memperkuat  sistem imun untuk melawan virus dengue serta pemberian vaksin DBD",https://x.com/mediaindonesia/status/1915653621469139043,0,0,0,317,NaN
1477,detikcom,2025-04-25T05:57:00.000Z,"Many women in Indonesia die from cervical cancer. HPV vaccination and free screening are expanded and conducted regularly.",https://x.com/detikcom/status/1915646202672214427,0,0,0,3,NaN
1478,kompasiana,2025-04-25T02:45:00.000Z,"Vaksinasi Polio kini menjadi syarat wajib (required vaccinations) bagi jemaah haji Indonesia yang hendak berangkat ke Arab Saudi tahun 2025 M/1446 H. #Headline",https://x.com/kompasiana/status/1915597884134662164,0,0,0,164,NaN
1479,indozonemedia,2025-04-24T13:40:14.000Z,"Pemerintah dan mitra kesehatan terus meningkatkan pelaksanaan vaksinasi, skrining, dan pengobatan, guna mengeliminasi kanker serviks.",https://x.com/indozonemedia/status/1915400392063803841,0,0,0,127,NaN
1480,srondolinho,2025-04-23T22:28:37.000Z,"Kelinci percobaan di konteks Indonesia apa aja bang? Vaksinasi tetanus?",https://x.com/srondolinho/status/1915170975433494705,0,0,0,64,NaN
1481,HalodocID,2025-04-22T07:30:00.000Z,"Kanker serviks masih jadi salah satu penyebab kematian tertinggi perempuan di Indonesia. Lebih dari 70% kasusnya disebabkan oleh virus HPV.  Kabar baiknya, bisa dicegah dengan vaksinasi melalui Homecare by Halodoc. Lebih praktis karena dokter datang ke rumahmu   Book sekarang!",https://x.com/HalodocID/status/1914582443732222411,0,0,0,513,NaN
1482,OposisiCerdas,2025-05-14T13:56:02.000Z,"Indonesia Jadi Tempat Uji Coba Vaksin TBC, Menkes: Vaksinasi Itu Teman, Bukan Musuh!",https://x.com/OposisiCerdas/status/1922652124246110694,0,0,0,717,NaN
1483,geloraco,2025-05-14T11:51:01.000Z,"Indonesia Jadi Tempat Uji Coba Vaksin TBC, Menkes: Vaksinasi Itu Teman, Bukan Musuh!",https://x.com/geloraco/status/1922620661870280869,0,0,0,4,NaN
1484,taxed_lady,2025-05-14T11:10:45.000Z,"Seandainya nakes dapet insentif krn tuntas ngobatin pasien TBC, tuntas memberikan vaksinasi wajib ke seluruh balita atau minimal memenuhi target, berhasil menurunkan angka kematian ibu, berhasil menurunkan angka stunting. Indonesia sehat, nakes sejahtera",https://x.com/taxed_lady/status/1922610530327380259,0,0,0,134,NaN
1485,ade_kang,2025-05-13T00:42:26.000Z,"Target rakyat miskin anda salah bill gates, Rakyat Indonesia yang miskin itu bisa gaji presiden TNI polri lembaga hukum, BUMN,PNS, jika anda membutuhkan vaksinasi uji coba kelinci percobaan lebih baik bagi para penerima pajak Indonesia ok,biar mereka menderita",https://x.com/ade_kang/status/1922090019814011045,0,0,0,61,NaN
1486,tiramisb,2025-05-12T11:23:37.000Z,"Perjalanan vaksinasi TBC di Indonesia mencerminkan tantangan dan harapan. Dari BCG yang selama lebih dari lima dekade menjadi tameng bagi anak-anak, kini kita berharap munculnya vaksin yang lebih efektif untuk semua kelompok usia.",https://x.com/tiramisb/status/1921888993047703859,0,0,0,24,NaN
1487,tiramisb,2025-05-12T11:22:48.000Z,"Karena itu, angka penularan TBC di Indonesia masih tinggi meskipun vaksinasi BCG telah lama dilakukan. Pemerintah dan dunia internasional menyadari keterbatasan ini. Berbagai upaya riset dan pengembangan vaksin TBC generasi baru terus dilakukan.",https://x.com/tiramisb/status/1921888785433756019,0,0,0,35,NaN
1488,tiramisb,2025-05-12T11:22:42.000Z,"Vaksin BCG mulai digunakan secara luas di berbagai negara setelah Perang Dunia II, termasuk Indonesia. Di Indonesia, vaksinasi BCG mulai diterapkan secara nasional sejak tahun 1973 sebagai bagian dari program imunisasi dasar.",https://x.com/tiramisb/status/1921888760741929292,0,0,0,25,NaN
1489,onorus7940,2025-05-12T11:17:28.000Z,"Rakyat Indonesia( 60 % miskin) adalah "" TARGET ""untuk di musnahkan melalui  system  DEPOPULASI SYSTEMIC jadi kalian mau melawan system itu sekarang atau kalian tetap akan di "" delete"" oleh pemerintah dlm 5- 10 th y.a.d.Bill Gates sdh "" NAGIH Agreement itu melalui vaksinasi titik",https://x.com/onorus7940/status/1921887445806690620,0,0,0,43,NaN
1490,J_a2y0,2025-05-11T03:02:58.000Z,"Jangan dipaksakan vaksinasi uji coba ini ya pak menteri. Mungkin rakyat Indonesia masih banyak yang bodoh, tapi jangan hidup mereka dikorbankan demi ambisi anda. Coba sekali ini dipikir pak menteri, jika aman kenapa bill gates tidak uji coba vaksin ini di AS?",https://x.com/J_a2y0/status/1921400612714860680,0,0,0,37,NaN
1491,hasanudinsajid,2025-05-11T00:53:12.000Z,"Saya ko Setuju dengan Program Pak @prabowo utk vaksinasi TBC, kan memang Indonesia Rawan TBC. Utk Pabrik yg dibangun di Singapura kita harus legowo, sebab Netizen saja banyak yg tdk simpati ditambah kondisi Negara kita yg belom nyaman utk Investor, ya Kan ?",https://x.com/hasanudinsajid/status/1921367956207874222,0,0,0,62,NaN
1492,garudatvnews,2025-05-10T05:49:20.000Z,"Program vaksinasi global melibatkan banyak pihak, termasuk Bill Gates yang ingin mencoba Vaksin TBC miliknya di indonesia. Bagaimana dampaknya untuk Indonesia?  Editor | Admin: Rio | Sephi   Saksikan Garuda TV di Free to Air atau Streaming melalui: http://garuda.tv |",https://x.com/garudatvnews/status/1921080090328527359,0,0,0,57,NaN
1493,skyundocean,2025-05-10T00:31:57.000Z,"Ini uji coba loh dok. Kalau gagal & malah jadi penyakit baru, atau si virus malah bermutasi jadi lebih kuat/resisten gimana?  Trus kenapa kantornya di Singapura? Itu yang bikin sus. Kalau itu vaksinasi sudah sempurna lalu dibagikan ke Indonesia, baru itu kebaikan. Tp jd lab rat?",https://x.com/skyundocean/status/1921000219656819188,0,0,0,498,NaN
1494,skyundocean,2025-05-10T00:23:29.000Z,"Saya bantu jawab. Karena pasar Indonesia itu besar, jadi cocok untuk berbisnis, ini bukan soal kemanusiaan, tapi uang. Mereka gak peduli soal kesehatan, yang penting cuan. Gak peduli soal lapangan pekerjaan, masih ingat soal vaksinasi covid? Nah sama, it’s all about business.",https://x.com/skyundocean/status/1920998087113195754,0,0,0,163,NaN
1495,skyundocean,2025-05-10T00:18:11.000Z,"Terus kenapa kantornya di Singapura? Vaksinasi di Indonesia, ya bikin pabrik dan kantor di Indonesia lah. Kenapa tuh coba jawab?",https://x.com/skyundocean/status/1920996756008964161,0,0,0,602,NaN
1496,dburnpeace,2025-05-09T20:18:10.000Z,"Gak cukup ya indonesia dapet gelar imunisasi vaksin anak terbanyak di dunia. Bahkan bangsa amerika menolak semua vaksinasi bill gates tpi presiden gemoy ini gampang bgt jadiin rakyat indoesia uji cobanya, semiskin & serendah ini kah rakyat dijadikan uji coba",https://x.com/dburnpeace/status/1920936352134181223,0,0,0,8,NaN
1497,wibisonoys,2025-05-09T13:55:00.000Z,"Kontroversi terjadi ketika vaksinasi Covid 19 dulu , justru ada yang berpendapat banyak orang yang mati di Indonesia justru karena di Vaksin ,Vaksin untuk pencegahan bukan pengobatan @grok",https://x.com/wibisonoys/status/1920839926087668099,0,0,0,14,NaN
1498,nawabinekanews,2025-05-09T07:47:00.000Z,"Penyakit Mulut dan Kuku (PMK) telah menjadi ancaman serius bagi industri peternakan, terutama di Indonesia. Penyakit ini menyerang hewan ternak seperti sapi, domba, dan kambing, yang dapat menyebabkan penurunan produktivitas dan kesehatan hewan.  https://nawabineka.com/genjot-vaksinasi-pmk-demi-menjaga-kesehatan-hewan-ternak/…",https://x.com/nawabinekanews/status/1920747315201036724,0,0,0,16,NaN
1499,laenith,2025-05-09T05:09:57.000Z,"uji klinis itu bukan uji coba sih. Itu memang bentuk penelitian resmi untuk menilai efektifitas sebuah terapi. Kenapa tidak ke America dan eropa? Sesimple disana kasusnya sangat minimalis. Indonesia itu endemik TBC jadi kasusnya untuk uji klinis vaksinasi ini bisa sangat banyak.",https://x.com/laenith/status/1920707792677007812,0,0,0,526,NaN
1500,RajamediaIDN,2025-05-09T02:33:52.000Z,"“Covid selesai karena vaksin. Cacar pun sama. Ini bukti ilmiah!” — Menkes @KemenkesRI Indonesia, siap jadi pionir vaksinasi dunia! #RajaMedia #KesehatanPublik #BillGatesDiRI",https://x.com/RajamediaIDN/status/1920668512709742970,0,0,0,16,NaN
1501,dr_koko28,2025-05-29T00:24:45.000Z,"Desember 2020 retret sampai perbatasan RI di Papua & Papua Barat saat sedang hectic dengan banjir informasi (& beyond) terkait dengan rencana vaksinasi Covid di Indonesia.   Pemerintah sedang siapin, sementara mayoritas circle akademisi dan klinisi masih skeptis.  Di sisi lain,",https://x.com/dr_koko28/status/1927883775209623864,0,0,0,871,NaN
1502,SalimCipok,2025-05-28T07:35:35.000Z,"Hak imunitas JAKSA yang berlebih dengan perlindungan TNI layaknya satpam harian, harusnya dibarengi dengan secepatnya di beri vaksinasi TBC produknya @BillGates ! Rakyat Indonesia gak mau melihat JAKSA sakit-sakitan karena TBC, apalagi kemana2 bakal ditandu TNI?, ya kan GLODOK!",https://x.com/SalimCipok/status/1927629813873090844,0,0,0,103,NaN
1503,AGoeci,2025-05-28T01:25:00.000Z,"Perbedaan korban Covid-19 antara Indonesia dan USA. Rakyat USA banyak yg menolak vaksinasi. Korban meninggal 6 kali lipat korban di Indonesia.",https://x.com/AGoeci/status/1927536549740060796,0,0,0,51,NaN
1504,hanan052020,2025-05-27T10:25:11.000Z,"Hehe bukan tapi yg berikut dibawah   ""Prof Tjandra Yoga Aditama mengemukakan ancaman gelombang ketiga COVID-19 di Indonesia dipengaruhi vaksinasi yang belum memadai""",https://x.com/hanan052020/status/1927310106338685377,0,0,0,75,NaN
1505,SamPejuang,2025-05-26T22:35:53.000Z,"Rakyat indonesia dijadikan uji coba Vaksinasi Pemerintah ini bodoh atau sengaja mau bunuh rakyatnya ? Demi laba vaksinasi karena kehabisan uang negara, hutang ribuan triliun jkw",https://x.com/SamPejuang/status/1927131602783527282,0,0,0,5,NaN
1506,RatunyaTagar,2025-05-25T10:14:55.000Z,"INFORMASI TERKAIT VAKSINASI  *INDONESIA JANGAN MAU DIJADIKAN KELINCI PERCOBAAN*",https://x.com/RatunyaTagar/status/1926582745519505913,0,0,0,168,NaN
1507,MiraninonLita,2025-06-14T21:51:16.000Z,"PANDANGAN/PENDAPAT MENKES RI TENTANG PENDUDUK INDONESIA !   3.11 Bagaimana penduduk Indonesia dan kepercayaan mereka terhadap kampanye vaksinasi ?  ""SAYA PIKIR MEREKA TIDAK TER-EKSPOS SEBANYAK PENDUDUK NEGARA MAJU LAINNYA MENGENAI SISI NEGATIF ​​VAKSIN"" !  https://youtu.be/bn8rOPVzaZc?si=7lpNPfrUZbzvEbpM…",https://x.com/MiraninonLita/status/1934005746158715237,0,0,0,90,NaN
1508,MiraninonLita,2025-06-14T21:49:31.000Z,"PANDANGAN/PENDAPAT  MENKES RI TENTANG PENDUDUK INDONESIA !   3.11 Bagaimana penduduk Indonesia dan kepercayaan mereka terhadap kampanye vaksinasi ?  ""SAYA PIKIR MEREKA TIDAK TER-EKSPOS SEBANYAK PENDUDUK NEGARA MAJU LAINNYA MENGENAI SISI NEGATIF ​​VAKSIN""!",https://x.com/MiraninonLita/status/1934005304112689586,0,0,0,53,NaN
1509,MiraninonLita,2025-06-14T21:37:29.000Z,"PANDANGAN/PENDAPAT  MENKES RI TENTANG PENDUDUK INDONESIA!   Reporter bertanya:  Menit 3.11 Bagaimana penduduk Indonesia dan kepercayaan mereka terhadap kampanye vaksinasi ?  ""SAYA PIKIR MEREKA TIDAK TER-EKSPOS SEBANYAK PENDUDUK NEGARA MAJU LAINNYA MENGENAI SISI NEGATIF ​​VAKSIN""!",https://x.com/MiraninonLita/status/1934002276697571552,0,0,0,45,NaN
1510,MiraninonLita,2025-06-14T21:13:07.000Z,"PANDANGAN/PENDAPAT  MENKES RI TENTANG PENDUDUK INDONESIA !   3.11 Bagaimana penduduk Indonesia dan kepercayaan mereka terhadap kampanye vaksinasi ?  ""SAYA PIKIR MEREKA TIDAK TER-EKSPOS SEBANYAK PENDUDUK NEGARA MAJU LAINNYA MENGENAI SISI NEGATIF ​​VAKSIN""!  https://youtu.be/bn8rOPVzaZc?si=7lpNPfrUZbzvEbpM…",https://x.com/MiraninonLita/status/1933996145661145453,0,0,0,858,NaN
1511,BBCIndonesia,2025-06-07T08:26:59.000Z,"Organisasi Kesehatan Dunia menyarankan mereka yang hamil, ingin hamil, atau menyusui, untuk ""mendapatkan vaksinasi [Covid] demi melindungi Anda dan keluarga"".  ""Tidak ada isu keamanan yang diidentifikasi bagi mereka [hamil] atau bayi mereka,"" tambah WHO.",https://x.com/BBCIndonesia/status/1931266625229197507,0,0,0,2,NaN
1512,KinkinAsikin1,2025-06-07T00:59:13.000Z,"Koq selalu dikaitkan dengan orang asing. Sewaktu ada bill gates dengan isu vaksinasi TBC dengan keinginan melibatkan rakyat Indonesia koq mingkem Bae. Memangnya Bill Gates bukan orang asing bagi rakyat Indonesia",https://x.com/KinkinAsikin1/status/1931153941699625017,0,0,0,5,NaN
1513,kompascom,2025-06-05T08:51:16.000Z,"Kementerian Kesehatan (Kemenkes) menyampaikan, ada penambahan 7 kasus Covid-19 yang terdeteksi di Indonesia dengan periode 25-31 Mei 2025.  ~MD #Covid19 #KasusCovid #Vaksinasi",https://x.com/kompascom/status/1930547961047740705,0,0,0,1,NaN
1514,antaranews,2025-06-05T03:35:14.000Z,"Ketua Majelis Kehormatan Perhimpunan Dokter Paru Indonesia (PDPI), Prof Tjandra Yoga Aditama mengatakan vaksinasi ulangan COVID-19 menjadi rekomendasi Organisasi Kesehatan Dunia (WHO) untuk kelompok risiko tinggi.",https://x.com/antaranews/status/1930468428974043300,0,0,0,238,NaN
1515,mediaindonesia,2025-06-04T13:20:00.000Z,"KEMENTERIAN Kesehatan (Kemenkes) dalam Surat Edaran mengenai kewaspadaan lonjakan covid-19 menyebut varian dominan yang beredar di Indonesia adalah MB.1.1.  https://mediaindonesia.com/humaniora/779355/epidemiolog-dengan-vaksinasi-covid-19-subvarian-tidak-mematikan…",https://x.com/mediaindonesia/status/1930253201913328078,0,0,0,458,NaN
1516,mediaindonesia,2025-06-04T07:44:31.000Z,"KEMENTERIAN Kesehatan (Kemenkes) dalam Surat Edaran mengenai kewaspadaan lonjakan covid-19 menyebut varian dominan yang beredar di Indonesia adalah MB.1.1. https://mediaindonesia.com/humaniora/779355/epidemiolog-dengan-vaksinasi-covid-19-subvarian-tidak-mematikan…",https://x.com/mediaindonesia/status/1930168774277378344,0,0,0,247,NaN
1517,saintpooney,2025-06-03T23:01:57.000Z,"Mungkin di Thailand dulu gak ada vaksinasi kali ya masa sampe covid bisa muncul lagi kayak Indonesia donk udah vaksin semua warganya",https://x.com/saintpooney/status/1930037266837319789,0,0,0,125,NaN
1518,MiraninonLita,2025-06-03T02:25:28.000Z,"JAWABAN MENKES ! 3,11Bgmn kepercayaan masy Indonesia terhadap kampanye vaksinasi ? TDK SEBURUK NEGARA MAJU. Menarik, knp bisa demikian? SAYA PIKIR MEREKA TIDAK TER-EKSPOS/NOT AS EXPOSED AS  SEPERTI PENDUDUK NEGARA MAJU LAIN TENTANG SISI NEGATIF ​​VAKSIN !",https://x.com/MiraninonLita/status/1929726097635398008,0,0,0,140,NaN
1519,detikcom,2025-06-02T04:37:00.000Z,"COVID-19 cases are rising in Thailand with more than 18,000 cases per day. Is Indonesia 'safe'? Do we need booster vaccinations again or not?",https://x.com/detikcom/status/1929396808629015003,0,0,0,3,NaN
1520,detikHealth,2025-06-02T03:45:00.000Z,"Kasus COVID-19 meningkat di Thailand dengan lebih dari 18 ribu kasus sehari. Indonesia 'aman'? Perlu vaksinasi booster lagi atau tak perlu? https://health.detik.com/berita-detikhealth/d-7943757/epidemiolog-ui-yakini-covid-19-ri-juga-naik-ini-alasannya?utm_campaign=detikcomsocmed&utm_medium=oa&utm_source=twitter&utm_content=detikhealth…",https://x.com/detikHealth/status/1929383722778071506,0,0,0,406,NaN
1521,detiksport,2025-06-29T12:48:54.000Z,"COVID-19 Merebak Lagi, Skuad Persib Jalani Vaksinasi https://sport.detik.com/sepakbola/liga-indonesia/d-7987639/covid-19-merebak-lagi-skuad-persib-jalani-vaksinasi??utm_campaign=detikcomsocmed&utm_medium=oa&utm_source=twitter&utm_content=detiksport…",https://x.com/detiksport/status/1939305074569924888,0,0,0,12,NaN
1522,tribunSUPERBALL,2025-06-29T08:55:37.000Z,"Persib Bandung melakukan vaksinasi ke seluruh skuad tim sebelum menggelar latihan bersama.  Pada kesempatan ini, kampiun Liga 1 dua musim beruntun tersebut fokus memberikan dua vaksin.",https://x.com/tribunSUPERBALL/status/1939246364443164762,0,0,0,120,NaN
1523,BolaSportcom,2025-06-29T08:54:16.000Z,"Persib Bandung melakukan vaksinasi ke seluruh skuad tim sebelum menggelar latihan bersama.  Pada kesempatan ini, kampiun Liga 1 dua musim beruntun tersebut fokus memberikan dua vaksin.",https://x.com/BolaSportcom/status/1939246024549449924,0,0,0,383,NaN
1524,ANTARABengkulu,2025-06-29T01:07:58.000Z,"Seluruh anggota skuad klub Liga 1 Indonesia Persib Bandung melakukan vaksinasi termasuk pemain dan staf untuk menyambut musim 2025/26.https://bengkulu.antaranews.com/berita/421573/seluruh-anggota-skuad-persib-bandung-divaksin…",https://x.com/ANTARABengkulu/status/1939128676249149471,0,0,0,60,NaN
1525,akuratco,2025-06-26T02:30:00.000Z,"POGI Rekomendasikan Vaksinasi HPV untuk Wanita Pranikah dan Pascapersalinan  Perkumpulan Obstetri dan Ginekologi Indonesia (POGI) merilis rekomendasi terbaru. Rekomendasi ini terkait vaksinasi Human Papillomavirus (HPV).  Dua kelompok yang menjadi fokus utama adalah wanita",https://x.com/akuratco/status/1938062158283133072,0,0,0,80,NaN
1526,ndchvff,2025-06-25T16:33:15.000Z,"suda masuk era jakarta indonesia passing untuk konser2 terkini jd menjadwalkan vaksinasi sj biar ada yang bisa dinantikan untuk paruh kedua tahun ini kalau ini negara atau ini badan masih ada",https://x.com/ndchvff/status/1937911981752914301,0,0,0,40,NaN
1527,batamtoday,2025-06-20T11:19:59.000Z,"Lindungi Perempuan Indonesia, Kemenkes Percepat Vaksinasi HPV dan Kembangkan Skrining Mandiri",https://x.com/batamtoday/status/1936021205515141426,0,0,0,40,NaN
1528,nawabinekanews,2025-06-19T07:19:17.000Z,"Vaksin HPV gratis menjadi topik hangat di Indonesia dengan berbagai pro dan kontra dari masyarakat maupun para ahli kesehatan. Debat ini menyentuh berbagai aspek mulai dari efektivitas hingga aksesibilitas vaksinasi untuk perempuan di Indonesia.  https://hypevox.id/vaksin-hpv-gratis-pro-dan-kontra-dalam-pandangan-masyarakat-indonesia/…",https://x.com/nawabinekanews/status/1935598243955798333,0,0,0,127,NaN
1529,alexanderdrspan,2025-06-19T02:34:00.000Z,"MUI itu termasuk “deep state” di Indonesia. Mau vaksinasi Covid? Minta fatwa MUI dulu. Kalau tidak ada fatwa, bisa gagal itu program vaksinasi.",https://x.com/alexanderdrspan/status/1935526448867299826,0,0,0,41,NaN
1530,MiraninonLita,2025-06-18T21:22:34.000Z,"@grok  Reporter: GIMANA KEPERCAYAAN MASYARAKAT INDONESIA PADA KAMPANYE VAKSINASI ? Menkes: TDK SEBURUK NEGARA MAJU Reporter: MENARIK KENAPA BISA DEMIKIAN? Menkes: SAYA PIKIR MEREKA NOT AS EXPOSED AS/TDK TER-EKSPOS SEPERTI PENDUDUK NEGARA MAJU LAIN TENTANG SISI NEGATIF ​​VAKSIN !",https://x.com/MiraninonLita/status/1935448075994284274,0,0,0,97,NaN
1531,mediaindonesia,2025-06-18T13:00:01.000Z,"""Data global menunjukkan bahwa selama 30 tahun, anak-anak memiliki  insiden dengue yang lebih tinggi dan Disability-Adjusted Life Years ,""  kata dia.",https://x.com/mediaindonesia/status/1935321605502312486,0,0,0,329,NaN
1532,lumajang_kab,2025-06-18T07:24:43.000Z,"DKPP Kabupaten Lumajang bersama Civitas Akademika Fakultas FKH UNAIR dan Perhimpunan Dokter Hewan Indonesia (PDHI) Jatim VII akan menggelar layanan vaksinasi rabies dan pemeriksaan kesehatan hewan secara gratis. Rabu (18/6/2025).  baca selengkapnya: https://portalberita.lumajangkab.go.id/main/baca/aXKFgZZt…",https://x.com/lumajang_kab/status/1935237222430818331,0,0,0,267,NaN
1533,bharianmy,2025-07-10T09:06:27.000Z,"#BHNasional Beberapa program kemanusiaan akan mendapat manfaat daripada pembiayaan termasuk vaksinasi dan inisiatif HIV/AIDS di Filipina serta program makan percuma untuk kanak-kanak dan wanita hamil di Indonesia",https://x.com/bharianmy/status/1943235359078567968,0,0,0,802,NaN
1534,MiraninonLita,2025-07-01T21:54:50.000Z,"Kata grok : Untuk calon haji Indonesia tahun 2025, vaksinasi wajib meliputi :",https://x.com/MiraninonLita/status/1940167237501112562,0,0,0,43,NaN
1535,MiraninonLita,2025-07-01T20:33:08.000Z,"@grok sebutkan yg lengkap, VAKSINASI apa saja yg diwajibkan bagi para calon Haji Indonesia sebelum berangkat menunaikan ibadah haji",https://x.com/MiraninonLita/status/1940146675609477476,0,0,0,112,NaN
1536,kompascom,2025-07-01T04:42:57.000Z,"Menteri Kesehatan Budi Gunadi Sadikin sebelumnya juga mengingatkan pentingnya vaksinasi HPV sebagai langkah pencegahan kanker serviks, penyebab utama kematian perempuan akibat kanker di Indonesia.  ~MD #VaksinHPV #Vaksinasi",https://x.com/kompascom/status/1939907554332877178,0,0,0,1,NaN
1537,itslicetomeetya,2025-07-29T04:27:05.000Z,"a #JossGawin Au — With 2.5 years old Guinzly  - Indonesia Ver    Red cars and Toddler Tantrum  Guinzly has been fussy all morning ever since he got his vaccination today. Papa needs to stay close to him to make him feel better. But then, chaos erupted when the little toddler",https://x.com/itslicetomeetya/status/1950050423509045379,22,81,571,50,NaN
1538,ditkeswan,2025-07-18T06:13:50.000Z,"Bebas PMK Nanti, Mulai dengan Vaksinasi Hari Ini!  Bayangkan satu hari nanti, Indonesia bebas dari ancaman Penyakit Mulut dan Kuku (PMK). Ternak tumbuh sehat, susu dan daging melimpah, peternak sejahtera.",https://x.com/ditkeswan/status/1946091020753723603,0,0,0,42,NaN
1539,biblembang,2025-07-18T01:08:29.000Z,"#SobatTernak, Periode vaksinasi PMK Tahap II resmi dimulai!   Juli–September 2025 jadi momen krusial untuk bentuk kekebalan kelompok demi Indonesia bebas PMK tahun 2035.",https://x.com/biblembang/status/1946014177249939951,0,0,0,19,NaN
1540,detikcom,2025-07-17T06:37:00.000Z,"Perhimpunan Dokter Spesialis Penyakit Dalam Indonesia (PAPDI) menekankan pentingnya perlindungan terhadap populasi dewasa dari pneumonia melalui vaksinasi.",https://x.com/detikcom/status/1945734462270230993,0,0,0,2,NaN
1541,detikHealth,2025-07-17T06:30:00.000Z,"Perhimpunan Dokter Spesialis Penyakit Dalam Indonesia (PAPDI) menekankan pentingnya perlindungan terhadap populasi dewasa dari pneumonia melalui vaksinasi. https://health.detik.com/berita-detikhealth/d-8015678/kasus-pneumonia-di-ri-masih-tinggi-papdi-rekomendasikan-vaksin-untuk-usia-18?utm_campaign=detikcomsocmed&utm_medium=oa&utm_source=twitter&utm_content=detikhealth…",https://x.com/detikHealth/status/1945732701257953470,0,0,0,258,NaN
1542,antaranews,2025-07-16T14:22:16.000Z,"“Vaksinasi merupakan langkah preventif yang sangat penting dalam menurunkan angka kesakitan dan kematian akibat pneumonia,” kata Eka.",https://x.com/antaranews/status/1945489161374601433,0,0,0,426,NaN
1543,MiraninonLita,2025-08-14T22:38:39.000Z,"@grok 28 DES 2021 Seorang siswa kelas 6 SDN Gedangan, Kecamatan Mojowarno, Jombang Indonesia meninggal dunia. Sebelumnya siswa tersebut mendapatkan vaksinasi dosis pertama jenis PFIZER. Sebelum meninggal, bocah berusia 12 tahun itu sempat demam dan muntah",https://x.com/MiraninonLita/status/1956123328567238816,0,0,0,113,NaN
1544,MiraninonLita,2025-08-14T22:04:46.000Z,"@grok menurut data dan sumbermu dan analisamu mengenai vaksin covid di Indonesia, vaksin covid apa yg disuntikkan ke anak malang ini ?  Sebelumnya, siswa tersebut mengikuti vaksinasi anak umur 6-11 tahun untuk dosis pertama pada Sabtu (15/1/2022).",https://x.com/MiraninonLita/status/1956114803031990669,0,0,0,63,NaN
1545,dkpp_indramayu,2025-08-13T07:00:58.000Z,"Dalam rangka memperingati HUT Republik Indonesia ke-80, Dinas Ketahanan Pangan dan Pertanian Kabupaten Indramayu menggelar Giat Vaksinasi Rabies, bertempat di Aula Kecamatan Haurgeulis. 13/08/2025  Kegiatan ini bertujuan untuk mencegah penyebaran penyakit rabies.",https://x.com/dkpp_indramayu/status/1955524966285447216,0,0,0,66,NaN
1546,PolsekSelemadeg,2025-08-11T05:36:07.000Z,"Cegah Rabies & Jaga Kesehatan Hewan, Bhabinkamtibmas Desa Wanagiri Kauh atensi Giat Vaksinasi oleh Dinas Peternakan Kabupaten Tabanan  @kapoldabaliofficial @poldabali @polrestabanan__ @divisihumaspolri @polripresisi @polisi_indonesia. @polsekselemadeg",https://x.com/PolsekSelemadeg/status/1954778836366938224,0,0,0,15,NaN
1547,bedugtengahawan,2025-08-08T23:33:30.000Z,"BGS dan dokter2 - nakes di kementerian Kesehatan Indonesia, silahkan kalian tertawa tawa di dunia. Kalian pasti mati bila saatnya tiba. DI padang Mashar kelak, kalian bertanggung jawab atas kejahatan vaksinasi yang kalian tutupi. Mulut kalian kunci, dan semua akan bersaksi.",https://x.com/bedugtengahawan/status/1953962806103224598,0,0,0,19,NaN
1548,arikprJFS,2025-08-07T15:05:52.000Z,"Pemberian vaksin pada anak perlu  disesuaikan dengan jadwal yang direkomendasikan oleh Ikatan Dokter Anak Indonesia (IDAI) dan perlu dikonsultasikan dengan dokter anak untuk memastikan vaksinasi yang tepat dan sesuai dengan kondisi anak.",https://x.com/arikprJFS/status/1953472666201158036,0,0,0,33,NaN
1549,MiraninonLita,2025-08-01T11:44:51.000Z,"DATA VAKSIN COVID warga Indonesia ditampilkan di IKD ! Nama vaksin, misal :  Pfizer, Sinovac, dosis ke-1/2/booster, tanggal vaksinasi, lokasi faskes, plus NIK, nama, tanggal lahir, dan barcode sertifikat.  @grok  data vaksin covid warga Indonesia ini ditransfer juga ke AS kan ?",https://x.com/MiraninonLita/status/1951247753029603539,0,0,0,161,NaN
1550,Kota_Tangerang,2025-08-01T03:17:43.000Z,"VAKSINASI RABIES GRATIS DI KOTA TANGERANG!  Dalam rangka memeriahkan HUT ke-80 Republik Indonesia, Dinas Ketahanan Pangan Kota Tangerang kembali hadir dengan program Vaksinasi Rabies GRATIS untuk anjing, kucing, musang, dan kera!",https://x.com/Kota_Tangerang/status/1951120127199682735,0,0,0,192,NaN
1551,MiraninonLita,2025-08-29T08:06:16.000Z,"REPORTER tanya: Bagaimana masyarakat Indonesia kepercayaannya pada kampanye vaksinasi ?   Pak Budi Gunadi jawab : ""TIDAK SEBURUK NEGARA MAJU. SAYA BERPIKIR MEREKA TIDAK TER-EKSPOS SEPERTI PENDUDUK NEGARA MAJU LAINNYA TENTANG SISI NEGATIF ​​ DARI VAKSIN"" !",https://x.com/MiraninonLita/status/1961339606818869615,0,0,0,96,NaN
1552,ultima_kawaii,2025-08-27T15:11:35.000Z,"Padahal itu Biofarma di Bandung jadi salah satu produsen global untuk banyak vaksin wajib, di Indonesia juga kebanyakan pakai produk Biofarma Untuk vaksinasi wajib",https://x.com/ultima_kawaii/status/1960721864566735137,0,0,0,1,NaN
1553,MediaVoi,2025-08-27T12:35:24.000Z,"Indonesia Negara dengan Kanker Serviks Tertinggi di Asia Tenggara, Tanda Vaksinasi HPV Harus Semakin Digiatkan! https://ift.tt/cbvr4yo",https://x.com/MediaVoi/status/1960682559655842204,0,0,0,45,NaN
1554,RadioElshinta,2025-08-27T08:19:23.000Z,"Kasus penyakit campak kembali menjadi sorotan nasional, setelah sejumlah daerah di Indonesia melaporkan terjadinya kejadian luar biasa (KLB). Penyakit yang seharusnya dapat dicegah melalui imunisasi, kini kembali mengancam, terutama di wilayah dengan cakupan vaksinasi yang",https://x.com/RadioElshinta/status/1960618130327396408,0,0,0,631,NaN
1555,MiraninonLita,2025-08-26T23:09:27.000Z,"JANGAN ADA PEMAKSAAN VAKSIN. 0,58DrSiti: Dikejar2 spt waktu covid? Utk TBC di Indonesia yg paling penting eradikasi, bukan vaksinasi. Saya khawatir rakyat dikejar2 utk disuntik vaksin tersebut yg sebetulnya kurang perlu, karena TB laten tidak bisa menular",https://x.com/MiraninonLita/status/1960479736314126468,0,0,0,1,NaN
1556,woilo_official,2025-08-25T15:20:53.000Z,"Penting banget memang buat kita semua sadar tentang vaksinasi. Terima kasih atas infonya, min! #indonesia",https://x.com/woilo_official/status/1959999428707967277,0,0,0,23,NaN
1557,daddyyuki,2025-08-23T15:06:09.000Z,"24 Agustus 2025  Hati² teman² ku di Indonesia. pemerintah Deep State Jepang menyumbang GAVI sebesar 81,000,000,000 Yen untuk 5 Tahun kedepan pada tanggal 18 Agt 2025 kemarin.  diperuntukkan vaksinasi rakyat negara berkembang termasuk Indonesia dengan mRNA vaksin baru.   pendanaan",https://x.com/daddyyuki/status/1959270945803436118,0,0,0,6,NaN
1558,daddyyuki,2025-08-23T15:05:49.000Z,"24 Agustus 2025  Hati² teman² ku di Indonesia. pemerintah Deep State Jepang menyumbang GAVI sebesar 81,000,000,000 Yen untuk 5 Tahun kedepan pada tanggal 18 Agt 2025 kemarin.  diperuntukkan vaksinasi rakyat negara berkembang termasuk Indonesia dengan mRNA vaksin baru.   pendanaan",https://x.com/daddyyuki/status/1959270859631452539,0,0,0,308,NaN
1559,MiraninonLita,2025-08-22T07:05:25.000Z,"@grok hingga MEI 2021 ada 30 kematian pasca-vaksin ? Kapan vaksin ini dimulai/dalam waktu berapa lama 30kematian ini terjadi ? Kapan mRNA vaksin dimulai di Indonesia ? Apa ada negara lain di dunia kecuali Indonesia, yg melakukan vaksinasi covid dan tidak ada korban KIPI satupun ?",https://x.com/MiraninonLita/status/1958787578959995063,0,0,0,61,NaN
1560,MiraninonLita,2025-08-16T23:21:17.000Z,"@grok tolong hitung, saat anak Indonesia berumur 7 tahun 11 bulan, sudah berapa  kali/total seluruh vaksin yg diterima anak jika jadwal vaksinasi anak diikuti dengan komplit ?",https://x.com/MiraninonLita/status/1956858834485719420,0,0,0,205,NaN
1561,MiraninonLita,2025-08-16T23:07:28.000Z,"@grok bisa kamu sebutkan/tampilkan seluruh jenis vaksinasi anak dan umur anak yg dilakukan di Indonesia ?",https://x.com/MiraninonLita/status/1956855356807938444,0,0,0,93,NaN
1562,karantinasumsel,2025-08-16T22:18:19.000Z,"Siaran Pers Badan Karantina Indonesia Nomor : 1708/R-Barantin/08.2025 Palembang, 15 Agustus 2025  Karantina Sumsel Gelar Sosialisasi dan Vaksinasi Rabies Gratis",https://x.com/karantinasumsel/status/1956842989889937611,0,0,0,25,NaN
1563,ditkeswan,2025-08-16T04:17:41.000Z,"Yuk tunggu apalagi vaksinasi rabies segera anabulmu dan wujudkan Indonesia MERDEKA rabies   #VaksinasiRabies #VaksinRabies #AyoVaksinasi  #IndonesiaMerdekaRabies #SemangatKemerdekaan #LombaDitjenPKH #Ditkeswan #DitjenPKH #KementanRI",https://x.com/ditkeswan/status/1956571037975633936,0,0,0,15,NaN
1564,ditkeswan,2025-08-16T04:17:40.000Z,"Sudah 80 tahun Indonesia merdeka dari penjajah.  Saatnya Indonesia merdeka dari penyakit hewan yang bersifat zoonotik salah satunya, Rabies.  Bagaimana caranya? #KawanKeswan dapat membantu Indonesia merdeka dari rabies dengan cara vaksinasi rabies anabulmu.",https://x.com/ditkeswan/status/1956571033269325964,0,0,0,26,NaN
1565,leejuyomi_,2025-01-30T13:24:50.000Z,"Goshhh someone campak me to Seoul now",https://x.com/leejuyomi_/status/1884955936789569988,0,0,0,59,NaN
1566,markonahajis,2025-01-30T11:40:55.000Z,"Mana kena campak ke nerakanya? UwU is this keras to you?",https://x.com/markonahajis/status/1884929785106989178,0,0,0,42,NaN
1567,shokiwankenobi,2025-01-30T11:25:07.000Z,"5 tahun since kami pungut & bela kucing  ni, tibe2 je start prangai kencing atas sofa. Org rumah aku siap ugut..  Wife: ""haa, area gombak ni byk pasar, pilih pasar mana nk kene campak tinggal..""  Aku: ""pasar selayang je...""  Wife: ""...alaa mcm jauh lak dr kite..""  Aku: ...",https://x.com/shokiwankenobi/status/1884925806985777531,0,0,0,99,NaN
1568,EncikSood,2025-01-30T10:47:38.000Z,"lagi satu, kalau orang dulu pilih kelapa kalau nak perah santan. hat lendir sikit, terus rijek. campak bagi ayam makan. kalau kedai ni kekadang dia campur je, janji tak busuk teruk.",https://x.com/EncikSood/status/1884916375367606663,0,0,0,295,NaN
1569,_cikp,2025-01-30T10:22:59.000Z,"Screen amoled ni mmg cari pasal la ek. Phone baru setahun setengah ni ui. Dah bergaris garis macam apa je ni. Satgi org ingat aku duk main campak² phone ni. Padahal jenis screen ni yg cari pasal",https://x.com/_cikp/status/1884910172780573174,0,0,0,21,NaN
1570,fayyadhjaafar,2025-01-30T10:07:17.000Z,"Goreng daging cincang, campak satu sudu sos tiram, sos ikan, kicap, gula, daun basil, cili padi potong.  Tuang daging tepi nasi. Top nasi ngan teloq goreng mata.  Enjoy.",https://x.com/fayyadhjaafar/status/1884906221020619174,0,0,0,471,NaN
1571,Harazelll,2025-01-30T09:55:10.000Z,"Istg YG ni aku betul2 campak ular nanti biar dia telan bapak tua tu",https://x.com/Harazelll/status/1884903172172574952,0,0,0,34,NaN
1572,AiminSimba,2025-01-30T09:44:58.000Z,"SETOPPPPP!!! MANA NAK CAMPAK JEON WONUUUUU WAHAI JEON FARAH?",https://x.com/AiminSimba/status/1884900603668975886,0,0,0,45,NaN
1573,AnimationsHadif,2025-01-30T08:37:19.000Z,"Campak die kat dinding :3",https://x.com/AnimationsHadif/status/1884883578166890671,0,0,0,115,NaN
1574,kenzezt,2025-01-30T08:33:11.000Z,"beda kak campak sama dicampakkan itu",https://x.com/kenzezt/status/1884882540315677164,0,0,0,7,NaN
1575,SkullzHaven,2025-01-30T08:28:32.000Z,"Sohai perangainyarasa nak kutip pastu campak balik kat dia je",https://x.com/SkullzHaven/status/1884881367936471270,0,0,0,357,NaN
1576,kumuhaimin11,2025-01-30T07:22:27.000Z,"Kalau kena campak bukak radio room dkt woodland pastu dapat jadi supervisor baik jugak ni. Dapat naik gaji 200-300 pun ok dah.",https://x.com/kumuhaimin11/status/1884864737017758121,0,0,0,78,NaN
1577,asyamil09,2025-01-30T06:56:21.000Z,"Takde siapa halang majlis perbandaran buat kerja. Orang tak puas hati kalau aniaya/baling/campak anjing. Majlis perbandaran buat la kerja dengan ihsan kepada binatang seperti diajar oleh Rasulullah.  Tak ada siapa yang halang. https://x.com/MALAYSIAVIRALL/MALAYSIAVIRALLL/status/1884186121623793790…",https://x.com/asyamil09/status/1884858171464069428,0,0,0,196,NaN
1578,gustiayutp,2025-01-30T06:35:11.000Z,"Apa butuh disuntik campak lagi ya",https://x.com/gustiayutp/status/1884852843703878016,0,0,0,7,NaN
1579,EncikSood,2025-01-30T06:22:26.000Z,"betul. tbh bukan setakat prep barang, the method also renyah. kena banyak bersabar, bukan jenis one pot boleh campak dalam slow cooker style",https://x.com/EncikSood/status/1884849636705542357,0,0,0,108,NaN
1580,Fahmatchaa,2025-01-30T05:55:45.000Z,"Haha Nggak ngaruh sih suntik campak dengan dicampakkan",https://x.com/Fahmatchaa/status/1884842919552856370,0,0,0,3,NaN
1581,AqimNizar,2025-01-30T05:53:19.000Z,"@Khairykj kne campak bwh bas",https://x.com/AqimNizar/status/1884842308283301972,0,0,0,27,NaN
1582,sheisshuuu,2025-01-30T04:15:46.000Z,"Lega dah kemas rak baju adik. Sorting kain baju dia mana tak pakai tu campak je dlm plastik hitam takyah fikir2 dah.",https://x.com/sheisshuuu/status/1884817757218472025,0,0,0,61,NaN
1583,oojiley,2025-01-30T04:06:23.000Z,"mamat tu pun curang ngan anak bini dia . bistu kira jadi ah penggal kepala dia potong kaki campak kat tong sampah .",https://x.com/oojiley/status/1884815395972071866,0,0,0,40,NaN
1584,cufrdy,2025-01-30T02:51:49.000Z,"Tapi suntiknya bukan campak yang itu",https://x.com/cufrdy/status/1884796633118097798,0,0,0,16,NaN
1585,ofmavin,2025-01-30T02:45:43.000Z,"beda campak atuh nder",https://x.com/ofmavin/status/1884795097906335863,0,0,0,13,NaN
1586,ijwaa,2025-01-30T02:41:18.000Z,"Pernah flight dari 9:55pm delay sampai 11:30pm aku tak marah staff lah tapi aku penat diorang campak aku from gat 6b pergi gate 9. Aku kena berebut naik lift sebab beza 2 floor kat Dps  haram jadah hahaha",https://x.com/ijwaa/status/1884793983857299566,0,0,0,156,NaN
1587,uwunot4u,2025-01-30T02:36:05.000Z,"beda campak dong kak",https://x.com/uwunot4u/status/1884792673917428079,0,0,0,20,NaN
1588,jvngwyng,2025-02-27T18:30:41.000Z,"boleh je reject or ignore then cari your desire unii. upu campak me far from my home then i just reject/ignore je",https://x.com/jvngwyng/status/1895179764446699574,0,0,0,37,NaN
1589,karenadzirah,2025-02-27T13:48:20.000Z,"This book pisses me off ! Rasa macam nak campak kat dinding je. But its good. Dia sangat engaging. Still, it pisses me off",https://x.com/karenadzirah/status/1895108707882803676,0,0,0,41,NaN
1590,BomKyungsoo,2025-03-14T08:47:24.000Z,"tak nak hadap. Semua kena campak kt ak",https://x.com/BomKyungsoo/status/1900468795929440435,0,0,0,206,NaN
1591,rinyinggg,2025-03-14T08:20:44.000Z,"indeed. dia campak je kau nyah. waktu lowest point punya la kita beria ada. once dah regain footing in life, gitu je kena layan cam sampah.",https://x.com/rinyinggg/status/1900462083319492840,0,0,0,85,NaN
1592,bvcsui,2025-04-14T23:12:54.000Z,"they did a whole research on this topic yet still did this haha critical thinking campak mana https://x.com/YuenA_9/status/YuenA_9/status/1911680543290495389…",https://x.com/bvcsui/status/1911920629047279766,0,0,0,187,NaN
1593,ninieysharlleys,2025-04-14T10:57:57.000Z,"last year nani pun kena ada orang campak doll kat dia eyy geram la takde akhlak betul depa ni",https://x.com/ninieysharlleys/status/1911735671485804617,0,0,0,69,NaN
1594,ninieysharlleys,2025-04-14T10:55:24.000Z,"tak faham apesal nak kena campak campak ya allah stress tengokkan",https://x.com/ninieysharlleys/status/1911735030826901732,0,0,0,80,NaN
1595,afiqjiwa_14,2025-04-14T10:40:34.000Z,"Lama jugak aku tunggu nak tengok dia campak budak tu tapi ending nya takde pape pon. Mohon pencerahan context anyone.  https://t.co/jYvfArbZRY",https://x.com/afiqjiwa_14/status/1911731297204183436,0,0,0,235,NaN
1596,ropiegopi,2025-04-14T10:33:27.000Z,"campak campak pun sedap siot",https://x.com/ropiegopi/status/1911729508631327072,0,0,0,20,NaN
1597,iamIMMR,2025-04-14T09:41:20.000Z,"Baik campak je phone tu kalau tak reti jawab. Sekian.",https://x.com/iamIMMR/status/1911716391515766922,0,0,0,9,NaN
1598,j0yhunh0e,2025-04-14T08:59:17.000Z,"Kat mana lagi nak campak adult money kalau bukan ke concert, ye dak?",https://x.com/j0yhunh0e/status/1911705809316422048,0,0,0,184,NaN
1599,zulazri03,2025-04-14T07:04:58.000Z,"Dah 2025 gais, ada lagi ke perempuan yg jenis pemalasssss campak-campak je tudung dlm almari? pakai hanger mcm ni kan cantik, nampak kemas",https://x.com/zulazri03/status/1911677041273131490,0,0,0,21,NaN
1600,AzamLambert,2025-04-14T07:04:35.000Z,"Nenek campak holy water satgi",https://x.com/AzamLambert/status/1911676943378129175,0,0,0,13,NaN
1601,tenku_hafiz,2025-04-14T06:10:25.000Z,"Jujur hja lah cerita Zack Snyder makin lama makin teruk. Sapa kata cerita ni best, confirm2 jenis layan visual effect tapi storytelling campak tepi.",https://x.com/tenku_hafiz/status/1911663311252496472,0,0,0,91,NaN
1602,nnazihahrzk,2025-04-14T05:45:44.000Z,"Perangai sebijik mcm husband aku ni. Hari2 ada je teka teki dia. Smlm teka teki dia,   Sayang, kalau kita campak batu dekat laut merah, batu tu jadi apa......",https://x.com/nnazihahrzk/status/1911657100268437845,0,0,0,93,NaN
1603,joeongie,2025-04-14T04:42:50.000Z,"bejir kena campak akakwowkwowkwk",https://x.com/joeongie/status/1911641272974287037,0,0,0,53,NaN
1604,Unclemage1,2025-04-14T04:05:01.000Z,"Main campak aja ya wak",https://x.com/Unclemage1/status/1911631756907917751,0,0,0,9,NaN
1605,Petrichorn__,2025-04-14T03:53:32.000Z,"absen dulu yang gapernah kena cacar atau campak",https://x.com/Petrichorn__/status/1911628866516562222,0,0,0,12,NaN
1606,Nasik_Kandaq,2025-04-14T03:52:28.000Z,"Sbb kena campak",https://x.com/Nasik_Kandaq/status/1911628598630555649,0,0,0,14,NaN
1607,TilamSabut,2025-04-14T03:40:00.000Z,"Weh yeeeee. Kelakar betul. Ni boleh jadi kes tudung tu dah kemas elok pastu jatuh balik. Maid baru nak angkat susun balik, dah anak tuan rumah tu panggil ke apa pulak nak dijaga. Pastu maid tu campak je la dulu mana sempat, nnt setelkan balik. Okay done husnudzon",https://x.com/TilamSabut/status/1911625458418061615,0,0,0,33,NaN
1608,ButterAlways92,2025-04-14T03:37:11.000Z,"Lagi beruban tgk kitchen set up mcm kedai tomyam. Masa fire order, ketuk garlic then campak dlm pan…… mis en place mengarut.",https://x.com/ButterAlways92/status/1911624751644311694,0,0,0,40,NaN
1609,yoshxv,2025-04-14T03:03:42.000Z,"MAMPUS NAK MENCARI RECEIPT PULAK HAHAHAHHAA KAT MANA TAH AKU CAMPAK",https://x.com/yoshxv/status/1911616323555377532,0,0,0,236,NaN
1610,kyumadethings,2025-04-14T02:05:18.000Z,"Nohh cenggitu tu ja brownies tu siap.  Ni baru la campak campak terus siap. Jimat masa mommies kat dapur",https://x.com/kyumadethings/status/1911601629331341700,0,0,0,6,NaN
1611,aimantzs,2025-04-14T01:28:08.000Z,"Give up bodo aku dgn pc ni pagi pagi baik campak dalam sungai je siak",https://x.com/aimantzs/status/1911592272770261184,0,0,0,69,NaN
1612,nrizhsyhrhhh,2025-04-14T01:09:10.000Z,"sama. Bagi makan kucing liar dkt rumah, sekali kena perli lah sindir lah. Kalau kucing tu buat hal, kita yg salah. Kos yg kita keluar dah byk demi untuk menjaga keharmonian dengan jiran tapi org2 mcm ni mana faham. Klw kita biar je kucing2 ni, konfem jiran2 gi campak dkt pasar.",https://x.com/nrizhsyhrhhh/status/1911587501564985770,0,0,0,94,NaN
1613,tiwikerama,2025-04-14T00:48:10.000Z,"Mesti Rosemary nak campak bag Hermes Birkin dia bila tgk tiktok manufacturer from china yg produce luxury product tu. Shopping kat taobao je lh cik mah.",https://x.com/tiwikerama/status/1911582218193174705,0,0,0,107,NaN
1614,n_fiastra,2025-04-13T16:53:58.000Z,"lol not me and sofee said “hensem dohh” at the same time watching hun campak spek",https://x.com/n_fiastra/status/1911462881910243577,0,0,0,128,NaN
1615,azrlrazk,2025-04-13T15:17:27.000Z,"camavingoal. main position, tapi tu la sayang main real kena campak CDM la LB la",https://x.com/azrlrazk/status/1911438592712286607,0,0,0,110,NaN
1616,zaquan94,2025-04-13T15:04:25.000Z,"Ini bangsat kau campak kandang rimau la sana. Bodoh hidup menyusahkan orang.",https://x.com/zaquan94/status/1911435312535941625,0,0,0,21,NaN
1617,ysmedia26,2025-04-29T12:47:58.000Z,"1. Anak ""Buat Hal"" Bukan Sebab Saja-Saja  Bila anak memberontak, merajuk, jerit... itu bukan lawan. Itu jeritan emosi yang tak tahu macam mana nak diluahkan dengan betul. Contoh: Anak umur 4 tahun marah campak barang sebab sebenarnya penat, bukan sebab degil.",https://x.com/ysmedia26/status/1917199178264199663,0,0,0,4,NaN
1618,halalilin,2025-04-29T11:26:54.000Z,"i cannot with kishi teruk campak phone he is just tooooooo (",https://x.com/halalilin/status/1917178777630810139,0,0,0,63,NaN
1619,arivinraj_turu,2025-05-14T15:29:41.000Z,"Campak je la dalam blender hahaha",https://x.com/arivinraj_turu/status/1922675695005614476,0,0,0,422,NaN
1620,GeboksKitchen,2025-05-14T15:16:04.000Z,"Waterproof  Windproof  Night Jog or Ride? Gotcha back bruv.  Bajet Streetwear, under RGB lighting  Easy cleaning, ko campak je dlm washer.",https://x.com/GeboksKitchen/status/1922672265314943097,0,0,0,76,NaN
1621,msaqilah,2025-05-30T15:52:10.000Z,"Not me thinking you nak campak bagi kat dia kalau dia mintak hahahahaha... Sorry my wild imagination",https://x.com/msaqilah/status/1928479558342181353,0,0,0,262,NaN
1622,mhdzidannn,2025-05-30T12:23:41.000Z,"update: delay campak surat ye",https://x.com/mhdzidannn/status/1928427091688624462,0,0,0,80,NaN
1623,haejjaeu,2025-05-30T11:19:13.000Z,"i would campak kerusi kat stage fr amende sia",https://x.com/haejjaeu/status/1928410865990095240,0,0,0,18,NaN
1624,RaDysania,2025-06-29T14:33:46.000Z,"Anjayy malah kena campak",https://x.com/RaDysania/status/1939331464887448003,0,0,0,14,NaN
1625,xoxocloud,2025-08-30T09:25:04.000Z,"patut potong2 pastu campak kat kandang babi",https://x.com/xoxocloud/status/1961721822745174173,0,0,0,48,NaN
1626,Harian_Jogja,2025-08-30T06:13:41.000Z,"PMI Kirim Logistik ke Lokasi KLB Campak Sumenep https://news.harianjogja.com/read/2025/08/30/500/1226232/pmi-kirim-logistik-ke-lokasi-klb-campak-sumenep…",https://x.com/Harian_Jogja/status/1961673660562874544,0,0,0,200,NaN
1627,endartriwahyuni,2025-08-30T05:54:10.000Z,"Sebanyak 20 Anak Meninggal di Sumenep, Campak Lebih Menular daripada COVID  http://simbah-kakung.blogspot.com/2025/08/sebanyak-20-anak-meninggal-di-sumenep.html…",https://x.com/endartriwahyuni/status/1961668750715097312,0,0,0,23,NaN
1628,mas__iko,2025-08-30T05:53:58.000Z,"Sebanyak 20 Anak Meninggal di Sumenep, Campak Lebih Menular daripada COVID  http://simbah-kakung.blogspot.com/2025/08/sebanyak-20-anak-meninggal-di-sumenep.html…",https://x.com/mas__iko/status/1961668698646987209,0,0,0,26,NaN
1629,herman__joseph,2025-08-30T05:53:44.000Z,"Sebanyak 20 Anak Meninggal di Sumenep, Campak Lebih Menular daripada COVID  http://simbah-kakung.blogspot.com/2025/08/sebanyak-20-anak-meninggal-di-sumenep.html…",https://x.com/herman__joseph/status/1961668640513954277,0,0,0,22,NaN
1630,FareezAR,2025-08-30T05:16:35.000Z,"Tak sabar nak nak campak PH dalam longkang ke?",https://x.com/FareezAR/status/1961659291058016703,0,0,0,49,NaN
1631,detikHealth,2025-08-30T04:48:55.000Z,"Video Mengenal Seputar Campak: Gejala dan Faktor Risikonya",https://x.com/detikHealth/status/1961652327619997854,0,0,0,662,NaN
1632,JijikBib,2025-08-30T04:32:31.000Z,"Segera campak kan antek2 Mulyono pak, itu yang di inginkan Rakyat",https://x.com/JijikBib/status/1961648200521322706,0,0,0,16,NaN
1633,WarriorK31136,2025-08-30T04:31:54.000Z,"Once beras rakyat kering kt rumah, tamadun campak ke laut",https://x.com/WarriorK31136/status/1961648044249952429,0,0,0,120,NaN
1634,motherandbeyond,2025-08-30T03:18:13.000Z,"Jangan Keliru, Ini Perbedaan Campak dan Rubella yang Moms Perlu Tahu http://dlvr.it/TMmV17",https://x.com/motherandbeyond/status/1961629501592572410,0,0,0,82,NaN
1635,mrsmptarigan,2025-08-30T02:18:01.000Z,"damn, fully booked, lololol lucky I queued up since last week so I could snag queue number 2    even though it hurts to wave goodbye to dad's balance 'cause today's the schedule for measles-rubella and PCV vaccines",https://x.com/mrsmptarigan/status/1961614354631262453,0,0,0,133,NaN
1636,jualancals,2025-09-14T10:26:56.000Z,"WTS kemeja flanel erigo. Masih baru. Size XL.   *Dijual karena butuh buat ke dokter anak kena campak   Dom bandung Bisa co  #zonauang",https://x.com/jualancals/status/1967173212015616164,0,0,0,35,NaN
1637,alligator0794,2025-09-14T09:55:29.000Z,"Budak genius ni campak mana-mana pun takda masalah. Tabik spring kt adik ni",https://x.com/alligator0794/status/1967165297116537340,0,0,0,96,NaN
1638,BellerophonC,2025-09-29T06:46:13.000Z,"Yes. Just don’t hike up prices then let the food quality go down. Campak tulang ayam kat boss dia kang baru tau",https://x.com/BellerophonC/status/1972553484064182436,0,0,0,10,NaN
1639,fushiigguro,2025-09-29T03:53:45.000Z,"ayah kamu masa tida tau bedanya campak sama kosmetik yang",https://x.com/fushiigguro/status/1972510081112793497,0,0,0,147,NaN
1640,twtnvm,2025-09-29T03:09:45.000Z,"Paling benci yg tak gantung hose balik and campak gitu je sampai hose termasuk dalam jamban",https://x.com/twtnvm/status/1972499009400197424,0,0,0,36,NaN
1641,nurhalimatun,2025-09-29T02:23:25.000Z,"siapa kena campak bawah bas tu",https://x.com/nurhalimatun/status/1972487347167228084,0,0,0,23,NaN
1642,amzarnawawi98,2025-09-29T01:37:03.000Z,"Sekarang orang dah move on ke  Laundry Beads   Senang guna – just campak masuk mesin  Lebih pekat – sekali basuh pun cukup  Wangi tahan lama – sampai seminggu baju dalam almari still fresh￼",https://x.com/amzarnawawi98/status/1972475678936449298,0,0,0,45,NaN
1643,bengkoktepi,2025-10-14T19:11:15.000Z,"Campak² pun sedap ni... Dh boleh niaga ni",https://x.com/bengkoktepi/status/1978176796043448516,0,0,0,135,NaN
1644,soulchaaaaa,2025-10-14T12:52:06.000Z,"*campak phone*",https://x.com/soulchaaaaa/status/1978081380819943432,0,0,0,221,NaN
1645,myseekay,2025-10-14T12:31:47.000Z,"Gi ckp mcm tu dekat polis dan hakim. Then takyah buat siasatan terus campak masuk neraka. Senang hidup.",https://x.com/myseekay/status/1978076268533862533,0,0,0,888,NaN
1646,KhairulAqmal,2025-10-14T12:28:23.000Z,"Yes.   Kadang2 malas nak brew ambik je kopi kapal api dalam laci campak dlm cup, letak gula.  Layan juga. https://x.com/eyemeroll/stat/eyemeroll/status/1978071589435375851…",https://x.com/KhairulAqmal/status/1978075412514169043,0,0,0,603,NaN
1647,uwu0717,2025-10-14T12:09:06.000Z,"can we like prepare a telur in our bag, buat hal je campak kat kepala dorang, its pissing me off to this extend bcuz fuck ime with their obsession licking the mainland’s butt",https://x.com/uwu0717/status/1978070556747399335,0,0,0,141,NaN
1648,axl_hakim93,2025-10-14T11:58:55.000Z,"Zaman dulu mak bapak dengar anak buat onar dekat sekolah, balik rumah anak tu kena campak dari atas bumbung ke bawah. Mak bapak sekarang ni lain macam, anak kena denda ketuk ketampi sebab tak buat kerja sekolah pun dia boleh backup anak, mai complain, saman sekolah & cikgu.",https://x.com/axl_hakim93/status/1978067996137402481,0,0,0,259,NaN
1649,myseekay,2025-10-14T11:16:14.000Z,"So? Takyah siasat? Terus campak laki tu masuk neraka? Bangang alasan.",https://x.com/myseekay/status/1978057251995676972,0,0,0,716,NaN
1650,kisstulipsss,2025-10-14T11:08:48.000Z,"harini memasing balik rumah terus bagitahu nak makan before maghrib sebab nak pergi masjid dan balik tengok bolaa; so dengan langkah cepat kita masak campak campak je",https://x.com/kisstulipsss/status/1978055381474480570,0,0,0,14,NaN
1651,K_tvofc,2025-10-14T10:56:06.000Z,"*Kasus Campak Melandai, Status KLB di Sumenep Belum Dicabut | K-TV*",https://x.com/K_tvofc/status/1978052185331315118,0,0,0,27,NaN
1652,levanteor,2025-10-14T10:29:16.000Z,"sikit lagi nak campak keluar tingkap",https://x.com/levanteor/status/1978045433395269809,0,0,0,18,NaN
1653,LIXIEHYUNSUK,2025-10-14T09:20:27.000Z,"kenshingg cepett sembuhh  jdi inget ak cacar pas kcil gatau umur brpa, trus pas SD kena campak ada kali sampe 2/3x gitu jirr menyiksa skali, karna lama sembuh n gmw byk bolos jdi di skolah pake jaket trus  untung udh egk lagi...",https://x.com/LIXIEHYUNSUK/status/1978028116183286249,0,0,0,131,NaN
1654,dimensingeluh,2025-10-14T08:42:01.000Z,"haha hihi pindahan mess haha hihi demam haha hihi campak.",https://x.com/dimensingeluh/status/1978018443858256160,0,0,0,77,NaN
1655,luqmanchun,2025-10-14T06:48:50.000Z,"kad olimpik tokyo tu ada keluar lampu merah kan bila swipe.tapi sayang anak saya dah campak atas highway",https://x.com/luqmanchun/status/1977989961040478350,0,0,0,498,NaN
1656,azvva_,2025-10-14T06:09:40.000Z,"Skrg setiap malam on ac. Maknya lah ni akan bangun kalau sejuk sgt. Malam tadi maknya baru nak terlelap member dah nangis terbatuk batuk. Yelah pakai ac kan tekak kering. Dia campak je puting dia tu geram aku",https://x.com/azvva_/status/1977980104656773299,0,0,0,90,NaN
1657,kewnho,2025-10-14T05:20:09.000Z,"Wkwkwk aku siap deh dengerin curhatan asmin yang lucu itu. Kok kayaknya semakin galau semaakin keliatan badutnya. Untung aku belum vaksin campak  baru vaksin F3",https://x.com/kewnho/status/1977967642918146261,0,0,0,49,NaN
1658,plhiv_my,2025-10-14T04:55:42.000Z,"Rasanya yg 602 (6%) deny treatment ni ke yg menjadi contribution to death.?   2024 n 2025 , n =178. Are you sure this 178 among 602 yg deny treatment?   Jauh nya 602 dgn 178. Std dev campak jauh.    Sepatutnya kene tabulated data   deny/on treatment contribution to death.",https://x.com/plhiv_my/status/1977961487491793334,0,0,0,34,NaN
1659,NandeBapakuKaro,2025-10-14T04:32:48.000Z,"Ngeri penyakit campak",https://x.com/NandeBapakuKaro/status/1977955724840816843,0,0,0,57,NaN
1660,roronoasan_,2025-10-14T02:29:20.000Z,"Macam mana aku tak baran, macam mana aku tak stress. Aku rasa semua benda aku nak campak sekarang ni",https://x.com/roronoasan_/status/1977924654871544229,0,0,0,17,NaN
1661,gfbenzeema,2025-10-14T02:23:00.000Z,"Haji tu rukun Islam. Pergi sekali je minimum. 10K campak apa masalah sangat nadiah???? Masa Covid 3 kali Pengeluaran Kwsp. Masa tu mmg kena marah sbb yg keluar 10 k 3 kali dalam masa 2 tahun. Beza ye. Please la bila tweet tu guna otak.",https://x.com/gfbenzeema/status/1977923061019275302,0,0,0,2,NaN
1662,ArzamMe,2025-10-14T00:37:20.000Z,"Mungkin anaknya cari ayah tak jumpa, lepas tu tengok-tengok dah kena campak ke bawah, meletup pulak! Dengan dia sekali ikut jatuh, pun meletup! Tragis.",https://x.com/ArzamMe/status/1977896468770914403,0,0,0,19,NaN
1663,BearJonginnie_,2025-10-13T14:19:33.000Z,"bangun bangun lapar buka fridge konon nak campak hashbrown dalam air fryer last last amek susu dengan cereal sebab malas nak tunggu hashbrown masak",https://x.com/BearJonginnie_/status/1977740998798123436,0,0,0,118,NaN
1664,juminu_si,2025-10-13T14:19:15.000Z,"Sesungguhnya apa yg,ada dlm kepala aku klu di tweet agak2 kena campak kot",https://x.com/juminu_si/status/1977740925230104774,0,0,0,41,NaN
1665,iheartcain,2025-10-13T14:09:12.000Z,"Apalah kena campak pas minggu uts gini",https://x.com/iheartcain/status/1977738394118545770,0,0,0,15,NaN
1666,wearing3plemask,2025-10-13T12:54:48.000Z,"Mantap Kota Melaka.  Tak sia sia 1 undi dari family den campak kat parlimen ni.   Hope kekal jadi kubu PH sampai bila bila.",https://x.com/wearing3plemask/status/1977719669923389615,0,0,0,76,NaN
1667,visvick32,2025-10-13T11:39:46.000Z,"Family sakit di luar negara, demam campak, patah riuk.  Ramai je tak ambik SPM. Mak lampir tu mmg nak jaga rating sekolah, nama baik cikgu & kementerian je.  Mana dia peduli pelajar dia jadi pembunuh, mangsa rogol, perogol, pembuli, dsb...",https://x.com/visvick32/status/1977700788701974924,0,0,0,428,NaN
1668,delaparan,2025-10-13T11:35:38.000Z,"gua takut ketularan campak dah wkwkwkwk hufttttt",https://x.com/delaparan/status/1977699747625345476,0,0,0,35,NaN
1669,Hahahanieza,2025-10-13T10:41:42.000Z,"Nasib baik la teacher english darjah 2 dulu garang gila sampai campak buku keluar kelas. Jadi manusia juga aku sekarang. English pun not bad  Tak ada pula emotional trauma, rasa bersyukur je",https://x.com/Hahahanieza/status/1977686175449256214,0,0,0,39,NaN
1670,d3q0n3,2025-10-13T10:41:23.000Z,"Setuju..tembak campak kat laut..",https://x.com/d3q0n3/status/1977686096965451996,0,0,0,162,NaN
1671,Perjit1,2025-10-13T10:07:41.000Z,"Warganegara Malaysia patut hanya kibar bendera Malaysia sahaja. Tolong campak diorang ni.",https://x.com/Perjit1/status/1977677613591323117,0,0,0,29,NaN
1672,Negica08,2025-10-13T09:28:03.000Z,"Ni kalau aku dulu, mau kena campak buku luar kelas",https://x.com/Negica08/status/1977667641402867971,0,0,0,58,NaN
1673,Bimolie_,2025-10-30T21:52:26.000Z,"Campak?? Omg that sounds serious, gws chiee",https://x.com/Bimolie_/status/1984015563639943649,0,0,0,201,NaN
