index,account,postdate,tweet,link,comments,retweets,likes,views,replysource
"1","KelasFilm","","YOUNG WOMAN AND THE SEAJudul Lokal: Gadis dan Lautan / Wanita Pertama Menyeberangi Selat… Lihat selengkapnya","https://web.facebook.com/reel/1828686311874154/","0","0","0","-1","NaN"
"2","Tiara","","Bunda²mau nanya dong??obat campak apa ya? yang bagus","","0","0","6","-1","NaN"
"3","Elena Bila","","Assalamualaikum bunda2 cantik , bagi pengalaman yang sudah vaksin campak sama ipv 2 .bikin panas ngga ya ?tadi di kasih Paracetamol.adek disuruh bidan minum Paracetamol tapi tanggal kadaluarsa di bulan Agustus tahun 2026, sedangkan sekarang sudah bulan juli baiknya diminumkan atau beli yg baru Bun ?terimakasih saran nya.","","0","0","10","-1","NaN"
"4","Bao Chenx","2025-08-29T14:20:00.000Z","Sumpah  ,udah puluhan anak yg gua bantu nanganin campak.. Dulu sebelum gua tau penyembuhan alami aja, gua kasih herbal China namanya ""MAPO""  pada sembuh..Apalagi sekarang, makin gua anggap cetek lah.… Lihat selengkapnya","https://web.facebook.com/photo/?fbid=757232593738471&set=a.101256392669431","196","61","477","-1","NaN"
"5","Neng Cintha","2026-05-13T14:48:00.000Z","Efek Campak Separah ini Ada yang sama kah? Bisa hilangkan ini belangnya?#fyp #campak","https://web.facebook.com/cintaofficial1212/posts/pfbid0eGCKu3qjJ9TBhE9d7NXSAZxUH5bTn1KeTcDjsgACNFYBAqyFTKzvhzyznGddGCJ4l","23","1","21","-1","NaN"
"6","#campak","","Separah ini dekk  #campak","https://web.facebook.com/photo/?fbid=1725440952145077&set=pcb.1725441232145049","0","0","0","-1","NaN"
"7","Ambarwati","2026-03-27T20:22:00.000Z","Setelah covid19 terbitlah propaganda campak,sprti batuk pilek sj ini mah mdh utk disembuhkan,yaa krn agendanya,1.kembalikan otak ke RS,sbg pasien abadi.… Lihat selengkapnya","https://web.facebook.com/photo/?fbid=1402554171900999&set=a.356653129824447","461","300","791","-1","NaN"
"8","Ambarwati","2026-03-11T09:15:00.000Z","Bukannya tambah kebalik? Kita mubahala sj pak,Mengapa gencar sekali BERMUBAHALA? ya,sbb semakin kesini merrka berbicara tanpa data tanpa logika tanpa analisa dan tanpa… Lihat selengkapnya","https://web.facebook.com/photo/?fbid=122286093410196999&set=a.122097326228196999","958","50","680","-1","NaN"
"9","Fevi Yuriandika","2026-03-09T10:24:00.000Z","Demam gak sembuh2 dah 5 hari, baru keluar bintik2, rupa nya kena campak,, Jadi cerita nya pasien ini memang belum di vaksin campak, dah 5 hari demam gak turun2 panas nya, ortu nya mulai cemas, khawatir, dan takut anak nya kena sakit dbd dll,, Rupa nya di hari ke 5 keluar lah biang kerok nya, ruam2 merah, ciri khas campak,, Kenapa campak yang dlu jarang bisa muncul kembali dan mewabah? Karna memang herd immunity  tidak terbentuk, di karenakan banyak nya balita yang tidak di imunisasi,, sehingga memberikan ruang yang sangat besar bagi virus campak berkembang dan menyerang anak2,, maka nya jaman dlu itu di ciptakan vaksin campak agar orng2 bisa di vaksin dan terhindar dari virus campak yang mematikan itu.. Nah buat yang sudah terlanjur gak vaksin dan Buat semua bunda2 yang punya anak balita,, Tunda dlu bawa anak ke keramaian ya,, Rutin kasi vitamin D biar daya tahan tubuh nya kuat, dan gak gampang sakit,, Berikut tips2 agar terhindar dari campak :1. Rajin cuci tangan2. Jgn kontak dengan orng yg terkena campak3. Lengkapi imunisasi dasar4. Jika demam segera bawa berobat#Semuaorang#jangkauanluas#fyp","https://web.facebook.com/klinik.yuriandika/posts/pfbid0aCC9f5rm64dMuFfYWK8TSqUZdsWL6SHrr8sPpLFLzFxZqs4t4TqppqaGFHiFkT8Zl","892","627","2900","-1","NaN"
"10","Adee N Nabilla","","IMUNISASI YANG 12 BULAN(sesudah campak)Bikin demam nggak bun?IMUNISASI YANG 12 BULAN(sesudah campak)Bikin demam nggak bun?","","0","0","14","-1","NaN"
"11","Sumayyah Arini","","Apakah Vaksin Campak Injeksi dan Single Patogen Sudah Cukup? Perspektif Metagenomik dan ImmunopathologySelama puluhan tahun, pencegahan campak bertumpu pada vaksin injeksi berbasis virus campak yang dilemahkan (live-attenuated). Bukti klinis versi jurnal mainstream dikatakan efektivitasnya yang tinggi dalam menurunkan angka kematian dan penularan. Meskipun bukti-bukti ini juga harus kita kritisi apa parameternya, dan ada tidak confl… Lihat selengkapnya","","0","0","38","-1","NaN"
"12","Sri Mahyuni","","Ternyata campak/gabakan sejahat itu ya Panas dari 38°-39,8°Batuk,pilek,diare,kepala pening,mata sampe bengep5 hari menahan kan demam yg naik turunAlhamdulillah hari ini panasnya turun semoga ngga naik lagi ya sayangku#masyaallahgapapakoknakayahbundabegadangjagainkarnakamurewel","https://web.facebook.com/sri.mahyuni.960392/posts/pfbid02CDGoKvBbsQvFwZA2aPR6iQPXGSxekMMW9bif2DBEwQgddFdxzezf1ah2FqYfs48vl","20","1","30","-1","NaN"
"13","Nourma","2026-03-13T02:01:00.000Z","Ternyata campak bukan hanya menyer4ng bayi tapi orang dewasa juga","https://web.facebook.com/photo/?fbid=26377372158567061&set=pcb.26377373695233574","1","0","0","-1","NaN"
"14","Nurlaela","2026-06-04T10:09:00.000Z","maaf mau nanya, imunisasi campak bikin anak demam nggak ya?, trs bates waktu nya sampe berapa bulan?","https://web.facebook.com/photo/?fbid=2055728002493348&set=gm.1346931257505036&idorvanity=759878459543655","31","0","31","-1","NaN"
"15","Sukma","2026-07-10T13:27:00.000Z","Tanggal 4 juli kemarin anak ku suntik campak,trs DSA nya bilang gak bakalan demam,trs gak dikasih obat apa"" juga tapi bayar 30 RB..singkat cerita 2 hari setelah suntik mr anak demam trs udh turun demam dan seluruh badanya keluar merah"" kayak gini,kira"" bahaya atau bagus yah KLO merah,"" ditubuh nya keluar,ada yng bilang panas dlm dia,kira""anak bunda"" ada yang sama gakbund,trs mau tau dikasih apa ya supaya gak rewel trs anaknya","https://web.facebook.com/photo/?fbid=1068219902440117&set=gm.1055193537514060&idorvanity=499529556413797","148","1","114","-1","NaN"
"16","Susanty Osa","","Imunisasi lengkap udah Suntik campak 3x jugak uda, Pas bayi umur 9 bulan, bayi umur 16 bulan, dan usia 6 tahun (kelas 1sd)Dan usia 3 tahun dulu kena campak jugakk iya Sekarang kena cacar air diusia kurang dari 7 tahun  padahal baru suntik campak ke3 Anakku aktif dan demam hanya pas hari pertama cacar air,, ini hari ke3 cacar air,, kukasi obat minum dan anti virus + salep Kadang kan, kalo dipikir2 lagi, kenapa anak yg gak dapat imunisasi lebih aman gak kena campak atau cacar air, malah yg lengkap imunisasi yg kena ???Gak ngertilah bilangkannya  #campak #imunisasilengkap #suntikcampak #cacarair #fyppp #viral #imunisasi #anakkenacacarair","https://web.facebook.com/s.susantycaemosa/posts/pfbid02TT14R98z5RYjGef9Dec1dfmhEQr3U4Av2hQUoLs4nciNK6dT3H5phfYmMknu6whBl","41","6","32","-1","NaN"
"17","Pakdhe Indro","2025-09-17T14:04:00.000Z","CAMPAK BIASA BUKAN LUAR BIASACampak bahasa Jawanya Gabagen.Campak diakibatkan oleh Morbilivirus.Kakek & nenek kita semua mengalami & sembuh sendiri dalam 2 minggu, makanya disebut SELF LIMITING DISEASE.Awalnya anak demam, batuk 4 hari, kemudian muncul ruam (4-7 hari), saat muncul ruam merupakan tanda SISTEM KEKEBALAN TUBUH BEKERJA melawan virus.Yang diperlukan saat anak kena campak adalah :1. Istirahat : agar energi efektif utk kerja sistem kekebalan2. Makan cukup : untuk energi produksi makrofag3. Minum : mencegah dehidrasi 4. Vitamin A C E & antioksidan : utk menjaga hati & produksi plasma albumin + sel-sel kekebalanPengenalan campak cukup sekali saja & bisa lewat infeksi alami.Setelah sembuh tubuh manusia akan kenal SEUMUR HIDUP terhadap morbilivirus campak & jika kena lagi KAPANPUN selalu akan sembuh lebih cepat.Campak / Gabagen penyakit biasa & BUKAN KLB (Kejadian Luar Biasa).Semua rakyat yg faham & belajar BISA MENGATASI sejak zaman dahulu tanpa perlu takut & panik.Pakdhe Indro.17 September 2025","https://web.facebook.com/chooni.romadhony.1/posts/pfbid02C22Nu3SpFFbCWo3wNcLWMQwAZkWnRHdkbhGGztqy5XF8cU2Kijmvyn3wP6Lz8HSSl","95","103","581","-1","NaN"
"18","Mom Uung","","Mom Uung turut berduka cita atas kepergian 72 anak Indonesia akibat campak. Semoga keluarga yang ditinggalkan diberi kekuatan🥺","https://web.facebook.com/reel/1587220729185010/","0","0","0","-1","NaN"
"19","Cakra Adi Negara","","Putra kami berpotensi menjadi salah satu suspect 'ground zero' pandemi virus campak nasional akibat keteledoran Puskesmas dan RSUD yang lambat penanganan deteksi dini.Sudah seminggu ini putra kami sakit. Berawal dari flu, batuk, disertai ruam merah di wajah, sampai muntah-muntah terus. Seminggu ini kami benar-benar berlomba kasih asupan ASI dan MPASI (walaupun ujung-ujungnya dimuntahin lagi) demi mencegah dia dehidrasi. Bahkan hari pertama putra kami mulai menunjukkan gejala demam tinggi pun kami sudah sigap melakukan tindakan check-up secara berkala.​Tapi yang bikin saya sangat kecewa adalah penanganan birokrasi kesehatan kita. Kita sebagai Ayah sudah berusaha memastikan jaminan kesehatan untuk keluarga, tapi penanganan di lapangan terkesan lambat dan tidak akurat. Kami di-pingpong berkali-kali antara Puskesmas (faskes 1) dan RSUD (faskes 2).​Awalnya, kedua faskes ngotot kalau anak kami cuma demam, batuk, dan flu biasa. Padahal kami sudah jelas menginformasikan kondisi medisnya. Ada muntah terus-menerus dan muncul ruam di wajah. Anak kami cuma diberi paracetamol dan obat generik, lalu disuruh balik 3 hari lagi. Gimana sih logikanya? Sudah tahu muntah-muntah, otomatis obat oral pasti nolak. Pilihannya cuma antara dua: Lewat anus atau infus.​Bukannya membaik, kondisinya malah makin menurun. Pas kami balik lagi ke Puskesmas, dokternya masih ngotot kalau ini bukan campak hanya berdasarkan hasil laboratorium generik. Kalau saya nggak neken buat minta surat rujukan, mungkin kondisinya bakal lebih parah. Bayangkan, dalam kondisi begitu, cuma diberi paracetamol lewat anus. Padahal paracetamol itu cuma buat ngeredain demam sementara, bukan membunuh virusnya.​Puncaknya di IGD RSUD kemarin. Anak kami sempat ditolak untuk penanganan intensif dan malah digeser ke pendaftaran pasien umum, bukan BPJS. Dalihnya adalah bukan kegawatdaruratan dan disuruh rawat jalan. Padahal secara medis, bayi dengan risiko dehidrasi tinggi itu sudah masuk fase darurat.​Sekarang setelah kami balik lagi dan agak memaksa, baru tindakan diambil. Ruamnya sudah menjalar ke seluruh tubuh, dan dia sudah di tahap menolak MPASI maupun ASI. Diagnosanya sekarang dikhawatirkan virusnya sudah menjalar ke infeksi paru, sampai butuh rontgen dan ventilator oksigen. Seisi nakes di IGD mulai panik: ""Ada suspect pasien infeksius""​Dan setelah kondisinya memburuk begini, baru dokter jaganya bilang: ""Pak, diagnosa awalnya ini anaknya terkena campak.""​Lah? Kemarin seminggu bolak-balik ngotot bilangnya cuma demam biasa. Pas infeksi sudah parah begini, baru membenarkan kekhawatiran saya dari awal. Padahal zaman sudah semakin canggih. Walaupun kita bukan dokter, tapi paling tidak, gejala itu bisa di riset secara mandiri.Hasilnya?Anak kami positif campak. Bahkan sudah sampai merembet ke infeksi paru. Masuk ruang isolasi infeksius. Padahal kalau penanganannya tepat, mungkin anak kami tidak sampai terkena infeksi paru. Masih bisa ditangani dengan dihajar obat-obatan infus dan isolasi medis sedari dini. Bayangkan, selama seminggu ini sudah berapa orang yang kami tularkan melalui droplet? Apalagi anak kami sudah beberapa kali masuk ruang MTBS yang juga ada banyak balita-balita seusianya di sana. Lucunya pas saya minta rujukan di Puskesmas, malah masih ditanya kenapa saya nggak membawa anak saya yang statusnya infeksius. Padahal kemarin sudah di cek kondisi fisik dan hasil labnya. Terus kalau anak kami nanti menjadi 'ground zero' penyebaran virus campak di situ hingga penyebarannya menjadi isu pandemi nasional memangnya pada mau tanggung jawab?Padahal kalau penanganannya cepat, kami bisa lebih dulu karantina mandiri sebagai carrier virus campak. Tapi karena keteledoran nakes baik di Puskesmas dan RSUD yang terkesan lambat penanganannya, mungkin akan ada banyak bayi-bayi yang tertular oleh kami. Bisa saja saya gugat kalau mau, tapi balik lagi, kita ini siapa? Cuma rakyat biasa. Mana mau Puskesmas dan RSUD kasih kompensasi? Palingan cuma ucapan permintaan maaf saja. Sekarang giliran sudah menjadi salah satu suspect ground zero, baru deh saya diwawancarai untuk laporan riset ke Kementerian Kesehatan RI.​Pertanyaan saya, kok bisa komunikasi antara Puskesmas dan RSUD seringkali nggak sinkron begini? Ini bukan yang pertama, sejak istri saya masih check-up mengandung pun sudah begini polanya. Untungnya, saya tipe orang tua yang selalu riset mandiri setiap kali anak kenapa-kenapa. Tapi bayangkan gimana nasib orang tua yang cuma bisa pasrah pas di-pingpong ke sana kemari?​Itulah alasan kenapa saya selalu vokal mengkritisi pemerintah dan sektor-sektor pelayanan publik. Karena saya dan keluarga adalah korban nyata dari kecarut-marutan sistem di negara ini. Yang saya heran, kok bisa RSUD yang operasionalnya dibiayai APBD masih mau cari profit dari rakyatnya dengan cara menggiring pasien BPJS ke pasien umum? Kalau RS swasta sih kita maklum.FYI, putra kami ini masih berusia 8 bulan, sedangkan imunisasi campak rubela itu baru bisa di inject pada usia 9 bulan. Jadi belum kena imunisasi campak rubela. Entah putra kami ini terinfeksi di mana. Saya tracing 10-14 hari ke belakang, kami mayoritas cuma berada di rumah, dan kondisi rumah kami sangat terjaga kebersihannya. Putra kami hampir 1×24 jam berada pada suhu yang cukup di ruangan AC. Padahal soal baby caring, kami sangat concern betul. Ibarat anak kami cuma terkena bentol gigitan nyamuk saja treathment pencegahan malaria dari kami untuk anak itu nggak main-main. Semua program imunisasi dan kegiatan posyandu untuk anak-anak kami nggak pernah telat, apalagi absen. Sampai tebal betul itu buku pink milik istri saya sudah seperti jurnal medis berjalan. Jadi bukan karena perilaku kami yang jorok, nggak higienis atau tidak aware dalam hal parenting.​Semoga cepat sehat ya nak. Papa mama bareng kamu terus.","https://web.facebook.com/OfficialChakz/posts/pfbid02Erpgz6ypzqPtyS9UUGyK8Kpfhh2WJwXFfrmQ35ztWnRwvCmYpVpQZoF6keZsAtNrl","246","100","698","-1","NaN"
"20","Bao Chenx","","Gua ga pernah ngajarin air kelapa muda buat campak ya. Itu mah yg sembuh untung2an. Kaya dokter specialis cuan ngobatin campak. Udah sembuhnya baru boleh air kelapa, biar lancar bab.Gua ga pernah ngajarin air kelapa muda buat campak ya. Itu mah yg sembuh untung2an. Kaya dokter specialis cuan ngobatin campak. Udah sembuhnya baru boleh air kelapa, biar lancar bab.","","0","0","711","-1","NaN"
"21","Sindy Eyelash Pameungpeuk","","Ini pas anak aku campak, jujur campak emng jahat bngt!! Sebelum keluar nya bintik merah anak aku demam 11 hari naik turun udh berobat 3x tpi ttp panas, trus anak tiba t… Lihat selengkapnya","https://web.facebook.com/photo/?fbid=122235709556099347&set=pcb.122235710324099347","0","0","0","-1","NaN"
"22","Mom Uung","","🚨 Campak Lagi Meningkat, Lebaran Harus Lebih Waspada!","https://web.facebook.com/reel/1249305397405729/","0","0","0","-1","NaN"
"23","Amsah Mamhadam","","Astaghfirullah,, ternyata pasien campak masih Banyak,,,","https://web.facebook.com/photo/?fbid=1358092709606205&set=pcb.1358092789606197","0","0","0","-1","NaN"
"24","Dwi Irmaya Sari","2026-03-08T09:09:00.000Z","Kisah ku tobat jdi antivaksin. Awalny Saya anti vaksin. Krn bca artikel2 para anti vaksin sbagai seorang ibu baru saya was was  yg pling ganjel d hati it masalah kehalalan vaksin, tp anak saya dpt vaksin lngkp kecuali campak krn ayah saya pro vaksi dan beliau lumayan otoriter jd syaa kan segan sama beliau jd mau g mau ya anak saya di vaksin, sampek usia ke 9 bln dan waktu my posyandu  saya cari cara ngajak anak saya jln2 biar g vaksin campak,  singkat cerita anak saya sdah usia 1,5 thun  terkena campak ruam ny sangat bnyak menutupi seluruh bagian tubuh ny deman ny jg tinggi jgn kan buat gerak dy ngomong ajj kyk yg g bsa buat melek ajj kyk g ada tenaga nyesek lah klw inget it,, dsini saya masih blom sadar klw anak saya sakit campak bkn krn saya g kasih dy vaksin campak saya masih brfikir qodratullah emg waktu ny dy sakit kan, lah trs ada tetangga dan anak ny yg jengguk anak saya,  2 hr  stlh jenguk Zidna anak tetangga syaa sakit campak jg tp dy di vaksin dan saya liat perbedaaany antara yg di vaksin dan enggak sma sama kena campak tp g se parah anak saya di situ saya mulai open minset tntg vaksin saya minta nasehat tmn2 dokter jg saya di kasih pencerahan masalah kehalalan vaksin. Dan fix saya insya allah tobat jd antivaksin ,,vaksin adlh hak anak anak yg hrs orang tua berikan sebagai salah satu ikhtiar mnjga anak anak kita dr virus penyakit#KLBcampak #imunisasi","https://web.facebook.com/irma.peanuts/posts/pfbid02fAcgB7DPUqj5wqWjrMB6HzPPUL1iuo9iwUEFaCNPeg21btjimJAtSb36bVNHRi3hl","18","209","1000","-1","NaN"
"25","Daris Munandar","2026-03-04T10:24:00.000Z","Campak gak habis habis euy ngeri mulai nyerang anak sd biasanya anak di bawah 5 tahun kalau campak itu rata rata ,hati hati ya bunda bunda segera bawa ke faskes kalau ada yang mengalami kenapa karena campak ini menular","https://web.facebook.com/darissirad666/posts/pfbid0Lp364ixVAYyL6XWnsVNL4HS8hCDpc3y9vhZVLMHzgYvcFvoWMyiLXWQ2G68PwSEhl","292","22","685","-1","NaN"
"26","Aep Saefullah","2026-07-13T07:45:00.000Z","Terjadi laka lantas barusan pisan depan mata daerah turunan ciperna gronggong wingbox rem blong ngehantem warung sama pengendara motor. Korban","https://web.facebook.com/aep.saefullah.56884/videos/1745887323081616/?idorvanity=1100508217125029","0","0","0","-1","NaN"
"27","Ambarwati","","Perang di Gaza blm pernh berhenti dn mrk tdk akan prnh mnghentikannya sblm bs menguasai scr total krn target zionis akan membangun kuil dajjal diarea Al Aqso,Perang in… Lihat selengkapnya","https://web.facebook.com/reel/1864103924258037/","0","0","0","-1","NaN"
"28","Chilya Rosyada Shulcha","2026-06-23T01:26:00.000Z","Hari ini jadwal Jindan vaksin campak aslinya sih udah dari bulan² lalu … Lihat selengkapnya","https://web.facebook.com/photo/?fbid=4393794190839405&set=a.1573115399573979","4","0","8","-1","NaN"
"29","Abu Julaibib","2026-04-15T07:38:00.000Z","Dukung para nakes Pro vaksin terima 3 suntikan vaksin campak sekaligus, agar mereka kebal sakti mandraguna.","https://web.facebook.com/photo/?fbid=815632421622842&set=pcb.815632491622835","2","0","2","-1","NaN"
"30","Pakdhe Indro","2026-04-07T01:37:00.000Z","WASPADA VAKSINKenapa waspada ?Karena dengan sengaja memasukkan virus HIDUP (campak + gondongan + campak jerman) ke dalam tubuh.Saat dipaksa vaksin dalam kondisi tidak sehat, maka virus hidup tadi menginfeksi tubuh & membuat anak sakit.Dan anak BISA MENULARKAN virus vaksin campak ke kawan-kawan nya juga.Saat dicek lab hasil PCR & uji antibody akan TERBACA POSITIF.Terus dijadikan 1 korban campak utk ditambahkan ke angka kasus KLB.Masih bisa ditambah kawan-kawaannya yg ketularan virus dari vaksin hidup juga.Saat angka KLB naik solusinya apa ? Paksa vaksin lebih banyak lagi.Lingkaran tanpa ujung yg tidak memperdulikan kesehatan manusia & tanpa logika ilmu diganostik demi apa ?Uang proyek ?","https://web.facebook.com/chooni.romadhony.1/posts/pfbid02Ke794CyQSsETP8SWx8EWNVCzXBF9Y2aZAhVkF2CpnfK5P9N7tdGpKe7WrHLnc8tCl","397","694","2200","-1","NaN"
"31","Bao Chenx","2025-04-06T10:34:00.000Z","Campak Anak gua hari selasa kemaren kena campak, tuh dah sembuh.. Tinggal nunggu regenerasi aja kulitnya lagi.. Tanpa obat, tanpa Herbal, dan Pasti tanpa VAKSIN laknat.. Lagian anak gua dr Brojol sampe sekarang umur 11 tahun ga pernah Imunisasi dan Vaksin apapun. Antibiotik juga ga pernah dikasih setetespun.. … Lihat selengkapnya","https://web.facebook.com/photo/?fbid=646613404800391&set=a.101256392669431","211","955","784","-1","NaN"
"32","Udan Fardan","","Kamu dari Kecil Udh diberi Vaksin CampakEeh Skrng Mlh di CampakanKamu dari Kecil Udh diberi Vaksin CampakEeh Skrng Mlh di Campakan","","0","0","83","-1","NaN"
"33","Pakdhe Indro","2026-04-07T01:39:00.000Z","JIKA NAKES DIVAKSIN CAMPAKVaksin campak berisi virus campak hidup genotype A.Karena KLB maka nakes wajib divaksin campak.Nakes sering kelalahan karena beban kerja yg berat (+ gaji minimal).Menyuntikkan virus hidup ke manusia yg tidak sehat akan menyebabkan infeksi virus & membuat sakit campak.Tinggal cek 3 hari setelah vaksin.Jika PCR saliva positif campak = menularkan virus campak ke semua pasien sakit di RS.Kasus campak bertambah & KLB disahkan.Untuk dipaksa vaksin LEBIH BANYAK.Untuk 280 juta rakyat di Indonesia. Tinggal dikalikan berapa juta rakyat X Rp.400.000","https://web.facebook.com/chooni.romadhony.1/posts/pfbid02obsq94RiaNWZvbbunLdyHaKag5XCrSZmLa2P2QJQZk6YV757hLQPHn6N1v8tiRPVl","82","100","616","-1","NaN"
"34","Aisya Fikritama","","""Campak? Vaksin dulu dong, biar besok nggak gampang dicampakin!""","https://web.facebook.com/reel/1066687738638138/","0","0","0","-1","NaN"
"35","Maulida Rahayu","","Padahal waktu kecil udah di vaksin campak,,,,Tapi ternyata pas sudah tua masih sj di Campakan,,,Padahal waktu kecil udah di vaksin campak,,,,Tapi ternyata pas sudah tua masih sj di Campakan,,,","","0","0","55","-1","NaN"
"36","Fina Nopiana","2026-05-04T08:17:00.000Z","Dari kecil sampe dewasa masih tetap di vaksinSetelah ini.,vaksin apalagi kah?? #VaksinCampak#BiarTidakDiCampakkan","https://web.facebook.com/vina.bayu.5/posts/pfbid02RLFQi7BCkKnbxiyyZLZmFPFmXe9YS1EGfwS8zRRu9vuzSpTGQQj4eQ5piKx4bHL2l","18","1","18","-1","NaN"
"37","#vaksincampaķ","","Adik habis suntik vaksin campak....#vaksincampaķ","https://web.facebook.com/reel/421765884330160/","0","0","0","-1","NaN"
"38","Ristin","2026-06-18T15:18:00.000Z","Beberapo hr diisolasi krn kena campak ,Setuo ini baru dimampiri padahal dulu SD prnh vaksin campak lo...","https://web.facebook.com/photo/?fbid=1552455989861743&set=a.114284747012215","11","1","18","-1","NaN"
"39","Nadra Naim","","Bulan ini kita vaksin campak dari umur 2 tahun sampe 5 tahun bagi yang punya bayi dan balita wajib datang karna banyaknya beredar penyakit varicela atau sarampa dan POSYANDU diundur dihari selasa tanggal 14 karna vaksin masi mau di ambil di DINAS,,,bagi kader kakatua 1 dan 2 minta tolong kerja samanya— bersama Nadra Naim dan 5 lainnya.","","0","0","33","-1","NaN"
"40","R'ky","2026-06-04T20:13:00.000Z","Dulu waktu kecil di vaksin campak, eeh udah gede d campakan","https://web.facebook.com/photo/?fbid=1315064677429653&set=a.629160722686722","36","0","42","-1","NaN"
"41","RoHer Vlog","2026-07-03T03:35:00.000Z","Salah tindakan bisa berakibat fatal Harusnya vaksin campak malah d vaksin DPT Kalau udah begini apakah petugas yg memenyunt!k anak tersebut bisa mempertanggung jawabkan tindakannya ?Padahal Ibu nya udah bilang mau vaksin campak tapi malah di vaksin DPT Smoga anak nya cepat sembuh","https://web.facebook.com/flower.ria.56/posts/pfbid0pJcZq7Uv8N6vUxQq9eZDQfWnss2AWshaxhJSedsBYhFfRbgD3T6p4WPmMvvDy95ol","39","2","30","-1","NaN"
"42","Ranty Ameliia","2026-01-25T07:50:00.000Z","Efeeek dari vaksin campak Dakppo yoo dek demam sedikitt, ini hak adek biar adekk makin kuat makin sehatt … Mama sama papa siap siaga untuk adekk  Sehatt sehattt yaa dek #fbproo#fypシ゚#jangkuanluas#jangkauanfoto#bayilucu#bayi#bayisehat#vaksincampak#masyaallahtabarakallah","https://web.facebook.com/ranty.ameliia/posts/pfbid0FzgGHXz6EYMHZwaZ2tXRCZAjBDS3jopGcs1UVfMCoDF4ZYcrML565bFfsq34aU4Vl","12","0","13","-1","NaN"
"43","Sintia Miexiang","","Teringat kata temanku .Kenapa pentingnya ""Vaksin CAMPAK dan RUBELLA""Agar nanti Besar Di Campakan ada yang Bela .Pagi allTeringat kata temanku .Kenapa pentingnya ""Vaksin CAMPAK dan RUBELLA""Agar nanti Besar Di Campakan ada yang Bela .Pagi all","","0","0","22","-1","NaN"
"44","Maping Buli","","Heran dari, kacil so vaksin, Campak serta Basar di campakanHeran dari, kacil so vaksin, Campak serta Basar di campakan","","0","0","6","-1","NaN"
"45","Risma","2026-04-09T05:01:00.000Z","Badannya sudah mulai panas efek suntik vaksin campak terkahir,semoga aja tidak terlalu rewel,kalok demamamynya tinggi,biasanya aku kompres pakai minyak telon campur baw… Lihat selengkapnya","https://web.facebook.com/photo/?fbid=1305100511495220&set=a.131349388870344","18","0","93","-1","NaN"
"46","Evhy Talia","","Hari ini di Vaksin campak biar tdk di Campakkan yahhh Smoga sehat2 trus trg e","https://web.facebook.com/evhy.talia.2025/posts/pfbid028UVSTd2y48YT7hNdnPFcjAQVSqF1PA6xDYhRAbRd6oTRdxWuZi8HnR98CX6XF4fal","1","0","27","-1","NaN"
"47","Dokter Winda Anak","","Anak belum vaksin Campak, apakah masih bisa dikejar pemberiannya?","https://web.facebook.com/reel/1358500612597813/","0","0","0","-1","NaN"
"48","Ria Afrian Ria","2025-08-27T03:03:00.000Z","Pelaksanaan vaksin campak kelas 1dan kanker serviks kelas 5 UPTD SDN 1 Braja Yekti Semoga anak anak selalu diberikan kesehatan #vaksincampak#vaksinkankerserviks#SDsederajat@sorotan","https://web.facebook.com/AfrianRia777/posts/pfbid02x9N2vZfCb8FDvnhod2g6kiJzm6ksKqU9H1MojSb2J4d2aFGjpgjxWvbPaVLPHz5pl","6","0","24","-1","NaN"
"49","#vaksi","","Vaksin Campak Dosis 1 Done #vaksi#… Lihat selengkapnya","https://web.facebook.com/photo/?fbid=27119507657710402&set=a.432931383461392","0","0","11","-1","NaN"
"50","Mom Uung","","Campak Lagi Meningkat, Lebaran Harus Lebih Waspada!… Lihat selengkapnya","https://web.facebook.com/reel/1249305397405729/","0","0","997","-1","NaN"
"51","Klinik Pratiwi","2026-03-08T09:33:00.000Z","Banyak orang tua belum tahu…kasus CAMPAK pada anak mulai meningkat kembali.Padahal penyakit ini sangat mudah menular dan bisa menyebabkan:• Demam tinggi• Ruam merah di seluruh tubuh• Batuk dan pilek berat• Mata merah• Bahkan komplikasi serius seperti radang paru.Kabar baiknya, campak bisa dicegah dengan imunisasi. Vaksin Campak tersedia di Klinik Pratiwi Setiap sorePukul 16.00 – 21.00 WITAJadi orang tua bisa membawa anak setelah pulang kerja atau setelah anak pulang sekolah. Klinik Pratiwi Reservasi / Informasi:0822-5254-4525Jangan tunggu sampai anak sakit.Lindungi anak dengan imunisasi tepat waktu.#ImunisasiAnak#VaksinCampak#AnakSehat#KlinikPratiwi","https://web.facebook.com/klinik.pratiwi.37/posts/pfbid02cMnQQvuRHCbcAoGEvHSYz7A2BeuPKoUop9aGfbjXSNPRzs8jcfKMBv1xkakPrykUl","4","1","27","-1","NaN"
"52","Nurpita Sari","2026-06-05T05:22:00.000Z","AssalamualaikumSuntik vaksin campak lagi hari ini bestie.Vaksin campak itu penting, kalau nggak di vaksin, nanti bodi gampang panas dingin kayak waktu lihat tetangga beli mobil baruBestieku semua pasti sudah pernah disuntik vaksin campakkan, kapan terakhir bestie vaksin?#fbpro#vaksincampak#jangkauanluas","https://web.facebook.com/nurpita.sari.811628/posts/pfbid0rKMncXetiayb8M2y8w8YjZi8PkKbtC2QZyv8NKMJd817owCkupBqaSSvVmR76pvpl","29","1","25","-1","NaN"
"53","Nona Parera","","Hallo semuamanteman babysaya Aldian.saya sudah BERHASIL vaksin DPT3 menunggu usia 9 BLN lanjut vaksin Campak .anak sehat dan cerdas salah satunya Krn IDL y**momtapi Ku Juga nangis #babyboy#IDL#anaksehatdancerdas","https://web.facebook.com/nona.parera.944/posts/pfbid02r2KbRh1tTVXPtpit6Ht1B7X2aNiBBbYb8UDyFYtAcUH4FGoaFcSU3vUhmR3YE9xjl","9","1","42","-1","NaN"
"54","Koran Bali Express","","Vaksin campak penting untuk anak karena:1. Mencegah Penyakit: Melindungi dari infeksi virus campak yang sangat menular.… Lihat selengkapnya","https://web.facebook.com/photo/?fbid=1264808315686286&set=a.609532797880511","0","0","0","-1","NaN"
"55","PemDes Purwosari Kecamatan Sembawa","","Posyandu Balita dan Pemberian Vaksin CampakSenin, 13 April 2026#DesaPurwosari #Sembawa #banyuasin #posyandu #vaksincampak","https://web.facebook.com/pemdespurwosari.kecamatansembawa/posts/pfbid0Czht3T41WDtUem7XSjsRAEnQNt7RXcQwCZSz3Tuj7VusJzmic9G7ETCzZrYCiNsDl","0","1","4","-1","NaN"
"56","Aisha Maharani","","Who is the Villain?Tahun 2018, Kasus klaim halal vaksin MR dengan adanya logo halal MUI di flyer kampanye vaksinasi MR. Vaksin dari India ini digiring sudah halal padahal setelah diperiksa oleh LPPOM MUI mengandung babi dan janin bayi. … Lihat selengkapnya","","0","0","351","-1","NaN"
"57","Klinik Cahaya Mitra","","Update Seputar Vaksin MR!Sesuai dengan update BPOM per April 2026 terkait perluasan indikasi penggunaan vaksin MMR untuk kelompok dewasaVaksin MR kini resmi dapat digunakan untuk kelompok dewasa berisiko:-Tenaga Kesehatan-Pelaku Perjalanan Internasional-Individu yang Memiliki Kontak Erat dengan Pasien ImunokompromaisSwipe untuk detail informasinya . Mari kita melindungi diri kita dan keluarga kitaInformasi & Reservasi:0271-732122 Klik link di bio#vaksinmr #vaksinaman #vaksindewasa #vaksindewasasolo","https://web.facebook.com/ImunicareCahayaMitraSolo/posts/pfbid0J7yY37SYXTBiWKAw31eN9vjtAFebu1P63yb8zwR8u6QSUpE9n9dXRwVSzyESjX2Ml","0","0","2","-1","NaN"
"58","Toufik Noval Salim","2026-07-09T11:58:00.000Z","Yayasan Pop Eye Cat Care Surakarta bekerja sama dengan Dinas Peternakan dan pertanian mengadakan acara :VAKSIN RABIES GRATIS(untuk kucing anda)Acara akan diselenggarakan pada :Rabu, 5 Agustus 2026Jam 10.00 - 13.00 WIBDi Yayasan Pop Eye Cat Care, Jagalan, SurakartaCara pendaftaran ketik :Vaksin Rabies GratisNama Owner :No HP :Alamat :Nama kucing :Umur kucing :Kirimkan ke :  wa.me/6281229345576Catatan :1. Tidak dibatasi kuota kucing peserta2. Bebas daerah asal (tidak harus KTP Surakarta3. Kucing sehat (tidak demam, flu atau cacingan4. Mengikuti ketentuan yang berlaku5. Acara ada di :https://maps.app.goo.gl/bBvk2nQZqPVBkBzV8","https://web.facebook.com/ToufikNovalSalim/posts/pfbid096y7nY1rZb1q8Fefk1gRzS28FiXafwEUaF8WtJaM4NDWsd27QaanmF653m6B98r1l","88","10","91","-1","NaN"
"59","Michael Revela Agha","","All Black 3 monthBigSize BigBoneLine Import ready Male & FemaleS… Lihat selengkapnya","https://web.facebook.com/photo/?fbid=27887159447546256&set=pcb.2907890776217007","0","0","0","-1","NaN"
"60","MN Ardi Santoso","","- Vaksin MR 9 bln- Vaksin MR ulangan usia 15-18 bln bisa pakek MMR jd skalian … Lihat selengkapnya","https://web.facebook.com/reel/1251661752750711/","0","0","0","-1","NaN"
"61","Cozmeed","2026-05-17T06:15:00.000Z","*Mainecoon kitten Nonped* *Betina Cantik* *Proven 1x* (anakannya sdh ada yg teradopt)☆cream tabby mainecoon Us… Lihat selengkapnya","https://web.facebook.com/cozmeed.cozmeed.5/videos/1991512824789816/?idorvanity=199411229719032","0","0","0","-1","NaN"
"62","0:00 / 0:31","2026-06-30T01:59:00.000Z","IndioGigante 5 ekor… Lihat selengkapnya","https://web.facebook.com/100000751905014/videos/pcb.2193977878107833/1446422557537258","0","0","0","-1","NaN"
"63","Bagas Pratama JW","","DOC Ayam KUB 1 AgrolestariInclude Triple vaksin… Lihat selengkapnya","https://web.facebook.com/photo/?fbid=27868068626122600&set=pcb.899982246484234","0","0","0","-1","NaN"
"64","Amirul Maulida","2026-07-05T05:54:00.000Z","bismillahready ayam petelur umur 16 minggu/4 bulan vaksin lengkap … Lihat selengkapnya","https://web.facebook.com/100078846402333/videos/1555129556118326/?idorvanity=1501649130624645","0","0","0","-1","NaN"
"65","Fevi Ballu","2025-08-21T23:41:00.000Z","Vaksin MR (Measles Rubella) adalah vaksin yang digunakan untuk mencegah penyakit campak (measles) dan rubella (campak Jerman). Vaksin ini mengandung virus yang dilemahkan dari kedua penyakit tersebut, sehingga saat disuntikkan, tubuh akan membentuk kekebalan terhadap virus-virus tersebut. Lebih detail mengenai vaksin MR:Penyakit Campak dan Rubella:Campak dan rubella adalah penyakit menular yang disebabkan oleh virus dan dapat ditularkan melalui udara.Pencegahan:Vaksin MR sangat efektif dalam mencegah kedua penyakit ini dan telah terbukti aman serta digunakan di banyak negara. Manfaat:Mencegah campak dan rubella. Mencegah komplikasi serius yang dapat ditimbulkan oleh kedua penyakit, seperti pneumonia, diare, kerusakan otak, ketulian, kebutaan, hingga penyakit jantung bawaan. Jadwal Pemberian:Vaksin MR diberikan secara suntikan di lengan pada anak-anak mulai usia 9 bulan MR 1 , 18 bulan MR2 dan ulangan/booster pada anak Usia SD kelas 1 saat kegiatan BIAS setiap bulan Agustus. Efek Samping:Efek samping yang umum terjadi sangat ringan, seperti demam ringan, ruam merah, atau bengkak di area suntikan, yang biasanya hilang dalam beberapa hari. Perlindungan Penuh:Vaksin MR memberikan perlindungan yang lebih lengkap dibandingkan vaksin campak saja karena mencakup rubella juga#BIAS#BIAS_MR#Edukasi_kesehatan","https://web.facebook.com/FeviBallu/posts/pfbid0321u7yFPqKNwmEjGzdwYZN1kxoeMTEqjQiDTjJjcrAJEobjqQAvfh8P7PqwRHYReul","16","0","31","-1","NaN"
"66","Syiaruddin Udhin","","Vaksin Measles-Rubella/MR Campak/measles disebabkan _Measles morbillivirus_ dan termasuk penyakit infeksi respirasi paling menular di dunia, dengan R₀ 12-18. Artinya 1 penderita bisa menulari 12-18 orang yang rentan. Komplikasi berat meliputi pneumonia, ensefalitis, dan SSPE yang bisa muncul tahun kemudian. CFR pada balita gizi buruk bisa >10%.Vaksin MR/MMR mengandung virus hidup dilemahkan/atenuasi. Meta-analisis _The Lancet_ 2019 menunjukkan efektivitas 2 dosis vaksin mencapai 97% dalam mencegah campak. Keamanan vaksin dipantau _Vaccine Safety Datalink_. KIPI serius seperti anafilaksis <1 per 1 juta dosis. Efek samping umum: demam & ruam ringan, transien 5-12 hari pasca vaksin.Imunisasi bukan cuma lindungi diri sendiri, tapi juga orang di sekitar kita yang belum bisa divaksin. Itu namanya herd immunity.Imunisasi Gratis & penting untuk masa depan yang lebih sehat #VaksinCampak  #CegahCampak #HerdImmunity #SehatBersama","https://web.facebook.com/udhin.dzeko.5/posts/pfbid02VEKB7dUgURW2izJr8NJPe5vuJQDCpWVhAMsSqNNdmHTgMsfChtD6LqiLCnTyaofcl","5","1","4","-1","NaN"
"67","Angelin Rike Mahendra","","Akhirnya didepak juga dari grup Gesamun. Mungkin ada yang melaporkan ke adminnya bahwa saya sedang menyusun data KIPI vaksin MR tahun 2017 ini. Takut ya ketauan sama saya kasus2nya? Takut ya orang2 mulai meragukan keamanan vaksin MR? Kenapa harus takut? Saya lho bukan siapa2..dokter bukan..wartawan bukan..pejabat apalagi..cuma ibu rumah tangga yang kerjaannya cuma bisa lakukan wawancara keluarga korban lewat fesbuk sambil nangis2 naha… Lihat selengkapnya","","0","0","228","-1","NaN"
"68","Kompas.com","","Vaksin MR melindungi anak dari dua penyakit sekaligus. Jadwal rutin pemberian vaksin dilakukan saat anak berusia 9 bulan, 18 bulan, dan kelas 1 SD.","","0","0","12","-1","NaN"
"69","Dinkes Pdg Pariaman","","PEMBERITAHUAN PEMBERIAN VAKSIN CAMPAK MR UNTUK TENAGA MEDISDalam upaya melindungi tenaga kesehatan sekaligus meningkatkan keselamatan pasien, akan dilaksanakan pemberian vaksin Campak MR bagi tenaga medis. Kegiatan ini merupakan langkah penting untuk mencegah penularan sejak dini, memperkuat imun, serta memastikan lingkungan pelayanan kesehatan tetap aman.Mari bersama kita sukseskan program ini: Cegah penularan sejak dini Amankan diri dan pasien… Lihat selengkapnya","https://web.facebook.com/reel/1487542602710421/","0","0","0","-1","NaN"
"70","Eval Suryana","","Dinkes Kota Malang Mengusulkan 11 Ribu Tenaga Medis dan Nakes Segera di Vaksin MR… Lihat selengkapnya","","0","0","1","-1","NaN"
"71","Respons Id","2026-03-26T08:41:00.000Z","Kasus campak lagi meningkat di beberapa daerah, tapi kabar baiknya—Kemenkes memastikan vaksin MR tetap aman dan stoknya cukup di seluruh Indonesia. Bahkan, jutaan dosis… Lihat selengkapnya","https://web.facebook.com/photo/?fbid=122171380550677497&set=a.122104483946677497","1","0","16","-1","NaN"
"72","https://www.facebook.com/share/p/175jGvxbaD/","2025-08-22T22:35:00.000Z","Saya posting ulang ya mbak. Bisa langsung baca k fb beliau resiko vaksin MRhttps://www.facebook.com/share/p/175jGvxbaD/… Lihat selengkapnya","https://web.facebook.com/angelina.octa.12/posts/pfbid02aBRkWSgBA2ASGnUGDR53H2NpbkRsLT6BVFgd8mH7VhkcqUMFZM63yppPvibK7jjpl","342","968","402","-1","NaN"
"73","Fitri Yani","2026-07-14T06:48:00.000Z","*JADWAL IMUNISASI 0 - 9 BULAN**1. Pas Lahir*  Langsung 3 vaksin:  *Hepatitis B 0* disuntik, *Polio 0* ditetes, *BCG* disuntik di lengan kanan.  Buat cegah Hepatitis B, Polio/lumpuh, sama TBC. BCG nanti bekasnya jadi bopeng kecil ya.*2. Usia 1 Bulan*  *Hepatitis B 1* disuntik.  Lanjutan buat Hepatitis B biar kebalnya makin kuat.*3. Usia 2 Bulan*  Ini paling rame  4 vaksin sekaligus:  *DPT-HB-HiB 1* disuntik di paha  *Polio 1* ditetes  *PCV 1* disuntik  *Rota 1* ditetes ke mulut  Fungsinya buat cegah Difteri, Batuk Rejan, Tetanus, Hepatitis B, Pneumonia, Meningitis, sama Diare berat.*4. Usia 3 Bulan*  Sama kayak 2 bulan, diulang lagi dosis ke-2:  *DPT-HB-HiB 2 + Polio 2 + PCV 2 + Rota 2**5. Usia 4 Bulan*  Dosis terakhir buat yg 4 itu tadi:  *DPT-HB-HiB 3 + Polio 3 + PCV 3 + Rota 3*  Catatan: Rota harus selesai sebelum dede 8 bulan ya Bu. Kalau telat nggak bisa.*6. Usia 9 Bulan*  *Campak-Rubela / MR* disuntik di lengan kiri.  Ini buat cegah Campak sama Rubela. Rubela bahaya banget kalau kena pas udah gede nanti.*YANG PENTING DIINGET*1.  Jarak antar DPT/Polio/PCV/Rota minimal 1 bulan. Makanya pas 2-3-4 bulan2.  Semua gratis di Posyandu & Puskesmas. Bawa Buku KIA ya3.  Kalau kelewat jadwal, langsung kejar aja. Nggak usah ngulang dari awalNah dari semua itu, yg paling sering bikin demam itu DPT pas 2, 3, 4 bulan  O iya, adakah bunda yang debaynya nggak di imunisasi?? Boleh tau alasanya nggak bun#imunisasi#dpt#bayi","https://web.facebook.com/safitri.lopheupholepheld/posts/pfbid0DF1fBzvV7p78eRiv66JbXtnEmscRtYjmNtrAXSwypgWh9aQnfgpbhAwcT9G9Jj3Ll","21","31","60","-1","NaN"
"74","Puskesmas BuluSukoharjo","","Pengumuman Imunisasi Kejar Campak MR… Lihat selengkapnya","https://web.facebook.com/photo/?fbid=26080242851637570&set=a.2295542683867587","0","1","7","-1","NaN"
"75","#proteksikesehatan","2026-05-05T07:59:00.000Z","Vaksin MR (Measles Rubella) #proteksikesehatan","https://web.facebook.com/photo/?fbid=26512145968487689&set=a.496004440528531","2","0","10","-1","NaN"
"76","Mia Najwa","","""Mengapa Harus Vaksin MR?Karena bisa mencegah penyakit serius dan melindungi anak dari komplikasi berbahaya!… Lihat selengkapnya","https://web.facebook.com/photo/?fbid=2487862881652613&set=a.127854697653455","0","2","0","-1","NaN"
"77","Rolly Arman","","KIck Off Vaksin MR (CAMPAK&RUBELA) bagi Tenaga Medis dan Tenaga Kesehatan","https://web.facebook.com/photo/?fbid=27488931467441786&set=pcb.27488953460772920","0","0","0","-1","NaN"
"78","Nini Deritana","2026-04-27T06:06:00.000Z","Vaksin MR … Menahan Rindu …Untuk para nakes yg kesepian … dan menunjulkan gejala haus kasih sayang … pada pemeriksaan fisik didapatkan … muka kusut , tidak bergairah …Yok sukseskan … vaksin MR … Morbili Rubela … semoga tidak demam soalnya besok jadwal manggung bersama Ndarboy dan Anji…","https://web.facebook.com/nini.deritana/posts/pfbid04rhXZX656ELryzTD9hvor4xULvseo1mbVjo9KLMfW4uwFQFQzX7s7mWiP2rvgPSSl","64","1","313","-1","NaN"
"79","Uma A","","Katanya campak dan Rubella itu 1x seumur hidup dan setelah itu orang tidak akan kena campak dan Rubella lagi. Jika sudah pernah kena campak dan Rubella maka tubuhnya sudah membentuk kekebalan permanen seumur hidup. Jadi buat apa vaksin campak lagi jika… Lihat selengkapnyaKatanya campak dan Rubella itu 1x seumur hidup dan setelah itu orang tidak akan kena campak dan Rubella lagi. Jika sudah pernah kena campak dan Rubella maka tubuhnya sudah membentuk kekebalan permanen seumur hidup. Jadi buat apa vaksin campak lagi jika… Lihat selengkapnya","","0","0","464","-1","NaN"
"80","Dwi Putri Indriyani","","Maaf Bun mintak saran.Sya ada torch igg positif,dan udh pengobatan vaksin tgl 1 bulan februari dan bulan Maret tgl 1 vaksin lgi tpi nympk tgl sekarang sya blm vaksin di tanya bagian administrasi vaksinnya blm ada.padahal habis vaksin k 2,pengobatan anti virus.Apa nggak pa2 telat,atau tanya dokter langsung,klo tanya dokter langsung harus periksa.gmna Bun solusinya,mau tau sja klo telat vaksin aman nggak.","","0","0","1","-1","NaN"
"81","Prince Andrew","","Yuk kenalan sama VIRUS RUBELLA. penyebab tertinggi kasus tuli bawaan lahir di dunia , diluar kondisi genetik. Virus ini jg dipanggil sebagai CAMPAK JERMAN. Dia tidak be… Lihat selengkapnya","https://web.facebook.com/photo/?fbid=10224418525449600&set=pcb.25612387498443691","0","0","0","-1","NaN"
"82","Merry Terok","","Info..Kalau sudah pernah di vaksin Campak wajib dilengkapi dengan vaksin Rubella..Ingat...!!J… Lihat selengkapnya","","0","0","47","-1","NaN"
"83","Elfrita Sitompul","","Vaksin Rubella 2Tujuan utama vaksin rubella adalah untuk merangsang sistem kekebalan tubuh agar memproduksi antibodi yang dapat melawan virus rubella (campak Jerman).Vaksin ini diberikan untuk mencegah infeksi penyakit tersebut dan menghindari berbagai komplikasi berbahaya.Dari gaya tangan kananku memegang erat kursi sebenarnya aku menahan sakit yang teramat walaupun ekspresi biasa.","https://web.facebook.com/mamanya.felova/posts/pfbid0tMdiC22p9BM4jpWY9kLdktkGpi6wc2EuJ66U2u5vt5VVVwq1D22AWBVTjPDmf8hql","27","1","15","-1","NaN"
"84","Dwi Putri Indriyani","","Assalamualaikum Bun mau tanya?Sya habis keguguran bulan Desember dan udh cek leb torch hasilnya igg torch,terus udh pengobatan vaksin rubella 1 dan obat antibiotik sja,berhenti pengobatan Krn obat nggak ada..Dan yampk sekarang sya nggak KB,tpi knpa bulan2 nich sya haid maju dan haid cuma 2 hari sja??Apa kah normal,atau apakah sya hamil.Tpi perut kyk buncit tpi setiap bulan haid hanya 2-4 hari sja??","","0","0","3","-1","NaN"
"85","Deisma Napitupulu","","Done Vaksin Rubella tahap 2","https://web.facebook.com/photo/?fbid=2833456560339313&set=pcb.2833456627005973","0","0","0","-1","NaN"
"86","Selina Aisyah Humairah","","Kalo udah di Vaksin Campakharus dilengkapi dengan Vaksin Rubella. Supaya kalau suatu saat diCampakan ada yang Bela!Kalo udah di Vaksin Campakharus dilengkapi dengan Vaksin Rubella. Supaya kalau suatu saat diCampakan ada yang Bela!","","0","0","11","-1","NaN"
"87","@pengikut","","Kalau sudah vaksin campak harus dilengkapi dengan vaksin rubella , supaya suatu saat nanti di campakkan ada yang bela,@pengikutKalau sudah vaksin campak harus dilengkapi dengan vaksin rubella , supaya suatu saat nanti di campakkan ada yang bela,@pengikut","","0","0","11","-1","NaN"
"88","Mamake Raaz Raaz","","Udah jauh jauh ke CirebonAku gagal di vaksin rubellaKarena lagi batuk pilek,Gak boleh vaksin rubella Dokter gak mau nyuntik,… Lihat selengkapnya","","0","0","12","-1","NaN"
"89","Tegoeh Bramantyo","","Back To SchoolPenularan Vaksin: Hal yg Perlu Diketahui :Agustus dan September adalah bulan² puncak untuk vaksinasi wajib sekolah. Beberapa di antaranya termasuk vaksin virus hidup, yg berarti virus masih aktif dan dapat menular.Hal itu penting bagi keluarga yg memiliki saudara yg masih muda, anak² dengan sistem kekebalan tubuh yg lemah, atau siapapun yg sedang dalam pemulihan dari penyakit.Vaksin Hidup yg Diberikan Selama Musim Kembali ke Sekolah:• MMR (Campak, Gondongan, Rubella)• Varicella (Cacar Air)• FluMist (Vaksin Flu Semprotan Hidung)Sering diberikan di sekolah sebagai pilihan saat musim flu.Jaga Imun, jaga Iman.Dukung kekebalan tubuh dengan tidur, mineral, dan makanan asli.#tolakmandatoryvaksin#tolakkelincipercobaan","https://web.facebook.com/teguh.bramantyo.94/posts/pfbid0WAUzTNj4NrNs6c3BiFCoNi1z1u5quqZakeNmoqE97CiS9zrbPng3dS8yjLLgMYJXl","18","2","7","-1","NaN"
"90","Kasmi Binti Kamaruddin","","Banyak yg seliweran di FB bilang orang tua bodoh yg vaksin anaknya atau imunisasi karena mengandung babi dan janin yg diaborsi...Beberapa vaksin memang menggunakan komponen dari babi atau sel janin, tapi tidak semua vaksin seperti itu. Contohnya, vaksin rotavirus (untuk mencegah diare berat pada bayi) dan beberapa vaksin influenza menggunakan komponen babi. Sedangkan vaksin rubella (campak Jerman) menggunakan sel janin hasil aborsi … Lihat selengkapnya","","0","0","4","-1","NaN"
"91","Mila Tiani Rap Faiqa","2025-08-05T14:12:00.000Z","Waktu 2017, vaksin haram MR yang disulap mubah dan banyak tewaskan anak-anak Indonesia diklaim untuk eliminasi campak Rubella pada tahun 2020. Lah kok tahun 2025 masih ada . Jangan sekali-kali percaya vaksin, dengan dalih eliminasi atau apapun. Sebab, taruhannya: nyawa!!!","https://web.facebook.com/photo/?fbid=1388056882927835&set=a.1036348834765310","8","1","26","-1","NaN"
"92","Elfrita Sitompul","2026-06-18T01:38:00.000Z","Pagi gaes, hari ini siap-siap mau Vaksin Rubella ke-2. Konon kata teman-teman, ini lebih sakit dari yang pertama. Tapi tetap semangat","https://web.facebook.com/photo/?fbid=28347359481521491&set=a.100761426608008","14","1","16","-1","NaN"
"93","Eka Khairani Adha","2025-08-25T10:39:00.000Z","Apa itu Vaksin MMRV? Vaksin MMRV adalah vaksin gabungan untuk melindungi dari penyakit Campak (Measles), Gondongan (Mumps), Rubella (Campak Jerman), dan Cacar Air (Varicella).Vaksin ini biasanya diberikan kepada anak-anak berusia satu hingga dua tahun dalam dua dosis, dengan dosis pertama antara 12-15 bulan dan dosis kedua antara 4-6 tahun. Contoh di gambar anak yang terkena cacar air (Varisella)#vaksin #vaksinrubella #vaksinmumps #vaksinmeasles #vaksinvarisella #imunisasi #imunisasianak #cacarair #gondongan #fyp #foto","https://web.facebook.com/ekakh.cikadvjnasix/posts/pfbid037RSa17EnfbXBbwGuPGSeHj1r7xBuq5e6n7LTwv2AQDysvSPb96fKjZqnh1kqcBZNl","50","0","35","-1","NaN"
"94","Ana Bru Ginting Babo","2026-05-20T05:45:00.000Z","Kami sebelum vaksin rubella..Padahal lagi degdegan..Kalau di foto langsung senyum sumringah..#fyp#fbpro#jangkauanluas","https://web.facebook.com/ana.bruginting/posts/pfbid0L5zRghPFk98qqRDdM7xit1Px2P96EpAzZc9faJvLCUf2p4Y8tzArTpxCAq1iEA4Sl","8","0","27","-1","NaN"
"95","Mee Umboh","","Setelah vaksin MR (Measles-Rubella)","https://web.facebook.com/reel/814380334388548/","0","0","0","-1","NaN"
"96","Made Musliana","","Anda pernah di vaksin Rubella/campak ?Imunisasi bukan hanya saat kita masih anak tapi saat anda dewasapun wajib di vaksin … Lihat selengkapnya","https://web.facebook.com/reel/1532284118697824/","0","0","0","-1","NaN"
"97","Awela Natalia Yancek","","Teringat lagi dengan percakapannya si sottaw kesi dgn papinya wktu kesi mau vaksin Rubella Kesi:mami mana kartu keluarga? Me :astga kulupa syg, tax papimu biar na ambilkan Kesi :(dgn muka kesal) ais ini mami ehDiluar rumahKesi— bersama Awela Natalia Yancek dan 4 lainnya.… Lihat selengkapnya","","0","0","2","-1","NaN"
"98","Azzahrah Aisyah Humairah","","Kalo udah di Vaksin Campakharus dilengkapi dengan Vaksin Rubella. Supaya kalau suatu saat diCampakan ada biar ada yg bela","","0","0","3","-1","NaN"
"99","Fhaa","","PANDUAN LENGKAP VAKSIN ANAK (0-18 BULAN)","https://web.facebook.com/reel/1001193496009937/","0","0","0","-1","NaN"
"100","Mak Erot","2025-12-22T08:57:00.000Z","Teman - teman ada info nih Katanya kalau sudah vaksin campak harus dilengkapi vaksin rubella biar suatu saat dicampakkan ada yg nge bela","https://web.facebook.com/photo/?fbid=4274313202846229&set=a.1471327023144875","18","0","17","-1","NaN"
"101","Sintta","","Lika liku perjuangan ke TAIWAN gak mudah banget ada diproses ini harus melewati beberapa proses pertama nunggu turun job lebih dari sebulan ke… Lihat selengkapnya","https://web.facebook.com/photo/?fbid=920810040483843&set=pcb.920817417149772","0","0","0","-1","NaN"
"102","Dwi Rama","2026-02-09T11:29:00.000Z","Jenis-jenis imunisasi dan penanganan nya!!??1. Jadwal Imunisasi Dasar (0-12 Bulan)Pemerintah Indonesia melalui Kemenkes biasanya mewajibkan beberapa jenis imunisasi utama ini:*Usia 0 Bulan vaksin Hepatitis B (HB-0) melindungi dari Infeksi hati (Hepatitis B)*Usia 1 Bulan vaksin BCG, Polio 1 melindungi dari TBC dan Kelumpuhan (Polio)*Usia 2 Bulan vaksin DPT-HB-Hib 1, Polio 2, PCV 1, Rotavirus 1.melindungi dari Difteri, Pertusis, Tetanus, Radang Paru, Diare*Usia 3 Bulan vaksin DPT-HB-Hib 2, Polio 3, PCV 2, Rotavirus 2 melindungi dari Lanjutan dosis ke-2*Usia 4 Bulan vaksin DPT-HB-Hib 3, Polio 4, IPV (Suntik) melindungi dari Lanjutan dosis ke-3* Usia 9 Bulan vaksin MR (Campak-Rubella) 1 melindungi dari Campak dan campak Jerman Catatan: Ada juga vaksin tambahan (pilihan) seperti Influenza, Varicella (cacar air), dan Hepatitis A yang bisa dikonsultasikan dengan dokter anak.2. Penanganan Pasca Imunisasi (KIPI)Efek samping setelah imunisasi disebut KIPI (Kejadian Ikutan Pasca Imunisasi). Biasanya bersifat ringan dan akan hilang dalam 2-3 hari. Jangan panik, berikut cara menanganinya:Demam RinganTindakan: Berikan ASI atau cairan lebih sering agar bayi tidak dehidrasi.Pakaian: Gunakan pakaian yang tipis dan nyaman (jangan diselimuti tebal).Obat: Berikan parasetamol sesuai dosis yang dianjurkan dokter jika suhu tubuh di atas 38°C.Bengkak atau Kemerahan di Bekas SuntikanTindakan: Kompres area yang bengkak dengan kain bersih yang dibasahi air dingin (bukan es batu langsung).Tips: Jangan memijat atau mengurut area bekas suntikan tersebut.Anak Menjadi RewelTindakan: Berikan pelukan ekstra (skin-to-skin contact) untuk menenangkan bayi. Bayi biasanya merasa pegal di area suntikan.3. Kapan Harus ke Dokter?Segera hubungi tenaga medis jika si kecil mengalami gejala yang lebih serius (sangat jarang terjadi), seperti:*Demam tinggi di atas 39°C.*Bayi menangis terus-menerus tanpa henti selama lebih dari 3 jam (high-pitched cry).*Kejang.*Muncul reaksi alergi hebat seperti sesak napas atau pembengkakan wajah.Tips Pro: Selalu bawa Buku KIA (Buku Pink) setiap kali kontrol agar riwayat imunisasi tercatat dengan rapi dan tidak ada yang terlewat.Semoga membantu  #edukasikesehatan#edukasibayi#imunisasi#tipssehat#bitcoin#imunisasibayi#healty#ibuhamil","https://web.facebook.com/dwi.faiz.31337/posts/pfbid02Sve8ZZgY9gLB2TKHQQqddwKaS8fftrgfERV7PWNrH6HxF2RTqVvMop9a9Wuniiqrl","191","1500","1300","-1","NaN"
"103","Elvina Rauf","","halo aunty uncle jadi hari ini mingxie dia ad imunisasi vaksin MMR( Campak+ gondongan+rubella) jdi di china itu vaksin campak sekalian gondongan dgan rubella guys itu d… Lihat selengkapnya","https://web.facebook.com/reel/995785816247807/","0","0","0","-1","NaN"
"104","Ama Yally Jr.","","Kegiatan Vaksin Rubella dan Campak","https://web.facebook.com/photo/?fbid=1441330117144269&set=pcb.1528174858563669","0","0","0","-1","NaN"
"105","Narty Nayan","2026-01-15T14:02:00.000Z","Sekilas info: Bagi yang sudah vaksin campak, harus dilengkapi vaksin rubella. Biar kalo satu saat dicampakkan pasti ada yang bakalan ngebela yaSelamat malam sahabat on-line, selamat beristirahat #Hiburan#CelotehMalam#WaktunyaSantai","https://web.facebook.com/narty.nayan.2025/posts/pfbid022LFMBkjEZ8w9Jf4fg6F7iWyq4gGF98p1nTpNMKNGPFKhHoJM8cruAipmg5esHuWEl","14","1","14","-1","NaN"
"106","Komang Adi Putra","","Dokumentasi hari ini21 Agustus 2025SD inpres 3 wanamukti.Vaksin pencegahan tetanus difteriVaksin rubella","https://web.facebook.com/komang.adi.putra.360013/posts/pfbid0VAbsZxiWLnfNBk4P6nxFK137N1CYTbL8DW7vYaPXGYxGTJKqmZVywguT3C6waFn2l","0","1","23","-1","NaN"
"107","Nia Damayanti","","Kenapa anak nya gak di vaksin hari ini, bukan gak mau cuma mau kasih jeda aja buat tubuh dia dalam jangka 6 bulan ini udah 3x vaksin, ini vaksin rubella yg ke 2, gak papa aja absen dulu,.emaknya gak tega aja anaknya di vaksin terusKenapa anak nya gak di vaksin hari ini, bukan gak mau cuma mau kasih jeda aja buat tubuh dia dalam jangka 6 bulan ini udah 3x vaksin, ini vaksin rubella yg ke 2, gak papa aja absen dulu,.emaknya gak tega aja anaknya di vaksin terus","","0","0","33","-1","NaN"
"108","Vita Wiffa","","Assalamualaikum.. Para nakes suntik vaksin rubella ... Nakes gerda terdepan... Semangat","https://web.facebook.com/vita.wiffa/posts/pfbid02MykDw9zbKck6dQp8Cn1poVZZ4Cgs7TDgqDLteRWawx6A4fStXF9dKN5hXSntfZdSl","4","0","6","-1","NaN"
"109","Wahyu Saefudin","","Catch Up ImunisasiHari ini Boy dan Galena diimunisasi. Tambahan jenis vaksin yang belum lengkap waktu di Indonesia. Dapat tiga vaksin, rubella, meningococcal ACWY dan B.Sebenarnya ada program gratis dari pemerintah, tapi kita ngga eligible soalnya belum PR. Walhasil, akhirnya booking via email. Biayanya lumayan, hampir $600 + pajak mainan robot dunia.Tapi demi si Boy yg nanya terus kapan bisa berangkat ke sekolah, insyaAllah worth it. Oya, pas nanya ke asuransi juga katanya ada reimburse 50%. Buat yang bakal boyong toddler ke Australia, penting banget cek ulang status imunisasi anak ya! Termasuk translasi buku KIA pink dan stempel dari klinik/puskesmas di Indonesia.Terus bukunya nanti akan di Asesmen untuk dilihat mana yang sesuai dengan vaksin di sini dan mana yang masih kurang. Untuk Boy dan galena masih akan ada 2 term susulan lagi. Bisa beli vario baru pokoknya.","https://web.facebook.com/wahyusaefudiin/posts/pfbid0j1qqXpRzLjXeqjPGQ65FUu2Ka1jFEQj4dnzBoofa2CRG4ehrTh9zWwvF7AiiPoRil","3","0","12","-1","NaN"
"110","Fitri Astuti","","sharing mom anaknya yang udah imunisasi campak efeknya gimana? Demaam apa gak?","","0","0","10","-1","NaN"
"111","Oktaviana","","izin tanya yg sudah pengalaman bagi info bund kalo imunisasi yg dpt-hb-hib lanjutan sama campak rubella (MR) lanjutan yg usia 18 bulan efek demam g bund?","","0","0","3","-1","NaN"
"112","Esmanto","","maaf dok mau tanya,anak sy kmarin hbs imunisasi 2 sekaligus dpt dan campak rubela usia 19 bulan,rewelnya bukan main dok,udah 2 hari tangan yg kanan bkas suntikan gk mau aktif gerak kayak biasanya,hanya yg kiri yg aktif,pdhal sy udh kompres air hangat,gimana dok biar anak sy tanganya cpt sembuh dan aktif lg.trimakasih","","0","0","4","-1","NaN"
"113","Rina Setyowati","","10 hari lalu anak saya imunisasi campak yang usia 9 bulan, setelahnya gak demam, tapi sekarang tiba2 demam ringan, apakah ini karena dampak imunisasi","","0","0","2","-1","NaN"
"114","Damarwulan","","Assalamu'alaikum dokIjin tanya anak saya sdh usia 13bulan blum imunisasi ipv1 dan 2 karna waktu itu habis tpi sdh campak(pas usia 10bln), dan diusia 11bulan ada jadwal imunisasi tidak saya ajak berangkat karna anak saya terkena DB hingga dirawat di RS, dan bulan kmrn ada jadwal tidak berangkat lagi karena pilek,  yang mau saya tanyakan apakah masih boleh di berikan imunisasi ipv1 dan 2 karna usianya sdh jauh sekali dari jadwal..  Terima kasih","","0","0","2","-1","NaN"
"115","Viona Azzizah","","Hallo dok, sya mau nanya klo imunisasi campak 9 bln, bikin demam g..?? Trimakasi..","","0","0","1","-1","NaN"
"116","Na Na","","bagi pengalamannya dong bunda , imunisasi campak itu bikin demam tidak ya","","0","0","6","-1","NaN"
"117","Nanda Ema","","Bunda2 yang cantik...anak sepupu saya baru saja meninggal dunia,karena campak..Umur anaknya sekitar 17 bulanan..Meninggal karena campak..Apakah penyakit campak bisa mengakibatkan meninggal dunia,sedangkan sudah ikut imunisasi campak?… Lihat selengkapnya","","0","0","35","-1","NaN"
"118","Kaka ArIa","2026-01-15T05:04:00.000Z","Abses Imunisasi......!!! ""Anak saya tidak imunisasi, sehat, tidak pernah sakit"" Ibu A ""Anak saya sejak diimunisasi malah gampang sakit"" Ibu B "" Anak saya sudah imunisasi campak tetap kena campak  "" Ibu C Dan bla bla bla lainnya... ...... Imunisasi selalu ada pro dan kontra di Masyarakat. Tak usai di bahas. Karena menjadi orang tua awam di sugui dua data yang sama-sama memiliki analisa kuat. Baik dari segi kesehatan, politis, bisnis dll. Intinya semua di kembalikan ke orang tua masing2 individu. Dengan berbagai pertimbangan kuat yang mereka miliki. Kita sebagai manusia bersosial harus saling menghargai keputusan masing2 individu. Baik yang imunisasi maupun yang tidak. .....Ada satu penjelasan Kak trisno di kolom komentar saya yang oke dan menurut saya masuk. Begini... ""Faktanya, blm tentu anak yg melalui proses vaksin lengkap kondisi nya bisa lebih ringan saat terpapar virus karena ada banyak faktor penyebab, bukan faktor tunggal, tergantung makanan yg dikonsumsi, lingkungan, kondisi organ dalam seperti, hati, ginjal, limpa, kecepatan ataupun ketepatan penanganan, dll. "" #absesimunisasi #kipi#abses#imunisasi #virus#vaksin#gagalvaksin","https://web.facebook.com/kaka.aria.7/posts/pfbid02kSWjQnE7qxhFNWHVGxGRY4LPNgaNTPoRzpLDTRBzcC26AChsJrvJ8yMdS8LAL6QMl","62","17","83","-1","NaN"
"119","Nabila Nafsah","2026-07-13T02:32:00.000Z","Assalamu'alaikum bundaaa.... Hari ini si kecil sedang imunisasi Campak / MR (Measles Rubella) untuk mencegah penyakit campak dan rubella. Fungsi vaksin campak adalah melindungi bayi dari paparan virus penyebab campak, yaitu Paramyxovirus. Virus ini sangat mudah menular melalui droplet (percikan air liur) dari orang lain yang terinfeksi. Manfaat vaksin campak bisa mencegah komplikasi serius pada anak di bawah 5 tahun, seperti radang otak, diare hebat, hingga pneumonia. Imunisasi campak pun penting untuk menciptakan kekebalan kelompok (herd immunity). Semakin banyak anak yang diimunisasi di suatu area, semakin sulit virus menginfeksi sehingga penularan pun menurun.Hingga kini, belum ada pengobatan untuk mematikan virus penyebab campak. Maka, memberikan vaksin MR/MMR sesuai jadwal adalah langkah terbaik untuk melindungi si Kecil... Pastikan bunda terus mendukung kekebalan tubuh si Kecil melalui nutrisi, kebersihan, dan stimulasi yang tepat di 1000 hari pertama kehidupannya.... #fyp#fbpro#jangkauanluas#babyactivity#dailyactivity#imunisasi#campak","https://web.facebook.com/intan.m.lestari.169/posts/pfbid0315x2s8ZAhksFcAJPXSRwSYoDwHiL55A2Af5G7oRUZybfG1C8MyGhc1QTc5sFjPSxl","34","1","11","-1","NaN"
"120","Purnama Jayanti","2026-07-05T02:53:00.000Z","Anak pertamaku full imunisasi sampek campak lanjutan usia 2 tahun , pas DPT pernah juga pahanya Sampek bengkak keras panasnya tinggi banget sampek 3 hari 3 malem ga nyenyak tidur si bayi maupun emaknya.Dan untuk anak ke2 ku ini cuma bcg, setiap mau imunisasi pilek ringan akhirnya ga di suntik dan pada akhirnya sampe usia 1 tahun ga ku imunisasi sama sekali. Dan selama ini Alhamdulillah anak ke2 ini ga pernah yang namanya demam tinggi kayak anak pertama, kalo anak pertama dulu sering banget ke bidan mungkin 1 bulan bisa 2 atau 3x karna demam dan bapil. Imunisasi memang hak anak tapi tanggung jawab jika terjadi hal-hal yang tidak di inginkan menjadi tanggung jawab orang tua, bukan pihak medis apalagi pemerintah. Dan satu lagi kenapa zaman sekarang parenting ke anak itu ga boleh ini ga boleh itu, kayak ribet banget deh, kalo aku sih ngikut kata hati aja #fyp #imunisasi","https://web.facebook.com/purnama.sumitomo/posts/pfbid02yzpsbzKS754GnWTp93JuBZuSjPt6GiT3rvo4CQ2GyN1a9x46LRQMsoFrWcZfd6yUl","20","1","12","-1","NaN"
"121","Linda Novita Dewi","","Bocil imunisasi campak dulu gaess...Kalian tim ibu ibu anak harus di imunisasi atau enggak? Kan ada ya tim ibu2 yg gak mau imunisasi anak karna takut demam, padahal ka… Lihat selengkapnya","https://web.facebook.com/photo/?fbid=25332879499742095&set=a.104768479646545","3","0","16","-1","NaN"
"122","IOh Triyadi","","Anak bayi habis Imunisasi campak-rubella..Mau nanya donk Bun,biasa nya panas atau gak,dan baik nya langsung minumin obat apa jangan...Anak bayi habis Imunisasi campak-rubella..Mau nanya donk Bun,biasa nya panas atau gak,dan baik nya langsung minumin obat apa jangan...","","0","0","45","-1","NaN"
"123","Ika Bunda'nya Kesya","2026-07-05T21:33:00.000Z","Bun anak kalian waktu imunisasi campak suntik paha kanan kiri atau kiri aja??Serius nanya ni bun soalnya besok selasa jadwal imunisasi campak nih...Peraturan sekarang kan imunisasi campak dan IPV suntik kanan kiri, kalau kalian pilih suntik satu2 dulu atau langsung 2 sekaligus?? Kalau dulu pas DPT aku selalu pilih suntik satu2 gak berani langsung 2 karena takut si kecil gak kuatAku ibu anak 3 pasti kalian mikir, harusnya udah pengalaman ya kan...Dulu anak ke 1 dan anak ke 2 ku selalu imunisasi di Bidan umum, jadi gak takut demam setelah imunisasi karena kan berbayar.Sedangkan di anak ke 3 ku ini imunisasi nya di posyandu yang gratis dan efeknya itu biasanya demam, jadi agak worryKenapa anak ke 3 imunisasinya di posyandu??Karena sekarang imunisasi di Bidan umum mahal banget, beda sama zaman dulu masih ringan di kantong.","https://web.facebook.com/ieka.chipychipy/posts/pfbid0JMjfhtBFLa4pm4GPqfHQS6b78HfYmJqJW2Rgsg4nkgnWNajDRz2TnLPo1Chka7E4l","87","0","49","-1","NaN"
"124","Rina Santoso","2026-02-02T04:31:00.000Z","Bunda bunda yang anaknya udah imunisasi campak apakah yang imunisasi polio suntik 2 nya bareng sma campake itu?#imunisasi #allahummabaarik #campak","https://web.facebook.com/rina.paristi.5/posts/pfbid02d8T5ypbEz3EToSQrw54NbUfZM5chcSwgKt7bfYegFhwrwmgZXmSYGUxEKNREorvDl","77","1","47","-1","NaN"
"125","Neng Diyana","2026-05-01T01:21:00.000Z","Niat hari mau imunisasi campak ajh ...Tp Krena dpt 2 jg ketinggalan jdi hrus dpt 2 dluu ..Gpp kita kejar imunisasi sblm 5th ya Sekarang sunting 2 d tangan sekaligus.. hrusnya d paha tp krna udh bisa jlann jdis tangan ....Sehat"" ya de#imunisasi#kejar#dpt #campak","https://web.facebook.com/NengDiyana25/posts/pfbid0cYNt1p1imL7ZTLwXJ4vbqYBCejykFkaYLzLpcKdneqwfku1eAoAX3MoMzi9Y1mwwl","20","0","12","-1","NaN"
"126","Tukiyo Pa E Agisfia","2026-07-04T16:10:00.000Z","Sharing dong, Bund. Minggu depan anakku jadwal imunisasi campak. Yang deg-degan malah mamaknya. Ada yang sama nggak? Habis imunisasi campak, anaknya gimana? Cerita dong.","https://web.facebook.com/groups/sharingseputarbayi/posts/1373846268146868/","107","0","42","-1","NaN"
"127","다니","2026-05-08T02:27:00.000Z","Imunisasi lengkap udah selesai,katanya ada tambahan imunisasi campak ORI.tapi aku udah yakinin diri sendiri ngga mau bawa anakku imunisasi campak ORI ,aku ibu sing ovt bgt soale Bun, insyaallah berdoa terus semoga anak anak sehat selalu","https://web.facebook.com/non.xiu/posts/pfbid02WibA6W5Y3Z85kXuBmbasRka9qKYEdSwS7aq4BEmydaaUbExrAFeBPbheZR6CvXuSl","29","0","21","-1","NaN"
"128","Yuli Nurhayati","","Efek dari imunisasi campak ❗️❗️","https://web.facebook.com/reel/2119638468595565/","0","0","0","-1","NaN"
"129","Ika Bunda'nya Kesya","2026-06-29T12:03:00.000Z","Serius nanya ni bunda2, yang anaknya udah imunisasi campak badannya demam gak bun??Suntik campak aja atau langsung sama IPV 2??Soalnya ni si kecil udah 9 bulan, bentar lagi imunisasi campakSharing pengalamannya dong bun??","https://web.facebook.com/ieka.chipychipy/posts/pfbid0XacJKnHaWdeLk7QSeZxeqdtxjEBsNcqsKUyDQciyjkKenGy1WnVmCcoqRSARN5Acl","24","0","32","-1","NaN"
"130","Ika Bunda'nya Kesya","2026-07-11T14:11:00.000Z","Sudah lulus imunisasi DPT 1, 2 dan 3Imunisasi DPT 1 demam sampai 40,7Imunisasi DPT 2 demam 37 sehari semalamImunisasi DPT 3 demam 37 semalam sajaSekarang usia 9 bulan 11 hari, kemaren mau imunisasi campak tapi kata bubid nunggu ada barengannya bulan depan karena kalau imunisasi campak kan obat 1 botol bisa buat sampai 5 orang, dan setelah dibuka hanya bertahan 6 jam saja.Oke lah nurut sama Bubid saja..Bulan depan tepat diusia 10 bulan imunisasi campakSemoga gak ada drama demam dan rewel","https://web.facebook.com/ieka.chipychipy/posts/pfbid02wRs3TYrqowzQrVS3gVGcYJZmxWGVxhFmwyGZkfSLJ3s4jAFWRk2jvPqiZPuxz2Dql","20","0","12","-1","NaN"
"131","Kikie Kekey","2026-06-26T01:09:00.000Z","Hari ini gak kepasar karena anter Ade imunisasi campak.Jgn mikirin cari duit trs kesehatan dan kepentingan anak hrs no 1 dan wajibAde udh 9bln harus di imunisasi campak karena imunisasi campak banyak manfaatnya diantaranya adalah -mencegah  sakit campak-untuk kekebalan tubuh-untuk kesehatan jangka panjang. Bismillah, anak Indonesia harus sehat ya.Yuk, bunda yg pny balita jgn malas imunisasi ya wajib periksa kesehatan anak2 kita.Trima kasihSalam sehat untuk anak Indonesia #imunisasi#anakindonesiasehat#bayisehat","https://web.facebook.com/kikie.kekey/posts/pfbid02XA9P7AKu85yhGtN1sukGY4n2AHNZ7h2taEDao4VPg3Xkv38VMieqqm8cQEZSMYwGl","20","1","13","-1","NaN"
"132","Azlan Dika Athaya","2026-06-04T03:55:00.000Z","Alhamdulillah, imunisasi usia 18 bulan selesai Di usia ini, si kecil mendapatkan imunisasi lanjutan (booster) untuk membantu memperkuat perlindungan tubuhnya terhadap berbagai penyakit. DPT-HB-Hib lanjutan (booster)Melindungi dari difteri, pertusis (batuk rejan), tetanus, hepatitis B, dan infeksi Hib yang dapat menyebabkan meningitis serta pneumonia. Campak-Rubella (MR) lanjutan (booster)Untuk memperkuat perlindungan terhadap campak dan rubella yang sudah diberikan sebelumnya.Habis disuntik, langsung nen lalu bobok#azlan #ceritabayi #imunisasi #fbprofesional #semuaorang #jangkauan","https://web.facebook.com/mastar95/posts/pfbid0enEEAnPkbWZ8mcmxeG8nDmLxKvoNTwbY1DVE7tu4nKPhS6biP1HnJBwtmDiqsYBml","43","1","26","-1","NaN"
"133","Puskesmas Umbulsari","","Hallo sobat sehattt....Imunisasi campak adalah langkah kecil dengan perlindungan yang sangat besar. Satu suntikan saja dapat mencegah penyakit yang lebih berat, melindungi si kecil dari penyakit campak. Jangan lewatkan jadwal imunisasi sikecil ya bunda-bundaaa....… Lihat selengkapnya","https://web.facebook.com/reel/975140341589009/","0","0","0","-1","NaN"
"134","Apit Pujiati Suraya","","drama kena campak diusia segini dan punya anak masih kecil.
anak gue usia 4thn, blm lama diposyandu ngadain imunisasi campak karena memang lagi maraknya campak didaerah sini, dan gue biarin anak gue ikut disuntik juga meski imunisasinya udah lengkap. dan duaarrrrr yg kena malah ibuknya😭 alhamdulillah kata dokter gak harus dirawat tapi harus tetap isolasi mandiri dirumah. sedih karena gakbisa main dan tidur bareng anak utk sementara waktu.
plis gaes buat kalian yg punya anak kecil, imunisasi campak sepenting itu jadi jgn denial yaaa nih buktinya gue yg dah gede juga bisa kena.
semoga penyakit ini stop digue deh yaaa..","https://web.facebook.com/reel/1321722483259262/","0","0","0","-1","NaN"
"135","Ifa","2026-06-10T00:52:00.000Z","Habis imunisasi campak tidak demam tidak rewel Alhamdulillah. Tunggu 1 tahun baru imunisasi lagi yaa ndu#foto #jangakauanluas #fbpro","https://web.facebook.com/ifaaa2103/posts/pfbid02ScqfAXfGprvytLMJ1zE1osgznihkD8NuCUXYGvgPgdhugAKfc3iEGwBNg7dqWP1Fl","20","0","12","-1","NaN"
"136","Fitri Yani","2026-07-11T08:00:00.000Z","*Campak / Measles* itu penyakit infeksi virus yang nular banget Namanya juga ""penyakit anak"" karena paling sering nyerang bayi & balita yang belum imunisasi lengkap.*1. CIRI-CIRI CAMPak*Campak itu ada 3 fase:*Fase 1: Kayak flu - 3-4 hari pertama*1.  *Demam tinggi >38.5°C* : Bisa sampai 40°C2.  *Batuk, pilek, mata merah berair* : ""3C"" nya campak3.  *Rewel & nggak nafsu makan*4.  *Bintik putih di dalam mulut* : Namanya ""Bercak Koplik"". Kecil putih di pipi dalam. Ini khas campak*Fase 2: Muncul ruam - Hari ke 4-5*1.  *Ruam merah* : Awalnya di belakang telinga → muka → leher → badan → tangan kaki2.  *Ruamnya nyebar 3 hari* : Awalnya kecil-kecil, lama-lama nyatu3.  *Demam masih tinggi* pas ruam muncul*Fase 3: Ruam menghilang - Hari ke 7-10* Ruam jadi coklat lalu ngelupas halus. Demam turun.*2. BAHAYANYA KALAU KENA CAMPAK*Campak itu nggak cuma ruam doang. Komplikasinya bahaya:1.  *Diare berat + dehidrasi*2.  *Pneumonia / Radang paru* : Ini penyebab kematian no.13.  *Infeksi telinga* : Bisa bikin tuli4.  *Ensefalitis / Radang otak* : Kejang, kesadaran turun5.  *Gizi buruk* : Karena nggak mau makan pas sakit6.  *Kebutaan* : Karena kekurangan Vit A*3. GIMANA NULAR?*Gampang banget. Lewat *batuk, bersin, ngomong*. 1 orang kena campak bisa nularin ke 12-18 orang. Masa nular: 4 hari sebelum ruam sampai 4 hari setelah ruam.*4. CARA CEGAH PALING AMPUH**IMUNISASI MR/MMR* 1.  *Usia 9 bulan* : Imunisasi MR 12.  *Usia 18 bulan* : Imunisasi MR 23.  *Usia 5-6 tahun* : Imunisasi MR 3 / MMR di SDKalau udah imunisasi lengkap, kalaupun kena gejalanya ringan banget.Kalau udah terlanjur kontak, bisa dikasih *Vit A dosis tinggi* sama dokter buat nurunin risiko komplikasi.*5. KALAU UDAH KENA GIMANA?*Belum ada obat virusnya. Jadi penanganannya:1.  *Istirahat total*2.  *Banyakin minum + makan bergizi* biar nggak lemes3.  *Obat penurun demam* dari dokter4.  *Jemur matahari pagi 10 menit* : Bantu kulit sembuh5.  *Isolasi 1 minggu* : Jangan ke sekolah/posyandu biar ngga nular*LANGSUNG KE DSA/PUSKESMAS KALAU:*1.  Demam >3 hari nggak turun2.  Sesak napas, batuk berat3.  Kejang, lemas banget, nggak mau minum4.  Diare muntah terus*INTINYA*Campak = penyakit yang bisa dicegah 100% sama imunisasi. Makanya pemerintah gencar banget PIN dan BIAS di sekolah.Dede udah imunisasi MR belum? Kalau belum, langsung tanya ke bidan posyandu ya Bun","https://web.facebook.com/safitri.lopheupholepheld/posts/pfbid0KKDQjbwf7RLhTKEMH1VV3dobnj6zEzCwu5kht5wq77S6dgE1A6bG25buej5R6BpHl","20","18","31","-1","NaN"
"137","Maziya Inara","","bunda""yg punya anak balita,mau tanya klau imunisasi DPT lanjutan bikin demam,gmn cara mencegahnya biar ngga demam yah? tadi anaku imunisasi campak 18 bln+DPT lanjutan katanya biar skalian selesai gitu imunisasinya kata bidan desa,bidan bilang sih ktanya bisa bikin demam klau DPT ,klau campak ngga Alhamdulillah selesai juga imunisasi ya nak,sehat sllu anak Sholehanya mama","","0","0","1","-1","NaN"
"138","Ita Anita","","Lindungi Si Kecil dari Campak sejak Dini! Imunisasi campak adalah langkah penting untuk menjaga anak dari penyakit yang sangat menular dan berisiko serius. Dengan vaksin MR atau MMR, tubuh anak dibekali perlindungan sejak awal  Manfaatnya:Mencegah campak serta komplikasi berbahaya seperti pneumonia dan radang otak. Jadwal Imunisasi: 9 bulan (dosis pertama) 18 bulan (booster) 5–7 tahun (booster lanjutan) Efek samping?Umumnya ringan, seperti demam ringan atau kemerahan di area suntikan (biasanya muncul 8–12 hari setelah imunisasi). Cara pemberian:Melalui suntikan di bawah kulit, biasanya di lengan atau paha.Karena mencegah selalu lebih baik daripada mengobati Yuk, pastikan jadwal imunisasi anak terpenuhi! Hari ini imunisasi anak... Kebetulan yg ikut imunisasi campak serentak si mamas, karena si adek sudah di campak bulan lalu... ternyata si mamas masih nangis kalo di suntik Alhamdulillah sesampainya di rumah udah biasa aja dia wkwkwk  Tapi nggak ketinggalan donk... sogokannya banyak, Ada jasuke,sosis bakar, dan Yakult  bismillah semoga di lancarkan rezekinya dan sehat selalu aamiin #imunisasicampak #balaidesa #anaksehat #fbpropemula #semuaorang #jangkauanluas #monetisasi #sorotan","https://web.facebook.com/ita.anita.816746/posts/pfbid02ypZTcwNcqZ8rHZSqrXQ2vRL2oPtxXGdpBePpGw9RLAmqasaM6mfBbfvond7iW5Lpl","20","0","12","-1","NaN"
"139","Milawati Rizal","","Terima kasih sudah diterima di grup ini,  mohon pencerahannya tentang rubella, karena ada beberapa kawan saya yg terkena campak dan rubella saat sedang hamil,  2 orang bayi nya cacat,  1 orang sehat,  yang cacat ini saat sakit konsumsi obat dr dokter,  yg bayi nya sehat tidak berobat,  bgmn penularan rubella ke kita?  Kawan juga ada yg terkena rubella,  dan sering keguguran,  dikarenakan sering konsumsi telur mentah dan setengah matan… Lihat selengkapnya","","0","0","23","-1","NaN"
"140","Rufina Esien","","Imunisasi Campak Rubella(MR)Bermanfaat untuk melindungi anak dan org dewasa dari penyakit campak dan rubella yg menular serta berpotensi fatal.Vacsin ini mencegah komp… Lihat selengkapnya","https://web.facebook.com/photo/?fbid=122286848960222980&set=a.122165631980222980","0","1","5","-1","NaN"
"141","#fbpro","2025-12-22T02:56:00.000Z","Habis imunisasi campak-rubella lanjutan dapat susu vitamin sama obat panas.#fbpro","https://web.facebook.com/photo/?fbid=1531613037897384&set=a.104640870594615","8","1","0","-1","NaN"
"142","Nandaa Hasanah S","","bunda, anakku 9bln lebih, dri imunissi pertam sudah di wanti wanti sama mertua supaya ga imunisasi campak/rubella ktnya bisa menyebbkn anak autis soalny saudara dri pihk suami ada yg seperti itu dulu, tpi hri ini aku ttp imunisasi diem2, mnurut bunda bunda gmn ya?","","0","0","2","-1","NaN"
"143","Nur Dwi Kartika Sari","","Maaf saya mau bertanya, karna terus terang saya sampai saat ini masih bingung... Waktu saya hamil di usia 19minggu, saya tertular campak dari suami saya... Saya priksa ke dokter kandungan, kata dokter bayix sehat... Semua organx berfungsi... Tapi positif rubella... Karna kebetulan saat itu saya tdk tau kalo rubella itu berbahaya jadi saya abaikan bgtu saja... Karna pegangan saya kata dokter bayi saya di dlm kandungan sehat dan semua … Lihat selengkapnya","","0","0","27","-1","NaN"
"144","Yeyenti Siska","","Ayo budayakan membaca dan lengkapi imunisasinyaDaftar Imunisasi Dasar Lengkap (0-9 Bulan):Baru Lahir (<24 jam): Hepatitis B (HB-0).1 Bulan: BCG (mencegah TB) dan Polio 1.… Lihat selengkapnya","","0","0","19","-1","NaN"
"145","Naureen Shanaya Zivara","","Kenapa sih kita harus imunisasi campak  dan rubella karena kalo nanti dicampakan kita ada yg ngebela EaaaaaaKenapa sih kita harus imunisasi campak  dan rubella karena kalo nanti dicampakan kita ada yg ngebela Eaaaaaa","","0","0","23","-1","NaN"
"146","Ayya Ay Komarudin","","Guysss mau nanyaaa !! Disini anaknya yang pernah vaksin/ imunisasi MMR ( campak, Rubella, gondongan)  panas gak ya? Soalnya zena setelah vaksin hari  ke -5  dia panas ,  ini hari ke 3 demam  dan masih naik turun aja panasny padahal dah minum obat dari dokter juga","","0","0","87","-1","NaN"
"147","Rima Julita","","Banyak orang tua masih mengira semua ruam merah pada anak itu campak. Padahal bisa jadi rubella atau roseola yang gejalanya berbeda.
Perhatikan tanda-tandanya: demam, pola ruam, dan gejala lain bisa membantu membedakannya. Jangan sampai salah mengenali, karena penanganannya bisa berbeda.
Cek gambar ini sampai selesai supaya kamu tahu bedanya campak, rubella, dan roseola. Siapa tahu informasi ini bisa membantu orang tua lain juga.
Simpan dan bagikan ke teman yang punya bayi atau balita.","https://web.facebook.com/reel/3659337197541413/","0","0","0","-1","NaN"
"148","Meylina Cewex Jelekk","2026-07-14T06:26:00.000Z","Hari ini dedek imunisasi sehat"" ya cantikkBerikut manfaat, efek samping (disebut KIPI), cara penanganan dan tanda bahayanya: Manfaat Utama1. Mencegah penyakit menular berbahaya: TB, polio, campak, rubella, hepatitis B, difteri, tetanus, batuk rejan, radang selaput otak, pneumonia, dll ​2. Menghindari kecacatan permanen dan kematian ​3. Membentuk kekebalan tubuh jangka panjang​4. Membangun kekebalan kelompok: lindungi bayi terlalu muda, lansia, dan orang lemah daya tahan ​5. Lebih hemat biaya daripada mengobati penyakit berat​6. Putus rantai penularan di desa/lingkungan Efek Samping / KIPIReaksi ringan adalah tanda tubuh sedang membentuk kekebalan, biasanya hilang 1–3 hari.1. Reaksi Lokal (di bekas suntikan)- Nyeri, kemerahan, bengkak ringan​- Terasa panas atau gatal​- Khusus BCG: benjolan merah, bernanah ringan, kering berkerak dalam 2–3 bulan — wajar 2. Reaksi Umum Seluruh Tubuh- Demam ringan < 38,5 °C​- Bayi rewel, lebih banyak tidur​- Kurang nafsu makan​- Lelah, nyeri otot ringan 3. Reaksi Berat (Sangat Jarang)- Demam > 39 °C tidak turun​- Kejang​- Sesak napas, napas berbunyi​- Bengkak wajah/bibir/leher​- Ruam merah luas seluruh badan​- Pingsan/kesadaran menurun​- Muntah terus‑menerus Kasus reaksi berat kurang dari 1 kejadian per jutaan dosis . Cara Mengatasi Reaksi Ringan- Kompres dingin di bekas suntikan​- Beri cairan lebih banyak / ASI lebih sering​- Pakai pakaian tipis jika demam​- Paracetamol sesuai dosis berat badan​- Istirahat cukup; jangan digaruk bekas suntikan  Segera ke Puskesmas/IGD jika- Demam > 39 °C lebih dari 24 jam​- Terjadi kejang​- Tanda reaksi alergi berat di atas​- Reaksi makin parah atau bertahan > 3 hari Ingat: manfaat mencegah penyakit jauh lebih besar daripada risiko reaksi ringan vaksin.#Fyp#Sorotan#Jangkauanluas","https://web.facebook.com/meylina.sweet/posts/pfbid0vReytkV8RMzxM4kxyok1uUft85xcLnjKnbKE2zEabqWdJq7qApz4Gcij2nJHZ5wYl","22","0","14","-1","NaN"
"149","Puskesmas Sungai Menang","2026-05-06T21:50:00.000Z","Ayo lapor !!!campak rubelaMasih ada yg bingung tentang campak rubella yuk simak postingan berikut","https://web.facebook.com/photo/?fbid=971389748716682&set=a.182254867630178","1","1","18","-1","NaN"
"150","Avianti Kartika Sari","","Campak Rubella+TipesKututup bulan April dengan penuh cucuran airmata,16hr sakit dan sekarangpun kondisi masih lemah..2x opname di bulan april selama 9hari..Ya Allah ujianmu sungguh begitu luar biasa.hamba ikhlas menanggung sakit ini,jika memang buat penggugur dosa2 hamba #campak #rubella #tipes","https://web.facebook.com/avianti.khartika/posts/pfbid0322mo2sS2kApRwTEa1ty8o2xpCAcu4gP9XVix2XjxHaL96SQbZriiTGmfjKSdWB1el","20","1","56","-1","NaN"
"151","Merliana Sinurat","","Ini Campak, Rubella atau Ruam penyakit Lain ya.... Info dong guys obat campk yang bagus kedua bocil ku kenak dan gejala yang sama,, Awalnya Bocil ngeluh gatal, pada badan, telapak tangan dan keluar bintik merah di dalam bibir, lidah, telapak tangan dan kaki, paha, ingus mulai meler hari ke 2 .bintik merahnya berisi air gitu (kayak cacar) dan demam.","https://web.facebook.com/merliana.sinurat/posts/pfbid0RwdkCzcLyNggZhXx7oEAmFzKuahx2Ygkon9yEzAVX63XQQYx9rxK7M6mYieVmgCml","55","0","17","-1","NaN"
"152","Bidan Rizka Widia","2026-04-02T11:02:00.000Z","campak rubellaCampak Rubella (campak Jerman) adalah infeksi virus menular yang umumnya bergejala ringan, seperti demam, ruam merah, dan pembengkakan kelenjar getah bening. Meski ringan pada anak, infeksi ini berbahaya bagi ibu hamil karena berisiko menyebabkan Sindrom Rubella Kongenital (keguguran atau kecacatan janin). Pencegahan utama adalah imunisasi MR/MMR. Gejala Campak Rubella:Ruam merah yang muncul dari wajah lalu menyebar ke seluruh tubuh, biasanya bertahan 3 hari.Demam ringan.Pembengkakan kelenjar getah bening di leher atau belakang telinga.Sakit kepala dan nyeri sendi/otot (lebih sering pada dewasa). #campak #rubella #bidanrizka #edukasi","https://web.facebook.com/bidan.rizka.widia.2025/posts/pfbid0sQbHFseQF4xHQYjYDeaSprGR4FMgY8z74Fe1dYtiVX6pq3sdeTxFcwSnFuwf8GcBl","20","5","47","-1","NaN"
"153","Hany Alzahriah","2026-07-11T00:58:00.000Z","Kenapa imunisasi di posyandu gratis dan di dokter bisa jutaan? Apakah obatnya beda?? Mana yang lebih bagus? Inti perbedaan utama: SUBSIDI PEMERINTAH•  Posyandu/Puskesmas → vaksin gratis karena disubsidi penuh pemerintah (produksi Bio Farma mostly).•  Dokter anak/klinik swasta/RS swasta → vaksin dibeli sendiri oleh klinik → ditagihkan ke orang tua. Makanya jauh lebih mahal.Jenis vaksin yang tersedia:Posyandu → fokus imunisasi wajib nasional (program BIAS Kemenkes):•  BCG (TBC)•  Polio (OPV + IPV)•  DPT-HB-Hib (pentavalen)•  PCV (pneumokokus)•  Rotavirus•  Campak-Rubella (MR)�dll sesuai jadwal resmi 2025.Dokter anak swasta → bisa lengkap wajib + tambahan/anjuran IDAI (yang belum disubsidi):•  Influenza tahunan•  Varicela (cacar air)•  Hepatitis A•  JE (Japanese Encephalitis, endemis)•  Typhoid•  Dengue•  MMR (bukan MR)•  Kombinasi heksavalen (6-in-1, jarum lebih sedikit)•  PCV13/15/20 (bukan PCV10/13 standar posyandu)Kualitas vaksin sendiri?Sama-sama aman & efektif kalau cold chain terjaga.Vaksin Bio Farma di posyandu punya Vaccine Vial Monitor (VVM) → kualitas terjamin.Vaksin impor/swasta biasanya merek internasional (Pfizer, GSK, Sanofi dll), tapi bukan berarti “lebih bagus” — hanya beda strain atau formulasi.Kelebihan Posyandu/Puskesmas: Gratis / sangat murah Cold chain terjaga ketat (standar WHO) Terintegrasi dengan penimbangan & konseling gizi Dekat & mudah diakses masyarakatKekurangan: jadwal terbatas (biasanya 1x sebulan), antre panjang, jarang konsultasi panjang.Kelebihan Dokter Anak Swasta: Jadwal fleksibel (bisa janji kapan saja) Konsultasi lengkap: tumbuh kembang, kurva berat, nutrisi, penyakit ringan sekalian Ruangan nyaman, ramah anak, kadang ada play area Pilihan vaksin kombinasi → anak lebih sedikit disuntik Penanganan efek samping lebih personalKekurangan: biaya tinggi (bisa Rp300rb – jutaan per sesi tergantung vaksin).Jadi mana yang lebih baik?•  Kalau budget terbatas & anak sehat → posyandu/puskesmas sudah sangat cukup untuk proteksi dasar. Banyak dokter anak bilang: “Imunisasi di posyandu sudah bagus banget!”•  Kalau ingin lengkap + nyaman + konsultasi detail → dokter anak swasta jadi pilihan.Tips praktis:1.  Mulai dari posyandu/puskesmas untuk vaksin wajib.2.  Kalau mau tambahan (flu, cacar air, dll) → lanjut ke dokter anak.3.  Selalu cek jadwal IDAI 2025 & status imunisasi di KIA/buku imunisasi.4.  Jangan telat! Imunisasi tepat waktu = perlindungan maksimal.Intinya: keduanya baik, tergantung kebutuhan & kemampuan keluarga. Yang penting anak diimunisasi lengkap, bukan tempatnya.Share pengalaman kalian dong, biasa ke mana? Posyandu, puskesmas, atau langsung dokter anak? Semoga bermanfaat ya moms & dads!Dicuplik dari treads @fariezt1023Kalau bunda vaksin dimana nih?? Review yok bun.. #vaksin #bayi #imunisasi #fyp","https://web.facebook.com/hany.shopbiak/posts/pfbid0rEE74EpavPJCXHcpNcnqjtyN6pRoXkZX82ifUkuALpjpMZBFmggaJTXvZ8M5hY4Nl","106","23","120","-1","NaN"
"154","Bidan Diana","2026-03-24T14:24:00.000Z","Selama wabah Campak akhir² ini..Banyak banget Pasien yang massager atau WA bubid, menanyakan ke bubid, bahkan datang ke klinik,,..… Lihat selengkapnya","https://web.facebook.com/photo/?fbid=122181789020752395&set=a.122100445256752395","13","1","13","-1","NaN"
"155","Riswan Onti","","Sudah Tahukah Anda Manfaat Lengkap Imunisasi Anak di Posyandu?","https://web.facebook.com/reel/2925860107608444/","0","0","0","-1","NaN"
"156","Aisyah Dzatir Ridlo","","Info imunisasi bayi campak rubella. Maaf pendatang.","","0","0","7","-1","NaN"
"157","Nurlaela","","Waspada penyakit Campak rubella.Gejalanya seperti gambar di bawah . Dan bisa menyerang anak anak dan dewasa.Jangan anggap sepele penyakit ini ,bisa menyebabkan kematian sobat. Adik saya terkena campak ini , Sudah 5 hari masih di rawat di RS.","https://web.facebook.com/nur.l.lesmana/posts/pfbid036pAdMeTaoY5qgDVvK8VHqWWNMfKgYSyGybrKtzZ5VhyAGj3D45EvLhUDPkEbHN2nl","20","2","22","-1","NaN"
"158","Berlogikeren","2026-01-11T04:37:00.000Z","Indonesia pada tahun 2021 mencetak rekor dimana wabah campak-rubella hanya terjadi 1,4 kasus per 1 juta penduduk, dengan cakupan vaksin MCV1 hingga 102%. Tapi pada tahun 2025 cakupan vaksin hanya mencapai 45% saja membuat lonjakan kasus campak dari Januari sampai Agustus 2025 sekitar 3500 kasus terkonfirmasi oleh laboratorium dan menimbulkan korban jiwa hingga 20 orang di area Jawa Timur dan Madura.Kenapa ini bisa terjadi ? Pada tahun 2021 ke atas wabah covid membuat mobilisasi imunisasi terhambat dan pemerintah hanya fokus pada covid saja, ditambah lagi adanya narasi antivaksin dan hoax tidak berdasar sains beredar yang membuat banyak masyarakat ketakutan maupun curiga dengan vaksin secara general (di sama ratakan). Hal ini membuat trend turun presentase cakupan vaksin menjadi 45% saja dan membuat gap besar imunitas kelompok yang membuat virus lebih leluasa tersebar dan menular ke orang lain.Ketidakpahaman masyarakat bagaimana imun tubuh bekerja, batasan imun tubuh dalam melawan pathogen, bagaimana vaksin bekerja di tubuh, efek imunitas kelompok (Herd Imunity) dan kurangnya pemahan sains terutama biologi membuat masyarakat lebih memilih narasi hoax yang tidak terverivikasi. (Sumber di kolom komentar)- Nyc","https://web.facebook.com/berlogikeren/posts/pfbid02TX3Q9QRYb2LhAeB62G9o9SGguxSNpbwjiHH2yJVt8n54TLL4n7aoCV8vnQSu1LCyl","270","24","127","-1","NaN"
"159","Sri Rizka Muspitaini","2026-03-02T23:09:00.000Z","Data Kemenkes menyebut, cakupan imunisasi campak-rubella dosis 1 terus menurunDari 92% di tahun 2024 menjadi 82% ditahun 2025.Padahal 1 kasus campak bisa menularkan ke 18 orang disekitarnya Ibu hamil yang terkena campak atau rubella, janinnya bisa cacat seumur hidup. Semenakutkan itu, tapi dianggap enteng.""Selama ini anak saya tidak di vaksin tapi sehat-sehat aja"". You are very veryyy luckyKarena kemungkinan besar anak-anak lain disekitarnya sudah di vaksin.  Namanya ""HERD IMMUNITY"" saat banyak terlindungi, penyakit sulit menyebar.Tapi kalau semakin banyak anak tidak vaksin, ya perlindungannya jadi hilang. Jadi jangan heran Kalau CAMPAK kembali merebak. Karena banyak yang tidak vaksin.Memang vaksin tidak menjamin 100% anak-anak ga bakal kena campak. Tapi vaksin membuat tubuh mereka siap melawan penyakit tersebut. Resiko sakit berat seperti pneumonia, diare berat, ensefalitis (radang otak), hingga kematian bisa ditekan jauh lebih rendah. Anak-anak tidak bisa memilih untuk dirinya sendiri. Kita yang bertanggung jawab memberikan perlindungan terbaik buat mereka.","https://web.facebook.com/sririzka.muspitaini/posts/pfbid0cDbQAxCV5zs6kc5YHsCUjrpVw8499JsxEoHUCTLfXbhMZrLhMo2U2qkWwnKFSZGpl","61","75","183","-1","NaN"
"160","Andriani Fika S","","Jgn sampai salahIni perbedaan campak,rubella dan roseola… Lihat selengkapnya","https://web.facebook.com/reel/915104407803051/","0","0","0","-1","NaN"
"161","Susi Lestari","2026-02-11T21:43:00.000Z","Nunggu imunisasi terakhir baru di sapih, ya imunisasi campak rubella dan dpt Hib lanjutan. baru disapih biar tidak rewel kalok habis imunisasi","https://web.facebook.com/photo/?fbid=1423504869234481&set=gm.1493919095457565&idorvanity=1019457676237045","32","0","47","-1","NaN"
"162","Mom'Rizmah Nizvan","2026-03-13T03:58:00.000Z","Alhamdulillah imunisasi'y udh FINISH ya dek ya...udh ga pnya hutang lg,kmren imunisasi terakhir campak-rubella lanjutan,mugia paringi sehat2 sllu anak bontot#… Lihat selengkapnya","https://web.facebook.com/photo/?fbid=2769380480092463&set=a.176623969368140","10","1","0","-1","NaN"
"163","Puskesmas Wolaang","2026-07-13T08:40:00.000Z","Slamat sore,diinfokan bahwa besok Selasa ada pelayanan imunisasi campak rubella untuk anak umur 9 bulan dan 18 bulan ya di Puskesmas Wolaang @sorotan","https://web.facebook.com/photo/?fbid=4005170082952987&set=a.139315296205171","5","0","10","-1","NaN"
"164","Yuli Yanti","","Posyandu hari ini - Campak Rubella - Polio SuntikEkspresi tegang saat mau di suntik","https://web.facebook.com/yuli.yanti.1232760/posts/pfbid02hqatNhBaqYEoWNK2HSo47VqE2NoVg8SUZq4ELj8BpEWytESWg4zL7HDaAFdWWAGsl","20","1","12","-1","NaN"
"165","Ganjar Wijaya","","Biar gak pada ribut soal vaksin. Karena kita sebenarnya rata2 semua orang awam. Gak faham ilmu kesehatan. Lebih baik berkeyakinan begini:Divaksin bagus, gak divaksin lebih bagus.Gimana? Ok kan? Jadi gak usah pada ribut. Atau mau dibalik juga ok2 aja: Gak divaksin bagus, divaksin lebih bagus.Jadi kalau kamu anti vaksin dan ketemu yang vaksin tinggal bilang, ya udah bagus, gak pa2. Dan kalau kamu pro vaksin dan ketemu yang gak vaksin… Lihat selengkapnya","","0","0","2","-1","NaN"
"166","Sumayyah Arini","","Apakah anda anti vaksin? Saya: Tidak, saya sangat provaksin, karena menurut saya Allah menciptakan vaksin. Vaksinasi itu sangat penting dan wajib. Tanpa vaksinasi sistem imun manusia dan semua makhluk tidak akan terbentuk. Bayangkan paus sebesar rumah tidak mendapat vaksinasi maka dia akan mati. Contoh udara yang tidak steril, air sumur seperti zam-zam, buah dan sayur yang kita makan mentah, air susu ibu, Tanah dll.","","0","0","168","-1","NaN"
"167","Hanif Acep","","Yang suka menakut-nakuti masyarakat itu justru kelompok anti vaksin dan anti medis. Sampai sejauh ini belum ada ahli yang menggambarkan hantavirus sebagai ancaman pandemi. Tetapi jangan remehkan keberadaan tikus di sekitar kita. Karena banyak jenis penyakit yang berawal dari tikus. Bisa pes, lestopirosis maupun hantavirus.","","0","0","13","-1","NaN"
"168","Bao Chenx","","Seakan2 Anti Vaksin.. Tapi masih bahas aja Virus hidup/mati.Pada bodoh aja itu Followernya masih percaya. Mauan lagi dibodoin terus.. Dia itu lagi cari pembenaran akibat dulu dia bilang Vaksin Sinopak sekali gpp.Seakan2 Anti Vaksin.. Tapi masih bahas aja Virus hidup/mati.Pada bodoh aja itu Followernya masih percaya. Mauan lagi dibodoin terus.. Dia itu lagi cari pembenaran akibat dulu dia bilang Vaksin Sinopak sekali gpp.","","0","0","422","-1","NaN"
"169","Anna Diana","","Buat orang-orang yang anti vaksin. Simpan ketololan kalian sendiri. Jangan tularkan ketololan kalian pada orang lain. Gara-gara ketololan kalian yang memprovokasi orang untuk menolak vaksin pada anak-anak. Negara ini terkena wabah campak lagi. Tertinggi di dunia. Penyakit menular yang mematikan. Kalian para antivaksin boleh beralasan tidak percaya dengan pemerintah. Tapi, pakai otak kalian sedikit saja. Vaksin untuk anak-anak balita… Lihat selengkapnya","","0","0","62","-1","NaN"
"170","Aisha Maharani","","Dulu ada DSA yang punya franchise vaksin. Ketika saya membongkar klaim Halal vaksin yang ada babinya dia menyebut saya PEMBUNUH. Disebarkan fitnah kemana mana. Saya pro choice (tidak di kubu anti atau pro) karena urusan vaksinasi urusan masing masing, I don’t give a damn care !! Sekarang dipecat katanya Ya istidraj … Lihat selengkapnya","","0","0","250","-1","NaN"
"171","Misjayanti Ismail Ummu Maryam","","Bertanya dengan lemah lembut nah.Kenapa orang orang yg anti vaksin yg disalahkan dgn maraknya campak sekarang?, memangnya ini virus berasal darimana?, apa dari org yg tdk di vaksin?, artinya ini virusnya berasal dari tubuh manusia?. Kalau iya artinya org org yg di vaksin kan sudah dikasi masuki virus ini, terus kenapa yg anti vaksin disalahkan?. Serius nah krn berseliweran di berandaku.","","0","0","24","-1","NaN"
"172","Cowokabc","","Saya sama sekali belum d vaksin,Namun orang-orang yang sudah d vaksin terlalu mudah sakit dan lelah.Apakah Ada solusi nya ?","","0","0","15","-1","NaN"
"173","Ambarwati","2026-03-13T09:56:00.000Z","Ada ibu segila ini?1 x suntika memasukkan zat asing ke tubuh anak jk pas kondisi dn hormonnya tdk stabil bs menyebabkan demam tinggi atau pembengkakan pd tempat suntik… Lihat selengkapnya","https://web.facebook.com/photo/?fbid=122209113074299940&set=a.122101425980299940","230","17","334","-1","NaN"
"174","DR. Berlian Siagian","","PESAN UNTUK KAUM ANTI-VAKSINASI YANG  ANTI-SOSIALMenurut survey, kaum anti-vaksin di Indonesia yang terdiri dari empat kelompok, yaitu:1.  Agama: Isu kehalalan bahan vaksin dan konsep ketawakalan.… Lihat selengkapnya","","0","0","175","-1","NaN"
"175","Fandy Achmad Ramadhan","","open adoptkucing lucu, sehat, dan aktif Bulunya halus, gemes banget.  Lihat selengkapnya","https://web.facebook.com/photo/?fbid=25405951092413471&set=pcb.929167883433793","0","0","0","-1","NaN"
"176","Nanik Zakiah Rohani","","Nah, sebenere orang malah jadi anti vaks itu juga karena provaks sendiri. … Lihat selengkapnya","","0","0","22","-1","NaN"
"177","Nanik Zakiah Rohani","","Klo masih terus saja dibilang , semua vaksin aman tanpa paham perbedaan , lama2 semua jadi anti vaksinKlo masih terus saja dibilang , semua vaksin aman tanpa paham perbedaan , lama2 semua jadi anti vaksin","","0","0","22","-1","NaN"
"178","Yuni Kartika","2026-04-02T15:18:00.000Z","Kisah ku tobat jdi antivaksin. Awalny Saya anti vaksin. Krn bca artikel2 para anti vaksin sbagai seorang ibu baru saya was was  yg pling ganjel d hati itu masalah kehalalan vaksin, tp anak saya dpt vaksin lngkp kecuali campak krn ayah saya pro vaksi dan beliau lumayan otoriter jd syaa kan segan sama beliau jd mau g mau ya anak saya di vaksin, sampek usia ke 9 bln dan waktu my posyandu  saya cari cara ngajak anak saya jln2 biar gak vaksin campak,  singkat cerita anak saya sdah usia 1,5 thun  terkena campak ruam ny sangat bnyak menutupi seluruh bagian tubuh ny deman ny jg tinggi jgn kan buat gerak dy ngomong aja kyk yg gak bsa buat melek aja kyk ga ada tenaga nyesek lah klw inget itu, dsini saya masih blom sadar klw anak saya sakit campak bkn krn saya ga kasih dia vaksin campak saya masih brfikir qodratullah emg waktu ny dia sakit kan, lah trs ada tetangga dan anak ny yg jengguk anak saya,  2 hr stlh jenguk anak tetangga syaa sakit campak jg tp dia di vaksin dan saya liat perbedaaany antara yg di vaksin dan enggak sma sama kena campak tp ga separah anak saya di situ saya mulai open minset tntg vaksin saya minta nasehat tmn2 dokter jg saya di kasih pencerahan masalah kehalalan vaksin. Dan fix saya insya allah tobat jd antivaksin ,,vaksin adlh hak anak anak yg hrs orang tua berikan sebagai salah satu ikhtiar mnjga anak anak kita dr virus penyakit#KLBcampak #imunisasi","https://web.facebook.com/yuni.kartika.56863221/posts/pfbid02nNTGnWq7RThbr17BCf7jvszCKo83ZpjKdSVTDvigZw4Mg6mHqdeZKji5d7JWa9nHl","20","0","12","-1","NaN"
"179","Marta Lina","","Open AdoptAlasan : tetangga RESE!Ganti biaya beli dan vaksin aja Lihat selengkapnya","https://web.facebook.com/photo/?fbid=10233923424215819&set=pcb.2076430853293945","0","0","0","-1","NaN"
"180","Hesti Asri Kurniazis","","Tanggal 24 Mei saya dicakar kucing dan pada hari yang sama langsung mendapatkan vaksin anti rabies (VAR) di RSUD Tarakan Jakarta Pusat, dengan suntikan di tangan kiri dan kanan. Tanggal 30 Mei mendapat dosis berikutnya di tangan kiri, dan besok tanggal 13 Juni akan menjalani suntikan yang ke-4. Mohon doa teman-teman agar semuanya berjalan lancar dan saya selalu diberikan kesehatan. Terima kasih.","","0","0","20","-1","NaN"
"181","Rodiah M. Naim","","Banyak orang tua yang anti vaksin atau tdk mau anaknya di suntik itu pilihan buat mereka karena soal anak tidak bisa di ganggu gugat oleh orang lain. Tapi kalo sy pribadi selalu ikut aturan pemerintah karena sy yakin program pemerintah itu baik demi kesehatan jangka panjang generasi anak bangsa . Mulai dari dalam kandungan, balita, usia remaja serta dewasa  semua sudah di upayakan oleh pemerintahan  dengan memberikan vaksin secara ber… Lihat selengkapnya","","0","0","44","-1","NaN"
"182","Laura","","Kata Bill Gates, pada tahun 2030 tidak akan ada lagi anti-vaksin. Alasannya apa?Silahkan baca postingan sebelumnya tentang DIGITALISASI IMUNISASI 2030.… Lihat selengkapnya","","0","0","20","-1","NaN"
"183","Hartika Hatta","","sepengaruh itu ternyata yah, aq tim imunisasi Alhamdulillah dk ado masalah yg fatal yg anti vaksin ayok lah dpp dio demem sehari duo hari.","https://web.facebook.com/reel/930310909457661/","0","0","0","-1","NaN"
"184","Muhammad Siddiq","2026-04-27T13:03:00.000Z","Mau tanya ABSMKenapa banyak masyarakat yang anti dengan vaksin, nakes dan dokter contoh ada di foto. Yah bukan cuma Indonesia, ada juga fenomena anti vaksin di Amerika. Banyak 'dokter tradisional' yang menyarankan obat tradisional dan menjauhi obat konvensional, bahkan untuk TBC dan HIV. Apakah mereka menggiring opini untuk membeli obat mereka atau hanya sekedar kebencian?okelah kalau benci dengan keteledoran, etika profesional, atau Mark up harga. Tapi kenapa benci ke semua profesi kesehatan? Membenci obat konvensional tapi minum obat tradisional tanpa kadar yang pas, efek samping jika overdosis. Benci juga dengan vaksin, dan menyerukan anti vaksin tanpa mengetahui penyakit yang sudah ditepis. Apakah ada yang tau hal ini gerakan anti vaksin awalnya dari kapan?","https://web.facebook.com/groups/AndaBertanyaSainsMenjawab/posts/26697521563201507/","24","5","37","-1","NaN"
"185","Ismail Fahmi","2026-04-02T23:00:00.000Z","Ketika Campak Membunuh dan Influencer Anti-Vaksin Dibiarkan Berkicau: Pelajaran dari Data 95 Juta InteraksiOleh: Ismail Fahmi, Ph.D. — Founder Drone Emprit, dan Claude OpusDi tengah hiruk-pikuk mudik Lebaran 2026, sebuah tragedi diam-diam menggerogoti fondasi kesehatan publik Indonesia. Seorang dokter internship lulusan Universitas Indonesia, berusia 26 tahun, gugur di RSUD Cimacan, Cianjur — diduga akibat komplikasi campak dan pneumonia. Ia bukan yang pertama. Sepanjang Maret 2026, beberapa tenaga kesehatan meninggal karena penyakit yang seharusnya bisa dicegah oleh vaksin.Data Drone Emprit mencatat: dalam periode 23 Februari hingga 31 Maret 2026, isu imunisasi dan campak menghasilkan 23.915 mentions dengan total 95,7 juta interaksi di seluruh platform — Twitter/X, Facebook, Instagram, YouTube, TikTok, dan media online. Angka ini bukan sekadar statistik. Ini adalah cermin dari sebuah krisis yang sedang berlangsung, dan sebuah kegagalan sistemik yang perlu dibedah secara jujur.Paradoks Indonesia: Nomor 2 Dunia dalam Kasus CampakKetua Pengurus Pusat IDAI, Piprim Basarah Yanuarso, tidak menahan diri ketika menyebut situasi ini sebagai ""kemunduran."" Indonesia, dengan 280 juta penduduk, menduduki posisi kedua dunia dalam jumlah kasus campak — di atas India yang berpenduduk 2 miliar. Hingga minggu ke-7 tahun 2026, Kemenkes mencatat 8.224 kasus suspek campak, 572 kasus terkonfirmasi, dan 4 kematian. Status Kejadian Luar Biasa (KLB) ditetapkan di puluhan kabupaten/kota di 11 provinsi.Angka-angka ini bukan kejutan. Ini adalah konsekuensi yang sudah bisa diprediksi dari penurunan cakupan imunisasi rutin yang berlangsung bertahun-tahun. Ketika cakupan vaksinasi campak dosis kedua terus merosot — jauh di bawah ambang batas 95% yang dibutuhkan untuk herd immunity — ledakan kasus hanyalah soal waktu.Yang mengkhawatirkan: alih-alih menjadi wake-up call, krisis ini justru menjadi panggung bagi narasi-narasi destruktif.Influencer Anti-Vaksin: Ancaman Nyata yang DibiarkanDari analisis jaringan sosial Drone Emprit, teridentifikasi jelas empat klaster percakapan di Twitter/X: kelompok media dan lembaga, publik pro-vaksin dan nakes, publik kritis, dan kelompok anti-vaksin. Yang terakhir ini, meskipun secara proporsi lebih kecil, memiliki dampak yang tidak boleh diremehkan.Narasi mereka konsisten dan terstruktur: vaksin mengandung bahan haram, imunitas dari Tuhan lebih baik dari imunisasi, KLB campak adalah rekayasa untuk menarik anggaran, dan anak yang divaksin justru mudah sakit. Di Facebook, sentimen negatif mencapai 13,7% — tertinggi di antara semua platform — dengan narasi skeptis yang secara agresif menuding vaksin sebagai konspirasi global. Pendukung vaksin bahkan dilabeli sebagai ""penyembah vaksin.""Yang lebih berbahaya adalah peran health influencer yang mengemas narasi anti-vaksin dengan tampilan pseudo-ilmiah. Mereka tidak berteriak di pojok jalan — mereka berbicara di platform dengan jutaan pengikut, menggunakan bahasa yang terdengar masuk akal bagi orang tua yang cemas. Ketika seorang nakes di Puskesmas Sumenep, Fita Rabianti, menceritakan bagaimana orang tua menolak vaksinasi karena ""informasi dari medsos yang mungkin hoaks,"" ia sedang mendeskripsikan dampak nyata dari ekosistem disinformasi ini.Data emosi publik dari Drone Emprit menunjukkan bahwa anticipation (23%) adalah emosi dominan — masyarakat menanti, cemas, dan tidak yakin. Ini adalah kondisi psikologis yang paling rentan terhadap disinformasi. Ketika pemerintah lambat memberikan jawaban, influencer anti-vaksin yang mengisi kekosongan tersebut.Pertanyaan kritis: di mana tindakan tegas terhadap penyebar disinformasi vaksin?Kita punya UU ITE, kita punya regulasi konten digital, kita bahkan baru saja mengesahkan aturan pembatasan media sosial untuk anak. Tapi terhadap influencer yang secara aktif mendorong orang tua untuk tidak memvaksinasi anak mereka — yang secara langsung berkontribusi pada kematian anak-anak — respons pemerintah nyaris tak terdengar.Kasus Ruce Nuenda: Mikrokosmos Krisis Kesadaran PublikPuncak percakapan media sosial terjadi pada 4 Maret 2026 (1.443 mentions) ketika publik mengecam influencer Ruce Nuenda yang tetap beraktivitas di fasilitas umum meski sedang mengidap campak. Unggahan @Maeliani07 yang mengkritik perilaku ini mendapatkan 36.500 likes dan 853 balasan — menjadi postingan dengan interaksi tertinggi dalam periode analisis.Kasus ini menarik karena menunjukkan dua hal sekaligus. Pertama, masyarakat Indonesia sebenarnya peduli terhadap penularan penyakit — mereka marah ketika seseorang secara ceroboh membahayakan orang lain. Kedua, tidak ada mekanisme hukum atau sosial yang efektif untuk mencegah perilaku semacam ini. Ruce Nuenda akhirnya meminta maaf, tapi itu terjadi setelah viralitas — bukan sebelum penularan.Di banyak negara, seseorang yang secara sadar menyebarkan penyakit menular di ruang publik bisa dikenai sanksi hukum. Di Indonesia, kita masih mengandalkan mob justice di media sosial.Nakes: Garda Terdepan yang DilupakanData Drone Emprit mengungkapkan sesuatu yang menyentuh namun juga meresahkan: 4 dari 5 top influencer di Twitter/X adalah akun tenaga kesehatan — @apralzolam (178 engagements), @AymanAlatas (78), @arvkevin (64), @tb_siswadi (59), dan @AdamPrabata (42). Merekalah yang menjadi garda terdepan edukasi publik, bukan Kemenkes, bukan influencer berbayar pemerintah.Ironi yang menyakitkan: tenaga kesehatan yang mengedukasi masyarakat tentang bahaya campak, adalah kelompok yang sama yang paling rentan terhadap penyakit ini. Program imunisasi nasional selama ini hampir sepenuhnya terfokus pada anak-anak, sementara vaksinasi dewasa — termasuk untuk tenaga medis — tidak pernah menjadi prioritas serius.Ketika dokter-dokter muda gugur di medan tugas karena campak, kita dipaksa menghadapi kenyataan pahit: Indonesia mengirim tenaga kesehatannya ke garis depan tanpa perlindungan yang memadai. Beban kerja berlebihan, sistem proteksi yang lemah, dan ketiadaan program vaksinasi dewasa yang komprehensif — ini bukan kelalaian, ini adalah pengabaian sistemik.Neng Eem Marhamah dari PKB mengatakan dengan tepat: tanpa penguatan herd immunity di kelompok dewasa, ada potensi ledakan wabah di kalangan nakes. Pertanyaannya: mengapa harus menunggu ada yang meninggal dulu untuk menyadari ini?Kemenkes: Reaktif, Bukan PreventifSurat Edaran (SE) Kemenkes tentang Kewaspadaan Campak bagi tenaga medis baru terbit pada akhir Maret 2026 — setelah ada kematian. Pemberitaan media online memuncak pada 31 Maret (1.080 mentions) justru karena kombinasi penerbitan SE ini dan konfirmasi kematian dokter internship di Cianjur.Pola ini familiar dan melelahkan: krisis dulu, kebijakan kemudian.Program ""Imunisasi Kejar"" (catch-up immunization) memang digalakkan, tapi di lapangan, publik di Lampung melaporkan kekosongan stok vaksin di fasilitas kesehatan primer. Bagaimana mungkin kita mengejar cakupan vaksinasi 95% ketika vaksinnya saja tidak tersedia?Epidemiolog UGM Riris Andono Ahmad menyebut ini sebagai ""PR besar"" — pemerintah perlu strategi yang lebih baik agar penerimaan masyarakat terhadap vaksin meningkat. Tapi strategi yang lebih baik bukan hanya soal komunikasi — ini soal ketersediaan, aksesibilitas, dan konsistensi.Lebaran 2026: Bom Waktu EpidemiologisDengan 95,7 juta interaksi, topik campak dan imunisasi bukan lagi isu kesehatan semata — ini adalah isu sosial-politik yang melibatkan kepercayaan publik terhadap institusi pemerintah. Data Drone Emprit menunjukkan bahwa sentimen positif masih mendominasi (82,3% di media online, 57,8% di media sosial), yang berarti mayoritas masyarakat Indonesia sebenarnya mendukung vaksinasi. Ini adalah modal sosial yang sangat besar.Tapi modal ini bisa terkikis jika:Pemerintah terus bersikap reaktif — menunggu krisis untuk bertindak, alih-alih membangun sistem pencegahan yang berkelanjutan.Influencer anti-vaksin terus dibiarkan — tanpa ada kontra-narasi yang setara kuatnya, tanpa ada konsekuensi hukum bagi penyebaran disinformasi kesehatan yang membahayakan nyawa.Tenaga kesehatan terus dibebani — menjadi edukator, perawat, dan tumbal sekaligus, tanpa perlindungan dan penghargaan yang layak.Distribusi vaksin tetap tidak merata — menjadikan program imunisasi kejar sebatas slogan tanpa infrastruktur yang mendukung.Rekomendasi: Dari Data ke Aksi Berdasarkan analisis 23.915 mentions dan pola percakapan di enam platform, beberapa langkah konkret yang perlu segera diambil:Pertama, pemerintah perlu memperlakukan disinformasi vaksin sebagai ancaman kesehatan publik, bukan sekadar masalah kebebasan berekspresi. Regulasi yang sudah ada harus digunakan secara tegas terhadap akun-akun yang secara sistematis menyebarkan narasi anti-vaksin, terutama yang beroperasi sebagai health influencer dengan jangkauan luas.Kedua, program vaksinasi dewasa — khususnya bagi tenaga kesehatan — harus segera diluncurkan sebagai program nasional, bukan sekadar imbauan dalam surat edaran. Setiap nakes yang menangani pasien penyakit menular harus memiliki status vaksinasi yang lengkap dan terverifikasi.Ketiga, Kemenkes perlu merangkul tenaga kesehatan yang sudah aktif di media sosial sebagai mitra resmi dalam komunikasi kesehatan. Data menunjukkan akun nakes jauh lebih dipercaya dan berpengaruh dibanding akun resmi pemerintah. Alih-alih membangun kampanye dari nol, perkuat yang sudah berjalan.Keempat, transparansi data KLB dan ketersediaan vaksin harus ditingkatkan. Publik yang kritis — kelompok yang menyoroti stok vaksin sedikit dan mempertanyakan transparansi status KLB — bukanlah musuh. Mereka adalah check and balance yang sehat dalam demokrasi.Kelima, perlu ada kolaborasi lintas sektor yang melibatkan otoritas keagamaan secara lebih substansial. Fatwa MUI yang membolehkan vaksinasi sudah ada, tapi penyebarannya tidak sekuat narasi anti-vaksin yang mengklaim vaksin haram. Lembaga keagamaan seperti MUI, Muhammadiyah, dan NU perlu lebih aktif turun ke level akar rumput.PenutupKematian dokter muda di Cianjur bukan sekadar statistik. Setiap kasus campak pada anak yang tidak divaksin karena orang tuanya termakan disinformasi adalah sebuah kegagalan kolektif. Dan setiap hari tanpa tindakan tegas terhadap penyebar narasi anti-vaksin adalah hari dimana kita memilih kenyamanan politik di atas nyawa anak-anak Indonesia.Data 95,7 juta interaksi ini bercerita: masyarakat Indonesia ingin dilindungi, mendukung vaksinasi, dan marah pada mereka yang menghalangi. Yang kurang bukan kesadaran publik — yang kurang adalah keberanian pemerintah untuk bertindak.Artikel ini disusun berdasarkan data dan analisis Drone Emprit terhadap sentimen publik mengenai aktivitas imunisasi dan penanganan campak, periode 23 Februari – 31 Maret 2026, mencakup Twitter/X, Facebook, Instagram, YouTube, TikTok, dan media online.Referensi data:https://x.com/DroneEmpritOffc/status/2039712932217696533","https://web.facebook.com/ismailfahmibdg/posts/pfbid02oxdKsZptxvzUu7AumoYBfgBYtr3s76JgRbkw6wLgCswU7T5voMvvoDH7WAbSbrmGl","20","167","301","-1","NaN"
"186","Nadya Nadine","","Mau detoksDi Jerman sekarang g tua g muda banyak yang tetiba sakit dan meninggal dengan pola yang sama. Sakit darahnya keracunan. Tetiba kuning dan pankreasnya harus diangkat. Beberapa bertahan beberapa tidak. Dan kami amati rata-rata mereka para paranoid di masa pandemi covid dan menggilai vaksin hingga 3-4 kali divaksin (vaksin Covid dan Flu biasa).Sementara teman-teman kami yang anti vaksin disini masih sehat bugar. Ada teman k— bersama Nadya Nadine.… Lihat selengkapnya","","0","0","2","-1","NaN"
"187","Fitri","2026-01-24T03:05:00.000Z","Kenapa ya mereka yang pro vaksin suka ngatain kita yg anti vaksin itu tolol, bebal, goblok, orang tua miskin dll...Salah kami apa coba...?… Lihat selengkapnya","https://web.facebook.com/photo/?fbid=1432880741502035&set=a.366218104834976","219","0","33","-1","NaN"
"188","Zly Wahyuni","","Bro and sis anti vaksin berpikir campak itu penyakit ringan karena melihat anak yg udah vaksin kena campak.Bro and sis anti vaksin berpikir campak itu penyakit ringan karena melihat anak yg udah vaksin kena campak.","","0","0","7","-1","NaN"
"189","Ika Fajarwati Rifaldi","","Gara-gara Epstein files, banyak yang berbangga hati ngga divaksin COVID dan tetep keukeuh menganggap baik virus maupun vaksinnya adalah konspirasi para elit global. Terus kita ""sales vaksin"" disuruh minta maaf. Like, what? … Lihat selengkapnya","","0","0","102","-1","NaN"
"190","Harry Sufehmi","2026-02-09T02:09:00.000Z","BATAS HAK KITA ADALAH HAK ORANG LAIN : Selamat, Gerakan Anti-Vaksin Telah Membawa Hasil… Lihat selengkapnya","https://web.facebook.com/photo/?fbid=1457496145731547&set=a.204857504328757","1600","861","1700","-1","NaN"
"191","Deeyahsajalah","","Kemal Kepo maksimalBuat yang anti vaksin cara cegah rabies gimana ya?","https://web.facebook.com/deeyahsajalah.deeyahsajalah/posts/pfbid02r2ed1XvK5rYUBqByzVH4mB8DWHhR5pA46Ft9bNp7G9hbH7ZbjnEHZCWtL1oSFeRsl","34","1","63","-1","NaN"
"192","Ragil Kurniawan","","""PLENGER""Melihat berbagai macam fenomena di Negara tercinta ini memang bisa bikin geleng-geleng. Selain jadi terapis abal-abal. Juga ustadz guru ngaji yang terobsesi jual beli gelar palsu. Anti medis, anti vaksin. Ga ngerti sains. … Lihat selengkapnya","","0","0","16","-1","NaN"
"193","Ayu Puspita Sari","","Yang lagi heboh imunisasi...Aku pribadi, anak pertama dan kedua imunisasi. Anak ketiga pas lahir aja, anak ke 4 tidak sama sekali imunisasi, sebab bidan ditempat aku lahiran sopan banget,, tanya dulu apa boleh anaknya di imunisasi, atau tidak. Dan ketika kami bilang tidak, Ibu bidannya cuma bilang, iya gakpapa.Anak ke 5 karena lahir di RS imunisasi pas lahir aja, anak ke 6 juga sama.… Lihat selengkapnya","","0","0","22","-1","NaN"
"194","AnaZtt Nanggo","","Mat sore untuk kita semua mohon perhatian bagi kita yg punya anjing tolong di ikat sesuai dgn surat edaran Bupati Nagekeo, karena sekarang dinagekeo tidaktersedia vaksin anti rabies(var) vaksin hanya ada didokter Amri sekali vaksin Rp3000000 jadi 3x vaksin Rp.9000000, nyawa manusia tidak ada bandingan dengan kita punya anjing terima kasih","","0","0","13","-1","NaN"
"195","Siti Jenab","2026-04-24T12:23:00.000Z","Perbedaan vaksin dulu dan sekarang... Dulu 2018 imunisasi gak banyak... Sedangkan sekarang vaksin nya banyak banget... Karena mungkin sekarang banyak penyakit baru.. Dan banyak virus aneh2... Jadi sedini mungkin tubuh sudah ada pertahanan kalau sudah di vaksin.. Meskipun bisa tetap terkena tapi tidak parah... Maka dari itu anakku sekarang di vaksin.. Gak kaya anak pertama anti vaksin.. #familystory#momlife#parenting#imunisasi","https://web.facebook.com/siti.znab.5/posts/pfbid0KsyfaQN3d9s4zktR9wF1aASUmd3RMnBQSTsiFgVYQwdkZtsqFkGsowwPuDQNUPK9l","93","13","51","-1","NaN"
"196","Siti Jenab","2026-04-23T01:19:00.000Z","Anak pertama ku dulu anti vaksin.. 2018 Buku pink kakak kosong tanpa imunisasi.. Alhamdulilah dia sehat dan aktif.. Memang BB nya rendah.. Tapi setiap ke dokter selalu aku tanyain kenapa BB rendah... Katanya gak apa2 selama tidak ada keluhan dan anak nya aktif.. Dulu itu takut banget kalau anak di vaksin.. Karena berbagai berita seperti ini... Dan di larang juga sama orangtua.. Karena dulu masih tinggal bareng orangtua.. Jadi nurut aja..#familystory#momlife#parenting#imunisasi","https://web.facebook.com/siti.znab.5/posts/pfbid02xpu1VvscfARjQYVJVQqDv53nKxEAMXkAQVAjZ61GAymiujBXViBhUsEnbcsWtpn5l","86","2","41","-1","NaN"
"197","Bidan Fina","2026-03-08T05:24:00.000Z","Ini salah satu penyebab KASUS CAMPAK di Indonesia tertinggi ke-2 di DUNIAorang tua yang punya prinsip GERAKAN ANTI VAKSIN/ IMUNISASI. Menolak vaksin bukan melindungi … Lihat selengkapnya","https://web.facebook.com/photo/?fbid=122171760218868518&set=a.122139716750868518","216","14","106","-1","NaN"
"198","Ragil Kurniawan","","Lajnah Daimah Saudi Pro VaksinMUI pro VaksinMuhammadiyah Pro vaksin NU pro Vaksin Al Azhar Mesir Pro Vaksin … Lihat selengkapnya","","0","0","58","-1","NaN"
"199","Ichaa Milu","2026-05-08T03:37:00.000Z","HARGA VAR (vaksin Anti rabies)Pelayanan sasaran pertama kali harus disuntik sebanyak dua kali 249.334 x 2 = 498.668Diberikan gratis dari pemerintah Proud","https://web.facebook.com/ichaa.milu/posts/pfbid038PaKL3Xr1TJD16JCe8WpEYKyiTRVpgXss1dWecvZ8USdhhy2XjkCtCNbQquSJZM4l","20","0","21","-1","NaN"
"200","Lilda Yanti Asp","","Anak kalian tim yg full imunisasi atau gak,soaly anak temen aku sama sekali g pernah imunisasi Kira2 klw gak imunisasi bahaya gakAnak kalian tim yg full imunisasi atau gak,soaly anak temen aku sama sekali g pernah imunisasi Kira2 klw gak imunisasi bahaya gak","","0","0","6","-1","NaN"
"201","Muhammad Sufyan","","Padahal dekat klinik sendiri pon dia promot vaksin,baca ayat last tu benak ubi mana la yang percaya tepung talam","https://web.facebook.com/photo/?fbid=4020135548267253&set=gm.1374503223722927&idorvanity=492704001902858","2","0","5","-1","NaN"
"202","Fziah Posumah","","Apakah vaksinMasih berjalanMohon infoDengan penjelasanApakah vaksinMasih berjalanMohon infoDengan penjelasan","","0","0","8","-1","NaN"
"203","Mohamad Yusuf","2026-02-10T01:07:00.000Z","Soal vaksin saya ngga pro vaksin atau anti vaksin tipe membela mati²an, sebab anak² saya yang 8 , ada yang di vaksin full, ada yang sebagianz ada juga yang ngga. hasilnya alhamdulillah tidak terlihat ada yang lemah imunnya, atau terlihat kuat, saya hanya berdoa kepada Allah meminta agar keluarga diberikan kesehatan, dijaga dari penyakit berat, dan berusaha menjaga makanan anak² disaat mereka kecil. Ibunya tipe gemar memasak, bukan tipe gemar beli kulineran buat makan, bahkan sampai hari ini pun, saya memandang tidak ada masakan seenak makanan yang dimasakkan dirumah. Semua nikmat kesehatan adalah semata mata berkah dari Allah, pemberiannya, dan merupakan takdir darinya. setidaknya itu yang saya alami, saya rasakan.Hanya ada perubahan pemahaman, jika dulu anak² kerap saya larang dibeberapa hal tentang bermain kotor, di anak yang bungsu ini, saya kasih main pasir, main tanah, hingga hujan²an disaat tidak ada petir, mau pagi, siang atau sore, sebab terjadi pergeseran pemahaman, bahwa hujan²an tidak menyebabkan anak sakit, karena beberapa nash dan ulama menjelaskan mandi hujan itu berkah. sudah adilkan saya? semoga bisa memuaskan semua pihak qiqiqiqi","https://web.facebook.com/abahna.iram/posts/pfbid026hcfHwiNNZEqc8gUjnno9FTPTThCbSShn7zognpfgGu1HGxzrpbehVvFnPhmDf9Tl","29","2","26","-1","NaN"
"204","#vaksin","","Akibat gerakan anti vaksin campak. 72 orang balita dan anak meninggal.Innalillahiwainaillaihirojiun gerakan anti vaksin campak ini siapa yg mulai? Ada yg mau tanggung jawab? #vaksin #campak #antivaksin #antiimunisasi #imunisasi","","0","0","10","-1","NaN"
"205","Bao Chenx","","Efek Samping Vaksin Rabies, selain lu jadi Tolol kaya dokter yang nyuntiknya, yaitu lu jadi Hidropobia ( Takut air). Paham ga sih kalian, kenapa sih kalian ga cari tau, dan curiga apa yg mereka perbuat. Hadeuh Efek Samping Vaksin Rabies, selain lu jadi Tolol kaya dokter yang nyuntiknya, yaitu lu jadi Hidropobia ( Takut air). Paham ga sih kalian, kenapa sih kalian ga cari tau, dan curiga apa yg mereka perbuat. Hadeuh","","0","0","0","-1","NaN"
"206","Jefri Papahnya Aqiela","","Satu satunya produk big farmasi yang tidak memiliki efek samping dan tidak menjadi penyebab sakit berat parah atau kematian adalah VAKSIN! ,kenapa? Karena VAKSIN adalah aman dan efektif,Maka dari itu jika anda sakit, maka mending vaksin saja daripada minum obat,… Lihat selengkapnya","","0","0","42","-1","NaN"
"207","Langgam Batik","","Semangat pagi rekan2 peternak semua, semoga sehat selalu,, Aamiin,,, Ijin bertanya, cara mengatasi doc habis vaksin ND IB, sudah 2 hari nafsu makannya turun, g begitu lahap, cara mengatasinya bagaimana ya? Atau memang ini efek samping dari vaksin tersebut, kemarin pasca vaksin air minumnya sya kasih Vita stres, namun sampai saat ni belum lahap makannya, mohon masukannya,, makasih","","0","0","5","-1","NaN"
"208","Bao Chenx","2025-02-23T23:42:00.000Z","Saya sudah bantu ribuan pria di Indonesia kembali menjadi pria yang aktif dan berenergi.… Lihat selengkapnya","https://web.facebook.com/photo/?fbid=9180747095294129&set=a.268476426521285","114","40","64","-1","NaN"
"209","unknown","","Saya sudah bantu ribuan pria di Indonesia kembali menjadi pria yang aktif dan berenergi.… Lihat selengkapnya","","0","0","52","-1","NaN"
"210","Nanik Zakiah Rohani","","pihak pembuat vaksin sdh mengakui efek samping dri suntikan vaksin covid Pantasan skrg mo tua muda bnyk yg tiba2 sakit2an smpe meninggal.","","0","0","9","-1","NaN"
"211","Nanik Zakiah Rohani","","Yg kemarin sdh vaksin covid berkali2, jangan kegiatan fisik yg diforsir. Myocarditis, darah kental, kakau diforsir ...The EndYg kemarin sdh vaksin covid berkali2, jangan kegiatan fisik yg diforsir. Myocarditis, darah kental, kakau diforsir ...The End","","0","0","9","-1","NaN"
"212","Rush Menanti Lebaran","","yang kutakutkan dari vaksin covid benar benar terjadi. virus itu semakin ganas didalam tubuh kita. vaksin itu merangsang emosional kita, kecerdasan bahkan membuat kita cepat menua. apa yang disuntikkan ke dalam tubuh kita bukan benar benar vaksin penyembuh. melainkan ada efek samping yang sangat berbahaya bagi umat manusia di dunia. Perlahan tapi pasti, apakah kalian merasakan hal yang sama. tulis dikomen.","","0","0","6","-1","NaN"
"213","Nia Umboh","2026-05-11T05:35:00.000Z","Saya sudah bantu ribuan pria di Indonesia kembali menjadi pria yang aktif dan berenergi.… Lihat selengkapnya","https://web.facebook.com/photo/?fbid=1296810979260544&set=a.549931050615211","8","2","5","-1","NaN"
"214","Klemensius","","Banyak yg meninggal di Tebing Tinggi tercinta ini . Tiap hari ada saja yg meninggal .Ada yg bilang karena mati lampu ,panas cuaca ???Ada yg bilang Virus ditebarkan di udara olrh pesawat tempur .Ada yg bilang efek samping vaksin covid 19 .… Lihat selengkapnya","","0","0","10","-1","NaN"
"215","Fatwa Kehidupan","","Maaf pertanyaan darurat... Indonesia mau di jadikan ujicoba vaksin TBC,, apakah syekh setuju ???===========Beberapa daerah, saat ini penularan TBC memang tinggi, seperti di jakarta.... Banyak kasus TBC merebak...Vaksin TBC sebenarnya juga sudah ada sejak dulu yaitu BCG....… Lihat selengkapnya","","0","0","0","-1","NaN"
"216","Fatwa Kehidupan","","Hadir Abah Izin bertanya, seorang dokter berkata bahwa virus itu tidak bisa bertahan lama, dia tidak bisa bertambah banyak diluar sel. Dan untuk dia tidak boleh masuk ke dalam sel, reseptor dari membrannya tidak boleh ada, dan vaksin itu membentuk reseptor membran yg biasa disebut antibodi, dan antibodi tersebutlah yg menjadi fasilitator masuknya virus kedalam sel. Lalu bagaimana bagi yg sudah terlanjur di vaksin Abah? Bagaimana… Lihat selengkapnya","","0","0","0","-1","NaN"
"217","Tendius AZ III","2026-05-12T00:42:00.000Z","Infeksi Hantavirus merupakan efek samping yg diketahui akibat vaksin COVID-19 dari Pfizer.HANTAVIRUS adalah efek samping setelah Anda mendapatkan vaksin COVID-19 jenis Pfizer.2025: Pengajuan paten untuk vaksin mRNA untuk ""hantavirus"". Mereka mencoba taktik yang sama lagi.… Lihat selengkapnya","https://web.facebook.com/photo/?fbid=829217056909013&set=a.110081985489194","7","11","33","-1","NaN"
"218","Hari Nuryono","","Aku sejak di Vaksin Covid Booster 3 yg satu dosis, pada 22/1/2022..Sejak itu,Aku betul2 gak mau makan Nasi.. Dan aku trs kena Diabet dan Autoimun... Yg kata nya gk ada Obat nya... … Lihat selengkapnya","","0","0","2","-1","NaN"
"219","Hari Nuryono","","#*EFEK SAMPING VAKSIN BOOSTER 3*#Aku di Vaksin Booster 3 ...tgl 22/01/2022...Sejak itu nafsu makan ku drop..Gak mau mkn nasi sudah 3 tahun lebih sejak vaksin ke 3..… Lihat selengkapnya","","0","0","4","-1","NaN"
"220","Maryamah Agustina","","Viral efek samping dr vaksin astrazeneca,konon menyebabkan pembekuan darah dan trombosit rendah,sadar atau tidak yg pernah d vaksin dg sinovac pun  akhir akhir ini bnyak keluhan tentang penyakit  pengentalan darah yg tentu efek ny akan menyumbat ke jantung atau otak tergantung letak penyumbatan,parah ny lg harus mengosumsi obat pengencer darah dg jangka waktu yg lama,tp apa jadi ny seandainy d masa covid tidak ada vaksin,mungkin saat … Lihat selengkapnya","","0","0","2","-1","NaN"
"221","Abi Bekam","2025-05-11T14:53:00.000Z","Woiiii yang Persoalan penting nya umat Islam, raw Material vaksin TBC nya halal apa haram statusnya… Lihat selengkapnya","https://web.facebook.com/tvOneNews/videos/1026734859411002/","0","0","0","-1","NaN"
"222","Nanik Zakiah Rohani","","Ngga mungkin ada dokter yg bilang obat dan vaksin byk efek samping, lha mereka hidup dari situ, kecuali Ngga mungkin ada dokter yg bilang obat dan vaksin byk efek samping, lha mereka hidup dari situ, kecuali","","0","0","462","-1","NaN"
"223","Hari Nuryono","","Spt nya banyak yg sakit Autoimun krn efek samping Vaksin covid Boster 3..Anak sulung ku juga meninggal, bisa jadi efek samping Vaksin Covid. HN","","0","0","3","-1","NaN"
"224","Anton Hilman","","yg merasakan efek dari vaksin covid yg dulu viral coba like,comment and sharepasti bnyak efek samping nya,,jd susah tidur,badan terasa cepat pegal,kepala sering pusing,,itu yg bnyk d keluhkn saat ini...vaksin jahat,vaksin proyek penguasa,,,","","0","0","4","-1","NaN"
"225","Peserta anonim","","Saya rasa ini efek samping vaksin covid dlu  siapa yg vaksin disini dan type nya apa","","0","0","3","-1","NaN"
"226","Odel","","ijin tanya prof apakah boleh vaksin nd ib ai tiap sebulan sekali,dan ada efek samping ny atw tidak,terimakasihijin tanya prof apakah boleh vaksin nd ib ai tiap sebulan sekali,dan ada efek samping ny atw tidak,terimakasih","","0","0","13","-1","NaN"
"227","Bao Chenx","","Begini ya ...Kalau bagi anda yang sudah terlanjur vaksin 2x/booster tidak percaya dengan efek samping vaksin itu ada dan nyata bisa bikin sakit berat parah hingga kematian ataupun sudden death, lalu terus kenapa anda risau dan sampai mereport akun fb orang seperti koh Bao Chenx ataupun Teuku Fahril Kamal ataupun akun saya ini?Anda ga percaya tapi anda mereport akun orang orang yang memberikan informasi berdasarkan data jurnal ilmi… Lihat selengkapnya","","0","0","59","-1","NaN"
"228","Abu Abdurrahman Al Karumbuni","","Vaksin salah satu senjata kaum Yahudi buat melemahkan kaum musliminDi saudi mereka bikin isu Virus lewat unta dan banyak orang yang percaya. Skrng orang "" Yang mau pergi Umroh dan Haji harus melakukan vaksinasi.Efek samping Vaksin itu jangka panjang buka bukan jangka pendekEfek samping Vaksin tergantung dari imunitas atau kondisi terrain tubuh yang di Vaksin","","0","0","1","-1","NaN"
"229","Sidi Aritjahja","","'Apa yg harus saya konsumsi untuk mengurangi dan mengatasi efek samping suatu vaksin?'Pertanyaan yang banyak dilontarkan tersebut, memacu saya untuk mempelajari dan mencari solusi sesuai bidang yg saya tekuni. Setelah beberapa lama, alhamdulillah semoga komposisi sederhana ini dapat membantu:- Vaksin jenis virus utuh (snvc, snph, crnv) dan mRNA vektor advrs (az, sptnk) dapat mengkonsumsi:… Lihat selengkapnya","","0","0","0","-1","NaN"
"230","Papah Nya Aqiela Bilqish","","Pemesan saya yang pasien vaksin curhat, ada suaminya atau ibunya yang mulai mengalami ADE imbas dari efek samping vaksin, awalnya ga mau dan ga percaya kalau rendang obat itu ada khasiatnya jika dikonsumsikan rutin, terus dibujuk oleh anaknya ibunya itu agar coba buktikan dulu sepekan begitu seorang isteri yang membujuk suaminya agar cobalah dibuktikan dulu konsumsi selama 1 pekan,Ternyata setelah 1 pekan terbukti ada perubahan ....… Lihat selengkapnya","","0","0","29","-1","NaN"
"231","#TempoDunia","","Astrazeneca pertama kalinya mengakui efek samping vaksin Covid-19 yang diproduksi perusahaan. Apa saja fakta-fakta seputar kasus ini? #TempoDunia","","0","0","12","-1","NaN"
"232","Nanik Zakiah Rohani","","Buat apa kemarin vaksin berkali2 dg efek samping yg byk, tapi di beberapa negara masih jatuh korban krn covid?  Saat liat  berita covid naik lgBuat apa kemarin vaksin berkali2 dg efek samping yg byk, tapi di beberapa negara masih jatuh korban krn covid?  Saat liat  berita covid naik lg","","0","0","330","-1","NaN"
"233","Mou Carlo Perezhaters","","orang anti obat, anti vaksin, tapi pro rokok, pro narkoba itu aneh. mereka hanya mempropagandakan efek samping obat, efek samping vaksin, ketika mengenai rokok, narkoba yang dipaparkan cuma manfaatnya. benar rokok punya khasiat anti inflamasi, bener narkotika bisa punya khasiat. … Lihat selengkapnya","","0","0","6","-1","NaN"
"234","Harry Vrossi Palang Lapan","","Ada yang masih punya postingan mengenai efek samping vaksin pfizer ke jantung dalam jangka waktu 5 tahun?Ada yang masih punya postingan mengenai efek samping vaksin pfizer ke jantung dalam jangka waktu 5 tahun?","","0","0","1","-1","NaN"
"235","Nanik Zakiah Rohani","2026-07-08T10:00:00.000Z","Saya sudah bantu ribuan pria di Indonesia kembali menjadi pria yang aktif dan berenergi.… Lihat selengkapnya","https://web.facebook.com/photo/?fbid=4658634564459738&set=gm.1341493490916277&idorvanity=282962616769375","395","187","373","-1","NaN"
"236","Torik El Tuerto","","Setelah  vaksjn booster sy mengalami  gejala  demam menggigil,  sakit kepala , mual2 dan rasa kantuk  .  A1. Apa yg menyebabkan vaksin booster bs memiliki efek samping seperti itu?2. Berapa lama efek nya??,","","0","0","12","-1","NaN"
"237","Yonatan Dhanes Y","","Gais, ada yang pernah ""vaksin influenza""? Ada efek samping kah? Atau lain lain?","","0","0","8","-1","NaN"
"238","Nanik Zakiah Rohani","","Daftar Topik Materi Webinar1) Efek Samping Vaksin Covid dan Solusinya2) MEMBUKA RAHASIA NYAMUK WOLBACHIA & DBD3) MEMAHAMI DIABETES, DARAH TINGGI & ASAM URAT4) MEMAHAMI ASAM LAMBUNG, GERD & MAAG BESERTA Solusinya… Lihat selengkapnya","","0","0","231","-1","NaN"
"239","Pakdhe Indro","2024-05-13T08:08:00.000Z","VAKSIN AMAN YANG MANA ?Gampang jawabannya.Vaksin yg GAK ADA VIRUS HIDUP nya.Apalagi virus yg bisa masuk ke syaraf manusia.Jadi gak bikin efek bahaya TTS, hepatitis, gangguan syaraf & aritmia.Terus kalau sudah TERLANJUR DIVAKSIN harus gimana ? Lebih gampang lagi - ikut webinar malam ini saja.Senin malam ini jam 19.30, kita bebas berdiskusi tentang EFEK SAMPING vaksin covid & SOLUSINYA.Foto disini cuma ilustrasi saja, itu bukan saya.","https://web.facebook.com/chooni.romadhony.1/posts/pfbid02JeSiNS7W7Ei9pmfxrWufyZyrfp5f11nowyeB71wXfEscdnDbZ6pE6WXSJqVLwF1il","51","20","552","-1","NaN"
"240","Nanik Zakiah Rohani","","Daftar Topik Materi Webinar yg sudah diberikan.1) Efek Samping Vaksin Covid dan Solusinya2) MEMBUKA RAHASIA NYAMUK WOLBACHIA & DBD3) MEMAHAMI DIABETES, DARAH TINGGI & ASAM URAT… Lihat selengkapnya","","0","0","349","-1","NaN"
"241","Ella","2026-03-20T06:40:00.000Z","Setelah drama DPT 1 kemaren,  dan ditambah banyaknya kasus efek samping vaksin yg bersliweran. Saya jadi galau mau lanjut atau tidak , Padahal saya sendiri dan anak pertama saya selalu Imunisasi Lengkap, masa adeknya engga si","https://web.facebook.com/laella.sahrull/posts/pfbid02yJkE7cL9Pkje8WhUbhpwqFqW5s6Sf45r7ysg37JxeBTrLxE3R34keq42ejzg6861l","20","0","23","-1","NaN"
"242","Siti Nurasiah","2026-05-13T08:54:00.000Z","URUTAN IMUNISASI BAYI & EFEK SAMPINGNYA Imunisasi membantu melindungi si kecil dari berbagai penyakit berbahaya sejak dini. Yuk Moms & Dads, simpan jadwal penting ini agar tidak terlewat  0–24 JAM  Hepatitis B (HB-0)  Polio tetes (OPV-0)  BCGEfek samping:  Demam ringan  Bekas suntikan kemerahan  BCG biasanya muncul luka kecil & parut (normal)━━━━━━━━━━━━ USIA 2 BULAN  DPT-HB-Hib 1  Polio 1  PCV 1  Rotavirus 1Efek samping:  Rewel  Demam ringan  Bengkak di paha  Mengantuk━━━━━━━━━━━━ USIA 3 BULAN  DPT-HB-Hib 2  Polio 2Efek samping:  Demam ringan  Nafsu minum turun sementara  Rewel━━━━━━━━━━━━ USIA 4 BULAN  DPT-HB-Hib 3  Polio/IPV  PCV 2  Rotavirus lanjutanEfek samping:  Demam  Bengkak ringan  Bayi lebih sensitif━━━━━━━━━━━━ USIA 6 BULAN  InfluenzaEfek samping:  Pegal ringan  Mengantuk  Demam ringan━━━━━━━━━━━━ USIA 9 BULAN  MR/MMREfek samping:  Demam 5–12 hari setelah vaksin  Ruam ringan  Anak rewel sementara━━━━━━━━━━━━ USIA 12 BULAN  PCV Booster  JE  Hepatitis A━━━━━━━━━━━━ USIA 18 BULAN  Booster DPT  Booster MR/MMR  Booster Polio━━━━━━━━━━━━ TANDA BAHAYA SETELAH IMUNISASI Segera ke dokter bila:  Demam tinggi >39°C  Kejang  Sesak napas  Bayi sangat lemas  Bengkak besar  Alergi berat Yang paling penting: Imunisasi lengkap = perlindungan terbaik untuk masa depan anak Simpan postingan ini untuk panduan imunisasi si kecil #ImunisasiBayi #JadwalImunisasi #KesehatanAnak #ParentingIndonesia #TipsIbuBayi #ImunisasiLengkap #BayiSehat #InfoKesehatan #MomAndBaby #MPASI #AnakSehat","https://web.facebook.com/siti.nurasiah.921230/posts/pfbid02Do1WtAAHhbs2Z7w1WiAW71xiQ92QUceZs1qTE2xSowoXZLYXY6KcxELwM7h22NTbl","20","6","14","-1","NaN"
"243","Amora","","Le.. di sini ada yng pernah suntik vaksin rabies GK? Kok aku baca efek samping ny malah jadi takutJadi ceritanya aku suka ngasih makan kucing liar karna aku suka kuci… Lihat selengkapnya","https://web.facebook.com/photo/?fbid=1335854314835260&set=pcb.4472085116406699","0","0","0","-1","NaN"
"244","Indra Tarigan","","Efek samping vaksin berbahaya, benar tidak?Sebagian orang takut vaksin karena khawatir efek sampingnya.Faktanya, sebagian besar efek samping vaksin ringan dan sementara.Yang paling sering terjadi:• Nyeri atau kemerahan di tempat suntikan• Demam ringan• Anak menjadi lebih rewelEfek samping serius sangat jarang terjadi dan selalu dipantau dalam sistem keamanan vaksin.Risiko penyakit yang dicegah vaksinbiasanya jauh lebih berbahaya dibanding efek sampingnya.Karena itu vaksin tetap menjadi salah satu cara Silakan share agar tidak termakan hoaks. Simpan & follow untuk edukasi kesehatan anak.","https://web.facebook.com/indra.tarigan.58/posts/pfbid0upANUtCNhXngwqzh5cLZCswtXLDooaF9KdSnWpQtTCy5euixnbjEKpoNZyCvzevcl","123","99","785","-1","NaN"
"245","#Hantavirus","","#Hantavirus yang sekarang sedang diramaikan di media2 mainstream ternyata adalah salah satu dari 1200an efek samping vaksin COVID-19, sebagaimana tertera dalam laporan … Lihat selengkapnya","https://web.facebook.com/100000101667483/videos/pcb.27815733241346691/1875645226460572","0","0","0","-1","NaN"
"246","Nanik Zakiah Rohani","","""Memahami & mencegah efek samping vaksin dewasa & usia lanjut"" Zoom webinar Sabtu , 20 Sept 2025 jam 19.15 WIBWa admin : 0822 1000 2321""Memahami & mencegah efek samping vaksin dewasa & usia lanjut"" Zoom webinar Sabtu , 20 Sept 2025 jam 19.15 WIBWa admin : 0822 1000 2321","","0","0","82","-1","NaN"
"247","Anggun Pujiyana","","Menurut moms imunisasi anak penting tidak?? Masih bingung mau imunisasi apa gak?? Soalnya pernah ngalamin anak kedua panas berujung kejang, se trauma itu aku ...","","0","0","5","-1","NaN"
"248","Indah Puspaningrum","","permisi bun.. jika imunisasi anak yg 4 bulan kelewat apa boleh ttp dberikan diumur selanjutnya ? batasannya sampe umur brp","","0","0","1","-1","NaN"
"249","Irna Megawaty","","Mengapa masih ada anak yang belum mendapatkan imunisasi lengkap?Padahal layanan imunisasi tersedia di puskesmas, posyandu, maupun fasilitas kesehatan lainnya. Namun kenyataannya masih banyak anak yang belum memperoleh imunisasi lengkap.ayo cerita-ceritaq dulu gaess:… Lihat selengkapnya","","0","0","5","-1","NaN"
"250","Anggun Pujiyana","","80% perkembangan otak anak terjadi sebelum usia 5 tahun.… Lihat selengkapnya","","0","0","658","-1","NaN"
"251","Peserta anonim","","Gimna ya bunda bilang kesuami klo imunisasi itu penting,setelah kehilangan anak prtma krna demam ,bengkak bekas suntikan stlh imunisasi,suami rencanakan tidak imunisasi anak kdua,apa gpp ya klo anak ga di imunisasi, sebenernya saya juga trauma","","0","0","83","-1","NaN"
"252","Rieza Ezza","","Mohon info bund, Untuk anak ada gejala ASD dan ADHD, klo dia di imunisasi gak akan apa apa kah? Soalnya sy sempat baca bbrp info ada yg anak nya jd suka tantrum dan hyperaktif sejak di imunisasi trus kejang katanya , ujung nya jd suka tantrum dan hyperaktif ,Anak sy umur 4 tahun ,ada gejala ASD dan ADHD,  rencana mau di imunisai ORI campak , apakah gak akan apa apa ya?  … Lihat selengkapnya","","0","0","3","-1","NaN"
"253","Irna Megawaty","2026-07-03T15:58:00.000Z","80% perkembangan otak anak terjadi sebelum usia 5 tahun.… Lihat selengkapnya","https://web.facebook.com/photo/?fbid=27869251639335043&set=a.407711795915731","244","845","1600","-1","NaN"
"254","Halimatul Lutfiyah","","Badane panas habis imunisasi, Jangan panik y mam's kalo anak … Lihat selengkapnya","https://web.facebook.com/photo/?fbid=818558020809521&set=gm.1425132349002907&idorvanity=1019457676237045","0","0","0","-1","NaN"
"255","Peserta anonim","","infonya dong yang imunisasi di DSA. biayanya berapaan? mau imunisasi anak tapi was-was katanya kalau di DSA gak demam","","0","0","7","-1","NaN"
"256","Devi Iswan","","Bund sharing donk tips agar imunisasi dpt 1 ngak terlalu sakit dampaknya pada bayiHari ini anakku mau dpt 1 persiapan, bye bye viver, sanmol, sama cessa merah,, gimana tips agar bayi ngak terlalu berasa gitu pas habis imunisasi Mohon saran yg sudah lolos dpt 1 dan ngak banyak drama nya donk","","0","0","11","-1","NaN"
"257","renysetya21","2026-01-30T13:22:00.000Z","Ada tips bun biar anak lebih cepat reda dari demam? Dari kemarin pagi gak mandi, badan masih demam juga rewel terus setelah imunisasi penta booster. Kasihan banget liatnya, tapi kalau tidak di imunisasi kasihan besarnya nanti. #imunisasi #imunisasianak #anakdemam","https://web.facebook.com/groups/beekids.group/posts/25827194393631626/","76","0","25","-1","NaN"
"258","S Tth Risma","","Bun, mau tanya imunisasi anak wajib atau egk, masih rada2 trauma di anak pertama soalnya, ini sya punya anak lagi tapi mau imunisasi ya takut seperti kk ya dlu kejang egk panas egk tapi sekujur tubuhnya biru kehijauan gitu trs gk nangis badan ya dingin lemas gitu dibawa ke rs kata y efek suntik dpt dr situ gk sya imunisasi lagi, Alhamdulillah ya si sehat smpe skrg,","","0","0","3","-1","NaN"
"259","S'fa Ramadanyy","","assalamualaikum ...maaf sebelumnya ,anak saya penderita  kelainan jantung bawaan ,tipe Vsd 2 mm .yang perlu ditnyakan .apakah kalau mau oprasi cateterisasi harus selesai dulu imunisasi? anak saya cuma sampai usia 3 bulan .di karenakan sering bapil .adakah disini yg anak nya oprasi tanpa imunisasi .?terima kasih","","0","0","7","-1","NaN"
"260","Ara","","bun anak sy kan habis imunisasi DPT lanjutan 9hari yang lalu. pas abis imunisasi itu demam, rewel, pahanya bengkak. dan gak sengaja aku pegang paha bekas suntikan kek ada benjolan mengeras gitu.paha sebelahnya doang, sebelahnya ga ada (kan yg disuntik kanan kiri ya).aman gak sih apa aku harus buru2 ke dokter ya?tapi disentuh dipegang anaknya gak nangis, kemarin kan pas abis suntik bengkak itu nangis klo kesenggol dikit","","0","0","5","-1","NaN"
"261","unknown","","Kontribusimu dapat berguna untuk membantu pendidikan anak Indonesia di pelosok negeri.… Lihat selengkapnya","","0","0","568","-1","NaN"
"262","Erna Margarena","","Bunda-bunda minta sarannya dong. Kemarin anak saya imunisasi DPT 1 suntik paha kiri  2x cuman demam 1 hari semalam dan agak keras dibagian bekas suntikan tapi gak sampai bengkak.Besok saya imunisasi DPT 2 … Lihat selengkapnya","","0","0","1","-1","NaN"
"263","Jernita Zendrato","","Hallo BunMasukan  ya dong supaya GC takut imunisasi anak ,bayi aku sudah 3 bulan TPI imunisasi ya baru bcg Takut mau lanjut DPT, makanya telat imunisasi","","0","0","5","-1","NaN"
"264","Mom's Rabel","","Bagi pengalamannya dong Bun, stlh anak di imunisasi campak....?Cara mngatasi dri demamnya maupun dri hal apa'nya...?? Karna Minggu dpn ad jdwal imunisasi dri posdes...","","0","0","1","-1","NaN"
"265","Anitasari","","Anak sejak bayi tidak pernah imunisasi.masuk sekolah TK/SDBiasanya ada imunisasiIbunya yg dulunya anti imunisasi  sekarang  membolehkan anaknya imunisasi karena gengsi dengan ibu"" yg lain.… Lihat selengkapnya","","0","0","2","-1","NaN"
"266","Peserta anonim","","Bun mau nanya dongAnakku blm imunisasi dpt 1,2,3 krna aku takut/parno denger ada anak yg abis imunisasi kejang dll. makanya aku tunda² ditambah waktu itu suamiku didlm penjara jd aku takut klo demam krna ga ada yg bantu gt, krna waktu suamiku dipenjara aku stress bnr jd nunda imunisasi sampe skrg anakku udh umur 2thn.skrg klo misal aku mau imunisasi susulan dpt 1,2 dan 3 msh bisa ga ya bun?. Mohon dijawab dan jangan dibully ya bun","","0","0","2","-1","NaN"
"267","Peserta anonim","","Pagi bun.. Saya mau tanya sama bunda2 di grup ini.. Untuk imunisasi anak usia 18 bulan apakah dapat 2x suntikan bun paha sama tangan? Soalnya anak saya dapat suntikan 2x paha kiri dan tangan kiri, sampai saat ini anak saya rewel badan lemes jalan pun tidak mau.. Semoga ada yang menjawab ya bun, terimakasih","","0","0","1","-1","NaN"
"268","Adi El","","Bun mau nnya bulan depan anku imunisasi DPT 3 karna tiap kali imunisasi ankku sllu panas dan rewel penanganan apa ya bun yg harus dilakukan?,,,, soalnya waktu DPT 2 dia juga panas trs langsung ku kasih penanganan kompres air hangat bekas suntiknya kasih coolveyfer di kasih cessa bagian dada dan ku olesi minyak tawon di bagian sekitar bekas suntikannya dan di minumi paracetamol dia masih panas dan rewel","","0","0","2","-1","NaN"
"269","Ayu XandRia","","Selamat malam bunda² Adakah disini bunda² sekalian yang anaknya tidak di imunisasi lengkap.bun ??  Anak saya tidak lengkap bun karena saya terauma anak pansa sampe kejang bun","","0","0","18","-1","NaN"
"270","mamanya_AZ1290","","Bunn lagi galau nii bayik bentar lagi 2 bulan , bingung mau lanjut imunisasi atau gk ? Karena denger2 pengalaman org setelah anak kedua mereka tidak lanjut imunisasi karena anak pertama walaupun imunisasi masih sakit2an ,dan mudah gampang sakkit dibanding anak yg tidak imunissasi sama sekalii ,, gimana yaa Sharing dong bun","","0","0","8","-1","NaN"
"271","Silvia Dmy","","Bun, share dong pengalaman debayi sehabis imunisasi campak ada reaksi apa aja, dan solusinya apakah sama kaya BCG, dpt,? Soalnya sering denger sehabis imunisasi campak besoknya suka muncul kemerah2an spt campak. Soalnya anakku bulan ini imunisasi campak ni.. Makasi bunda","","0","0","1","-1","NaN"
"272","Nea Mode","","Bunda2 tolong info yg anaknya sudah imunisasi DPT 1 2 3, efek sampingnya apa aja dan cara menanggulanginya bagaimana agar efek samping tidak lama (berhari hari) dan bagian yang di suntik bengkak dan sakit kah? Jika iya, adakah cara agar tidak terlalu kesakitan setelah imunisasi atau hari berikutnya.. aku benar2 dilema, apakah lanjut imunisasi DPT atau gak  anakku baru imunisasi BCG,","","0","0","10","-1","NaN"
"273","Anitasari","","GTM anak kamu tipe apa?   Karena solusinya BERBEDA tergantung tipenya.  … Lihat selengkapnya","","0","0","11","-1","NaN"
"274","Silvia Dmy","2026-04-23T06:03:00.000Z","80% perkembangan otak anak terjadi sebelum usia 5 tahun.… Lihat selengkapnya","https://web.facebook.com/photo/?fbid=3650299768479543&set=pcb.3650301468479373","2","0","8","-1","NaN"
"275","#sharingyuk","","Adakah yg anaknya cuma imunisasi pcv aja bunSoalnya setiap mau imunisasi anak selalu bapil hampir tiap bulan#sharingyuk","","0","0","1","-1","NaN"
"276","Tina Nurdia Akmal","","Assalamualaikum dok.Dok, booster pentabio dan hexaxim itu apa bedanya ya dok?? Untuk imunisasi anak 18 bulan. Karena waktu 2,3 dan 4 bulan anak saya hexaxim dok.","","0","0","2","-1","NaN"
"277","Neng Yaa","","bunda kalau imunisasi anak blm lengkap,itu setiap posyandu apa kita sebagai ibu yang minta agar anak di imunisasi? Anakku blm suntik DPT","","0","0","1","-1","NaN"
"278","Nabilla Nabilla","","Bun mau tanya,anak ku telat imunisasi ini udh 3 bulan,karns buku KIA yg pink pas awal"" ku cari"" gak ketemu waktu pindahan rumah,ini ternyata pas ibuku lg beberes Berkas"" ternyata buku KIA anak ku di rmh ibu ku apa gpp ya Bun klo aku imunisasi in anak ku pas umur 3 bulan ini,soalnya pas waktu itu aku mau dateng ke Puskesmas bilang buku KIA nya hilang takut gabisa bun","","0","0","5","-1","NaN"
"279","Citra Rapa'i","","Tadi hbis imunisasi anak sedikit rewel dedeknya gimana ya cara nya bun udh dikasih bye bye fever sama cuman pake singlet tpi suhu tubuh nya masih sedikit panas","","0","0","15","-1","NaN"
"280","Peserta anonim","","Bun anak 7 tahun masih bisa kejar imunisasi ngga y...anakku lahir pas corona...waktu itu aku takut bngt ke posyandu,atau klinik atau Rs...jd aku kena corona pun ngga pergi ke Rsskrng aku mau konsul ke DSA...anakku msh bisa ngga ngejar imunisasinya...klo bisa aku mau nabung bnyk2 buat imunisasi ke DSA","","0","0","39","-1","NaN"
"281","Restay","","Assalamualaikum, minta sarannya ya semua, anak saya umur 2bln dgn BB 4kg tipe pjb dorv+vsd, baru imunisasi bcg+polio, bulan depan tgl 7 jadwal dpt1. Kata dsa yg nanganin gpp imunisasi aja asal jgn lg demam atau sesek, tp sy sbg ibu bimbang dpt itu kan dampaknya jd demam yg bund, sedangkan anak saya sesekali selalu ada sesek karena memang yg pjb itu suka sesek ya bund, gmn cara atasinnya, apakah ada tips setelah dpt1 biar anak ga demam dan rewel","","0","0","9","-1","NaN"
"282","Dewi Puspitasari","","Jangan lewatkan ya Bun, ini jadwal imunisasi anak!! … Lihat selengkapnya","https://web.facebook.com/photo/?fbid=26769530852711323&set=gm.1865304167452985&idorvanity=670218220294925","0","0","0","-1","NaN"
"283","Pekalongan Jawa Tengah","2026-07-13T10:27:00.000Z","Usia 2 tahun setengah tapi belum imunisasi campak 2 dulu sebelum bisa berjalan tiap bulan sering imunisasi tapi malah badan panas dan gak nafsu makan dek idris jadi sedih kalau anak susah makan mau bisa jalan jadi lambat.Adakah sama bunda disini juga gak imunisasi anak??? dengan nada lembut  #fyp #bayilucu #imunisasi— di Pekalongan Jawa Tengah.","https://web.facebook.com/groups/1185186252298406/posts/2314856682664685/","20","0","12","-1","NaN"
"284","Ndha Yana","","Sekarang jadwal imunisasi anak gadis umur 2 bulanMasih bingung mau imunisasi atau nggak ya bunda??Kasih saran dong bundSekarang jadwal imunisasi anak gadis umur 2 bulanMasih bingung mau imunisasi atau nggak ya bunda??Kasih saran dong bund","","0","0","31","-1","NaN"
"285","Mita Meilani","","Mau ngasih tau ibu² yang anaknya masih imunisasi,Kalau anak kalian lagi bapil nggak vit tunda dulu aja imunisasinya yah bun Mau ngasih tau ibu² yang anaknya masih imunisasi,Kalau anak kalian lagi bapil nggak vit tunda dulu aja imunisasinya yah bun","","0","0","5","-1","NaN"
"286","Dewa Iwan Dewa","","Jadwal Imunisasi Anak IndonesiaUsia Anak Jenis Imunisasi Keterangan / Booster0–24 jam     HB-0 (Hepatitis B dosis 0), Polio 0 Diberikan segera setelah lahir… Lihat selengkapnya","","0","0","1","-1","NaN"
"287","Peserta anonim","","Bun disini ada gak ya yang sama kaya anak akuu?imunisasi cuman sampe dpt 1 ga dilanjut pasti setiap mau imunisasi selalu ada halangannya mulu,,tapi saya takut kalau anakk aku di imunisasi soalnya ada anaknya kka iparr selalu imunisasi muluu,pada akhirnya sekarangg² sakitt""Tan muluu badan jdi kuruss ,padahal dulunya gemukk,gemoyy dibanding anak aku anak akumah dlu kecill BB 2,5  .sekarang Ampe umurnya 8 jalan 9 bulan sehat anak akumah … Lihat selengkapnya","","0","0","2","-1","NaN"
"288","Peserta anonim","2026-07-07T01:01:00.000Z","80% perkembangan otak anak terjadi sebelum usia 5 tahun.… Lihat selengkapnya","https://web.facebook.com/photo/?fbid=2436469266850572&set=gm.2307722350044785&idorvanity=1185186252298406","1","1","7","-1","NaN"
"289","Peserta anonim","","Bun saya mau tanya jngan di Bully,Anak saya tidak full imunisasi  Cmn usia nyampe 3 bln aja,sekrng umur nya 1,4bln belom pernah Minum obat cacing,karna anak saya juga udah sering makan jajanan yang manis manis dan selera makan juga berkurang,,,Jadi rencana mau saya kasih minum obat cacing,saya belik di apotik apa bisa belik di Bidan bun ?","","0","0","7","-1","NaN"
"290","Ifa Ifa","","Jadwal imunisasi pada Anak,jangan lupa buat buk ibuk bawa anankya ya🥰","https://web.facebook.com/reel/643436104989598/","0","0","0","-1","NaN"
"291","Peserta anonim","","bund anak abis imunisasi udah 4 hari masih anget aja..apa harus ke dokter ya? kemaren kebetulan double dpt sama pcv. pikirku karena sebelum2nya 1 1 gapapa. demam pun enggak. ini double kok malah masih anget ya? anaknya sih tetep aktif merangkak sana. merangkak. mainan. tapi ya gitu. badanya masih anget. pdhl imun hari Sabtu.","","0","0","2","-1","NaN"
"292","Non Linhy","","Semnjak imunisasi anak saya ngk mau mimi di saya..kyak ngk knal puting gtu..Minta solusinya bunda","","0","0","1","-1","NaN"
"293","Anita Susilowati","","mau nanya dong bunda"" ,anakqu 2bulan bentar lagi imunisasi tapi kok di buku ada 4 vaksin baru ya... sebelumnya kan cuma ada DPT dan polio kok sekarang ada rotavirus dan pcv itu apa bun...apakah nanti suntik nya sampai 3x dan satu tetes polio ?kasih tau dong bunda"" yg pernah vaksin anaknya...trus efek nya apa panas juga atau gimana..","","0","0","3","-1","NaN"
"294","Sugi Yanti","","Bun, mau cerita sedikit..Kenapa iya anak aku cewe umur 3,5 tahun kalo maen itu pasti sering jatoh, entah lagi loncat kepeleset, lagi lari kesandung jalan pun kdang kesandung, jdi khawatir karena setiap pulang pasti ngadu tadi abis jatoh, mana kaki tangan kdang lecet2, Terus imunisasi anak ku jg gak lengkap Bun, umur setahun udah berhenti imunisasi, karena kasihan lagi sehat2 di imunisasi malah jdi meriang, jdi kalo posyandu cuma di … Lihat selengkapnya","","0","0","7","-1","NaN"
"295","Batri Nia","","Bun minta solusi dong.. Anak saya usia 2 tahun.. Sudah 2 bulan ini batuk terus, batuknya itu sehari sekali tapi ngekel, sudah gonta ganti DSA tapi blm sembuh, sudah ronsen dan imunisasi influenza juga.. Tiap saya kasih obat cerini batuknya langsung sembuh tapi ganti hari batuk lagi.. Tiap hari begitu..","","0","0","13","-1","NaN"
"296","Syavika","","Halo saya mau tanya anak saya belm imunisasi DPT 2 sudah umur 9 bulan setiap mau di imunisasi pasti demam pilek apakah Masi boleh di lanjutkan dan kalo boleh nanti imunisasi campak nya id usia berapa ya soalnya seharusnya udh imunisasi campak  MOHON DI JAWAB","","0","0","3","-1","NaN"
"297","Ambarwati","2026-02-21T22:43:00.000Z","Nahasnya kdg sekolah tdk memberitahukan dulu,tiba2 sj ada petugas medis dtg?","https://web.facebook.com/photo/?fbid=906754882064888&set=a.112751501465234","88","208","318","-1","NaN"
"298","Tien Kumalasari","2026-07-13T15:41:00.000Z","AKU BUKAN DIA  39(Tien Kumalasari)Bu Marti terus menggandeng Nadia, diajaknya masuk. Nadia masih terus mengamati orang yang menurutnya seperti  Nisa. Di dalam banyak perempuan menggendong anaknya di sebuah antrian. Ternyata hari itu adalah hari untuk vaksinasi.“Apa aku salah lihat ya? Rasanya tak mungkin itu Nisa, tapi mirip sih,” kaya batin Nadia.Ia terus melihat ke arah samping, di mana wanita tadi sudah berbaur dengan yang lainnya.“Nadia, kamu sedang melihat apa?” taya bu Marti yang terus menarik tangan Nadia.“Tidak apa-apa Bu, melihat seseorang, sepertinya saya kenal, tapi pastinya bukan.”“Daftar dulu di sana, ini tempat ruang anak-anak sedang vaksinasi.”“Iya Bu.”Walau mengikuti langkah bu Marti, Nadia berkali-kali menoleh ke belakang. Sepertinya ia tak yakin pada apa yang dilihatnya, karena orang yang dikiranya Nisa, pastinya sedang ada di rumahnya. Walaupun anaknya harus di vaksin, pastilah bukan di sini, dan pasti juga suaminya akan mengantarkannya. Mengingat hal itu, hati Nadia kembali dirundung kesedihan.“Kamu duduk dulu di situ, biar aku yang daftar.”“Biar saya sendiri saja yang daftar Bu, masa ibu.”“Sudahlah, jangan membantah, ibu itu mengkhawatirkan kandungan kamu itu. Kamu tampak lelah dan pucat.Nadia terpaksa menurut, duduk di kursi tunggu sambil terus memikirkan perempuan yang tadi dilihatnya.“Sangat mirip, tapi kok sepertinya tidak mungkin. Atau karena hatiku kacau karena perbuatan dia maka setiap kali melihat perempuan menggendong bayi aku selalu membayangkan bahwa itu adalah dia,” pikir Nadia.“Ayuk, mendekat ke sana, itu kan ruang praktek dokter kandungan. Untunglah tidak banyak yang periksa. Kita bisa segera masuk.Nadia terharu atas kebaikan bu Marti kepadanya. Barangkali karena kehilangan anaknya, maka dia menganggap dirinya sebagai penggantinya. Nadia berjanji bahwa dia akan selalu menganggap dia adalah ibunya.***Ketika dokter memintanya untuk dirawat, Nadia menolak. Dia berjanji akan benar-benar istirahat dan tidak sering-sering bangun untuk menjaga kandungannya.Ketika keluar, bu Marti memarahi Nadia yang tidak mau dirawat di rumah sakit.“Bu, Nadia tidak ingin merepotkan ibu lagi. Kalau di rumah kan ibu tidak perlu bolak balik ke rumah sakit. Mana mungkin ibu diam saja di rumah kalau Nadia  dirawat. Padahal sebenarnya tidak apa-apa Nadia sendirian.”“Bagi ibu yang penting kamu dan kandungan kamu sehat.”“Iya Bu, tapi nggak apa-apa kok, kalau istirahat di rumah saja. Nadia pasti akan patuh pada nasehat dokternya.”“Ya sudah, kamu di sini dulu, ibu akan mengambil obatnya. Pasien umum juga banyak, harus sabar ya. Duduk saja di sini, jangan ke mana-mana,” kata bu Marti sambil menyuruh Nadia duduk menunggu.Nadia mengamati ke arah keluar. Antrian vaksinasi masih banyak. Tangisan anak kecil terdengar bersahutan.Nadia kembali teringat kepada anaknya. Ada tangis yang mirip Lintang, hati Nadia kembali seperti ditusuk duri.***Ketika menunggu itu Luki menelpon.“Mbak Nadia sudah periksa? Atau masih ngantre?”“Sudah selesai Luk, lagi nungguin obatnya.”“Maaf sekali Mbak, Luki harus mengajar.”“Nggak apa-apa, mengapa harus minta maaf? Mestinya aku yang harus minta maaf karena selalu merepotkan kamu.”“Siapa yang repot, saya tidak merasa direpotkan.”“Kamu selalu baik kepadaku, Luki. Terima kasih banyak.”“Mbak Nadia ada-ada saja. Oh ya Mbak, bolehkah saya minta alamat rumah Mbak? Maksud saya, alamat rumah suami Mbak.”“Untuk apa kamu mau tahu alamatnya?”“Saya kan kebetulan ada di kota, jadi saya mau sekalian mampir untuk bicara.”“Bicara tentang apa? Tidak usah Luki, biarkan saja.”“Tidak bisa Mbak, sepertinya saya dituduh ada hubungan dengan Mbak, saya harus menjelaskan semuanya. Sepertinya dia mengancam saya kemarin.”“Kalau kamu ketemu dia, nanti malah jadi rame. Suami aku tuh orangnya sabar, tapi kalau marah menakutkan. Tidak usah saja Luki.”“Tapi saya harus menjelaskan yang sebenarnya Mbak.”Tunggu beberapa waktu lagi, kalau suasana sudah adem. Saat ini dia pasti masih marah. Nanti kalau kamu pulang kita bicara lagi.Nadia menutup pembicaraan itu, karena dia kembali melihat Nisa. Dan tampaknya Nisa juga melihatnya, bahkan sedang berjalan mendekatinya.“Bu Nadia ya?”***Besok lagi ya.#pengikut#jangkauanluas","https://web.facebook.com/tien.kumalasari/posts/pfbid02KquFqL8AZ33HrQvfFqJHUrPo2TB81YaRhNLRoLZ83bhznZzegbbEANTXggjaK3PGl","54","2","71","-1","NaN"
"299","Gresspedia Gresik","","Wakapolda Jawa Timur Tinjau Vaksinasi Anak di SDN 51 Gresik… Lihat selengkapnya","https://web.facebook.com/photo/?fbid=1299809027203179&set=a.410208024460841","0","2","13","-1","NaN"
"300","Ida Royani","","Lg booming banget masalah vaksinasi anak ,aku pernah diskusi sama dsa anakku, beliau pun berpendapat bahwa vaksin itu bukan hal mutlak, tapi sebuah pilihan. Memang dokter juga menyarankan karena ada beberapa yg memang gak boleh di lewatkan .Nah, Mencegah penularan CAMPAK Buat Om,Tante,Pakde,Bude,nenek ,kakek ,sepupu2… Lihat selengkapnya","","0","0","31","-1","NaN"
"301","Peserta anonim","","AssalamualaikumAnak Kami mengidap PJB (Penyakit Jantung Bawaan) Bising saat di stetoskop di Dokter Anak (DSA)BB Seret, BBL 2.8 Usia 3 Bulan Hanya Naik 150gram… Lihat selengkapnya","","0","0","5","-1","NaN"
"302","Gresspedia Gresik","","Kapolres Gresik Tinjau Vaksinasi Anak Serentak di SDN Bedilan 2 Gresik … Lihat selengkapnya","https://web.facebook.com/photo/?fbid=1303022416881840&set=a.410208024460841","0","1","13","-1","NaN"
"303","Klinik Muhammadiyah Kedungadem","","JADWAL VAKSINASI ANAK Ayah Bunda, jangan sampai terlewat ya! Vaksinasi merupakan langkah penting untuk melindungi buah hati dari berbagai penyakit berbahaya dan membantu tumbuh kembangnya tetap optimal. Jadwal Vaksinasi AnakSilakan cek jadwal dan pastikan si kecil mendapatkan imunisasi sesuai usianya. Vaksin aman dan terjamin Ditangani tenaga kesehatan profesional Pelayanan nyaman dan ramah anak Konsultasi sebelum vaksinasi Reservasi terlebih dahulu untuk mempermudah pelayanan dan menghindari antrean. Klinik Muhammadiyah Kedungadem""Melayani Semangat Keluarga""Karena mencegah lebih baik daripada mengobati. Yuk, lengkapi imunisasi si kecil demi masa depan yang lebih sehat! #VaksinasiAnak #ImunisasiAnak #KlinikMuhammadiyahKedungadem #AnakSehat #TumbuhKembangAnak #melayanisehangatkeluarga","https://web.facebook.com/klinikmuhkdm/posts/pfbid0LJ7YcRoLdhd8KGqyHPx5yLaNwsbEYt3VMxZUwNy8cmZkgHJsKerxtcDn5mesnh9Hl","20","0","12","-1","NaN"
"304","Pak Ali Udin","2025-06-28T14:25:00.000Z","Jepang Mengakhiri Wajib Vaksinasi Anak, Kematian Bayi Mendadak, dan 'Menghilang'-----Gimana tuh Pak Ali Udin Jepang udah Menghapuskan Wajib Vaksin Buat Bayi.. … Lihat selengkapnya","https://web.facebook.com/photo/?fbid=708409978620733&set=a.101256392669431","96","128","426","-1","NaN"
"305","Humas Polres Sukoharjo","2022-01-17T07:07:00.000Z","Anak Hebat Berani Vaksin,… Lihat selengkapnya","https://web.facebook.com/photo/?fbid=224048019918400&set=a.153907850265751","1","0","16","-1","NaN"
"306","Gibran Rakabuming","2022-01-03T22:46:00.000Z","Meninjau vaksinasi anak usia TK sebanyak 115 dosis di Puskesmas Pembantu Makam Cilik UPTD Puskesmas Jayengan. Saya turut bagikan susu, buku gambar dan doorprize pada anak-anak. Seneng, mereka antusias. Target Pemkot Solo vaksin anak ini selesai maksimal hingga Februari.","https://web.facebook.com/GibranRakabuming/videos/1545970065775805/","0","0","0","-1","NaN"
"307","Humas Polres Sukoharjo","2021-12-31T01:07:00.000Z","Sukseskan Vaksinasi AnakPolres Sukoharjo Jemput Anak - Anak Difabel untuk Vaksin.… Lihat selengkapnya","https://web.facebook.com/100069396091560/videos/586199332478773/","0","0","0","-1","NaN"
"308","Awaluddin Awaluddin","2026-05-02T10:13:00.000Z","Vaksinasi Anak: Investasi Kesehatan Seumur Hidup… Lihat selengkapnya","https://web.facebook.com/photo/?fbid=896655940073707&set=a.138031425936166","1","45","18","-1","NaN"
"309","Desy Kitty Indriyani","","Jadwal Vaksinasi anak  … Lihat selengkapnya","https://web.facebook.com/photo/?fbid=2199057364168529&set=a.551407828933499","0","0","12","-1","NaN"
"310","Nakes.ID - Nakes Indonesia","2025-10-22T05:41:00.000Z","Jadwal Vaksinasi Anak Sesuai Rekomendasi IDAI Biar tumbuh sehat dan terlindungi dari penyakit berbahaya, jangan lupa lengkapi imunisasi si kecil sesuai jadwal ya, Bunda & Ayah serta Nakes!  Mulai dari lahir sampai remaja, setiap vaksin punya waktunya masing-masing.Yuk, cek ulang kartu imunisasi anakmu — jangan sampai ada yang terlewat! #VaksinAnak #EdukasiKesehatan #NakesID #IDAI #ImunisasiLengkap #CegahLebihBaikDaripadaMengobati #NakesBijak @penggemar berat","https://web.facebook.com/medianakes/posts/pfbid02qYajdSxEVWzosMu359QuBSofxrMoVgTFfKMiZJpGnSNvWadHVP9sU4NoFWfDc841l","52","424","315","-1","NaN"
"311","Klinik Rawat Inap Aida","","Vaksinasi Anak di Klinik Rawat Inap AIDA","https://web.facebook.com/photo/?fbid=2064336988296232&set=a.119845682745382","0","0","2","-1","NaN"
"312","imuni - Vaksinasi di Rumah","","Pastikan Vaksinasi Anak LENGKAP!Apa saja vaksinnya? Ada di slide 1. Bagaimana cara mengikuti jadwalnya dengan mudah sesuai dengan usia anak? Ada di slide 2 & 3. Sumber: Jadwal Imunisasi Anak Usia 0-18 Tahun, Rekomendasi Ikatan Dokter Anak Indonesia (IDAI) – ada di slide 4.— Pendaftaran, price list & konsul dengan dokter (gratis) → klik link di bioSetiap pendaftaran vaksinasi akan dilanjutkan dengan konsultasi dokter.","https://web.facebook.com/imuni.id/posts/pfbid0ES9CWHfpn1eGfJNfE2Z1D69Jn6K1Sg57oj7cd1onLsJGSrfwiDoH5rZ6x3vK8RPPl","20","0","12","-1","NaN"
"313","Khoirul Inayah","","VAKSINASI ANAK KUCING","https://web.facebook.com/reel/25317618857854527/","0","0","0","-1","NaN"
"314","RS Keluarga Sehat Tayu","2026-05-13T11:31:00.000Z","Salam Keluarga Sehat...𝗞𝗟𝗜𝗡𝗜𝗞 𝗩𝗔𝗞𝗦𝗜𝗡𝗔𝗦𝗜 𝗔𝗡𝗔𝗞 𝗥𝗦 𝗞𝗘𝗟𝗨𝗔𝗥𝗚𝗔 𝗦𝗘𝗛𝗔𝗧 𝗧𝗔𝗬𝗨 Pemberian vaksin pada anak merupakan salah satu investasi kesehatan yang berdampak jangka panjang. Anak diberikan vaksin untuk membantu mencegah atau menurunkan risiko infeksi atau pada penyakit tertentu sehingga akan meminimalisir angka kejadian kesakitan dan komplikasi.𝑻𝒖𝒃𝒖𝒉 𝑺𝒆𝒉𝒂𝒕 𝒅𝒆𝒏𝒈𝒂𝒏 𝑽𝒂𝒌𝒔𝒊𝒏𝒂𝒔𝒊 𝒚𝒂𝒏𝒈 𝑻𝒆𝒑𝒂𝒕!Bagi Sobat Sehat anak-anak yang hendak melakukan vaksinasi dapat dilayani bersama dokter spesialis anak di :Red Carpet Service (RCS) RS Keluarga Sehat Tayu.Informasi lebih lanjut :0895 1477 7111#VaksinAnak #SpesialisAnak#VaksinasiPenting #Vaksinasi #KSHTayu","https://web.facebook.com/rskeluargasehat.tayu/posts/pfbid0co1gkCnd1Dt3HemzEjdsthJHCWWc9R9HJjFymGpDhcCXqxA7tYWFLu9UahLEHW4Gl","20","403","481","-1","NaN"
"315","Salma Kamaruddin","","Vaksinasi anak adalah pemberian vaksin untuk membentuk kekebalan tubuh anak terhadap penyakit menular berbahaya.Tujuannya:  Melindungi anak dari penyakit berat, cacat, dan kematian akibat infeksi  Membentuk kekebalan kelompok biar penyakit susah nyebar di masyarakat  Jadwal imunisasi rutin nasional:0 bulan: Hepatitis B01 bulan : BCG, Polio tetes 12 bulan: DPT-HB-Hib 1, PCV 1, Polio tetes 2, Rotavirus 13 bulan: DPT-HB-Hib 2, PCV 2, Polio tetes 3, Rotavirus 24 bulan: DPT-HB-Hib 3, Polio tetes 4, Rotavirus 3, IPV 19 bulan: Campak Rubella/MR 1, IPV 212 bulan: PCV 318 bulan: DPT-HB-Hib lanjutan, Campak Rubella/MR 2Kelas 1 SD: DT, Campak Rubella/MRKelas 2 SD:TdKelas 5 SD:Td, HPV 1 Kelas 6 SD HPV 2Vaksin tambahan yang dianjurkan IDAI tapi belum masuk program nasional:  Influenza, Varisela/cacar air, Hepatitis A, JE, Dengue, Tifoid. Ini bisa didapat di dokter anak dengan biaya mandiri.Kalau telat gimana?  Masih bisa dikejar. Namanya imunisasi kejar. Dokter akan buatkan jadwal khusus sesuai umur anak. Prinsipnya: lebih baik telat daripada tidak sama sekali.Yang penting diingat:  * Bawa buku KIA/buku imunisasi tiap vaksin  * Tunda vaksin kalau anak demam >38°C* batuk pilek ringan boleh vaksin * Habis suntik tunggu 30 menit di tempat untuk pantau reaksi alergi#vaksinanak #vaksinpremiumanak #vaksinanakpalembang #imunisasianak #dokterspesialisanakpalembang","https://web.facebook.com/salma.kamaruddin.3/posts/pfbid02jMPbasdV5x8YXKotRtVX6HEXHmJx2RBUtK9T1TpLrbSFYARBX4gQFejux9k1wMVql","20","0","12","-1","NaN"
"316","Bandi R","2026-04-28T14:00:00.000Z","Menjawab pertanyaan mas Bandi R Vaksinasi anak ayam sangat krusial untuk mencegah penyakit seperti ND (tetelo), Gumboro, dan AI (flu burung), dengan jadwal utama dimulai umur 3 hari (tetes mata/hidung). Vaksin seperti ND Hitchner B1, ND-IB, dan Gumboro diberikan bergantian untuk membangun kekebalan, terutama saat anak ayam (DOC) berumur 0-6 bulan. Berikut panduan vaksinasi anak ayam:Jadwal Vaksinasi Umum:Umur 1-3 Hari: ND Hitchner B1 (tetes mata/hidung) dan IB.Umur 3 Hari (K1), 5 Hari (K2), 7 Hari (K3): Vaksin Avian Influenza (AI) injeksi/suntik.Umur 10-14 Hari: Vaksin Gumboro.Umur 18-21 Hari: Booster Gumboro atau ND Lasota.Umur 4-6 Minggu: ND Lasota dan IB. Jenis Vaksin & Metode Aplikasi:Tetes Mata/Hidung (ND B1/ND-IB): Efektif untuk anak ayam umur 1 hari agar vaksin langsung bekerja.Tusuk Sayap (Pox/Cacar): Biasanya dilakukan umur 4-10 minggu.Air Minum (ND Lasota/Gumboro): Dilakukan pada umur yang lebih besar (1-2 minggu ke atas). Tips Vaksinasi:Waktu: Lakukan pagi atau sore hari untuk mencegah stres pada ayam.Kondisi: Hanya vaksin ayam yang sehat.Persiapan: Puasakan minum selama 1-2 jam sebelum vaksinasi air minum.Penyimpanan: Pastikan vaksin disimpan di suhu dingin (kontainer es/kulkas) agar bakteri tidak mati. Jenis vaksin populer yang tersedia di pasar termasuk Medivac ND-IB, ND Hitchner B1, dan ND Lasota. #koncoternak","https://web.facebook.com/fhery.fitrianto/posts/pfbid02LiuM3DE1wPedhdjwduJkEZvEMsnVY6pB24f7qc3h2C5V7Qc2g67aekdn6bTXw1HTl","64","68","106","-1","NaN"
"317","Meitha Togas","","Cacar Air pada Anak: Kenali & Rawat dengan TepatCacar air (varicella) itu penyakit yang sangat menular. Bintik merah berisi cairan muncul di seluruh tubuh, bikin anak gatal dan nggak nyaman. Biasanya sembuh sendiri dalam 1-2 minggu, tapi tetap perlu perawatan yang benar.Gejala yang muncul:• Demam ringan• Ruam merah → berair → kering jadi keropeng• Gatal, anak jadi rewelCara penularannya:Lewat kontak langsung sama penderita, udara (bersin/batuk), atau sentuh benda yang terkontaminasi.Yang bisa dilakukan di rumah: Banyak minum & istirahat Jangan digaruk biar nggak infeksi Kompres dingin buat kurangi gatalKapan harus ke dokter?Kalau demam tinggi >39°C, ruam bernanah/menyebar cepat, atau anak terlihat sangat lemas.Pencegahan terbaik? Vaksinasi varicella sesuai jadwal! @rsiacahayasangatta 0851-0050-2490 rsiacahayasangatta.com#CacarAir #VaricellaZoster #KesehatanAnak #VaksinasiAnak #RSIACahayaSangatta MelayaniSepenuhHati","https://web.facebook.com/meitha.togas/posts/pfbid02DwrataJ2u9JxmgddFEjZjg62GFi6HQr3VBn3VR4am45UfNPBNNZTo1ue21QSetJdl","20","0","12","-1","NaN"
"318","Ruangvaksin Ruangvaksin","","JADWAL IMUNISASI ANAK USIA 24 BULAN B… Lihat selengkapnya","https://web.facebook.com/photo/?fbid=1274791848130829&set=a.133041448972547","0","0","1","-1","NaN"
"319","Yovita Luruk","","Hari ini saya mendampingi anak  yang berusia 8 tahun untuk mendapatkan vaksinasi rabies setelah digigit anjing, karena saya ingin memberikan perlindungan optimal dan memberdayakan dia untuk hidup sehat dan ceria.#Salamsehat#BebasdariVirusRabies","https://web.facebook.com/yovita.luruk.172537/posts/pfbid02bqRVzb65CLHYNaDuhHKFRhcg7oCBsihUKvBJ8xbhLnDL8wMsRCi8uapDs4NFX8i9l","20","0","13","-1","NaN"
"320","Princes Vitha","2025-08-29T03:17:00.000Z","Nemenin Anak Lanang Vaksinasi .  Alhamdulillah aman, gak ada drama nangis2 nya. Awal nya pada gak mau di suntik, kata nya takut. Pas giliran eh malah banyak bicara sama petugas Nakes nya, “oh ternyata ndak sakit”Imbuh nyaAnak Hebat  #VaksinasiAnak#BIAS2025#fotofbpro#semuaorangツ#jangkuanluas#fyp","https://web.facebook.com/princes.vitha/posts/pfbid02ioW1ohFJ19Lcdsxj6dzoWhTAB5Fs1ze9sPJdtJ8F3sgmSJqAs5xrzQrNZN352UHHl","54","0","22","-1","NaN"
"321","Dunia SAPI","2026-06-14T00:31:00.000Z","Vaksinasi brucellosis pada sapi merupakan langkah krusial untuk mencegah penyakit keluron menular (aborsi) yang disebabkan oleh bakteri Brucella abortus.  … Lihat selengkapnya","https://web.facebook.com/photo/?fbid=122203947026430118&set=a.122111656892430118","1","1","2","-1","NaN"
"322","Bangga Surabaya","2021-12-14T12:54:00.000Z","Vaksinasi Covid-19 untuk anak usia 6-11 tahun di Surabaya akan dimulai tanggal 15 Desember besok serentak di 126 sekolah. Vaksinasi ini bagian dari upaya percepatan kekebalan komunal, sekaligus pemantapan menyambut pembelajaran tatap muka bagi para siswa SD. Yuk simak infografis berikut untuk tahu lebih detail. Ayo rek sukseskan vaksinasi anak di Surabaya. Nah, siapa nih yang besok berangkat nganter anak atau adeknya untuk vaksinasi? . #Vaksinasi #LawanCovid19 #Covid19 #SehatSurabayaku #VaksinasiAnak #BanggaSurabaya","https://web.facebook.com/HumasPemkotSurabaya/posts/pfbid02GSZP77KQzBi2zE7EdPH1jN9xXcHXji2uDinCCigct82mJjDnFvZJRHSrztoqC6Ksl","20","9","64","-1","NaN"
"323","kumparan","2025-11-12T05:39:00.000Z","UNICEF mengungkap bahwa Israel melarang masuknya jarum suntik vaksinasi anak dan botol susu bayi ke Gaza, meski kebutuhan terhadap barang-barang itu sangat mendesak. Larangan ini, kata UNICEF pada Selasa (12/11), membuat distribusi bantuan kemanusiaan dan pelaksanaan program vaksinasi massal di Gaza menjadi terhambat, meski kini sedang berlangsung masa gencatan senjata antara Israel dan Hamas.UNICEF menyebut pihaknya telah mengajukan izin sejak Agustus untuk mengirimkan 1,6 juta jarum suntik serta lemari es bertenaga surya guna menyimpan vaksin. Namun, barang-barang tersebut dianggap “barang dwiguna” oleh Israel, yakni kategori barang yang bisa digunakan untuk tujuan sipil maupun militer, sehingga memerlukan pemeriksaan ekstra ketat.Sementara itu, Otoritas Militer Israel (COGAT) membantah telah melarang masuk jarum suntik atau lemari es, namun mengakui adanya proses pemeriksaan yang ketat terhadap barang-barang yang berpotensi disalahgunakan oleh kelompok militan Palestina. UNICEF menegaskan, keterlambatan izin masuk ini dapat berdampak serius terhadap kesehatan anak-anak dan bayi di Gaza.: Dok. AFP.Follow WhatsApp Channel kumparan untuk dapat Informasi terpercaya dikirim langsung ke WhatsApp kamu. Ketik kum.pr/WAchannel di browser kamu sekarang, agar bisa share informasi tanpa ragu.#newsupdate #update #news #oneliner #gaza #israel #palestina #UNICEF #konflikgaza #info #beritaterkini #berita #infoterkini #bicarafaktalewatberita #kumparan","https://web.facebook.com/kumparancom/posts/pfbid02hREN1Vsqos4bidYoixwwfoWH8MV8dGLKU8m7FPrA2JqYSGLydb9fWBETPtHc6g34l","826","1700","7300","-1","NaN"
"324","Peduli Hati Bangsa","","Bersama Melindungi Anak dari Hepatitis B!… Lihat selengkapnya","https://web.facebook.com/photo/?fbid=1087313130083665&set=pcb.1087316983416613","0","0","0","-1","NaN"
"325","Manah","","Imunisasi campak adalah vaksinasi aman dan efektif untuk melindungi anak dari infeksi virus campak, sering diberikan dalam bentuk kombinasi MR (Measles-Rubella) atau MM… Lihat selengkapnya","https://web.facebook.com/photo/?fbid=25925288677144150&set=a.133153793450992","0","1","10","-1","NaN"
"326","Ambarwati","2026-07-08T09:49:00.000Z","Mmg byk kasus kematian balita akibat KIPI VAKSIN","https://web.facebook.com/photo/?fbid=1054931743601615&set=pcb.1054932093601580","1","0","7","-1","NaN"
"327","Ry Pradana","","A5 apa dapat rhombeus","","0","0","3","-1","NaN"
"328","Ambarwati","2026-02-16T08:08:00.000Z","Ini jg membntu open mind bgt ttg kesehatan","https://web.facebook.com/photo/?fbid=122206616216299940&set=a.122101425980299940","176","80","506","-1","NaN"
"329","Rival Fransisco","","Pengen serralmus atau piranha apapun selain rbpPengen serralmus atau piranha apapun selain rbp","","0","0","11","-1","NaN"
"330","Bima Sena","","info rhombeus kecilyg bisa kirim""info rhombeus kecilyg bisa kirim""","","0","0","9","-1","NaN"
"331","Steffen Christian","","Beli rff partai kemasukan piranha, kira2 jenis apa ya inii wkwkkw sudah memakan korban rff ekornya hilang","https://web.facebook.com/photo/?fbid=37503055762612918&set=pcb.1530129882191437","0","0","0","-1","NaN"
"332","Mangjero","","Maaf mau tanya..size maksimal RBP yang pernah dikeep para suhu  sampai size berapa ya..","","0","0","2","-1","NaN"
"333","Mastiur Butar Butar","","Di tonton ya para ibu ibu.. Biar semakin pahamVaksin HPV itu di tolak di Eropa dan Amerika.. Di Indonesia malah mau di harus kan.. Gimana konsep nya ini","https://web.facebook.com/reel/34127899443523278/","0","0","0","-1","NaN"
"334","Kok Koax Tengkoaxx","2026-06-21T14:18:00.000Z","ijin absen om om semua,panjang 15cm+++","https://web.facebook.com/kok.koax.tengkoaxx/videos/1633508484419437/?idorvanity=398908885313548","0","0","0","-1","NaN"
"335","SilverChestnut1834","","bajet 3jt dapet kayak gimanabajet 3jt dapet kayak gimana","","0","0","2","-1","NaN"
"336","Efendi Nando","","Izin nanya om. Punya tank 100*40*40 Bisa pelihara brp ekor rbp ya maximal nya? Agar tidak pindah2 tank lgi. Dan apakah RBP bisa gigit kabel?Thanks yg uda jawab","","0","0","4","-1","NaN"
"337","Yoga Ananda","2026-06-29T07:48:00.000Z","Izin tanya bara suhuCara progres rbp gimana ya?Siapa tau tahun depan bisa ikut kontes","https://web.facebook.com/yoga.ananda4698/videos/1359807029444956/?idorvanity=398908885313548","0","0","0","-1","NaN"
"338","Ivan Cool","2026-07-14T07:33:00.000Z","Rbp jumbo 30cmBody tebelLokasi dadap kosambi tangerangGak bs krmBawa tempat sendiri  Lihat selengkapnya","https://web.facebook.com/ivan.cool.524/videos/1324113143267550/?idorvanity=398908885313548","0","0","0","-1","NaN"
"339","Ryan Putra","","Mau tanya kalau manueli di bawah size 10cmDana berapa ya?","","0","0","2","-1","NaN"
"340","#rhombeus","2026-06-22T02:47:00.000Z","Asli merasa aneh sama orang yang jual ikan tapi tolak ukurnya jari... Saya hanya mau bilang jadi manusia punya akal knapa tolak ukur malah jari kenapa bukan cm... Ok katakanlah tolak ukur jari orang dewasa, tapi ukuran jari orang dewasa itu beda2 ga sama semua... Apalagi misalkan orang dewasanya seperti daus mini atau Ucok baba...#rhombeus","https://web.facebook.com/photo/?fbid=4067194943579892&set=gm.1519444516593307&idorvanity=398908885313548","33","0","48","-1","NaN"
"341","Peserta anonim","","Pengen keep Sanchezi minimal siapin dana berapa ya?Pengen keep Sanchezi minimal siapin dana berapa ya?","","0","0","5","-1","NaN"
"342","Abdul Kodir Jaelani","2026-07-11T13:02:00.000Z","Share baby peru dari Bhuwana Aquatix","https://web.facebook.com/adhoelcoconuttreez.rastafaraslaluuyye/videos/1032048809795780/?idorvanity=398908885313548","0","0","0","-1","NaN"
"343","M Ramly","","Yang mau bikin rbp berotot, nihh ada bahan tingal push, makan pada rakus lele potong, murah aja take all 3 ekor, siap kirim rekber on","https://web.facebook.com/photo/?fbid=1778334203178481&set=pcb.1538202941384131","0","0","0","-1","NaN"
"344","Fadzri Harsya","2026-06-09T03:34:00.000Z","tiba-tiba banget di bales setelah sekian lama, mana begitu balesannya, langsung di block pula","https://web.facebook.com/photo/?fbid=122295997538031421&set=pcb.1508255787712180","1","0","0","-1","NaN"
"345","0:00 / 0:03","","Cek id dong para suhu ini rombeus apa","https://web.facebook.com/61576569512869/videos/pcb.1517130276824731/862096383617435","0","0","0","-1","NaN"
"346","Abu Dzarrin","","mau nanya gimana cara ngelatih mental ikan serasalmus biar engak takut takutan sama kagetanmau nanya gimana cara ngelatih mental ikan serasalmus biar engak takut takutan sama kagetan","","0","0","6","-1","NaN"
"347","0:00 / 0:30","","Ternyata Ikan ini doyan Ulat Hongkong juga yaaa...","https://web.facebook.com/100002078449734/videos/pcb.1533010878570004/1505284517489946","0","0","0","-1","NaN"
"348","Fikri Ibadurrohman","2026-07-07T23:56:00.000Z","RBP ada 6 ekor ukuran 5 jari, kli ada yg mau nerusin ngurus ambil aja ke rumah gratis ikannya saja, klo filter dan aquariumnya bayarin jg boleh....","https://web.facebook.com/photo/?fbid=3413188535525778&set=gm.1533272928543799&idorvanity=398908885313548","11","0","7","-1","NaN"
"349","Andi Qunthil","2026-07-14T02:08:00.000Z","Selamat pagi selamat beraktivitas sodaraku....","https://web.facebook.com/andi.qunthil.2025/videos/2038182760145370/?idorvanity=398908885313548","0","0","0","-1","NaN"
"350","Muchammad Ikhsan","2026-07-04T13:13:00.000Z","ini rbp bukan ya?sama untuk size segini kasih makan apa?… Lihat selengkapnya","https://web.facebook.com/iqkxszhandtth.outvenged/videos/1689866558979712/?idorvanity=398908885313548","0","0","0","-1","NaN"
"351","Kerismon Putra","2026-07-14T07:39:00.000Z","Maculatus x Sanchezi","https://web.facebook.com/kerismon.putra/videos/1747441672927367/?idorvanity=398908885313548","0","0","0","-1","NaN"
"352","Yhus Ryda Azmy","2026-06-16T02:08:00.000Z","Tiap hri berantem trus","https://web.facebook.com/yhus.ryda.azmy/videos/1675408363737073/?idorvanity=398908885313548","0","0","0","-1","NaN"
"353","Dikril Alpariqhi","2026-06-16T11:12:00.000Z","Izin absen pygocentrus piraya baby ..di kasi kesempatan buat keep jenis pygocentrus impian","https://web.facebook.com/photo/?fbid=2848538302167091&set=gm.1514654323738993&idorvanity=398908885313548","17","0","31","-1","NaN"
"354","Dwi Rama","2026-03-08T07:10:00.000Z","PIN CAMPAK1. download APLIKASI ChatGPT di google play atau app store2. daftar atau masuk menggunakan akun email anda3. masuk ke aplikasi dan klik Tanda + pada aplikasi chatGPT pilih foto yang kalian mau edit4. masukan teksCreate a high resolution square baby button badge design (1:1 ratio, 2048x2048px, 300dpi) for print. Use the uploaded baby photo as the main subject Keep the baby's original face and natural expression (do not change identity). If needed, adjust the hands into a praying gesture (A) naturally and proportionally. Remove original background and replace with pastel mint green gradient background with soft sparkles. Add cute baby-themed illustrations around the baby: teddy bear, baby bottle, pacifier, stars, hearts, and a small germ icon with a red prohibition sign. Use rounded, playful bubble typography in Indonesian text: ""Mohon Maaf Om, Tante Jangan cium (nama adeknya) dulu yaa Biar (nama adeknya) tetap sehat & terhindar dari Campak"" Layout should be circular badge style with soft white outline border. Cute, pastel, kawaii, soft lighting, clean composition, high detail, print-ready, sticker style.5. simpan foto dan selesai!!Terimakasih.#fyp #campak","https://web.facebook.com/dwi.faiz.31337/posts/pfbid02raYCniJWAcdFLuEUwwakgBDJbTkGe7pdoEnR34L1rKk7wVpYfcwyEtAUAFD38H2Xl","157","72","298","-1","NaN"
"355","Novi Durriyatul L","","Membuat ini sebetulnya sangat menimbulkan PRO dan KONTRA !!!… Lihat selengkapnya","https://web.facebook.com/photo/?fbid=3534666013356792&set=a.677657525724336","0","0","4","-1","NaN"
"356","Novia Eka Wati","2026-04-26T16:02:00.000Z","Kegiatan imunisasi balita dalam rangka PIN Campak utk balita usia 9 bln - 59 blnDi desa Pegadingan Banyak orang tua gen z yg sadar akan imunisasi utk anaknya","https://web.facebook.com/groups/2877815312391798/posts/3337108259795832/","20","0","12","-1","NaN"
"357","Dera Ranggawarsita","","Meredam  Anti VaksinOleh : dr. Badrul Munir SpS(Dokter spesialis saraf/Dosen Neurologi FK Univ Brawijaya Malang)Pekan   Imunisasi   Nasional   (PIN)   campak   dan   rubella   yang   digagas   pemerintah   berpotensi mengalami kegagalan, hal ini dikarenakan banyak kelompok masyarakat yang menolak memvaksin anaknya, dan lebih dari itu mereka juga berkampanye mengajak orang lain untuk menolak vaksin melalui  media sosial.… Lihat selengkapnya","","0","0","22","-1","NaN"
"358","Rostika Yati","","PIN campak .. terima kasih ibu bidan Rostika Yati biar yayang Ratuna Galuh Prameswari tambah sehat,aktif dan bertumbuh.#sorotan #PIN #posyandu","https://web.facebook.com/dea.sri.5686/posts/pfbid0z5Qy9iv8XahN2VxJ7QARcvzB7FSmG6rLsBTkSkfhuj9jZJCd8nUmCMwcoNBuJE6ul","20","0","31","-1","NaN"
"359","Pin Kampak's","","Butuh pengikut, yang follow langsung follback, no tipu tipuButuh pengikut, yang follow langsung follback, no tipu tipu","","0","0","10","-1","NaN"
"360","Rudolf Bala","2024-07-24T11:47:00.000Z","Premannya SDI Lolok.... #pin #campak","https://web.facebook.com/rudolf.ladoangin/posts/pfbid02ixTPm5ViHidcMvzsXhcKY6AjyGDoK4GoLqNgvuRauKXhCHfkMMEuLuCfUds4pbH9l","20","0","23","-1","NaN"
"361","TkPgri NolLima Ambulu","2025-10-06T03:24:00.000Z","Sosialisasi PIN Campak di TkPgri NolLima Ambulu","https://web.facebook.com/photo/?fbid=24579254861759029&set=a.252695928174928","5","0","19","-1","NaN"
"362","Winda Yunita","","PIN CAMPAK… Lihat selengkapnya","https://web.facebook.com/photo/?fbid=3932695883693283&set=a.3394142904215253","0","0","4","-1","NaN"
"363","Nani S","","Bukan maksud sombong sih, ini ikhtiar kita menjaga sikecil di hari raya nanti.. Mengingat  musim penyakit yang sedang ramai, pin ini jadi cara halus Bunda  untuk mengingatkan pentingnya menjaga jarak fisik dengan bayi kita..​Lebih baik Mencegah daripada mengobati.. Cukup sematkan di gendongan atau pakaian,pin ini Bisa pakai foto anak Bunda yang paling ekspresif biar makin unik! ada bentuk bulat dan kotak ya bund.. pemesanan via wa.me/62895329737755​#PersiapanLebaran2026​#pincampak​#MudikAmanBayi​#SilaturahmiSehat​#JanganCiumBayiSembarangan​#ProteksiBayiLebaran​#PinCustomLebaran​#WaspadaCampakLebaran","https://web.facebook.com/Naniprintama/posts/pfbid02Wkmtd2TEJ2md5ExLpgViC2AcXR2uKPA1UDPwLdRCYn5QZjvdqygGevmR7m3E9wJ6l","20","0","12","-1","NaN"
"364","Luphita Cemot","","PIN CAMPAK ORI… Lihat selengkapnya","https://web.facebook.com/photo/?fbid=826634436426614&set=pcb.826635073093217","0","0","0","-1","NaN"
"365","TkPgri NolLima Ambulu","","PIN CAMPAK KELOMPOK B TkPgri NolLima Ambulu","https://web.facebook.com/photo/?fbid=24653395451011636&set=pcb.24653408111010370","0","0","0","-1","NaN"
"366","TkPgri NolLima Ambulu","","PIN CAMPAK KELOMPOK A TkPgri NolLima Ambulu","https://web.facebook.com/photo/?fbid=24653444261006755&set=pcb.24653456811005500","0","0","0","-1","NaN"
"367","Pin Kampak's","","Pagi2 Dapet kiriman paket.. Buat Kakak Terganteng Pin Kampak's @sorotan Terimakasih Orang Baik, semoga usahanya lancar terus..","https://web.facebook.com/reel/879985204400616/","0","0","0","-1","NaN"
"368","Khoiru Nisa Kedaimimikkene","","Sebentar lagi lebaran bikin pin kaya gini berguna banget untuk bby, bukan sombong atau sok tapi lagi musim campak ibu2 harus jaga anak lebih ketat.","https://web.facebook.com/photo/?fbid=1472351404505904&set=pcb.1472352034505841","0","0","0","-1","NaN"
"369","Diana Ditatz","","Mari menyambut anggota baru kita:Bagas AL,Pin Kampak's,Bang Ibba,Arif Putra Pangkep,… Lihat selengkapnya","","0","0","3","-1","NaN"
"370","Pin Kampak's","","gass maning brooooooo","https://web.facebook.com/photo/?fbid=3679101818898804&set=a.222632001212487","7","2","13","-1","NaN"
"371","Dorsiasi Minun","","Simpan di fb foto Alfia 5 th yl bersama bu GUB..ka dinkes prop dan kabid P2p dinkes prop..untuk poster pin campak..nggak pp cu nggak lolos foto nya karena menangis takut dgn jarum suntik...untuk kenangan ...","https://web.facebook.com/dorsiasi.minun/posts/pfbid0PPSFjySBB3AodwHZi9Zksv6XnrXZmQGQgsN8RdXzPcNEgy1nXHME6tiLobYK9Ywdl","20","1","12","-1","NaN"
"372","SDXaverius Bandarlampung","","Jumat, 29 Agustus 2025.SD Xaverius 1 Bandarlampung mengadakan kegiatan PIN Imunisasi Campak (MR) untuk peserta didik kelas 1 dan Vaksinasi HPV untuk peserta didik putri kelas 5&6 di Perpustakaan Gedung Hellena.Kegiatan ini bertujuan untuk mencegah penyakit campak dan vaksin HPV diberikan kepada peserta didik perempuan untuk mencegah infeksi HPV yang dapat menyebabkan kanker serviks serta memberikan kekebalan terhadap virus HPV.Mari kita sukseskan Imunisasi Campak (MR) dan Vaksinasi HPV agar kelak anak-anak kita menjadi sehat.#ImunisasiCampak #VaksinHPV #salamCHYBK #EngkauBerhargadiMataku #SDXaverius1Bandarlampung #BergerakBerubahBerbuahBermakna #XAVETEKeren","https://web.facebook.com/sdxaverius.bandarlampung/posts/pfbid0GL1PcAw6iWnn5s2zNtf2sceLTHaK71k9nmXSZH4EGaNYug8rY6HJVYYo8w8MLM1cl","20","0","25","-1","NaN"
"373","Hikmah Fitriani","","Pin untuk baju adek nanti yg dipake pas lebaran Mohon maaf ya om tante bukannya mau sombong tapi mengingat angka peningkatan kasus campak yang terjadi dan sistem imuni… Lihat selengkapnya","https://web.facebook.com/photo/?fbid=2149855079201786&set=a.109869829866998","1","0","0","-1","NaN"
"374","#newmom","","Panas tinggi selama seminggu,keluar bintik merah di wajah,leher sama badan ternyata anakku kena campakpatah hati terberat seorang ibu adalah ketika anak sakit#newmom #campak #bayi","https://web.facebook.com/photo/?fbid=4404608389866428&set=pcb.4404608493199751","0","0","0","-1","NaN"
"375","Noviaty Nurinda","","Macam yg dialamin anak gadisku saat ini. Kalo dia campak bukan campak palsurewel nya masyaallah. Dua hari GK mau makan . GK mau susu","https://web.facebook.com/reel/1443923873323615/","0","0","0","-1","NaN"
"376","Uma A","","Pertanyaan saya simple saja. Apakah wabah campak masal setelah vaksin MMR masal atau sebeuml vaksin MMR masal? Jadi sudah paham anda endositosis?Jadi jangan maling teriak maling!!Pertanyaan saya simple saja. Apakah wabah campak masal setelah vaksin MMR masal atau sebeuml vaksin MMR masal? Jadi sudah paham anda endositosis?Jadi jangan maling teriak maling!!","","0","0","189","-1","NaN"
"377","Citra Maharani","","POV.pelunasan bantuan biaya penanganan wabah campak di desa sungsang IIIprogram ini dibiayai dari operasional Pemerintah Desa yang bersumber dari Dana Desa, atas kebijakan pemerintah desa sungsang III.kami segenap jajaran PEMERINTAH DESA SUNGSANG III mengucapkan terimakasih kepada Klinik Ar-Rahman (dr.bayumi), Praktek Dokter Mandra dan Puskesmas Sungsang Ba II atas tanggap cepat penanganan wabah campak untuk warga desa sungsang III yang tidak mampu yang tidak memiliki BPJS kesehatan sehingga wabah campak dapat ditekan semaksimal mungkin.kami himbau semoga kedepannya masyarakat lebih menjaga kesehatan dan kebersihan agar terciptanya masyarakat sehat dan pemerintahan yang bersih dan kuatsalam sehat dari kami segenap jajaran @pemerintah desa sungsang III","https://web.facebook.com/citramaharani.hareemmuhammad/posts/pfbid0UV4tzbW6GgskYzCPa6eorFNM8UHESHNYd3gqQhUvLjSczNiL3wY8qz49mwDs8PKql","20","2","94","-1","NaN"
"378","Devita Vieanda","","Hati"" we penyakit campak lagi musim kali dilingkungan dekat rumahku. Ini keadaan anakku setelah panas naik turun selama 6 hari dan di hari ke 7 keluar semua sebadan badan merah"".batuk sampai sesak karna yg diserang paru"" Jd infeksi.","https://web.facebook.com/reel/1286051863483653/","0","0","0","-1","NaN"
"379","Lodrik Naldo Bisay","","Katanya ada wabah campak di Indonesia.Peringkat kedua di dunia.Padahal yg SEBARKAN dong sendiriMemasukkan virus campak HIDUP lewat suntik vaksin yang DIPAKSA.… Lihat selengkapnya","","0","0","12","-1","NaN"
"380","Daisy Irawan","","Bogor sedang wabah campak. Sudah ada 1300an kasus. Tadi temanku yang punya klinik mengkonfirmasi juga, bahwa memang sedang wabah. Mestinya, pemerintah segera gerak cepat.  Sekolah2 yang ada anak yang kena campak segera diwajibkan belajar dari rumah selama 14 hari.Indonesia ini lalai mewajibkan vaksinasi+banyak sekali antivaks.  Akibatnya, virus yang berhasil lolos dan menginfeksi orang, berubah menjadi lebih ganas dan bisa menyebabk… Lihat selengkapnya","","0","0","3","-1","NaN"
"381","Ahmad Husain Fahasbu","","Maaf menyela di sela kesibukan anda berdebat: Saya dapat kabar konon di Sumenep ada Wabah Campak gara-gara banyak yang enggan vaksin. Apa benar?Maaf menyela di sela kesibukan anda berdebat: Saya dapat kabar konon di Sumenep ada Wabah Campak gara-gara banyak yang enggan vaksin. Apa benar?","","0","0","90","-1","NaN"
"382","Revi Susanti","2026-03-08T20:26:00.000Z","Maafkan la mulai skrng agak sensitif dgn wong klo nk megang apo lgi nyium anakku bkn masalah ck ke aengan dgn anak emng aeng. Karno skrng lgi marak wabah CAMPAK nah an… Lihat selengkapnya","https://web.facebook.com/photo/?fbid=1648228066204974&set=a.156797968681332","13","1900","502","-1","NaN"
"383","Pakdhe Indro","2026-03-11T07:57:00.000Z","WABAH KALIAN BUAT SENDIRIKatanya ada wabah campak di Indonesia.Peringkat kedua di dunia.Padahal yg SEBARKAN kalian juga.Memasukkan virus campak HIDUP lewat suntik vaksin yang DIPAKSA.Gak peduli kondisi anak sehat atau tidak, yang penting ikut TARGET SUNTIK PAKSA.Saat besoknya anak sakit demam & sebarkan VIRUS VAKSIN campak tinggal salahkan wabah dimana-mana.Padahal wabah virus hidup kalian BUAT SENDIRI lewat vaksin yg di SUNTIK PAKSA.","https://web.facebook.com/chooni.romadhony.1/posts/pfbid02zo8bM9xyaAGkHqckTvoN6RSbhauTRLhDCoLGdY4uTUeouF6wm7d9pD84pKxxB1WAl","278","307","1500","-1","NaN"
"384","Zilla Zella","2026-03-09T01:40:00.000Z","Saling mengingatkan pentingnya imunisasi Sekarang lagi wabah CAMPAK,waspada yang punya anak balitaHati2 ya buat yang ada bayi apalagi masih di bawah umur 9 bulan (belum imunisasi campak)Jangan dulu mencium cium bayi...Virus campak sudah menular 4 hari sebelum gejala munculDan masih menular 4 hari setelahnyaJadi seseorang bisa terlihat sehat saja tapi sebenarnya sudah menularkan virusSedia selalu Masker handsanitizer, tisu basah/disinfectan wipeTisu kering jika batuk/bersinHal hal kecil begini terlihat sepele, tapi bisa mengurangi resiko penularan...Semoga selalu dilindungi dan sehat selalu aamiin #campak #wabahcampak #imunisasilengkap","https://web.facebook.com/febyvanesa.vanesa/posts/pfbid02z3mtwThMAs5NRuZpekZ7wawjNBoNdaU4Xu3bbYuGcMuCp4QVf49zgm1eNTQ2izazl","35","1","33","-1","NaN"
"385","Ummi Rahmawati","2026-03-10T04:27:00.000Z","WABAH CAMPAK Sedang menjadi tranding topik akhir2 ini. Bagi yg punya anak kecil tetap harus waspada.Mari kita wujudkan Lebaran yg fitri nanti untuk saling menghargai masing2 kebijakan orang tua si anak dengan tidak memegang dan mencium tanpa izin","https://web.facebook.com/ummi.rahmawati.9/posts/pfbid028aPV8ZnoBwjVVKtHBz7yaDtN9YUr1wijm7V1tYkCV5bf9YY6RyuvCahgrhLYaKnWl","20","0","18","-1","NaN"
"386","Sri Erlania Karisma","","Innalillahi wainnaillaihi rojiunTelah meninggal anak umur 1,5 tahun akibat wabah CAMPAK yg melanda di kab.Dompu.Campak itu sangat menakutkan Kedua anak saya pun mengalaminya.yg kena pertama adalah adiknya,2 hari sakit saya bawa ke dokter sampe habis obat dokter pun panas nya nggak turun turun.tapi saya nekat utk mengganti obatnya dan alhamdulillah ada perubahan semakin hari semakin membaik.di kala sakitnya saya tau campak itu cepat sekali menyebar Oleh sebab itu saya mengisolasi anak saya dlm kamar bahkan ketika kakak kakaknya yg mau mendekat pun saya larang.Biarkan saya sendiri yg mengurus walau seluruh badan saya juga terasa gatal  dan badan terasa panas tapi selalu saya lawan.Dan teman teman kecilnya yg mau jenguk pun saya juga larang utk mendekat.karna memang campak itu lebih cepat menyebarnya.di udara aja dia bisa bertahan mengendap sampe 2 jam baru dia bisa musnah.bayangkan setelah adiknya sudah benar benar sembuh beberapa hari.baru abangnya lagi yg sakit.istilahnya kesembuhan pun wabahnya masih bisa menyebar apalagi dlm keadaan masih sakit.hati hati terhadap campak jika ada yg terkena campak maka hindarkan berada di kerumunan agar wabahnya tidak cepat menyebar.tapi ingat ketika anak kena campak anak harus tetap mandi ya agar suhu badannya terasa stabil.tapi harus mandinya pada saat suhu badan yg tidak panas ya.hindari cahaya yg berlebihan karna panas itu akan membuat penyakit campak semakin ganas.Dari anak anak saya yg terkena campak saya selalu membaca dan mencari tau tentang campak.Semoga kita di jauhkan dari segala penyakit yg mematikan.aaminnTurut berduka cita atas meninggalnya anak akibat campak.Foto di bawah adalah fotonya anak saya waktu kena campak pas puasa.@sorotan semua orang Pengikut Netto Only","https://web.facebook.com/sri.erlaniakarisma/posts/pfbid02yrxqUdcm6w369PH9rTJTYTDWH3D8eaRc7mYPsoAe7jR4w28yzZux5QM9FFNbtDHwl","65","167","246","-1","NaN"
"387","Yeniitha Nawawiie","","Ngeri bangettt lagi musim campak gini mau keluar rumah Lebaran di rumah aja sama Yuna, yang keliling biar ayah sama Fadil aja -Bulan Ramadhan di takuti dengan adanya wabah campak  banyak anak bayi balita meninggal dunia akibat campak.Ya Allah jaga anak ku semoga Lebaran berkumpul selalu dijaga kesehatan untuk kita semua. Kita hargai yuk buat org tua yg punya anak bayi, kita jangan sentuh anak bayi mereka  kita ngga tau imun bayi mana yg nggk kuat melawan wabah campak. Kita ngga tau anak bayi mana yg blum imunisasi campak. Apalagi bayi yg baru lahir belum sempat imunisasi campak takut rentan. Kita hargai para org tua yg baru lahiran jangan sentuh anak mereka dulu. Bulan ini wabah campak hampir di mana manaSemoga kita semua diberi kesehatan  #campak #campak2026","https://web.facebook.com/yenita.212751/posts/pfbid0xdeeYH2zU544cfoHGhEeZvFZ4PM2HMj7arUEMverFAibwHoVJNPDHMgXDtKsxJpPl","57","325","196","-1","NaN"
"388","Middle Lagay M. Alang","","Wabah campak lagi naik. Anak demam tinggi, mata merah & ruam sebadan badan. Lalu datanglah saran pusaka dari grup WA atau FB: ""Cekokin air kelapa muda hijau murni! Biar racun & virusnya cepat keluar semua lewat pipis!""Dan ajaibnya, banyak banget testimoni bersumpah: ""Benar ! Habis minum air kelapa, besoknya anak saya langsung seger dan sembuh!""Mari kita bedah keajaiban testimoni ini pakai kacamata medis Kenapa testimoni itu terkesan sangat nyata?Karena orang awam sering terjebak jebakan logika: ""Habis minum air kelapa lalu sembuh. Berarti air kelapa adalah obatnya.""Fakta medisnya: Campak itu disebabkan oleh Morbillivirus. Penyakit ini sifatnya Self-Limiting Disease (bisa sembuh sendiri) asalkan daya tahan tubuh pasien kuat. Virus ini punya siklus hidupnya sendiri dalam tubuh, dan mati BUKAN karena disiram air kelapa Yang membunuh virus campak di tubuh anak  adalah Sistem Imun (Sel Darah Putih) dari anak itu sendiri.Lalu apa peran air kelapa?Saat anak demam tinggi (suhu 39-40 derajat), cairan tubuhnya menguap habis. Dia dehidrasi parah dan lemas. Air kelapa itu pada dasarnya adalah ORALIT ALAMI. Isinya air, gula, elektrolit (kalium, natrium) kualitas tinggi. Ketika anak yang sedang dehidrasi itu kasih air kelapa, otomatis cairan tubuhnya tergantikan. Sel2nya dapat ""bensin"" lagi. Maka anaknya langsung terlihat segar dan ceria keesokan harinya.Jadi, air kelapa itu SANGAT BAGUS untuk mencegah dehidrasi saat demam. TAPI, dia sama sekali tidak punya kekuatan gaib untuk membunuh virus atau bakteri apa pun di dalam darah ""Ya udah, yg penting kan anaknya sembuh, kenapa repot didebat?""Disini orang tua terjebak, mendewakan air kelapa berujung fatal. Banyak orang tua  anaknya sudah sesak napas karena komplikasi campak (Pneumonia/radang paru) atau kejang demam, tapi MENUNDA bawa ke UGD karena merasa ""Ah, nanti juga sembuh kalau dikasih air kelapa terus."" Keterlambatan ini yang bisa membahayakan nyawa. Belum lagi, tidak semua kondisi boleh minum air kelapa dalam jumlah banyak, salah satunya apabila masalahnya di Ginjal....Kesimpulan-nya: Boleh nggak minum air kelapa saat campak/demam? BOLEH, asal keluhannya memang ringan. Itu cairan hidrasi yang luar biasa.Tapi jangan sebut dia obat anti virus. Satu2nya ""air"" yang terbukti secara sains (saat ini) bisa mencegah dan mematikan langkah virus campak adalah cairan Vaksin MR/MMR yang disuntikkan ke lengan anak Anda sebelum mereka sakit Solusi : Jangan anti vaksin campak Jangan tukar sains dengan air kelapa yaaa...","https://web.facebook.com/middle.lagay.moya.alang/posts/pfbid0jX14jvwpDK5Y8VqUAfPrxKSz5HoEGkJxFFaHq36CupVTSiJxB6H23m97cGGcZYAwl","20","10","13","-1","NaN"
"389","Puskesmas Slempit","","WASPADA WABAH CAMPAK! Campak adalah penyakit menular yang disebabkan oleh virus dan dapat menyerang siapa saja, terutama bayi dan anak-anak yang belum diimunisasi. Penyakit ini mudah menular melalui percikan batuk dan bersin dari penderita. Gejala Campak:•… Lihat selengkapnya","https://web.facebook.com/photo/?fbid=1432112865032048&set=a.206674517575895","0","0","1","-1","NaN"
"390","Agustin Nur Amalia","","Dapat info dari IG dr. Piprim.Kalau lagi kena campak istirahat dirumah saja ya. Terutama yang anak - anak, gak apa-apa istirahat sampai sembuh total daripada menulari temannya.Dan aku baru tau kalau dampak campak ke ibu hamil juga luar biasa. Bisa menyebabkan bayinya buta dan tuli . Lengkapi vaksin dasar ya buibu untuk anaknya.Semoga wabah campak di Sumenep segera mereda.#vaksindasar#imunisasi#posyandu#campak#viruscampak#wabahcampak","https://web.facebook.com/agustin.nuramalia/posts/pfbid04rGC2i4yNidjLm34LT1yamatwvskNC3XPWpUd6mcctKv63rAUrrzGbvviso7DbZbl","20","1","12","-1","NaN"
"391","Rekha Afifah","","Wabah Campak Di Indonesia ini mengingatkan ku 4 bulan yang lalu saat anakku terkena CAMPAK,Awalny hanya demam biasa setelah 4 hari demam naik turun anakku di ranap di … Lihat selengkapnya","https://web.facebook.com/photo/?fbid=4483901065175947&set=a.1395822273983857","0","0","11","-1","NaN"
"392","Yana Kalita","","Kalau ketemu anknya orng .jgn lagung ba cium Tolong orng tuanya lgi was was Sadar diri itu pentingBulan Ramadhan di takuti dengan adanya wabah campak  banyak anak bayi balita meninggal dunia akibat campak.Ya Allah jaga anak ku semoga Lebaran berkumpul selalu dijaga kesehatan untuk kita semua. Kita hargai yuk buat org tua yg punya anak bayi, kita jangan sentuh anak bayi mereka  kita ngga tau imun bayi mana yg nggk kuat melawan wabah campak. Kita ngga tau anak bayi mana yg blum imunisasi campak. Apalagi bayi yg baru lahir belum sempat imunisasi campak takut rentan. Kita hargai para org tua yg baru lahiran jangan sentuh anak mereka dulu. Bulan ini wabah campak hampir di mana manaSemoga kita semua diberi kesehatan  #campak #campak2026 #Ramadhan","https://web.facebook.com/yhana.aja.7/posts/pfbid0fcPdRPsTqzPfN84mx2ZfNoSPoKdDGWPm1ujs24ivkXSsRhufwGW2aLWigEFPXJXel","20","21","29","-1","NaN"
"393","Mila Anasanti","2026-04-05T08:21:00.000Z","Disinformasi dan turunnya herd immunity: wabah campak yang kita ciptakan sendiri____Sebenarnya saya sudah malas menyanggah narasi antivaks, karena ya dari dulu cuma itu-itu saja. Masalahnya, mereka seolah menutup mata ketika melihat korban di depan mata, selalu yang disalahkan ""konspirasi"" tanpa menelaah lebih jauh. Kasus dugaan KIPI yang belum terbukti kausalitas lebih disukai dibanding kematian nakes yang nyata-nyata lagi berjuang di garda terdepan.Seolah kembali ke zaman COVID, kita mulai melihat satu per satu dokter dan tenaga kesehatan gugur saat bertugas menangani campak. Ada satu kenyataan yang membuat kejadian ini terasa jauh lebih berat. Bukan hanya karena mereka dokter muda, yang masa pengabdiannya masih panjang. Tapi karena ini terjadi pada penyakit yang sebenarnya sudah lama kita kenal, sudah lama kita punya vaksinnya, dan secara ilmu seharusnya bisa dicegah.Yang terjadi hari ini bukan sekadar virus yang menyebar. Tapi juga narasi yang salah tentang pencegahannya dan ironisnya, narasi ini menyebar lebih cepat dari virus itu sendiri.***1. Kita sedang mengulang pola yang sama seperti COVIDTenaga kesehatan kembali jatuh. Bedanya, bukan karena mereka tidak tahu ilmunya, bukan karena virusnya baru, dan bukan karena kita tidak punya alat untuk melawannya. Tapi, karena sistem perlindungan di sekitar melemah. Karena cakupan vaksin menurun.Herd immunity yang seharusnya menjadi “tameng sosial” yang melindungi mereka yang setiap hari terpapar tidak lagi bekerja optimal.Ketika cakupan turun dari 95% ke sekitar 85%, ini bukan sekadar penurunan angka 10%. Ini adalah terbukanya celah besar dalam sistem perlindungan kita.Jika dikonversi ke populasi Indonesia, celah itu setara dengan sekitar ±31 juta orang yang tidak terlindungi. Dan yang sering tidak disadari bukan hanya mereka yang tidak divaksin yang berisiko, tapi juga orang-orang di sekitarnya ikut kehilangan perlindungan.2. Campak adalah penyakit dengan daya tular ekstremR₀ campak: 12–18 orang(http://www.cdc.gov/measles/transmission.html)Artinya satu orang bisa menulari hampir satu ruangan penuh.Kenyataan ini belum seberapa.Virusnya bisa bertahan di udara hingga 2 jam setelah penderita pergi dari ruangan(http://www.who.int/news-room/fact-sheets/detail/measles)Jadi ini bukan sekadar “kontak langsung”. Ini soal ruang, udara, dan waktu bisa punya andil menularkan. Bayangkan Anda bisa masuk ke ruangan, tidak bertemu siapa pun, tapi tetap tertular.Bandingkan dengan COVID awal yang R₀-nya sekitar 2–3. Campak 9x jauh lebih agresif dalam penyebaran.Dan bayangkan tenaga kesehatan, mereka berada di dalam paparan ini setiap hari, berulang, dengan viral load tinggi. Bahkan dengan vaksin, paparan ekstrem seperti ini tetap bisa menembus sebagian kecil pertahanan individu. Bukan karena vaksin sama sekali tidak efektif, tapi karena paparan virusnya meningkat menaikkan peluang infeksi berat.3. Campak tidak hanya menyerang, tapi merusak sistem imunCampak bukan sekadar ruam dan demam. Banyak orang bahkan tidak bisa membedakan campak dengan Rubella (campak Jerman), Roseola, dan viral rash biasa karena sama-sama demam dan ruam, tapi jauh lebih ringan.Banyak orang mengira anaknya pernah kena campak dan sembuh sendiri. Mereka main diagnosis sendiri, lalu asal klaim sembuh sendiri dan gencar menyebarkan seolah campak tidak bahaya karena anaknya sudah mengalami. Kesalahan identifikasi ini yang membuat campak diremehkan, sampai akhirnya bertemu kasus yang sebenarnya, dan terlambat. Campak bisa punya komplikasi serius:- pneumonia- ensefalitis- kebutaan- dan immune amnesia(http://www.gavi.org/.../measles-isnt-just-dangerous-it...)Yang terakhir ini jarang dibahas, tapi sangat penting. Campak bisa “menghapus” sebagian memori imun tubuh. Artinya setelah sembuh, tubuh justru menjadi lebih rentan terhadap infeksi lain selama berbulan hingga bertahun.4. Argumen anti-vaksin yang paling merusak herd immunity(1) “Sudah divaksin kok masih kena, berarti vaksin tidak efektif?”Ingat ya. Efektivitas vaksin campak sekitar 93% (1 dosis) dan 97% (2 dosis)(http://www.cdc.gov/.../hcp/vaccine-considerations/index.html)Tidak ada intervensi medis yang 100% efektif.Divaksin bukan berarti pasti tidak tertular, tapi kemungkinan besar tidak tertular, dan jika tertular pun umumnya tidak menjadi berat, tapi tetap ada celah 3% menjadi berat, dan risiko ini bisa meningkat jika paparan virus tinggi, seperti pada nakes. Tanpa vaksin? Hampir semua akan tertular.Jadi pertanyaannya bukan “masih bisa kena?”Tapi “berapa banyak yang bisa dicegah?”Coba tidak ada vaksin campak, yang terjadi adalah pandemi jauh lebih menakutkan dibanding Covid dulu, karena penularan yang 9x lebih tinggi.(2) “Lebih baik imun alami”Imun alami dari campak datang dengan harga:- risiko kematian- kerusakan otak- hilangnya memori imunIni bukan pilihan alami vs buatan. Ini pilihan antara risiko besar vs risiko yang dikendalikan. Ingat sekali lagi, campak bukan penyakit ringan sekedar ruam yang sering salah dikenali.(3) “Vaksin berbahaya”Efek samping serius vaksin campak sangat jarang. Sebaliknya, komplikasi campak jauh lebih sering dan jauh lebih berat. Secara ilmiah, risikonya tidak sebanding.Ketika vaksin campak meningkat data menunjukkan kematian turun drastis.WHO mencatat:Tahun 2000 campak menyebabkan ±761.000 kematian globalTahun 2019 turun jadi ±207.500 kematian. >70% karena vaksinhttp://www.who.int/news-room/fact-sheets/detail/measles⁠(4) “Wabah ini dibesar-besarkan”Data Kemenkes, WHO, dan UNICEF konsisten:ketika cakupan vaksin turun, kasus meningkat. Ini bukan opini. Ini pola epidemiologi yang berulang di banyak negara.(5) “Ini pilihan pribadi”Tidak. Penyakit menular tidak mengenal batas individu. Kecuali yang tidak vaksin hidup di pulau tersendiri dan bergaul hanya sesamanya. Ingat dalam kasus campak, 2 jam setelah yang terpapar pergi, virusnya masih bisa menularkan ke seluruh orang di ruangan yang sama.Dan yang terkena bukan hanya mereka yang divaksin tapi masih punya 3% tidak terlindungi, tapi juga pada mereka yang butuh dilindungi:- bayi yang belum bisa divaksin- pasien imunokompromais- tenaga kesehatan dengan paparan tinggiIni bukan hanya soal diri sendiri. Ini soal nyawa orang lain.5. Disinformasi: “virus kedua” yang tidak kalah berbahayaData Drone Emprit mencatat sekitar 95,7 juta interaksi dalam 1 bulan(http://x.com/DroneEmpritOffc/status/2039712932217696533)Jika kita pakai analogi epidemiologi:Campak punya R₀ 12–18Artinya satu orang bisa menulari 12–18 orangDisinformasi tidak punya R₀ biologis, tapi punya “R₀ sosial”. Satu akun besar bisa menjangkau jutaan orang. Satu konten bisa menyebar ribuan kali dalam hitungan jam.Secara praktis, kecepatan penyebarannya bisa melampaui virus. Dan perbedaannya sederhana.Virus butuh kontak fisik, disinformasi hanya butuh 'baca tanpa mikir' beberapa detik.***Wabah campak ini bukan takdir yang tidak bisa dihindari. Ini konsekuensi dari pilihan kolektif dalam menjaga atau mengabaikan herd immunity.Semoga Allaah Ta'ala menerima mereka nakes dan dokter yang telah berjuang di garis terdepan dengan husnul khatimah, mengangkat derajat mereka, dan menjadikan ini pelajaran yang benar-benar kita ambil, bukan sekadar kita baca.Aamiin","https://web.facebook.com/mila.anasanti/posts/pfbid02TbX6qiNJeY5D1TAvoMALd9hXenh6ZooX79fWY5oN2j6ZPHL96TYhFRMy6WvEuem4l","460","532","636","-1","NaN"
"394","BBC News Indonesia","","Wabah campak di Sumenep, Jawa Timur, telah menewaskan 12 anak dan menginfeksi hampir 2.000 lainnya selama delapan bulan terakhir. Akibat lonjakan kasus ini, otoritas kesehatan setempat menetapkan kejadian luar biasa (KLB).Dinas Kesehatan Pengendalian Penduduk dan Keluarga Berencana (DKP2KB) Kabupaten Sumenep mencatat 1.944 kasus campak pada balita dan anak-anak sejak Januari hingga pekan ketiga Agustus. Angka ini melonjak enam kali lipat dari tahun lalu, sebanyak 319 kasus.Tingginya kasus campak di Sumenep disebut karena rendahnya cakupan imunisasi di wilayah tersebut sehingga menyebabkan penularan semakin masif.Hingga awal Agustus, tercatat 40 KLB campak di 37 kabupaten dan kota di Indonesia sepanjang 2025, dengan jumlah kasus terkonfirmasi 3.282, merujuk data Kementerian Kesehatan.Cakupan imunisasi yang tidak merata serta capaian imunisasi yang tak optimal disebut jadi penyebab lonjakan kasus campak.Pemerintah kini berupaya keras mempercepat program vaksinasi dan memperkuat layanan kesehatan.Namun, ada pertanyaan besar yang tersisa: Sejauh mana pengaruh hoaks ""vaksin haram"" tersebar di masyarakat, dan  bagaimana hal ini menghambat program vaksinasi?Simak berita selengkapnya melalui tautan ini: https://www.bbc.com/indonesia/articles/cvgn3y9m4nxo","https://web.facebook.com/BBCNewsIndonesia/posts/pfbid02Wk7tKovairy5bRdzpwPUxvY5BKSMNoizbX844t7eogBHxM6hRu3zhFvYWgPWvY4Ql","80","33","124","-1","NaN"
"395","Ratna Amir","","Subhanallah.,. Anak-anak bunda terkena WABAH CAMPAK... cepat sembuh ya sayang bunda. Bestiiii...Sekarang ini pada musim penyakit campak.Satu anak yg kena, semua anak bisa tertular penyakit campak,,,Penyakit campak merupakan suatu penyakit yg disebabkan oleh virus morbili yg sangat menular satu ke yang lainnya...Gejala nya: demam tinggi, disertai bintik-bintik merah di seluruh badan, yg dimulai dari area leher, wajah dan dada, tangan dan badan depan serta belakang, dan yg terakhir dikaki, Bintik-bintik merah disertai rasa gatal, dan jg bisa tumbuh dirongga mulut disertai dgn sakit menelan. Dan dimata jg bisa merahSelain itu gejalanya bisa batuk, sakit tenggorokan dan jg mencret...Campak bisa dicegah dgn:• pemberian imunisasi campak saat anak berusia 9 bulan sampai dengan 11 bulan diposyandu terdekat atau fasilitas kesehatan lainnya. Semoga anak-anak kita sehat selalu....Aamiin YRA  #semuaorang #pengikut","https://web.facebook.com/ratna.juita.12382/posts/pfbid0fx3kte5o7YucXZ1ofxHqxfD5kmmhENGeSz2FR1aHMwNTSM69LP4V7oiodHmG5yErl","32","1","24","-1","NaN"
"396","Dwi Febri","2026-03-20T23:51:00.000Z","maaf bun mau tanya apakah ini kena campak ya soalnya kemarin itu panas badannya dan udah sembuh terus selang berapa hari gitu timbul beginian , tapi paginya gak kenapa napa terus selang siang menjalang sore timbullah itu , ini campak atau kalau orang Jawa bilang gabak ya Bun semenjak ada wabah campak jadi parnoan sendiri aku Bun , mohon bantuan jawabnya Bun.","https://web.facebook.com/groups/1185186252298406/posts/2211299593020395/","139","1","175","-1","NaN"
"397","Mira Cle","2026-03-09T14:54:00.000Z","Liat di berita wabah campak sudah banyak terjadi pada anak bayi jadi kita para ibu harus siap siaga agar anak kita gak terkena wabah campak Ciri ciri campak :batuk-pilek ,mata berair ,panas  tinggi ,dan ruam ruam merah di seluruh badan Kita hargai yuk buat org tua yg punya anak bayi, kita jangan sentuh anak bayi mereka  kita ngga tau imun bayi mana yg nggk kuat melawan wabah campak. Kita ngga tau anak bayi mana yg blum imunisasi campak. Apalagi bayi yg baru lahir belum sempat imunisasi campak takut rentan. Kita hargai para org tua yg baru lahiran jangan sentuh anak mereka dulu. Bulan ini wabah campak hampir di mana manaSemoga kita semua diberi kesehatan  #campak #campak2026 #Ramadhan","https://web.facebook.com/mira.cle.39142/posts/pfbid02LBZQjoybf6oXHE8RdYHWQ19LAvgQMB3PTHviKviCmFwQrauPAc8D4qryY471brArl","20","2","12","-1","NaN"
"398","Bidan Wina Apsarii","2026-03-10T09:18:00.000Z","Wabah campak lagi naik. Anak demam tinggi, mata merah, dan ruam sebadan badan.Lalu datanglah saran pusaka dari grup WA atau FB: ""Cekokin air kelapa hijau murni! Biar r… Lihat selengkapnya","https://web.facebook.com/photo/?fbid=883916147807318&set=a.234407702758169","6","11","35","-1","NaN"
"399","Lia Aulia","","Cegah dan kenali ciri ciri campak.… Lihat selengkapnya","https://web.facebook.com/photo/?fbid=26118440697823573&set=pcb.1815044729937877","0","0","0","-1","NaN"
"400","Hada Hadasiah","2026-03-28T13:40:00.000Z","Campak sudah masuk KLBAntivaks melenggangg tanpa salah … Lihat selengkapnya","https://web.facebook.com/photo/?fbid=26837928002478722&set=a.300457693319114","262","1700","925","-1","NaN"
"401","Ainun Nuraeni","2026-03-08T13:43:00.000Z","Bulan Ramadhan di takuti dengan adanya wabah campak  banyak anak bayi balita meninggal dunia akibat campak.Ya Allah jaga anak ku semoga Lebaran berkumpul selalu dijaga kesehatan untuk kita semua. Kita hargai yuk buat org tua yg punya anak bayi, kita jangan sentuh anak bayi mereka  kita ngga tau imun bayi mana yg nggk kuat melawan wabah campak. Kita ngga tau anak bayi mana yg blum imunisasi campak. Apalagi bayi yg baru lahir belum sempat imunisasi campak takut rentan. Kita hargai para org tua yg baru lahiran jangan sentuh anak mereka dulu. Bulan ini wabah campak hampir di mana manaSemoga kita semua diberi kesehatan  #campak #campak2026 #Ramadhan","https://web.facebook.com/ainunnuraeni311/posts/pfbid02Y1WS8mU2kKtfyvKHJo7TTEi4PKXGyeqdZXfM9g983mzHNaUkKyHMWv8hVVzA6TqGl","1200","27000","9100","-1","NaN"
"402","Uma A","","Saya tidak peduli konflik provaksin dan antivaksin terutama kasus campak. Biarkan menentukan pilihan sendiri. Ada berita yang lebih krusial yaitu TNI tetapkan siaga 1. Artinya kita harus lebih aware dengan persiapan ketahanan pangan dan ilmu survival t… Lihat selengkapnyaSaya tidak peduli konflik provaksin dan antivaksin terutama kasus campak. Biarkan menentukan pilihan sendiri. Ada berita yang lebih krusial yaitu TNI tetapkan siaga 1. Artinya kita harus lebih aware dengan persiapan ketahanan pangan dan ilmu survival t… Lihat selengkapnya","","0","0","703","-1","NaN"
"403","Detik Jateng","","Jumlah kasus suspek campak di Jawa Tengah (Jateng) terus bertambah. Kini, Kabupaten Kudus dan Brebes pun ikut masuk dalam kriteria Kejadian Luar Biasa (KLB).","","0","0","3","-1","NaN"
"404","Frishillia Nur Octovia","","Dari meningkatnya kasus Campak pada Anak2 terutama pada bayi…Sepertinya lebaran ini khusus yg punya anak2 dan terutama yg punya bayi ada baiknya dirumah aja..Krn kasus campak udah bikin banyak bayi meninggal..Oiyaa Terutama yg dewasa2 kalian yg mulai demam dan muncul ruam2 plisssss aja klendangannn..!!!!… Lihat selengkapnya","","0","0","34","-1","NaN"
"405","Nopra Lova","","Himbauan Unk seluruh masyarakat kab.lebong dikarenakan kasus campak pada anak dari bln Maret sampai skrg trus meningkat diharapkan unk sanak saudara,kakek,nenek,uwak,om,Tante,Jiran tetangga,teman,kerbat pasien Anak yg terdiagnosa campak agar tidak brkunjung dikarenakan campak ini sangat menular, penularan terjadi 4 hari sebelum ruam merah muncul dan 4 hari sesudah ruam muncul jadi tolong dengan sangat pengertiannya untuk semuanya apa—  merasa penuh harap.… Lihat selengkapnya","","0","0","50","-1","NaN"
"406","Yusniar Ummi Zulkarnain","","Ternyata kasus campak masih banyak ya mak..Katanya Campak  penyakit akibat infeksi virus yang ditandai dengan demam, sakit tenggorokan, dan ruam di seluruh tubuh,ada … Lihat selengkapnya","https://web.facebook.com/photo/?fbid=122263492322156475&set=pcb.122263492400156475","0","0","2","-1","NaN"
"407","Asih","2026-07-08T06:39:00.000Z","Mau tanya bun disini ada yang sudah imunisasi/vaksin campak?Kebetulan bayi aku kemaren usia 9bulan kira kira demam gak ya moms? Takut juga ada kasus suntik campak sampai kejang","https://web.facebook.com/photo/?fbid=4562798713939217&set=gm.1619741556208651&idorvanity=1019457676237045","185","0","30","-1","NaN"
"408","Qiara Naira Asma","2026-03-10T05:24:00.000Z","Kasus campak mel0njak di Ind0nesia, dampak masyarakat percaya narrsi antivaksin?Di Indonesia, sebanyak 72 kem4tian terjadi akibat campak sepanjang 2025-2026, menurut Kementerian Kesehatan.Pada tahun lalu, menurut Kemenkes, kasus suspek campak di Indonesia meningkat pesat, yaitu mencapai 64.822, meningkat lebih dari dua lipat dari tahunnya.Dan tahun ini, temuan Kemenkes menyebutkan, sampai minggu kedelapan, jumlah kasus suspek mencapai 10.453 dengan kasus konfirmasi sebanyak 8.372. Kemenkes menyebut banyak faktor yang mempengaruhi merosotnya angka imunisasi campak.Dua penyebab utamanya adalah, pertama, efek pandemi yang mengakibatkan g4ngguan pemberian vaksin.Kedua, kekhawatiran orang tua terkait ke4manan v4ksin yang diduga memicu peny4kit lainnya.","https://web.facebook.com/qiara.naira.asma/posts/pfbid0EcdJgymHjtY4AgLgvESnvuPbT3bCv8aqx812mLVjRrC63eqVeTeFuqa7nKRUKbkEl","20","8","16","-1","NaN"
"409","Begi Triyazu Putri","2026-05-20T05:10:00.000Z","Tetap waspada kasus campak sekarang meningkat Untuk yang lain semoga sehat2 tetap jaga imun kalian agar tidak kena kasus campak#fyp #interaksi","https://web.facebook.com/begi.t.putri/posts/pfbid02KBExKawwum6vCeZzCvu7yyT4WSCSc5pwoxmRTCtf9dcEXBS4Dbc1jFtzQS7cmSNxl","20","0","20","-1","NaN"
"410","Alodokter","2026-03-13T21:09:00.000Z","Kasus campak di Indonesia kembali meningkat di awal 2026. Hingga minggu ke-7, tercatat sekitar 8.224 kasus suspek campak, 572 kasus terkonfirmasi campak melalui tes lab, dan 4 kasus meninggal dunia.Beberapa provinsi juga melaporkan jumlah kasus cukup tinggi pada Januari–Februari 2026 hingga tergolong Kejadian Luar Biasa (KLB):• Jawa Barat: 9.033 kasus• Banten: 6.880 kasus• Jakarta: 2.845 kasus• Sulawesi Selatan: 1.770 kasus• Jawa Tengah: 1.633 kasusCampak merupakan penyakit yang sangat mudah menular, terutama pada anak yang belum mendapatkan imunisasi lengkap. Virusnya menyebar melalui droplet saat batuk, bersin, atau berbicara.Gejala campak biasanya dimulai dengan demam tinggi, batuk, pilek, dan mata merah, lalu muncul ruam yang menyebar dari wajah ke seluruh tubuh. Pada anak, campak bisa menyebabkan komplikasi serius, seperti pneumonia, radang otak, dan diare.Karena itu, imunisasi campak menjadi salah satu cara paling efektif untuk mencegah penularan dan melindungi anak dari komplikasi berat.Jika anak mengalami demam tinggi disertai ruam merah, segera konsultasikan dengan dokter untuk mendapatkan penanganan yang tepat. Konsultasi dan janji temu juga bisa dilakukan melalui aplikasi ALODOKTER. #alodokter #aplikasialodokter #infokesehatan #hidupsehat #hidupsehatalodokter","https://web.facebook.com/alodokter/posts/pfbid0ZjSGsRwydz81yxrGDgCDae4rh9A7yLnhjX2Rkom5wu8Cie2E7Tg1DDTKhhAAad7Cl","150","377","8600","-1","NaN"
"411","Nurshalsabilla","","Belakangan ini kasus campak lagi meningkat, bahkan beberapa dari anak teman & customerku mengalami gejala yang sama. Be aware ya moms, jaga anak kita mulai dari kebersihannya, makanannya, vitaminnya, lingkungan & imunisasinya. Campak memang sudah menyebar, tapi yang kita kejar bukan paniknya. Melainkan perlindungan terbaik untuk anak kitaSemoga Allah selalu menjaga kita & buah hati kitaa yaa, Aamiinn yaaRabbal'alamiin","https://web.facebook.com/bil.la.108/posts/pfbid0jTchseYoS7gVPjhhHGPj9perZx2Hn4kDpMVJUN6pbSYD5kxTc27qToWW9NSWnEVYl","20","0","15","-1","NaN"
"412","Mhylla Akuba","2026-03-14T22:19:00.000Z","Bu-ibu pintar, Sedang maraknya kasus Campak akhir² ini tolong jangan biarkan anak² bunda keluyuran atau di cium orang sembarangan, Karna campak itu menular, Sampai hari ini di laporkan 72 anak meninggal akibat kasus Campak ini, Tolong hati² dan tetap waspada...Bunda² yang memiliki anak bayi mulai usia 9 bulan sampai dengan 5 tahun, Boleh segera melakukan imunisasi campak boleh di posyandu atau langsung ke rumah sakit/puskesmas terdekat, Jangan anggap remeh karna penyakit ini bisa saja muncul kapan sajaSekali lagi kapan saja Karna virus campak itu MENULAR..... Tolong kasian sama anak nya, Imunisasi adalah HAK anak, Bukan hak orang tua yg semau-maunya untuk mengimunisasiLebih baik menghindari daripada Mengobati#seasonmenu #fruit #brunchideas #beritaviral #beritadunia #kabarterkini #food #FoodStorage #brunchideas #KitchenEssentials #brunchgoals #foodsharing #foodstrong #foodstroge #localcommunity","https://web.facebook.com/mila.c.ctia.12/posts/pfbid0AeC9Y7dj3G9b5wSPKfrHz2HVwPj2Vyp1ZYxnTUwPqqwuhpJxbGnRJh4EYjvNfiEsl","983","2900","12","-1","NaN"
"413","Yulianti Laude","2026-03-30T09:30:00.000Z","Waspada kasus campak.....Pastikan anak2 yg belum imunisasi campak, segera vaksin campak sebelum keluhan semakin berat.Bagi anak yg menderita campak ringan, bisa segera ke puskesmas terdekat untuk penanganan awal dan selanjutnya isolasi di rumah.Jika kondisi anak lemas, sulit makan... segera ke IGD.Pada umumnya campak bisa sembuh sendiri jika keluhan ringan.Namun pastikan tdk kintak dengan orang sekitar terutama orang2 yg rentan seperti bayi, anak dan lansia, karena campak mudah menular.Tetap makan makanan bergizi, jaga kesehatan dengan olahraga rutin, imunisasi jika belum.Salam Sehat","https://web.facebook.com/yulianti.laude/posts/pfbid06kM3tzqoAye6L4dgqjwmtFXRnbnpjAuks4srHYHKYQRDDpE7bvEn3YWAbCutBKWtl","20","2","13","-1","NaN"
"414","Fuzi Astuti","2026-03-07T01:37:00.000Z","inalillahi kasus campak lagi naikStay safe semuanya, apalagi buat anak2, krn anak2 itu rentan banget.… Lihat selengkapnya","https://web.facebook.com/photo/?fbid=3312265275599935&set=a.113095552183606","670","868","2200","-1","NaN"
"415","Ian Suryadi Suteja","","Grafik pertama:Jumlah kasus Campak (Measles) di Amerika menurun drastis setelah diperkenalkannya vaksin Campak. Tapi di Indonesia saking banyaknya yang ngeyel ga mau dicampak, malah sekarang 2026 terjadi WABAH CAMPAK di lebih dari 70 provinsi Grafik kedua:Data Campak di DUNIA berkurang secara signifikan seiring dengan bertambahnya cakupan imunisasi Campak. Inget ini data DUNIA, bukan cuma data 1 negara doangGrafik ketiga:Anak yang diberikan vaksin campak memiliki angka kematian (mortality rate) jauh lebih rendah dibandingkan yang tidak divaksin.Manfaat vaksin itu begituuu besar, kenapa sih ada yang masih ragu memberikan vaksin campak (MR)? Cuma karena ada influencer antivax yang anaknya kena autis karena vaksin? Memangnya seberapa yakin anda kalo PENYEBAB SATU SATUNYA AUTISNYA hanya karena VAKSIN?Seumur2 saya jadi dokter, bahkan profesor2 saya, guru2 saya, ga ada 1 pun yang berani bilang AUTIS ITU PASTI KARENA DIVAKSIN Tolong deh, Percaya saja sama saya, vaksin Campak sangat berguna. Jangan ragu dan jangan percaya yang aneh2.Timelinenya juga pas lho! Influencer antivaksin baru berkoar2 beberapa bulan lalu, sempat jadi FYP, lalu orang2 jadi ga vaksin, lalu sekarang wabahnya baru terjadi. Sekali lagi, antivaksin adalah pilihan anda. Tapi janganlah mempengaruhi orang lain untuk jadi antivaksin juga.","https://web.facebook.com/iansuteja/posts/pfbid05AifixctGhbRj6whGqdm5PrjXLNLh1ErbU3yWViPR2NhKLFxA2qXqSxeTaSVhVe7l","145","16","60","-1","NaN"
"416","Kyel BabySpa","","Kasus Campak pada anak lagi memprihatinkan ne bunKita Indonesia adalah negara no 2 yg terdampak campak paling banyak dgn kasus 72 anak meninggal dunia..Bun.. Untuk bayi ny tetap hrs di vaksin ya.. Untuk bayi yg belum vaksin kemungkinan keluhan dr campak ny lebih parah dgn yg sdh di vaksin.. Komplikasi dr campak demam tinggi terus menerus yg bs menyebabkan kan dehidrasi, diare, muntah-muntah, pneumonia.. dan bs menyebabkan kematian pada bayiEdukasi sedikit ne untuk bunda""/New MomUntuk bayi yg terkena campak  klo kata org awam campak ny hrs keluar semua.., gk boleh gak.. ""ITU SALAH"" ya bun, campak tdk boleh keluar semua hrs di tangani cpt dgn di berikan anti virus, jd kita ne kejer2 an virus ny hrs kita tekan supaya tdk semakin mngalahkn imun tubuh.. Campak boleh mandi gak??? Wajib hrs mandi supaya virus ny hilang.., dan wajib isolasi mandiri gk boleh keluar"" rumah yg akan buat penyebaran virus ny semakinKemana-mana. Penderita Campak Berikan obat untuk meningkatkan imunitas, anti virus dan pemberian ViT. A Dan untuk skrg hati2 keluar rumah ya bun.. Krn wabah campak lg banyak.. Semoga kita sllu dalam lindungan Tuhan","https://web.facebook.com/kyelbabyspa/posts/pfbid06mf4VRu6KDhwNER1kUbMs2oCdnqo3ZyAzDUj9LNC2cvuL1jo3C138qNwCkKUCCHvl","28","6","26","-1","NaN"
"417","Mom's Arta","2026-03-09T00:00:00.000Z","Lagi viral kasus campak pada anak"" Campak bukan sekedar ruam biasa Tapi campak adalah virus yang sangat mudah menular apalagi pada anak"" Gejalanya biasanya demam tinggi,batuk,filek,lalu muncul ruam merah dikulit yang biasanya mulai dari wajah dan menyebar ke seluruh tubuh.Teringat dulu si Arta kami masih umur 8bln udah kena campak semua tubuh nya memerah Obatnya dulu waktu dikampung mandi air kelapa muda dan dibaluri perasan santan kental puji Tuhan sebentar sembuhIni fotonya udh lumayan sembuh waktu itu","https://web.facebook.com/anong.balangit/posts/pfbid0HzzAyNn4wxLKhWUa1DV8cFjJCtJ3pQY1SRWwShiy6KfULsBYZBbY4bYRVeZg81mZl","20","1","15","-1","NaN"
"418","Now I Know","","Kasus campak kembali meningkat. Dan ini bukan penyakit biasa.… Lihat selengkapnya","https://web.facebook.com/photo/?fbid=122247896732088132&set=pcb.122247897584088132","0","0","5","-1","NaN"
"419","Fhera","","Anaku sda lewat kena campak bgni 1minggu di isolasi diRS sampe takurus"" apa tebisa makan terus batuk sampe"" keluar darah dari hidungnya","https://web.facebook.com/photo/?fbid=1336395658524249&set=pcb.1336395798524235","0","0","4","-1","NaN"
"420","Maya Sari Simanjuntak","","Ternyata kasus campak masih banyak ya.Campak  penyakit akibat infeksi virus yang ditandai dengan demam, sakit tenggorokan, dan ruam di seluruh tubuh. Infeksi campak menular menular melalui percikan air liur. Gejala CampakGejala campak akan muncul sekitar 7–14 hari setelah terinfeksi, dengan keluhan awal mirip dengan gejala flu.• Demam • Lemas• Pilek atau hidung tersumbat• Batuk kering• Diare• Muntah• Hilang nafsu makan• Mata merah, berair, dan sensitif terhadap cahaya• Muncul bercak putih di dalam mulut• Beberapa hari setelah mengalami gejala di atas, ruam kemerahan umumnya akan muncul di area wajah dan leher. Ruam ini pun dapat menyebar ke hampir seluruh tubuh.Penanganan• Banyak minum air putih agar tidak mengalami dehidrasi atau berikan ASI yang cukup jika yang terkena adalah bayi• Minum obat pereda demam seperti paracetamol. Jangan berikan anak aspirin karena dapat memicu terjadinya sindrom Reye• Beristirahat yang cukup• Mengonsumsi makanan sehat dan lunak atau mudah untuk ditelan• Minum obat batuk • Memberikan kompres hangat jika mata merah dan berair• Minum suplemen vitamin A, seperti Vitamin A IPI atau Vitamin A 200000 IU, sesuai saran dokter","https://web.facebook.com/maya.sari.simanjuntak.935766/posts/pfbid02N3gFiTAUk87WBKzMrWwAykUKMVJ8sxyhUBVxLYmBuVT81zjoHtPCio38yPWcKWy7l","700","2800","2900","-1","NaN"
"421","0:00 / 0:19","","Pasangkayu lagi KLB Campak(sarampa/gabak),kasus campak meningkat beberapa bulan ini,setiap hari ada pasien dtng dgn diagnosa campak baik anak2 atau dewasa,jaga kesehata… Lihat selengkapnya","https://web.facebook.com/100008292604385/videos/pcb.4608998146053227/2069514747331012","0","0","0","-1","NaN"
"422","Ferizal Noveldoktergigi","","Wargi, dengan meningkatnya temuan kasus campak di wilayah kita, mari tingkatkan kewaspadaan terhadap penyakit ini. Campak bisa berakibat fatal jika tidak ditangani deng… Lihat selengkapnya","https://web.facebook.com/photo/?fbid=4497295560552284&set=pcb.1821924201818235","0","0","0","-1","NaN"
"423","Noll Minull Minoll","2026-03-17T15:01:00.000Z","lagi rame bgt kasus campak.  skrg anak ku bund kena campak dari mata merah bengkak berair ruam sariawan makan gak mau rasanya sakit bgtt liat anak sakit seperti ini skrg anaku pindah dari kamar 307 ke kamar 301 diisolasiminta doanya ya bunda bunda biar anak ku cepet sembuh lagi udh 6hari di RS","https://web.facebook.com/groups/598090148300014/posts/1819496846159332/","2500","59","7900","-1","NaN"
"424","Pakdhe Indro","","REKAYASA STATISTIK CAMPAK DI INDONESIA ?Semua data diperoleh dari pernyataan pejabat penanganan penyakit kemenkes.Gambar pertama : data kotak merah tanggal 26 Februari 2026 & kotak biru 30 Maret 2026 (jarak 1 bulan).Gambar kedua : tabel data pernyataan pejabat penanganan penyakit kemenkes.Analisa tabel :1. Kasus SUSPEK (dikira campak) mewabah di Indonesia 2025-2026 minggu ke 8 dengan kasus campak NYATA sebesar 7-17.4%. Kasus BUKAN CAMPAK 82.6-93% = sejak 2025-2026 Februari, banyak kasus BUKAN CAMPAK yg dituduh campak sebesar 82.6 - 93% = Berarti ada KESALAHAN SISTEM DIAGNOSA2. Kemudian muncul 2 KEAJAIBAN.KEAJAIBAN 1 : Tiba-tiba dalam waktu 1 minggu (minggu 9) ada MUJIZAT perubahan sistem diagnosa yg tadinya CUMA BISA mendeteksi campak 7-17.4% tiba-tiba BERUBAH menjadi akurat menjadi 80.5% DALAM WAKTU 1 MINGGU.Pertanyaan :Uji diagnosa apa yg dipakai utk menguji 10.826 suspek campak ini ? PCR, Rapid test antigen atau uji lain ? Karena Rapid test antigen campak TIDAK ADA & jika melakukan uji PCR terhadap 10.826 sampel memerlukan 10 mesin PCR dgn waktu lembur seminggu (1000 sampel per hari) & biaya sekitar 2.7 Milyar rupiahKEAJAIBAN 2 : Tiba-tiba kasus campak di Indonesia TURUN 99.7% DALAM WAKTU 3 MINGGU dari konfirmasi 8716 kasus menjadi 121 kasus konon menurut kemenkes akibat cakupan vaksinasi.Vaksin Pertanyaan : Jenis vaksin apa yg dipakai ? Karena vaksin MR & MMR produksi Biofarma, Bandung berisi VIRUS HIDUP. Pemberian virus hidup saat kondisi wabah TIDAK MENGGURANGI paparan virus & jika diuji dengan PCR maka suntikan virus vaksin campak & infeksi alami akan SAMA TERBACA POSITIF PCR CAMPAK.Jika penilaian didapat dari berkurangnya gejala, sementara infeksi campak alami sembuh dalam waktu 2-3 minggu maka penurunan kasus terjadi akibat kekebalan alami BUKAN KARENA VAKSINASI3. Foto 3 : Hasil ""keberhasilan"" penurunan kasus campak 99.7% (?) ini dijadikan dasar utk program vaksinasi nasional lewat edaran kemenkes no HK.02.02/C/1602/2026 dengan menyatakan penyakit campak sebagai KLB.Pertanyaan :Jika telah terjadi penurunan kasus campak konfirmasi sebanyak 99.7 % DLAM WAKTU 3 MINGGU, maka TIDAK ADA KONDISI LUAR BIASA (KLB) & TIDAK PERLU MEMAKSAKAN VAKSINASI CAMPAK NASIONAL4. Foto 4 : JIKA program vaksinasi campak nasional tetap dilakukan terhadap 836.789 anak yg belum vaksin, maka negara HARUS MENGELUARKAN BIAYA sekitar 334 Milyar rupiah sekali dosis & 1.2 Triliun utk 3 kali dosis. Biaya ini akan naik jadi 3 kali lipat menjadi 1-3.6 Triliun rupiah jika program vaksin campak nasional terlaksana.Semua proyek 1-3.6 Triliun ini berawal dari tabel pernyataan pejabat penanggulangan penyakit kemenkes sendiri YANG TIDAK PERNAH DIEVALUASI KEBENARANNYA.Membuang uang hasil keringat rakyat demi proyek REKAYASA (yg tidak dibuktikan pada rakyat) DITENGAH KONDISI KRISIS KEUANGAN & EKONOMI negara, BUKAN TINDAKAN YG PANTAS dilakukan.JANGAN mengorbankan nyawa rakyat DEMI UANG, seperti saat pandemi kemarin.Ingat UANG DARAH AKAN KEMBALI MINTA DARAH KALIAN !","https://web.facebook.com/chooni.romadhony.1/posts/pfbid02mHDoaQUhjY8PyUfukc2Hyp728QnDWNoSvjtXHGTo2eMG7GeBLvzoZNHJAR2CD2gJl","20","83","366","-1","NaN"
"425","Kompas.com","","Kabupaten Pohuwato,  Gorontalo melaporkan terdapat 281 kasus suspek campak sejak Januari  hingga Agustus 2025. Pemerintah setempat terus memonitor  perkembangannya. … Lihat selengkapnya","https://web.facebook.com/photo/?fbid=1280714157418029&set=a.609291657893619","0","0","0","-1","NaN"
"426","Hanifah Hairani","","Kemaren adek narra campak ntah kerumut gejala nya sama dia muncul pertama di wajah trus di leher bun Ternyata kasus campak masih banyak ya.Campak  penyakit akibat infeksi virus yang ditandai dengan demam, sakit tenggorokan, dan ruam di seluruh tubuh. Infeksi campak menular menular melalui percikan air liur. Gejala CampakGejala campak akan muncul sekitar 7–14 hari setelah terinfeksi, dengan keluhan awal mirip dengan gejala flu.• Demam • Lemas• Pilek atau hidung tersumbat• Batuk kering• Diare• Muntah• Hilang nafsu makan• Mata merah, berair, dan sensitif terhadap cahaya• Muncul bercak putih di dalam mulut• Beberapa hari setelah mengalami gejala di atas, ruam kemerahan umumnya akan muncul di area wajah dan leher. Ruam ini pun dapat menyebar ke hampir seluruh tubuh.Penanganan• Banyak minum air putih agar tidak mengalami dehidrasi atau berikan ASI yang cukup jika yang terkena adalah bayi• Minum obat pereda demam seperti paracetamol. Jangan berikan anak aspirin karena dapat memicu terjadinya sindrom Reye• Beristirahat yang cukup• Mengonsumsi makanan sehat dan lunak atau mudah untuk ditelan• Minum obat batuk • Memberikan kompres hangat jika mata merah dan berair• Minum suplemen vitamin A, seperti Vitamin A IPI atau Vitamin A 200000 IU, sesuai saran dokter","https://web.facebook.com/hanifahazahra.nasution/posts/pfbid0kXKXA9yTxscTvA2x3Zko3REn5bdVyGCVtGSFShgMxuGjCGAUdQGZXH47ZE4s4wp1l","20","1","21","-1","NaN"
"427","Morentina Silaban","","Selamat Malam, aku sambilan rekapan sambil mau minta sharing… Yang pernah kena toxo dan rubella share dong buibu pemulihannya gimana, Dan berapa lama.. “Minum Ob4t udah pasti lah ya” selain itu mksdnya … Lihat selengkapnya","","0","0","131","-1","NaN"
"428","Medinaz","","Measles vs rubella vs chicken pox","https://web.facebook.com/photo/?fbid=1542387550582899&set=a.622095072612156","0","168","322","-1","NaN"
"429","Mom Uung","","Mom Uung turut berduka cita atas kepergian 72 anak Indonesia akibat campak. Semoga keluarga yang ditinggalkan diberi kekuatan… Lihat selengkapnya","https://web.facebook.com/reel/1587220729185010/","0","0","0","-1","NaN"
"430","NHS","2026-07-07T10:20:00.000Z","Has your child missed one or both doses of their MMR or MMRV vaccine? The NHS MMRV vaccine helps protect against measles, mumps, rubella and chickenpox. If your child is invited, book their appointment with your GP practice. Find out more about who is eligible for the vaccine and when it’s offered Right arrow nhs.uk/mmrv","https://web.facebook.com/NHS/posts/pfbid024E7YHdzWVgTniX6wg75h57Rw8QnDQogbU8FjbVnvyJKf1TJgSr6oVaE3XPUFT2Wpl","1100","243","1500","-1","NaN"
"431","Holly Jessop","","""Measles isn't a serious illness, so after a few days the children were able to get up. But they stayed in their room and played quiet games.""This excerpt is taken directly from the 1982 edition of the children's book, Babar and the Doctor, written by Laurent de Brunhoff. Up until the measles vaccine was introduced in 1963, measles was treated as a childhood milestone, not a serious disease and certainly not as a life threatening risk to be avoided. Commercially printed baby books had pages dedicated to common and expected illnesses including measles, mumps, rubella, and chickenpox.  The date was placed on a line printed for that purpose and sometimes photos were taped in.Measles was regarded as almost an accomplishment to tick off a list of things needing done.  The Brady Bunch episode portrayed it very accurately,  except Alice would have likely had her real lifetime immunity from childhood.  Then the measles vaccine was introduced in 1963 and health agencies began the scare tactics and  vaccine marketing campaigns that morphed into the mandates and shame tactics of today.  Parents: common childhood ""diseases"" are the safest, best way to ""train"" a child's immune system.  Vaccines are a dangerous and poor substitute for naturally earned immunity.","https://web.facebook.com/holly.jessop.52/posts/pfbid0oj5wsf91H9msnSy399FfTeuBcRiTmVaJrNsi4hoqu5zXeY196wy8bTiH5hf7U4fRl","1300","457","1800","-1","NaN"
"432","Lawrence-Douglas County Public Health","2026-07-14T00:34:00.000Z","WastewaterSCAN has detected measles virus in wastewater from the Lawrence watershed. Wastewater, what goes down the drain after it is used, should not be confused with drinking or tap water. Currently, there are no confirmed cases of measles in Douglas County. Those who are up to date on measles vaccination are well protected against measles. The measles, mumps, rubella (MMR) vaccine remains the best protection against measles and helps prevent the spread of this highly contagious disease.Symptoms of measles typically begin with a high fever, cough, runny nose, and red, watery eyes. Three to five days after symptoms begin, a skin rash develops and usually starts on the face and spreads down to the neck, torso, arms, and legs.If you have any further questions about measles or MMR vaccination, please contact your healthcare provider or call Lawrence-Douglas County Public Health at: 785-843-0721.To read the full release, visit: https://bit.ly/4fAbUxq.","https://web.facebook.com/LDCHealth/posts/pfbid0HpPjQUvq4Ft9ChojWe5wCCFEkoHo1tyw2SGQB3Lji3t1fNpexYwtPpgx8Y5Rq8cTl","48","283","388","-1","NaN"
"433","Dian Ulva","2026-07-03T02:17:00.000Z","Kenapa imunisasi di posyandu gratis dan di dokter bisa jutaan? Apakah obatnya beda?? Mana yang lebih bagus? Inti perbedaan utama: SUBSIDI PEMERINTAH•  Posyandu/Puskesmas → vaksin gratis karena disubsidi penuh pemerintah (produksi Bio Farma mostly).•  Dokter anak/klinik swasta/RS swasta → vaksin dibeli sendiri oleh klinik → ditagihkan ke orang tua. Makanya jauh lebih mahal.Jenis vaksin yang tersedia:Posyandu → fokus imunisasi wajib nasional (program BIAS Kemenkes):•  BCG (TBC)•  Polio (OPV + IPV)•  DPT-HB-Hib (pentavalen)•  PCV (pneumokokus)•  Rotavirus•  Campak-Rubella (MR)�dll sesuai jadwal resmi 2025.Dokter anak swasta → bisa lengkap wajib + tambahan/anjuran IDAI (yang belum disubsidi):•  Influenza tahunan•  Varicela (cacar air)•  Hepatitis A•  JE (Japanese Encephalitis, endemis)•  Typhoid•  Dengue•  MMR (bukan MR)•  Kombinasi heksavalen (6-in-1, jarum lebih sedikit)•  PCV13/15/20 (bukan PCV10/13 standar posyandu)Kualitas vaksin sendiri?Sama-sama aman & efektif kalau cold chain terjaga.Vaksin Bio Farma di posyandu punya Vaccine Vial Monitor (VVM) → kualitas terjamin.Vaksin impor/swasta biasanya merek internasional (Pfizer, GSK, Sanofi dll), tapi bukan berarti “lebih bagus” — hanya beda strain atau formulasi.Kelebihan Posyandu/Puskesmas: Gratis / sangat murah Cold chain terjaga ketat (standar WHO) Terintegrasi dengan penimbangan & konseling gizi Dekat & mudah diakses masyarakatKekurangan: jadwal terbatas (biasanya 1x sebulan), antre panjang, jarang konsultasi panjang.Kelebihan Dokter Anak Swasta: Jadwal fleksibel (bisa janji kapan saja) Konsultasi lengkap: tumbuh kembang, kurva berat, nutrisi, penyakit ringan sekalian Ruangan nyaman, ramah anak, kadang ada play area Pilihan vaksin kombinasi → anak lebih sedikit disuntik Penanganan efek samping lebih personalKekurangan: biaya tinggi (bisa Rp300rb – jutaan per sesi tergantung vaksin).Jadi mana yang lebih baik?•  Kalau budget terbatas & anak sehat → posyandu/puskesmas sudah sangat cukup untuk proteksi dasar. Banyak dokter anak bilang: “Imunisasi di posyandu sudah bagus banget!”•  Kalau ingin lengkap + nyaman + konsultasi detail → dokter anak swasta jadi pilihan.Tips praktis:1.  Mulai dari posyandu/puskesmas untuk vaksin wajib.2.  Kalau mau tambahan (flu, cacar air, dll) → lanjut ke dokter anak.3.  Selalu cek jadwal IDAI 2025 & status imunisasi di KIA/buku imunisasi.4.  Jangan telat! Imunisasi tepat waktu = perlindungan maksimal.Intinya: keduanya baik, tergantung kebutuhan & kemampuan keluarga. Yang penting anak diimunisasi lengkap, bukan tempatnya.Share pengalaman kalian dong, biasa ke mana? Posyandu, puskesmas, atau langsung dokter anak? Semoga bermanfaat ya moms & dads!Dicuplik dari treads @fariezt1023Kalau bunda vaksin dimana nih?? Review yok bun.. #vaksin #bayi #imunisasi","https://web.facebook.com/dhianliestya.cimcim/posts/pfbid01TTzDW36THfMUr3MaXwptZ1Mpsh8Neo6nvSHvtwmHGWUsPMg7WDXgz3fEMF5aWVxl","133","91","308","-1","NaN"
"434","The Master Baby Spa Homecare","","Imunisasi Tepat Waktu, Hadiah Terbaik untuk Masa Depan Si Kecil… Lihat selengkapnya","https://web.facebook.com/photo/?fbid=1393239626196150&set=a.1389897729863673","0","80","126","-1","NaN"
"435","Venny Af Priyanie","2026-05-24T22:07:00.000Z","Banyak orang tua rajin banget ngejar jadwal imunisasi…tapi jujur aja, masih banyak yang belum benar-benar paham:“Sebenarnya ini vaksin buat apa sih?” Padahal imunisasi itu bukan sekadar checklist atau formalitas posyandu. Ini soal perlindungan jangka panjang anak dari penyakit yang bisa berbahaya banget.Bukan cuma demam biasa… tapi bisa sampai:• sesak berat • kejang • lumpuh• radang otak • bahkan komplikasi yang mengancam nyawa Ini fungsi beberapa imunisasi penting:• BCG  melindungi dari TBC berat (yang bisa menyerang paru & organ lain)• Hepatitis B  mencegah infeksi hati kronis• Polio mencegah kelumpuhan permanen• DPT melindungi dari difteri, batuk rejan, & tetanus• MR mencegah campak & rubella yang bisa berat pada anak• PCV bantu cegah pneumonia (infeksi paru serius)• Rotavirus cegah diare berat sampai dehidrasi• HPV perlindungan jangka panjang dari kanker serviks. Yang sering disalahpahami:Imunisasi itu bukan berarti anak jadi 100% tidak akan sakit.TAPI…kalau pun terpapar penyakit, tubuh anak sudah punya “pertahanan” jadi risiko sakit berat, rawat inap, atau komplikasi bisa jauh lebih rendah Jadi intinya:Imunisasi itu bukan sekadar datang, suntik dan  pulang.Tapi bentuk perlindungan paling awal yang bisa orang tua kasih ke anaknya. Nah sekarang aku mau tanya:Menurut Bunda kenapa masih banyak orang tua yang masih ragu imunisasi?Tulis pendapatmu di komentar ya","https://web.facebook.com/afpriyani.venny/posts/pfbid0Fa759wAoMTLCKNW1LXh1pShhDLWrt8Hakum6kcNBTDcpB5kZtnxUjXVbCzS6uN44l","80","298","584","-1","NaN"
"436","Maria Chindy Mada","2026-06-23T06:58:00.000Z","*Kepala bayi lebih besar jadi bayi normal pada umum?Apakah itu Ventrikulomegali / Hidrosefalus?*Apa itu?Ventrikulomegali adalah pelebaran ventrikel (rongga berisi cairan otak) dengan ukuran ≥10 mm pada USG. Bila pelebaran disebabkan oleh penumpukan cairan serebrospinal yang berlebihan hingga menekan jaringan otak, kondisi ini disebut hidrosefalus.*Penyebab* Kelainan bawaan otak, seperti stenosis akuaduktus Sylvii Kelainan kromosom (misalnya trisomi 21, 18, atau 13) Infeksi selama kehamilan, terutama CMV, toksoplasmosis, rubella, dan Zika Perdarahan otak janin Kelainan tabung saraf, seperti spina bifida Sindrom genetik tertentu Usia ayah bayi >40 tahun saat pembuahan Pada sebagian kasus, penyebabnya tidak diketahui (idiopatik)*Pencegahan* Konsumsi asam folat sejak sebelum hamil dan selama trimester pertama Rutin melakukan kontrol kehamilan dan USG antenatal Menjaga kebersihan makanan untuk mencegah toksoplasmosis Menghindari kontak dengan penderita infeksi tertentu selama hamil Melakukan vaksinasi yang dianjurkan sebelum kehamilan Mengontrol penyakit kronis seperti diabetes dan hipertensi Menghindari alkohol, rokok, dan obat-obatan tanpa anjuran dokter*Prognosis*- Ventrikulomegali Ringan (10–12 mm) Sekitar 80–90% bayi memiliki perkembangan neurologis yang baik bila tidak ditemukan kelainan lain.- Ventrikulomegali Sedang (13–15 mm) Sebagian besar bayi dapat tumbuh baik, namun risiko gangguan perkembangan neurologis lebih tinggi dibanding kasus ringan.- Ventrikulomegali Berat (>15 mm) atau Hidrosefalus Risiko gangguan perkembangan saraf, keterlambatan perkembangan, gangguan motorik, gangguan penglihatan, hingga kebutuhan operasi pemasangan shunt setelah lahir menjadi lebih tinggi.*Faktor yang Memengaruhi Prognosis* Derajat pelebaran ventrikel Apakah pelebaran bertambah selama kehamilan atau tidak Ada tidaknya kelainan otak lain Ada tidaknya kelainan kromosom/genetik Adanya infeksi kongenital Penanganan setelah lahirPrognosis terbaik umumnya ditemukan pada ventrikulomegali ringan yang terisolasi, sedangkan prognosis akan lebih berhati-hati bila ventrikel sangat melebar, progresif, atau disertai kelainan struktural maupun genetik lainnya.#ventrikulomegali#hidrocephalus#cmv#toxoplasmosis#jangkauanluas","https://web.facebook.com/chindy.anarote/posts/pfbid02N98xrauDAQQWbp6za5pKVMvRA4Rfb4tFS1RnTvMT2hMuJgrsNukewRru4UhwVfnMl","20","4","71","-1","NaN"
"437","Atenri Ka","2026-06-19T14:41:00.000Z","Waalaikumsalam bund . Kalau Hanan dulu tidak sempat cek CMV sebelum didiagnosa CP, jadi kami memang tidak tahu apakah ada riwayat CMV atau tidak. Tegak diagnosis CP didapat saat usia 1 tahun. Setelah itu baru kami melakukan tes TORCH di usia 1 tahun 3 bulan untuk mencari kemungkinan penyebabnya. Hasilnya menunjukkan Hanan pernah terinfeksi CMV dan rubella. Dari penjelasan dokter, infeksi tersebut menjadi salah satu kemungkinan terbesar yang menyebabkan kondisi CP pada Hanan.#fyp#ParentingJourney#anakspesial#masyaallahtabarakallah#cerebralpalsy","https://web.facebook.com/atenrikosasih/posts/pfbid02evCYD7x36XkibNfr4R8D65ty116mpX7A2gjVe95jmG9kv1BXFXkgUoicFumVQjGXl","24","2","60","-1","NaN"
"438","Asiyah Melodi","2026-07-02T11:27:00.000Z","Penyebab Janin Ca*cat dalam Kandungan, Apa Saja?… Lihat selengkapnya","https://web.facebook.com/photo/?fbid=122301494840170938&set=a.122109728228170938","2","5","69","-1","NaN"
"439","Riswan Onti","2026-05-06T11:34:00.000Z","LENGKAPI IMUNISASI ANAK DI POSYANDU… Lihat selengkapnya","https://web.facebook.com/photo/?fbid=122136889641070666&set=a.122103612279070666","18","182","381","-1","NaN"
"440","Arifianto Riyanto","2026-03-06T02:43:00.000Z","Antivaksin tidak sama dengan vaccine hesitancy. Cukup banyak yang masih ragu, dan saya perhatikan mayoritas cenderung memilih untuk segera melengkapi imunisasi anak-anaknya yang tertinggal. Segera mantapkan dengan ilmu. Ambil keputusan. Jangan terpengaruh narasi menyesatkan dari mereka yang pada hakikatnya tidak mampu bertanggung jawab ketika anak-anak tertukar penyakit berat yang bisa dicegah dengan vaksin. Vaksin yang tertinggal BISA dikejar. Tertinggal imunisasi DPT kombo, PCV, campak rubella, dll. Segera datangi faskes terdekat. Dalam satu waktu, bisa diberikan suntik vaksin DPT kombo, PCV, dan MR (campak rubella) dengan bersamaan. Namanya imunisasi ganda/simultan. Saya pernah bahas ini Di postingan lama. Bagaimana teknisnya.  Pahami juga kondisi sakit ringan tetap bisa diimunisasi. Kembali lagi ke gambar foto yang saya ambil sendiri. Saya berdoa agar adik ini segera pulih sembuh seperti sediakala. Begitu juga dengan semua anak yang sedang sakit. Terpasang oksigen nasal,  HFNC, bahkan ventilator.","https://web.facebook.com/arifianto.riyanto/posts/pfbid025d39WacQaJKxkhp18CH3WqmaaG2bBgEFvH1LCdddDGRzrAryw9HXXhZaoQAogFykl","334","98","207","-1","NaN"
"441","Rubella May Fabroa","","Kachow! Our little racer Jaxx is zooming into 4 with style and speed! Every single day with you feels like magic. You brought so much joy, color and laughter into our lives from the moment you arrived. At 4 years old, you're already so smart, so brave, so kind and so deeply loved by everyone —parang araw na palaging nagbibigay liwanag sa paligid. As you blow your candle today, I pray that complete healing, grow up healthy,  happy and sorrounded by people who love you. I'll always be here cheering for you, guiding you, and loving you with all my heart. And no matter how tall you grow, or how far you go - you will always be my little boy. We love you so much our little warrior","https://web.facebook.com/rubellamay15/posts/pfbid02qsoXZt9U3fEApeWJoxnX8woQCXgZqc9YujRGmdu6VBykzjSZTa2NcytCmBtdtZm2l","153","5","171","-1","NaN"
"442","#trending","","Measles rubella vaccine for baby !! Injection video !! #trending #viral #instagood #vaccine #health","https://web.facebook.com/reel/1463176092241221/","0","0","0","-1","NaN"
"443","Magnolia Tribune","2026-07-09T21:31:00.000Z","Dr. Daniel Edney expressed concern that Measles Mumps and Rubella vaccination rates for children entering kindergarten continue to fall in some parts of the state.","https://web.facebook.com/photo/?fbid=1642641334529237&set=a.444170311043018","135","23","78","-1","NaN"
"444","Diagnose it","","⏩️ BLUEBERRY MUFFIN RASH","https://web.facebook.com/reel/1686781672370064/","0","0","0","-1","NaN"
"445","Dr Rubella","","Relaxing clean up by Dr Rubella","https://web.facebook.com/reel/1357900203193858/","0","0","0","-1","NaN"
"446","#measles","2026-02-09T17:57:00.000Z","If you've had your MMR (Measles, Mumps and Rubella) vaccines,  you should be protected from the #measles, but some folks may need a boost. Check to see what vaccines you've had on the #Wisconsin Immunization Registry and ask your doctor if you might need a booster. Learn more at www.dhs.wisconsin.gov/immunization/measles.htm#healthyliving  #healthycommunity","https://web.facebook.com/DHSWI/posts/pfbid09QfFoNHLxVdi9HvAMjBK3SWHbAKmdRsj1E88S5kB3J6fKH5w2ikzKLmBxCvZbPGKl","53","377","397","-1","NaN"
"447","Doa Ibu Persada","","Kenapa orang yang tidak imunisasi lengkap bisa lebih berisiko mengalami gangguan kesuburan?","https://web.facebook.com/reel/976408475189509/","0","0","0","-1","NaN"
"448","Katsina State Primary Health Care Agency-KSPHCA","2026-07-09T06:38:00.000Z","Katsina State Hosts National Measles-Rubella Surveillance Strengthening Mission… Lihat selengkapnya","https://web.facebook.com/photo/?fbid=1033415379241970&set=pcb.1033415919241916","1","0","4","-1","NaN"
"449","0:00 / 1:26","","Attention!!! LIGTAS TIGDASWhat: MR SIA - VAS - Measles Rubella Immunization  Activity… Lihat selengkapnya","https://web.facebook.com/100003660107950/videos/pcb.4015745355224095/27819489737683302","0","0","0","-1","NaN"
"450","Allan Pedraza","","Measles-Rubella.Supplemental Immunization Activity (MR SIA) with Vitamin A Supplemental (VAS)","https://web.facebook.com/reel/36984224181192210/","0","0","0","-1","NaN"
"451","Barangay Vibora","","For Your InformationMeasles-Rubella Supplemental Immunization Activity (MR-SIA) with Vitamin A Supplementation (VAS)","https://web.facebook.com/reel/2476738346098624/","0","0","0","-1","NaN"
"452","Barangay Tejero","","Measles-Rubella Supplemental Immunization Activity  with Vitamin A Supplementation (MRSIA-VAS)","https://web.facebook.com/reel/4358373807758335/","0","0","0","-1","NaN"
"453","Riswan Onti","","Sudah Tahukah Anda Manfaat Lengkap Imunisasi Anak di Posyandu?… Lihat selengkapnya","https://web.facebook.com/reel/2925860107608444/","0","0","700","-1","NaN"
"454","Satria Prabu","2025-08-29T14:42:00.000Z","""Yeh loah mah enak keluarga cines koh, boleh nolak mana ada yang berani maksa2 pakcin di perumahan elit, lah kite nyang di emperan  emang boleh? ""","","0","0","0","-1","https://web.facebook.com/photo/?fbid=757232593738471&set=a.101256392669431"
"455","Lisa","2025-08-29T14:28:00.000Z","Cuman demam aja sama ngilu ngilu trus trus nanti kalau hilang demam nya lgsg timbul.merah merah doang ..abis itu ilang deh sembuh ...","","0","0","0","-1","https://web.facebook.com/photo/?fbid=757232593738471&set=a.101256392669431"
"456","Bojomu","2025-08-31T03:06:00.000Z","Soalnya anakku 3 hari demam naik turun udah dikasih pamol sembuh nanti demam lagi","","0","0","0","-1","https://web.facebook.com/photo/?fbid=757232593738471&set=a.101256392669431"
"457","Annie Ana Annie","2025-08-29T23:16:00.000Z","Mapo cap bola andalan dlu kalau anak kena campak. Kalau mulutnya rusak suka diolesin itu dlu. Efek campak kan mulut pada kaya org sariawan, pakai mapo ilang.","","0","0","0","-1","https://web.facebook.com/photo/?fbid=757232593738471&set=a.101256392669431"
"458","MAK'E BILMIF","2025-08-29T14:20:00.000Z","Yg meninggal itu kan ditangani di RS kan koh Bao Chenx ? Sama kyk jaman copet juga lah, interaksi antar obat...sakitnya krn virus dikasihnya utk bakteri","","0","0","0","-1","https://web.facebook.com/photo/?fbid=757232593738471&set=a.101256392669431"
"459","Uma A","2025-08-29T16:39:00.000Z","Coba cari berita lain ko Bao Chenx . Dapat santunan dari gabernernya buat korban. Padahal g lagi pemilu.","","0","0","0","-1","https://web.facebook.com/photo/?fbid=757232593738471&set=a.101256392669431"
"460","Neng Cintha","2026-05-13T14:48:00.000Z","Klik Disini Untuk Berlangganan   https://www.facebook.com/cintaofficial1212/subscribenow?surface=pinned_comments","","0","0","0","-1","https://web.facebook.com/cintaofficial1212/posts/pfbid0eGCKu3qjJ9TBhE9d7NXSAZxUH5bTn1KeTcDjsgACNFYBAqyFTKzvhzyznGddGCJ4l"
"461","Naura Nadzifah","2026-05-13T21:09:00.000Z","hilang tar juga neng.anak teteh kitu lebih parah tikitu","","0","0","0","-1","https://web.facebook.com/cintaofficial1212/posts/pfbid0eGCKu3qjJ9TBhE9d7NXSAZxUH5bTn1KeTcDjsgACNFYBAqyFTKzvhzyznGddGCJ4l"
"462","Mutiah Sobirin","2026-05-14T04:09:00.000Z","Pake ini teh ilang cpet..kmren anakku campak juga rekomendasi dr dktr..","","0","0","0","-1","https://web.facebook.com/cintaofficial1212/posts/pfbid0eGCKu3qjJ9TBhE9d7NXSAZxUH5bTn1KeTcDjsgACNFYBAqyFTKzvhzyznGddGCJ4l"
"463","Sara Dwi Oktora","2026-05-22T05:25:00.000Z","bun demam nya berapa lama?","","0","0","0","-1","https://web.facebook.com/cintaofficial1212/posts/pfbid0eGCKu3qjJ9TBhE9d7NXSAZxUH5bTn1KeTcDjsgACNFYBAqyFTKzvhzyznGddGCJ4l"
"464","Fransiska II","2026-05-13T15:08:00.000Z","Skrg udah sembuh itu cin?","","0","0","0","-1","https://web.facebook.com/cintaofficial1212/posts/pfbid0eGCKu3qjJ9TBhE9d7NXSAZxUH5bTn1KeTcDjsgACNFYBAqyFTKzvhzyznGddGCJ4l"
"465","Shafa Nazira","2026-05-13T21:11:00.000Z","Anaku bulan kemaren kena campak, ya seperti itu, Bagus dia keluar bintik² nya,","","0","0","0","-1","https://web.facebook.com/cintaofficial1212/posts/pfbid0eGCKu3qjJ9TBhE9d7NXSAZxUH5bTn1KeTcDjsgACNFYBAqyFTKzvhzyznGddGCJ4l"
"466","Neng Cintha","2026-05-13T00:48:00.000Z","Klik Disini Untuk Berlangganan   https://www.facebook.com/cintaofficial1212/subscribenow?surface=pinned_comments","","0","0","0","-1","https://web.facebook.com/cintaofficial1212/posts/pfbid0eGCKu3qjJ9TBhE9d7NXSAZxUH5bTn1KeTcDjsgACNFYBAqyFTKzvhzyznGddGCJ4l"
"467","Naura Nadzifah","2026-05-13T07:09:00.000Z","hilang tar juga neng.anak teteh kitu lebih parah tikitu","","0","0","0","-1","https://web.facebook.com/cintaofficial1212/posts/pfbid0eGCKu3qjJ9TBhE9d7NXSAZxUH5bTn1KeTcDjsgACNFYBAqyFTKzvhzyznGddGCJ4l"
"468","Mutiah Sobirin","2026-05-13T14:09:00.000Z","Pake ini teh ilang cpet..kmren anakku campak juga rekomendasi dr dktr..","","0","0","0","-1","https://web.facebook.com/cintaofficial1212/posts/pfbid0eGCKu3qjJ9TBhE9d7NXSAZxUH5bTn1KeTcDjsgACNFYBAqyFTKzvhzyznGddGCJ4l"
"469","Sara Dwi Oktora","2026-05-21T15:25:00.000Z","bun demam nya berapa lama?","","0","0","0","-1","https://web.facebook.com/cintaofficial1212/posts/pfbid0eGCKu3qjJ9TBhE9d7NXSAZxUH5bTn1KeTcDjsgACNFYBAqyFTKzvhzyznGddGCJ4l"
"470","Fransiska II","2026-05-13T01:08:00.000Z","Skrg udah sembuh itu cin?","","0","0","0","-1","https://web.facebook.com/cintaofficial1212/posts/pfbid0eGCKu3qjJ9TBhE9d7NXSAZxUH5bTn1KeTcDjsgACNFYBAqyFTKzvhzyznGddGCJ4l"
"471","Shafa Nazira","2026-05-13T07:11:00.000Z","Anaku bulan kemaren kena campak, ya seperti itu, Bagus dia keluar bintik² nya,","","0","0","0","-1","https://web.facebook.com/cintaofficial1212/posts/pfbid0eGCKu3qjJ9TBhE9d7NXSAZxUH5bTn1KeTcDjsgACNFYBAqyFTKzvhzyznGddGCJ4l"
"472","Nila Listia","2026-05-31T08:18:00.000Z","terimakasih yang sudah mampir dan bergabung mari kita saling support  dan Jangan Lupa berlangganan https://www.facebook.com/nila.listia.9/subscribenow?surface=pinned_comments","","0","0","0","-1","https://web.facebook.com/nila.listia.9/posts/pfbid0zwehEx6TaS7f5t5Z9BpBPTP1LvdN8bY6E4qYmV72bid184nzHTpiAKLw5pE2L8awl"
"473","Mas Ndoyokk","2026-05-31T13:44:00.000Z","Tukono betason","","0","0","0","-1","https://web.facebook.com/nila.listia.9/posts/pfbid0zwehEx6TaS7f5t5Z9BpBPTP1LvdN8bY6E4qYmV72bid184nzHTpiAKLw5pE2L8awl"
"474","Garace Torix","2026-05-31T09:57:00.000Z","Napa nil","","0","0","0","-1","https://web.facebook.com/nila.listia.9/posts/pfbid0zwehEx6TaS7f5t5Z9BpBPTP1LvdN8bY6E4qYmV72bid184nzHTpiAKLw5pE2L8awl"
"475","Widodo Widodo","2026-05-31T14:57:00.000Z","Semoga cepat sembuh","","0","0","0","-1","https://web.facebook.com/nila.listia.9/posts/pfbid0zwehEx6TaS7f5t5Z9BpBPTP1LvdN8bY6E4qYmV72bid184nzHTpiAKLw5pE2L8awl"
"476","Wahyu Hito","2026-05-31T10:42:00.000Z","Geno kui dex?","","0","0","0","-1","https://web.facebook.com/nila.listia.9/posts/pfbid0zwehEx6TaS7f5t5Z9BpBPTP1LvdN8bY6E4qYmV72bid184nzHTpiAKLw5pE2L8awl"
"477","Diana Sari","2026-05-31T11:44:00.000Z","Knp ini kk","","0","0","0","-1","https://web.facebook.com/nila.listia.9/posts/pfbid0zwehEx6TaS7f5t5Z9BpBPTP1LvdN8bY6E4qYmV72bid184nzHTpiAKLw5pE2L8awl"
"478","Nila Listia","2026-05-30T18:18:00.000Z","terimakasih yang sudah mampir dan bergabung mari kita saling support  dan Jangan Lupa berlangganan https://www.facebook.com/nila.listia.9/subscribenow?surface=pinned_comments","","0","0","0","-1","https://web.facebook.com/nila.listia.9/posts/pfbid0zwehEx6TaS7f5t5Z9BpBPTP1LvdN8bY6E4qYmV72bid184nzHTpiAKLw5pE2L8awl"
"479","Mas Ndoyokk","2026-05-30T23:44:00.000Z","Tukono betason","","0","0","0","-1","https://web.facebook.com/nila.listia.9/posts/pfbid0zwehEx6TaS7f5t5Z9BpBPTP1LvdN8bY6E4qYmV72bid184nzHTpiAKLw5pE2L8awl"
"480","Garace Torix","2026-05-30T19:57:00.000Z","Napa nil","","0","0","0","-1","https://web.facebook.com/nila.listia.9/posts/pfbid0zwehEx6TaS7f5t5Z9BpBPTP1LvdN8bY6E4qYmV72bid184nzHTpiAKLw5pE2L8awl"
"481","Widodo Widodo","2026-05-31T00:57:00.000Z","Semoga cepat sembuh","","0","0","0","-1","https://web.facebook.com/nila.listia.9/posts/pfbid0zwehEx6TaS7f5t5Z9BpBPTP1LvdN8bY6E4qYmV72bid184nzHTpiAKLw5pE2L8awl"
"482","Wahyu Hito","2026-05-30T20:42:00.000Z","Geno kui dex?","","0","0","0","-1","https://web.facebook.com/nila.listia.9/posts/pfbid0zwehEx6TaS7f5t5Z9BpBPTP1LvdN8bY6E4qYmV72bid184nzHTpiAKLw5pE2L8awl"
"483","Diana Sari","2026-05-30T21:44:00.000Z","Knp ini kk","","0","0","0","-1","https://web.facebook.com/nila.listia.9/posts/pfbid0zwehEx6TaS7f5t5Z9BpBPTP1LvdN8bY6E4qYmV72bid184nzHTpiAKLw5pE2L8awl"
"484","Elisabeth L. Wikandari","2026-03-28T03:32:00.000Z","Kemenkes masih melihat bhw penyebab kematian dokter tsb adalah campaknya, padahal setahu saya campak bukan penyakit mematikan. Kemenkes tdk mau mengakui dokter tsb hrs bekerja gak kenal waktu dalam keadaan sakit, shg ini berpotensi menjadi penyebab kematian. Selalu penyakit dijadikan kambing hitam untuk menutupi kejadian yg sebenarnya.","","0","0","0","-1","https://web.facebook.com/TirtoID/posts/pfbid02kittGR5QwHz8LBzZQTRskpuiXT8ziPw9AEv2wrd9A8p92y4TtBVvtaJNw8gAVAuzl"
"485","Shanum Fariza R","2026-03-28T11:59:00.000Z","Kenapaaa yaaa sblum campak viral belakangan ini, perasaan campak gak begitu mengerikan , malahan kalau demam keluar campak merah2 gt bagus katanya panasnya keluar gt , dan trs cuma di minumin air kelapa hijau saja…. Sekarang kok jadi ngeri ya","","0","0","0","-1","https://web.facebook.com/TirtoID/posts/pfbid02kittGR5QwHz8LBzZQTRskpuiXT8ziPw9AEv2wrd9A8p92y4TtBVvtaJNw8gAVAuzl"
"486","Athar Guinandra","2026-03-28T05:26:00.000Z","Masa seorang dokter yang udah vaksin tentunya tau donk yang terbaik untuk dia soal kesehatan  kenpa mati gara gara komplikasi campak...","","0","0","0","-1","https://web.facebook.com/TirtoID/posts/pfbid02kittGR5QwHz8LBzZQTRskpuiXT8ziPw9AEv2wrd9A8p92y4TtBVvtaJNw8gAVAuzl"
"487","Daimler Tuku Gawa","2026-03-27T20:22:00.000Z","Harusnya yang campak2 disuruh ke pemuka agama saja. Apalagi yang dulu anti vaksin. Jangan ke dokter. Membahayakan dokter saja.","","0","0","0","-1","https://web.facebook.com/TirtoID/posts/pfbid02kittGR5QwHz8LBzZQTRskpuiXT8ziPw9AEv2wrd9A8p92y4TtBVvtaJNw8gAVAuzl"
"488","Suryani Suryani","2026-03-28T18:34:00.000Z","Kls 3 SMP dan SMA kls 1 pernah mengalami penyakit campak, ya spt itu penyakit nya, bila terpapar angin smkn melebar dan gatal serta panas walaupun tak berkeringat","","0","0","0","-1","https://web.facebook.com/TirtoID/posts/pfbid02kittGR5QwHz8LBzZQTRskpuiXT8ziPw9AEv2wrd9A8p92y4TtBVvtaJNw8gAVAuzl"
"489","Ayubil Ziyad Sabiq","2026-03-28T12:55:00.000Z","Dan nantinya bersedia di Vaksin kembali ? Sesuai PlanDemic 2028.","","0","0","0","-1","https://web.facebook.com/TirtoID/posts/pfbid02kittGR5QwHz8LBzZQTRskpuiXT8ziPw9AEv2wrd9A8p92y4TtBVvtaJNw8gAVAuzl"
"490","Idwputu Putra W","2026-03-28T07:50:00.000Z","Kalau jaman kuno, obat campak itu adalah bedak wangi dan gosokan kayu cendana ... bisa sembuh total","","0","0","0","-1","https://web.facebook.com/TirtoID/posts/pfbid02kittGR5QwHz8LBzZQTRskpuiXT8ziPw9AEv2wrd9A8p92y4TtBVvtaJNw8gAVAuzl"
"491","Nila Silvia","2026-03-28T04:48:00.000Z","Campak adalah penyakit mematikan kata kemenkes.. nah besok2 demam flu juga jadi penyakit mematikan....","","0","0","0","-1","https://web.facebook.com/TirtoID/posts/pfbid02kittGR5QwHz8LBzZQTRskpuiXT8ziPw9AEv2wrd9A8p92y4TtBVvtaJNw8gAVAuzl"
"492","Fikriyah Riyah Ichigo","2026-03-28T17:05:00.000Z","Penyakit buatan itu biasalah jualan obat, padahal campak mah obatnya makan makanan yg bergizi.","","0","0","0","-1","https://web.facebook.com/TirtoID/posts/pfbid02kittGR5QwHz8LBzZQTRskpuiXT8ziPw9AEv2wrd9A8p92y4TtBVvtaJNw8gAVAuzl"
"493","Leny Efnita Siregar","2026-03-29T00:13:00.000Z","Lucu. Campak di masa lalu ngga seheboh ini. Sy curiga penanganan di RS jd faktor. Krn bnyk pasien yg sdh sampai RS, bukannya membaik malah memburuk sampai meninggal","","0","0","0","-1","https://web.facebook.com/TirtoID/posts/pfbid02kittGR5QwHz8LBzZQTRskpuiXT8ziPw9AEv2wrd9A8p92y4TtBVvtaJNw8gAVAuzl"
"494","Elisabeth L. Wikandari","2026-03-27T13:32:00.000Z","Kemenkes masih melihat bhw penyebab kematian dokter tsb adalah campaknya, padahal setahu saya campak bukan penyakit mematikan. Kemenkes tdk mau mengakui dokter tsb hrs bekerja gak kenal waktu dalam keadaan sakit, shg ini berpotensi menjadi penyebab kematian. Selalu penyakit dijadikan kambing hitam untuk menutupi kejadian yg sebenarnya.","","0","0","0","-1","https://web.facebook.com/TirtoID/posts/pfbid02kittGR5QwHz8LBzZQTRskpuiXT8ziPw9AEv2wrd9A8p92y4TtBVvtaJNw8gAVAuzl"
"495","Shanum Fariza R","2026-03-27T21:59:00.000Z","Kenapaaa yaaa sblum campak viral belakangan ini, perasaan campak gak begitu mengerikan , malahan kalau demam keluar campak merah2 gt bagus katanya panasnya keluar gt , dan trs cuma di minumin air kelapa hijau saja…. Sekarang kok jadi ngeri ya","","0","0","0","-1","https://web.facebook.com/TirtoID/posts/pfbid02kittGR5QwHz8LBzZQTRskpuiXT8ziPw9AEv2wrd9A8p92y4TtBVvtaJNw8gAVAuzl"
"496","Athar Guinandra","2026-03-27T15:26:00.000Z","Masa seorang dokter yang udah vaksin tentunya tau donk yang terbaik untuk dia soal kesehatan  kenpa mati gara gara komplikasi campak...","","0","0","0","-1","https://web.facebook.com/TirtoID/posts/pfbid02kittGR5QwHz8LBzZQTRskpuiXT8ziPw9AEv2wrd9A8p92y4TtBVvtaJNw8gAVAuzl"
"497","Daimler Tuku Gawa","2026-03-27T06:22:00.000Z","Harusnya yang campak2 disuruh ke pemuka agama saja. Apalagi yang dulu anti vaksin. Jangan ke dokter. Membahayakan dokter saja.","","0","0","0","-1","https://web.facebook.com/TirtoID/posts/pfbid02kittGR5QwHz8LBzZQTRskpuiXT8ziPw9AEv2wrd9A8p92y4TtBVvtaJNw8gAVAuzl"
"498","Suryani Suryani","2026-03-28T04:34:00.000Z","Kls 3 SMP dan SMA kls 1 pernah mengalami penyakit campak, ya spt itu penyakit nya, bila terpapar angin smkn melebar dan gatal serta panas walaupun tak berkeringat","","0","0","0","-1","https://web.facebook.com/TirtoID/posts/pfbid02kittGR5QwHz8LBzZQTRskpuiXT8ziPw9AEv2wrd9A8p92y4TtBVvtaJNw8gAVAuzl"
"499","Andi Ridwan","2026-03-11T09:15:00.000Z","Makin bergizi ternyata makin stress, bicara hanya buat nyenengin tuannya aja, nggak peduli dirinya pemimpin umat.","","0","0","0","-1","https://web.facebook.com/photo/?fbid=122286093410196999&set=a.122097326228196999"
"500","Sancang Lodaya","2026-03-11T12:18:00.000Z","Bagus atuh biar nanti santri nya JD pendekar sakti dari dapur mbg","","0","0","0","-1","https://web.facebook.com/photo/?fbid=122286093410196999&set=a.122097326228196999"
"501","Asrun San","2026-03-11T10:29:00.000Z","Bibir tinggal...","","0","0","0","-1","https://web.facebook.com/photo/?fbid=122286093410196999&set=a.122097326228196999"
"502","Madiun Cinta Sunnah","2026-03-12T20:21:00.000Z","Punya dapur berapa gus","","0","0","0","-1","https://web.facebook.com/photo/?fbid=122286093410196999&set=a.122097326228196999"
"503","Giovanni Adam Rison","2026-03-13T09:12:00.000Z","Betul sekali bapak, bukan hanya sakti pak, tapi juga bisa pindah ke alam karena keracunan.","","0","0","0","-1","https://web.facebook.com/photo/?fbid=122286093410196999&set=a.122097326228196999"
"504","Eddy Noer","2026-03-13T23:05:00.000Z","Ternyata ada ust , yang mulia melirik MBG, begitu lulus santri nya pasti Bisa jadi pengusaha & sakti mandraguna gak mau' Korupsi","","0","0","0","-1","https://web.facebook.com/photo/?fbid=122286093410196999&set=a.122097326228196999"
"505","Fevi Yuriandika","2026-03-09T10:24:00.000Z","Mohon maaf comment tidak dapat saya jawab semua,“Follow & langganan dulu ya, biar dapat waktu spesial, bukan waktu sisa ” https://www.facebook.com/klinik.yuriandika/subscribenow?surface=pinned_comments","","0","0","0","-1","https://web.facebook.com/klinik.yuriandika/posts/pfbid0aCC9f5rm64dMuFfYWK8TSqUZdsWL6SHrr8sPpLFLzFxZqs4t4TqppqaGFHiFkT8Zl"
"506","Embuk Alif Azka","2026-03-09T10:29:00.000Z","Allhmdulillah smua anak syaa vaksin lengkap smuaa","","0","0","0","-1","https://web.facebook.com/klinik.yuriandika/posts/pfbid0aCC9f5rm64dMuFfYWK8TSqUZdsWL6SHrr8sPpLFLzFxZqs4t4TqppqaGFHiFkT8Zl"
"507","Wulan Wulan","2026-03-09T11:07:00.000Z","sangat bahaya Bun KLO kena air sama angin jadi dua2nya itu dihindari sampai sembuh tetap dalam rumah","","0","0","0","-1","https://web.facebook.com/klinik.yuriandika/posts/pfbid0aCC9f5rm64dMuFfYWK8TSqUZdsWL6SHrr8sPpLFLzFxZqs4t4TqppqaGFHiFkT8Zl"
"508","Wah Yono","2026-03-09T11:12:00.000Z","Untung gak dicampakkan","","0","0","0","-1","https://web.facebook.com/klinik.yuriandika/posts/pfbid0aCC9f5rm64dMuFfYWK8TSqUZdsWL6SHrr8sPpLFLzFxZqs4t4TqppqaGFHiFkT8Zl"
"509","Opel Sukses","2026-03-09T12:03:00.000Z","Mohon maaf comment tidak dapat saya jawab semua,“Follow & langganan dulu ya, biar dapat waktu spesial, bukan waktu sisa ” https://www.facebook.com/klinik.yuriandika/subscribenow?surface=pinned_comments","","0","0","0","-1","https://web.facebook.com/klinik.yuriandika/posts/pfbid0aCC9f5rm64dMuFfYWK8TSqUZdsWL6SHrr8sPpLFLzFxZqs4t4TqppqaGFHiFkT8Zl"
"510","Opel Sukses","2026-03-09T12:03:00.000Z","Mohon maaf comment tidak dapat saya jawab semua,“Follow & langganan dulu ya, biar dapat waktu spesial, bukan waktu sisa ” https://www.facebook.com/klinik.yuriandika/subscribenow?surface=pinned_comments","","0","0","0","-1","https://web.facebook.com/klinik.yuriandika/posts/pfbid0aCC9f5rm64dMuFfYWK8TSqUZdsWL6SHrr8sPpLFLzFxZqs4t4TqppqaGFHiFkT8Zl"
"511","Opel Sukses","2026-03-09T12:03:00.000Z","Mohon maaf comment tidak dapat saya jawab semua,“Follow & langganan dulu ya, biar dapat waktu spesial, bukan waktu sisa ” https://www.facebook.com/klinik.yuriandika/subscribenow?surface=pinned_comments","","0","0","0","-1","https://web.facebook.com/klinik.yuriandika/posts/pfbid0aCC9f5rm64dMuFfYWK8TSqUZdsWL6SHrr8sPpLFLzFxZqs4t4TqppqaGFHiFkT8Zl"
"512","Aqilla Dinda","2026-03-09T12:53:00.000Z","apakah campak sama gabakan itu beda?","","0","0","0","-1","https://web.facebook.com/klinik.yuriandika/posts/pfbid0aCC9f5rm64dMuFfYWK8TSqUZdsWL6SHrr8sPpLFLzFxZqs4t4TqppqaGFHiFkT8Zl"
"513","Mbak Encuss","2026-03-09T13:17:00.000Z","Mohon maaf comment tidak dapat saya jawab semua,“Follow & langganan dulu ya, biar dapat waktu spesial, bukan waktu sisa ” https://www.facebook.com/klinik.yuriandika/subscribenow?surface=pinned_comments","","0","0","0","-1","https://web.facebook.com/klinik.yuriandika/posts/pfbid0aCC9f5rm64dMuFfYWK8TSqUZdsWL6SHrr8sPpLFLzFxZqs4t4TqppqaGFHiFkT8Zl"
"514","Lestriana","2026-03-09T13:23:00.000Z","Listia","","0","0","0","-1","https://web.facebook.com/klinik.yuriandika/posts/pfbid0aCC9f5rm64dMuFfYWK8TSqUZdsWL6SHrr8sPpLFLzFxZqs4t4TqppqaGFHiFkT8Zl"
"515","Fevi Yuriandika","2026-03-08T20:24:00.000Z","Mohon maaf comment tidak dapat saya jawab semua,“Follow & langganan dulu ya, biar dapat waktu spesial, bukan waktu sisa ” https://www.facebook.com/klinik.yuriandika/subscribenow?surface=pinned_comments","","0","0","0","-1","https://web.facebook.com/klinik.yuriandika/posts/pfbid0aCC9f5rm64dMuFfYWK8TSqUZdsWL6SHrr8sPpLFLzFxZqs4t4TqppqaGFHiFkT8Zl"
"516","Embuk Alif Azka","2026-03-08T20:29:00.000Z","Allhmdulillah smua anak syaa vaksin lengkap smuaa","","0","0","0","-1","https://web.facebook.com/klinik.yuriandika/posts/pfbid0aCC9f5rm64dMuFfYWK8TSqUZdsWL6SHrr8sPpLFLzFxZqs4t4TqppqaGFHiFkT8Zl"
"517","Wulan Wulan","2026-03-08T21:07:00.000Z","sangat bahaya Bun KLO kena air sama angin jadi dua2nya itu dihindari sampai sembuh tetap dalam rumah","","0","0","0","-1","https://web.facebook.com/klinik.yuriandika/posts/pfbid0aCC9f5rm64dMuFfYWK8TSqUZdsWL6SHrr8sPpLFLzFxZqs4t4TqppqaGFHiFkT8Zl"
"518","Wah Yono","2026-03-08T21:12:00.000Z","Untung gak dicampakkan","","0","0","0","-1","https://web.facebook.com/klinik.yuriandika/posts/pfbid0aCC9f5rm64dMuFfYWK8TSqUZdsWL6SHrr8sPpLFLzFxZqs4t4TqppqaGFHiFkT8Zl"
"519","Opel Sukses","2026-03-08T22:03:00.000Z","Mohon maaf comment tidak dapat saya jawab semua,“Follow & langganan dulu ya, biar dapat waktu spesial, bukan waktu sisa ” https://www.facebook.com/klinik.yuriandika/subscribenow?surface=pinned_comments","","0","0","0","-1","https://web.facebook.com/klinik.yuriandika/posts/pfbid0aCC9f5rm64dMuFfYWK8TSqUZdsWL6SHrr8sPpLFLzFxZqs4t4TqppqaGFHiFkT8Zl"
"520","Sri Mahyuni","2026-06-10T09:10:00.000Z","keuntungan berlangganan https://www.facebook.com/sri.mahyuni.960392/subscribenow?surface=pinned_comments","","0","0","0","-1","https://web.facebook.com/sri.mahyuni.960392/posts/pfbid02CDGoKvBbsQvFwZA2aPR6iQPXGSxekMMW9bif2DBEwQgddFdxzezf1ah2FqYfs48vl"
"521","Suci Aulia","2026-06-10T12:25:00.000Z","dikasi minum air kelapa sama madu kk biar ndang keluar semua krumutnnya","","0","0","0","-1","https://web.facebook.com/sri.mahyuni.960392/posts/pfbid02CDGoKvBbsQvFwZA2aPR6iQPXGSxekMMW9bif2DBEwQgddFdxzezf1ah2FqYfs48vl"
"522","Akak Cimoyy","2026-06-13T08:45:00.000Z","Anakku sampai 42°sampai kejang kejang kk","","0","0","0","-1","https://web.facebook.com/sri.mahyuni.960392/posts/pfbid02CDGoKvBbsQvFwZA2aPR6iQPXGSxekMMW9bif2DBEwQgddFdxzezf1ah2FqYfs48vl"
"523","Nur Nazira","2026-06-10T11:43:00.000Z","Mkan ny anak KK mau KK imunisasi Kn KK srik, bnyk penyakit aneh "" skrg","","0","0","0","-1","https://web.facebook.com/sri.mahyuni.960392/posts/pfbid02CDGoKvBbsQvFwZA2aPR6iQPXGSxekMMW9bif2DBEwQgddFdxzezf1ah2FqYfs48vl"
"524","Hesti Ningsih","2026-06-10T09:53:00.000Z","Sedih kali rasanya kalo anak sakit","","0","0","0","-1","https://web.facebook.com/sri.mahyuni.960392/posts/pfbid02CDGoKvBbsQvFwZA2aPR6iQPXGSxekMMW9bif2DBEwQgddFdxzezf1ah2FqYfs48vl"
"525","Lia Elvina II","2026-06-10T10:01:00.000Z","Bawa berobat ke dokter apa pke obat kampung kk?","","0","0","0","-1","https://web.facebook.com/sri.mahyuni.960392/posts/pfbid02CDGoKvBbsQvFwZA2aPR6iQPXGSxekMMW9bif2DBEwQgddFdxzezf1ah2FqYfs48vl"
"526","Mbak Riya","2026-06-10T13:09:00.000Z","Cepat sembuh ya titi syg","","0","0","0","-1","https://web.facebook.com/sri.mahyuni.960392/posts/pfbid02CDGoKvBbsQvFwZA2aPR6iQPXGSxekMMW9bif2DBEwQgddFdxzezf1ah2FqYfs48vl"
"527","Tri Muliyana","2026-06-10T09:41:00.000Z","Cepat sehat ya dek","","0","0","0","-1","https://web.facebook.com/sri.mahyuni.960392/posts/pfbid02CDGoKvBbsQvFwZA2aPR6iQPXGSxekMMW9bif2DBEwQgddFdxzezf1ah2FqYfs48vl"
"528","Mom's Della'sasya","2026-06-10T12:33:00.000Z","Mknya suka heran SM org tua yg GK ngasih ank ny d posyandu dk..smntara pnyakit skrg aneh aneh dn gampang menyebar ny","","0","0","0","-1","https://web.facebook.com/sri.mahyuni.960392/posts/pfbid02CDGoKvBbsQvFwZA2aPR6iQPXGSxekMMW9bif2DBEwQgddFdxzezf1ah2FqYfs48vl"
"529","Sri Mahyuni","2026-06-09T19:10:00.000Z","keuntungan berlangganan https://www.facebook.com/sri.mahyuni.960392/subscribenow?surface=pinned_comments","","0","0","0","-1","https://web.facebook.com/sri.mahyuni.960392/posts/pfbid02CDGoKvBbsQvFwZA2aPR6iQPXGSxekMMW9bif2DBEwQgddFdxzezf1ah2FqYfs48vl"
"530","Suci Aulia","2026-06-09T22:25:00.000Z","dikasi minum air kelapa sama madu kk biar ndang keluar semua krumutnnya","","0","0","0","-1","https://web.facebook.com/sri.mahyuni.960392/posts/pfbid02CDGoKvBbsQvFwZA2aPR6iQPXGSxekMMW9bif2DBEwQgddFdxzezf1ah2FqYfs48vl"
"531","Akak Cimoyy","2026-06-12T18:45:00.000Z","Anakku sampai 42°sampai kejang kejang kk","","0","0","0","-1","https://web.facebook.com/sri.mahyuni.960392/posts/pfbid02CDGoKvBbsQvFwZA2aPR6iQPXGSxekMMW9bif2DBEwQgddFdxzezf1ah2FqYfs48vl"
"532","Nur Nazira","2026-06-09T21:43:00.000Z","Mkan ny anak KK mau KK imunisasi Kn KK srik, bnyk penyakit aneh "" skrg","","0","0","0","-1","https://web.facebook.com/sri.mahyuni.960392/posts/pfbid02CDGoKvBbsQvFwZA2aPR6iQPXGSxekMMW9bif2DBEwQgddFdxzezf1ah2FqYfs48vl"
"533","Hesti Ningsih","2026-06-09T19:53:00.000Z","Sedih kali rasanya kalo anak sakit","","0","0","0","-1","https://web.facebook.com/sri.mahyuni.960392/posts/pfbid02CDGoKvBbsQvFwZA2aPR6iQPXGSxekMMW9bif2DBEwQgddFdxzezf1ah2FqYfs48vl"
"534","Lia Elvina II","2026-06-09T20:01:00.000Z","Bawa berobat ke dokter apa pke obat kampung kk?","","0","0","0","-1","https://web.facebook.com/sri.mahyuni.960392/posts/pfbid02CDGoKvBbsQvFwZA2aPR6iQPXGSxekMMW9bif2DBEwQgddFdxzezf1ah2FqYfs48vl"
"535","Teguh Swp","2026-03-12T18:26:00.000Z","Belum tentu itu campak, bisa juga karena alergi obat. Banyak makan protein hewani, ikan laut/tawar, ayam kampung,ikan gabus. Dan jangan lupa sayur ijoan.minum air hangat, tidur yg cukup","","0","0","0","-1","https://web.facebook.com/nurmainginselalutersenyummeskisendiri/posts/pfbid02na2hMzqDq2XmKRw1T1SCzhRVy95q9Fa9v1ndN4AeTHAivewajXFjhwuAJ9CVaqEfl"
"536","Ayu Setyani","2026-03-13T03:11:00.000Z","Kalau lagi minum obat coba berhenti dulu obatnya.dulu anak saya kayak gitu,tapi bukan campak,karena alergi obat.sebelum berobat cuma panas,setelah minum obat malah kayak gitu.","","0","0","0","-1","https://web.facebook.com/nurmainginselalutersenyummeskisendiri/posts/pfbid02na2hMzqDq2XmKRw1T1SCzhRVy95q9Fa9v1ndN4AeTHAivewajXFjhwuAJ9CVaqEfl"
"537","Pakdhe Indro","2026-03-12T20:50:00.000Z","Divaksin atau tidak, semua manusia tetap akan terkena campak & penyakit campak bisa diatasi secara mandiri tanpa vaksin + tanpa ke RS yg malah menimbulkan korban","","0","0","0","-1","https://web.facebook.com/nurmainginselalutersenyummeskisendiri/posts/pfbid02na2hMzqDq2XmKRw1T1SCzhRVy95q9Fa9v1ndN4AeTHAivewajXFjhwuAJ9CVaqEfl"
"538","Widi Septiyani","2026-03-12T14:21:00.000Z","Aku jg kmarin sehabis sc selang 5harian jg gtu,, panas gatell alhamdulilah gk nular ke bayinya","","0","0","0","-1","https://web.facebook.com/nurmainginselalutersenyummeskisendiri/posts/pfbid02na2hMzqDq2XmKRw1T1SCzhRVy95q9Fa9v1ndN4AeTHAivewajXFjhwuAJ9CVaqEfl"
"539","Kartini Tini","2026-03-13T02:23:00.000Z","Ya benar ank ku masih umur 2 tahun kenak campak..Uda satu Minggu demam..blm turun jga","","0","0","0","-1","https://web.facebook.com/nurmainginselalutersenyummeskisendiri/posts/pfbid02na2hMzqDq2XmKRw1T1SCzhRVy95q9Fa9v1ndN4AeTHAivewajXFjhwuAJ9CVaqEfl"
"540","Bisqis Dewi Rida Rhida","2026-03-13T02:50:00.000Z","Itu alergi obat dlu sya jg seperti itu hbis oprasi ceasar badan smpe wajah gtal2 panas","","0","0","0","-1","https://web.facebook.com/nurmainginselalutersenyummeskisendiri/posts/pfbid02na2hMzqDq2XmKRw1T1SCzhRVy95q9Fa9v1ndN4AeTHAivewajXFjhwuAJ9CVaqEfl"
"541","Devi Sri","2026-03-12T20:33:00.000Z","Ya, benar KA, ibuku juga mengalami kudis,","","0","0","0","-1","https://web.facebook.com/nurmainginselalutersenyummeskisendiri/posts/pfbid02na2hMzqDq2XmKRw1T1SCzhRVy95q9Fa9v1ndN4AeTHAivewajXFjhwuAJ9CVaqEfl"
"542","Zaa Ariza","2026-03-12T20:24:00.000Z","Campak itu kan emang bakalan di alamin manusia sekali seumur hidup . Mungkin itu ibu belum pernah kena campak . Jadi baru kena skrng . Soal nya aku kena campak aja pas 3 SMA","","0","0","0","-1","https://web.facebook.com/nurmainginselalutersenyummeskisendiri/posts/pfbid02na2hMzqDq2XmKRw1T1SCzhRVy95q9Fa9v1ndN4AeTHAivewajXFjhwuAJ9CVaqEfl"
"543","Ross Inna","2026-03-13T03:06:00.000Z","Baru habis kena, gejala awal mau kena sendi2 semua terasa sakit.","","0","0","0","-1","https://web.facebook.com/nurmainginselalutersenyummeskisendiri/posts/pfbid02na2hMzqDq2XmKRw1T1SCzhRVy95q9Fa9v1ndN4AeTHAivewajXFjhwuAJ9CVaqEfl"
"544","Annisa Nadira Putri","2026-03-12T15:45:00.000Z","Aku abis SC juga gtu 5harian abis SC itu alergi antibiotik katanya ga kpn2 selang 3hari hilang","","0","0","0","-1","https://web.facebook.com/nurmainginselalutersenyummeskisendiri/posts/pfbid02na2hMzqDq2XmKRw1T1SCzhRVy95q9Fa9v1ndN4AeTHAivewajXFjhwuAJ9CVaqEfl"
"545","Teguh Swp","2026-03-12T04:26:00.000Z","Belum tentu itu campak, bisa juga karena alergi obat. Banyak makan protein hewani, ikan laut/tawar, ayam kampung,ikan gabus. Dan jangan lupa sayur ijoan.minum air hangat, tidur yg cukup","","0","0","0","-1","https://web.facebook.com/nurmainginselalutersenyummeskisendiri/posts/pfbid02na2hMzqDq2XmKRw1T1SCzhRVy95q9Fa9v1ndN4AeTHAivewajXFjhwuAJ9CVaqEfl"
"546","Ayu Setyani","2026-03-12T13:11:00.000Z","Kalau lagi minum obat coba berhenti dulu obatnya.dulu anak saya kayak gitu,tapi bukan campak,karena alergi obat.sebelum berobat cuma panas,setelah minum obat malah kayak gitu.","","0","0","0","-1","https://web.facebook.com/nurmainginselalutersenyummeskisendiri/posts/pfbid02na2hMzqDq2XmKRw1T1SCzhRVy95q9Fa9v1ndN4AeTHAivewajXFjhwuAJ9CVaqEfl"
"547","Pakdhe Indro","2026-03-12T06:50:00.000Z","Divaksin atau tidak, semua manusia tetap akan terkena campak & penyakit campak bisa diatasi secara mandiri tanpa vaksin + tanpa ke RS yg malah menimbulkan korban","","0","0","0","-1","https://web.facebook.com/nurmainginselalutersenyummeskisendiri/posts/pfbid02na2hMzqDq2XmKRw1T1SCzhRVy95q9Fa9v1ndN4AeTHAivewajXFjhwuAJ9CVaqEfl"
"548","Widi Septiyani","2026-03-12T00:21:00.000Z","Aku jg kmarin sehabis sc selang 5harian jg gtu,, panas gatell alhamdulilah gk nular ke bayinya","","0","0","0","-1","https://web.facebook.com/nurmainginselalutersenyummeskisendiri/posts/pfbid02na2hMzqDq2XmKRw1T1SCzhRVy95q9Fa9v1ndN4AeTHAivewajXFjhwuAJ9CVaqEfl"
"549","Kartini Tini","2026-03-12T12:23:00.000Z","Ya benar ank ku masih umur 2 tahun kenak campak..Uda satu Minggu demam..blm turun jga","","0","0","0","-1","https://web.facebook.com/nurmainginselalutersenyummeskisendiri/posts/pfbid02na2hMzqDq2XmKRw1T1SCzhRVy95q9Fa9v1ndN4AeTHAivewajXFjhwuAJ9CVaqEfl"
"550","Putri Febrianti","2026-06-04T10:09:00.000Z","Gaada efek apa2 ka campak mah, semua vaksin gaada efeknya kecuali dpt aja itupun demam 1hari aja","","0","0","0","-1","https://web.facebook.com/groups/sharingseputarbayi/posts/1346931257505036/"
"551","Lasmi Chinaga Uruk","2026-06-04T13:58:00.000Z","Ngak ada efek apa2 bun","","0","0","0","-1","https://web.facebook.com/groups/sharingseputarbayi/posts/1346931257505036/"
"552","YellowPapaya5732","2026-06-04T18:51:00.000Z","Belajar dulu demam itu sebab nya apa","","0","0","0","-1","https://web.facebook.com/groups/sharingseputarbayi/posts/1346931257505036/"
"553","Sri Rahmawati","2026-06-04T22:32:00.000Z","ga bun","","0","0","0","-1","https://web.facebook.com/groups/sharingseputarbayi/posts/1346931257505036/"
"554","Ny Haris","2026-06-04T13:00:00.000Z","Gak","","0","0","0","-1","https://web.facebook.com/groups/sharingseputarbayi/posts/1346931257505036/"
"555","Fransela Yolanda","2026-06-04T12:38:00.000Z","Ga demam kok mom... Asal Pastikan anak sehat yaa sebelum vaksin","","0","0","0","-1","https://web.facebook.com/groups/sharingseputarbayi/posts/1346931257505036/"
"556","Putri Febrianti","2026-06-04T10:11:00.000Z","Itu tinggal dpt lanjutan dan campak lanjutan aja","","0","0","0","-1","https://web.facebook.com/groups/sharingseputarbayi/posts/1346931257505036/"
"557","J Handayani","2026-06-04T22:24:00.000Z","Nggk ka","","0","0","0","-1","https://web.facebook.com/groups/sharingseputarbayi/posts/1346931257505036/"
"558","Indra Riclovin","2026-06-04T13:49:00.000Z","knpa di buku ku beda ya","","0","0","0","-1","https://web.facebook.com/groups/sharingseputarbayi/posts/1346931257505036/"
"559","Heyvin","2026-06-04T12:44:00.000Z","Di anakku ga demam bun","","0","0","0","-1","https://web.facebook.com/groups/sharingseputarbayi/posts/1346931257505036/"
"560","Putri Febrianti","2026-06-03T20:09:00.000Z","Gaada efek apa2 ka campak mah, semua vaksin gaada efeknya kecuali dpt aja itupun demam 1hari aja","","0","0","0","-1","https://web.facebook.com/groups/sharingseputarbayi/posts/1346931257505036/"
"561","Lasmi Chinaga Uruk","2026-06-03T23:58:00.000Z","Ngak ada efek apa2 bun","","0","0","0","-1","https://web.facebook.com/groups/sharingseputarbayi/posts/1346931257505036/"
"562","YellowPapaya5732","2026-06-04T04:51:00.000Z","Belajar dulu demam itu sebab nya apa","","0","0","0","-1","https://web.facebook.com/groups/sharingseputarbayi/posts/1346931257505036/"
"563","Sri Rahmawati","2026-06-04T08:32:00.000Z","ga bun","","0","0","0","-1","https://web.facebook.com/groups/sharingseputarbayi/posts/1346931257505036/"
"564","Ny Haris","2026-06-03T23:00:00.000Z","Gak","","0","0","0","-1","https://web.facebook.com/groups/sharingseputarbayi/posts/1346931257505036/"
"565","Ika Dnc","2026-07-10T21:56:00.000Z","Kalau ruam keluar setelah demam turun, itu berarti roseola. Ruam akan berangsur hilang setelah 2 hari. Itu tidak berbahaya, dan bukan krn vaksin MR.","","0","0","0","-1","https://web.facebook.com/groups/499529556413797/posts/1055193537514060/"
"566","Tong Nian","2026-07-11T03:29:00.000Z","Ankku MMR di Dokter spesialis anak jg dari Bcg Dpt emg GK demam kok, campak aku byar 760 tgl 4 kmren","","0","0","0","-1","https://web.facebook.com/groups/499529556413797/posts/1055193537514060/"
"567","Ratni Destria","2026-07-11T04:04:00.000Z","Air kelapa muda di tambah kuning telur ayam kampung... Di campur trus diminum sama anak nya.. Agar semua yg merah2 pada kulit nya keluar semua.. InsyaAllah  cepat sembuh nya.","","0","0","0","-1","https://web.facebook.com/groups/499529556413797/posts/1055193537514060/"
"568","Bundanya Qya","2026-07-10T11:36:00.000Z","Kemaren anakku habis demam juga kluar ruam bun kata orang panasnya keluar itu.","","0","0","0","-1","https://web.facebook.com/groups/499529556413797/posts/1055193537514060/"
"569","Rena Renata","2026-07-11T13:10:00.000Z","30rb kok murah bgt ke dsa, dsa mana itu. Anakku vaksin sejauh ini paling murah 1,5jt","","0","0","0","-1","https://web.facebook.com/groups/499529556413797/posts/1055193537514060/"
"570","Mey Sulaiman","2026-07-11T06:15:00.000Z","klu d daerah khususnya kamoungw bilang ya sarampa,entr keluar semua it nanti hilang dan badan anak kembali Bersi,klu kata medis it apaya lupa Aq,it jg bahaya klu anak panas dan ngga keluar it bijiw merahnya,bagusnya dia keluar Bun,soalx bxk yang meninggl deg. it klu anak demam dan biji2 merah it ngga keluar mk bahaya","","0","0","0","-1","https://web.facebook.com/groups/499529556413797/posts/1055193537514060/"
"571","All Muassirroh","2026-07-11T09:49:00.000Z","Dsa apa bidan bun","","0","0","0","-1","https://web.facebook.com/groups/499529556413797/posts/1055193537514060/"
"572","Barra Bayhaki","2026-07-10T13:27:00.000Z","Rabu kemarin anak saya auntik campak, tapi alhamdhulilah tidaak ada demam dan bekas suntikan sampe rumah langsing kompres dan minyak tawon..","","0","0","0","-1","https://web.facebook.com/groups/499529556413797/posts/1055193537514060/"
"573","Nyndey","2026-07-10T13:36:00.000Z","ank saya jga habis suntik campak pas tgl 8 kemarin di suntik lengan kiri dan paha kiri alhamdulilah gk demam dan tdk ada muncul merah2 bgtu..sebaiknya di bwa bun di tanyakn kembali biar dpt solusi","","0","0","0","-1","https://web.facebook.com/groups/499529556413797/posts/1055193537514060/"
"574","Mawar Merah","2026-07-10T13:38:00.000Z","Kasih air degan ijo bun. Biar keluar semua . Itu panas dalam. Klo keluar gitu alhamdulillah","","0","0","0","-1","https://web.facebook.com/groups/499529556413797/posts/1055193537514060/"
"575","Ika Dnc","2026-07-10T07:56:00.000Z","Kalau ruam keluar setelah demam turun, itu berarti roseola. Ruam akan berangsur hilang setelah 2 hari. Itu tidak berbahaya, dan bukan krn vaksin MR.","","0","0","0","-1","https://web.facebook.com/groups/499529556413797/posts/1055193537514060/"
"576","Tong Nian","2026-07-10T13:29:00.000Z","Ankku MMR di Dokter spesialis anak jg dari Bcg Dpt emg GK demam kok, campak aku byar 760 tgl 4 kmren","","0","0","0","-1","https://web.facebook.com/groups/499529556413797/posts/1055193537514060/"
"577","Ratni Destria","2026-07-10T14:04:00.000Z","Air kelapa muda di tambah kuning telur ayam kampung... Di campur trus diminum sama anak nya.. Agar semua yg merah2 pada kulit nya keluar semua.. InsyaAllah  cepat sembuh nya.","","0","0","0","-1","https://web.facebook.com/groups/499529556413797/posts/1055193537514060/"
"578","Bundanya Qya","2026-07-09T21:36:00.000Z","Kemaren anakku habis demam juga kluar ruam bun kata orang panasnya keluar itu.","","0","0","0","-1","https://web.facebook.com/groups/499529556413797/posts/1055193537514060/"
"579","Rena Renata","2026-07-10T23:10:00.000Z","30rb kok murah bgt ke dsa, dsa mana itu. Anakku vaksin sejauh ini paling murah 1,5jt","","0","0","0","-1","https://web.facebook.com/groups/499529556413797/posts/1055193537514060/"
"580","Arniyanty Airanaifarafifah","2026-06-28T13:24:00.000Z","Dr bayi sampe besar ga pernah suntik cacar ataupun suntik lainnya ...tapi bersyukur gt ga pernah sakit2an yg parah n ga pernah kena cacar ka...Krn kebiasaan Dikampung sini ka anaknya ga pernah diizinin dr bayi dikasih suntik2 gt tp saya lihat sih benar jarang sakit cacar gt","","0","0","0","-1","https://web.facebook.com/s.susantycaemosa/posts/pfbid02TT14R98z5RYjGef9Dec1dfmhEQr3U4Av2hQUoLs4nciNK6dT3H5phfYmMknu6whBl"
"581","Nurmawati Sitindaon","2026-06-29T23:50:00.000Z","memang harus imunisasinya semua san .. setidaknya pas dia kena cacar air atau sejenisnya tak separah yang tidak disuntik..","","0","0","0","-1","https://web.facebook.com/s.susantycaemosa/posts/pfbid02TT14R98z5RYjGef9Dec1dfmhEQr3U4Av2hQUoLs4nciNK6dT3H5phfYmMknu6whBl"
"582","شهر الحسني","2026-07-11T01:17:00.000Z","Imunisasi cacar itu bayar Bun, bisa ke dokter anak, belum masuk program pemerintah. Jadi imunisasi campak dll yang waktu bayi dan sekolah manfaatnya bukan untuk mencegah cacar","","0","0","0","-1","https://web.facebook.com/s.susantycaemosa/posts/pfbid02TT14R98z5RYjGef9Dec1dfmhEQr3U4Av2hQUoLs4nciNK6dT3H5phfYmMknu6whBl"
"583","Martha Lbj","2026-06-28T13:39:00.000Z","Kalau anakku semua dari umur 7bulan ga pernah kubawa imunisasi apa lagi yang yang kecil ini dari umur 5bulan ga imunisasi lagi dan puji Tuhan sehat semua anak anakku","","0","0","0","-1","https://web.facebook.com/s.susantycaemosa/posts/pfbid02TT14R98z5RYjGef9Dec1dfmhEQr3U4Av2hQUoLs4nciNK6dT3H5phfYmMknu6whBl"
"584","Yanti Sytumorang","2026-06-29T01:46:00.000Z","Anakku juga kk lengkap imunisasi,","","0","0","0","-1","https://web.facebook.com/s.susantycaemosa/posts/pfbid02TT14R98z5RYjGef9Dec1dfmhEQr3U4Av2hQUoLs4nciNK6dT3H5phfYmMknu6whBl"
"585","Herna Sinaga Mak Alvaro","2026-06-28T13:48:00.000Z","Si varo dohot sifelis dang hona campak kak.","","0","0","0","-1","https://web.facebook.com/s.susantycaemosa/posts/pfbid02TT14R98z5RYjGef9Dec1dfmhEQr3U4Av2hQUoLs4nciNK6dT3H5phfYmMknu6whBl"
"586","Nurma Sihombing","2026-06-28T19:41:00.000Z","Nggak apa apa itu mak nuel itu harus dijalani anak anak","","0","0","0","-1","https://web.facebook.com/s.susantycaemosa/posts/pfbid02TT14R98z5RYjGef9Dec1dfmhEQr3U4Av2hQUoLs4nciNK6dT3H5phfYmMknu6whBl"
"587","Betharia Louph Alberth","2026-06-29T09:44:00.000Z","Dr bayi sampe besar ga pernah suntik cacar ataupun suntik lainnya ...tapi bersyukur gt ga pernah sakit2an yg parah n ga pernah kena cacar ka...Krn kebiasaan Dikampung sini ka anaknya ga pernah diizinin dr bayi dikasih suntik2 gt tp saya lihat sih benar jarang sakit cacar gt","","0","0","0","-1","https://web.facebook.com/s.susantycaemosa/posts/pfbid02TT14R98z5RYjGef9Dec1dfmhEQr3U4Av2hQUoLs4nciNK6dT3H5phfYmMknu6whBl"
"588","Indah Ompusunggu","2026-06-29T01:15:00.000Z","Lekas sembuh ya doli","","0","0","0","-1","https://web.facebook.com/s.susantycaemosa/posts/pfbid02TT14R98z5RYjGef9Dec1dfmhEQr3U4Av2hQUoLs4nciNK6dT3H5phfYmMknu6whBl"
"589","Mia Junita Sitorus","2026-06-28T13:32:00.000Z","Lekas pulih doli².","","0","0","0","-1","https://web.facebook.com/s.susantycaemosa/posts/pfbid02TT14R98z5RYjGef9Dec1dfmhEQr3U4Av2hQUoLs4nciNK6dT3H5phfYmMknu6whBl"
"590","Ema Oktyani","2025-09-17T14:46:00.000Z","Saya adalah team yg anak g saya imunisasi lengkap perkara anak pernah sakit mencret berkepanjangan pdhal udh vaksin rotavirus. Ketika di RS nyalahin krn belum imunisasi rotavirus. Setelah saya lihat kan buku kia nya, dr seketika berubah jwban jadi kena bakteri atau virus. Entahlah. Sejak saat itu saya tidak pcy dengan imunisasi","","0","0","0","-1","https://web.facebook.com/chooni.romadhony.1/posts/pfbid02C22Nu3SpFFbCWo3wNcLWMQwAZkWnRHdkbhGGztqy5XF8cU2Kijmvyn3wP6Lz8HSSl"
"591","Uswatun Niswi IN","2025-09-17T14:21:00.000Z","Efek komplikasi dari campak itu, beneran gak pakde?","","0","0","0","-1","https://web.facebook.com/chooni.romadhony.1/posts/pfbid02C22Nu3SpFFbCWo3wNcLWMQwAZkWnRHdkbhGGztqy5XF8cU2Kijmvyn3wP6Lz8HSSl"
"592","Normaningsih","2025-09-17T17:17:00.000Z","Kemarin keponakan kena campak slm skt cuma di pksa makan aja minum susu(selain bardomolo sapu jagad)pas demam sy ksh empu kunir madu alami.d badannyaa yg merah2 panas itu kasih kaladin cair sama d tabur salicil yg bedak(sy pake ini jg pas anak anak cangkrang)sm wktu skt itu banyak makan buah daging.tp krn dkeluargaku sudah rutin minum sapu jagad bardomolo anak anak di rmh g ada yg ketularan sekalipun deket sm keponakan yg skt tiap hari selama sakit","","0","0","0","-1","https://web.facebook.com/chooni.romadhony.1/posts/pfbid02C22Nu3SpFFbCWo3wNcLWMQwAZkWnRHdkbhGGztqy5XF8cU2Kijmvyn3wP6Lz8HSSl"
"593","Muh Nur Malik","2025-09-17T14:37:00.000Z","Kalau cangkrangen, seperti cacar, keluar bentol² berisi cairan dan bisa pecah+nular, kata nenek² buyut juga semua orang pasti merasakan cangkrangen 1x seumur hidup, saya sendiri mengalami waktu SD&bekasnya masih,","","0","0","0","-1","https://web.facebook.com/chooni.romadhony.1/posts/pfbid02C22Nu3SpFFbCWo3wNcLWMQwAZkWnRHdkbhGGztqy5XF8cU2Kijmvyn3wP6Lz8HSSl"
"594","Nurhapida Cho","2025-09-17T14:40:00.000Z","Dan yg anehnya semakin marak vaksin campak semakin bnyak pula kasus campak yg bermunculan d tv2 negara konoha, alhamdulilah d rmah saya nggak punya TV, jd sbg emak2 nggak ngikutin berita2 update dr settingan tkut terikut jga jiwa vaksinnya","","0","0","0","-1","https://web.facebook.com/chooni.romadhony.1/posts/pfbid02C22Nu3SpFFbCWo3wNcLWMQwAZkWnRHdkbhGGztqy5XF8cU2Kijmvyn3wP6Lz8HSSl"
"595","Nadinda Nafiza Zahra","2025-09-17T14:04:00.000Z","Betul pak Dhe , dari dulu campak sudah ada , nanti tgl 26 September Surabaya diwajibkan vaksin campak semua anak umur 1sampai 5 tahun katanya karena Madura ada wabah campak walaupun sdh vaksin harus wajib vaksin lagi","","0","0","0","-1","https://web.facebook.com/chooni.romadhony.1/posts/pfbid02C22Nu3SpFFbCWo3wNcLWMQwAZkWnRHdkbhGGztqy5XF8cU2Kijmvyn3wP6Lz8HSSl"
"596","Alindan Linta Wafdan","2025-09-17T14:28:00.000Z","efek dari vaksin campak apa ya pakde? anak² disuruh vaksin lagi walau sudah vaksin sebelumnya.","","0","0","0","-1","https://web.facebook.com/chooni.romadhony.1/posts/pfbid02C22Nu3SpFFbCWo3wNcLWMQwAZkWnRHdkbhGGztqy5XF8cU2Kijmvyn3wP6Lz8HSSl"
"597","Dewi Ummu Aksani","2025-09-17T14:35:00.000Z","Anak-anakku juga sering kena campak, Pak. Apalagi sibungsu yg masih balita. Tapi nanti sembuh sendiri sih, sembuhnya juga termasuk cepet.","","0","0","0","-1","https://web.facebook.com/chooni.romadhony.1/posts/pfbid02C22Nu3SpFFbCWo3wNcLWMQwAZkWnRHdkbhGGztqy5XF8cU2Kijmvyn3wP6Lz8HSSl"
"598","Ri Quest To","2025-09-17T14:11:00.000Z","mayoritas manusia takut di kucil kan ketika tidak umum ,tp ketidak umum an itu adalah hal benar dan kebaikan untuk individu manusia itu sendiri, makasi pakdhe informasinya","","0","0","0","-1","https://web.facebook.com/chooni.romadhony.1/posts/pfbid02C22Nu3SpFFbCWo3wNcLWMQwAZkWnRHdkbhGGztqy5XF8cU2Kijmvyn3wP6Lz8HSSl"
"599","Diana Pompom","2025-09-17T14:50:00.000Z","Klu dijawa kena gablaken dikasih air teduhan ampo lalu diminum","","0","0","0","-1","https://web.facebook.com/chooni.romadhony.1/posts/pfbid02C22Nu3SpFFbCWo3wNcLWMQwAZkWnRHdkbhGGztqy5XF8cU2Kijmvyn3wP6Lz8HSSl"
"600","Ema Oktyani","2025-09-17T00:46:00.000Z","Saya adalah team yg anak g saya imunisasi lengkap perkara anak pernah sakit mencret berkepanjangan pdhal udh vaksin rotavirus. Ketika di RS nyalahin krn belum imunisasi rotavirus. Setelah saya lihat kan buku kia nya, dr seketika berubah jwban jadi kena bakteri atau virus. Entahlah. Sejak saat itu saya tidak pcy dengan imunisasi","","0","0","0","-1","https://web.facebook.com/chooni.romadhony.1/posts/pfbid02C22Nu3SpFFbCWo3wNcLWMQwAZkWnRHdkbhGGztqy5XF8cU2Kijmvyn3wP6Lz8HSSl"
"601","Uswatun Niswi IN","2025-09-17T00:21:00.000Z","Efek komplikasi dari campak itu, beneran gak pakde?","","0","0","0","-1","https://web.facebook.com/chooni.romadhony.1/posts/pfbid02C22Nu3SpFFbCWo3wNcLWMQwAZkWnRHdkbhGGztqy5XF8cU2Kijmvyn3wP6Lz8HSSl"
"602","Normaningsih","2025-09-17T03:17:00.000Z","Kemarin keponakan kena campak slm skt cuma di pksa makan aja minum susu(selain bardomolo sapu jagad)pas demam sy ksh empu kunir madu alami.d badannyaa yg merah2 panas itu kasih kaladin cair sama d tabur salicil yg bedak(sy pake ini jg pas anak anak cangkrang)sm wktu skt itu banyak makan buah daging.tp krn dkeluargaku sudah rutin minum sapu jagad bardomolo anak anak di rmh g ada yg ketularan sekalipun deket sm keponakan yg skt tiap hari selama sakit","","0","0","0","-1","https://web.facebook.com/chooni.romadhony.1/posts/pfbid02C22Nu3SpFFbCWo3wNcLWMQwAZkWnRHdkbhGGztqy5XF8cU2Kijmvyn3wP6Lz8HSSl"
"603","Muh Nur Malik","2025-09-17T00:37:00.000Z","Kalau cangkrangen, seperti cacar, keluar bentol² berisi cairan dan bisa pecah+nular, kata nenek² buyut juga semua orang pasti merasakan cangkrangen 1x seumur hidup, saya sendiri mengalami waktu SD&bekasnya masih,","","0","0","0","-1","https://web.facebook.com/chooni.romadhony.1/posts/pfbid02C22Nu3SpFFbCWo3wNcLWMQwAZkWnRHdkbhGGztqy5XF8cU2Kijmvyn3wP6Lz8HSSl"
"604","Nurhapida Cho","2025-09-17T00:40:00.000Z","Dan yg anehnya semakin marak vaksin campak semakin bnyak pula kasus campak yg bermunculan d tv2 negara konoha, alhamdulilah d rmah saya nggak punya TV, jd sbg emak2 nggak ngikutin berita2 update dr settingan tkut terikut jga jiwa vaksinnya","","0","0","0","-1","https://web.facebook.com/chooni.romadhony.1/posts/pfbid02C22Nu3SpFFbCWo3wNcLWMQwAZkWnRHdkbhGGztqy5XF8cU2Kijmvyn3wP6Lz8HSSl"
"605","Cakra Adi Negara","2026-06-26T13:04:00.000Z","Berlangganan bukan sekadar mengikuti konten, tapi ikut menjaga ruang berpikir yang lebih sehat, independen, dan berani. https://www.facebook.com/OfficialChakz/subscribenow?surface=pinned_comments","","0","0","0","-1","https://web.facebook.com/OfficialChakz/posts/pfbid02Erpgz6ypzqPtyS9UUGyK8Kpfhh2WJwXFfrmQ35ztWnRwvCmYpVpQZoF6keZsAtNrl"
"606","Febriyanti U","2026-06-26T13:11:00.000Z","Semoga cepat sembuh ya adek, aku pengalaman dlu mendaftar di puskesmas melahirkan normal daftarnya pakai bpjs kelas 1 malah pada saat habis melahirkan disuruh bayar biaya melahirkan. Pas di cek ternyata puskesmas nya nggak daftarin ke pasien bpjs malah pasien umum pdhal saat diminta berkas, mereka juga nanya bpjs ku..","","0","0","0","-1","https://web.facebook.com/OfficialChakz/posts/pfbid02Erpgz6ypzqPtyS9UUGyK8Kpfhh2WJwXFfrmQ35ztWnRwvCmYpVpQZoF6keZsAtNrl"
"607","Ranita K Dewi","2026-06-26T13:22:00.000Z","Uwa saya saja sudah meninggal hrs diurus dulu bpjs nya ke kantor. Memang bpjs nya adalah yg gratis dr pemerintah, tetapi kan tidak ada pemberitahuan klo waktu itu ada penonaktifan masal bpjs PBI. Parah pokoknya sistem kesehatan di indonesia","","0","0","0","-1","https://web.facebook.com/OfficialChakz/posts/pfbid02Erpgz6ypzqPtyS9UUGyK8Kpfhh2WJwXFfrmQ35ztWnRwvCmYpVpQZoF6keZsAtNrl"
"608","Ahmad Ardiansyah","2026-06-26T13:33:00.000Z","Sama bang anak saya baru2 ini kena campak, pas dihari Idul Adha. Alhamdulillah sekarang udah sehat kembali","","0","0","0","-1","https://web.facebook.com/OfficialChakz/posts/pfbid02Erpgz6ypzqPtyS9UUGyK8Kpfhh2WJwXFfrmQ35ztWnRwvCmYpVpQZoF6keZsAtNrl"
"609","Astichomah Achmadi","2026-06-26T14:20:00.000Z","Semoga anaknya cepat sembuh. Aamiin","","0","0","0","-1","https://web.facebook.com/OfficialChakz/posts/pfbid02Erpgz6ypzqPtyS9UUGyK8Kpfhh2WJwXFfrmQ35ztWnRwvCmYpVpQZoF6keZsAtNrl"
"610","Hafizah Isha","2026-06-26T14:27:00.000Z","Gejalanya mirip dengan flu singapur, ya diderita murid saya kemarin.","","0","0","0","-1","https://web.facebook.com/OfficialChakz/posts/pfbid02Erpgz6ypzqPtyS9UUGyK8Kpfhh2WJwXFfrmQ35ztWnRwvCmYpVpQZoF6keZsAtNrl"
"611","Cameva Syafa","2026-06-26T14:38:00.000Z","syafakallah ya nak...","","0","0","0","-1","https://web.facebook.com/OfficialChakz/posts/pfbid02Erpgz6ypzqPtyS9UUGyK8Kpfhh2WJwXFfrmQ35ztWnRwvCmYpVpQZoF6keZsAtNrl"
"612","Gita Ika Putri","2026-06-26T14:43:00.000Z","Kalo disini masuk IGD langsung di periksa, pasien BPJS pun pelayanan juga Alhamdulillah baik, gatau juga kalo RS lain","","0","0","0","-1","https://web.facebook.com/OfficialChakz/posts/pfbid02Erpgz6ypzqPtyS9UUGyK8Kpfhh2WJwXFfrmQ35ztWnRwvCmYpVpQZoF6keZsAtNrl"
"613","Yusup Saeppudin","2026-06-26T14:45:00.000Z","Kayaknya harus ganti faskes...","","0","0","0","-1","https://web.facebook.com/OfficialChakz/posts/pfbid02Erpgz6ypzqPtyS9UUGyK8Kpfhh2WJwXFfrmQ35ztWnRwvCmYpVpQZoF6keZsAtNrl"
"614","Mode Eko","2026-06-26T14:46:00.000Z","Jdi teringat tahun lalu bolak balik dokter rumahan dokter a bilang demam biasa dokter b bilang asam lambung  akhirny kepuskee dengan keadaan demam tinggi jam 11 mlm langsung rujuk rs gede di leb ternyata positif dbd  katany udah parah untung badan ny kuat katany klo gakuat udh alm saya , btw badan ga nunjukin bercak","","0","0","0","-1","https://web.facebook.com/OfficialChakz/posts/pfbid02Erpgz6ypzqPtyS9UUGyK8Kpfhh2WJwXFfrmQ35ztWnRwvCmYpVpQZoF6keZsAtNrl"
"615","Cakra Adi Negara","2026-06-25T23:04:00.000Z","Berlangganan bukan sekadar mengikuti konten, tapi ikut menjaga ruang berpikir yang lebih sehat, independen, dan berani. https://www.facebook.com/OfficialChakz/subscribenow?surface=pinned_comments","","0","0","0","-1","https://web.facebook.com/OfficialChakz/posts/pfbid02Erpgz6ypzqPtyS9UUGyK8Kpfhh2WJwXFfrmQ35ztWnRwvCmYpVpQZoF6keZsAtNrl"
"616","Febriyanti U","2026-06-25T23:11:00.000Z","Semoga cepat sembuh ya adek, aku pengalaman dlu mendaftar di puskesmas melahirkan normal daftarnya pakai bpjs kelas 1 malah pada saat habis melahirkan disuruh bayar biaya melahirkan. Pas di cek ternyata puskesmas nya nggak daftarin ke pasien bpjs malah pasien umum pdhal saat diminta berkas, mereka juga nanya bpjs ku..","","0","0","0","-1","https://web.facebook.com/OfficialChakz/posts/pfbid02Erpgz6ypzqPtyS9UUGyK8Kpfhh2WJwXFfrmQ35ztWnRwvCmYpVpQZoF6keZsAtNrl"
"617","Ranita K Dewi","2026-06-25T23:22:00.000Z","Uwa saya saja sudah meninggal hrs diurus dulu bpjs nya ke kantor. Memang bpjs nya adalah yg gratis dr pemerintah, tetapi kan tidak ada pemberitahuan klo waktu itu ada penonaktifan masal bpjs PBI. Parah pokoknya sistem kesehatan di indonesia","","0","0","0","-1","https://web.facebook.com/OfficialChakz/posts/pfbid02Erpgz6ypzqPtyS9UUGyK8Kpfhh2WJwXFfrmQ35ztWnRwvCmYpVpQZoF6keZsAtNrl"
"618","Ahmad Ardiansyah","2026-06-25T23:33:00.000Z","Sama bang anak saya baru2 ini kena campak, pas dihari Idul Adha. Alhamdulillah sekarang udah sehat kembali","","0","0","0","-1","https://web.facebook.com/OfficialChakz/posts/pfbid02Erpgz6ypzqPtyS9UUGyK8Kpfhh2WJwXFfrmQ35ztWnRwvCmYpVpQZoF6keZsAtNrl"
"619","Astichomah Achmadi","2026-06-26T00:20:00.000Z","Semoga anaknya cepat sembuh. Aamiin","","0","0","0","-1","https://web.facebook.com/OfficialChakz/posts/pfbid02Erpgz6ypzqPtyS9UUGyK8Kpfhh2WJwXFfrmQ35ztWnRwvCmYpVpQZoF6keZsAtNrl"
"620","unknown","2026-07-07T04:32:00.000Z","yuk berlangganan untuk mendapatkan keuntungan eksklusif,, semoga d lncrkn urusannya, banyak rezekinya sukses usahanya,,,Aamiinn https://www.facebook.com/amsah.mamhadam/subscribenow?surface=pinned_comments","","0","0","0","-1","https://web.facebook.com/amsah.mamhadam/posts/pfbid036NcRnDrKZbxPahHHma6ZqSrxA4XE2YeAoHbPW9uTqqz1UoEZCEE76AYBMNsS9L4hl"
"621","unknown","2026-07-07T05:52:00.000Z","Neng gina geh di rawat","","0","0","0","-1","https://web.facebook.com/amsah.mamhadam/posts/pfbid036NcRnDrKZbxPahHHma6ZqSrxA4XE2YeAoHbPW9uTqqz1UoEZCEE76AYBMNsS9L4hl"
"622","unknown","2026-07-07T07:36:00.000Z","Apakah sudah musim campak lagi?","","0","0","0","-1","https://web.facebook.com/amsah.mamhadam/posts/pfbid036NcRnDrKZbxPahHHma6ZqSrxA4XE2YeAoHbPW9uTqqz1UoEZCEE76AYBMNsS9L4hl"
"623","unknown","2026-07-07T08:03:00.000Z","Lgi musim mngkin kk krna panas ujan trusd","","0","0","0","-1","https://web.facebook.com/amsah.mamhadam/posts/pfbid036NcRnDrKZbxPahHHma6ZqSrxA4XE2YeAoHbPW9uTqqz1UoEZCEE76AYBMNsS9L4hl"
"624","Nanda Nanda","2026-07-08T04:54:00.000Z","Bentar lagi ad vaksin campak susulan","","0","0","0","-1","https://web.facebook.com/amsah.mamhadam/posts/pfbid036NcRnDrKZbxPahHHma6ZqSrxA4XE2YeAoHbPW9uTqqz1UoEZCEE76AYBMNsS9L4hl"
"625","unknown","2026-07-06T14:32:00.000Z","yuk berlangganan untuk mendapatkan keuntungan eksklusif,, semoga d lncrkn urusannya, banyak rezekinya sukses usahanya,,,Aamiinn https://www.facebook.com/amsah.mamhadam/subscribenow?surface=pinned_comments","","0","0","0","-1","https://web.facebook.com/amsah.mamhadam/posts/pfbid036NcRnDrKZbxPahHHma6ZqSrxA4XE2YeAoHbPW9uTqqz1UoEZCEE76AYBMNsS9L4hl"
"626","unknown","2026-07-06T15:52:00.000Z","Neng gina geh di rawat","","0","0","0","-1","https://web.facebook.com/amsah.mamhadam/posts/pfbid036NcRnDrKZbxPahHHma6ZqSrxA4XE2YeAoHbPW9uTqqz1UoEZCEE76AYBMNsS9L4hl"
"627","unknown","2026-07-06T17:36:00.000Z","Apakah sudah musim campak lagi?","","0","0","0","-1","https://web.facebook.com/amsah.mamhadam/posts/pfbid036NcRnDrKZbxPahHHma6ZqSrxA4XE2YeAoHbPW9uTqqz1UoEZCEE76AYBMNsS9L4hl"
"628","unknown","2026-07-06T18:03:00.000Z","Lgi musim mngkin kk krna panas ujan trusd","","0","0","0","-1","https://web.facebook.com/amsah.mamhadam/posts/pfbid036NcRnDrKZbxPahHHma6ZqSrxA4XE2YeAoHbPW9uTqqz1UoEZCEE76AYBMNsS9L4hl"
"629","Nanda Nanda","2026-07-07T14:54:00.000Z","Bentar lagi ad vaksin campak susulan","","0","0","0","-1","https://web.facebook.com/amsah.mamhadam/posts/pfbid036NcRnDrKZbxPahHHma6ZqSrxA4XE2YeAoHbPW9uTqqz1UoEZCEE76AYBMNsS9L4hl"
"630","Bim Aha Ghan","2026-03-08T17:30:00.000Z","padahal ALLAH Suruh agar kita konsumsi/ masukkan ke tubuh segala hal yg Halal & Thoyyiban saja sehingga kami Pilih Patuhi ALLAH drpd patuhi tukang jualan pak cin entah dia gelarnya sokter, profesor, menteri, bahkan presiden sekalipun.","","0","0","0","-1","https://web.facebook.com/irma.peanuts/posts/pfbid02fAcgB7DPUqj5wqWjrMB6HzPPUL1iuo9iwUEFaCNPeg21btjimJAtSb36bVNHRi3hl"
"631","Bona Sari","2026-03-08T14:12:00.000Z","Kami sekeluarga 5 orang cuma yang paling kecil umur 3 tahun yang tidak di vaksin, kami ber 4 tertular semuanya dan kami dapat vaksin campak waktu kecil, Ngedrop selama 3 hari, demam tinggi, belum lagi kulit yang kudisan berair.","","0","0","0","-1","https://web.facebook.com/irma.peanuts/posts/pfbid02fAcgB7DPUqj5wqWjrMB6HzPPUL1iuo9iwUEFaCNPeg21btjimJAtSb36bVNHRi3hl"
"632","Dian Maya Sari Lubis","2026-03-08T17:54:00.000Z","Aku bukan yg antiva**n kak, tapi aq pernah ikut workshop ttg vak cov19, dokternya sampe nangis2 liat anak2 yg dliVa*s*n  organnya perlahan rusak, karena dia bilang Allah sdh menciptakan antibody yg kuat pd anak jd tdk perlu tambahan, dokter aja yg bukan ortunya bisa nangis liat efek setelah disuntik, mmg tdk lngsung terlihat ada jeda 1x24 jam, satu bulan dan seterusnya baru ketauan efeknya. Kalau jedanya lama baru ketauan kan mereka gk mau tanggung jawab, kita yg ortunya kebingungan.","","0","0","0","-1","https://web.facebook.com/irma.peanuts/posts/pfbid02fAcgB7DPUqj5wqWjrMB6HzPPUL1iuo9iwUEFaCNPeg21btjimJAtSb36bVNHRi3hl"
"633","Ningsih Rahmad","2026-03-09T07:35:00.000Z","Yang mau vaksin silahkan yg ngak mau vaksin di hormati , saya dari kecil ngak vaksin alhamdulillah sehat2 aja kalu sakit itu takdir Allah obati aja, ank ku dulu vaksin campak tapi masih juga kena campak, tp saya ikhtiarnya minum air kelapa muda di kasih kunyit alhamdulillah keluar semua dampaknya tp setelah nya anak saya sehat2 saja ngak di minumin obat maaf ya, tanggung jawab anak itu di orang tua nya masing2, vaksin itu kalu anaknya ngak kuat ya itu sering sakit kalu yg kuat anaknya in syaa Allah sehat karna semua itu takdir Allah jangan sali g mengghujat hormati keputusan masing2 orang saja","","0","0","0","-1","https://web.facebook.com/irma.peanuts/posts/pfbid02fAcgB7DPUqj5wqWjrMB6HzPPUL1iuo9iwUEFaCNPeg21btjimJAtSb36bVNHRi3hl"
"634","Elva Naviyana","2026-03-08T09:57:00.000Z","Saya ibu yang menyesal karena anak pertama tidak vaksin. Qadarullah sejak usia 6 bulan tumbuh kembang anak saya melambat. Jadi karena fokus ke tumbang saya abaikan vaksin. Qadarullah usianya 4 tahun dia kena campak, sepupunya yang full vaksin juga kena tapi lebih parah anak saya.","","0","0","0","-1","https://web.facebook.com/irma.peanuts/posts/pfbid02fAcgB7DPUqj5wqWjrMB6HzPPUL1iuo9iwUEFaCNPeg21btjimJAtSb36bVNHRi3hl"
"635","Leni Nurhamidah","2026-03-08T09:09:00.000Z","mau anti vaksin paling vaksin nanti mereka yg akan pertanggung jawabkan sendiri","","0","0","0","-1","https://web.facebook.com/irma.peanuts/posts/pfbid02fAcgB7DPUqj5wqWjrMB6HzPPUL1iuo9iwUEFaCNPeg21btjimJAtSb36bVNHRi3hl"
"636","Bou Bou","2026-03-08T11:48:00.000Z","Anakku vaksin dasar penuh semenjak bayi badannya ringkih sering sakit dan gampang batuk. Gimana tuh penjelasannya. Ada yang mau tanggung jawab setelah kejadian gini? Sudah banyak yang meninggal atau cidera berat akibat vaksin. Tapi emang gak mau dibahas oleh media. Akun yang membahas malah diserbu dan ditumbangkan.","","0","0","0","-1","https://web.facebook.com/irma.peanuts/posts/pfbid02fAcgB7DPUqj5wqWjrMB6HzPPUL1iuo9iwUEFaCNPeg21btjimJAtSb36bVNHRi3hl"
"637","Eva Silvia Yunus","2026-03-08T13:40:00.000Z","Demam tapi msh wajar Krn lebih parah dri demam campak SDH saya lewati tanpa dirawat di RS.. obatnya cm saya kasih vitamin polen, clover honey, propoelix kalau pusing saya tambahin royal jelly.. Alhamdulillah dibantu obat radang yg diemut demamnya hanya 5 hari, dan gak dirawat di RS... Bekas ruamnya saya pakein body cream dari hdi... Pokoknya kesembuhannya prioritas produk perlebahan... Obat kimia terbatas kalau diminum itu cm BS 3 x... Kalau propoelix saya BS ksh LBH dri itu.. tergantung kondisi tubuhnya... DBD SDH dilewatin, covid pun sama.. tipes juga.. obatnya ya cuma itu","","0","0","0","-1","https://web.facebook.com/irma.peanuts/posts/pfbid02fAcgB7DPUqj5wqWjrMB6HzPPUL1iuo9iwUEFaCNPeg21btjimJAtSb36bVNHRi3hl"
"638","Maharani Putri Dewi","2026-03-09T14:53:00.000Z","Mon maap Bu, saya vaksin lengkap. Tetap aja yg namanya campak tetap kena. Malah saya kena campak 3x. Yg GK vaksin campak memang sedikit lama sembuhnya bisa sampai 1-2mingguan, TPI setelah sembuh, dia GK akan kena lagi. Obat campak yg diberikan ibu saya itu air kelapa, banyak minum air putih, makanan bergizi. KLO percaya dgn air rendaman 7 tangkai daun jarak juga bisa yg diberi sejumput beras. Orang kampung jarang bawa anaknya berobat, bawa berobat kalo luka lebar berdarah, melahirkan, dan sakit kronis.","","0","0","0","-1","https://web.facebook.com/irma.peanuts/posts/pfbid02fAcgB7DPUqj5wqWjrMB6HzPPUL1iuo9iwUEFaCNPeg21btjimJAtSb36bVNHRi3hl"
"639","Sulistia Ning Driyo","2026-03-08T08:56:00.000Z","Heran sama meraka yang suka sok benci sama nakes sama obat sama vaksin mereka kalo sakit atau anaknya atau orangtuanya itu mau di bawa kemana gitu loh apa cuma suruh ngemut garam??","","0","0","0","-1","https://web.facebook.com/irma.peanuts/posts/pfbid02fAcgB7DPUqj5wqWjrMB6HzPPUL1iuo9iwUEFaCNPeg21btjimJAtSb36bVNHRi3hl"
"640","Bim Aha Ghan","2026-03-08T03:30:00.000Z","padahal ALLAH Suruh agar kita konsumsi/ masukkan ke tubuh segala hal yg Halal & Thoyyiban saja sehingga kami Pilih Patuhi ALLAH drpd patuhi tukang jualan pak cin entah dia gelarnya sokter, profesor, menteri, bahkan presiden sekalipun.","","0","0","0","-1","https://web.facebook.com/irma.peanuts/posts/pfbid02fAcgB7DPUqj5wqWjrMB6HzPPUL1iuo9iwUEFaCNPeg21btjimJAtSb36bVNHRi3hl"
"641","Bona Sari","2026-03-08T00:12:00.000Z","Kami sekeluarga 5 orang cuma yang paling kecil umur 3 tahun yang tidak di vaksin, kami ber 4 tertular semuanya dan kami dapat vaksin campak waktu kecil, Ngedrop selama 3 hari, demam tinggi, belum lagi kulit yang kudisan berair.","","0","0","0","-1","https://web.facebook.com/irma.peanuts/posts/pfbid02fAcgB7DPUqj5wqWjrMB6HzPPUL1iuo9iwUEFaCNPeg21btjimJAtSb36bVNHRi3hl"
"642","Dian Maya Sari Lubis","2026-03-08T03:54:00.000Z","Aku bukan yg antiva**n kak, tapi aq pernah ikut workshop ttg vak cov19, dokternya sampe nangis2 liat anak2 yg dliVa*s*n  organnya perlahan rusak, karena dia bilang Allah sdh menciptakan antibody yg kuat pd anak jd tdk perlu tambahan, dokter aja yg bukan ortunya bisa nangis liat efek setelah disuntik, mmg tdk lngsung terlihat ada jeda 1x24 jam, satu bulan dan seterusnya baru ketauan efeknya. Kalau jedanya lama baru ketauan kan mereka gk mau tanggung jawab, kita yg ortunya kebingungan.","","0","0","0","-1","https://web.facebook.com/irma.peanuts/posts/pfbid02fAcgB7DPUqj5wqWjrMB6HzPPUL1iuo9iwUEFaCNPeg21btjimJAtSb36bVNHRi3hl"
"643","Ningsih Rahmad","2026-03-08T17:35:00.000Z","Yang mau vaksin silahkan yg ngak mau vaksin di hormati , saya dari kecil ngak vaksin alhamdulillah sehat2 aja kalu sakit itu takdir Allah obati aja, ank ku dulu vaksin campak tapi masih juga kena campak, tp saya ikhtiarnya minum air kelapa muda di kasih kunyit alhamdulillah keluar semua dampaknya tp setelah nya anak saya sehat2 saja ngak di minumin obat maaf ya, tanggung jawab anak itu di orang tua nya masing2, vaksin itu kalu anaknya ngak kuat ya itu sering sakit kalu yg kuat anaknya in syaa Allah sehat karna semua itu takdir Allah jangan sali g mengghujat hormati keputusan masing2 orang saja","","0","0","0","-1","https://web.facebook.com/irma.peanuts/posts/pfbid02fAcgB7DPUqj5wqWjrMB6HzPPUL1iuo9iwUEFaCNPeg21btjimJAtSb36bVNHRi3hl"
"644","Elva Naviyana","2026-03-07T18:57:00.000Z","Saya ibu yang menyesal karena anak pertama tidak vaksin. Qadarullah sejak usia 6 bulan tumbuh kembang anak saya melambat. Jadi karena fokus ke tumbang saya abaikan vaksin. Qadarullah usianya 4 tahun dia kena campak, sepupunya yang full vaksin juga kena tapi lebih parah anak saya.","","0","0","0","-1","https://web.facebook.com/irma.peanuts/posts/pfbid02fAcgB7DPUqj5wqWjrMB6HzPPUL1iuo9iwUEFaCNPeg21btjimJAtSb36bVNHRi3hl"
"645","Daris Munandar","2026-03-04T10:24:00.000Z","Disini https://www.facebook.com/darissirad666/storefront?entry=pinned_comment","","0","0","0","-1","https://web.facebook.com/darissirad666/posts/pfbid0Lp364ixVAYyL6XWnsVNL4HS8hCDpc3y9vhZVLMHzgYvcFvoWMyiLXWQ2G68PwSEhl"
"646","Elly Yulyanti","2026-03-04T12:20:00.000Z","Anakku bln januari kemarin dirawat grgr campak, dehidrasi pula gamau makan maunya minum aja tdr trs krn lemes bkn ngantuk dirs seminggu alhamdulillah sudah sehat lg","","0","0","0","-1","https://web.facebook.com/darissirad666/posts/pfbid0Lp364ixVAYyL6XWnsVNL4HS8hCDpc3y9vhZVLMHzgYvcFvoWMyiLXWQ2G68PwSEhl"
"647","Wang Xiaoyi","2026-03-04T13:22:00.000Z","Mulai sekarang ayo bunda bunda jangan egoisss ,, anaknya tolong di bawa ke posyandu","","0","0","0","-1","https://web.facebook.com/darissirad666/posts/pfbid0Lp364ixVAYyL6XWnsVNL4HS8hCDpc3y9vhZVLMHzgYvcFvoWMyiLXWQ2G68PwSEhl"
"648","Noni Noni","2026-03-04T13:50:00.000Z","Ka anak aku 3 kmren barengan kena campak..aku kasih parasetamol doang sma mandi trus kasih caladin cair biar ga gatel,,cuma 2hari pada sembuh sendiri..beruntung bgt .kira2 timbul LG ga ya","","0","0","0","-1","https://web.facebook.com/darissirad666/posts/pfbid0Lp364ixVAYyL6XWnsVNL4HS8hCDpc3y9vhZVLMHzgYvcFvoWMyiLXWQ2G68PwSEhl"
"649","Kei Kei Keisha","2026-03-04T10:56:00.000Z","Campak apakah sama dengan dabagen (istilah Jawa)","","0","0","0","-1","https://web.facebook.com/darissirad666/posts/pfbid0Lp364ixVAYyL6XWnsVNL4HS8hCDpc3y9vhZVLMHzgYvcFvoWMyiLXWQ2G68PwSEhl"
"650","Fauziyyah Inamillah","2026-03-04T17:02:00.000Z","anak ku yg cewe bulan kemarin kena campak ad seminggu lebih gak keluar rumah ,  dan sekarang adeknya yg lagi kena campak sudah 2 hari demam hari ke3 baru keluar ruam2 merah , mogok makan setiap makan dilepehin itu gmna yaa solusinya apa saya harus bw ke RS biar rawat inap atau gmna ya jdi bingung","","0","0","0","-1","https://web.facebook.com/darissirad666/posts/pfbid0Lp364ixVAYyL6XWnsVNL4HS8hCDpc3y9vhZVLMHzgYvcFvoWMyiLXWQ2G68PwSEhl"
"651","Rafika Humaira","2026-03-04T20:37:00.000Z","anakku waktu umur 6bln udah kena campak sebelum suntik campak itu, awal panas tinggal hari ke 2 keluar semua campak nya sampe seluruh badan Alhamdulillah hari ke 5 udah hilang bersih","","0","0","0","-1","https://web.facebook.com/darissirad666/posts/pfbid0Lp364ixVAYyL6XWnsVNL4HS8hCDpc3y9vhZVLMHzgYvcFvoWMyiLXWQ2G68PwSEhl"
"652","Alesha Zahra Shabila","2026-03-04T12:10:00.000Z","Jauh kan lah anak ku dari penyakit ya allah.udah khawatir banget.karna anakku ada riwayat kejang","","0","0","0","-1","https://web.facebook.com/darissirad666/posts/pfbid0Lp364ixVAYyL6XWnsVNL4HS8hCDpc3y9vhZVLMHzgYvcFvoWMyiLXWQ2G68PwSEhl"
"653","Nareswari Qieqie Qinasih","2026-03-04T11:03:00.000Z","Anakku juga ini ners...sampe ada seseknya","","0","0","0","-1","https://web.facebook.com/darissirad666/posts/pfbid0Lp364ixVAYyL6XWnsVNL4HS8hCDpc3y9vhZVLMHzgYvcFvoWMyiLXWQ2G68PwSEhl"
"654","Vikhaa Fitri","2026-03-04T20:19:00.000Z","Ankku yg SD udah gak bsa d vaksin campak pdhal pengen bgt ngejar imunisasi.a, wktu ada imunisasi d skolah.a gak dpt krn lg bapil wktu itt, trus aq tnya d puskesmas kta.a gak bsa","","0","0","0","-1","https://web.facebook.com/darissirad666/posts/pfbid0Lp364ixVAYyL6XWnsVNL4HS8hCDpc3y9vhZVLMHzgYvcFvoWMyiLXWQ2G68PwSEhl"
"655","Daris Munandar","2026-03-03T19:24:00.000Z","Disini https://www.facebook.com/darissirad666/storefront?entry=pinned_comment","","0","0","0","-1","https://web.facebook.com/darissirad666/posts/pfbid0Lp364ixVAYyL6XWnsVNL4HS8hCDpc3y9vhZVLMHzgYvcFvoWMyiLXWQ2G68PwSEhl"
"656","Elly Yulyanti","2026-03-03T21:20:00.000Z","Anakku bln januari kemarin dirawat grgr campak, dehidrasi pula gamau makan maunya minum aja tdr trs krn lemes bkn ngantuk dirs seminggu alhamdulillah sudah sehat lg","","0","0","0","-1","https://web.facebook.com/darissirad666/posts/pfbid0Lp364ixVAYyL6XWnsVNL4HS8hCDpc3y9vhZVLMHzgYvcFvoWMyiLXWQ2G68PwSEhl"
"657","Wang Xiaoyi","2026-03-03T22:22:00.000Z","Mulai sekarang ayo bunda bunda jangan egoisss ,, anaknya tolong di bawa ke posyandu","","0","0","0","-1","https://web.facebook.com/darissirad666/posts/pfbid0Lp364ixVAYyL6XWnsVNL4HS8hCDpc3y9vhZVLMHzgYvcFvoWMyiLXWQ2G68PwSEhl"
"658","Noni Noni","2026-03-03T22:50:00.000Z","Ka anak aku 3 kmren barengan kena campak..aku kasih parasetamol doang sma mandi trus kasih caladin cair biar ga gatel,,cuma 2hari pada sembuh sendiri..beruntung bgt .kira2 timbul LG ga ya","","0","0","0","-1","https://web.facebook.com/darissirad666/posts/pfbid0Lp364ixVAYyL6XWnsVNL4HS8hCDpc3y9vhZVLMHzgYvcFvoWMyiLXWQ2G68PwSEhl"
"659","Kei Kei Keisha","2026-03-03T19:56:00.000Z","Campak apakah sama dengan dabagen (istilah Jawa)","","0","0","0","-1","https://web.facebook.com/darissirad666/posts/pfbid0Lp364ixVAYyL6XWnsVNL4HS8hCDpc3y9vhZVLMHzgYvcFvoWMyiLXWQ2G68PwSEhl"
"660","unknown","2026-07-13T07:45:00.000Z","Daerah mana bang","","0","0","0","-1","https://web.facebook.com/aep.saefullah.56884/videos/1745887323081616/?idorvanity=1100508217125029"
"661","Lyena Marya Ulva","2026-06-23T01:26:00.000Z","Gak tau dek","","0","0","0","-1","https://web.facebook.com/photo/?fbid=4393794190839405&set=a.1573115399573979"
"662","Eni Aini","2026-04-15T06:55:00.000Z","Bagus itu biar mereka juga bisa merasakan apa yg kami rasakan","","0","0","0","-1","https://web.facebook.com/jefri.papahnya.aqiela/posts/pfbid0cBX2TsDfc3ZPnizgcPq7sApENYuL7suZrUhZkoPp4HqByGkvZGy6bYqtXZGsJNCHl"
"663","Fabu Ridwan II","2026-04-15T12:08:00.000Z","apa mngkin orang2 yg krja di dunia RS dan puskesmas akan di eliminasinya? mngingat sudh ada aplikasi dan robot yg mnggntikn peran mreka.. atau cm acara depop biasa?","","0","0","0","-1","https://web.facebook.com/jefri.papahnya.aqiela/posts/pfbid0cBX2TsDfc3ZPnizgcPq7sApENYuL7suZrUhZkoPp4HqByGkvZGy6bYqtXZGsJNCHl"
"664","Randy Damara","2026-04-15T15:02:00.000Z","Alhamdulillah... nakes' kerdil keledai jdi ajang mati mematikan , guah rasa akan ada gelonbang besar untuk beramai' RISGN dri dunia PERDOKTRINAN eh PERDOKTERAN","","0","0","0","-1","https://web.facebook.com/jefri.papahnya.aqiela/posts/pfbid0cBX2TsDfc3ZPnizgcPq7sApENYuL7suZrUhZkoPp4HqByGkvZGy6bYqtXZGsJNCHl"
"665","Jemz","2026-04-16T10:54:00.000Z","Kita akan bertemu nanti, bos,... Biarkan mereka pergi terlebih dahulu","","0","0","0","-1","https://web.facebook.com/jefri.papahnya.aqiela/posts/pfbid0cBX2TsDfc3ZPnizgcPq7sApENYuL7suZrUhZkoPp4HqByGkvZGy6bYqtXZGsJNCHl"
"666","Winnie Sutjipto","2026-04-18T23:50:00.000Z","Nakes2 tiba2 jadi pengecut","","0","0","0","-1","https://web.facebook.com/jefri.papahnya.aqiela/posts/pfbid0cBX2TsDfc3ZPnizgcPq7sApENYuL7suZrUhZkoPp4HqByGkvZGy6bYqtXZGsJNCHl"
"667","Yuanita Ari Shanti","2026-04-16T13:57:00.000Z","Iya lho, di thread juga adem ayem","","0","0","0","-1","https://web.facebook.com/jefri.papahnya.aqiela/posts/pfbid0cBX2TsDfc3ZPnizgcPq7sApENYuL7suZrUhZkoPp4HqByGkvZGy6bYqtXZGsJNCHl"
"668","Ummu Fatimah","2026-04-15T12:53:00.000Z","Jiwa nakes meronta-ronta ketakutan kayaknya....upssss","","0","0","0","-1","https://web.facebook.com/jefri.papahnya.aqiela/posts/pfbid0cBX2TsDfc3ZPnizgcPq7sApENYuL7suZrUhZkoPp4HqByGkvZGy6bYqtXZGsJNCHl"
"669","Sunny Narita","2026-04-15T09:06:00.000Z","Baris yg rapi ya...","","0","0","0","-1","https://web.facebook.com/jefri.papahnya.aqiela/posts/pfbid0cBX2TsDfc3ZPnizgcPq7sApENYuL7suZrUhZkoPp4HqByGkvZGy6bYqtXZGsJNCHl"
"670","Linda Ratna","2026-04-15T16:52:00.000Z","Senjata makan tuan","","0","0","0","-1","https://web.facebook.com/jefri.papahnya.aqiela/posts/pfbid0cBX2TsDfc3ZPnizgcPq7sApENYuL7suZrUhZkoPp4HqByGkvZGy6bYqtXZGsJNCHl"
"671","Ki Dalban","2026-04-15T07:25:00.000Z","Harrrrraghhh kamu","","0","0","0","-1","https://web.facebook.com/jefri.papahnya.aqiela/posts/pfbid0cBX2TsDfc3ZPnizgcPq7sApENYuL7suZrUhZkoPp4HqByGkvZGy6bYqtXZGsJNCHl"
"672","Eni Aini","2026-04-14T16:55:00.000Z","Bagus itu biar mereka juga bisa merasakan apa yg kami rasakan","","0","0","0","-1","https://web.facebook.com/jefri.papahnya.aqiela/posts/pfbid0cBX2TsDfc3ZPnizgcPq7sApENYuL7suZrUhZkoPp4HqByGkvZGy6bYqtXZGsJNCHl"
"673","Fabu Ridwan II","2026-04-14T22:08:00.000Z","apa mngkin orang2 yg krja di dunia RS dan puskesmas akan di eliminasinya? mngingat sudh ada aplikasi dan robot yg mnggntikn peran mreka.. atau cm acara depop biasa?","","0","0","0","-1","https://web.facebook.com/jefri.papahnya.aqiela/posts/pfbid0cBX2TsDfc3ZPnizgcPq7sApENYuL7suZrUhZkoPp4HqByGkvZGy6bYqtXZGsJNCHl"
"674","Randy Damara","2026-04-15T01:02:00.000Z","Alhamdulillah... nakes' kerdil keledai jdi ajang mati mematikan , guah rasa akan ada gelonbang besar untuk beramai' RISGN dri dunia PERDOKTRINAN eh PERDOKTERAN","","0","0","0","-1","https://web.facebook.com/jefri.papahnya.aqiela/posts/pfbid0cBX2TsDfc3ZPnizgcPq7sApENYuL7suZrUhZkoPp4HqByGkvZGy6bYqtXZGsJNCHl"
"675","Jemz","2026-04-15T20:54:00.000Z","Kita akan bertemu nanti, bos,... Biarkan mereka pergi terlebih dahulu","","0","0","0","-1","https://web.facebook.com/jefri.papahnya.aqiela/posts/pfbid0cBX2TsDfc3ZPnizgcPq7sApENYuL7suZrUhZkoPp4HqByGkvZGy6bYqtXZGsJNCHl"
"676","Winnie Sutjipto","2026-04-18T09:50:00.000Z","Nakes2 tiba2 jadi pengecut","","0","0","0","-1","https://web.facebook.com/jefri.papahnya.aqiela/posts/pfbid0cBX2TsDfc3ZPnizgcPq7sApENYuL7suZrUhZkoPp4HqByGkvZGy6bYqtXZGsJNCHl"
"677","Suhadi Adi","2026-04-07T03:28:00.000Z","SD depan rmh saya klo mau vaksun harus ada persetujuan ortu, ada yg satu kelas hanya 4 org anak yg mau vaksun. kepseknya ga maksa.","","0","0","0","-1","https://web.facebook.com/chooni.romadhony.1/posts/pfbid02Ke794CyQSsETP8SWx8EWNVCzXBF9Y2aZAhVkF2CpnfK5P9N7tdGpKe7WrHLnc8tCl"
"678","Syivia Iendah","2026-04-07T03:31:00.000Z","Anak kembarq vaksin sampai yg 18 bulan aja, untuk yg selanjutnya gak q lanjutkan, karena pas vaksin di umur 18 itu, demam naik turun sampai 10 harian, kembar lemas jalan pun g bisa, jadi sambil ngesot, takut bngt ya Allah...","","0","0","0","-1","https://web.facebook.com/chooni.romadhony.1/posts/pfbid02Ke794CyQSsETP8SWx8EWNVCzXBF9Y2aZAhVkF2CpnfK5P9N7tdGpKe7WrHLnc8tCl"
"679","Adibro Sisbro","2026-04-07T02:55:00.000Z","Mungkin negara gak berdaya sama kuasa elit global mereka punya uang kita punya kemiskinan,harusnya negara berkaca kasus covid kemaren punya investigasi mandiri jangan sampai kisah berulang banyak rakyat mati dan cacat uang mengalir keluar buat beli obat hasilnya zonk karena laboratorium mereka juga belum uji klinis vaksinnya namanya kita jadi bahan percobaan gratisan.nanti kalo memang dipaksakan harusnya tandatangan pertanggungjawaban pemerintah atas programnya jika ada efek samping yg membahayakan rakyatnya dan diteruskan tuntutan negara terhadap produsen dan promotor tersebut.secara legal","","0","0","0","-1","https://web.facebook.com/chooni.romadhony.1/posts/pfbid02Ke794CyQSsETP8SWx8EWNVCzXBF9Y2aZAhVkF2CpnfK5P9N7tdGpKe7WrHLnc8tCl"
"680","Risza Agus Tina","2026-04-07T04:25:00.000Z","3 anak saya tidak saya vaksin sedari bayi. Dan mereka semua kena campak setelah lewat usia 9 bulan. Tapi tdk pernah sampe parah, hanya demam ringan saja. Gak panik kalo kita belajar dan saya gak mau ditakut²i krn saya belajar.","","0","0","0","-1","https://web.facebook.com/chooni.romadhony.1/posts/pfbid02Ke794CyQSsETP8SWx8EWNVCzXBF9Y2aZAhVkF2CpnfK5P9N7tdGpKe7WrHLnc8tCl"
"681","Titin","2026-04-07T01:37:00.000Z","Ngerinya ibu2 yg kurg wawasan kyk saya imunisasi ikut2 tan karena dijanjikan sehat dan kebal. Pdhal taruhannya nyawa juga   Alhamdulillaah anak kedua saya gak lanjut","","0","0","0","-1","https://web.facebook.com/chooni.romadhony.1/posts/pfbid02Ke794CyQSsETP8SWx8EWNVCzXBF9Y2aZAhVkF2CpnfK5P9N7tdGpKe7WrHLnc8tCl"
"682","Rohyati Sofjan","2026-04-07T02:03:00.000Z","Apakah zaman sekarang rakyat dipaksa dan diancam segala, tak bebas memilih.. Padahal waktu aanya sakit campak saat kelas 4/5 MI beberapa tahun lalu, tak  dianggap berbahaya karena bisa sembuh sendiri tanpa cucuk. Bidan juga hanya menyarankan dikasih bedak salisil jika gatal. Tak nyuruh cucuk lagi karena saat balita sudah imunisasi campak.","","0","0","0","-1","https://web.facebook.com/chooni.romadhony.1/posts/pfbid02Ke794CyQSsETP8SWx8EWNVCzXBF9Y2aZAhVkF2CpnfK5P9N7tdGpKe7WrHLnc8tCl"
"683","Yeni Yeni","2026-04-07T02:34:00.000Z","Puji Tuhan... anak'ku ndk prnh imunisasi cuma imunisasi wktu br lahir saja di Rs...","","0","0","0","-1","https://web.facebook.com/chooni.romadhony.1/posts/pfbid02Ke794CyQSsETP8SWx8EWNVCzXBF9Y2aZAhVkF2CpnfK5P9N7tdGpKe7WrHLnc8tCl"
"684","Cindy Coffeeism","2026-04-07T04:45:00.000Z","anak saya dulu pas 9 bulan di vaksin campak, eh tapi sktr 4-5 hari stlh nya malah demam dan muncul ruam, ke dokter anak katanya malah campak","","0","0","0","-1","https://web.facebook.com/chooni.romadhony.1/posts/pfbid02Ke794CyQSsETP8SWx8EWNVCzXBF9Y2aZAhVkF2CpnfK5P9N7tdGpKe7WrHLnc8tCl"
"685","Kusuma Wicitra Dewi","2026-04-07T10:55:00.000Z","Bayiku terakhir imunisasi vaksin BCG, dan GK imunisasi vaksin setelah nya smpe 8bln, dan di 8bln kemarin baru alami panas badannya sampe 39,8°C,dan baru sembuh Minggu ini, dan waktu ke Dokter langganan, Ibu bayinya imunisasi lengkap GK GK Bu waah di omelin sama Dokternya,bahwa imunisasi itu latihan  daya tahan tubuh, jdnya klo nanti terkena GK sakit parah,bulan April masuk 9 bln, aku JD galau n bingung harus imunisasi vaksin campak atau nggak nya, tolong bantu sharing nya dong Bu ibu?!","","0","0","0","-1","https://web.facebook.com/chooni.romadhony.1/posts/pfbid02Ke794CyQSsETP8SWx8EWNVCzXBF9Y2aZAhVkF2CpnfK5P9N7tdGpKe7WrHLnc8tCl"
"686","Ay U Mee","2026-04-07T03:48:00.000Z","Meskipun divaksin kalau ada apa2 dengan anak2 pemerintah juga ga tangung jawab ..orang tua yg repot","","0","0","0","-1","https://web.facebook.com/chooni.romadhony.1/posts/pfbid02Ke794CyQSsETP8SWx8EWNVCzXBF9Y2aZAhVkF2CpnfK5P9N7tdGpKe7WrHLnc8tCl"
"687","Suhadi Adi","2026-04-06T13:28:00.000Z","SD depan rmh saya klo mau vaksun harus ada persetujuan ortu, ada yg satu kelas hanya 4 org anak yg mau vaksun. kepseknya ga maksa.","","0","0","0","-1","https://web.facebook.com/chooni.romadhony.1/posts/pfbid02Ke794CyQSsETP8SWx8EWNVCzXBF9Y2aZAhVkF2CpnfK5P9N7tdGpKe7WrHLnc8tCl"
"688","Syivia Iendah","2026-04-06T13:31:00.000Z","Anak kembarq vaksin sampai yg 18 bulan aja, untuk yg selanjutnya gak q lanjutkan, karena pas vaksin di umur 18 itu, demam naik turun sampai 10 harian, kembar lemas jalan pun g bisa, jadi sambil ngesot, takut bngt ya Allah...","","0","0","0","-1","https://web.facebook.com/chooni.romadhony.1/posts/pfbid02Ke794CyQSsETP8SWx8EWNVCzXBF9Y2aZAhVkF2CpnfK5P9N7tdGpKe7WrHLnc8tCl"
"689","Adibro Sisbro","2026-04-06T12:55:00.000Z","Mungkin negara gak berdaya sama kuasa elit global mereka punya uang kita punya kemiskinan,harusnya negara berkaca kasus covid kemaren punya investigasi mandiri jangan sampai kisah berulang banyak rakyat mati dan cacat uang mengalir keluar buat beli obat hasilnya zonk karena laboratorium mereka juga belum uji klinis vaksinnya namanya kita jadi bahan percobaan gratisan.nanti kalo memang dipaksakan harusnya tandatangan pertanggungjawaban pemerintah atas programnya jika ada efek samping yg membahayakan rakyatnya dan diteruskan tuntutan negara terhadap produsen dan promotor tersebut.secara legal","","0","0","0","-1","https://web.facebook.com/chooni.romadhony.1/posts/pfbid02Ke794CyQSsETP8SWx8EWNVCzXBF9Y2aZAhVkF2CpnfK5P9N7tdGpKe7WrHLnc8tCl"
"690","Risza Agus Tina","2026-04-06T14:25:00.000Z","3 anak saya tidak saya vaksin sedari bayi. Dan mereka semua kena campak setelah lewat usia 9 bulan. Tapi tdk pernah sampe parah, hanya demam ringan saja. Gak panik kalo kita belajar dan saya gak mau ditakut²i krn saya belajar.","","0","0","0","-1","https://web.facebook.com/chooni.romadhony.1/posts/pfbid02Ke794CyQSsETP8SWx8EWNVCzXBF9Y2aZAhVkF2CpnfK5P9N7tdGpKe7WrHLnc8tCl"
"691","Titin","2026-04-06T11:37:00.000Z","Ngerinya ibu2 yg kurg wawasan kyk saya imunisasi ikut2 tan karena dijanjikan sehat dan kebal. Pdhal taruhannya nyawa juga   Alhamdulillaah anak kedua saya gak lanjut","","0","0","0","-1","https://web.facebook.com/chooni.romadhony.1/posts/pfbid02Ke794CyQSsETP8SWx8EWNVCzXBF9Y2aZAhVkF2CpnfK5P9N7tdGpKe7WrHLnc8tCl"
"692","Fabu Ridwan II","2026-03-04T01:11:00.000Z","jemput aku sebagai guru muridmu.","","0","0","0","-1","https://web.facebook.com/photo/?fbid=646613404800391&set=a.101256392669431"
"693","unknown","2025-04-06T23:33:00.000Z","terima kasih koh, mau ku catet nih di buku Catan ku","","0","0","0","-1","https://web.facebook.com/photo/?fbid=646613404800391&set=a.101256392669431"
"694","unknown","2025-04-06T11:38:00.000Z","Om koh Bao Chenx sepupu ana klo di kinumi antibiotik ,bibir dan leher juga muka PDA biru kayak hbis di Tonjokin ,kayak gini heran nya kok masih bela in obat sintetis,obat apotik ,obat Rumkit ,obat RB,obat kimia lah PDA percaya dan yakin bisa nyembuhin,dan aneh nya bnyk yg sudh keracunan obat kimia ,TPI msih berkhidmat PDA omat kimia dan percaya sama dokter alumni Kurikulum Merdeka !!!","","0","0","0","-1","https://web.facebook.com/photo/?fbid=646613404800391&set=a.101256392669431"
"695","unknown","2025-04-06T11:12:00.000Z","Sales vaksin yg kesel sama si koko wkwkw","","0","0","0","-1","https://web.facebook.com/photo/?fbid=646613404800391&set=a.101256392669431"
"696","unknown","2025-04-06T10:38:00.000Z","Kalo anak sesak, gimana cara ngobatinnya tanpa obat atau herbal ?","","0","0","0","-1","https://web.facebook.com/photo/?fbid=646613404800391&set=a.101256392669431"
"697","unknown","2025-04-06T10:34:00.000Z","Mana cuma di spill dikit doang","","0","0","0","-1","https://web.facebook.com/photo/?fbid=646613404800391&set=a.101256392669431"
"698","Muhibah Bundanya Anku","2026-04-07T02:45:00.000Z","Kemaren ada yg posting waktu ada dokter yg meninggal karena campak itu yg salah yg tidak vaksin. Terus dia bilang tolooool keorang yg tidak mau vaksin","","0","0","0","-1","https://web.facebook.com/chooni.romadhony.1/posts/pfbid02obsq94RiaNWZvbbunLdyHaKag5XCrSZmLa2P2QJQZk6YV757hLQPHn6N1v8tiRPVl"
"699","Jamilah","2026-04-07T04:12:00.000Z","Ponakan saya GK pernah posyandu malah lebih sehat","","0","0","0","-1","https://web.facebook.com/chooni.romadhony.1/posts/pfbid02obsq94RiaNWZvbbunLdyHaKag5XCrSZmLa2P2QJQZk6YV757hLQPHn6N1v8tiRPVl"
"700","Ricky de Angelo","2026-04-07T01:39:00.000Z","Negara kita dijadikan tempat uji percobaan ya ngeri aplgi skrg mau uji vaksin tuberkulosis jg ya?","","0","0","0","-1","https://web.facebook.com/chooni.romadhony.1/posts/pfbid02obsq94RiaNWZvbbunLdyHaKag5XCrSZmLa2P2QJQZk6YV757hLQPHn6N1v8tiRPVl"
"701","Wulandari","2026-04-07T04:39:00.000Z","aku share postingan pakdee, malah kena teguran dari mamett, katanya informasi palsu,, konoha kalau kyk gini gercep bgt, tp judol susah di blokirr , takut bgt orang orang pada gak mau imunisasi","","0","0","0","-1","https://web.facebook.com/chooni.romadhony.1/posts/pfbid02obsq94RiaNWZvbbunLdyHaKag5XCrSZmLa2P2QJQZk6YV757hLQPHn6N1v8tiRPVl"
"702","Rindi Antika N. Idris","2026-04-08T06:02:00.000Z","Trus mereka eekw di toilet"" umum semakin menyebat lah tu virus"",lalu menular kan yang gak di vaksin dan di vaksin,trus yang di fitnah menyebarkan penyakit yang gak vaksin,padahal udah jelas orang"" di vaksin itu dalam tubuh nya udah jelas ada virus itu sendiri","","0","0","0","-1","https://web.facebook.com/chooni.romadhony.1/posts/pfbid02obsq94RiaNWZvbbunLdyHaKag5XCrSZmLa2P2QJQZk6YV757hLQPHn6N1v8tiRPVl"
"703","Gunawan Effendi","2026-04-08T05:03:00.000Z","Data vaksin harus ada .. baru negara yg kita tuku mau menerima atau di kasih masuk..","","0","0","0","-1","https://web.facebook.com/chooni.romadhony.1/posts/pfbid02obsq94RiaNWZvbbunLdyHaKag5XCrSZmLa2P2QJQZk6YV757hLQPHn6N1v8tiRPVl"
"704","Wahyu Nugroho","2026-04-07T07:32:00.000Z","Kmr sy didatangi dr puskesmas sama dinas kesehatan ke rumah, mau memaksa vaksin anak anak. Sudah bawa peralatan vaksin. Akhirnya dengan perdebatan dan agak emosi jg, mereka akhirnya pergi juga.. Sampai segitunya..","","0","0","0","-1","https://web.facebook.com/chooni.romadhony.1/posts/pfbid02obsq94RiaNWZvbbunLdyHaKag5XCrSZmLa2P2QJQZk6YV757hLQPHn6N1v8tiRPVl"
"705","Retno Wuragil S","2026-04-07T05:46:00.000Z","Saya bukan antivaksin bukan juga provaksin. Anak pertama dan kedua semua vaksin bahkan di rs dgn biaya tdk sedikit. Tapi setelah punya anak ke tiga dan banyak baca tentang pengalaman ortu yg anaknya vaksin BCG justru kena tbc dan vaksin DPT justru terjangkit pneumonia, sy jd ragu dan memutuskan utk stop di BCG pd anak ke tiga saya.","","0","0","0","-1","https://web.facebook.com/chooni.romadhony.1/posts/pfbid02obsq94RiaNWZvbbunLdyHaKag5XCrSZmLa2P2QJQZk6YV757hLQPHn6N1v8tiRPVl"
"706","Wac Zito","2026-04-07T06:31:00.000Z","Intinya program vaksin adalah untuk memuluskan agenda global kedepannya...,bagi yg pro vaksin silahkan tanggung sendiri resiko nya...","","0","0","0","-1","https://web.facebook.com/chooni.romadhony.1/posts/pfbid02obsq94RiaNWZvbbunLdyHaKag5XCrSZmLa2P2QJQZk6YV757hLQPHn6N1v8tiRPVl"
"707","Qirara Myprincess","2026-04-08T13:26:00.000Z","Misalkan positifpun pasti mereka bilangnya tidak akan menularkan kayak tbc pada anak","","0","0","0","-1","https://web.facebook.com/chooni.romadhony.1/posts/pfbid02obsq94RiaNWZvbbunLdyHaKag5XCrSZmLa2P2QJQZk6YV757hLQPHn6N1v8tiRPVl"
"708","Muhibah Bundanya Anku","2026-04-06T12:45:00.000Z","Kemaren ada yg posting waktu ada dokter yg meninggal karena campak itu yg salah yg tidak vaksin. Terus dia bilang tolooool keorang yg tidak mau vaksin","","0","0","0","-1","https://web.facebook.com/chooni.romadhony.1/posts/pfbid02obsq94RiaNWZvbbunLdyHaKag5XCrSZmLa2P2QJQZk6YV757hLQPHn6N1v8tiRPVl"
"709","Jamilah","2026-04-06T14:12:00.000Z","Ponakan saya GK pernah posyandu malah lebih sehat","","0","0","0","-1","https://web.facebook.com/chooni.romadhony.1/posts/pfbid02obsq94RiaNWZvbbunLdyHaKag5XCrSZmLa2P2QJQZk6YV757hLQPHn6N1v8tiRPVl"
"710","Ricky de Angelo","2026-04-06T11:39:00.000Z","Negara kita dijadikan tempat uji percobaan ya ngeri aplgi skrg mau uji vaksin tuberkulosis jg ya?","","0","0","0","-1","https://web.facebook.com/chooni.romadhony.1/posts/pfbid02obsq94RiaNWZvbbunLdyHaKag5XCrSZmLa2P2QJQZk6YV757hLQPHn6N1v8tiRPVl"
"711","Wulandari","2026-04-06T14:39:00.000Z","aku share postingan pakdee, malah kena teguran dari mamett, katanya informasi palsu,, konoha kalau kyk gini gercep bgt, tp judol susah di blokirr , takut bgt orang orang pada gak mau imunisasi","","0","0","0","-1","https://web.facebook.com/chooni.romadhony.1/posts/pfbid02obsq94RiaNWZvbbunLdyHaKag5XCrSZmLa2P2QJQZk6YV757hLQPHn6N1v8tiRPVl"
"712","Rindi Antika N. Idris","2026-04-07T16:02:00.000Z","Trus mereka eekw di toilet"" umum semakin menyebat lah tu virus"",lalu menular kan yang gak di vaksin dan di vaksin,trus yang di fitnah menyebarkan penyakit yang gak vaksin,padahal udah jelas orang"" di vaksin itu dalam tubuh nya udah jelas ada virus itu sendiri","","0","0","0","-1","https://web.facebook.com/chooni.romadhony.1/posts/pfbid02obsq94RiaNWZvbbunLdyHaKag5XCrSZmLa2P2QJQZk6YV757hLQPHn6N1v8tiRPVl"
"713","Yuli Lintang Lakeisha","2026-05-04T08:36:00.000Z","Yang berdiri itu jahatttt gaes","","0","0","0","-1","https://web.facebook.com/vina.bayu.5/posts/pfbid02RLFQi7BCkKnbxiyyZLZmFPFmXe9YS1EGfwS8zRRu9vuzSpTGQQj4eQ5piKx4bHL2l"
"714","Agus Salim","2026-05-06T11:31:00.000Z","Vaksin alergi uang","","0","0","0","-1","https://web.facebook.com/vina.bayu.5/posts/pfbid02RLFQi7BCkKnbxiyyZLZmFPFmXe9YS1EGfwS8zRRu9vuzSpTGQQj4eQ5piKx4bHL2l"
"715","Jamu Nyaman Ate","2026-05-07T00:57:00.000Z","Vaksin bnyak uang","","0","0","0","-1","https://web.facebook.com/vina.bayu.5/posts/pfbid02RLFQi7BCkKnbxiyyZLZmFPFmXe9YS1EGfwS8zRRu9vuzSpTGQQj4eQ5piKx4bHL2l"
"716","ARni Arsyila Inayah","2026-05-04T08:31:00.000Z","Smangat bu perawat","","0","0","0","-1","https://web.facebook.com/vina.bayu.5/posts/pfbid02RLFQi7BCkKnbxiyyZLZmFPFmXe9YS1EGfwS8zRRu9vuzSpTGQQj4eQ5piKx4bHL2l"
"717","Wina Noviani","2026-05-04T08:17:00.000Z","Yang berdiri itu jahatttt gaes","","0","0","0","-1","https://web.facebook.com/vina.bayu.5/posts/pfbid02RLFQi7BCkKnbxiyyZLZmFPFmXe9YS1EGfwS8zRRu9vuzSpTGQQj4eQ5piKx4bHL2l"
"718","Yuli Lintang Lakeisha","2026-05-03T18:36:00.000Z","Yang berdiri itu jahatttt gaes","","0","0","0","-1","https://web.facebook.com/vina.bayu.5/posts/pfbid02RLFQi7BCkKnbxiyyZLZmFPFmXe9YS1EGfwS8zRRu9vuzSpTGQQj4eQ5piKx4bHL2l"
"719","Agus Salim","2026-05-05T21:31:00.000Z","Vaksin alergi uang","","0","0","0","-1","https://web.facebook.com/vina.bayu.5/posts/pfbid02RLFQi7BCkKnbxiyyZLZmFPFmXe9YS1EGfwS8zRRu9vuzSpTGQQj4eQ5piKx4bHL2l"
"720","Jamu Nyaman Ate","2026-05-06T10:57:00.000Z","Vaksin bnyak uang","","0","0","0","-1","https://web.facebook.com/vina.bayu.5/posts/pfbid02RLFQi7BCkKnbxiyyZLZmFPFmXe9YS1EGfwS8zRRu9vuzSpTGQQj4eQ5piKx4bHL2l"
"721","ARni Arsyila Inayah","2026-05-03T18:31:00.000Z","Smangat bu perawat","","0","0","0","-1","https://web.facebook.com/vina.bayu.5/posts/pfbid02RLFQi7BCkKnbxiyyZLZmFPFmXe9YS1EGfwS8zRRu9vuzSpTGQQj4eQ5piKx4bHL2l"
"722","Wina Noviani","2026-05-03T18:17:00.000Z","Yang berdiri itu jahatttt gaes","","0","0","0","-1","https://web.facebook.com/vina.bayu.5/posts/pfbid02RLFQi7BCkKnbxiyyZLZmFPFmXe9YS1EGfwS8zRRu9vuzSpTGQQj4eQ5piKx4bHL2l"
"723","Ristin","2026-06-18T15:18:00.000Z","https://www.facebook.com/ristin.ristin.1253/subscribenow https://www.facebook.com/ristin.ristin.1253/subscribenow?surface=pinned_comments","","0","0","0","-1","https://web.facebook.com/ristin.ristin.1253/posts/pfbid0iLxqpS77zv5vbXSa49uPvoWcf1diggepEitJHycqFa2SSinUUz5FRKheNBLyaKEbl"
"724","Ristin","2026-06-18T01:18:00.000Z","https://www.facebook.com/ristin.ristin.1253/subscribenow https://www.facebook.com/ristin.ristin.1253/subscribenow?surface=pinned_comments","","0","0","0","-1","https://web.facebook.com/ristin.ristin.1253/posts/pfbid0iLxqpS77zv5vbXSa49uPvoWcf1diggepEitJHycqFa2SSinUUz5FRKheNBLyaKEbl"
"725","R'ky","2026-06-04T20:13:00.000Z","@sorotan","","0","0","0","-1","https://web.facebook.com/r.ky.725555/posts/pfbid02vSXcvPGGFkw9VBb5MXqqXKuYe45rXeKuakXhXpsA1w29BvNMyL9Gvb81sBtpPb2Jl"
"726","Galng","2026-06-06T07:18:00.000Z","Ada gw jir itu tanda  di suntik cacar waktu kecil kaya ny sih","","0","0","0","-1","https://web.facebook.com/r.ky.725555/posts/pfbid02vSXcvPGGFkw9VBb5MXqqXKuYe45rXeKuakXhXpsA1w29BvNMyL9Gvb81sBtpPb2Jl"
"727","Muhammad Abdi Satya","2026-06-06T07:02:00.000Z","Itu tanda klo udah sni","","0","0","0","-1","https://web.facebook.com/r.ky.725555/posts/pfbid02vSXcvPGGFkw9VBb5MXqqXKuYe45rXeKuakXhXpsA1w29BvNMyL9Gvb81sBtpPb2Jl"
"728","Minato Ujumaki","2026-06-06T12:14:00.000Z","Kata siapa aku ga punya","","0","0","0","-1","https://web.facebook.com/r.ky.725555/posts/pfbid02vSXcvPGGFkw9VBb5MXqqXKuYe45rXeKuakXhXpsA1w29BvNMyL9Gvb81sBtpPb2Jl"
"729","OC","2026-06-06T17:37:00.000Z","di korek","","0","0","0","-1","https://web.facebook.com/r.ky.725555/posts/pfbid02vSXcvPGGFkw9VBb5MXqqXKuYe45rXeKuakXhXpsA1w29BvNMyL9Gvb81sBtpPb2Jl"
"730","Juwanda Purmananda","2026-06-06T14:18:00.000Z","Suntik BSG lol","","0","0","0","-1","https://web.facebook.com/r.ky.725555/posts/pfbid02vSXcvPGGFkw9VBb5MXqqXKuYe45rXeKuakXhXpsA1w29BvNMyL9Gvb81sBtpPb2Jl"
"731","Devan Devano","2026-06-05T11:53:00.000Z","Kalian aja kali, gua gak pernah di gituin.di vaksin gak pernah tapi alhasil imun gua lebih kuat dari yang pernah di vaksin","","0","0","0","-1","https://web.facebook.com/r.ky.725555/posts/pfbid02vSXcvPGGFkw9VBb5MXqqXKuYe45rXeKuakXhXpsA1w29BvNMyL9Gvb81sBtpPb2Jl"
"732","Pacek","2026-06-06T10:32:00.000Z","Yg gak ada tanda ituu,berarti anak kemarin sore","","0","0","0","-1","https://web.facebook.com/r.ky.725555/posts/pfbid02vSXcvPGGFkw9VBb5MXqqXKuYe45rXeKuakXhXpsA1w29BvNMyL9Gvb81sBtpPb2Jl"
"733","Yups Ul","2026-06-05T11:29:00.000Z","Iyaa lagi gw juga ada","","0","0","0","-1","https://web.facebook.com/r.ky.725555/posts/pfbid02vSXcvPGGFkw9VBb5MXqqXKuYe45rXeKuakXhXpsA1w29BvNMyL9Gvb81sBtpPb2Jl"
"734","Raden Azmi Padilah","2026-06-06T14:27:00.000Z","gua gpnya","","0","0","0","-1","https://web.facebook.com/r.ky.725555/posts/pfbid02vSXcvPGGFkw9VBb5MXqqXKuYe45rXeKuakXhXpsA1w29BvNMyL9Gvb81sBtpPb2Jl"
"735","R'ky","2026-06-04T06:13:00.000Z","@sorotan","","0","0","0","-1","https://web.facebook.com/r.ky.725555/posts/pfbid02vSXcvPGGFkw9VBb5MXqqXKuYe45rXeKuakXhXpsA1w29BvNMyL9Gvb81sBtpPb2Jl"
"736","Galng","2026-06-05T17:18:00.000Z","Ada gw jir itu tanda  di suntik cacar waktu kecil kaya ny sih","","0","0","0","-1","https://web.facebook.com/r.ky.725555/posts/pfbid02vSXcvPGGFkw9VBb5MXqqXKuYe45rXeKuakXhXpsA1w29BvNMyL9Gvb81sBtpPb2Jl"
"737","Muhammad Abdi Satya","2026-06-05T17:02:00.000Z","Itu tanda klo udah sni","","0","0","0","-1","https://web.facebook.com/r.ky.725555/posts/pfbid02vSXcvPGGFkw9VBb5MXqqXKuYe45rXeKuakXhXpsA1w29BvNMyL9Gvb81sBtpPb2Jl"
"738","Minato Ujumaki","2026-06-05T22:14:00.000Z","Kata siapa aku ga punya","","0","0","0","-1","https://web.facebook.com/r.ky.725555/posts/pfbid02vSXcvPGGFkw9VBb5MXqqXKuYe45rXeKuakXhXpsA1w29BvNMyL9Gvb81sBtpPb2Jl"
"739","OC","2026-06-06T03:37:00.000Z","di korek","","0","0","0","-1","https://web.facebook.com/r.ky.725555/posts/pfbid02vSXcvPGGFkw9VBb5MXqqXKuYe45rXeKuakXhXpsA1w29BvNMyL9Gvb81sBtpPb2Jl"
"740","Rahel Paulus","2026-07-08T07:25:00.000Z","Aku klw anakku imunisasi sblom tinggalkan posyandu aku harus cek buku KIA dulu apa uda di isi apa blom soalnya kadang petugas lupa jdi klw blom aku suru isi dlu bgitupun klw berangkat dri rumah aku cek dlu sda dapat suntikan apa","","0","0","0","-1","https://web.facebook.com/flower.ria.56/posts/pfbid0pJcZq7Uv8N6vUxQq9eZDQfWnss2AWshaxhJSedsBYhFfRbgD3T6p4WPmMvvDy95ol"
"741","unknown","2026-07-06T12:56:00.000Z","Alasanku ga pernah mau imunisasi d posyandu ya ini.. terlalu rame takut salah vaksin .. sedangkan vaksin beda anak beda takut salah aja bidan jg manusia kan .. lebih milih datang sendiri . Bayar dikit GPp tapi hati tenang..","","0","0","0","-1","https://web.facebook.com/flower.ria.56/posts/pfbid0pJcZq7Uv8N6vUxQq9eZDQfWnss2AWshaxhJSedsBYhFfRbgD3T6p4WPmMvvDy95ol"
"742","unknown","2026-07-04T12:18:00.000Z","salah satu ini yg saya takuti..lebih baik jgn vaksin daei pada jadi kayak gini","","0","0","0","-1","https://web.facebook.com/flower.ria.56/posts/pfbid0pJcZq7Uv8N6vUxQq9eZDQfWnss2AWshaxhJSedsBYhFfRbgD3T6p4WPmMvvDy95ol"
"743","unknown","2026-07-03T03:42:00.000Z","Mungkin ada pemicu nya selain imunisaki dak sih bun. Setau ku ya klo blm selesai dpt nya ya masih d suntik dpt dlu. Mungkin pas d suntik dpt ank kurang sehat apa gimana kn klo suntik DPT pasti kn ank haruss benar2 sehat. Gak cmn dpt sih semua vaksin. Itu sepengetahuan sya bun","","0","0","0","-1","https://web.facebook.com/flower.ria.56/posts/pfbid0pJcZq7Uv8N6vUxQq9eZDQfWnss2AWshaxhJSedsBYhFfRbgD3T6p4WPmMvvDy95ol"
"744","unknown","2026-07-03T14:10:00.000Z","Mungkin ini adalah alasan mengapa nenek dan ibu saya tidak membiarkan anak-anak mereka divaksinasi.","","0","0","0","-1","https://web.facebook.com/flower.ria.56/posts/pfbid0pJcZq7Uv8N6vUxQq9eZDQfWnss2AWshaxhJSedsBYhFfRbgD3T6p4WPmMvvDy95ol"
"745","unknown","2026-07-03T03:35:00.000Z","Pasti orang yang salah masih kita sebagai ibu-ibu","","0","0","0","-1","https://web.facebook.com/flower.ria.56/posts/pfbid0pJcZq7Uv8N6vUxQq9eZDQfWnss2AWshaxhJSedsBYhFfRbgD3T6p4WPmMvvDy95ol"
"746","unknown","2026-07-03T04:29:00.000Z","Salpok sama kepala ananknya kayak besar ya","","0","0","0","-1","https://web.facebook.com/flower.ria.56/posts/pfbid0pJcZq7Uv8N6vUxQq9eZDQfWnss2AWshaxhJSedsBYhFfRbgD3T6p4WPmMvvDy95ol"
"747","unknown","2026-07-03T06:28:00.000Z","Cepat sehat ya naaak","","0","0","0","-1","https://web.facebook.com/flower.ria.56/posts/pfbid0pJcZq7Uv8N6vUxQq9eZDQfWnss2AWshaxhJSedsBYhFfRbgD3T6p4WPmMvvDy95ol"
"748","unknown","2026-07-03T07:25:00.000Z","astaghfirullah ada2 aja ya, kasian dedeknya","","0","0","0","-1","https://web.facebook.com/flower.ria.56/posts/pfbid0pJcZq7Uv8N6vUxQq9eZDQfWnss2AWshaxhJSedsBYhFfRbgD3T6p4WPmMvvDy95ol"
"749","unknown","2026-07-03T06:41:00.000Z","Oh my, kamu sangat menyedihkan, anak ..","","0","0","0","-1","https://web.facebook.com/flower.ria.56/posts/pfbid0pJcZq7Uv8N6vUxQq9eZDQfWnss2AWshaxhJSedsBYhFfRbgD3T6p4WPmMvvDy95ol"
"750","Rahel Paulus","2026-07-07T17:25:00.000Z","Aku klw anakku imunisasi sblom tinggalkan posyandu aku harus cek buku KIA dulu apa uda di isi apa blom soalnya kadang petugas lupa jdi klw blom aku suru isi dlu bgitupun klw berangkat dri rumah aku cek dlu sda dapat suntikan apa","","0","0","0","-1","https://web.facebook.com/flower.ria.56/posts/pfbid0pJcZq7Uv8N6vUxQq9eZDQfWnss2AWshaxhJSedsBYhFfRbgD3T6p4WPmMvvDy95ol"
"751","unknown","2026-07-05T22:56:00.000Z","Alasanku ga pernah mau imunisasi d posyandu ya ini.. terlalu rame takut salah vaksin .. sedangkan vaksin beda anak beda takut salah aja bidan jg manusia kan .. lebih milih datang sendiri . Bayar dikit GPp tapi hati tenang..","","0","0","0","-1","https://web.facebook.com/flower.ria.56/posts/pfbid0pJcZq7Uv8N6vUxQq9eZDQfWnss2AWshaxhJSedsBYhFfRbgD3T6p4WPmMvvDy95ol"
"752","unknown","2026-07-03T22:18:00.000Z","salah satu ini yg saya takuti..lebih baik jgn vaksin daei pada jadi kayak gini","","0","0","0","-1","https://web.facebook.com/flower.ria.56/posts/pfbid0pJcZq7Uv8N6vUxQq9eZDQfWnss2AWshaxhJSedsBYhFfRbgD3T6p4WPmMvvDy95ol"
"753","unknown","2026-07-02T13:42:00.000Z","Mungkin ada pemicu nya selain imunisaki dak sih bun. Setau ku ya klo blm selesai dpt nya ya masih d suntik dpt dlu. Mungkin pas d suntik dpt ank kurang sehat apa gimana kn klo suntik DPT pasti kn ank haruss benar2 sehat. Gak cmn dpt sih semua vaksin. Itu sepengetahuan sya bun","","0","0","0","-1","https://web.facebook.com/flower.ria.56/posts/pfbid0pJcZq7Uv8N6vUxQq9eZDQfWnss2AWshaxhJSedsBYhFfRbgD3T6p4WPmMvvDy95ol"
"754","unknown","2026-07-03T00:10:00.000Z","Mungkin ini adalah alasan mengapa nenek dan ibu saya tidak membiarkan anak-anak mereka divaksinasi.","","0","0","0","-1","https://web.facebook.com/flower.ria.56/posts/pfbid0pJcZq7Uv8N6vUxQq9eZDQfWnss2AWshaxhJSedsBYhFfRbgD3T6p4WPmMvvDy95ol"
"755","Aisiyah Dynta Ilhami Putri","2026-01-25T10:24:00.000Z","Lah 9 bulan yo mama kk vanya?","","0","0","0","-1","https://web.facebook.com/ranty.ameliia/posts/pfbid0FzgGHXz6EYMHZwaZ2tXRCZAjBDS3jopGcs1UVfMCoDF4ZYcrML565bFfsq34aU4Vl"
"756","Hasanudin","2026-01-26T00:22:00.000Z","Alhamdulilah... Cepat pulih nyo aamiin..","","0","0","0","-1","https://web.facebook.com/ranty.ameliia/posts/pfbid0FzgGHXz6EYMHZwaZ2tXRCZAjBDS3jopGcs1UVfMCoDF4ZYcrML565bFfsq34aU4Vl"
"757","Nuri Astini","2026-01-26T00:16:00.000Z","Y ampun demam yah MBK baru bae main Kemrin","","0","0","0","-1","https://web.facebook.com/ranty.ameliia/posts/pfbid0FzgGHXz6EYMHZwaZ2tXRCZAjBDS3jopGcs1UVfMCoDF4ZYcrML565bFfsq34aU4Vl"
"758","Uti Nada","2026-01-25T12:55:00.000Z","Cepet sehat yaa nduukk","","0","0","0","-1","https://web.facebook.com/ranty.ameliia/posts/pfbid0FzgGHXz6EYMHZwaZ2tXRCZAjBDS3jopGcs1UVfMCoDF4ZYcrML565bFfsq34aU4Vl"
"759","Wulan Safitri","2026-01-25T07:50:00.000Z","Lekas sehat cantik","","0","0","0","-1","https://web.facebook.com/ranty.ameliia/posts/pfbid0FzgGHXz6EYMHZwaZ2tXRCZAjBDS3jopGcs1UVfMCoDF4ZYcrML565bFfsq34aU4Vl"
"760","Aisiyah Dynta Ilhami Putri","2026-01-24T19:24:00.000Z","Lah 9 bulan yo mama kk vanya?","","0","0","0","-1","https://web.facebook.com/ranty.ameliia/posts/pfbid0FzgGHXz6EYMHZwaZ2tXRCZAjBDS3jopGcs1UVfMCoDF4ZYcrML565bFfsq34aU4Vl"
"761","Hasanudin","2026-01-25T09:22:00.000Z","Alhamdulilah... Cepat pulih nyo aamiin..","","0","0","0","-1","https://web.facebook.com/ranty.ameliia/posts/pfbid0FzgGHXz6EYMHZwaZ2tXRCZAjBDS3jopGcs1UVfMCoDF4ZYcrML565bFfsq34aU4Vl"
"762","Nuri Astini","2026-01-25T09:16:00.000Z","Y ampun demam yah MBK baru bae main Kemrin","","0","0","0","-1","https://web.facebook.com/ranty.ameliia/posts/pfbid0FzgGHXz6EYMHZwaZ2tXRCZAjBDS3jopGcs1UVfMCoDF4ZYcrML565bFfsq34aU4Vl"
"763","Uti Nada","2026-01-24T21:55:00.000Z","Cepet sehat yaa nduukk","","0","0","0","-1","https://web.facebook.com/ranty.ameliia/posts/pfbid0FzgGHXz6EYMHZwaZ2tXRCZAjBDS3jopGcs1UVfMCoDF4ZYcrML565bFfsq34aU4Vl"
"764","Wulan Safitri","2026-01-24T16:50:00.000Z","Lekas sehat cantik","","0","0","0","-1","https://web.facebook.com/ranty.ameliia/posts/pfbid0FzgGHXz6EYMHZwaZ2tXRCZAjBDS3jopGcs1UVfMCoDF4ZYcrML565bFfsq34aU4Vl"
"765","Mila Smntya Rstyana","2026-04-10T01:54:00.000Z","Anakku kemarin lagi bapil tapi ttp suntik terakhir Alhamdulillah gk demam","","0","0","0","-1","https://web.facebook.com/photo/?fbid=1305100511495220&set=a.131349388870344"
"766","Septiaa Naa","2026-04-09T05:02:00.000Z","Kak getak jarak Kadu adekn ndk demam , lek suntikan na Ino ye oles Sik getak jarak dijaminnn ga demam ga bengkak","","0","0","0","-1","https://web.facebook.com/photo/?fbid=1305100511495220&set=a.131349388870344"
"767","Rin","2026-04-09T05:23:00.000Z","Pede kak anak te ndah jelo ne tesuntik 18 bulan alhamdulillah ndekn cere ber efek, ndek te ulak keduang ye epe²","","0","0","0","-1","https://web.facebook.com/photo/?fbid=1305100511495220&set=a.131349388870344"
"768","Mulyani Safitri","2026-04-10T11:32:00.000Z","sama kak anak aku juga kemarin demam 2 hari baru sembuh","","0","0","0","-1","https://web.facebook.com/photo/?fbid=1305100511495220&set=a.131349388870344"
"769","Mil","2026-04-09T13:12:00.000Z","Tetep kompres pake air anget kak trs kasih Sanmol/sejenisnya soalnya","","0","0","0","-1","https://web.facebook.com/photo/?fbid=1305100511495220&set=a.131349388870344"
"770","Maulidaa Maulidaa","2026-04-09T05:01:00.000Z","Anakku gapernah demam dan rewel habis disuntik jadi imunisasinya selalu tepat dan suntik trakhirnya kmrin pas usia 18 bulan","","0","0","0","-1","https://web.facebook.com/photo/?fbid=1305100511495220&set=a.131349388870344"
"771","Anis Ragiels","2025-08-27T03:30:00.000Z","Alhmdulillh","","0","0","0","-1","https://web.facebook.com/AfrianRia777/posts/pfbid02x9N2vZfCb8FDvnhod2g6kiJzm6ksKqU9H1MojSb2J4d2aFGjpgjxWvbPaVLPHz5pl"
"772","Tutik Sunarti","2025-08-27T03:03:00.000Z","Semoga lancar dan baik² saja","","0","0","0","-1","https://web.facebook.com/AfrianRia777/posts/pfbid02x9N2vZfCb8FDvnhod2g6kiJzm6ksKqU9H1MojSb2J4d2aFGjpgjxWvbPaVLPHz5pl"
"773","Neo Kurnia Illahi","2025-08-28T06:49:00.000Z","Neo Kurnia Illahi","","0","0","0","-1","https://web.facebook.com/AfrianRia777/posts/pfbid02x9N2vZfCb8FDvnhod2g6kiJzm6ksKqU9H1MojSb2J4d2aFGjpgjxWvbPaVLPHz5pl"
"774","Anis Ragiels","2025-08-26T13:30:00.000Z","Alhmdulillh","","0","0","0","-1","https://web.facebook.com/AfrianRia777/posts/pfbid02x9N2vZfCb8FDvnhod2g6kiJzm6ksKqU9H1MojSb2J4d2aFGjpgjxWvbPaVLPHz5pl"
"775","Tutik Sunarti","2025-08-26T13:03:00.000Z","Semoga lancar dan baik² saja","","0","0","0","-1","https://web.facebook.com/AfrianRia777/posts/pfbid02x9N2vZfCb8FDvnhod2g6kiJzm6ksKqU9H1MojSb2J4d2aFGjpgjxWvbPaVLPHz5pl"
"776","Neo Kurnia Illahi","2025-08-27T16:49:00.000Z","Neo Kurnia Illahi","","0","0","0","-1","https://web.facebook.com/AfrianRia777/posts/pfbid02x9N2vZfCb8FDvnhod2g6kiJzm6ksKqU9H1MojSb2J4d2aFGjpgjxWvbPaVLPHz5pl"
"777","Erick Erick","2026-06-05T06:44:00.000Z","Waalaikumsalam, Alhamdulillah ya kak,semoga terhindar dari campak","","0","0","0","-1","https://web.facebook.com/nurpita.sari.811628/posts/pfbid0rKMncXetiayb8M2y8w8YjZi8PkKbtC2QZyv8NKMJd817owCkupBqaSSvVmR76pvpl"
"778","Pring Wulung","2026-06-05T11:06:00.000Z","Wa'alaikum salam..betul bunda suntik vaksin sangat penting","","0","0","0","-1","https://web.facebook.com/nurpita.sari.811628/posts/pfbid0rKMncXetiayb8M2y8w8YjZi8PkKbtC2QZyv8NKMJd817owCkupBqaSSvVmR76pvpl"
"779","Rajiono Vlog","2026-06-05T12:54:00.000Z","Wa'alaikumsalam wr wb.. Alhamdulillah semangat dan sehat2 selalu dengan suntik campak kaka'","","0","0","0","-1","https://web.facebook.com/nurpita.sari.811628/posts/pfbid0rKMncXetiayb8M2y8w8YjZi8PkKbtC2QZyv8NKMJd817owCkupBqaSSvVmR76pvpl"
"780","Hil Mon","2026-06-05T11:38:00.000Z","Waalaikum salam, suntik campak saat masih kecil apa dewasa ya KK","","0","0","0","-1","https://web.facebook.com/nurpita.sari.811628/posts/pfbid0rKMncXetiayb8M2y8w8YjZi8PkKbtC2QZyv8NKMJd817owCkupBqaSSvVmR76pvpl"
"781","Mamanya Lely","2026-06-05T05:39:00.000Z","Saya takut kamu akan divaksinasi, bun","","0","0","0","-1","https://web.facebook.com/nurpita.sari.811628/posts/pfbid0rKMncXetiayb8M2y8w8YjZi8PkKbtC2QZyv8NKMJd817owCkupBqaSSvVmR76pvpl"
"782","Kezzia Maudri Asmara Ollshop","2026-06-05T05:22:00.000Z","Waalaikumsalam","","0","0","0","-1","https://web.facebook.com/nurpita.sari.811628/posts/pfbid0rKMncXetiayb8M2y8w8YjZi8PkKbtC2QZyv8NKMJd817owCkupBqaSSvVmR76pvpl"
"783","Margono Rejeki Lancar Barokah","2026-06-05T13:12:00.000Z","Waalaikum salam, selamat malam kakak","","0","0","0","-1","https://web.facebook.com/nurpita.sari.811628/posts/pfbid0rKMncXetiayb8M2y8w8YjZi8PkKbtC2QZyv8NKMJd817owCkupBqaSSvVmR76pvpl"
"784","Manoronybro","2026-06-05T09:27:00.000Z","Waalaikumsalam kakak, cuma di sini untuk mendengar di sore hari","","0","0","0","-1","https://web.facebook.com/nurpita.sari.811628/posts/pfbid0rKMncXetiayb8M2y8w8YjZi8PkKbtC2QZyv8NKMJd817owCkupBqaSSvVmR76pvpl"
"785","Nuri Pangandaran","2026-06-05T06:44:00.000Z","Wa'alaikumsalam wr wb.. Alhamdulillah semangat dan sehat2 selalu dengan suntik campak kaka'","","0","0","0","-1","https://web.facebook.com/nurpita.sari.811628/posts/pfbid0rKMncXetiayb8M2y8w8YjZi8PkKbtC2QZyv8NKMJd817owCkupBqaSSvVmR76pvpl"
"786","Nano Nano","2026-06-05T06:44:00.000Z","Wa'alaikumsalam wr wb.. Alhamdulillah semangat dan sehat2 selalu dengan suntik campak kaka'","","0","0","0","-1","https://web.facebook.com/nurpita.sari.811628/posts/pfbid0rKMncXetiayb8M2y8w8YjZi8PkKbtC2QZyv8NKMJd817owCkupBqaSSvVmR76pvpl"
"787","Erick Erick","2026-06-04T16:44:00.000Z","Waalaikumsalam, Alhamdulillah ya kak,semoga terhindar dari campak","","0","0","0","-1","https://web.facebook.com/nurpita.sari.811628/posts/pfbid0rKMncXetiayb8M2y8w8YjZi8PkKbtC2QZyv8NKMJd817owCkupBqaSSvVmR76pvpl"
"788","Pring Wulung","2026-06-04T21:06:00.000Z","Wa'alaikum salam..betul bunda suntik vaksin sangat penting","","0","0","0","-1","https://web.facebook.com/nurpita.sari.811628/posts/pfbid0rKMncXetiayb8M2y8w8YjZi8PkKbtC2QZyv8NKMJd817owCkupBqaSSvVmR76pvpl"
"789","Rajiono Vlog","2026-06-04T22:54:00.000Z","Wa'alaikumsalam wr wb.. Alhamdulillah semangat dan sehat2 selalu dengan suntik campak kaka'","","0","0","0","-1","https://web.facebook.com/nurpita.sari.811628/posts/pfbid0rKMncXetiayb8M2y8w8YjZi8PkKbtC2QZyv8NKMJd817owCkupBqaSSvVmR76pvpl"
"790","Hil Mon","2026-06-04T21:38:00.000Z","Waalaikum salam, suntik campak saat masih kecil apa dewasa ya KK","","0","0","0","-1","https://web.facebook.com/nurpita.sari.811628/posts/pfbid0rKMncXetiayb8M2y8w8YjZi8PkKbtC2QZyv8NKMJd817owCkupBqaSSvVmR76pvpl"
"791","Mamanya Lely","2026-06-04T15:39:00.000Z","Saya takut kamu akan divaksinasi, bun","","0","0","0","-1","https://web.facebook.com/nurpita.sari.811628/posts/pfbid0rKMncXetiayb8M2y8w8YjZi8PkKbtC2QZyv8NKMJd817owCkupBqaSSvVmR76pvpl"
"792","Krisanti Fony","2026-05-14T05:34:00.000Z","Sehat selalu nyong ganteng","","0","0","0","-1","https://web.facebook.com/nona.parera.944/posts/pfbid02r2KbRh1tTVXPtpit6Ht1B7X2aNiBBbYb8UDyFYtAcUH4FGoaFcSU3vUhmR3YE9xjl"
"793","Rosalia Kenat Sobe Sobe","2026-05-14T06:04:00.000Z","Sehat selalu nak gnteng  TYM","","0","0","0","-1","https://web.facebook.com/nona.parera.944/posts/pfbid02r2KbRh1tTVXPtpit6Ht1B7X2aNiBBbYb8UDyFYtAcUH4FGoaFcSU3vUhmR3YE9xjl"
"794","Sisilia Mamanya Aci Jung","2026-05-14T04:31:00.000Z","Sehat selalu Ganteng","","0","0","0","-1","https://web.facebook.com/nona.parera.944/posts/pfbid02r2KbRh1tTVXPtpit6Ht1B7X2aNiBBbYb8UDyFYtAcUH4FGoaFcSU3vUhmR3YE9xjl"
"795","Dhevy Loit","2026-05-14T12:33:00.000Z","Biar sehat ya nak","","0","0","0","-1","https://web.facebook.com/nona.parera.944/posts/pfbid02r2KbRh1tTVXPtpit6Ht1B7X2aNiBBbYb8UDyFYtAcUH4FGoaFcSU3vUhmR3YE9xjl"
"796","Krisanti Fony","2026-05-13T15:34:00.000Z","Sehat selalu nyong ganteng","","0","0","0","-1","https://web.facebook.com/nona.parera.944/posts/pfbid02r2KbRh1tTVXPtpit6Ht1B7X2aNiBBbYb8UDyFYtAcUH4FGoaFcSU3vUhmR3YE9xjl"
"797","Rosalia Kenat Sobe Sobe","2026-05-13T16:04:00.000Z","Sehat selalu nak gnteng  TYM","","0","0","0","-1","https://web.facebook.com/nona.parera.944/posts/pfbid02r2KbRh1tTVXPtpit6Ht1B7X2aNiBBbYb8UDyFYtAcUH4FGoaFcSU3vUhmR3YE9xjl"
"798","Sisilia Mamanya Aci Jung","2026-05-13T14:31:00.000Z","Sehat selalu Ganteng","","0","0","0","-1","https://web.facebook.com/nona.parera.944/posts/pfbid02r2KbRh1tTVXPtpit6Ht1B7X2aNiBBbYb8UDyFYtAcUH4FGoaFcSU3vUhmR3YE9xjl"
"799","Dhevy Loit","2026-05-13T22:33:00.000Z","Biar sehat ya nak","","0","0","0","-1","https://web.facebook.com/nona.parera.944/posts/pfbid02r2KbRh1tTVXPtpit6Ht1B7X2aNiBBbYb8UDyFYtAcUH4FGoaFcSU3vUhmR3YE9xjl"
"800","unknown","2026-07-14T12:35:00.000Z","Kak ada yg bsa bantu ini kmren ada yg buang  di dkt rumah ini matany sakit","","0","0","0","-1","https://web.facebook.com/ToufikNovalSalim/posts/pfbid096y7nY1rZb1q8Fefk1gRzS28FiXafwEUaF8WtJaM4NDWsd27QaanmF653m6B98r1l"
"801","Karyani Wismaningsih","2026-07-10T14:01:00.000Z","Alamatnya dimana Kak... KL bisa sampai.. Ini penyelamat kucing srmua.. Saya sudah punya sendiri.. Vaksin semua","","0","0","0","-1","https://web.facebook.com/ToufikNovalSalim/posts/pfbid096y7nY1rZb1q8Fefk1gRzS28FiXafwEUaF8WtJaM4NDWsd27QaanmF653m6B98r1l"
"802","Ning","2026-07-10T07:24:00.000Z","Kali aj ad steril gratis","","0","0","0","-1","https://web.facebook.com/ToufikNovalSalim/posts/pfbid096y7nY1rZb1q8Fefk1gRzS28FiXafwEUaF8WtJaM4NDWsd27QaanmF653m6B98r1l"
"803","Mei Suyanti Yanti","2026-07-10T11:19:00.000Z","Syarat nya apa njih mas Toufik Noval Salim","","0","0","0","-1","https://web.facebook.com/ToufikNovalSalim/posts/pfbid096y7nY1rZb1q8Fefk1gRzS28FiXafwEUaF8WtJaM4NDWsd27QaanmF653m6B98r1l"
"804","Robert Septyan","2026-07-11T14:21:00.000Z","Apa pekerjaan ayah Anda, apakah dia tukang kayu?,.","","0","0","0","-1","https://web.facebook.com/ToufikNovalSalim/posts/pfbid096y7nY1rZb1q8Fefk1gRzS28FiXafwEUaF8WtJaM4NDWsd27QaanmF653m6B98r1l"
"805","Rizmiana","2026-07-10T03:45:00.000Z","Klau steril yg  subsidi ada nggk ya ?","","0","0","0","-1","https://web.facebook.com/ToufikNovalSalim/posts/pfbid096y7nY1rZb1q8Fefk1gRzS28FiXafwEUaF8WtJaM4NDWsd27QaanmF653m6B98r1l"
"806","Cici Aryati","2026-07-10T09:33:00.000Z","Kak, bisa bikin monyet?","","0","0","0","-1","https://web.facebook.com/ToufikNovalSalim/posts/pfbid096y7nY1rZb1q8Fefk1gRzS28FiXafwEUaF8WtJaM4NDWsd27QaanmF653m6B98r1l"
"807","Vilanda Dwi Kristanti","2026-07-09T11:58:00.000Z","Bawa 2 kucing bisa kasih 1 nama","","0","0","0","-1","https://web.facebook.com/ToufikNovalSalim/posts/pfbid096y7nY1rZb1q8Fefk1gRzS28FiXafwEUaF8WtJaM4NDWsd27QaanmF653m6B98r1l"
"808","Meytha Permata Supriyanto","2026-07-10T05:44:00.000Z","Aku Wa gk bisaa ya kakk???","","0","0","0","-1","https://web.facebook.com/ToufikNovalSalim/posts/pfbid096y7nY1rZb1q8Fefk1gRzS28FiXafwEUaF8WtJaM4NDWsd27QaanmF653m6B98r1l"
"809","Acha Aal","2026-07-09T10:48:00.000Z","Bisakah ada lebih dari 1 kucing per orang?","","0","0","0","-1","https://web.facebook.com/ToufikNovalSalim/posts/pfbid096y7nY1rZb1q8Fefk1gRzS28FiXafwEUaF8WtJaM4NDWsd27QaanmF653m6B98r1l"
"810","unknown","2026-07-13T22:35:00.000Z","Kak ada yg bsa bantu ini kmren ada yg buang  di dkt rumah ini matany sakit","","0","0","0","-1","https://web.facebook.com/ToufikNovalSalim/posts/pfbid096y7nY1rZb1q8Fefk1gRzS28FiXafwEUaF8WtJaM4NDWsd27QaanmF653m6B98r1l"
"811","Karyani Wismaningsih","2026-07-10T00:01:00.000Z","Alamatnya dimana Kak... KL bisa sampai.. Ini penyelamat kucing srmua.. Saya sudah punya sendiri.. Vaksin semua","","0","0","0","-1","https://web.facebook.com/ToufikNovalSalim/posts/pfbid096y7nY1rZb1q8Fefk1gRzS28FiXafwEUaF8WtJaM4NDWsd27QaanmF653m6B98r1l"
"812","Ning","2026-07-09T17:24:00.000Z","Kali aj ad steril gratis","","0","0","0","-1","https://web.facebook.com/ToufikNovalSalim/posts/pfbid096y7nY1rZb1q8Fefk1gRzS28FiXafwEUaF8WtJaM4NDWsd27QaanmF653m6B98r1l"
"813","Mei Suyanti Yanti","2026-07-09T21:19:00.000Z","Syarat nya apa njih mas Toufik Noval Salim","","0","0","0","-1","https://web.facebook.com/ToufikNovalSalim/posts/pfbid096y7nY1rZb1q8Fefk1gRzS28FiXafwEUaF8WtJaM4NDWsd27QaanmF653m6B98r1l"
"814","Robert Septyan","2026-07-11T00:21:00.000Z","Apa pekerjaan ayah Anda, apakah dia tukang kayu?,.","","0","0","0","-1","https://web.facebook.com/ToufikNovalSalim/posts/pfbid096y7nY1rZb1q8Fefk1gRzS28FiXafwEUaF8WtJaM4NDWsd27QaanmF653m6B98r1l"
"815","Cozmeed","2026-05-17T06:15:00.000Z","Yg mana","","0","0","0","-1","https://web.facebook.com/cozmeed.cozmeed.5/videos/1991512824789816/?idorvanity=199411229719032"
"816","Juven Delevery","2026-06-30T01:59:00.000Z","lokasi kk","","0","0","0","-1","https://web.facebook.com/100000751905014/videos/pcb.2193977878107833/1446422557537258"
"817","Mochsyafii","2026-06-30T09:16:00.000Z","Sertakan nomor wa nya bos biar gk kayak konten","","0","0","0","-1","https://web.facebook.com/100000751905014/videos/pcb.2193977878107833/1446422557537258"
"818","unknown","2026-07-05T05:54:00.000Z","Lokasi dimana kak","","0","0","0","-1","https://web.facebook.com/100078846402333/videos/1555129556118326/?idorvanity=1501649130624645"
"819","Fevi Ballu","2025-08-21T23:41:00.000Z","salam interaksi, salam suport sll https://www.facebook.com/FeviBallu/subscribenow?surface=pinned_comments","","0","0","0","-1","https://web.facebook.com/FeviBallu/posts/pfbid0321u7yFPqKNwmEjGzdwYZN1kxoeMTEqjQiDTjJjcrAJEobjqQAvfh8P7PqwRHYReul"
"820","Yeni Yhegi Giri","2025-08-22T01:20:00.000Z","Semangat ibu syg...kemarin b PG anak plg ko dia blg dia snd takut suntik,,ko ibu bidan blg sakit ke semut gigit sa...","","0","0","0","-1","https://web.facebook.com/FeviBallu/posts/pfbid0321u7yFPqKNwmEjGzdwYZN1kxoeMTEqjQiDTjJjcrAJEobjqQAvfh8P7PqwRHYReul"
"821","Nopi Novi","2025-08-22T00:00:00.000Z","Selamat pagi","","0","0","0","-1","https://web.facebook.com/FeviBallu/posts/pfbid0321u7yFPqKNwmEjGzdwYZN1kxoeMTEqjQiDTjJjcrAJEobjqQAvfh8P7PqwRHYReul"
"822","Son Ger","2025-08-21T23:43:00.000Z","Selamat beraktivitas kakak","","0","0","0","-1","https://web.facebook.com/FeviBallu/posts/pfbid0321u7yFPqKNwmEjGzdwYZN1kxoeMTEqjQiDTjJjcrAJEobjqQAvfh8P7PqwRHYReul"
"823","Ana Kebaya II","2025-08-22T13:06:00.000Z","Malam bund say","","0","0","0","-1","https://web.facebook.com/FeviBallu/posts/pfbid0321u7yFPqKNwmEjGzdwYZN1kxoeMTEqjQiDTjJjcrAJEobjqQAvfh8P7PqwRHYReul"
"824","Lidia Ala","2025-08-22T00:52:00.000Z","Sehat selalu anak-anak Indonesia","","0","0","0","-1","https://web.facebook.com/FeviBallu/posts/pfbid0321u7yFPqKNwmEjGzdwYZN1kxoeMTEqjQiDTjJjcrAJEobjqQAvfh8P7PqwRHYReul"
"825","Merry Nenobesi Mulik","2025-08-22T06:22:00.000Z","Semangat kk","","0","0","0","-1","https://web.facebook.com/FeviBallu/posts/pfbid0321u7yFPqKNwmEjGzdwYZN1kxoeMTEqjQiDTjJjcrAJEobjqQAvfh8P7PqwRHYReul"
"826","Sisproki Bolla","2025-08-22T01:10:00.000Z","Makasih infonya, ijin share","","0","0","0","-1","https://web.facebook.com/FeviBallu/posts/pfbid0321u7yFPqKNwmEjGzdwYZN1kxoeMTEqjQiDTjJjcrAJEobjqQAvfh8P7PqwRHYReul"
"827","Yonatan Yusuf Kornelius Pit'ay","2025-08-21T23:55:00.000Z","Selamat pagi kak","","0","0","0","-1","https://web.facebook.com/FeviBallu/posts/pfbid0321u7yFPqKNwmEjGzdwYZN1kxoeMTEqjQiDTjJjcrAJEobjqQAvfh8P7PqwRHYReul"
"828","Fevi Ballu","2025-08-21T09:41:00.000Z","salam interaksi, salam suport sll https://www.facebook.com/FeviBallu/subscribenow?surface=pinned_comments","","0","0","0","-1","https://web.facebook.com/FeviBallu/posts/pfbid0321u7yFPqKNwmEjGzdwYZN1kxoeMTEqjQiDTjJjcrAJEobjqQAvfh8P7PqwRHYReul"
"829","Yeni Yhegi Giri","2025-08-21T11:20:00.000Z","Semangat ibu syg...kemarin b PG anak plg ko dia blg dia snd takut suntik,,ko ibu bidan blg sakit ke semut gigit sa...","","0","0","0","-1","https://web.facebook.com/FeviBallu/posts/pfbid0321u7yFPqKNwmEjGzdwYZN1kxoeMTEqjQiDTjJjcrAJEobjqQAvfh8P7PqwRHYReul"
"830","Nopi Novi","2025-08-21T10:00:00.000Z","Selamat pagi","","0","0","0","-1","https://web.facebook.com/FeviBallu/posts/pfbid0321u7yFPqKNwmEjGzdwYZN1kxoeMTEqjQiDTjJjcrAJEobjqQAvfh8P7PqwRHYReul"
"831","Son Ger","2025-08-21T09:43:00.000Z","Selamat beraktivitas kakak","","0","0","0","-1","https://web.facebook.com/FeviBallu/posts/pfbid0321u7yFPqKNwmEjGzdwYZN1kxoeMTEqjQiDTjJjcrAJEobjqQAvfh8P7PqwRHYReul"
"832","Ana Kebaya II","2025-08-21T23:06:00.000Z","Malam bund say","","0","0","0","-1","https://web.facebook.com/FeviBallu/posts/pfbid0321u7yFPqKNwmEjGzdwYZN1kxoeMTEqjQiDTjJjcrAJEobjqQAvfh8P7PqwRHYReul"
"833","Lidia Ala","2025-08-21T10:52:00.000Z","Sehat selalu anak-anak Indonesia","","0","0","0","-1","https://web.facebook.com/FeviBallu/posts/pfbid0321u7yFPqKNwmEjGzdwYZN1kxoeMTEqjQiDTjJjcrAJEobjqQAvfh8P7PqwRHYReul"
"834","Syiaruddin Udhin","2026-06-10T02:43:00.000Z","@sorotan @pengikut","","0","0","0","-1","https://web.facebook.com/udhin.dzeko.5/posts/pfbid02VEKB7dUgURW2izJr8NJPe5vuJQDCpWVhAMsSqNNdmHTgMsfChtD6LqiLCnTyaofcl"
"835","Syiaruddin Udhin","2026-06-10T02:48:00.000Z","Terima kasih kak Surianti Rusli","","0","0","0","-1","https://web.facebook.com/udhin.dzeko.5/posts/pfbid02VEKB7dUgURW2izJr8NJPe5vuJQDCpWVhAMsSqNNdmHTgMsfChtD6LqiLCnTyaofcl"
"836","Marwah Panurat","2026-06-10T04:08:00.000Z","Selamat siang kak","","0","0","0","-1","https://web.facebook.com/udhin.dzeko.5/posts/pfbid02VEKB7dUgURW2izJr8NJPe5vuJQDCpWVhAMsSqNNdmHTgMsfChtD6LqiLCnTyaofcl"
"837","Syiaruddin Udhin","2026-06-09T12:43:00.000Z","@sorotan @pengikut","","0","0","0","-1","https://web.facebook.com/udhin.dzeko.5/posts/pfbid02VEKB7dUgURW2izJr8NJPe5vuJQDCpWVhAMsSqNNdmHTgMsfChtD6LqiLCnTyaofcl"
"838","Syiaruddin Udhin","2026-06-09T12:48:00.000Z","Terima kasih kak Surianti Rusli","","0","0","0","-1","https://web.facebook.com/udhin.dzeko.5/posts/pfbid02VEKB7dUgURW2izJr8NJPe5vuJQDCpWVhAMsSqNNdmHTgMsfChtD6LqiLCnTyaofcl"
"839","Marwah Panurat","2026-06-09T14:08:00.000Z","Selamat siang kak","","0","0","0","-1","https://web.facebook.com/udhin.dzeko.5/posts/pfbid02VEKB7dUgURW2izJr8NJPe5vuJQDCpWVhAMsSqNNdmHTgMsfChtD6LqiLCnTyaofcl"
"840","Ri Quest To","2026-03-26T08:41:00.000Z","kok sepi min team nya kemana?","","0","0","0","-1","https://web.facebook.com/photo/?fbid=122171380550677497&set=a.122104483946677497"
"841","Ade Nilasari Alwi M","2025-08-23T13:28:00.000Z","Terimakasih sharingnya mbak. Berkat ilmu dari mbak andin. Anak ke 2 dan ke 3 saya no imnis4s1. Alhamdulillah sehat gak pernah kedokter smpai umur 9 tahun ini. Sya ga mau jadi ibu yg mnyesal dkmudian hari. Bismillah nawaitu ikhtiar berhati2 dr benda2/zat yg dimasukkan ke tubuh anak","","0","0","0","-1","https://web.facebook.com/angelina.octa.12/posts/pfbid02aBRkWSgBA2ASGnUGDR53H2NpbkRsLT6BVFgd8mH7VhkcqUMFZM63yppPvibK7jjpl"
"842","Zuyyin Senior","2025-08-23T19:07:00.000Z","Farmasi itu Pedagang...  marketingnya pemerintah.. nah marketing itu dapat bonus atau fee dari farmasi... makanya mereka cenderung memaksa vaksinasi... masa sih kalian ga belajar dari vaksin covid.. negara ini belanja vaksin covid itu hampir 500 Triliun.. sebagian utang... itung aja fee nya kalau 15%","","0","0","0","-1","https://web.facebook.com/angelina.octa.12/posts/pfbid02aBRkWSgBA2ASGnUGDR53H2NpbkRsLT6BVFgd8mH7VhkcqUMFZM63yppPvibK7jjpl"
"843","Fathatul Jannah Ibrahim","2025-08-23T15:14:00.000Z","Anak saya dua, belum vaksin. Kalo posyandu dan liat kader yang lagi nunggu anak anak mau vaksin, saya menghindar biar ga d panggil. Anak gak saya izinkan vaksin, dan saya pun gamau berdebat dengan siapa pun soal vaksin. Saya hargai mereka sebagai kader, Krn Mereka menjalankan tugas sebagaimana tupoksinya. Tapi saya juga mau dihargai untuk tidak memaksa anak anak di vaksin. Semoga Allah selalu menjaga anak dan keluarga saya.","","0","0","0","-1","https://web.facebook.com/angelina.octa.12/posts/pfbid02aBRkWSgBA2ASGnUGDR53H2NpbkRsLT6BVFgd8mH7VhkcqUMFZM63yppPvibK7jjpl"
"844","Anna Khalisa Humaira","2025-08-23T14:38:00.000Z","Anak pertama saya dulu setiap  mau vaksin sehat  setelah vaksin sakit sampai 2-3 minggu, sehat lagi vaksin lagi sakit lagi tiap bulan langganan berobat setelah vaksin, akhirnya stop vaksin, alhamdulilah sakit hanya batuk pilek, anak kedua tidak vaksin hanya 1 kali pas lahir di RS, dimaki maki orang katanya dzolim sama anak itu hak anak, nyuruh nyuruh anak sakit kita sendiri yg repot kaya mau bantuin ngurusin pas lagi sakit, ngasih duit buat berobat juga ngga, terserah yg lain bilang anak saya vaksin sehat aja, ya itu anak kalian anak saya sakit setelah vaksin berulang ulang setelah vaksin begitu","","0","0","0","-1","https://web.facebook.com/angelina.octa.12/posts/pfbid02aBRkWSgBA2ASGnUGDR53H2NpbkRsLT6BVFgd8mH7VhkcqUMFZM63yppPvibK7jjpl"
"845","Rarania","2025-08-23T12:52:00.000Z","Soalnya kemarin anakku begitu 2 jam setelah di suntik kaki terasa dingin banget cuma sampe ke lutut dinginya trs anakku bilang rasanya gak enak lemes, sama saya tak suruh minum air putih banyak banget trs makan cuma protein tanpa karbo setelah makan tunda minum , trs lanjut tdr.. trs dinginya menjalar ke tangan .alhamdulillahnya gak kenapa2. ( anakku di suntik tanpa persetujuanku )","","0","0","0","-1","https://web.facebook.com/angelina.octa.12/posts/pfbid02aBRkWSgBA2ASGnUGDR53H2NpbkRsLT6BVFgd8mH7VhkcqUMFZM63yppPvibK7jjpl"
"846","Atiya Shabira","2025-08-24T01:44:00.000Z","Buat yg masih berfikir vaksin itu aman. Cuma mau nanya, siapa kira² yg paling dirugikan kalau semua orang di dunia ini sadar dg efek buruk vaksin? Siapa kira² yg akan bangkrut kalau semua orang di dunia ini sadar dg efek buruk vaksin?","","0","0","0","-1","https://web.facebook.com/angelina.octa.12/posts/pfbid02aBRkWSgBA2ASGnUGDR53H2NpbkRsLT6BVFgd8mH7VhkcqUMFZM63yppPvibK7jjpl"
"847","Ami April Yuliani","2025-08-23T12:35:00.000Z","Kmrin ada pemeriksaan kesehatan gratis d sekolah kk y, yaitu imunisasi tapi saya sdah WA wali kelasnya dan langsung saya bawa 2 anak saya yg 3th sama 14bulan ke sekolah tkut y kk y d suntik meskipun sdah saya larang,dan pas saya dtng Alhamdulillah lg d absen lngsung saya izin sama ibu wali kelas y untuk pulang hehe","","0","0","0","-1","https://web.facebook.com/angelina.octa.12/posts/pfbid02aBRkWSgBA2ASGnUGDR53H2NpbkRsLT6BVFgd8mH7VhkcqUMFZM63yppPvibK7jjpl"
"848","Kanti Esti Setiani","2025-08-23T23:10:00.000Z","Qodarullah sempat kena campak juga sampai d rawat. Dari sana baru ketahuan kena tbc paru (wallahu'alam dr mana) akhirnya pengobatan 6 bulan","","0","0","0","-1","https://web.facebook.com/angelina.octa.12/posts/pfbid02aBRkWSgBA2ASGnUGDR53H2NpbkRsLT6BVFgd8mH7VhkcqUMFZM63yppPvibK7jjpl"
"849","Chleonorah Relianna","2025-08-24T05:59:00.000Z","Di cucuk sih enggak pernah, hanya saja pernah tetes polio 2 kali. Nyesel banget walaupun hanya tetes 2 kali itu. Maafkan Ummi ya nak shalih. Waktunya untuk detoksifikasi ya Nak.","","0","0","0","-1","https://web.facebook.com/angelina.octa.12/posts/pfbid02aBRkWSgBA2ASGnUGDR53H2NpbkRsLT6BVFgd8mH7VhkcqUMFZM63yppPvibK7jjpl"
"850","Elya Karmita Putri Kudin","2025-08-24T02:18:00.000Z","Anak saya tidak imunisasi dari bayi, bahkan naik timbangan bayi pun blm pernah, hanya saya timbang di rumah pakai timbangan biasa untuk jualan, saya ragu akan imunisasi saat ini beda seperti zaman dulu, sering di bilang ortu yg gak ngurus anak, tp sya rasa itu untuk kebaikan nya di masa akan datang.","","0","0","0","-1","https://web.facebook.com/angelina.octa.12/posts/pfbid02aBRkWSgBA2ASGnUGDR53H2NpbkRsLT6BVFgd8mH7VhkcqUMFZM63yppPvibK7jjpl"
"851","Ade Nilasari Alwi M","2025-08-22T23:28:00.000Z","Terimakasih sharingnya mbak. Berkat ilmu dari mbak andin. Anak ke 2 dan ke 3 saya no imnis4s1. Alhamdulillah sehat gak pernah kedokter smpai umur 9 tahun ini. Sya ga mau jadi ibu yg mnyesal dkmudian hari. Bismillah nawaitu ikhtiar berhati2 dr benda2/zat yg dimasukkan ke tubuh anak","","0","0","0","-1","https://web.facebook.com/angelina.octa.12/posts/pfbid02aBRkWSgBA2ASGnUGDR53H2NpbkRsLT6BVFgd8mH7VhkcqUMFZM63yppPvibK7jjpl"
"852","Zuyyin Senior","2025-08-23T05:07:00.000Z","Farmasi itu Pedagang...  marketingnya pemerintah.. nah marketing itu dapat bonus atau fee dari farmasi... makanya mereka cenderung memaksa vaksinasi... masa sih kalian ga belajar dari vaksin covid.. negara ini belanja vaksin covid itu hampir 500 Triliun.. sebagian utang... itung aja fee nya kalau 15%","","0","0","0","-1","https://web.facebook.com/angelina.octa.12/posts/pfbid02aBRkWSgBA2ASGnUGDR53H2NpbkRsLT6BVFgd8mH7VhkcqUMFZM63yppPvibK7jjpl"
"853","Fathatul Jannah Ibrahim","2025-08-23T01:14:00.000Z","Anak saya dua, belum vaksin. Kalo posyandu dan liat kader yang lagi nunggu anak anak mau vaksin, saya menghindar biar ga d panggil. Anak gak saya izinkan vaksin, dan saya pun gamau berdebat dengan siapa pun soal vaksin. Saya hargai mereka sebagai kader, Krn Mereka menjalankan tugas sebagaimana tupoksinya. Tapi saya juga mau dihargai untuk tidak memaksa anak anak di vaksin. Semoga Allah selalu menjaga anak dan keluarga saya.","","0","0","0","-1","https://web.facebook.com/angelina.octa.12/posts/pfbid02aBRkWSgBA2ASGnUGDR53H2NpbkRsLT6BVFgd8mH7VhkcqUMFZM63yppPvibK7jjpl"
"854","Anna Khalisa Humaira","2025-08-23T00:38:00.000Z","Anak pertama saya dulu setiap  mau vaksin sehat  setelah vaksin sakit sampai 2-3 minggu, sehat lagi vaksin lagi sakit lagi tiap bulan langganan berobat setelah vaksin, akhirnya stop vaksin, alhamdulilah sakit hanya batuk pilek, anak kedua tidak vaksin hanya 1 kali pas lahir di RS, dimaki maki orang katanya dzolim sama anak itu hak anak, nyuruh nyuruh anak sakit kita sendiri yg repot kaya mau bantuin ngurusin pas lagi sakit, ngasih duit buat berobat juga ngga, terserah yg lain bilang anak saya vaksin sehat aja, ya itu anak kalian anak saya sakit setelah vaksin berulang ulang setelah vaksin begitu","","0","0","0","-1","https://web.facebook.com/angelina.octa.12/posts/pfbid02aBRkWSgBA2ASGnUGDR53H2NpbkRsLT6BVFgd8mH7VhkcqUMFZM63yppPvibK7jjpl"
"855","Rarania","2025-08-22T22:52:00.000Z","Soalnya kemarin anakku begitu 2 jam setelah di suntik kaki terasa dingin banget cuma sampe ke lutut dinginya trs anakku bilang rasanya gak enak lemes, sama saya tak suruh minum air putih banyak banget trs makan cuma protein tanpa karbo setelah makan tunda minum , trs lanjut tdr.. trs dinginya menjalar ke tangan .alhamdulillahnya gak kenapa2. ( anakku di suntik tanpa persetujuanku )","","0","0","0","-1","https://web.facebook.com/angelina.octa.12/posts/pfbid02aBRkWSgBA2ASGnUGDR53H2NpbkRsLT6BVFgd8mH7VhkcqUMFZM63yppPvibK7jjpl"
"856","Ecko Setyo","2026-07-14T12:15:00.000Z","anak aku rutin imunisasi tp kadang saat anak demam saya d marahin sama orang tua katanya NGAPAIN DI IMUNISASI BIKIN ANAK SEHAT JADI SAKIT kadang saya dilema dengerin marahan dari orang tua, tp saya tetap melaksanakan imunisasi rutin sesuai anjuran","","0","0","0","-1","https://web.facebook.com/safitri.lopheupholepheld/posts/pfbid0DF1fBzvV7p78eRiv66JbXtnEmscRtYjmNtrAXSwypgWh9aQnfgpbhAwcT9G9Jj3Ll"
"857","Abdul Hamid","2026-07-14T06:48:00.000Z","Mnrt aku, imunisasi itu hak ank, jdi kita hrus mndukung sbgai orng tua, emng sbgian orng tua g mau imunisasi anknya dg alsan masing"" ktnya sht & skit  bkn itu urusan yg mha kuasa, tapi se engganya kita bisa mncghnya, kan ada pepatah mncgh lbh baik drpd mengobati  tapi itu kmbli kpd orng tua msing""","","0","0","0","-1","https://web.facebook.com/safitri.lopheupholepheld/posts/pfbid0DF1fBzvV7p78eRiv66JbXtnEmscRtYjmNtrAXSwypgWh9aQnfgpbhAwcT9G9Jj3Ll"
"858","unknown","2026-07-14T12:46:00.000Z","Bun maaf mau nnya anaku besok bru 3 bln tapi belum Imunisasi,  kira¹ kalau ikut Imunisasi lngsng Suntik DPT atau BCG ya?","","0","0","0","-1","https://web.facebook.com/safitri.lopheupholepheld/posts/pfbid0DF1fBzvV7p78eRiv66JbXtnEmscRtYjmNtrAXSwypgWh9aQnfgpbhAwcT9G9Jj3Ll"
"859","Ra Ni","2026-07-14T13:52:00.000Z","Ank ku DPT 1 di usia 4 bulan","","0","0","0","-1","https://web.facebook.com/safitri.lopheupholepheld/posts/pfbid0DF1fBzvV7p78eRiv66JbXtnEmscRtYjmNtrAXSwypgWh9aQnfgpbhAwcT9G9Jj3Ll"
"860","unknown","2026-07-14T12:50:00.000Z","Alhamdulillah udah selesai semua imunisasi nya anaku sekarang umur 18 bulan tinggal nunggu sertifikat dari puskesmas dan buku KIA ditinggal di puskesmas","","0","0","0","-1","https://web.facebook.com/safitri.lopheupholepheld/posts/pfbid0DF1fBzvV7p78eRiv66JbXtnEmscRtYjmNtrAXSwypgWh9aQnfgpbhAwcT9G9Jj3Ll"
"861","Emiza Bundaravinn","2026-07-14T12:15:00.000Z","Alhamdulilah anakku 3 semua diimunisasi.ini yg ke3 baru sudah dpt 1 dan alhamdulilah ya lagi dia panasnya cuma setengah hari aja buat bunda2 anaknya lagi dpt 1","","0","0","0","-1","https://web.facebook.com/safitri.lopheupholepheld/posts/pfbid0DF1fBzvV7p78eRiv66JbXtnEmscRtYjmNtrAXSwypgWh9aQnfgpbhAwcT9G9Jj3Ll"
"862","unknown","2026-07-14T13:09:00.000Z","Karena setiap posyandu ank batuk parah smpai dibawa ke dr.khusus atau diare berlebihan akibatx dptnya terlambat","","0","0","0","-1","https://web.facebook.com/safitri.lopheupholepheld/posts/pfbid0DF1fBzvV7p78eRiv66JbXtnEmscRtYjmNtrAXSwypgWh9aQnfgpbhAwcT9G9Jj3Ll"
"863","Eka Yanti","2026-07-14T11:53:00.000Z","Yg saya alami malam ni anak rewel apa hbis disuntik yg umur 2 bulan","","0","0","0","-1","https://web.facebook.com/safitri.lopheupholepheld/posts/pfbid0DF1fBzvV7p78eRiv66JbXtnEmscRtYjmNtrAXSwypgWh9aQnfgpbhAwcT9G9Jj3Ll"
"864","Erna Ummu Royyan","2026-07-14T11:21:00.000Z","Anakku BCG mo 2bulan..DPT 1,30 mei pcv 4 juli..skrg 4 bulan 9 hri blm DPT 2..enth mo lanjut ato g..","","0","0","0","-1","https://web.facebook.com/safitri.lopheupholepheld/posts/pfbid0DF1fBzvV7p78eRiv66JbXtnEmscRtYjmNtrAXSwypgWh9aQnfgpbhAwcT9G9Jj3Ll"
"865","unknown","2026-07-14T13:11:00.000Z","Anaku seharusnya bulan kmaren imunisasi dpt 3,tapi Mlah damam dan kmren Senin harus nya ada jadwal imunisasi lagi tapi malah GK jadi soalnya lagi bapil, jadi binggung ada halangan Mulu skarang 5 bulan","","0","0","0","-1","https://web.facebook.com/safitri.lopheupholepheld/posts/pfbid0DF1fBzvV7p78eRiv66JbXtnEmscRtYjmNtrAXSwypgWh9aQnfgpbhAwcT9G9Jj3Ll"
"866","Ecko Setyo","2026-07-13T22:15:00.000Z","anak aku rutin imunisasi tp kadang saat anak demam saya d marahin sama orang tua katanya NGAPAIN DI IMUNISASI BIKIN ANAK SEHAT JADI SAKIT kadang saya dilema dengerin marahan dari orang tua, tp saya tetap melaksanakan imunisasi rutin sesuai anjuran","","0","0","0","-1","https://web.facebook.com/safitri.lopheupholepheld/posts/pfbid0DF1fBzvV7p78eRiv66JbXtnEmscRtYjmNtrAXSwypgWh9aQnfgpbhAwcT9G9Jj3Ll"
"867","Abdul Hamid","2026-07-13T16:48:00.000Z","Mnrt aku, imunisasi itu hak ank, jdi kita hrus mndukung sbgai orng tua, emng sbgian orng tua g mau imunisasi anknya dg alsan masing"" ktnya sht & skit  bkn itu urusan yg mha kuasa, tapi se engganya kita bisa mncghnya, kan ada pepatah mncgh lbh baik drpd mengobati  tapi itu kmbli kpd orng tua msing""","","0","0","0","-1","https://web.facebook.com/safitri.lopheupholepheld/posts/pfbid0DF1fBzvV7p78eRiv66JbXtnEmscRtYjmNtrAXSwypgWh9aQnfgpbhAwcT9G9Jj3Ll"
"868","unknown","2026-07-13T22:46:00.000Z","Bun maaf mau nnya anaku besok bru 3 bln tapi belum Imunisasi,  kira¹ kalau ikut Imunisasi lngsng Suntik DPT atau BCG ya?","","0","0","0","-1","https://web.facebook.com/safitri.lopheupholepheld/posts/pfbid0DF1fBzvV7p78eRiv66JbXtnEmscRtYjmNtrAXSwypgWh9aQnfgpbhAwcT9G9Jj3Ll"
"869","Ra Ni","2026-07-13T23:52:00.000Z","Ank ku DPT 1 di usia 4 bulan","","0","0","0","-1","https://web.facebook.com/safitri.lopheupholepheld/posts/pfbid0DF1fBzvV7p78eRiv66JbXtnEmscRtYjmNtrAXSwypgWh9aQnfgpbhAwcT9G9Jj3Ll"
"870","unknown","2026-07-13T22:50:00.000Z","Alhamdulillah udah selesai semua imunisasi nya anaku sekarang umur 18 bulan tinggal nunggu sertifikat dari puskesmas dan buku KIA ditinggal di puskesmas","","0","0","0","-1","https://web.facebook.com/safitri.lopheupholepheld/posts/pfbid0DF1fBzvV7p78eRiv66JbXtnEmscRtYjmNtrAXSwypgWh9aQnfgpbhAwcT9G9Jj3Ll"
"871","Arjun","2026-05-05T07:59:00.000Z","Alle Duan pida no hp mu Duan ganteng.","","0","0","0","-1","https://web.facebook.com/arief.afgan/posts/pfbid02ocCriuL9CbP9K6b8WuzLtNYrdKyhyJPoHiF7PfKFs6YEDT1JAeYCchTqPEC2cck2l"
"872","Yanie Abelincha","2026-05-05T09:21:00.000Z","Ternyata ka mo entek tayang Arief Abdullah","","0","0","0","-1","https://web.facebook.com/arief.afgan/posts/pfbid02ocCriuL9CbP9K6b8WuzLtNYrdKyhyJPoHiF7PfKFs6YEDT1JAeYCchTqPEC2cck2l"
"873","Arjun","2026-05-04T17:59:00.000Z","Alle Duan pida no hp mu Duan ganteng.","","0","0","0","-1","https://web.facebook.com/arief.afgan/posts/pfbid02ocCriuL9CbP9K6b8WuzLtNYrdKyhyJPoHiF7PfKFs6YEDT1JAeYCchTqPEC2cck2l"
"874","Yanie Abelincha","2026-05-04T19:21:00.000Z","Ternyata ka mo entek tayang Arief Abdullah","","0","0","0","-1","https://web.facebook.com/arief.afgan/posts/pfbid02ocCriuL9CbP9K6b8WuzLtNYrdKyhyJPoHiF7PfKFs6YEDT1JAeYCchTqPEC2cck2l"
"875","Supardi Arifin","2026-06-11T00:33:00.000Z","Ikut TGR","","0","0","0","-1","https://web.facebook.com/rolly.arman.5/posts/pfbid0Hknhmo2GRJjWZe6f1CJJfNUNqm8Y1mnUiA9j2KZsAJTXmsMVgmFA2R1q8GKrwfsvl"
"876","Luh Suarni","2026-06-10T04:10:00.000Z","Okey","","0","0","0","-1","https://web.facebook.com/rolly.arman.5/posts/pfbid0Hknhmo2GRJjWZe6f1CJJfNUNqm8Y1mnUiA9j2KZsAJTXmsMVgmFA2R1q8GKrwfsvl"
"877","Luh Suarni","2026-06-10T02:04:00.000Z","Pensiunan dapet ji","","0","0","0","-1","https://web.facebook.com/rolly.arman.5/posts/pfbid0Hknhmo2GRJjWZe6f1CJJfNUNqm8Y1mnUiA9j2KZsAJTXmsMVgmFA2R1q8GKrwfsvl"
"878","Supardi Arifin","2026-06-10T10:33:00.000Z","Ikut TGR","","0","0","0","-1","https://web.facebook.com/rolly.arman.5/posts/pfbid0Hknhmo2GRJjWZe6f1CJJfNUNqm8Y1mnUiA9j2KZsAJTXmsMVgmFA2R1q8GKrwfsvl"
"879","Luh Suarni","2026-06-09T14:10:00.000Z","Okey","","0","0","0","-1","https://web.facebook.com/rolly.arman.5/posts/pfbid0Hknhmo2GRJjWZe6f1CJJfNUNqm8Y1mnUiA9j2KZsAJTXmsMVgmFA2R1q8GKrwfsvl"
"880","Luh Suarni","2026-06-09T12:04:00.000Z","Pensiunan dapet ji","","0","0","0","-1","https://web.facebook.com/rolly.arman.5/posts/pfbid0Hknhmo2GRJjWZe6f1CJJfNUNqm8Y1mnUiA9j2KZsAJTXmsMVgmFA2R1q8GKrwfsvl"
"881","Nini Deritana","2026-04-17T02:44:00.000Z","Ha.. ha","","0","0","0","-1","https://web.facebook.com/nini.deritana/posts/pfbid04rhXZX656ELryzTD9hvor4xULvseo1mbVjo9KLMfW4uwFQFQzX7s7mWiP2rvgPSSl"
"882","Desak Ketut Parmini","2026-04-17T04:35:00.000Z","Mantap dokter,,,, sy jg bisa dpt k,,, krn sy jg harus masih syg,,,","","0","0","0","-1","https://web.facebook.com/nini.deritana/posts/pfbid04rhXZX656ELryzTD9hvor4xULvseo1mbVjo9KLMfW4uwFQFQzX7s7mWiP2rvgPSSl"
"883","Subur Hasibuan","2026-04-18T03:49:00.000Z","sudah pasti rindu sama aku ya dokter","","0","0","0","-1","https://web.facebook.com/nini.deritana/posts/pfbid04rhXZX656ELryzTD9hvor4xULvseo1mbVjo9KLMfW4uwFQFQzX7s7mWiP2rvgPSSl"
"884","Krista R Aritonang","2026-04-17T06:00:00.000Z","Dok minta double dose bisa","","0","0","0","-1","https://web.facebook.com/nini.deritana/posts/pfbid04rhXZX656ELryzTD9hvor4xULvseo1mbVjo9KLMfW4uwFQFQzX7s7mWiP2rvgPSSl"
"885","Novasri Mugiawati","2026-04-17T11:43:00.000Z","Orang² Kecamatan jauh jauh ini masih bisa Dok","","0","0","0","-1","https://web.facebook.com/nini.deritana/posts/pfbid04rhXZX656ELryzTD9hvor4xULvseo1mbVjo9KLMfW4uwFQFQzX7s7mWiP2rvgPSSl"
"886","Dini Amelia Zein","2026-04-17T05:43:00.000Z","Kami minum vitamin C (amping) ajala dok...atit disuntik...","","0","0","0","-1","https://web.facebook.com/nini.deritana/posts/pfbid04rhXZX656ELryzTD9hvor4xULvseo1mbVjo9KLMfW4uwFQFQzX7s7mWiP2rvgPSSl"
"887","Imelda Dorisday Sitorus","2026-04-17T02:56:00.000Z","Semangat trus dokter.. walaupun MR","","0","0","0","-1","https://web.facebook.com/nini.deritana/posts/pfbid04rhXZX656ELryzTD9hvor4xULvseo1mbVjo9KLMfW4uwFQFQzX7s7mWiP2rvgPSSl"
"888","Mita Efendi","2026-04-17T03:22:00.000Z","Rahma Yani baca ni yg di blg dr Nini Deritana","","0","0","0","-1","https://web.facebook.com/nini.deritana/posts/pfbid04rhXZX656ELryzTD9hvor4xULvseo1mbVjo9KLMfW4uwFQFQzX7s7mWiP2rvgPSSl"
"889","Feny Kartika S Sipayung","2026-04-17T02:46:00.000Z","Cocok kayaknya dok untuk diriku yang kesepian","","0","0","0","-1","https://web.facebook.com/nini.deritana/posts/pfbid04rhXZX656ELryzTD9hvor4xULvseo1mbVjo9KLMfW4uwFQFQzX7s7mWiP2rvgPSSl"
"890","Camilan Sakinah","2026-04-17T03:03:00.000Z","Awak juga kesepian dok Nini Deritana","","0","0","0","-1","https://web.facebook.com/nini.deritana/posts/pfbid04rhXZX656ELryzTD9hvor4xULvseo1mbVjo9KLMfW4uwFQFQzX7s7mWiP2rvgPSSl"
"891","Nini Deritana","2026-04-16T12:44:00.000Z","Ha.. ha","","0","0","0","-1","https://web.facebook.com/nini.deritana/posts/pfbid04rhXZX656ELryzTD9hvor4xULvseo1mbVjo9KLMfW4uwFQFQzX7s7mWiP2rvgPSSl"
"892","Desak Ketut Parmini","2026-04-16T14:35:00.000Z","Mantap dokter,,,, sy jg bisa dpt k,,, krn sy jg harus masih syg,,,","","0","0","0","-1","https://web.facebook.com/nini.deritana/posts/pfbid04rhXZX656ELryzTD9hvor4xULvseo1mbVjo9KLMfW4uwFQFQzX7s7mWiP2rvgPSSl"
"893","Subur Hasibuan","2026-04-17T13:49:00.000Z","sudah pasti rindu sama aku ya dokter","","0","0","0","-1","https://web.facebook.com/nini.deritana/posts/pfbid04rhXZX656ELryzTD9hvor4xULvseo1mbVjo9KLMfW4uwFQFQzX7s7mWiP2rvgPSSl"
"894","Krista R Aritonang","2026-04-16T16:00:00.000Z","Dok minta double dose bisa","","0","0","0","-1","https://web.facebook.com/nini.deritana/posts/pfbid04rhXZX656ELryzTD9hvor4xULvseo1mbVjo9KLMfW4uwFQFQzX7s7mWiP2rvgPSSl"
"895","Novasri Mugiawati","2026-04-16T21:43:00.000Z","Orang² Kecamatan jauh jauh ini masih bisa Dok","","0","0","0","-1","https://web.facebook.com/nini.deritana/posts/pfbid04rhXZX656ELryzTD9hvor4xULvseo1mbVjo9KLMfW4uwFQFQzX7s7mWiP2rvgPSSl"
"896","Elfrita Sitompul","2026-06-18T02:38:00.000Z","Mari saling dukung dan saling interaksi. Kita sukses bersama https://www.facebook.com/mamanya.felova/subscribenow?surface=pinned_comments","","0","0","0","-1","https://web.facebook.com/mamanya.felova/posts/pfbid0tMdiC22p9BM4jpWY9kLdktkGpi6wc2EuJ66U2u5vt5VVVwq1D22AWBVTjPDmf8hql"
"897","Riana Okta Viani Siregar","2026-06-18T03:02:00.000Z","Aku udh positif IGG rubella da , ga tau kapan kena nya , tpi ya taunya pas hamil krna mendiang si Ucok kena hydrocepalus dr kandungan","","0","0","0","-1","https://web.facebook.com/mamanya.felova/posts/pfbid0tMdiC22p9BM4jpWY9kLdktkGpi6wc2EuJ66U2u5vt5VVVwq1D22AWBVTjPDmf8hql"
"898","Murni Manurung","2026-06-18T03:15:00.000Z","Semangat Bestie, semoga data tahan tubuh ampuh selalu","","0","0","0","-1","https://web.facebook.com/mamanya.felova/posts/pfbid0tMdiC22p9BM4jpWY9kLdktkGpi6wc2EuJ66U2u5vt5VVVwq1D22AWBVTjPDmf8hql"
"899","Masni Sihite","2026-06-18T03:21:00.000Z","hassit par masuk nai  kan da","","0","0","0","-1","https://web.facebook.com/mamanya.felova/posts/pfbid0tMdiC22p9BM4jpWY9kLdktkGpi6wc2EuJ66U2u5vt5VVVwq1D22AWBVTjPDmf8hql"
"900","Lisa Sinaga","2026-06-18T04:40:00.000Z","Emang ada paksin lagi inang skrg","","0","0","0","-1","https://web.facebook.com/mamanya.felova/posts/pfbid0tMdiC22p9BM4jpWY9kLdktkGpi6wc2EuJ66U2u5vt5VVVwq1D22AWBVTjPDmf8hql"
"901","Fatimah Panjaitan","2026-06-18T02:43:00.000Z","Sehat² Selalu eda","","0","0","0","-1","https://web.facebook.com/mamanya.felova/posts/pfbid0tMdiC22p9BM4jpWY9kLdktkGpi6wc2EuJ66U2u5vt5VVVwq1D22AWBVTjPDmf8hql"
"902","Romian Situmorang","2026-06-18T05:03:00.000Z","Salam sehat selalu eda","","0","0","0","-1","https://web.facebook.com/mamanya.felova/posts/pfbid0tMdiC22p9BM4jpWY9kLdktkGpi6wc2EuJ66U2u5vt5VVVwq1D22AWBVTjPDmf8hql"
"903","Sabrina Smr","2026-06-18T05:13:00.000Z","Gmn rasanya kak","","0","0","0","-1","https://web.facebook.com/mamanya.felova/posts/pfbid0tMdiC22p9BM4jpWY9kLdktkGpi6wc2EuJ66U2u5vt5VVVwq1D22AWBVTjPDmf8hql"
"904","Marini Tambunan","2026-06-18T04:51:00.000Z","Salam sehat ya","","0","0","0","-1","https://web.facebook.com/mamanya.felova/posts/pfbid0tMdiC22p9BM4jpWY9kLdktkGpi6wc2EuJ66U2u5vt5VVVwq1D22AWBVTjPDmf8hql"
"905","Gioyasin","2026-06-18T09:28:00.000Z","Sakitnya dak","","0","0","0","-1","https://web.facebook.com/mamanya.felova/posts/pfbid0tMdiC22p9BM4jpWY9kLdktkGpi6wc2EuJ66U2u5vt5VVVwq1D22AWBVTjPDmf8hql"
"906","Elfrita Sitompul","2026-06-17T12:38:00.000Z","Mari saling dukung dan saling interaksi. Kita sukses bersama https://www.facebook.com/mamanya.felova/subscribenow?surface=pinned_comments","","0","0","0","-1","https://web.facebook.com/mamanya.felova/posts/pfbid0tMdiC22p9BM4jpWY9kLdktkGpi6wc2EuJ66U2u5vt5VVVwq1D22AWBVTjPDmf8hql"
"907","Riana Okta Viani Siregar","2026-06-17T13:02:00.000Z","Aku udh positif IGG rubella da , ga tau kapan kena nya , tpi ya taunya pas hamil krna mendiang si Ucok kena hydrocepalus dr kandungan","","0","0","0","-1","https://web.facebook.com/mamanya.felova/posts/pfbid0tMdiC22p9BM4jpWY9kLdktkGpi6wc2EuJ66U2u5vt5VVVwq1D22AWBVTjPDmf8hql"
"908","Murni Manurung","2026-06-17T13:15:00.000Z","Semangat Bestie, semoga data tahan tubuh ampuh selalu","","0","0","0","-1","https://web.facebook.com/mamanya.felova/posts/pfbid0tMdiC22p9BM4jpWY9kLdktkGpi6wc2EuJ66U2u5vt5VVVwq1D22AWBVTjPDmf8hql"
"909","Masni Sihite","2026-06-17T13:21:00.000Z","hassit par masuk nai  kan da","","0","0","0","-1","https://web.facebook.com/mamanya.felova/posts/pfbid0tMdiC22p9BM4jpWY9kLdktkGpi6wc2EuJ66U2u5vt5VVVwq1D22AWBVTjPDmf8hql"
"910","Lisa Sinaga","2026-06-17T14:40:00.000Z","Emang ada paksin lagi inang skrg","","0","0","0","-1","https://web.facebook.com/mamanya.felova/posts/pfbid0tMdiC22p9BM4jpWY9kLdktkGpi6wc2EuJ66U2u5vt5VVVwq1D22AWBVTjPDmf8hql"
"911","Delva Irmayani","2026-06-19T04:12:00.000Z","KK knp vaksin KK apa ada virus lagi muncul kk","","0","0","0","-1","https://web.facebook.com/deizma.napitupulu/posts/pfbid0U71Pff3cjw5GDRG4hFD5mejxmTAitBF6GDPvUT8w5aLKJmSBU7BahakZPxRPS7BVl"
"912","Marhizdha Napitupulu","2026-06-18T14:05:00.000Z","Ternyata tidak lepas dari vaksin kita nich y nang","","0","0","0","-1","https://web.facebook.com/deizma.napitupulu/posts/pfbid0U71Pff3cjw5GDRG4hFD5mejxmTAitBF6GDPvUT8w5aLKJmSBU7BahakZPxRPS7BVl"
"913","Maria Rosarina Sitinjak","2026-06-19T03:13:00.000Z","Missss youuu","","0","0","0","-1","https://web.facebook.com/deizma.napitupulu/posts/pfbid0U71Pff3cjw5GDRG4hFD5mejxmTAitBF6GDPvUT8w5aLKJmSBU7BahakZPxRPS7BVl"
"914","Sri Megawati Purba","2026-06-18T12:29:00.000Z","Aq belummm","","0","0","0","-1","https://web.facebook.com/deizma.napitupulu/posts/pfbid0U71Pff3cjw5GDRG4hFD5mejxmTAitBF6GDPvUT8w5aLKJmSBU7BahakZPxRPS7BVl"
"915","Cristine Sitorus","2026-06-20T13:54:00.000Z","Eda…","","0","0","0","-1","https://web.facebook.com/deizma.napitupulu/posts/pfbid0U71Pff3cjw5GDRG4hFD5mejxmTAitBF6GDPvUT8w5aLKJmSBU7BahakZPxRPS7BVl"
"916","Delva Irmayani","2026-06-18T14:12:00.000Z","KK knp vaksin KK apa ada virus lagi muncul kk","","0","0","0","-1","https://web.facebook.com/deizma.napitupulu/posts/pfbid0U71Pff3cjw5GDRG4hFD5mejxmTAitBF6GDPvUT8w5aLKJmSBU7BahakZPxRPS7BVl"
"917","Marhizdha Napitupulu","2026-06-18T00:05:00.000Z","Ternyata tidak lepas dari vaksin kita nich y nang","","0","0","0","-1","https://web.facebook.com/deizma.napitupulu/posts/pfbid0U71Pff3cjw5GDRG4hFD5mejxmTAitBF6GDPvUT8w5aLKJmSBU7BahakZPxRPS7BVl"
"918","Maria Rosarina Sitinjak","2026-06-18T13:13:00.000Z","Missss youuu","","0","0","0","-1","https://web.facebook.com/deizma.napitupulu/posts/pfbid0U71Pff3cjw5GDRG4hFD5mejxmTAitBF6GDPvUT8w5aLKJmSBU7BahakZPxRPS7BVl"
"919","Sri Megawati Purba","2026-06-17T22:29:00.000Z","Aq belummm","","0","0","0","-1","https://web.facebook.com/deizma.napitupulu/posts/pfbid0U71Pff3cjw5GDRG4hFD5mejxmTAitBF6GDPvUT8w5aLKJmSBU7BahakZPxRPS7BVl"
"920","Cristine Sitorus","2026-06-19T23:54:00.000Z","Eda…","","0","0","0","-1","https://web.facebook.com/deizma.napitupulu/posts/pfbid0U71Pff3cjw5GDRG4hFD5mejxmTAitBF6GDPvUT8w5aLKJmSBU7BahakZPxRPS7BVl"
"921","Athien Rexo","2025-08-05T14:12:00.000Z","Doyan","","0","0","0","-1","https://web.facebook.com/mila.tiani.142/posts/pfbid02tXgPwSZv7nM9daTc5YsNKDm7dRpCBNu6i93TCZqnMmcXTEe7veDzH7Noj5svkBzel"
"922","Dessy Minori","2025-08-05T14:32:00.000Z","Lucu yaak","","0","0","0","-1","https://web.facebook.com/mila.tiani.142/posts/pfbid02tXgPwSZv7nM9daTc5YsNKDm7dRpCBNu6i93TCZqnMmcXTEe7veDzH7Noj5svkBzel"
"923","Emma Handayani","2025-08-05T22:23:00.000Z","Bulan ini ada imunisasi MR untuk kelas 1&2","","0","0","0","-1","https://web.facebook.com/mila.tiani.142/posts/pfbid02tXgPwSZv7nM9daTc5YsNKDm7dRpCBNu6i93TCZqnMmcXTEe7veDzH7Noj5svkBzel"
"924","Safira Sajalah","2025-08-06T02:29:00.000Z","Aku ikut tertawa aj...anakku saat itu duduk smp ikut phaksin bukannya sehat malah mencret,demam ada pembengkaan kelenjar di bagian samping perut...saya lihat juga banyak temannya juga sakit setelah pemberian phaksin tsb.","","0","0","0","-1","https://web.facebook.com/mila.tiani.142/posts/pfbid02tXgPwSZv7nM9daTc5YsNKDm7dRpCBNu6i93TCZqnMmcXTEe7veDzH7Noj5svkBzel"
"925","Shinta Rahayu","2025-08-09T08:46:00.000Z","Salah itu pak beritanya","","0","0","0","-1","https://web.facebook.com/mila.tiani.142/posts/pfbid02tXgPwSZv7nM9daTc5YsNKDm7dRpCBNu6i93TCZqnMmcXTEe7veDzH7Noj5svkBzel"
"926","Mila Tiani Rap Faiqa","2025-08-09T13:49:00.000Z","Dengan kata lain, sales vaksin lagi dikejar utang: butuh cuan","","0","0","0","-1","https://web.facebook.com/mila.tiani.142/posts/pfbid02tXgPwSZv7nM9daTc5YsNKDm7dRpCBNu6i93TCZqnMmcXTEe7veDzH7Noj5svkBzel"
"927","Athien Rexo","2025-08-05T00:12:00.000Z","Doyan","","0","0","0","-1","https://web.facebook.com/mila.tiani.142/posts/pfbid02tXgPwSZv7nM9daTc5YsNKDm7dRpCBNu6i93TCZqnMmcXTEe7veDzH7Noj5svkBzel"
"928","Dessy Minori","2025-08-05T00:32:00.000Z","Lucu yaak","","0","0","0","-1","https://web.facebook.com/mila.tiani.142/posts/pfbid02tXgPwSZv7nM9daTc5YsNKDm7dRpCBNu6i93TCZqnMmcXTEe7veDzH7Noj5svkBzel"
"929","Emma Handayani","2025-08-05T08:23:00.000Z","Bulan ini ada imunisasi MR untuk kelas 1&2","","0","0","0","-1","https://web.facebook.com/mila.tiani.142/posts/pfbid02tXgPwSZv7nM9daTc5YsNKDm7dRpCBNu6i93TCZqnMmcXTEe7veDzH7Noj5svkBzel"
"930","Safira Sajalah","2025-08-05T12:29:00.000Z","Aku ikut tertawa aj...anakku saat itu duduk smp ikut phaksin bukannya sehat malah mencret,demam ada pembengkaan kelenjar di bagian samping perut...saya lihat juga banyak temannya juga sakit setelah pemberian phaksin tsb.","","0","0","0","-1","https://web.facebook.com/mila.tiani.142/posts/pfbid02tXgPwSZv7nM9daTc5YsNKDm7dRpCBNu6i93TCZqnMmcXTEe7veDzH7Noj5svkBzel"
"931","Shinta Rahayu","2025-08-08T18:46:00.000Z","Salah itu pak beritanya","","0","0","0","-1","https://web.facebook.com/mila.tiani.142/posts/pfbid02tXgPwSZv7nM9daTc5YsNKDm7dRpCBNu6i93TCZqnMmcXTEe7veDzH7Noj5svkBzel"
"932","Mila Tiani Rap Faiqa","2025-08-08T23:49:00.000Z","Dengan kata lain, sales vaksin lagi dikejar utang: butuh cuan","","0","0","0","-1","https://web.facebook.com/mila.tiani.142/posts/pfbid02tXgPwSZv7nM9daTc5YsNKDm7dRpCBNu6i93TCZqnMmcXTEe7veDzH7Noj5svkBzel"
"933","Elfrita Sitompul","2026-06-18T01:38:00.000Z","Mari saling dukung dan saling interaksi. Kita sukses bersama https://www.facebook.com/mamanya.felova/subscribenow?surface=pinned_comments","","0","0","0","-1","https://web.facebook.com/mamanya.felova/posts/pfbid0qDoHpaQ4QTMy6hT5v1XmJUS9ho1NYCFowpXorNs5cv6ihaAHS73Eg4r8UjmE83q5l"
"934","Stpl Bangebange","2026-06-18T01:58:00.000Z","Pagi ..dek ....ih apaan tuh","","0","0","0","-1","https://web.facebook.com/mamanya.felova/posts/pfbid0qDoHpaQ4QTMy6hT5v1XmJUS9ho1NYCFowpXorNs5cv6ihaAHS73Eg4r8UjmE83q5l"
"935","Liesna Simamora","2026-06-18T08:38:00.000Z","Vaksin nya di puskesmas ya dak?","","0","0","0","-1","https://web.facebook.com/mamanya.felova/posts/pfbid0qDoHpaQ4QTMy6hT5v1XmJUS9ho1NYCFowpXorNs5cv6ihaAHS73Eg4r8UjmE83q5l"
"936","Imelda Vera Simanjuntak","2026-06-18T02:00:00.000Z","Sehat selalu utk nakes ya de","","0","0","0","-1","https://web.facebook.com/mamanya.felova/posts/pfbid0qDoHpaQ4QTMy6hT5v1XmJUS9ho1NYCFowpXorNs5cv6ihaAHS73Eg4r8UjmE83q5l"
"937","Fatimah Panjaitan","2026-06-18T01:52:00.000Z","Pagi juga eda...sehat selalu","","0","0","0","-1","https://web.facebook.com/mamanya.felova/posts/pfbid0qDoHpaQ4QTMy6hT5v1XmJUS9ho1NYCFowpXorNs5cv6ihaAHS73Eg4r8UjmE83q5l"
"938","Selli Siagian","2026-06-18T01:48:00.000Z","Pagi jg","","0","0","0","-1","https://web.facebook.com/mamanya.felova/posts/pfbid0qDoHpaQ4QTMy6hT5v1XmJUS9ho1NYCFowpXorNs5cv6ihaAHS73Eg4r8UjmE83q5l"
"939","Mak Valen","2026-06-18T01:49:00.000Z","Selamat pagi eda, semangat yaaa","","0","0","0","-1","https://web.facebook.com/mamanya.felova/posts/pfbid0qDoHpaQ4QTMy6hT5v1XmJUS9ho1NYCFowpXorNs5cv6ihaAHS73Eg4r8UjmE83q5l"
"940","Elfrita Sitompul","2026-06-17T11:38:00.000Z","Mari saling dukung dan saling interaksi. Kita sukses bersama https://www.facebook.com/mamanya.felova/subscribenow?surface=pinned_comments","","0","0","0","-1","https://web.facebook.com/mamanya.felova/posts/pfbid0qDoHpaQ4QTMy6hT5v1XmJUS9ho1NYCFowpXorNs5cv6ihaAHS73Eg4r8UjmE83q5l"
"941","Stpl Bangebange","2026-06-17T11:58:00.000Z","Pagi ..dek ....ih apaan tuh","","0","0","0","-1","https://web.facebook.com/mamanya.felova/posts/pfbid0qDoHpaQ4QTMy6hT5v1XmJUS9ho1NYCFowpXorNs5cv6ihaAHS73Eg4r8UjmE83q5l"
"942","Liesna Simamora","2026-06-17T18:38:00.000Z","Vaksin nya di puskesmas ya dak?","","0","0","0","-1","https://web.facebook.com/mamanya.felova/posts/pfbid0qDoHpaQ4QTMy6hT5v1XmJUS9ho1NYCFowpXorNs5cv6ihaAHS73Eg4r8UjmE83q5l"
"943","Imelda Vera Simanjuntak","2026-06-17T12:00:00.000Z","Sehat selalu utk nakes ya de","","0","0","0","-1","https://web.facebook.com/mamanya.felova/posts/pfbid0qDoHpaQ4QTMy6hT5v1XmJUS9ho1NYCFowpXorNs5cv6ihaAHS73Eg4r8UjmE83q5l"
"944","Fatimah Panjaitan","2026-06-17T11:52:00.000Z","Pagi juga eda...sehat selalu","","0","0","0","-1","https://web.facebook.com/mamanya.felova/posts/pfbid0qDoHpaQ4QTMy6hT5v1XmJUS9ho1NYCFowpXorNs5cv6ihaAHS73Eg4r8UjmE83q5l"
"945","Selli Siagian","2026-06-17T11:48:00.000Z","Pagi jg","","0","0","0","-1","https://web.facebook.com/mamanya.felova/posts/pfbid0qDoHpaQ4QTMy6hT5v1XmJUS9ho1NYCFowpXorNs5cv6ihaAHS73Eg4r8UjmE83q5l"
"946","Mak Valen","2026-06-17T11:49:00.000Z","Selamat pagi eda, semangat yaaa","","0","0","0","-1","https://web.facebook.com/mamanya.felova/posts/pfbid0qDoHpaQ4QTMy6hT5v1XmJUS9ho1NYCFowpXorNs5cv6ihaAHS73Eg4r8UjmE83q5l"
"947","Eka Khairani Adha","2025-08-25T10:39:00.000Z","Tips dan informasi seputar Kesehatan, Kehamilan, Persalinan, Nifas, Ibu & Anak. Yuk berlangganan dengan saya, utk ilmu yg lebih luas. https://www.facebook.com/ekakh.cikadvjnasix/subscribenow?surface=pinned_comments","","0","0","0","-1","https://web.facebook.com/ekakh.cikadvjnasix/posts/pfbid037RSa17EnfbXBbwGuPGSeHj1r7xBuq5e6n7LTwv2AQDysvSPb96fKjZqnh1kqcBZNl"
"948","Nur Eka Putri","2025-08-26T07:43:00.000Z","Mmrv itu vaksin dri pemrintah itu ya bu?? Atau harus ke dokter anak?","","0","0","0","-1","https://web.facebook.com/ekakh.cikadvjnasix/posts/pfbid037RSa17EnfbXBbwGuPGSeHj1r7xBuq5e6n7LTwv2AQDysvSPb96fKjZqnh1kqcBZNl"
"949","Sinta Apriani Azaria","2025-08-25T11:40:00.000Z","Kak gondongan itu semacam leher yg membesar y kak","","0","0","0","-1","https://web.facebook.com/ekakh.cikadvjnasix/posts/pfbid037RSa17EnfbXBbwGuPGSeHj1r7xBuq5e6n7LTwv2AQDysvSPb96fKjZqnh1kqcBZNl"
"950","Wenny Khaeriezqynimannytha Cee Khaztha","2025-08-25T12:18:00.000Z","Zaman anak kakak gadak dikasih vaksin itu dek, apa blm ada??","","0","0","0","-1","https://web.facebook.com/ekakh.cikadvjnasix/posts/pfbid037RSa17EnfbXBbwGuPGSeHj1r7xBuq5e6n7LTwv2AQDysvSPb96fKjZqnh1kqcBZNl"
"951","Fitri Yana","2025-08-25T13:04:00.000Z","Waduhhhhh kasihan ya","","0","0","0","-1","https://web.facebook.com/ekakh.cikadvjnasix/posts/pfbid037RSa17EnfbXBbwGuPGSeHj1r7xBuq5e6n7LTwv2AQDysvSPb96fKjZqnh1kqcBZNl"
"952","Riu Anna","2025-08-26T00:43:00.000Z","Ada efek samping dari suntik polio itu bubid","","0","0","0","-1","https://web.facebook.com/ekakh.cikadvjnasix/posts/pfbid037RSa17EnfbXBbwGuPGSeHj1r7xBuq5e6n7LTwv2AQDysvSPb96fKjZqnh1kqcBZNl"
"953","Novianti","2025-08-25T10:55:00.000Z","Anakku skrng juga lagi kenak kak","","0","0","0","-1","https://web.facebook.com/ekakh.cikadvjnasix/posts/pfbid037RSa17EnfbXBbwGuPGSeHj1r7xBuq5e6n7LTwv2AQDysvSPb96fKjZqnh1kqcBZNl"
"954","Sri Hartini","2025-08-25T13:15:00.000Z","tp sebagian org tua juga tidak mengizinkan anak nya di vaksin dek","","0","0","0","-1","https://web.facebook.com/ekakh.cikadvjnasix/posts/pfbid037RSa17EnfbXBbwGuPGSeHj1r7xBuq5e6n7LTwv2AQDysvSPb96fKjZqnh1kqcBZNl"
"955","Ahmad Naufal","2025-08-25T10:39:00.000Z","Tips dan informasi seputar Kesehatan, Kehamilan, Persalinan, Nifas, Ibu & Anak. Yuk berlangganan dengan saya, utk ilmu yg lebih luas. https://www.facebook.com/ekakh.cikadvjnasix/subscribenow?surface=pinned_comments","","0","0","0","-1","https://web.facebook.com/ekakh.cikadvjnasix/posts/pfbid037RSa17EnfbXBbwGuPGSeHj1r7xBuq5e6n7LTwv2AQDysvSPb96fKjZqnh1kqcBZNl"
"956","Nurma Harahap","2025-08-25T13:15:00.000Z","Kalok udah kayak gitu susah  mau gendong nya bukbid","","0","0","0","-1","https://web.facebook.com/ekakh.cikadvjnasix/posts/pfbid037RSa17EnfbXBbwGuPGSeHj1r7xBuq5e6n7LTwv2AQDysvSPb96fKjZqnh1kqcBZNl"
"957","Yomadnak Mrb","2026-05-20T05:45:00.000Z","Siang kk","","0","0","0","-1","https://web.facebook.com/ana.bruginting/posts/pfbid0L5zRghPFk98qqRDdM7xit1Px2P96EpAzZc9faJvLCUf2p4Y8tzArTpxCAq1iEA4Sl"
"958","Ʀʀ PʌpBoys Ʀıŋto Ʀomey","2026-05-20T06:18:00.000Z","Sehat selalu kk semua","","0","0","0","-1","https://web.facebook.com/ana.bruginting/posts/pfbid0L5zRghPFk98qqRDdM7xit1Px2P96EpAzZc9faJvLCUf2p4Y8tzArTpxCAq1iEA4Sl"
"959","吳官隆","2026-05-20T09:51:00.000Z","Sehat selalu","","0","0","0","-1","https://web.facebook.com/ana.bruginting/posts/pfbid0L5zRghPFk98qqRDdM7xit1Px2P96EpAzZc9faJvLCUf2p4Y8tzArTpxCAq1iEA4Sl"
"960","Yomadnak Mrb","2026-05-19T15:45:00.000Z","Siang kk","","0","0","0","-1","https://web.facebook.com/ana.bruginting/posts/pfbid0L5zRghPFk98qqRDdM7xit1Px2P96EpAzZc9faJvLCUf2p4Y8tzArTpxCAq1iEA4Sl"
"961","Ʀʀ PʌpBoys Ʀıŋto Ʀomey","2026-05-19T16:18:00.000Z","Sehat selalu kk semua","","0","0","0","-1","https://web.facebook.com/ana.bruginting/posts/pfbid0L5zRghPFk98qqRDdM7xit1Px2P96EpAzZc9faJvLCUf2p4Y8tzArTpxCAq1iEA4Sl"
"962","吳官隆","2026-05-19T19:51:00.000Z","Sehat selalu","","0","0","0","-1","https://web.facebook.com/ana.bruginting/posts/pfbid0L5zRghPFk98qqRDdM7xit1Px2P96EpAzZc9faJvLCUf2p4Y8tzArTpxCAq1iEA4Sl"
"963","Mak Erot","2025-12-22T08:57:00.000Z","#semuaorang","","0","0","0","-1","https://web.facebook.com/eflirohanihutauruk/posts/pfbid02Cw6nwYFHSKBLu9e8Jnj9PKHmh4ub41JDthWCUqG5urAmYQfpDJhb6Q2RpQCu4neAl"
"964","Enni Hespita Sihombing","2025-12-22T12:15:00.000Z","Hahaha, vaksin campak dan rubella jadi seperti pasangan suami istri ya?","","0","0","0","-1","https://web.facebook.com/eflirohanihutauruk/posts/pfbid02Cw6nwYFHSKBLu9e8Jnj9PKHmh4ub41JDthWCUqG5urAmYQfpDJhb6Q2RpQCu4neAl"
"965","Nur Lela Lestari","2025-12-22T09:19:00.000Z","selamat sore","","0","0","0","-1","https://web.facebook.com/eflirohanihutauruk/posts/pfbid02Cw6nwYFHSKBLu9e8Jnj9PKHmh4ub41JDthWCUqG5urAmYQfpDJhb6Q2RpQCu4neAl"
"966","Noerma Nhem","2025-12-22T10:38:00.000Z","Aduh aku mau ikut klw gitu mak","","0","0","0","-1","https://web.facebook.com/eflirohanihutauruk/posts/pfbid02Cw6nwYFHSKBLu9e8Jnj9PKHmh4ub41JDthWCUqG5urAmYQfpDJhb6Q2RpQCu4neAl"
"967","Winarti Ghanesa","2025-12-22T09:12:00.000Z","Ohhhh gitu yamak...","","0","0","0","-1","https://web.facebook.com/eflirohanihutauruk/posts/pfbid02Cw6nwYFHSKBLu9e8Jnj9PKHmh4ub41JDthWCUqG5urAmYQfpDJhb6Q2RpQCu4neAl"
"968","Didi AZ Al Bantani","2025-12-22T11:04:00.000Z","Hahaha","","0","0","0","-1","https://web.facebook.com/eflirohanihutauruk/posts/pfbid02Cw6nwYFHSKBLu9e8Jnj9PKHmh4ub41JDthWCUqG5urAmYQfpDJhb6Q2RpQCu4neAl"
"969","Jul Sape","2025-12-23T09:31:00.000Z","Assalamualaikum k","","0","0","0","-1","https://web.facebook.com/eflirohanihutauruk/posts/pfbid02Cw6nwYFHSKBLu9e8Jnj9PKHmh4ub41JDthWCUqG5urAmYQfpDJhb6Q2RpQCu4neAl"
"970","Intihaaul Fitriyah","2025-12-22T11:01:00.000Z","Namamu kok diganti mak","","0","0","0","-1","https://web.facebook.com/eflirohanihutauruk/posts/pfbid02Cw6nwYFHSKBLu9e8Jnj9PKHmh4ub41JDthWCUqG5urAmYQfpDJhb6Q2RpQCu4neAl"
"971","Gemini Eny","2025-12-22T12:25:00.000Z","Beh","","0","0","0","-1","https://web.facebook.com/eflirohanihutauruk/posts/pfbid02Cw6nwYFHSKBLu9e8Jnj9PKHmh4ub41JDthWCUqG5urAmYQfpDJhb6Q2RpQCu4neAl"
"972","Huliati Claire","2025-12-22T10:39:00.000Z","ada ada aja mak","","0","0","0","-1","https://web.facebook.com/eflirohanihutauruk/posts/pfbid02Cw6nwYFHSKBLu9e8Jnj9PKHmh4ub41JDthWCUqG5urAmYQfpDJhb6Q2RpQCu4neAl"
"973","Mak Erot","2025-12-21T17:57:00.000Z","#semuaorang","","0","0","0","-1","https://web.facebook.com/eflirohanihutauruk/posts/pfbid02Cw6nwYFHSKBLu9e8Jnj9PKHmh4ub41JDthWCUqG5urAmYQfpDJhb6Q2RpQCu4neAl"
"974","Enni Hespita Sihombing","2025-12-21T21:15:00.000Z","Hahaha, vaksin campak dan rubella jadi seperti pasangan suami istri ya?","","0","0","0","-1","https://web.facebook.com/eflirohanihutauruk/posts/pfbid02Cw6nwYFHSKBLu9e8Jnj9PKHmh4ub41JDthWCUqG5urAmYQfpDJhb6Q2RpQCu4neAl"
"975","Nur Lela Lestari","2025-12-21T18:19:00.000Z","selamat sore","","0","0","0","-1","https://web.facebook.com/eflirohanihutauruk/posts/pfbid02Cw6nwYFHSKBLu9e8Jnj9PKHmh4ub41JDthWCUqG5urAmYQfpDJhb6Q2RpQCu4neAl"
"976","Noerma Nhem","2025-12-21T19:38:00.000Z","Aduh aku mau ikut klw gitu mak","","0","0","0","-1","https://web.facebook.com/eflirohanihutauruk/posts/pfbid02Cw6nwYFHSKBLu9e8Jnj9PKHmh4ub41JDthWCUqG5urAmYQfpDJhb6Q2RpQCu4neAl"
"977","Winarti Ghanesa","2025-12-21T18:12:00.000Z","Ohhhh gitu yamak...","","0","0","0","-1","https://web.facebook.com/eflirohanihutauruk/posts/pfbid02Cw6nwYFHSKBLu9e8Jnj9PKHmh4ub41JDthWCUqG5urAmYQfpDJhb6Q2RpQCu4neAl"
"978","Rosa Linda","2026-02-09T19:17:00.000Z","anaku 5bln bru dpt 1 gatau mau lanjut dpt 2 dan 3 atau gak soalnya kasian nangis trs, trs jga katanya klo lengkap imunisasi jg ada yg pahanya benjolan harus op jd tkut aku bun","","0","0","0","-1","https://web.facebook.com/dwi.faiz.31337/posts/pfbid02Sve8ZZgY9gLB2TKHQQqddwKaS8fftrgfERV7PWNrH6HxF2RTqVvMop9a9Wuniiqrl"
"979","Ri Quest To","2026-02-09T11:29:00.000Z","min spil komposisi dan kandungan dalam cairan vaksin dong biar kita pengguna paham bhaya tida bahan vaksin buat tbh trutama hati dan ginjal di masa mendatang","","0","0","0","-1","https://web.facebook.com/dwi.faiz.31337/posts/pfbid02Sve8ZZgY9gLB2TKHQQqddwKaS8fftrgfERV7PWNrH6HxF2RTqVvMop9a9Wuniiqrl"
"980","Ayu Tari","2026-02-10T15:05:00.000Z","Udh mau 4bulan bayiku tapi aku dn paksu males ikutan biarkan imunnya membentuk antibodi ya sendiri paling tak kasi vitamin d aja karna musim hujan","","0","0","0","-1","https://web.facebook.com/dwi.faiz.31337/posts/pfbid02Sve8ZZgY9gLB2TKHQQqddwKaS8fftrgfERV7PWNrH6HxF2RTqVvMop9a9Wuniiqrl"
"981","Shity Putri Kalput","2026-02-10T12:10:00.000Z","Kenapa imunisasi sekarang harus paha kanan kiri  kan kasian","","0","0","0","-1","https://web.facebook.com/dwi.faiz.31337/posts/pfbid02Sve8ZZgY9gLB2TKHQQqddwKaS8fftrgfERV7PWNrH6HxF2RTqVvMop9a9Wuniiqrl"
"982","Ana Yoga Karfiana","2026-02-11T01:29:00.000Z","Kalau vaksin itu mencegah, kenapa juatru efek sampingnya cepet banget ?? Jaman sekarang bahkan masih anak” sudah banyak yg ginjalnya kena, harus cuci darah dllnya. Kenapa ginjalnya rusak ?? 1. Dari bayi yg seharuanya imunnya cukup dari ASI sudah di masukin bahan kimia 2. Tubuh bayi merespon dengan panas, akirnya di kasih lagi sirup pereda panas yg bahannya juga bahan kimia. Tubuh semungil itu, harus terus”an di kasih bahan kimia gimana ngga ketagihan ??? Lalu gimana jantungnya akan baik” saja kalau terus”an di kasih obat”an ??? Bayi itu bukannya yg dibutuhkan cuma 1 ya ASI saja udah cukup.","","0","0","0","-1","https://web.facebook.com/dwi.faiz.31337/posts/pfbid02Sve8ZZgY9gLB2TKHQQqddwKaS8fftrgfERV7PWNrH6HxF2RTqVvMop9a9Wuniiqrl"
"983","Putri Havnianto","2026-02-09T19:07:00.000Z","Demi apapun aku trauma anak aku imunisasi bukannya aku egois ya anak aku abis imunisasi malam nya panas tinggi dan kejang""","","0","0","0","-1","https://web.facebook.com/dwi.faiz.31337/posts/pfbid02Sve8ZZgY9gLB2TKHQQqddwKaS8fftrgfERV7PWNrH6HxF2RTqVvMop9a9Wuniiqrl"
"984","Nela Purwanti","2026-02-09T18:56:00.000Z","Anakq badanny hangat teruz & napas grok grok apa bisa imunisasi?","","0","0","0","-1","https://web.facebook.com/dwi.faiz.31337/posts/pfbid02Sve8ZZgY9gLB2TKHQQqddwKaS8fftrgfERV7PWNrH6HxF2RTqVvMop9a9Wuniiqrl"
"985","Milanda Hasya","2026-02-09T12:48:00.000Z","Anakku telat suntiknya udh usia 6 bulan bru dpt DPT 2","","0","0","0","-1","https://web.facebook.com/dwi.faiz.31337/posts/pfbid02Sve8ZZgY9gLB2TKHQQqddwKaS8fftrgfERV7PWNrH6HxF2RTqVvMop9a9Wuniiqrl"
"986","Mute Yr","2026-02-11T15:08:00.000Z","Kalau gak mau suntik kanan kiri, minta bidan untuk dipisah waktunya  biar gak suntik bareng bareng.","","0","0","0","-1","https://web.facebook.com/dwi.faiz.31337/posts/pfbid02Sve8ZZgY9gLB2TKHQQqddwKaS8fftrgfERV7PWNrH6HxF2RTqVvMop9a9Wuniiqrl"
"987","Sanggar Alang Babega Prabumulih","2026-02-09T12:52:00.000Z","bayiku demam sampe 40,1°.timbul alergi di muka,nangis2 terus,mata liat ke atas terus,dan bila konsul,cuma di bilang,kompres terus bu,kasih parasetamol.asli panik bukan main.serasa mau gila 2 malam jagain bayi demam tinggi dn g turun2.","","0","0","0","-1","https://web.facebook.com/dwi.faiz.31337/posts/pfbid02Sve8ZZgY9gLB2TKHQQqddwKaS8fftrgfERV7PWNrH6HxF2RTqVvMop9a9Wuniiqrl"
"988","Kusmini Mini","2026-01-16T08:19:00.000Z","Hahaaa pinter nda","","0","0","0","-1","https://web.facebook.com/narty.nayan.2025/posts/pfbid022LFMBkjEZ8w9Jf4fg6F7iWyq4gGF98p1nTpNMKNGPFKhHoJM8cruAipmg5esHuWEl"
"989","Farina Sugeng","2026-01-15T14:39:00.000Z","Wkwkkwkwkk…..biar kebal dr di campakkan","","0","0","0","-1","https://web.facebook.com/narty.nayan.2025/posts/pfbid022LFMBkjEZ8w9Jf4fg6F7iWyq4gGF98p1nTpNMKNGPFKhHoJM8cruAipmg5esHuWEl"
"990","Desy Koleangan","2026-01-15T14:02:00.000Z","Dicampakkan...ada yg ngebela...","","0","0","0","-1","https://web.facebook.com/narty.nayan.2025/posts/pfbid022LFMBkjEZ8w9Jf4fg6F7iWyq4gGF98p1nTpNMKNGPFKhHoJM8cruAipmg5esHuWEl"
"991","Catharina Tri Setyo Lestari","2026-01-15T15:10:00.000Z","Siap bunda","","0","0","0","-1","https://web.facebook.com/narty.nayan.2025/posts/pfbid022LFMBkjEZ8w9Jf4fg6F7iWyq4gGF98p1nTpNMKNGPFKhHoJM8cruAipmg5esHuWEl"
"992","Aghata Tintin","2026-01-15T14:08:00.000Z","Siapp","","0","0","0","-1","https://web.facebook.com/narty.nayan.2025/posts/pfbid022LFMBkjEZ8w9Jf4fg6F7iWyq4gGF98p1nTpNMKNGPFKhHoJM8cruAipmg5esHuWEl"
"993","Freya Sakura","2026-01-16T00:57:00.000Z","wkwk  bisa aj oma","","0","0","0","-1","https://web.facebook.com/narty.nayan.2025/posts/pfbid022LFMBkjEZ8w9Jf4fg6F7iWyq4gGF98p1nTpNMKNGPFKhHoJM8cruAipmg5esHuWEl"
"994","Cansee Tangkilisan","2026-01-15T13:58:00.000Z","Terima kasih infonya","","0","0","0","-1","https://web.facebook.com/narty.nayan.2025/posts/pfbid022LFMBkjEZ8w9Jf4fg6F7iWyq4gGF98p1nTpNMKNGPFKhHoJM8cruAipmg5esHuWEl"
"995","Kusmini Mini","2026-01-15T17:19:00.000Z","Hahaaa pinter nda","","0","0","0","-1","https://web.facebook.com/narty.nayan.2025/posts/pfbid022LFMBkjEZ8w9Jf4fg6F7iWyq4gGF98p1nTpNMKNGPFKhHoJM8cruAipmg5esHuWEl"
"996","Farina Sugeng","2026-01-14T23:39:00.000Z","Wkwkkwkwkk…..biar kebal dr di campakkan","","0","0","0","-1","https://web.facebook.com/narty.nayan.2025/posts/pfbid022LFMBkjEZ8w9Jf4fg6F7iWyq4gGF98p1nTpNMKNGPFKhHoJM8cruAipmg5esHuWEl"
"997","Desy Koleangan","2026-01-14T23:02:00.000Z","Dicampakkan...ada yg ngebela...","","0","0","0","-1","https://web.facebook.com/narty.nayan.2025/posts/pfbid022LFMBkjEZ8w9Jf4fg6F7iWyq4gGF98p1nTpNMKNGPFKhHoJM8cruAipmg5esHuWEl"
"998","Catharina Tri Setyo Lestari","2026-01-15T00:10:00.000Z","Siap bunda","","0","0","0","-1","https://web.facebook.com/narty.nayan.2025/posts/pfbid022LFMBkjEZ8w9Jf4fg6F7iWyq4gGF98p1nTpNMKNGPFKhHoJM8cruAipmg5esHuWEl"
"999","Aghata Tintin","2026-01-14T23:08:00.000Z","Siapp","","0","0","0","-1","https://web.facebook.com/narty.nayan.2025/posts/pfbid022LFMBkjEZ8w9Jf4fg6F7iWyq4gGF98p1nTpNMKNGPFKhHoJM8cruAipmg5esHuWEl"
"1000","Freya Sakura","2026-01-15T09:57:00.000Z","wkwk  bisa aj oma","","0","0","0","-1","https://web.facebook.com/narty.nayan.2025/posts/pfbid022LFMBkjEZ8w9Jf4fg6F7iWyq4gGF98p1nTpNMKNGPFKhHoJM8cruAipmg5esHuWEl"
"1001","Cansee Tangkilisan","2026-01-14T22:58:00.000Z","Terima kasih infonya","","0","0","0","-1","https://web.facebook.com/narty.nayan.2025/posts/pfbid022LFMBkjEZ8w9Jf4fg6F7iWyq4gGF98p1nTpNMKNGPFKhHoJM8cruAipmg5esHuWEl"
"1002","Sarie","2026-05-08T03:01:00.000Z","Walaikumsalam kak say","","0","0","0","-1","https://web.facebook.com/vita.wiffa/posts/pfbid02MykDw9zbKck6dQp8Cn1poVZZ4Cgs7TDgqDLteRWawx6A4fStXF9dKN5hXSntfZdSl"
"1003","Vina","2026-05-08T03:52:00.000Z","Waalaikumsalam","","0","0","0","-1","https://web.facebook.com/vita.wiffa/posts/pfbid02MykDw9zbKck6dQp8Cn1poVZZ4Cgs7TDgqDLteRWawx6A4fStXF9dKN5hXSntfZdSl"
"1004","Sarie","2026-05-07T13:01:00.000Z","Walaikumsalam kak say","","0","0","0","-1","https://web.facebook.com/vita.wiffa/posts/pfbid02MykDw9zbKck6dQp8Cn1poVZZ4Cgs7TDgqDLteRWawx6A4fStXF9dKN5hXSntfZdSl"
"1005","Vina","2026-05-07T13:52:00.000Z","Waalaikumsalam","","0","0","0","-1","https://web.facebook.com/vita.wiffa/posts/pfbid02MykDw9zbKck6dQp8Cn1poVZZ4Cgs7TDgqDLteRWawx6A4fStXF9dKN5hXSntfZdSl"
"1006","Devi Arya Hafiz","2025-10-23T09:18:00.000Z","Wakakkak bener mas Wahyu Saefudin ..saya malah minta surat dari kepsek SD dulu tempat anak saya sekolah..jadinya ga perlu imunisasi lagi","","0","0","0","-1","https://web.facebook.com/wahyusaefudiin/posts/pfbid0j1qqXpRzLjXeqjPGQ65FUu2Ka1jFEQj4dnzBoofa2CRG4ehrTh9zWwvF7AiiPoRil"
"1007","Devi Arya Hafiz","2025-10-22T19:18:00.000Z","Wakakkak bener mas Wahyu Saefudin ..saya malah minta surat dari kepsek SD dulu tempat anak saya sekolah..jadinya ga perlu imunisasi lagi","","0","0","0","-1","https://web.facebook.com/wahyusaefudiin/posts/pfbid0j1qqXpRzLjXeqjPGQ65FUu2Ka1jFEQj4dnzBoofa2CRG4ehrTh9zWwvF7AiiPoRil"
"1008","Khairani Az Zahra Situmeang","2026-01-15T08:25:00.000Z","Hadir,,saya sebagai orang tua yg anti vaksin,,isnya Allah dan alhamdulillah slama ini saya usahakan realfood utk anak saya,,dan tdk prnah sekalipun ngasi makanan upf,dan munuman kemasan,alhmdulillah pernah demam krn tumgi saja...anak tetangga di vaksin,tpi tak ada pantangana makanan san jajanan,setiap bulan wajib ke puskes krn flu,batuk,pilek demam dan segala macam nya diakibatkan makanan dan jajajan sembarangan...","","0","0","0","-1","https://web.facebook.com/kaka.aria.7/posts/pfbid02kSWjQnE7qxhFNWHVGxGRY4LPNgaNTPoRzpLDTRBzcC26AChsJrvJ8yMdS8LAL6QMl"
"1009","Cece Cetia Rafania","2026-01-15T06:32:00.000Z","Bun anakku saat usia 4bulan imunisasi dpt 2. Panas 39.7 diare muntah bekas suntikan bengkak keras kebiruan. Sampai masuk rs.","","0","0","0","-1","https://web.facebook.com/kaka.aria.7/posts/pfbid02kSWjQnE7qxhFNWHVGxGRY4LPNgaNTPoRzpLDTRBzcC26AChsJrvJ8yMdS8LAL6QMl"
"1010","Zay Saja","2026-01-15T05:04:00.000Z","Jangan lama2 tololnya para bunda.","","0","0","0","-1","https://web.facebook.com/kaka.aria.7/posts/pfbid02kSWjQnE7qxhFNWHVGxGRY4LPNgaNTPoRzpLDTRBzcC26AChsJrvJ8yMdS8LAL6QMl"
"1011","Abi Umi","2026-01-15T11:15:00.000Z","Jaman covid aja wajib kalau ga vaksin ancam ini dan itu yg ga mau dan ga punya sertifikat,,lalu mau ga mau ya beli aja surat vaksin nya,jadi aman kan,,kalau bayi ya contreng aja sendiri atau ga beli ke DSA yg ga usah suntik tapi buku KIA diisi..kalau berani ya bikin pernyataan aja menolak","","0","0","0","-1","https://web.facebook.com/kaka.aria.7/posts/pfbid02kSWjQnE7qxhFNWHVGxGRY4LPNgaNTPoRzpLDTRBzcC26AChsJrvJ8yMdS8LAL6QMl"
"1012","Nur Rochmah","2026-01-15T05:42:00.000Z","dsini untuk yg ngk mau vaksin ada surat edaran yg dberikan dr pihak posyandu bun, tp ttp seolahny dwajibkn untuk vaksin","","0","0","0","-1","https://web.facebook.com/kaka.aria.7/posts/pfbid02kSWjQnE7qxhFNWHVGxGRY4LPNgaNTPoRzpLDTRBzcC26AChsJrvJ8yMdS8LAL6QMl"
"1013","Feana Feana","2026-01-16T03:15:00.000Z","Mau vKsin apa gak. GK usah maksa maksa lah. Vaksin kok maksa. Emang kl ada apa apa. Sm anak. Pihak sana mau disalahkan.","","0","0","0","-1","https://web.facebook.com/kaka.aria.7/posts/pfbid02kSWjQnE7qxhFNWHVGxGRY4LPNgaNTPoRzpLDTRBzcC26AChsJrvJ8yMdS8LAL6QMl"
"1014","Abi Umi","2026-01-15T11:16:00.000Z","Mau haji umroh kan vaksin meningitis dan polio yg ga mau ya beli aja ga usah suntik","","0","0","0","-1","https://web.facebook.com/kaka.aria.7/posts/pfbid02kSWjQnE7qxhFNWHVGxGRY4LPNgaNTPoRzpLDTRBzcC26AChsJrvJ8yMdS8LAL6QMl"
"1015","Ri Quest To","2026-01-15T10:16:00.000Z","terus bagaimana dngn vaksinasi alami?","","0","0","0","-1","https://web.facebook.com/kaka.aria.7/posts/pfbid02kSWjQnE7qxhFNWHVGxGRY4LPNgaNTPoRzpLDTRBzcC26AChsJrvJ8yMdS8LAL6QMl"
"1016","Winnie Lestari","2026-01-15T08:28:00.000Z","Bun bukan nya kemarin lubang nya ada di paha atas ya? Kok itu ada di pah bawah? . Kasian sekali dedek","","0","0","0","-1","https://web.facebook.com/kaka.aria.7/posts/pfbid02kSWjQnE7qxhFNWHVGxGRY4LPNgaNTPoRzpLDTRBzcC26AChsJrvJ8yMdS8LAL6QMl"
"1017","Yhu Ni","2026-01-17T04:38:00.000Z","Anakku di vaksin kemaren pagi, dan pulang posyandu langsung panas dan bekas suntik  memerah serta bengkak,sampai hari ini jga belum sembuh² rewel² terus si dedek,badannya sampai turun","","0","0","0","-1","https://web.facebook.com/kaka.aria.7/posts/pfbid02kSWjQnE7qxhFNWHVGxGRY4LPNgaNTPoRzpLDTRBzcC26AChsJrvJ8yMdS8LAL6QMl"
"1018","Khairani Az Zahra Situmeang","2026-01-14T17:25:00.000Z","Hadir,,saya sebagai orang tua yg anti vaksin,,isnya Allah dan alhamdulillah slama ini saya usahakan realfood utk anak saya,,dan tdk prnah sekalipun ngasi makanan upf,dan munuman kemasan,alhmdulillah pernah demam krn tumgi saja...anak tetangga di vaksin,tpi tak ada pantangana makanan san jajanan,setiap bulan wajib ke puskes krn flu,batuk,pilek demam dan segala macam nya diakibatkan makanan dan jajajan sembarangan...","","0","0","0","-1","https://web.facebook.com/kaka.aria.7/posts/pfbid02kSWjQnE7qxhFNWHVGxGRY4LPNgaNTPoRzpLDTRBzcC26AChsJrvJ8yMdS8LAL6QMl"
"1019","Cece Cetia Rafania","2026-01-14T15:32:00.000Z","Bun anakku saat usia 4bulan imunisasi dpt 2. Panas 39.7 diare muntah bekas suntikan bengkak keras kebiruan. Sampai masuk rs.","","0","0","0","-1","https://web.facebook.com/kaka.aria.7/posts/pfbid02kSWjQnE7qxhFNWHVGxGRY4LPNgaNTPoRzpLDTRBzcC26AChsJrvJ8yMdS8LAL6QMl"
"1020","Zay Saja","2026-01-14T14:04:00.000Z","Jangan lama2 tololnya para bunda.","","0","0","0","-1","https://web.facebook.com/kaka.aria.7/posts/pfbid02kSWjQnE7qxhFNWHVGxGRY4LPNgaNTPoRzpLDTRBzcC26AChsJrvJ8yMdS8LAL6QMl"
"1021","Abi Umi","2026-01-14T20:15:00.000Z","Jaman covid aja wajib kalau ga vaksin ancam ini dan itu yg ga mau dan ga punya sertifikat,,lalu mau ga mau ya beli aja surat vaksin nya,jadi aman kan,,kalau bayi ya contreng aja sendiri atau ga beli ke DSA yg ga usah suntik tapi buku KIA diisi..kalau berani ya bikin pernyataan aja menolak","","0","0","0","-1","https://web.facebook.com/kaka.aria.7/posts/pfbid02kSWjQnE7qxhFNWHVGxGRY4LPNgaNTPoRzpLDTRBzcC26AChsJrvJ8yMdS8LAL6QMl"
"1022","Nur Rochmah","2026-01-14T14:42:00.000Z","dsini untuk yg ngk mau vaksin ada surat edaran yg dberikan dr pihak posyandu bun, tp ttp seolahny dwajibkn untuk vaksin","","0","0","0","-1","https://web.facebook.com/kaka.aria.7/posts/pfbid02kSWjQnE7qxhFNWHVGxGRY4LPNgaNTPoRzpLDTRBzcC26AChsJrvJ8yMdS8LAL6QMl"
"1023","unknown","2026-07-13T02:32:00.000Z","@pengikut","","0","0","0","-1","https://web.facebook.com/intan.m.lestari.169/posts/pfbid0315x2s8ZAhksFcAJPXSRwSYoDwHiL55A2Af5G7oRUZybfG1C8MyGhc1QTc5sFjPSxl"
"1024","unknown","2026-07-13T02:32:00.000Z","#publik","","0","0","0","-1","https://web.facebook.com/intan.m.lestari.169/posts/pfbid0315x2s8ZAhksFcAJPXSRwSYoDwHiL55A2Af5G7oRUZybfG1C8MyGhc1QTc5sFjPSxl"
"1025","unknown","2026-07-13T02:32:00.000Z","Wa'alaikumussalam warahmatullahi wabarakatuh, MasyaAllah semoga sehat selalu yaa si dedek bunn, Allah lindungi dari penyakit dan hal yg mudharat, aamiin bismillah","","0","0","0","-1","https://web.facebook.com/intan.m.lestari.169/posts/pfbid0315x2s8ZAhksFcAJPXSRwSYoDwHiL55A2Af5G7oRUZybfG1C8MyGhc1QTc5sFjPSxl"
"1026","unknown","2026-07-13T11:22:00.000Z","Wa'alaikumussalam warahmatullahi wabarakatuh, MasyaAllah semoga sehat selalu yaa si dedek bunn, Allah lindungi dari penyakit dan hal yg mudharat, aamiin bismillah","","0","0","0","-1","https://web.facebook.com/intan.m.lestari.169/posts/pfbid0315x2s8ZAhksFcAJPXSRwSYoDwHiL55A2Af5G7oRUZybfG1C8MyGhc1QTc5sFjPSxl"
"1027","unknown","2026-07-13T05:33:00.000Z","Waalaikumsalam semoga selalu sehat adek","","0","0","0","-1","https://web.facebook.com/intan.m.lestari.169/posts/pfbid0315x2s8ZAhksFcAJPXSRwSYoDwHiL55A2Af5G7oRUZybfG1C8MyGhc1QTc5sFjPSxl"
"1028","unknown","2026-07-13T02:42:00.000Z","Wa'alaikumsalam, semoga sehat selalu adek","","0","0","0","-1","https://web.facebook.com/intan.m.lestari.169/posts/pfbid0315x2s8ZAhksFcAJPXSRwSYoDwHiL55A2Af5G7oRUZybfG1C8MyGhc1QTc5sFjPSxl"
"1029","unknown","2026-07-13T04:48:00.000Z","Waalaikumsalam","","0","0","0","-1","https://web.facebook.com/intan.m.lestari.169/posts/pfbid0315x2s8ZAhksFcAJPXSRwSYoDwHiL55A2Af5G7oRUZybfG1C8MyGhc1QTc5sFjPSxl"
"1030","unknown","2026-07-13T02:37:00.000Z","Waalaikumsalam dek","","0","0","0","-1","https://web.facebook.com/intan.m.lestari.169/posts/pfbid0315x2s8ZAhksFcAJPXSRwSYoDwHiL55A2Af5G7oRUZybfG1C8MyGhc1QTc5sFjPSxl"
"1031","unknown","2026-07-13T02:32:00.000Z","Wa'alaikumussalam warahmatullahi wabarakatuh, MasyaAllah semoga sehat selalu yaa si dedek bunn, Allah lindungi dari penyakit dan hal yg mudharat, aamiin bismillah","","0","0","0","-1","https://web.facebook.com/intan.m.lestari.169/posts/pfbid0315x2s8ZAhksFcAJPXSRwSYoDwHiL55A2Af5G7oRUZybfG1C8MyGhc1QTc5sFjPSxl"
"1032","unknown","2026-07-13T02:32:00.000Z","Walaikumsalam bosskuuhh","","0","0","0","-1","https://web.facebook.com/intan.m.lestari.169/posts/pfbid0315x2s8ZAhksFcAJPXSRwSYoDwHiL55A2Af5G7oRUZybfG1C8MyGhc1QTc5sFjPSxl"
"1033","unknown","2026-07-12T12:32:00.000Z","@pengikut","","0","0","0","-1","https://web.facebook.com/intan.m.lestari.169/posts/pfbid0315x2s8ZAhksFcAJPXSRwSYoDwHiL55A2Af5G7oRUZybfG1C8MyGhc1QTc5sFjPSxl"
"1034","unknown","2026-07-12T12:32:00.000Z","#publik","","0","0","0","-1","https://web.facebook.com/intan.m.lestari.169/posts/pfbid0315x2s8ZAhksFcAJPXSRwSYoDwHiL55A2Af5G7oRUZybfG1C8MyGhc1QTc5sFjPSxl"
"1035","unknown","2026-07-12T12:32:00.000Z","Wa'alaikumussalam warahmatullahi wabarakatuh, MasyaAllah semoga sehat selalu yaa si dedek bunn, Allah lindungi dari penyakit dan hal yg mudharat, aamiin bismillah","","0","0","0","-1","https://web.facebook.com/intan.m.lestari.169/posts/pfbid0315x2s8ZAhksFcAJPXSRwSYoDwHiL55A2Af5G7oRUZybfG1C8MyGhc1QTc5sFjPSxl"
"1036","unknown","2026-07-12T21:22:00.000Z","Wa'alaikumussalam warahmatullahi wabarakatuh, MasyaAllah semoga sehat selalu yaa si dedek bunn, Allah lindungi dari penyakit dan hal yg mudharat, aamiin bismillah","","0","0","0","-1","https://web.facebook.com/intan.m.lestari.169/posts/pfbid0315x2s8ZAhksFcAJPXSRwSYoDwHiL55A2Af5G7oRUZybfG1C8MyGhc1QTc5sFjPSxl"
"1037","unknown","2026-07-12T15:33:00.000Z","Waalaikumsalam semoga selalu sehat adek","","0","0","0","-1","https://web.facebook.com/intan.m.lestari.169/posts/pfbid0315x2s8ZAhksFcAJPXSRwSYoDwHiL55A2Af5G7oRUZybfG1C8MyGhc1QTc5sFjPSxl"
"1038","unknown","2026-07-05T02:53:00.000Z","Tokopedia atau tiktok (Purnama Batik Store)  https://www.facebook.com/purnama.sumitomo/subscribenow?surface=pinned_comments","","0","0","0","-1","https://web.facebook.com/purnama.sumitomo/posts/pfbid02yzpsbzKS754GnWTp93JuBZuSjPt6GiT3rvo4CQ2GyN1a9x46LRQMsoFrWcZfd6yUl"
"1039","unknown","2026-07-05T06:56:00.000Z","kk anak kedua kykny mau campak 1x aja, soalnya anak kk pertama suntik campaknya 2x","","0","0","0","-1","https://web.facebook.com/purnama.sumitomo/posts/pfbid02yzpsbzKS754GnWTp93JuBZuSjPt6GiT3rvo4CQ2GyN1a9x46LRQMsoFrWcZfd6yUl"
"1040","unknown","2026-07-05T06:36:00.000Z","Btul sekali ibu Purnama Jayanti","","0","0","0","-1","https://web.facebook.com/purnama.sumitomo/posts/pfbid02yzpsbzKS754GnWTp93JuBZuSjPt6GiT3rvo4CQ2GyN1a9x46LRQMsoFrWcZfd6yUl"
"1041","unknown","2026-07-04T12:53:00.000Z","Tokopedia atau tiktok (Purnama Batik Store)  https://www.facebook.com/purnama.sumitomo/subscribenow?surface=pinned_comments","","0","0","0","-1","https://web.facebook.com/purnama.sumitomo/posts/pfbid02yzpsbzKS754GnWTp93JuBZuSjPt6GiT3rvo4CQ2GyN1a9x46LRQMsoFrWcZfd6yUl"
"1042","unknown","2026-07-04T16:56:00.000Z","kk anak kedua kykny mau campak 1x aja, soalnya anak kk pertama suntik campaknya 2x","","0","0","0","-1","https://web.facebook.com/purnama.sumitomo/posts/pfbid02yzpsbzKS754GnWTp93JuBZuSjPt6GiT3rvo4CQ2GyN1a9x46LRQMsoFrWcZfd6yUl"
"1043","unknown","2026-07-04T16:36:00.000Z","Btul sekali ibu Purnama Jayanti","","0","0","0","-1","https://web.facebook.com/purnama.sumitomo/posts/pfbid02yzpsbzKS754GnWTp93JuBZuSjPt6GiT3rvo4CQ2GyN1a9x46LRQMsoFrWcZfd6yUl"
"1044","unknown","2026-07-05T21:33:00.000Z","Alhamdulillah imunisasi anakku dah beres semua, wlpn yg terakhir kemarin ada drama yg bikin panik. Entah yg DPT ulang / campak ulang ankku mutah2 trs sampe pucat dan lemes, padahal pas suntik badan sehat. Langsung di bawa ke puskesmas buat penanganan. Alhamdulillah gak sampe di opname, aku kasih Asi langsung pulih.","","0","0","0","-1","https://web.facebook.com/ieka.chipychipy/posts/pfbid0JMjfhtBFLa4pm4GPqfHQS6b78HfYmJqJW2Rgsg4nkgnWNajDRz2TnLPo1Chka7E4l"
"1045","unknown","2026-07-06T16:49:00.000Z","Anakku di lengan kiri Bun waktu imunisasi campak , bulan depan Bru kanan kiri d paha , imun tubuh anak beda"" Bun , anakku allhamdullillah pertama Suntik imunisasi ga ada rewel banget , nangis ya ngias biasa , ngasih minum obat pereda nyerinya juga harus teratur jdi anak ga terlalu rewel juga , .kalo anak rewel udah imunisasi itu juga biasa soalnya kan rasa sakit dri suntikan kita juga kalo d suntik KB pasti ngerasa linu","","0","0","0","-1","https://web.facebook.com/ieka.chipychipy/posts/pfbid0JMjfhtBFLa4pm4GPqfHQS6b78HfYmJqJW2Rgsg4nkgnWNajDRz2TnLPo1Chka7E4l"
"1046","unknown","2026-07-06T16:11:00.000Z","Anak ku 5. Imunisasi campur2. Ada yg di dsa, di bidan, puskesmas, bahkan posyandu..  Selalu suntik 2. Biar sekalian hemat waktu.  Obat sampe skr blom pernah kebuka. Selalu siap untuk jaga2 aja sih.  Alhamdulillah lolos dpt 1,2&3 demam cuma sehari. Semua tergantung ibu nya. Kalau hati ibunya berani dan ikhlas insyaAllah aman bun menurut saya. Kalo setengah hati mending gausah sekalian. Foto ini diambil setelah suntik. Anaknya aman tetep main sama kakanya. Sehat2 selalu ya bunda dede nya..","","0","0","0","-1","https://web.facebook.com/ieka.chipychipy/posts/pfbid0JMjfhtBFLa4pm4GPqfHQS6b78HfYmJqJW2Rgsg4nkgnWNajDRz2TnLPo1Chka7E4l"
"1047","unknown","2026-07-06T01:18:00.000Z","Anakku bulan kemarin campak dan ipv langsung bun, tapi di paha kanan kiri. Sempet worry kok gak di lengan, liat di postingan orang lain kok dilengan semua. Cuma setelah aku cari info trnyata boleh dipaha karna beberapa alasan, mungkin karna anak saya berontak kenceng pas mau disuntik tangannya gak mau diem drpd resiko akhirnya suntik nya di paha. Dan alhamdulillah gak ada demam dan gak rewel","","0","0","0","-1","https://web.facebook.com/ieka.chipychipy/posts/pfbid0JMjfhtBFLa4pm4GPqfHQS6b78HfYmJqJW2Rgsg4nkgnWNajDRz2TnLPo1Chka7E4l"
"1048","unknown","2026-07-06T11:12:00.000Z","Toddler ku dulu , satu aja Bun satu nya lagi di jadwalkan bulan depannya.","","0","0","0","-1","https://web.facebook.com/ieka.chipychipy/posts/pfbid0JMjfhtBFLa4pm4GPqfHQS6b78HfYmJqJW2Rgsg4nkgnWNajDRz2TnLPo1Chka7E4l"
"1049","unknown","2026-07-06T07:04:00.000Z","Kemarin ank ku tanggal 1 imunisasi campak tangan kiri saja ,satu kali suntik aja gak demam,kanan kiri itu namanya dpt","","0","0","0","-1","https://web.facebook.com/ieka.chipychipy/posts/pfbid0JMjfhtBFLa4pm4GPqfHQS6b78HfYmJqJW2Rgsg4nkgnWNajDRz2TnLPo1Chka7E4l"
"1050","unknown","2026-07-06T05:28:00.000Z","Anak saya langsung dua,paha kiri dan lengan kiri dan Alhamdulillah tida demam Sama sekali bun.bahkan masih aktif bergerak","","0","0","0","-1","https://web.facebook.com/ieka.chipychipy/posts/pfbid0JMjfhtBFLa4pm4GPqfHQS6b78HfYmJqJW2Rgsg4nkgnWNajDRz2TnLPo1Chka7E4l"
"1051","unknown","2026-07-06T02:40:00.000Z","Campak di suntik di lengan bu tidak ada efek  demam, IPV paha ibu ada sedikit efek demam tpi tdk separah saat DPT ada juga yg tdk demam tergantung imun anaknya tpi bisa kalau mau cicil suntikan nya bisa berjarak 1 mgg tergantung petugas mau atau tdk","","0","0","0","-1","https://web.facebook.com/ieka.chipychipy/posts/pfbid0JMjfhtBFLa4pm4GPqfHQS6b78HfYmJqJW2Rgsg4nkgnWNajDRz2TnLPo1Chka7E4l"
"1052","unknown","2026-07-06T07:04:00.000Z","Maaf mau nanya bun,itu campak yang umur berapa bulan disuntikin nya dipaha.pengalaman aku 2x imunisasi campak anak saya ditangan sebelah Kiri kalau gak salah soalnya anak ke 3 saya blm imunisasi campak udah wori duluan","","0","0","0","-1","https://web.facebook.com/ieka.chipychipy/posts/pfbid0JMjfhtBFLa4pm4GPqfHQS6b78HfYmJqJW2Rgsg4nkgnWNajDRz2TnLPo1Chka7E4l"
"1053","unknown","2026-07-06T06:40:00.000Z","anakku semua imunisasi suntik satu satu bund, aku emg gak mau klo suntik 2 sekaligus","","0","0","0","-1","https://web.facebook.com/ieka.chipychipy/posts/pfbid0JMjfhtBFLa4pm4GPqfHQS6b78HfYmJqJW2Rgsg4nkgnWNajDRz2TnLPo1Chka7E4l"
"1054","unknown","2026-07-05T07:33:00.000Z","Alhamdulillah imunisasi anakku dah beres semua, wlpn yg terakhir kemarin ada drama yg bikin panik. Entah yg DPT ulang / campak ulang ankku mutah2 trs sampe pucat dan lemes, padahal pas suntik badan sehat. Langsung di bawa ke puskesmas buat penanganan. Alhamdulillah gak sampe di opname, aku kasih Asi langsung pulih.","","0","0","0","-1","https://web.facebook.com/ieka.chipychipy/posts/pfbid0JMjfhtBFLa4pm4GPqfHQS6b78HfYmJqJW2Rgsg4nkgnWNajDRz2TnLPo1Chka7E4l"
"1055","unknown","2026-07-06T02:49:00.000Z","Anakku di lengan kiri Bun waktu imunisasi campak , bulan depan Bru kanan kiri d paha , imun tubuh anak beda"" Bun , anakku allhamdullillah pertama Suntik imunisasi ga ada rewel banget , nangis ya ngias biasa , ngasih minum obat pereda nyerinya juga harus teratur jdi anak ga terlalu rewel juga , .kalo anak rewel udah imunisasi itu juga biasa soalnya kan rasa sakit dri suntikan kita juga kalo d suntik KB pasti ngerasa linu","","0","0","0","-1","https://web.facebook.com/ieka.chipychipy/posts/pfbid0JMjfhtBFLa4pm4GPqfHQS6b78HfYmJqJW2Rgsg4nkgnWNajDRz2TnLPo1Chka7E4l"
"1056","unknown","2026-07-06T02:11:00.000Z","Anak ku 5. Imunisasi campur2. Ada yg di dsa, di bidan, puskesmas, bahkan posyandu..  Selalu suntik 2. Biar sekalian hemat waktu.  Obat sampe skr blom pernah kebuka. Selalu siap untuk jaga2 aja sih.  Alhamdulillah lolos dpt 1,2&3 demam cuma sehari. Semua tergantung ibu nya. Kalau hati ibunya berani dan ikhlas insyaAllah aman bun menurut saya. Kalo setengah hati mending gausah sekalian. Foto ini diambil setelah suntik. Anaknya aman tetep main sama kakanya. Sehat2 selalu ya bunda dede nya..","","0","0","0","-1","https://web.facebook.com/ieka.chipychipy/posts/pfbid0JMjfhtBFLa4pm4GPqfHQS6b78HfYmJqJW2Rgsg4nkgnWNajDRz2TnLPo1Chka7E4l"
"1057","unknown","2026-07-05T11:18:00.000Z","Anakku bulan kemarin campak dan ipv langsung bun, tapi di paha kanan kiri. Sempet worry kok gak di lengan, liat di postingan orang lain kok dilengan semua. Cuma setelah aku cari info trnyata boleh dipaha karna beberapa alasan, mungkin karna anak saya berontak kenceng pas mau disuntik tangannya gak mau diem drpd resiko akhirnya suntik nya di paha. Dan alhamdulillah gak ada demam dan gak rewel","","0","0","0","-1","https://web.facebook.com/ieka.chipychipy/posts/pfbid0JMjfhtBFLa4pm4GPqfHQS6b78HfYmJqJW2Rgsg4nkgnWNajDRz2TnLPo1Chka7E4l"
"1058","unknown","2026-07-05T21:12:00.000Z","Toddler ku dulu , satu aja Bun satu nya lagi di jadwalkan bulan depannya.","","0","0","0","-1","https://web.facebook.com/ieka.chipychipy/posts/pfbid0JMjfhtBFLa4pm4GPqfHQS6b78HfYmJqJW2Rgsg4nkgnWNajDRz2TnLPo1Chka7E4l"
"1059","Intan Wulandari E S","2026-02-02T05:00:00.000Z","Anakku kemarin juga campak+ polio suntik Bun, cuma anget bentar doang","","0","0","0","-1","https://web.facebook.com/rina.paristi.5/posts/pfbid02d8T5ypbEz3EToSQrw54NbUfZM5chcSwgKt7bfYegFhwrwmgZXmSYGUxEKNREorvDl"
"1060","Shafira LestRi","2026-04-19T23:31:00.000Z","Bun imunisasi campak itu ada ngga di sini yg di usia 11 bulan baru di imunisasi campak","","0","0","0","-1","https://web.facebook.com/rina.paristi.5/posts/pfbid02d8T5ypbEz3EToSQrw54NbUfZM5chcSwgKt7bfYegFhwrwmgZXmSYGUxEKNREorvDl"
"1061","Dian Pamungkas Kusumawardhani","2026-02-05T02:14:00.000Z","Iya bund. Kemarin anakku bareng karena ditawari sama pihak bidan puskesmas. Dan aku pilih bareng sekalian. Karena alhamdulillah waktu dpt rota dan teman²nya 4 vaksin sekaligus anakku responnya hanya demam 1 malam saja tidak rewel dll. Dan alhamdulillah waktu vaksin campak kemarin tidak demam atau rewel sama sekali.","","0","0","0","-1","https://web.facebook.com/rina.paristi.5/posts/pfbid02d8T5ypbEz3EToSQrw54NbUfZM5chcSwgKt7bfYegFhwrwmgZXmSYGUxEKNREorvDl"
"1062","Pipit Muslimatin","2026-02-02T23:11:00.000Z","Bun izin bertanya, itu sekali posyandu suntik 2 paha kanan kiri ? Dan imunisasi tetes nya 2 jenis?","","0","0","0","-1","https://web.facebook.com/rina.paristi.5/posts/pfbid02d8T5ypbEz3EToSQrw54NbUfZM5chcSwgKt7bfYegFhwrwmgZXmSYGUxEKNREorvDl"
"1063","Marant Jojo","2026-02-02T04:31:00.000Z","klo anakku 1 1 bund, polio suntik dulu, bulan depannya campak","","0","0","0","-1","https://web.facebook.com/rina.paristi.5/posts/pfbid02d8T5ypbEz3EToSQrw54NbUfZM5chcSwgKt7bfYegFhwrwmgZXmSYGUxEKNREorvDl"
"1064","Terea Sembada","2026-02-02T08:40:00.000Z","Minggu kmrn anakku bareng bun, campak d suntik tangan, IPV suntik d paha","","0","0","0","-1","https://web.facebook.com/rina.paristi.5/posts/pfbid02d8T5ypbEz3EToSQrw54NbUfZM5chcSwgKt7bfYegFhwrwmgZXmSYGUxEKNREorvDl"
"1065","Rara Tiara","2026-02-06T07:11:00.000Z","izin tanya imunisasi yg ke 3 bukan ada demam ga kaka","","0","0","0","-1","https://web.facebook.com/rina.paristi.5/posts/pfbid02d8T5ypbEz3EToSQrw54NbUfZM5chcSwgKt7bfYegFhwrwmgZXmSYGUxEKNREorvDl"
"1066","Nesu Suryati","2026-02-02T22:58:00.000Z","Anak aku di suntik ya pas lahir aja Bun pas mau imunisasi 1 bulan malah bapil jadi blm imunisasi sampai sekarang mau 3 bulan ... bissmillah aja Bun minta doa ya Bun  biar anak aku cepat sembuh bapil ua biar bisa  imunisasi","","0","0","0","-1","https://web.facebook.com/rina.paristi.5/posts/pfbid02d8T5ypbEz3EToSQrw54NbUfZM5chcSwgKt7bfYegFhwrwmgZXmSYGUxEKNREorvDl"
"1067","Tumbell X Ancok","2026-02-05T01:40:00.000Z","Bareng bunda kalau itu nanti mulai ngak barengan itu dari JE itu ngak bareng satu satu dan nanti bareng lagi di imunisasi Yang PL sama lanjutan habis itu udah selesai","","0","0","0","-1","https://web.facebook.com/rina.paristi.5/posts/pfbid02d8T5ypbEz3EToSQrw54NbUfZM5chcSwgKt7bfYegFhwrwmgZXmSYGUxEKNREorvDl"
"1068","Al Fieyani Chamcai","2026-02-05T10:09:00.000Z","Benar Bun langsung 2 anakku td jg habis suntik ipv + campak","","0","0","0","-1","https://web.facebook.com/rina.paristi.5/posts/pfbid02d8T5ypbEz3EToSQrw54NbUfZM5chcSwgKt7bfYegFhwrwmgZXmSYGUxEKNREorvDl"
"1069","Intan Wulandari E S","2026-02-01T14:00:00.000Z","Anakku kemarin juga campak+ polio suntik Bun, cuma anget bentar doang","","0","0","0","-1","https://web.facebook.com/rina.paristi.5/posts/pfbid02d8T5ypbEz3EToSQrw54NbUfZM5chcSwgKt7bfYegFhwrwmgZXmSYGUxEKNREorvDl"
"1070","Shafira LestRi","2026-04-19T09:31:00.000Z","Bun imunisasi campak itu ada ngga di sini yg di usia 11 bulan baru di imunisasi campak","","0","0","0","-1","https://web.facebook.com/rina.paristi.5/posts/pfbid02d8T5ypbEz3EToSQrw54NbUfZM5chcSwgKt7bfYegFhwrwmgZXmSYGUxEKNREorvDl"
"1071","Dian Pamungkas Kusumawardhani","2026-02-04T11:14:00.000Z","Iya bund. Kemarin anakku bareng karena ditawari sama pihak bidan puskesmas. Dan aku pilih bareng sekalian. Karena alhamdulillah waktu dpt rota dan teman²nya 4 vaksin sekaligus anakku responnya hanya demam 1 malam saja tidak rewel dll. Dan alhamdulillah waktu vaksin campak kemarin tidak demam atau rewel sama sekali.","","0","0","0","-1","https://web.facebook.com/rina.paristi.5/posts/pfbid02d8T5ypbEz3EToSQrw54NbUfZM5chcSwgKt7bfYegFhwrwmgZXmSYGUxEKNREorvDl"
"1072","Pipit Muslimatin","2026-02-02T08:11:00.000Z","Bun izin bertanya, itu sekali posyandu suntik 2 paha kanan kiri ? Dan imunisasi tetes nya 2 jenis?","","0","0","0","-1","https://web.facebook.com/rina.paristi.5/posts/pfbid02d8T5ypbEz3EToSQrw54NbUfZM5chcSwgKt7bfYegFhwrwmgZXmSYGUxEKNREorvDl"
"1073","Marant Jojo","2026-02-01T13:31:00.000Z","klo anakku 1 1 bund, polio suntik dulu, bulan depannya campak","","0","0","0","-1","https://web.facebook.com/rina.paristi.5/posts/pfbid02d8T5ypbEz3EToSQrw54NbUfZM5chcSwgKt7bfYegFhwrwmgZXmSYGUxEKNREorvDl"
"1074","Lisna Safira","2026-05-01T01:21:00.000Z","Semangattt ngejarr dennis","","0","0","0","-1","https://web.facebook.com/NengDiyana25/posts/pfbid0cYNt1p1imL7ZTLwXJ4vbqYBCejykFkaYLzLpcKdneqwfku1eAoAX3MoMzi9Y1mwwl"
"1075","Indah Putri","2026-05-01T02:23:00.000Z","Sehat sellu dek","","0","0","0","-1","https://web.facebook.com/NengDiyana25/posts/pfbid0cYNt1p1imL7ZTLwXJ4vbqYBCejykFkaYLzLpcKdneqwfku1eAoAX3MoMzi9Y1mwwl"
"1076","Ibunya Galang Kafa Rabbani","2026-05-01T04:23:00.000Z","Semangat.....!","","0","0","0","-1","https://web.facebook.com/NengDiyana25/posts/pfbid0cYNt1p1imL7ZTLwXJ4vbqYBCejykFkaYLzLpcKdneqwfku1eAoAX3MoMzi9Y1mwwl"
"1077","Rama Obara","2026-05-01T05:04:00.000Z","Sehat selalu","","0","0","0","-1","https://web.facebook.com/NengDiyana25/posts/pfbid0cYNt1p1imL7ZTLwXJ4vbqYBCejykFkaYLzLpcKdneqwfku1eAoAX3MoMzi9Y1mwwl"
"1078","Lisna Safira","2026-04-30T11:21:00.000Z","Semangattt ngejarr dennis","","0","0","0","-1","https://web.facebook.com/NengDiyana25/posts/pfbid0cYNt1p1imL7ZTLwXJ4vbqYBCejykFkaYLzLpcKdneqwfku1eAoAX3MoMzi9Y1mwwl"
"1079","Indah Putri","2026-04-30T12:23:00.000Z","Sehat sellu dek","","0","0","0","-1","https://web.facebook.com/NengDiyana25/posts/pfbid0cYNt1p1imL7ZTLwXJ4vbqYBCejykFkaYLzLpcKdneqwfku1eAoAX3MoMzi9Y1mwwl"
"1080","Ibunya Galang Kafa Rabbani","2026-04-30T14:23:00.000Z","Semangat.....!","","0","0","0","-1","https://web.facebook.com/NengDiyana25/posts/pfbid0cYNt1p1imL7ZTLwXJ4vbqYBCejykFkaYLzLpcKdneqwfku1eAoAX3MoMzi9Y1mwwl"
"1081","Rama Obara","2026-04-30T15:04:00.000Z","Sehat selalu","","0","0","0","-1","https://web.facebook.com/NengDiyana25/posts/pfbid0cYNt1p1imL7ZTLwXJ4vbqYBCejykFkaYLzLpcKdneqwfku1eAoAX3MoMzi9Y1mwwl"
"1082","unknown","2026-07-05T07:43:00.000Z","Campak dan polio aman Bun anakku usia 9 bulan campak polio aman ko,tapi balik lagi kepada ketahanan tubuh si kecil","","0","0","0","-1","https://web.facebook.com/groups/sharingseputarbayi/posts/1373846268146868/"
"1083","unknown","2026-07-04T16:10:00.000Z","Selagi pas imunisasi anaknya sehat dan vit aman aja gak ada efek gimana gimana. Yg penting habis vaksin kompres biar gak bengkak","","0","0","0","-1","https://web.facebook.com/groups/sharingseputarbayi/posts/1373846268146868/"
"1084","unknown","2026-07-05T04:57:00.000Z","Gak ada efeknya Bun","","0","0","0","-1","https://web.facebook.com/groups/sharingseputarbayi/posts/1373846268146868/"
"1085","unknown","2026-07-05T00:48:00.000Z","Memang reaksi anak terhadap imunisasi beda-beda Bun, ada juga yg gak demam tapi klo anakku demam Bun langsung kita kasih aja minum Paracetamol aman deh","","0","0","0","-1","https://web.facebook.com/groups/sharingseputarbayi/posts/1373846268146868/"
"1086","unknown","2026-07-04T16:49:00.000Z","Insya Allah campak GK demam Bun anak ku juga bulan ini mau campak","","0","0","0","-1","https://web.facebook.com/groups/sharingseputarbayi/posts/1373846268146868/"
"1087","unknown","2026-07-04T22:05:00.000Z","Sama Bun anak sya akhir bulan ini jadwal campak juga","","0","0","0","-1","https://web.facebook.com/groups/sharingseputarbayi/posts/1373846268146868/"
"1088","unknown","2026-07-05T01:33:00.000Z","Sama bun anakku juga bulan ini mau imunisasi campak, sama malah mama nya yang deg2 an","","0","0","0","-1","https://web.facebook.com/groups/sharingseputarbayi/posts/1373846268146868/"
"1089","unknown","2026-07-05T03:50:00.000Z","Campak tidak menakutkan ko bun dianakku biasa aja gk bikin demam malah gk kaya dpt","","0","0","0","-1","https://web.facebook.com/groups/sharingseputarbayi/posts/1373846268146868/"
"1090","unknown","2026-07-05T01:43:00.000Z","Alhamdulillah aman bun","","0","0","0","-1","https://web.facebook.com/groups/sharingseputarbayi/posts/1373846268146868/"
"1091","unknown","2026-07-04T18:17:00.000Z","Demam pasti iyah persiapankan ajah,reaksi obatnya ada langsung demam ada juga yang harus nunggu baru muncul demam!","","0","0","0","-1","https://web.facebook.com/groups/sharingseputarbayi/posts/1373846268146868/"
"1092","unknown","2026-07-04T17:43:00.000Z","Campak dan polio aman Bun anakku usia 9 bulan campak polio aman ko,tapi balik lagi kepada ketahanan tubuh si kecil","","0","0","0","-1","https://web.facebook.com/groups/sharingseputarbayi/posts/1373846268146868/"
"1093","unknown","2026-07-04T02:10:00.000Z","Selagi pas imunisasi anaknya sehat dan vit aman aja gak ada efek gimana gimana. Yg penting habis vaksin kompres biar gak bengkak","","0","0","0","-1","https://web.facebook.com/groups/sharingseputarbayi/posts/1373846268146868/"
"1094","unknown","2026-07-04T14:57:00.000Z","Gak ada efeknya Bun","","0","0","0","-1","https://web.facebook.com/groups/sharingseputarbayi/posts/1373846268146868/"
"1095","unknown","2026-07-04T10:48:00.000Z","Memang reaksi anak terhadap imunisasi beda-beda Bun, ada juga yg gak demam tapi klo anakku demam Bun langsung kita kasih aja minum Paracetamol aman deh","","0","0","0","-1","https://web.facebook.com/groups/sharingseputarbayi/posts/1373846268146868/"
"1096","unknown","2026-07-04T02:49:00.000Z","Insya Allah campak GK demam Bun anak ku juga bulan ini mau campak","","0","0","0","-1","https://web.facebook.com/groups/sharingseputarbayi/posts/1373846268146868/"
"1097","July Shanshan","2026-05-08T08:04:00.000Z","Pada bulan Januari, vaksinasi untuk campak sudah disebutkan dalam program lima hari untuk posyandu cadres, jadi mereka tidak pergi","","0","0","0","-1","https://web.facebook.com/non.xiu/posts/pfbid02WibA6W5Y3Z85kXuBmbasRka9qKYEdSwS7aq4BEmydaaUbExrAFeBPbheZR6CvXuSl"
"1098","Pujiatun","2026-05-08T03:52:00.000Z","Anakku sudah terluka mental akibat vaksinasi, ibu. Kemarin adalah vaksinasi terakhir, dan kemudian timbangan diukur, dan dia takut akan vaksinasi lagi.","","0","0","0","-1","https://web.facebook.com/non.xiu/posts/pfbid02WibA6W5Y3Z85kXuBmbasRka9qKYEdSwS7aq4BEmydaaUbExrAFeBPbheZR6CvXuSl"
"1099","Nana Ayank","2026-05-08T02:58:00.000Z","Aq juga iya mba,sudah lengkap sampe semalem di WA grup suruh dateng lagi atau tanda tangan pernyataan tidak mau diberi imunisasi","","0","0","0","-1","https://web.facebook.com/non.xiu/posts/pfbid02WibA6W5Y3Z85kXuBmbasRka9qKYEdSwS7aq4BEmydaaUbExrAFeBPbheZR6CvXuSl"
"1100","Irma Sarlam","2026-05-08T02:27:00.000Z","Tadi alhamdulilah udah di imunisasi","","0","0","0","-1","https://web.facebook.com/non.xiu/posts/pfbid02WibA6W5Y3Z85kXuBmbasRka9qKYEdSwS7aq4BEmydaaUbExrAFeBPbheZR6CvXuSl"
"1101","Siti Rokhana Mugiarjo","2026-05-08T04:24:00.000Z","Ara alhamdulillah ws kabeh tmpa drama DPT 1 tok mien jan masyaAllah bgt","","0","0","0","-1","https://web.facebook.com/non.xiu/posts/pfbid02WibA6W5Y3Z85kXuBmbasRka9qKYEdSwS7aq4BEmydaaUbExrAFeBPbheZR6CvXuSl"
"1102","Murya Ningsih","2026-05-08T02:34:00.000Z","Meng sampang ya bun","","0","0","0","-1","https://web.facebook.com/non.xiu/posts/pfbid02WibA6W5Y3Z85kXuBmbasRka9qKYEdSwS7aq4BEmydaaUbExrAFeBPbheZR6CvXuSl"
"1103","Mas Bungah","2026-05-09T01:00:00.000Z","Amin untuk ini, amin.","","0","0","0","-1","https://web.facebook.com/non.xiu/posts/pfbid02WibA6W5Y3Z85kXuBmbasRka9qKYEdSwS7aq4BEmydaaUbExrAFeBPbheZR6CvXuSl"
"1104","Mawar Merindu","2026-05-08T06:29:00.000Z","Amin","","0","0","0","-1","https://web.facebook.com/non.xiu/posts/pfbid02WibA6W5Y3Z85kXuBmbasRka9qKYEdSwS7aq4BEmydaaUbExrAFeBPbheZR6CvXuSl"
"1105","Anjar Wati","2026-05-08T08:23:00.000Z","Amin untuk ini, amin.","","0","0","0","-1","https://web.facebook.com/non.xiu/posts/pfbid02WibA6W5Y3Z85kXuBmbasRka9qKYEdSwS7aq4BEmydaaUbExrAFeBPbheZR6CvXuSl"
"1106","July Shanshan","2026-05-07T18:04:00.000Z","Pada bulan Januari, vaksinasi untuk campak sudah disebutkan dalam program lima hari untuk posyandu cadres, jadi mereka tidak pergi","","0","0","0","-1","https://web.facebook.com/non.xiu/posts/pfbid02WibA6W5Y3Z85kXuBmbasRka9qKYEdSwS7aq4BEmydaaUbExrAFeBPbheZR6CvXuSl"
"1107","Pujiatun","2026-05-07T13:52:00.000Z","Anakku sudah terluka mental akibat vaksinasi, ibu. Kemarin adalah vaksinasi terakhir, dan kemudian timbangan diukur, dan dia takut akan vaksinasi lagi.","","0","0","0","-1","https://web.facebook.com/non.xiu/posts/pfbid02WibA6W5Y3Z85kXuBmbasRka9qKYEdSwS7aq4BEmydaaUbExrAFeBPbheZR6CvXuSl"
"1108","Nana Ayank","2026-05-07T12:58:00.000Z","Aq juga iya mba,sudah lengkap sampe semalem di WA grup suruh dateng lagi atau tanda tangan pernyataan tidak mau diberi imunisasi","","0","0","0","-1","https://web.facebook.com/non.xiu/posts/pfbid02WibA6W5Y3Z85kXuBmbasRka9qKYEdSwS7aq4BEmydaaUbExrAFeBPbheZR6CvXuSl"
"1109","Irma Sarlam","2026-05-07T12:27:00.000Z","Tadi alhamdulilah udah di imunisasi","","0","0","0","-1","https://web.facebook.com/non.xiu/posts/pfbid02WibA6W5Y3Z85kXuBmbasRka9qKYEdSwS7aq4BEmydaaUbExrAFeBPbheZR6CvXuSl"
"1110","Siti Rokhana Mugiarjo","2026-05-07T14:24:00.000Z","Ara alhamdulillah ws kabeh tmpa drama DPT 1 tok mien jan masyaAllah bgt","","0","0","0","-1","https://web.facebook.com/non.xiu/posts/pfbid02WibA6W5Y3Z85kXuBmbasRka9qKYEdSwS7aq4BEmydaaUbExrAFeBPbheZR6CvXuSl"
"1111","Murya Ningsih","2026-05-07T12:34:00.000Z","Meng sampang ya bun","","0","0","0","-1","https://web.facebook.com/non.xiu/posts/pfbid02WibA6W5Y3Z85kXuBmbasRka9qKYEdSwS7aq4BEmydaaUbExrAFeBPbheZR6CvXuSl"
"1112","Rinna Salsabila","2026-06-29T12:12:00.000Z","Kalo campak gak demam","","0","0","0","-1","https://web.facebook.com/ieka.chipychipy/posts/pfbid0XacJKnHaWdeLk7QSeZxeqdtxjEBsNcqsKUyDQciyjkKenGy1WnVmCcoqRSARN5Acl"
"1113","Fitri Aura","2026-06-29T12:21:00.000Z","Nk mas yoga kae Demam bun","","0","0","0","-1","https://web.facebook.com/ieka.chipychipy/posts/pfbid0XacJKnHaWdeLk7QSeZxeqdtxjEBsNcqsKUyDQciyjkKenGy1WnVmCcoqRSARN5Acl"
"1114","Bunda Fatih","2026-06-29T12:24:00.000Z","Pengalaman anaku demam bun,tergantung kekebalan tubuhnya  anak masing masing","","0","0","0","-1","https://web.facebook.com/ieka.chipychipy/posts/pfbid0XacJKnHaWdeLk7QSeZxeqdtxjEBsNcqsKUyDQciyjkKenGy1WnVmCcoqRSARN5Acl"
"1115","Liina Fitriyani","2026-06-29T19:35:00.000Z","Kalau campak gak demam Bun tapi kalau kena lanjutan rewel dan demam","","0","0","0","-1","https://web.facebook.com/ieka.chipychipy/posts/pfbid0XacJKnHaWdeLk7QSeZxeqdtxjEBsNcqsKUyDQciyjkKenGy1WnVmCcoqRSARN5Acl"
"1116","Riski Tabingke","2026-06-29T12:38:00.000Z","Klu campak tdk demam bund,,yg bwt demam cma sntikan DPT","","0","0","0","-1","https://web.facebook.com/ieka.chipychipy/posts/pfbid0XacJKnHaWdeLk7QSeZxeqdtxjEBsNcqsKUyDQciyjkKenGy1WnVmCcoqRSARN5Acl"
"1117","Gitri Siamsuri","2026-06-29T12:03:00.000Z","Aku lupa bun..padahal udah 5 x ngurus baby imunisasi. Tp asli lupa..aku cuma inget DPT pasti panas","","0","0","0","-1","https://web.facebook.com/ieka.chipychipy/posts/pfbid0XacJKnHaWdeLk7QSeZxeqdtxjEBsNcqsKUyDQciyjkKenGy1WnVmCcoqRSARN5Acl"
"1118","Tri Indah Mauidhoh","2026-06-29T12:13:00.000Z","Campak ngak demam Bun, yg demam itu dpt seingatku","","0","0","0","-1","https://web.facebook.com/ieka.chipychipy/posts/pfbid0XacJKnHaWdeLk7QSeZxeqdtxjEBsNcqsKUyDQciyjkKenGy1WnVmCcoqRSARN5Acl"
"1119","Rida Rizkyamanda","2026-06-29T14:58:00.000Z","Ank ku gak bun","","0","0","0","-1","https://web.facebook.com/ieka.chipychipy/posts/pfbid0XacJKnHaWdeLk7QSeZxeqdtxjEBsNcqsKUyDQciyjkKenGy1WnVmCcoqRSARN5Acl"
"1120","Amah Oktiyana","2026-06-29T13:51:00.000Z","Kalo anak saya gak di imunisasi campak Bun karna takut","","0","0","0","-1","https://web.facebook.com/ieka.chipychipy/posts/pfbid0XacJKnHaWdeLk7QSeZxeqdtxjEBsNcqsKUyDQciyjkKenGy1WnVmCcoqRSARN5Acl"
"1121","Mely Na Faiz","2026-06-29T23:41:00.000Z","Campak biasa ny GK Demam bund","","0","0","0","-1","https://web.facebook.com/ieka.chipychipy/posts/pfbid0XacJKnHaWdeLk7QSeZxeqdtxjEBsNcqsKUyDQciyjkKenGy1WnVmCcoqRSARN5Acl"
"1122","Rinna Salsabila","2026-06-28T22:12:00.000Z","Kalo campak gak demam","","0","0","0","-1","https://web.facebook.com/ieka.chipychipy/posts/pfbid0XacJKnHaWdeLk7QSeZxeqdtxjEBsNcqsKUyDQciyjkKenGy1WnVmCcoqRSARN5Acl"
"1123","Fitri Aura","2026-06-28T22:21:00.000Z","Nk mas yoga kae Demam bun","","0","0","0","-1","https://web.facebook.com/ieka.chipychipy/posts/pfbid0XacJKnHaWdeLk7QSeZxeqdtxjEBsNcqsKUyDQciyjkKenGy1WnVmCcoqRSARN5Acl"
"1124","Bunda Fatih","2026-06-28T22:24:00.000Z","Pengalaman anaku demam bun,tergantung kekebalan tubuhnya  anak masing masing","","0","0","0","-1","https://web.facebook.com/ieka.chipychipy/posts/pfbid0XacJKnHaWdeLk7QSeZxeqdtxjEBsNcqsKUyDQciyjkKenGy1WnVmCcoqRSARN5Acl"
"1125","Liina Fitriyani","2026-06-29T05:35:00.000Z","Kalau campak gak demam Bun tapi kalau kena lanjutan rewel dan demam","","0","0","0","-1","https://web.facebook.com/ieka.chipychipy/posts/pfbid0XacJKnHaWdeLk7QSeZxeqdtxjEBsNcqsKUyDQciyjkKenGy1WnVmCcoqRSARN5Acl"
"1126","Riski Tabingke","2026-06-28T22:38:00.000Z","Klu campak tdk demam bund,,yg bwt demam cma sntikan DPT","","0","0","0","-1","https://web.facebook.com/ieka.chipychipy/posts/pfbid0XacJKnHaWdeLk7QSeZxeqdtxjEBsNcqsKUyDQciyjkKenGy1WnVmCcoqRSARN5Acl"
"1127","Dina Priyanti","2026-07-12T03:57:00.000Z","Dag dig dug gx bund?kl aq kl anak mau imunisasi pasti deg2an bgt","","0","0","0","-1","https://web.facebook.com/ieka.chipychipy/posts/pfbid02wRs3TYrqowzQrVS3gVGcYJZmxWGVxhFmwyGZkfSLJ3s4jAFWRk2jvPqiZPuxz2Dql"
"1128","Lielie Antautau","2026-07-11T17:42:00.000Z","Sehat2 trs mas rayyan","","0","0","0","-1","https://web.facebook.com/ieka.chipychipy/posts/pfbid02wRs3TYrqowzQrVS3gVGcYJZmxWGVxhFmwyGZkfSLJ3s4jAFWRk2jvPqiZPuxz2Dql"
"1129","Natasya Siregar","2026-07-11T14:11:00.000Z","Sehat sehat nak. Semoga di lancarkan","","0","0","0","-1","https://web.facebook.com/ieka.chipychipy/posts/pfbid02wRs3TYrqowzQrVS3gVGcYJZmxWGVxhFmwyGZkfSLJ3s4jAFWRk2jvPqiZPuxz2Dql"
"1130","Soe Harti","2026-07-11T14:14:00.000Z","Sedih nya Bun KLO abis di imunisasi.. anak yg tadinya sehat jadi rewel.. Sudah 2 kali saya mengalaminya.. alhamdulillah anak sekarang udah gede","","0","0","0","-1","https://web.facebook.com/ieka.chipychipy/posts/pfbid02wRs3TYrqowzQrVS3gVGcYJZmxWGVxhFmwyGZkfSLJ3s4jAFWRk2jvPqiZPuxz2Dql"
"1131","Bunda Fatih","2026-07-11T19:23:00.000Z","Alhamdulillah anaku udah selesai kemaren, walaupun panas cuma 2hari plus rewel,tapi udah lega udah komplit imunisasi ya","","0","0","0","-1","https://web.facebook.com/ieka.chipychipy/posts/pfbid02wRs3TYrqowzQrVS3gVGcYJZmxWGVxhFmwyGZkfSLJ3s4jAFWRk2jvPqiZPuxz2Dql"
"1132","Buga Mawar","2026-07-13T16:12:00.000Z","Sedih nya Bun KLO abis di imunisasi.. anak yg tadinya sehat jadi rewel.. Sudah 2 kali saya mengalaminya.. alhamdulillah anak sekarang udah gede","","0","0","0","-1","https://web.facebook.com/ieka.chipychipy/posts/pfbid02wRs3TYrqowzQrVS3gVGcYJZmxWGVxhFmwyGZkfSLJ3s4jAFWRk2jvPqiZPuxz2Dql"
"1133","Dina Priyanti","2026-07-11T13:57:00.000Z","Dag dig dug gx bund?kl aq kl anak mau imunisasi pasti deg2an bgt","","0","0","0","-1","https://web.facebook.com/ieka.chipychipy/posts/pfbid02wRs3TYrqowzQrVS3gVGcYJZmxWGVxhFmwyGZkfSLJ3s4jAFWRk2jvPqiZPuxz2Dql"
"1134","Lielie Antautau","2026-07-11T03:42:00.000Z","Sehat2 trs mas rayyan","","0","0","0","-1","https://web.facebook.com/ieka.chipychipy/posts/pfbid02wRs3TYrqowzQrVS3gVGcYJZmxWGVxhFmwyGZkfSLJ3s4jAFWRk2jvPqiZPuxz2Dql"
"1135","Natasya Siregar","2026-07-11T00:11:00.000Z","Sehat sehat nak. Semoga di lancarkan","","0","0","0","-1","https://web.facebook.com/ieka.chipychipy/posts/pfbid02wRs3TYrqowzQrVS3gVGcYJZmxWGVxhFmwyGZkfSLJ3s4jAFWRk2jvPqiZPuxz2Dql"
"1136","Soe Harti","2026-07-11T00:14:00.000Z","Sedih nya Bun KLO abis di imunisasi.. anak yg tadinya sehat jadi rewel.. Sudah 2 kali saya mengalaminya.. alhamdulillah anak sekarang udah gede","","0","0","0","-1","https://web.facebook.com/ieka.chipychipy/posts/pfbid02wRs3TYrqowzQrVS3gVGcYJZmxWGVxhFmwyGZkfSLJ3s4jAFWRk2jvPqiZPuxz2Dql"
"1137","Bunda Fatih","2026-07-11T05:23:00.000Z","Alhamdulillah anaku udah selesai kemaren, walaupun panas cuma 2hari plus rewel,tapi udah lega udah komplit imunisasi ya","","0","0","0","-1","https://web.facebook.com/ieka.chipychipy/posts/pfbid02wRs3TYrqowzQrVS3gVGcYJZmxWGVxhFmwyGZkfSLJ3s4jAFWRk2jvPqiZPuxz2Dql"
"1138","Buga Mawar","2026-07-13T02:12:00.000Z","Sedih nya Bun KLO abis di imunisasi.. anak yg tadinya sehat jadi rewel.. Sudah 2 kali saya mengalaminya.. alhamdulillah anak sekarang udah gede","","0","0","0","-1","https://web.facebook.com/ieka.chipychipy/posts/pfbid02wRs3TYrqowzQrVS3gVGcYJZmxWGVxhFmwyGZkfSLJ3s4jAFWRk2jvPqiZPuxz2Dql"
"1139","Kikie Kekey","2026-06-26T01:09:00.000Z","Mari jalin silaturahmi dan trimakasih sudah mampir ke akun ku ya, mau berlangganan silakan klik https://www.facebook.com/kikie.kekey/subscribenow?surface=pinned_comments","","0","0","0","-1","https://web.facebook.com/kikie.kekey/posts/pfbid02XA9P7AKu85yhGtN1sukGY4n2AHNZ7h2taEDao4VPg3Xkv38VMieqqm8cQEZSMYwGl"
"1140","Misna Wati","2026-06-27T02:05:00.000Z","Semoga sehat selalu dedek ny","","0","0","0","-1","https://web.facebook.com/kikie.kekey/posts/pfbid02XA9P7AKu85yhGtN1sukGY4n2AHNZ7h2taEDao4VPg3Xkv38VMieqqm8cQEZSMYwGl"
"1141","Bundae Nenk Diva","2026-06-26T10:41:00.000Z","Sehat selalu bunda dan adek","","0","0","0","-1","https://web.facebook.com/kikie.kekey/posts/pfbid02XA9P7AKu85yhGtN1sukGY4n2AHNZ7h2taEDao4VPg3Xkv38VMieqqm8cQEZSMYwGl"
"1142","Maynie","2026-06-26T03:24:00.000Z","Sehat sehat selalu dedek","","0","0","0","-1","https://web.facebook.com/kikie.kekey/posts/pfbid02XA9P7AKu85yhGtN1sukGY4n2AHNZ7h2taEDao4VPg3Xkv38VMieqqm8cQEZSMYwGl"
"1143","Endang Purwage","2026-06-26T02:17:00.000Z","Pagi kak , sehat selalu dedek syg","","0","0","0","-1","https://web.facebook.com/kikie.kekey/posts/pfbid02XA9P7AKu85yhGtN1sukGY4n2AHNZ7h2taEDao4VPg3Xkv38VMieqqm8cQEZSMYwGl"
"1144","Amid'Tarmawan","2026-06-26T02:05:00.000Z","Pagi yang cerah bosku","","0","0","0","-1","https://web.facebook.com/kikie.kekey/posts/pfbid02XA9P7AKu85yhGtN1sukGY4n2AHNZ7h2taEDao4VPg3Xkv38VMieqqm8cQEZSMYwGl"
"1145","Joddy P","2026-06-26T01:09:00.000Z","Mari jalin silaturahmi dan trimakasih sudah mampir ke akun ku ya, mau berlangganan silakan klik https://www.facebook.com/kikie.kekey/subscribenow?surface=pinned_comments","","0","0","0","-1","https://web.facebook.com/kikie.kekey/posts/pfbid02XA9P7AKu85yhGtN1sukGY4n2AHNZ7h2taEDao4VPg3Xkv38VMieqqm8cQEZSMYwGl"
"1146","Riae LOph Angel","2026-06-26T01:18:00.000Z","Sehat selalu sayang","","0","0","0","-1","https://web.facebook.com/kikie.kekey/posts/pfbid02XA9P7AKu85yhGtN1sukGY4n2AHNZ7h2taEDao4VPg3Xkv38VMieqqm8cQEZSMYwGl"
"1147","Kikie Kekey","2026-06-25T11:09:00.000Z","Mari jalin silaturahmi dan trimakasih sudah mampir ke akun ku ya, mau berlangganan silakan klik https://www.facebook.com/kikie.kekey/subscribenow?surface=pinned_comments","","0","0","0","-1","https://web.facebook.com/kikie.kekey/posts/pfbid02XA9P7AKu85yhGtN1sukGY4n2AHNZ7h2taEDao4VPg3Xkv38VMieqqm8cQEZSMYwGl"
"1148","Misna Wati","2026-06-26T12:05:00.000Z","Semoga sehat selalu dedek ny","","0","0","0","-1","https://web.facebook.com/kikie.kekey/posts/pfbid02XA9P7AKu85yhGtN1sukGY4n2AHNZ7h2taEDao4VPg3Xkv38VMieqqm8cQEZSMYwGl"
"1149","Bundae Nenk Diva","2026-06-25T20:41:00.000Z","Sehat selalu bunda dan adek","","0","0","0","-1","https://web.facebook.com/kikie.kekey/posts/pfbid02XA9P7AKu85yhGtN1sukGY4n2AHNZ7h2taEDao4VPg3Xkv38VMieqqm8cQEZSMYwGl"
"1150","Maynie","2026-06-25T13:24:00.000Z","Sehat sehat selalu dedek","","0","0","0","-1","https://web.facebook.com/kikie.kekey/posts/pfbid02XA9P7AKu85yhGtN1sukGY4n2AHNZ7h2taEDao4VPg3Xkv38VMieqqm8cQEZSMYwGl"
"1151","Endang Purwage","2026-06-25T12:17:00.000Z","Pagi kak , sehat selalu dedek syg","","0","0","0","-1","https://web.facebook.com/kikie.kekey/posts/pfbid02XA9P7AKu85yhGtN1sukGY4n2AHNZ7h2taEDao4VPg3Xkv38VMieqqm8cQEZSMYwGl"
"1152","Amid'Tarmawan","2026-06-25T12:05:00.000Z","Pagi yang cerah bosku","","0","0","0","-1","https://web.facebook.com/kikie.kekey/posts/pfbid02XA9P7AKu85yhGtN1sukGY4n2AHNZ7h2taEDao4VPg3Xkv38VMieqqm8cQEZSMYwGl"
"1153","Joddy P","2026-06-25T11:09:00.000Z","Mari jalin silaturahmi dan trimakasih sudah mampir ke akun ku ya, mau berlangganan silakan klik https://www.facebook.com/kikie.kekey/subscribenow?surface=pinned_comments","","0","0","0","-1","https://web.facebook.com/kikie.kekey/posts/pfbid02XA9P7AKu85yhGtN1sukGY4n2AHNZ7h2taEDao4VPg3Xkv38VMieqqm8cQEZSMYwGl"
"1154","Azlan Dika Athaya","2026-06-04T03:55:00.000Z","Mari berdiskusi seputar pertumbuhan si kecil dari masa hamil, menyusui, dan MPASI  https://www.facebook.com/mastar95/subscribenow?surface=pinned_comments","","0","0","0","-1","https://web.facebook.com/mastar95/posts/pfbid0enEEAnPkbWZ8mcmxeG8nDmLxKvoNTwbY1DVE7tu4nKPhS6biP1HnJBwtmDiqsYBml"
"1155","Khoirun Nissa","2026-06-04T04:02:00.000Z","Semangat adek","","0","0","0","-1","https://web.facebook.com/mastar95/posts/pfbid0enEEAnPkbWZ8mcmxeG8nDmLxKvoNTwbY1DVE7tu4nKPhS6biP1HnJBwtmDiqsYBml"
"1156","Bunda Yusuf","2026-06-04T04:07:00.000Z","Alhamdulillah, sudah terlewati imunisasi nya ya dik, mudah mudahan gak rewel","","0","0","0","-1","https://web.facebook.com/mastar95/posts/pfbid0enEEAnPkbWZ8mcmxeG8nDmLxKvoNTwbY1DVE7tu4nKPhS6biP1HnJBwtmDiqsYBml"
"1157","Merna Sendariatin","2026-06-04T04:31:00.000Z","Pinternyaa ndak reweel","","0","0","0","-1","https://web.facebook.com/mastar95/posts/pfbid0enEEAnPkbWZ8mcmxeG8nDmLxKvoNTwbY1DVE7tu4nKPhS6biP1HnJBwtmDiqsYBml"
"1158","Kyla E Famney","2026-06-04T04:33:00.000Z","Bun mau tanya apakah bisa posyandu di mana aja..mksdnya di daerah lain gitu","","0","0","0","-1","https://web.facebook.com/mastar95/posts/pfbid0enEEAnPkbWZ8mcmxeG8nDmLxKvoNTwbY1DVE7tu4nKPhS6biP1HnJBwtmDiqsYBml"
"1159","Arcelio Octaviano","2026-06-04T04:55:00.000Z","Campak demam gak bun","","0","0","0","-1","https://web.facebook.com/mastar95/posts/pfbid0enEEAnPkbWZ8mcmxeG8nDmLxKvoNTwbY1DVE7tu4nKPhS6biP1HnJBwtmDiqsYBml"
"1160","Suri Maya Sari Nasution","2026-06-04T04:59:00.000Z","Alhamdulillah","","0","0","0","-1","https://web.facebook.com/mastar95/posts/pfbid0enEEAnPkbWZ8mcmxeG8nDmLxKvoNTwbY1DVE7tu4nKPhS6biP1HnJBwtmDiqsYBml"
"1161","Mamahnya Gibran","2026-06-04T05:03:00.000Z","Sehat** ya de ya..","","0","0","0","-1","https://web.facebook.com/mastar95/posts/pfbid0enEEAnPkbWZ8mcmxeG8nDmLxKvoNTwbY1DVE7tu4nKPhS6biP1HnJBwtmDiqsYBml"
"1162","Retno Dwi Wulandari","2026-06-04T05:10:00.000Z","Sehat sehat adek","","0","0","0","-1","https://web.facebook.com/mastar95/posts/pfbid0enEEAnPkbWZ8mcmxeG8nDmLxKvoNTwbY1DVE7tu4nKPhS6biP1HnJBwtmDiqsYBml"
"1163","Lia Firlliana","2026-06-04T05:39:00.000Z","Anteng y Bun,GK rwel?","","0","0","0","-1","https://web.facebook.com/mastar95/posts/pfbid0enEEAnPkbWZ8mcmxeG8nDmLxKvoNTwbY1DVE7tu4nKPhS6biP1HnJBwtmDiqsYBml"
"1164","Azlan Dika Athaya","2026-06-03T13:55:00.000Z","Mari berdiskusi seputar pertumbuhan si kecil dari masa hamil, menyusui, dan MPASI  https://www.facebook.com/mastar95/subscribenow?surface=pinned_comments","","0","0","0","-1","https://web.facebook.com/mastar95/posts/pfbid0enEEAnPkbWZ8mcmxeG8nDmLxKvoNTwbY1DVE7tu4nKPhS6biP1HnJBwtmDiqsYBml"
"1165","Khoirun Nissa","2026-06-03T14:02:00.000Z","Semangat adek","","0","0","0","-1","https://web.facebook.com/mastar95/posts/pfbid0enEEAnPkbWZ8mcmxeG8nDmLxKvoNTwbY1DVE7tu4nKPhS6biP1HnJBwtmDiqsYBml"
"1166","Bunda Yusuf","2026-06-03T14:07:00.000Z","Alhamdulillah, sudah terlewati imunisasi nya ya dik, mudah mudahan gak rewel","","0","0","0","-1","https://web.facebook.com/mastar95/posts/pfbid0enEEAnPkbWZ8mcmxeG8nDmLxKvoNTwbY1DVE7tu4nKPhS6biP1HnJBwtmDiqsYBml"
"1167","Merna Sendariatin","2026-06-03T14:31:00.000Z","Pinternyaa ndak reweel","","0","0","0","-1","https://web.facebook.com/mastar95/posts/pfbid0enEEAnPkbWZ8mcmxeG8nDmLxKvoNTwbY1DVE7tu4nKPhS6biP1HnJBwtmDiqsYBml"
"1168","Kyla E Famney","2026-06-03T14:33:00.000Z","Bun mau tanya apakah bisa posyandu di mana aja..mksdnya di daerah lain gitu","","0","0","0","-1","https://web.facebook.com/mastar95/posts/pfbid0enEEAnPkbWZ8mcmxeG8nDmLxKvoNTwbY1DVE7tu4nKPhS6biP1HnJBwtmDiqsYBml"
"1169","Erna Yusrianingsih","2026-06-10T01:44:00.000Z","Alhamdulillah sehat selalu ya dede","","0","0","0","-1","https://web.facebook.com/ifaaa2103/posts/pfbid02ScqfAXfGprvytLMJ1zE1osgznihkD8NuCUXYGvgPgdhugAKfc3iEGwBNg7dqWP1Fl"
"1170","Lufias Rawna Khan Sanie","2026-06-10T00:52:00.000Z","Rewel ga tuh si dde","","0","0","0","-1","https://web.facebook.com/ifaaa2103/posts/pfbid02ScqfAXfGprvytLMJ1zE1osgznihkD8NuCUXYGvgPgdhugAKfc3iEGwBNg7dqWP1Fl"
"1171","Mia S'amiatun","2026-06-10T01:06:00.000Z","Dua Bun","","0","0","0","-1","https://web.facebook.com/ifaaa2103/posts/pfbid02ScqfAXfGprvytLMJ1zE1osgznihkD8NuCUXYGvgPgdhugAKfc3iEGwBNg7dqWP1Fl"
"1172","Ningsih Abdul","2026-06-10T01:32:00.000Z","Alhamdulillah masaalloh sehat sllu dedek","","0","0","0","-1","https://web.facebook.com/ifaaa2103/posts/pfbid02ScqfAXfGprvytLMJ1zE1osgznihkD8NuCUXYGvgPgdhugAKfc3iEGwBNg7dqWP1Fl"
"1173","Jodoh Mu","2026-06-12T02:18:00.000Z","Adekkk pinter nya","","0","0","0","-1","https://web.facebook.com/ifaaa2103/posts/pfbid02ScqfAXfGprvytLMJ1zE1osgznihkD8NuCUXYGvgPgdhugAKfc3iEGwBNg7dqWP1Fl"
"1174","Erna Yusrianingsih","2026-06-09T11:44:00.000Z","Alhamdulillah sehat selalu ya dede","","0","0","0","-1","https://web.facebook.com/ifaaa2103/posts/pfbid02ScqfAXfGprvytLMJ1zE1osgznihkD8NuCUXYGvgPgdhugAKfc3iEGwBNg7dqWP1Fl"
"1175","Lufias Rawna Khan Sanie","2026-06-09T10:52:00.000Z","Rewel ga tuh si dde","","0","0","0","-1","https://web.facebook.com/ifaaa2103/posts/pfbid02ScqfAXfGprvytLMJ1zE1osgznihkD8NuCUXYGvgPgdhugAKfc3iEGwBNg7dqWP1Fl"
"1176","Mia S'amiatun","2026-06-09T11:06:00.000Z","Dua Bun","","0","0","0","-1","https://web.facebook.com/ifaaa2103/posts/pfbid02ScqfAXfGprvytLMJ1zE1osgznihkD8NuCUXYGvgPgdhugAKfc3iEGwBNg7dqWP1Fl"
"1177","Ningsih Abdul","2026-06-09T11:32:00.000Z","Alhamdulillah masaalloh sehat sllu dedek","","0","0","0","-1","https://web.facebook.com/ifaaa2103/posts/pfbid02ScqfAXfGprvytLMJ1zE1osgznihkD8NuCUXYGvgPgdhugAKfc3iEGwBNg7dqWP1Fl"
"1178","Jodoh Mu","2026-06-11T12:18:00.000Z","Adekkk pinter nya","","0","0","0","-1","https://web.facebook.com/ifaaa2103/posts/pfbid02ScqfAXfGprvytLMJ1zE1osgznihkD8NuCUXYGvgPgdhugAKfc3iEGwBNg7dqWP1Fl"
"1179","Nna Azmi","2026-07-11T08:00:00.000Z","Anaku lagi opname karna campak udah 2hari ini","","0","0","0","-1","https://web.facebook.com/safitri.lopheupholepheld/posts/pfbid0KKDQjbwf7RLhTKEMH1VV3dobnj6zEzCwu5kht5wq77S6dgE1A6bG25buej5R6BpHl"
"1180","unknown","2026-07-12T16:24:00.000Z","Sama campak doang takut","","0","0","0","-1","https://web.facebook.com/safitri.lopheupholepheld/posts/pfbid0KKDQjbwf7RLhTKEMH1VV3dobnj6zEzCwu5kht5wq77S6dgE1A6bG25buej5R6BpHl"
"1181","unknown","2026-07-12T15:50:00.000Z","#Salesvaksin","","0","0","0","-1","https://web.facebook.com/safitri.lopheupholepheld/posts/pfbid0KKDQjbwf7RLhTKEMH1VV3dobnj6zEzCwu5kht5wq77S6dgE1A6bG25buej5R6BpHl"
"1182","unknown","2026-07-12T15:52:00.000Z","Bao Chenx  Jefri Papahnya Aqiela","","0","0","0","-1","https://web.facebook.com/safitri.lopheupholepheld/posts/pfbid0KKDQjbwf7RLhTKEMH1VV3dobnj6zEzCwu5kht5wq77S6dgE1A6bG25buej5R6BpHl"
"1183","Nna Azmi","2026-07-10T18:00:00.000Z","Anaku lagi opname karna campak udah 2hari ini","","0","0","0","-1","https://web.facebook.com/safitri.lopheupholepheld/posts/pfbid0KKDQjbwf7RLhTKEMH1VV3dobnj6zEzCwu5kht5wq77S6dgE1A6bG25buej5R6BpHl"
"1184","unknown","2026-07-12T02:24:00.000Z","Sama campak doang takut","","0","0","0","-1","https://web.facebook.com/safitri.lopheupholepheld/posts/pfbid0KKDQjbwf7RLhTKEMH1VV3dobnj6zEzCwu5kht5wq77S6dgE1A6bG25buej5R6BpHl"
"1185","unknown","2026-07-12T01:50:00.000Z","#Salesvaksin","","0","0","0","-1","https://web.facebook.com/safitri.lopheupholepheld/posts/pfbid0KKDQjbwf7RLhTKEMH1VV3dobnj6zEzCwu5kht5wq77S6dgE1A6bG25buej5R6BpHl"
"1186","unknown","2026-07-12T01:52:00.000Z","Bao Chenx  Jefri Papahnya Aqiela","","0","0","0","-1","https://web.facebook.com/safitri.lopheupholepheld/posts/pfbid0KKDQjbwf7RLhTKEMH1VV3dobnj6zEzCwu5kht5wq77S6dgE1A6bG25buej5R6BpHl"
"1187","Wahida Agustina","2025-12-22T02:56:00.000Z","Ayo saling support biar sukses bersama  https://www.facebook.com/wahida.agustina.332/subscribenow?surface=pinned_comments","","0","0","0","-1","https://web.facebook.com/wahida.agustina.332/posts/pfbid02APZJmjbmCxzrvKBDECQpiatysUU3Re82eTf1tMEhJhSFkh5so8prZiS4FcyXdW2El"
"1188","Nathan Anwar","2025-12-22T03:38:00.000Z","Alhamdulillah sehat selalu y dek","","0","0","0","-1","https://web.facebook.com/wahida.agustina.332/posts/pfbid02APZJmjbmCxzrvKBDECQpiatysUU3Re82eTf1tMEhJhSFkh5so8prZiS4FcyXdW2El"
"1189","Ali Sulistiana","2025-12-22T12:56:00.000Z","Assalamualaikum","","0","0","0","-1","https://web.facebook.com/wahida.agustina.332/posts/pfbid02APZJmjbmCxzrvKBDECQpiatysUU3Re82eTf1tMEhJhSFkh5so8prZiS4FcyXdW2El"
"1190","Sudirman","2026-01-03T09:15:00.000Z","Salam sehat selalu","","0","0","0","-1","https://web.facebook.com/wahida.agustina.332/posts/pfbid02APZJmjbmCxzrvKBDECQpiatysUU3Re82eTf1tMEhJhSFkh5so8prZiS4FcyXdW2El"
"1191","Zaenal","2025-12-22T13:54:00.000Z","Selamat malam kK","","0","0","0","-1","https://web.facebook.com/wahida.agustina.332/posts/pfbid02APZJmjbmCxzrvKBDECQpiatysUU3Re82eTf1tMEhJhSFkh5so8prZiS4FcyXdW2El"
"1192","Wahida Agustina","2025-12-21T11:56:00.000Z","Ayo saling support biar sukses bersama  https://www.facebook.com/wahida.agustina.332/subscribenow?surface=pinned_comments","","0","0","0","-1","https://web.facebook.com/wahida.agustina.332/posts/pfbid02APZJmjbmCxzrvKBDECQpiatysUU3Re82eTf1tMEhJhSFkh5so8prZiS4FcyXdW2El"
"1193","Nathan Anwar","2025-12-21T12:38:00.000Z","Alhamdulillah sehat selalu y dek","","0","0","0","-1","https://web.facebook.com/wahida.agustina.332/posts/pfbid02APZJmjbmCxzrvKBDECQpiatysUU3Re82eTf1tMEhJhSFkh5so8prZiS4FcyXdW2El"
"1194","Ali Sulistiana","2025-12-21T21:56:00.000Z","Assalamualaikum","","0","0","0","-1","https://web.facebook.com/wahida.agustina.332/posts/pfbid02APZJmjbmCxzrvKBDECQpiatysUU3Re82eTf1tMEhJhSFkh5so8prZiS4FcyXdW2El"
"1195","Sudirman","2026-01-02T18:15:00.000Z","Salam sehat selalu","","0","0","0","-1","https://web.facebook.com/wahida.agustina.332/posts/pfbid02APZJmjbmCxzrvKBDECQpiatysUU3Re82eTf1tMEhJhSFkh5so8prZiS4FcyXdW2El"
"1196","Zaenal","2025-12-21T22:54:00.000Z","Selamat malam kK","","0","0","0","-1","https://web.facebook.com/wahida.agustina.332/posts/pfbid02APZJmjbmCxzrvKBDECQpiatysUU3Re82eTf1tMEhJhSFkh5so8prZiS4FcyXdW2El"
"1197","Meylina Cewex Jelekk","2026-07-14T06:26:00.000Z","Terimakasih yg sudah berlangganan ""Ayo saling dukung sesama kreator ya  Semangat terus buat kontennya! "" https://www.facebook.com/meylina.sweet/subscribenow?surface=pinned_comments","","0","0","0","-1","https://web.facebook.com/meylina.sweet/posts/pfbid0vReytkV8RMzxM4kxyok1uUft85xcLnjKnbKE2zEabqWdJq7qApz4Gcij2nJHZ5wYl"
"1198","Kiplie Juwan Alfarizki","2026-07-14T08:30:00.000Z","Melu kakak aj wess...","","0","0","0","-1","https://web.facebook.com/meylina.sweet/posts/pfbid0vReytkV8RMzxM4kxyok1uUft85xcLnjKnbKE2zEabqWdJq7qApz4Gcij2nJHZ5wYl"
"1199","Shelly Liu","2026-07-14T06:26:00.000Z","Terimakasih yg sudah berlangganan ""Ayo saling dukung sesama kreator ya  Semangat terus buat kontennya! "" https://www.facebook.com/meylina.sweet/subscribenow?surface=pinned_comments","","0","0","0","-1","https://web.facebook.com/meylina.sweet/posts/pfbid0vReytkV8RMzxM4kxyok1uUft85xcLnjKnbKE2zEabqWdJq7qApz4Gcij2nJHZ5wYl"
"1200","Kacong Kacong","2026-07-14T09:26:00.000Z","Alhamdulillah.swhat trus nak..smoga terhindari dari penyakit² setelah imunisasi","","0","0","0","-1","https://web.facebook.com/meylina.sweet/posts/pfbid0vReytkV8RMzxM4kxyok1uUft85xcLnjKnbKE2zEabqWdJq7qApz4Gcij2nJHZ5wYl"
"1201","Lina Na","2026-07-14T08:03:00.000Z","Sehat selalu dek","","0","0","0","-1","https://web.facebook.com/meylina.sweet/posts/pfbid0vReytkV8RMzxM4kxyok1uUft85xcLnjKnbKE2zEabqWdJq7qApz4Gcij2nJHZ5wYl"
"1202","Harun Gunawan","2026-07-14T09:46:00.000Z","Bobo yg cantik","","0","0","0","-1","https://web.facebook.com/meylina.sweet/posts/pfbid0vReytkV8RMzxM4kxyok1uUft85xcLnjKnbKE2zEabqWdJq7qApz4Gcij2nJHZ5wYl"
"1203","Mustopa Ibrahim","2026-07-14T14:14:00.000Z","Halo adik kecil yang lucu","","0","0","0","-1","https://web.facebook.com/meylina.sweet/posts/pfbid0vReytkV8RMzxM4kxyok1uUft85xcLnjKnbKE2zEabqWdJq7qApz4Gcij2nJHZ5wYl"
"1204","Milla TA","2026-07-14T06:49:00.000Z","gemesh nya, umur berapa bun","","0","0","0","-1","https://web.facebook.com/meylina.sweet/posts/pfbid0vReytkV8RMzxM4kxyok1uUft85xcLnjKnbKE2zEabqWdJq7qApz4Gcij2nJHZ5wYl"
"1205","Dex Niaa","2026-07-14T09:57:00.000Z","Bobok cantik","","0","0","0","-1","https://web.facebook.com/meylina.sweet/posts/pfbid0vReytkV8RMzxM4kxyok1uUft85xcLnjKnbKE2zEabqWdJq7qApz4Gcij2nJHZ5wYl"
"1206","Khoirul Lubab","2026-07-14T07:44:00.000Z","Alhamdulillah sehat” adek sayang","","0","0","0","-1","https://web.facebook.com/meylina.sweet/posts/pfbid0vReytkV8RMzxM4kxyok1uUft85xcLnjKnbKE2zEabqWdJq7qApz4Gcij2nJHZ5wYl"
"1207","Meylina Cewex Jelekk","2026-07-13T16:26:00.000Z","Terimakasih yg sudah berlangganan ""Ayo saling dukung sesama kreator ya  Semangat terus buat kontennya! "" https://www.facebook.com/meylina.sweet/subscribenow?surface=pinned_comments","","0","0","0","-1","https://web.facebook.com/meylina.sweet/posts/pfbid0vReytkV8RMzxM4kxyok1uUft85xcLnjKnbKE2zEabqWdJq7qApz4Gcij2nJHZ5wYl"
"1208","Kiplie Juwan Alfarizki","2026-07-13T18:30:00.000Z","Melu kakak aj wess...","","0","0","0","-1","https://web.facebook.com/meylina.sweet/posts/pfbid0vReytkV8RMzxM4kxyok1uUft85xcLnjKnbKE2zEabqWdJq7qApz4Gcij2nJHZ5wYl"
"1209","Shelly Liu","2026-07-13T16:26:00.000Z","Terimakasih yg sudah berlangganan ""Ayo saling dukung sesama kreator ya  Semangat terus buat kontennya! "" https://www.facebook.com/meylina.sweet/subscribenow?surface=pinned_comments","","0","0","0","-1","https://web.facebook.com/meylina.sweet/posts/pfbid0vReytkV8RMzxM4kxyok1uUft85xcLnjKnbKE2zEabqWdJq7qApz4Gcij2nJHZ5wYl"
"1210","Kacong Kacong","2026-07-13T19:26:00.000Z","Alhamdulillah.swhat trus nak..smoga terhindari dari penyakit² setelah imunisasi","","0","0","0","-1","https://web.facebook.com/meylina.sweet/posts/pfbid0vReytkV8RMzxM4kxyok1uUft85xcLnjKnbKE2zEabqWdJq7qApz4Gcij2nJHZ5wYl"
"1211","Lina Na","2026-07-13T18:03:00.000Z","Sehat selalu dek","","0","0","0","-1","https://web.facebook.com/meylina.sweet/posts/pfbid0vReytkV8RMzxM4kxyok1uUft85xcLnjKnbKE2zEabqWdJq7qApz4Gcij2nJHZ5wYl"
"1212","Cici","2026-05-06T21:50:00.000Z","Jangan anggap remeh campak atau belias","","0","0","0","-1","https://web.facebook.com/pkm.sungaimenang/posts/pfbid02WXfmFUFB3nqSsg8cnjJSNnuzLk6LcZTTKAyHWidBsJd61RJFbhJeBfcRnqUopfqpl"
"1213","Cici","2026-05-06T07:50:00.000Z","Jangan anggap remeh campak atau belias","","0","0","0","-1","https://web.facebook.com/pkm.sungaimenang/posts/pfbid02WXfmFUFB3nqSsg8cnjJSNnuzLk6LcZTTKAyHWidBsJd61RJFbhJeBfcRnqUopfqpl"
"1214","Ayu Mulyana","2026-05-01T03:10:00.000Z","mbakkkk, cepat sehat kembali yaaa , aku tidak tau samean , tapi dulu ak pengagum e samean mbak tiap di berandaku samean selalu muncul ,makeup riasnya , dan anaknya samean yg perempuan itu syuka fashion show sama make up juga cantik"" ibu dan anak nya Masya Allah , semoga segera diangkat penyakitnya ya mbak amin allahumma amin  salam kenal mbak","","0","0","0","-1","https://web.facebook.com/avianti.khartika/posts/pfbid0322mo2sS2kApRwTEa1ty8o2xpCAcu4gP9XVix2XjxHaL96SQbZriiTGmfjKSdWB1el"
"1215","Roshalimah","2026-05-01T04:12:00.000Z","Mbak abis gws ya. Sama mbak..rose juga begitu..ruam gatal2 ga sembuh2 dari bulan puasa..sp sekarang..ruam nya masih..","","0","0","0","-1","https://web.facebook.com/avianti.khartika/posts/pfbid0322mo2sS2kApRwTEa1ty8o2xpCAcu4gP9XVix2XjxHaL96SQbZriiTGmfjKSdWB1el"
"1216","Wiedhy Satria","2026-05-01T02:51:00.000Z","ayoo semangat sembuh mbak........fokus pikirinan untuk sembuh.....","","0","0","0","-1","https://web.facebook.com/avianti.khartika/posts/pfbid0322mo2sS2kApRwTEa1ty8o2xpCAcu4gP9XVix2XjxHaL96SQbZriiTGmfjKSdWB1el"
"1217","Ifa Nurlaila","2026-05-02T00:32:00.000Z","Moga Allah segera sembuhkan Aamiin, moga sakit ini menjadi wasilah di ampuni dosa"" masa lalu Aamiin","","0","0","0","-1","https://web.facebook.com/avianti.khartika/posts/pfbid0322mo2sS2kApRwTEa1ty8o2xpCAcu4gP9XVix2XjxHaL96SQbZriiTGmfjKSdWB1el"
"1218","Erna Fitriani","2026-05-01T03:17:00.000Z","Syafakillah enggeh mbk. Semoga allah angkat penyakit pean n segera pulih. Aamiin...","","0","0","0","-1","https://web.facebook.com/avianti.khartika/posts/pfbid0322mo2sS2kApRwTEa1ty8o2xpCAcu4gP9XVix2XjxHaL96SQbZriiTGmfjKSdWB1el"
"1219","Martini","2026-05-01T04:10:00.000Z","Semoga cpt sembuh dan pulih kembali mba vivin...","","0","0","0","-1","https://web.facebook.com/avianti.khartika/posts/pfbid0322mo2sS2kApRwTEa1ty8o2xpCAcu4gP9XVix2XjxHaL96SQbZriiTGmfjKSdWB1el"
"1220","Yuli Wijayanti","2026-05-01T03:39:00.000Z","Semoga segera diangkat penyakitnya...dan diberikan kesehatan seperti sedia kal","","0","0","0","-1","https://web.facebook.com/avianti.khartika/posts/pfbid0322mo2sS2kApRwTEa1ty8o2xpCAcu4gP9XVix2XjxHaL96SQbZriiTGmfjKSdWB1el"
"1221","Puri Ajeng Ginanti","2026-05-01T04:00:00.000Z","Lekas sembuh mba avi sayang  ayooo sehattt","","0","0","0","-1","https://web.facebook.com/avianti.khartika/posts/pfbid0322mo2sS2kApRwTEa1ty8o2xpCAcu4gP9XVix2XjxHaL96SQbZriiTGmfjKSdWB1el"
"1222","Chandra Widyawati","2026-05-01T08:46:00.000Z","Lekas sembuh dan sehat kembali Mbak ,, aq tidak kenal sm sampean cuma tau dan berteman di fb saja semoga Alloh segera angkat  penyakit mbak nya Aamiinn","","0","0","0","-1","https://web.facebook.com/avianti.khartika/posts/pfbid0322mo2sS2kApRwTEa1ty8o2xpCAcu4gP9XVix2XjxHaL96SQbZriiTGmfjKSdWB1el"
"1223","Trie Kotrek","2026-05-02T10:17:00.000Z","Semoga segera sembuh sobatku","","0","0","0","-1","https://web.facebook.com/avianti.khartika/posts/pfbid0322mo2sS2kApRwTEa1ty8o2xpCAcu4gP9XVix2XjxHaL96SQbZriiTGmfjKSdWB1el"
"1224","Ayu Mulyana","2026-04-30T13:10:00.000Z","mbakkkk, cepat sehat kembali yaaa , aku tidak tau samean , tapi dulu ak pengagum e samean mbak tiap di berandaku samean selalu muncul ,makeup riasnya , dan anaknya samean yg perempuan itu syuka fashion show sama make up juga cantik"" ibu dan anak nya Masya Allah , semoga segera diangkat penyakitnya ya mbak amin allahumma amin  salam kenal mbak","","0","0","0","-1","https://web.facebook.com/avianti.khartika/posts/pfbid0322mo2sS2kApRwTEa1ty8o2xpCAcu4gP9XVix2XjxHaL96SQbZriiTGmfjKSdWB1el"
"1225","Roshalimah","2026-04-30T14:12:00.000Z","Mbak abis gws ya. Sama mbak..rose juga begitu..ruam gatal2 ga sembuh2 dari bulan puasa..sp sekarang..ruam nya masih..","","0","0","0","-1","https://web.facebook.com/avianti.khartika/posts/pfbid0322mo2sS2kApRwTEa1ty8o2xpCAcu4gP9XVix2XjxHaL96SQbZriiTGmfjKSdWB1el"
"1226","Wiedhy Satria","2026-04-30T12:51:00.000Z","ayoo semangat sembuh mbak........fokus pikirinan untuk sembuh.....","","0","0","0","-1","https://web.facebook.com/avianti.khartika/posts/pfbid0322mo2sS2kApRwTEa1ty8o2xpCAcu4gP9XVix2XjxHaL96SQbZriiTGmfjKSdWB1el"
"1227","Ifa Nurlaila","2026-05-01T10:32:00.000Z","Moga Allah segera sembuhkan Aamiin, moga sakit ini menjadi wasilah di ampuni dosa"" masa lalu Aamiin","","0","0","0","-1","https://web.facebook.com/avianti.khartika/posts/pfbid0322mo2sS2kApRwTEa1ty8o2xpCAcu4gP9XVix2XjxHaL96SQbZriiTGmfjKSdWB1el"
"1228","Erna Fitriani","2026-04-30T13:17:00.000Z","Syafakillah enggeh mbk. Semoga allah angkat penyakit pean n segera pulih. Aamiin...","","0","0","0","-1","https://web.facebook.com/avianti.khartika/posts/pfbid0322mo2sS2kApRwTEa1ty8o2xpCAcu4gP9XVix2XjxHaL96SQbZriiTGmfjKSdWB1el"
"1229","Yanti Sinurat","2026-01-13T14:11:00.000Z","Santan kelapa yang tua d campur kuning telur lalu d oles kak,songoni do borutta si rona na umur 3 tahun Hian marsahit campak,ido hu baen obat na kak","","0","0","0","-1","https://web.facebook.com/merliana.sinurat/posts/pfbid0RwdkCzcLyNggZhXx7oEAmFzKuahx2Ygkon9yEzAVX63XQQYx9rxK7M6mYieVmgCml"
"1230","Nurhalima N","2026-01-11T17:40:00.000Z","Anakku kena campak demam tinggi turun naik duluan 3 hari, setelah sembuh demam baru hari ke 4 keluar ruam merah disemua tubuh kak. Gak ada berisi air. Nanti kira² semingguan itu ruamnya.","","0","0","0","-1","https://web.facebook.com/merliana.sinurat/posts/pfbid0RwdkCzcLyNggZhXx7oEAmFzKuahx2Ygkon9yEzAVX63XQQYx9rxK7M6mYieVmgCml"
"1231","Dermawati Tampubolon","2026-01-12T02:33:00.000Z","Ketiga Minum sarsaarilla itu yg dl ku bikin ke doli2ku kena saat sdh semester 4 jd agak susah kalo sdh besar mending masih anak2 kulitnya masih bisa kembali normal lagi","","0","0","0","-1","https://web.facebook.com/merliana.sinurat/posts/pfbid0RwdkCzcLyNggZhXx7oEAmFzKuahx2Ygkon9yEzAVX63XQQYx9rxK7M6mYieVmgCml"
"1232","Sisba Rosaria Angelia","2026-01-12T00:29:00.000Z","Flu Singapura itu dxq,,,dan gampang menular ,,,banyak minum kasih dx","","0","0","0","-1","https://web.facebook.com/merliana.sinurat/posts/pfbid0RwdkCzcLyNggZhXx7oEAmFzKuahx2Ygkon9yEzAVX63XQQYx9rxK7M6mYieVmgCml"
"1233","Dorma Wati Lumban Gaol","2026-01-11T23:05:00.000Z","Tu flu dlsingapore kk,anakku Uda kena tu di ditelapak tangan ,kaki trus sariwan","","0","0","0","-1","https://web.facebook.com/merliana.sinurat/posts/pfbid0RwdkCzcLyNggZhXx7oEAmFzKuahx2Ygkon9yEzAVX63XQQYx9rxK7M6mYieVmgCml"
"1234","Julia Maya","2026-01-11T15:49:00.000Z","Anakku juga kenak mak, kalo kata dokter ini flu Singapore, dan ini menular mak.","","0","0","0","-1","https://web.facebook.com/merliana.sinurat/posts/pfbid0RwdkCzcLyNggZhXx7oEAmFzKuahx2Ygkon9yEzAVX63XQQYx9rxK7M6mYieVmgCml"
"1235","Cie Pudan","2026-01-11T23:26:00.000Z","Itu flu singapur kyknya mak. Biasanya timbul bintik2 bgini ditelapak tabgan n kaki tp dibadan tdk. Yg disertai saroawan jg. Ada sariawan gak mak?","","0","0","0","-1","https://web.facebook.com/merliana.sinurat/posts/pfbid0RwdkCzcLyNggZhXx7oEAmFzKuahx2Ygkon9yEzAVX63XQQYx9rxK7M6mYieVmgCml"
"1236","Tuti M Sinurat","2026-01-12T07:58:00.000Z","Bawa berobat kedokter ja dekq","","0","0","0","-1","https://web.facebook.com/merliana.sinurat/posts/pfbid0RwdkCzcLyNggZhXx7oEAmFzKuahx2Ygkon9yEzAVX63XQQYx9rxK7M6mYieVmgCml"
"1237","Bintang Sihaloho","2026-01-11T16:43:00.000Z","Ni flu Singapura kk...","","0","0","0","-1","https://web.facebook.com/merliana.sinurat/posts/pfbid0RwdkCzcLyNggZhXx7oEAmFzKuahx2Ygkon9yEzAVX63XQQYx9rxK7M6mYieVmgCml"
"1238","Fres Nahak Palyama","2026-01-11T23:35:00.000Z","Bawa kedokter dulu k say","","0","0","0","-1","https://web.facebook.com/merliana.sinurat/posts/pfbid0RwdkCzcLyNggZhXx7oEAmFzKuahx2Ygkon9yEzAVX63XQQYx9rxK7M6mYieVmgCml"
"1239","Yanti Sinurat","2026-01-12T23:11:00.000Z","Santan kelapa yang tua d campur kuning telur lalu d oles kak,songoni do borutta si rona na umur 3 tahun Hian marsahit campak,ido hu baen obat na kak","","0","0","0","-1","https://web.facebook.com/merliana.sinurat/posts/pfbid0RwdkCzcLyNggZhXx7oEAmFzKuahx2Ygkon9yEzAVX63XQQYx9rxK7M6mYieVmgCml"
"1240","Nurhalima N","2026-01-11T02:40:00.000Z","Anakku kena campak demam tinggi turun naik duluan 3 hari, setelah sembuh demam baru hari ke 4 keluar ruam merah disemua tubuh kak. Gak ada berisi air. Nanti kira² semingguan itu ruamnya.","","0","0","0","-1","https://web.facebook.com/merliana.sinurat/posts/pfbid0RwdkCzcLyNggZhXx7oEAmFzKuahx2Ygkon9yEzAVX63XQQYx9rxK7M6mYieVmgCml"
"1241","Dermawati Tampubolon","2026-01-11T11:33:00.000Z","Ketiga Minum sarsaarilla itu yg dl ku bikin ke doli2ku kena saat sdh semester 4 jd agak susah kalo sdh besar mending masih anak2 kulitnya masih bisa kembali normal lagi","","0","0","0","-1","https://web.facebook.com/merliana.sinurat/posts/pfbid0RwdkCzcLyNggZhXx7oEAmFzKuahx2Ygkon9yEzAVX63XQQYx9rxK7M6mYieVmgCml"
"1242","Sisba Rosaria Angelia","2026-01-11T09:29:00.000Z","Flu Singapura itu dxq,,,dan gampang menular ,,,banyak minum kasih dx","","0","0","0","-1","https://web.facebook.com/merliana.sinurat/posts/pfbid0RwdkCzcLyNggZhXx7oEAmFzKuahx2Ygkon9yEzAVX63XQQYx9rxK7M6mYieVmgCml"
"1243","Dorma Wati Lumban Gaol","2026-01-11T08:05:00.000Z","Tu flu dlsingapore kk,anakku Uda kena tu di ditelapak tangan ,kaki trus sariwan","","0","0","0","-1","https://web.facebook.com/merliana.sinurat/posts/pfbid0RwdkCzcLyNggZhXx7oEAmFzKuahx2Ygkon9yEzAVX63XQQYx9rxK7M6mYieVmgCml"
"1244","Cindy Annisa","2026-04-02T11:02:00.000Z","Anak aku khenzie tdi Bu yg brobat","","0","0","0","-1","https://web.facebook.com/bidan.rizka.widia.2025/posts/pfbid0sQbHFseQF4xHQYjYDeaSprGR4FMgY8z74Fe1dYtiVX6pq3sdeTxFcwSnFuwf8GcBl"
"1245","Denisyah Putry","2026-04-02T13:06:00.000Z","Ngerih juga ia buk rizka widia","","0","0","0","-1","https://web.facebook.com/bidan.rizka.widia.2025/posts/pfbid0sQbHFseQF4xHQYjYDeaSprGR4FMgY8z74Fe1dYtiVX6pq3sdeTxFcwSnFuwf8GcBl"
"1246","Puput Pransiska","2026-04-03T13:29:00.000Z","Buk Aqeela juga kayak gitu lah kyak keringet buntet","","0","0","0","-1","https://web.facebook.com/bidan.rizka.widia.2025/posts/pfbid0sQbHFseQF4xHQYjYDeaSprGR4FMgY8z74Fe1dYtiVX6pq3sdeTxFcwSnFuwf8GcBl"
"1247","Cindy Annisa","2026-04-01T21:02:00.000Z","Anak aku khenzie tdi Bu yg brobat","","0","0","0","-1","https://web.facebook.com/bidan.rizka.widia.2025/posts/pfbid0sQbHFseQF4xHQYjYDeaSprGR4FMgY8z74Fe1dYtiVX6pq3sdeTxFcwSnFuwf8GcBl"
"1248","Denisyah Putry","2026-04-01T23:06:00.000Z","Ngerih juga ia buk rizka widia","","0","0","0","-1","https://web.facebook.com/bidan.rizka.widia.2025/posts/pfbid0sQbHFseQF4xHQYjYDeaSprGR4FMgY8z74Fe1dYtiVX6pq3sdeTxFcwSnFuwf8GcBl"
"1249","Puput Pransiska","2026-04-02T23:29:00.000Z","Buk Aqeela juga kayak gitu lah kyak keringet buntet","","0","0","0","-1","https://web.facebook.com/bidan.rizka.widia.2025/posts/pfbid0sQbHFseQF4xHQYjYDeaSprGR4FMgY8z74Fe1dYtiVX6pq3sdeTxFcwSnFuwf8GcBl"
"1250","Hany Alzahriah","2026-07-11T00:58:00.000Z","Terimakasih atas dukungan nya. https://www.facebook.com/hany.shopbiak/subscribenow?surface=pinned_comments","","0","0","0","-1","https://web.facebook.com/hany.shopbiak/posts/pfbid0rEE74EpavPJCXHcpNcnqjtyN6pRoXkZX82ifUkuALpjpMZBFmggaJTXvZ8M5hY4Nl"
"1251","Arini Sutanto","2026-07-11T02:03:00.000Z","Bener say zaman tahun 2010 juga bunda terindikasi Hepatitis tidak aktip ,,tapi kata dokter biar anak aman dan tidak menular Hepatitis di imunisasi vaksin anti virus di rumah sakit bersalin harganya ampun zaman 2010 SDH 1.5 juta karena vaksin anti virus jadi mahal demi anak aman kedepannya JD orang tua waspada dan menyetujui di vaksin anti virus","","0","0","0","-1","https://web.facebook.com/hany.shopbiak/posts/pfbid0rEE74EpavPJCXHcpNcnqjtyN6pRoXkZX82ifUkuALpjpMZBFmggaJTXvZ8M5hY4Nl"
"1252","Nur Annisa","2026-07-11T14:37:00.000Z","Alhamdulillah vaksin sllu didokter ank sklian konsul tumbang dan di dokter anak juga minim gejala demamnya, InsyaAllah rezeky anak ada aja yg pnting puskes dan dokter sma sma mmbrikan vaksin yg trbaik","","0","0","0","-1","https://web.facebook.com/hany.shopbiak/posts/pfbid0rEE74EpavPJCXHcpNcnqjtyN6pRoXkZX82ifUkuALpjpMZBFmggaJTXvZ8M5hY4Nl"
"1253","Hasny","2026-07-11T05:55:00.000Z","Karna posyandu d tanggung pemerintah dokter umum begitulah mungkin perbedaan nya","","0","0","0","-1","https://web.facebook.com/hany.shopbiak/posts/pfbid0rEE74EpavPJCXHcpNcnqjtyN6pRoXkZX82ifUkuALpjpMZBFmggaJTXvZ8M5hY4Nl"
"1254","Tungga Pratiwi Handicraft","2026-07-12T13:58:00.000Z","Sy gak bingung sm sekali anak saya sehat makanya tanpa harus di imunisasi selesaiiiiiiiii.","","0","0","0","-1","https://web.facebook.com/hany.shopbiak/posts/pfbid0rEE74EpavPJCXHcpNcnqjtyN6pRoXkZX82ifUkuALpjpMZBFmggaJTXvZ8M5hY4Nl"
"1255","Rihana Rihana","2026-07-11T13:13:00.000Z","Anaku vaksin langsung ke dokter anak, sekalian konsultasi pertumbuhan anak","","0","0","0","-1","https://web.facebook.com/hany.shopbiak/posts/pfbid0rEE74EpavPJCXHcpNcnqjtyN6pRoXkZX82ifUkuALpjpMZBFmggaJTXvZ8M5hY4Nl"
"1256","Mia Harmia","2026-07-11T10:55:00.000Z","Gak sanggup aku baca say","","0","0","0","-1","https://web.facebook.com/hany.shopbiak/posts/pfbid0rEE74EpavPJCXHcpNcnqjtyN6pRoXkZX82ifUkuALpjpMZBFmggaJTXvZ8M5hY4Nl"
"1257","Natasha Maheswari","2026-07-11T03:50:00.000Z","Anakku imunisasi di bidan bayar sendiri.","","0","0","0","-1","https://web.facebook.com/hany.shopbiak/posts/pfbid0rEE74EpavPJCXHcpNcnqjtyN6pRoXkZX82ifUkuALpjpMZBFmggaJTXvZ8M5hY4Nl"
"1258","Raudlatul Jannah","2026-07-11T02:45:00.000Z","Terimakasih ilmunya dan informasinya kak say, sangat bermanfaat","","0","0","0","-1","https://web.facebook.com/hany.shopbiak/posts/pfbid0rEE74EpavPJCXHcpNcnqjtyN6pRoXkZX82ifUkuALpjpMZBFmggaJTXvZ8M5hY4Nl"
"1259","Ritha Deui","2026-07-11T03:19:00.000Z","betul beb kek KB steril yang disediakan pemerintah kalo ke dokter bisa belasan jutaa","","0","0","0","-1","https://web.facebook.com/hany.shopbiak/posts/pfbid0rEE74EpavPJCXHcpNcnqjtyN6pRoXkZX82ifUkuALpjpMZBFmggaJTXvZ8M5hY4Nl"
"1260","Hany Alzahriah","2026-07-10T10:58:00.000Z","Terimakasih atas dukungan nya. https://www.facebook.com/hany.shopbiak/subscribenow?surface=pinned_comments","","0","0","0","-1","https://web.facebook.com/hany.shopbiak/posts/pfbid0rEE74EpavPJCXHcpNcnqjtyN6pRoXkZX82ifUkuALpjpMZBFmggaJTXvZ8M5hY4Nl"
"1261","Arini Sutanto","2026-07-10T12:03:00.000Z","Bener say zaman tahun 2010 juga bunda terindikasi Hepatitis tidak aktip ,,tapi kata dokter biar anak aman dan tidak menular Hepatitis di imunisasi vaksin anti virus di rumah sakit bersalin harganya ampun zaman 2010 SDH 1.5 juta karena vaksin anti virus jadi mahal demi anak aman kedepannya JD orang tua waspada dan menyetujui di vaksin anti virus","","0","0","0","-1","https://web.facebook.com/hany.shopbiak/posts/pfbid0rEE74EpavPJCXHcpNcnqjtyN6pRoXkZX82ifUkuALpjpMZBFmggaJTXvZ8M5hY4Nl"
"1262","Nur Annisa","2026-07-11T00:37:00.000Z","Alhamdulillah vaksin sllu didokter ank sklian konsul tumbang dan di dokter anak juga minim gejala demamnya, InsyaAllah rezeky anak ada aja yg pnting puskes dan dokter sma sma mmbrikan vaksin yg trbaik","","0","0","0","-1","https://web.facebook.com/hany.shopbiak/posts/pfbid0rEE74EpavPJCXHcpNcnqjtyN6pRoXkZX82ifUkuALpjpMZBFmggaJTXvZ8M5hY4Nl"
"1263","Hasny","2026-07-10T15:55:00.000Z","Karna posyandu d tanggung pemerintah dokter umum begitulah mungkin perbedaan nya","","0","0","0","-1","https://web.facebook.com/hany.shopbiak/posts/pfbid0rEE74EpavPJCXHcpNcnqjtyN6pRoXkZX82ifUkuALpjpMZBFmggaJTXvZ8M5hY4Nl"
"1264","Tungga Pratiwi Handicraft","2026-07-11T23:58:00.000Z","Sy gak bingung sm sekali anak saya sehat makanya tanpa harus di imunisasi selesaiiiiiiiii.","","0","0","0","-1","https://web.facebook.com/hany.shopbiak/posts/pfbid0rEE74EpavPJCXHcpNcnqjtyN6pRoXkZX82ifUkuALpjpMZBFmggaJTXvZ8M5hY4Nl"
"1265","Sha Qu Eena","2026-03-29T03:13:00.000Z","Anak saya umur 7bulan buk bind juga ada bintik merah kecil seluruh tubuh ny. Persis seperti yg di potoh itu buk bindan","","0","0","0","-1","https://web.facebook.com/photo/?fbid=122181789020752395&set=a.122100445256752395"
"1266","Abidin Allifia","2026-03-24T14:24:00.000Z","Anak saya seperti ada bintik air (macam kutu air) d skitar hidung dan pipi nya , demam ringan, flu (tp tidak batuk)","","0","0","0","-1","https://web.facebook.com/photo/?fbid=122181789020752395&set=a.122100445256752395"
"1267","Erina","2026-03-24T22:45:00.000Z","Izin share ya Bu bid","","0","0","0","-1","https://web.facebook.com/photo/?fbid=122181789020752395&set=a.122100445256752395"
"1268","Hijrah Syar'i","2026-03-25T11:59:00.000Z","Buk bid, anak saya bayi umur 10hari bintik merah seperti di foto apakah bisa di sebut campak? Sudah  4 hari bintik merah, hari baru baru pilek dan batuk, mata mulai berair?","","0","0","0","-1","https://web.facebook.com/photo/?fbid=122181789020752395&set=a.122100445256752395"
"1269","Diana Hutauruk","2026-03-24T22:01:00.000Z","Pemberian Vitami A aktip ga disini program pemerintah dan vaksinasi campak","","0","0","0","-1","https://web.facebook.com/photo/?fbid=122181789020752395&set=a.122100445256752395"
"1270","Nurlaela","2026-03-05T07:40:00.000Z","https://www.facebook.com/nur.l.lesmana/subscribenow?surface=pinned_comments","","0","0","0","-1","https://web.facebook.com/nur.l.lesmana/posts/pfbid036pAdMeTaoY5qgDVvK8VHqWWNMfKgYSyGybrKtzZ5VhyAGj3D45EvLhUDPkEbHN2nl"
"1271","Yusz YuNus II","2026-03-05T07:47:00.000Z","Sing di tarebihkn","","0","0","0","-1","https://web.facebook.com/nur.l.lesmana/posts/pfbid036pAdMeTaoY5qgDVvK8VHqWWNMfKgYSyGybrKtzZ5VhyAGj3D45EvLhUDPkEbHN2nl"
"1272","AL Ruslan Steel","2026-03-05T09:16:00.000Z","Semoga sehat kembalii","","0","0","0","-1","https://web.facebook.com/nur.l.lesmana/posts/pfbid036pAdMeTaoY5qgDVvK8VHqWWNMfKgYSyGybrKtzZ5VhyAGj3D45EvLhUDPkEbHN2nl"
"1273","Alisa Akbar","2026-03-05T10:13:00.000Z","Semoga cepat sembuh besti","","0","0","0","-1","https://web.facebook.com/nur.l.lesmana/posts/pfbid036pAdMeTaoY5qgDVvK8VHqWWNMfKgYSyGybrKtzZ5VhyAGj3D45EvLhUDPkEbHN2nl"
"1274","Nurlaela","2026-03-04T16:40:00.000Z","https://www.facebook.com/nur.l.lesmana/subscribenow?surface=pinned_comments","","0","0","0","-1","https://web.facebook.com/nur.l.lesmana/posts/pfbid036pAdMeTaoY5qgDVvK8VHqWWNMfKgYSyGybrKtzZ5VhyAGj3D45EvLhUDPkEbHN2nl"
"1275","Yusz YuNus II","2026-03-04T16:47:00.000Z","Sing di tarebihkn","","0","0","0","-1","https://web.facebook.com/nur.l.lesmana/posts/pfbid036pAdMeTaoY5qgDVvK8VHqWWNMfKgYSyGybrKtzZ5VhyAGj3D45EvLhUDPkEbHN2nl"
"1276","AL Ruslan Steel","2026-03-04T18:16:00.000Z","Semoga sehat kembalii","","0","0","0","-1","https://web.facebook.com/nur.l.lesmana/posts/pfbid036pAdMeTaoY5qgDVvK8VHqWWNMfKgYSyGybrKtzZ5VhyAGj3D45EvLhUDPkEbHN2nl"
"1277","Alisa Akbar","2026-03-04T19:13:00.000Z","Semoga cepat sembuh besti","","0","0","0","-1","https://web.facebook.com/nur.l.lesmana/posts/pfbid036pAdMeTaoY5qgDVvK8VHqWWNMfKgYSyGybrKtzZ5VhyAGj3D45EvLhUDPkEbHN2nl"
"1278","Berlogikeren","2026-01-11T04:37:00.000Z","https://sekitarjatim.com/.../wabah-campak-di-pamekasan.../","","0","0","0","-1","https://web.facebook.com/berlogikeren/posts/pfbid02TX3Q9QRYb2LhAeB62G9o9SGguxSNpbwjiHH2yJVt8n54TLL4n7aoCV8vnQSu1LCyl"
"1279","Sarjono Jhon","2026-01-11T11:55:00.000Z","Justru kasus mewabah setelah suntik massal...","","0","0","0","-1","https://web.facebook.com/berlogikeren/posts/pfbid02TX3Q9QRYb2LhAeB62G9o9SGguxSNpbwjiHH2yJVt8n54TLL4n7aoCV8vnQSu1LCyl"
"1280","Ummu Ufaira","2026-01-12T00:00:00.000Z","Kebalik itu, merebaknya setelah gerakan vaksin. Sy inget bgt anak sy kena campak itu stlah sblumnya dilakukan gerakan vaksin di sekolah skolah. Jadi memang sblumnya ada yg kena tapi cuma hitungan jari. Nah dilakukanlah vaksin eh malah rata yg kena. lah ya wong vaksin di galakkan ahirnya tiap anak bawa virus ya ahirnya menyebar kmn2.","","0","0","0","-1","https://web.facebook.com/berlogikeren/posts/pfbid02TX3Q9QRYb2LhAeB62G9o9SGguxSNpbwjiHH2yJVt8n54TLL4n7aoCV8vnQSu1LCyl"
"1281","Chandra Kawe","2026-01-11T14:09:00.000Z","Jangan maen2 sama nyawa orang! Jasad ini udah punya antibodi super kuat pemberian Allah sejak kita lahir","","0","0","0","-1","https://web.facebook.com/berlogikeren/posts/pfbid02TX3Q9QRYb2LhAeB62G9o9SGguxSNpbwjiHH2yJVt8n54TLL4n7aoCV8vnQSu1LCyl"
"1282","Satoru Eka","2026-01-12T00:06:00.000Z","Tapi ga 100% orang jaman dulu ga tertular virus, kenapa kelihatan ga serame skrg karena jaman dulu ga ada media informasi seperti skrg, kalo pernah baca kasus campak & polio di indo dulu tinggi, sejak masuk vaksin mulai sedikit yang kena, dan orang jaman skrg kenapa banyak penyakit ga selalu dari vaksin, pola hidup juga berpengaruh, polusi udara, lingkungan kotor, jadi jangan heran kalo makin banyak penyakit yg muncul","","0","0","0","-1","https://web.facebook.com/berlogikeren/posts/pfbid02TX3Q9QRYb2LhAeB62G9o9SGguxSNpbwjiHH2yJVt8n54TLL4n7aoCV8vnQSu1LCyl"
"1283","Sigits Prabu","2026-01-12T01:28:00.000Z","Saya pernah kena covid delta, mau pergi ke LN wajib sertifikat vaksin. Logikanya saya sudah punya antibodi setelah sembuh dan tidak perlu vaksin doong. E tapi tetep wajib vaksin demi sertifikat. Mustinya yang pernah kena dan sembuh beri aja sertifikat lolos virus covid dan sudah terbentuk antibodi.","","0","0","0","-1","https://web.facebook.com/berlogikeren/posts/pfbid02TX3Q9QRYb2LhAeB62G9o9SGguxSNpbwjiHH2yJVt8n54TLL4n7aoCV8vnQSu1LCyl"
"1284","Triwarsih","2026-01-12T04:53:00.000Z","Padahal ank dia bisa sehat tanpa imunisasi itu krna anak2 sekitarnya imunisasi semua. Jd potensi dia tertular itu rendah. Nah dgn oon nya dia berkampanye ngajak org agar anaknya gk imunisasi. Jadilah seperti berita di atas.","","0","0","0","-1","https://web.facebook.com/berlogikeren/posts/pfbid02TX3Q9QRYb2LhAeB62G9o9SGguxSNpbwjiHH2yJVt8n54TLL4n7aoCV8vnQSu1LCyl"
"1285","Nisa Khairz","2026-01-11T14:21:00.000Z","Berapa tuh d bayar buat postingan ini??","","0","0","0","-1","https://web.facebook.com/berlogikeren/posts/pfbid02TX3Q9QRYb2LhAeB62G9o9SGguxSNpbwjiHH2yJVt8n54TLL4n7aoCV8vnQSu1LCyl"
"1286","Han","2026-01-11T15:10:00.000Z","Lahh, katanya kalo divaksin bukan menghilangkan atau bikin sampe ga kena tapi bikin ga terlalu parah campaknya.","","0","0","0","-1","https://web.facebook.com/berlogikeren/posts/pfbid02TX3Q9QRYb2LhAeB62G9o9SGguxSNpbwjiHH2yJVt8n54TLL4n7aoCV8vnQSu1LCyl"
"1287","Evi Indah","2026-01-12T00:17:00.000Z","Korban campak itu bayi atau orang dewasa? Kalau korbannya bayi dan balita berarti memang karena mereka tdk mendapat vaksin campak,tp kalau korbannya banyak orang dewasa berarti efek vaksin covid benar2 melemahkan sistem imun orang dewasa","","0","0","0","-1","https://web.facebook.com/berlogikeren/posts/pfbid02TX3Q9QRYb2LhAeB62G9o9SGguxSNpbwjiHH2yJVt8n54TLL4n7aoCV8vnQSu1LCyl"
"1288","Berlogikeren","2026-01-10T13:37:00.000Z","https://sekitarjatim.com/.../wabah-campak-di-pamekasan.../","","0","0","0","-1","https://web.facebook.com/berlogikeren/posts/pfbid02TX3Q9QRYb2LhAeB62G9o9SGguxSNpbwjiHH2yJVt8n54TLL4n7aoCV8vnQSu1LCyl"
"1289","Sarjono Jhon","2026-01-10T20:55:00.000Z","Justru kasus mewabah setelah suntik massal...","","0","0","0","-1","https://web.facebook.com/berlogikeren/posts/pfbid02TX3Q9QRYb2LhAeB62G9o9SGguxSNpbwjiHH2yJVt8n54TLL4n7aoCV8vnQSu1LCyl"
"1290","Ummu Ufaira","2026-01-11T09:00:00.000Z","Kebalik itu, merebaknya setelah gerakan vaksin. Sy inget bgt anak sy kena campak itu stlah sblumnya dilakukan gerakan vaksin di sekolah skolah. Jadi memang sblumnya ada yg kena tapi cuma hitungan jari. Nah dilakukanlah vaksin eh malah rata yg kena. lah ya wong vaksin di galakkan ahirnya tiap anak bawa virus ya ahirnya menyebar kmn2.","","0","0","0","-1","https://web.facebook.com/berlogikeren/posts/pfbid02TX3Q9QRYb2LhAeB62G9o9SGguxSNpbwjiHH2yJVt8n54TLL4n7aoCV8vnQSu1LCyl"
"1291","Chandra Kawe","2026-01-10T23:09:00.000Z","Jangan maen2 sama nyawa orang! Jasad ini udah punya antibodi super kuat pemberian Allah sejak kita lahir","","0","0","0","-1","https://web.facebook.com/berlogikeren/posts/pfbid02TX3Q9QRYb2LhAeB62G9o9SGguxSNpbwjiHH2yJVt8n54TLL4n7aoCV8vnQSu1LCyl"
"1292","Satoru Eka","2026-01-11T09:06:00.000Z","Tapi ga 100% orang jaman dulu ga tertular virus, kenapa kelihatan ga serame skrg karena jaman dulu ga ada media informasi seperti skrg, kalo pernah baca kasus campak & polio di indo dulu tinggi, sejak masuk vaksin mulai sedikit yang kena, dan orang jaman skrg kenapa banyak penyakit ga selalu dari vaksin, pola hidup juga berpengaruh, polusi udara, lingkungan kotor, jadi jangan heran kalo makin banyak penyakit yg muncul","","0","0","0","-1","https://web.facebook.com/berlogikeren/posts/pfbid02TX3Q9QRYb2LhAeB62G9o9SGguxSNpbwjiHH2yJVt8n54TLL4n7aoCV8vnQSu1LCyl"
"1293","Sri Rizka Muspitaini","2026-03-02T23:09:00.000Z","https://s.shopee.co.id/9KczmEVHmh","","0","0","0","-1","https://web.facebook.com/sririzka.muspitaini/posts/pfbid0cDbQAxCV5zs6kc5YHsCUjrpVw8499JsxEoHUCTLfXbhMZrLhMo2U2qkWwnKFSZGpl"
"1294","Sri Rizka Muspitaini","2026-03-02T23:09:00.000Z","https://www.facebook.com/sririzka.muspitaini/subscribe/","","0","0","0","-1","https://web.facebook.com/sririzka.muspitaini/posts/pfbid0cDbQAxCV5zs6kc5YHsCUjrpVw8499JsxEoHUCTLfXbhMZrLhMo2U2qkWwnKFSZGpl"
"1295","Uma Dafi Koeswara","2026-03-04T03:28:00.000Z","aku awalnya ya pro vaksin tapi kok makin kesini narasinya makin gak masuk akal","","0","0","0","-1","https://web.facebook.com/sririzka.muspitaini/posts/pfbid0cDbQAxCV5zs6kc5YHsCUjrpVw8499JsxEoHUCTLfXbhMZrLhMo2U2qkWwnKFSZGpl"
"1296","Dzihfy Ahmadi","2026-03-04T13:31:00.000Z","Gimana mau suntik campak woy. Org yg blm suntik DPT GK boleh campak, JD ya GK pada imunisasi. Imunisasi itu takutnya d DPT. klo campak banyak kok ibu2 pada ambil, tp harus DPT 1 2 3 lengkap beserta pcv, ipv, rotavirus. Merinding, JD lebih baik GK usah imunisasi skalian","","0","0","0","-1","https://web.facebook.com/sririzka.muspitaini/posts/pfbid0cDbQAxCV5zs6kc5YHsCUjrpVw8499JsxEoHUCTLfXbhMZrLhMo2U2qkWwnKFSZGpl"
"1297","Rosy Indah Ramadanti Caropeboka","2026-03-06T01:54:00.000Z","Jujur anakku BCG dpt 1 dpt 2 itu sesuai usianya, nah mau masuk dpt 3 kemarin demam ya aku lewatin baru selesai dpt 3 di usia 6 bulan emang si demam rewelnya tp ga lama kok cuma maksimal bgt 2-3hari","","0","0","0","-1","https://web.facebook.com/sririzka.muspitaini/posts/pfbid0cDbQAxCV5zs6kc5YHsCUjrpVw8499JsxEoHUCTLfXbhMZrLhMo2U2qkWwnKFSZGpl"
"1298","Yeni Hapiz","2026-03-04T04:55:00.000Z","di negara jiran kita klo ada kasus penyakit menular mereka bilang pendatang migran yang bawa jadi merebak lagi klo dinegara kita pemahamannya beda lagj klo terjadi kasus luar biasa pwnyakit menular itu pasti jualan vaksin biar laku.....aku sendiri bingung lho netizen kayak rebutin pepesan kosong,klo pengen tau real nya tu penyakit gimana dateng aja ke rs dipoli anak ,atau ke spesialis anak,atau ruang perawatan anak tuh penyakit dari mulai yang menular sampai yang namanya juga nggak bisa kita bayangkan pasien nya ada,mereka ngantri berobat kebanyakan balita,yang paling banyak penyakit yang berkaitan dengan paru,kenapa aku tahu aku nganter ponakanku yang masih balita kena bronkhitis dan harus berobat selama 3 bulan,sekarang terserah mau vaksin atau nggak vaksin terserah ibunya .","","0","0","0","-1","https://web.facebook.com/sririzka.muspitaini/posts/pfbid0cDbQAxCV5zs6kc5YHsCUjrpVw8499JsxEoHUCTLfXbhMZrLhMo2U2qkWwnKFSZGpl"
"1299","Monica Aprilliani","2026-03-06T04:13:00.000Z","Q dulu pas mau imunisasi yg campak (terakhir) pasti ada aja kaya masuk rumah sakit (jadinya gak jadi) bolak balik sampai 2 th 3 th nya buku kia di gunting"" Sama ank..","","0","0","0","-1","https://web.facebook.com/sririzka.muspitaini/posts/pfbid0cDbQAxCV5zs6kc5YHsCUjrpVw8499JsxEoHUCTLfXbhMZrLhMo2U2qkWwnKFSZGpl"
"1300","Zay Saja","2026-03-04T21:23:00.000Z","Harus turun. Banyak lah belajar agar tidak sengsara.","","0","0","0","-1","https://web.facebook.com/sririzka.muspitaini/posts/pfbid0cDbQAxCV5zs6kc5YHsCUjrpVw8499JsxEoHUCTLfXbhMZrLhMo2U2qkWwnKFSZGpl"
"1301","Mikely Mi M","2026-03-04T12:11:00.000Z","Bisnis","","0","0","0","-1","https://web.facebook.com/sririzka.muspitaini/posts/pfbid0cDbQAxCV5zs6kc5YHsCUjrpVw8499JsxEoHUCTLfXbhMZrLhMo2U2qkWwnKFSZGpl"
"1302","Emak Non Gundik","2026-03-04T11:58:00.000Z","Nyai Didoh bukan DNA hewan . Faktanya isi vaksin itu virus yg dilemahkan . Mana datanya klo benar DNA hewan?","","0","0","0","-1","https://web.facebook.com/sririzka.muspitaini/posts/pfbid0cDbQAxCV5zs6kc5YHsCUjrpVw8499JsxEoHUCTLfXbhMZrLhMo2U2qkWwnKFSZGpl"
"1303","Sri Rizka Muspitaini","2026-03-02T08:09:00.000Z","https://s.shopee.co.id/9KczmEVHmh","","0","0","0","-1","https://web.facebook.com/sririzka.muspitaini/posts/pfbid0cDbQAxCV5zs6kc5YHsCUjrpVw8499JsxEoHUCTLfXbhMZrLhMo2U2qkWwnKFSZGpl"
"1304","Sri Rizka Muspitaini","2026-03-02T08:09:00.000Z","https://www.facebook.com/sririzka.muspitaini/subscribe/","","0","0","0","-1","https://web.facebook.com/sririzka.muspitaini/posts/pfbid0cDbQAxCV5zs6kc5YHsCUjrpVw8499JsxEoHUCTLfXbhMZrLhMo2U2qkWwnKFSZGpl"
"1305","Uma Dafi Koeswara","2026-03-03T12:28:00.000Z","aku awalnya ya pro vaksin tapi kok makin kesini narasinya makin gak masuk akal","","0","0","0","-1","https://web.facebook.com/sririzka.muspitaini/posts/pfbid0cDbQAxCV5zs6kc5YHsCUjrpVw8499JsxEoHUCTLfXbhMZrLhMo2U2qkWwnKFSZGpl"
"1306","Dzihfy Ahmadi","2026-03-03T22:31:00.000Z","Gimana mau suntik campak woy. Org yg blm suntik DPT GK boleh campak, JD ya GK pada imunisasi. Imunisasi itu takutnya d DPT. klo campak banyak kok ibu2 pada ambil, tp harus DPT 1 2 3 lengkap beserta pcv, ipv, rotavirus. Merinding, JD lebih baik GK usah imunisasi skalian","","0","0","0","-1","https://web.facebook.com/sririzka.muspitaini/posts/pfbid0cDbQAxCV5zs6kc5YHsCUjrpVw8499JsxEoHUCTLfXbhMZrLhMo2U2qkWwnKFSZGpl"
"1307","Rosy Indah Ramadanti Caropeboka","2026-03-05T10:54:00.000Z","Jujur anakku BCG dpt 1 dpt 2 itu sesuai usianya, nah mau masuk dpt 3 kemarin demam ya aku lewatin baru selesai dpt 3 di usia 6 bulan emang si demam rewelnya tp ga lama kok cuma maksimal bgt 2-3hari","","0","0","0","-1","https://web.facebook.com/sririzka.muspitaini/posts/pfbid0cDbQAxCV5zs6kc5YHsCUjrpVw8499JsxEoHUCTLfXbhMZrLhMo2U2qkWwnKFSZGpl"
"1308","Bundane Verdi","2026-02-12T06:37:00.000Z","Imunisasi lanjutan gk demam kok bun","","0","0","0","-1","https://web.facebook.com/groups/1019457676237045/posts/1493919095457565/"
"1309","Bundane Verdi","2026-02-12T06:36:00.000Z","Alhamdulillah anakqu dh lulus imunisasi yo dh lulus tak sapih","","0","0","0","-1","https://web.facebook.com/groups/1019457676237045/posts/1493919095457565/"
"1310","Bundane Verdi","2026-02-12T06:36:00.000Z","bun","","0","0","0","-1","https://web.facebook.com/groups/1019457676237045/posts/1493919095457565/"
"1311","Minx Kwok","2026-02-12T03:56:00.000Z","Anakku sudah lulus bulan lalu tapi  Masih belum kepikiran buat nyapih, kyknya gk bakalan tega ,","","0","0","0","-1","https://web.facebook.com/groups/1019457676237045/posts/1493919095457565/"
"1312","Siti Hodijah","2026-02-12T02:20:00.000Z","Anak sya sudah lulus imunisasi kemaren tapi masih 19bln jdi blm siap sy sapih bun","","0","0","0","-1","https://web.facebook.com/groups/1019457676237045/posts/1493919095457565/"
"1313","Putri Natasya Humaira","2026-02-11T21:43:00.000Z","Masyaallah sehat selalu ya","","0","0","0","-1","https://web.facebook.com/groups/1019457676237045/posts/1493919095457565/"
"1314","Mbuun Pagii","2026-02-11T21:15:00.000Z","didaerah ku belum ada info klo mau ada imunisasi campak rubella & dpt Hib lanjutan bun. pas ank pertama sih iya emang ada, umur 17bln udh lngkp campk rubella & dpt hib lanjutan bun. tapi ankku yg ke2 blum ada info dari bu bidan klo mau diadakan imunisasi cmpk rubella & hib lanjutan. ankku umur 19bln bun","","0","0","0","-1","https://web.facebook.com/groups/1019457676237045/posts/1493919095457565/"
"1315","Dimas Dinda Indah","2026-02-11T15:38:00.000Z","Sama bun ank saya juga imunisasi terakhir bulan ini","","0","0","0","-1","https://web.facebook.com/groups/1019457676237045/posts/1493919095457565/"
"1316","Dhea Dan Shaka","2026-02-11T14:35:00.000Z","Anak saya sudah lulus imunisasi tapi belum disapih  mau otw 22 bulan","","0","0","0","-1","https://web.facebook.com/groups/1019457676237045/posts/1493919095457565/"
"1317","Vivi Gracia Pradhiita","2026-02-11T14:16:00.000Z","Lucu banget","","0","0","0","-1","https://web.facebook.com/groups/1019457676237045/posts/1493919095457565/"
"1318","Bundane Verdi","2026-02-11T15:37:00.000Z","Imunisasi lanjutan gk demam kok bun","","0","0","0","-1","https://web.facebook.com/groups/1019457676237045/posts/1493919095457565/"
"1319","Bundane Verdi","2026-02-11T15:36:00.000Z","Alhamdulillah anakqu dh lulus imunisasi yo dh lulus tak sapih","","0","0","0","-1","https://web.facebook.com/groups/1019457676237045/posts/1493919095457565/"
"1320","Bundane Verdi","2026-02-11T15:36:00.000Z","bun","","0","0","0","-1","https://web.facebook.com/groups/1019457676237045/posts/1493919095457565/"
"1321","Minx Kwok","2026-02-11T12:56:00.000Z","Anakku sudah lulus bulan lalu tapi  Masih belum kepikiran buat nyapih, kyknya gk bakalan tega ,","","0","0","0","-1","https://web.facebook.com/groups/1019457676237045/posts/1493919095457565/"
"1322","Siti Hodijah","2026-02-11T11:20:00.000Z","Anak sya sudah lulus imunisasi kemaren tapi masih 19bln jdi blm siap sy sapih bun","","0","0","0","-1","https://web.facebook.com/groups/1019457676237045/posts/1493919095457565/"
"1323","Fitri","2026-03-13T04:34:00.000Z","Alhamdulillah..sehat sll yadek","","0","0","0","-1","https://web.facebook.com/photo/?fbid=2769380480092463&set=a.176623969368140"
"1324","Feni Aprilia","2026-03-13T03:58:00.000Z","Alhamdulillah","","0","0","0","-1","https://web.facebook.com/photo/?fbid=2769380480092463&set=a.176623969368140"
"1325","unknown","2026-07-13T08:40:00.000Z","saling support yukkkBanyak berbagi,banyak berkatsehat dan diberkati yah,makasih udah jadi pelangganku https://www.facebook.com/febe.fitry/subscribenow?surface=pinned_comments","","0","0","0","-1","https://web.facebook.com/febe.fitry/posts/pfbid02uZkCUufxirckEbpRch8L7FLytSCSpDpwrD6E5Vden6YVkxMFCRPyHy1UYJvkT7NGl"
"1326","unknown","2026-07-13T13:03:00.000Z","Junita Sumigar","","0","0","0","-1","https://web.facebook.com/febe.fitry/posts/pfbid02uZkCUufxirckEbpRch8L7FLytSCSpDpwrD6E5Vden6YVkxMFCRPyHy1UYJvkT7NGl"
"1327","unknown","2026-07-13T13:09:00.000Z","Nova Tambuwun","","0","0","0","-1","https://web.facebook.com/febe.fitry/posts/pfbid02uZkCUufxirckEbpRch8L7FLytSCSpDpwrD6E5Vden6YVkxMFCRPyHy1UYJvkT7NGl"
"1328","unknown","2026-07-12T18:40:00.000Z","saling support yukkkBanyak berbagi,banyak berkatsehat dan diberkati yah,makasih udah jadi pelangganku https://www.facebook.com/febe.fitry/subscribenow?surface=pinned_comments","","0","0","0","-1","https://web.facebook.com/febe.fitry/posts/pfbid02uZkCUufxirckEbpRch8L7FLytSCSpDpwrD6E5Vden6YVkxMFCRPyHy1UYJvkT7NGl"
"1329","unknown","2026-07-12T23:03:00.000Z","Junita Sumigar","","0","0","0","-1","https://web.facebook.com/febe.fitry/posts/pfbid02uZkCUufxirckEbpRch8L7FLytSCSpDpwrD6E5Vden6YVkxMFCRPyHy1UYJvkT7NGl"
"1330","unknown","2026-07-12T23:09:00.000Z","Nova Tambuwun","","0","0","0","-1","https://web.facebook.com/febe.fitry/posts/pfbid02uZkCUufxirckEbpRch8L7FLytSCSpDpwrD6E5Vden6YVkxMFCRPyHy1UYJvkT7NGl"
"1331","Novy Anthi","2026-07-11T06:06:00.000Z","yg KMI dak pernah di suntik bun","","0","0","0","-1","https://web.facebook.com/yuli.yanti.1232760/posts/pfbid02hqatNhBaqYEoWNK2HSo47VqE2NoVg8SUZq4ELj8BpEWytESWg4zL7HDaAFdWWAGsl"
"1332","Ezha Pratama Leha","2026-07-11T07:44:00.000Z","Keren besty","","0","0","0","-1","https://web.facebook.com/yuli.yanti.1232760/posts/pfbid02hqatNhBaqYEoWNK2HSo47VqE2NoVg8SUZq4ELj8BpEWytESWg4zL7HDaAFdWWAGsl"
"1333","Novy Anthi","2026-07-10T16:06:00.000Z","yg KMI dak pernah di suntik bun","","0","0","0","-1","https://web.facebook.com/yuli.yanti.1232760/posts/pfbid02hqatNhBaqYEoWNK2HSo47VqE2NoVg8SUZq4ELj8BpEWytESWg4zL7HDaAFdWWAGsl"
"1334","Ezha Pratama Leha","2026-07-10T17:44:00.000Z","Keren besty","","0","0","0","-1","https://web.facebook.com/yuli.yanti.1232760/posts/pfbid02hqatNhBaqYEoWNK2HSo47VqE2NoVg8SUZq4ELj8BpEWytESWg4zL7HDaAFdWWAGsl"
"1335","Bao Chenx","2026-03-13T09:56:00.000Z","Bodoh bener ya kadang emak2 begitu.. Entah otaknya gmn ahhaha","","0","0","0","-1","https://web.facebook.com/photo/?fbid=122209113074299940&set=a.122101425980299940"
"1336","RiSti Miaww","2026-03-13T10:59:00.000Z","Gak apa2 bun, itung2 seleksi alam ikut ter depopulasi anaknya..","","0","0","0","-1","https://web.facebook.com/photo/?fbid=122209113074299940&set=a.122101425980299940"
"1337","Ratna","2026-03-13T16:14:00.000Z","Bused bused bused. Gw dulu pro tp semenjak Bu Siti Fadilah bicara gw bukan anti tp lebih memilih untuk TDK, DG dalil, semua yg kimia pasti ada efek samping, selama ini hanya efek baiknya aja yg d koar2in, efek buruknya engga, kandungannya kita ga pernah tau, JD gw mau cucuk benar2 atas kesadaran bukan Krn kebodohan apalagi keterpaksaan.","","0","0","0","-1","https://web.facebook.com/photo/?fbid=122209113074299940&set=a.122101425980299940"
"1338","Ruby Syahidah Jais","2026-03-13T14:33:00.000Z","1 jenis z kdg demam nya berhari2 anak2 itu...","","0","0","0","-1","https://web.facebook.com/photo/?fbid=122209113074299940&set=a.122101425980299940"
"1339","Nurul Khalidah","2026-03-13T11:53:00.000Z","Itu nnti virus nya berantem apa temenan ya ntr dlm tubuh anak, kesihan nya","","0","0","0","-1","https://web.facebook.com/photo/?fbid=122209113074299940&set=a.122101425980299940"
"1340","Vi Azharin Nisa","2026-03-13T22:45:00.000Z","Ayo2 yg mau vaksin anaknya lngsung d kasih 4 tuhh, biar kuat Dan sehat katanya... kan hak anak untuk diberi vaksin (bagi mereka yg suka aja).. kalo saya nggak.","","0","0","0","-1","https://web.facebook.com/photo/?fbid=122209113074299940&set=a.122101425980299940"
"1341","Zay Saja","2026-04-02T15:18:00.000Z","Lebok botol vaksinnya sekalian biar kebal.","","0","0","0","-1","https://web.facebook.com/yuni.kartika.56863221/posts/pfbid02nNTGnWq7RThbr17BCf7jvszCKo83ZpjKdSVTDvigZw4Mg6mHqdeZKji5d7JWa9nHl"
"1342","Zay Saja","2026-04-02T01:18:00.000Z","Lebok botol vaksinnya sekalian biar kebal.","","0","0","0","-1","https://web.facebook.com/yuni.kartika.56863221/posts/pfbid02nNTGnWq7RThbr17BCf7jvszCKo83ZpjKdSVTDvigZw4Mg6mHqdeZKji5d7JWa9nHl"
"1343","Angga Aditama","2026-04-27T13:03:00.000Z","https://youtu.be/JTfhYyTuT44?si=WZsJk6rOSgoB3yLS","","0","0","0","-1","https://web.facebook.com/groups/AndaBertanyaSainsMenjawab/posts/26697521563201507/"
"1344","Andri Xzoul","2026-04-27T13:50:00.000Z","Ini siklus distrust (ketidakpercayaan) publik. Selalu ada titik jenuh kepercayaan pada sebuah sistem. Apalagi jika sistemnya inkonsisten dan banyak melakukan blunder","","0","0","0","-1","https://web.facebook.com/groups/AndaBertanyaSainsMenjawab/posts/26697521563201507/"
"1345","Rakaryadiwira Bramasta","2026-04-27T14:32:00.000Z","Bumi yang nyata bulat aja masih ada yang bilang datar.","","0","0","0","-1","https://web.facebook.com/groups/AndaBertanyaSainsMenjawab/posts/26697521563201507/"
"1346","Mohammad Rizky Adji","2026-04-27T14:45:00.000Z","Ada yang menggiring opini untuk keuntungan pribadi, ada juga yang murni hanya mempertahankan apa yang dipercaya karena faktor kenyamanan pribadi","","0","0","0","-1","https://web.facebook.com/groups/AndaBertanyaSainsMenjawab/posts/26697521563201507/"
"1347","Karto Dinoto","2026-04-27T19:11:00.000Z","Mungkin seles herbal?","","0","0","0","-1","https://web.facebook.com/groups/AndaBertanyaSainsMenjawab/posts/26697521563201507/"
"1348","Bayu Mada","2026-04-27T20:34:00.000Z","Percaya teori konspirasi dan cocoklogi. Antivax biasanya sepaket ama FE . Mereka bukan mencari kebenaran/fakta, tapi berusaha mencari celah didalamnya. Merasa superior karena mempunyai pandangan yg berbeda dari mayoritas.","","0","0","0","-1","https://web.facebook.com/groups/AndaBertanyaSainsMenjawab/posts/26697521563201507/"
"1349","Putra","2026-04-27T20:57:00.000Z","Gak semua orang diberkahi dengan otak yg waras","","0","0","0","-1","https://web.facebook.com/groups/AndaBertanyaSainsMenjawab/posts/26697521563201507/"
"1350","Elang Anggoro Ardhi","2026-04-27T21:30:00.000Z","Karena kekalahan dan tidak mampu melawan, akhirnya membuat alasan/ mencarikan tandingan yang semu","","0","0","0","-1","https://web.facebook.com/groups/AndaBertanyaSainsMenjawab/posts/26697521563201507/"
"1351","Maharaja","2026-04-27T21:32:00.000Z","Kemungkinan seperti sales herbal kepada bao cheng juga kurang kuat, tujuan jelasnya masih belum diketahui, tapi lebih ke menjurus kepada mencari popularitas. Kenapa sales herbal kurang kuat? Karena setelah saya selidiki bao cheng jauh lebih aktif nyenggol nakes dan melakukan saran pengobatan yang bisa dilakukan sendiri ketimbang membeli produknya.","","0","0","0","-1","https://web.facebook.com/groups/AndaBertanyaSainsMenjawab/posts/26697521563201507/"
"1352","Tripuana Rufiokliany","2026-04-28T00:57:00.000Z","Karena ada case medis yg kebetulan (atau tidak kebetulan) terjadi setelah pemberian vaksin.","","0","0","0","-1","https://web.facebook.com/groups/AndaBertanyaSainsMenjawab/posts/26697521563201507/"
"1353","Angga Aditama","2026-04-26T23:03:00.000Z","https://youtu.be/JTfhYyTuT44?si=WZsJk6rOSgoB3yLS","","0","0","0","-1","https://web.facebook.com/groups/AndaBertanyaSainsMenjawab/posts/26697521563201507/"
"1354","Andri Xzoul","2026-04-26T23:50:00.000Z","Ini siklus distrust (ketidakpercayaan) publik. Selalu ada titik jenuh kepercayaan pada sebuah sistem. Apalagi jika sistemnya inkonsisten dan banyak melakukan blunder","","0","0","0","-1","https://web.facebook.com/groups/AndaBertanyaSainsMenjawab/posts/26697521563201507/"
"1355","Rakaryadiwira Bramasta","2026-04-27T00:32:00.000Z","Bumi yang nyata bulat aja masih ada yang bilang datar.","","0","0","0","-1","https://web.facebook.com/groups/AndaBertanyaSainsMenjawab/posts/26697521563201507/"
"1356","Mohammad Rizky Adji","2026-04-27T00:45:00.000Z","Ada yang menggiring opini untuk keuntungan pribadi, ada juga yang murni hanya mempertahankan apa yang dipercaya karena faktor kenyamanan pribadi","","0","0","0","-1","https://web.facebook.com/groups/AndaBertanyaSainsMenjawab/posts/26697521563201507/"
"1357","Karto Dinoto","2026-04-27T05:11:00.000Z","Mungkin seles herbal?","","0","0","0","-1","https://web.facebook.com/groups/AndaBertanyaSainsMenjawab/posts/26697521563201507/"
"1358","Mas Aziz","2026-04-02T23:39:00.000Z","dalam ilmu kedokteran saja ada dua mahzab, kenapa memaksakan 1 harus dipakai ketika luka gores bisa sembuh sendiri","","0","0","0","-1","https://web.facebook.com/ismailfahmibdg/posts/pfbid02oxdKsZptxvzUu7AumoYBfgBYtr3s76JgRbkw6wLgCswU7T5voMvvoDH7WAbSbrmGl"
"1359","Cahyo Dwi Raharjo","2026-04-03T00:39:00.000Z","ironinya adalah pemerintah ada buzzer untuk mengoles wajah pemerintah agar makin kinclong, tapi untuk biaya promkes masif itu seperti masih angan angan,","","0","0","0","-1","https://web.facebook.com/ismailfahmibdg/posts/pfbid02oxdKsZptxvzUu7AumoYBfgBYtr3s76JgRbkw6wLgCswU7T5voMvvoDH7WAbSbrmGl"
"1360","Hesti Kusuma","2026-04-02T23:00:00.000Z","Kalau di China, saran Pak Ismail Fahmi ini diterapkan. Minggu lalu saya kesana. Dan sering memgikuti berita ttg China. Walapun sama Upper Middle Income Countries dan selisih hanya beberapa ribu dolar per kapita, China sangat maju dan tertib kehidupannya.","","0","0","0","-1","https://web.facebook.com/ismailfahmibdg/posts/pfbid02oxdKsZptxvzUu7AumoYBfgBYtr3s76JgRbkw6wLgCswU7T5voMvvoDH7WAbSbrmGl"
"1361","Dika YK","2026-04-06T23:16:00.000Z","Ini di desa ortu saya, awalnya kena gatal serentak, vertigo serentak, sakit di ujung2 jari serentak, apa karna efek vaksin covid? Ya bisa saja, sayangnya nggak ada penelitian tentang efek vaksin covid kemaren.","","0","0","0","-1","https://web.facebook.com/ismailfahmibdg/posts/pfbid02oxdKsZptxvzUu7AumoYBfgBYtr3s76JgRbkw6wLgCswU7T5voMvvoDH7WAbSbrmGl"
"1362","Ente EM ES","2026-04-02T23:21:00.000Z","4. konDisi yg vaksin dan ga vaksin namun sama-sama kena campak bedasarkan realita terbaru bukan berdasarkan jurnal saja , misal yg sembuh walaupun ga vaksin vs yang justru parah setelah vaksin dan parah saat kena campak pdhl sudah vaksin","","0","0","0","-1","https://web.facebook.com/ismailfahmibdg/posts/pfbid02oxdKsZptxvzUu7AumoYBfgBYtr3s76JgRbkw6wLgCswU7T5voMvvoDH7WAbSbrmGl"
"1363","Anty Abudi","2026-04-03T11:06:00.000Z","Apa bedanya divaksin dan gak divaksin ya? Anak2 saya di vaksin campak,,tp msh kena campak juga. Ortu blg,smua org pasti akan kena campak sekali seumur hidup. Jadi,,fungsi vaksin apa dong?","","0","0","0","-1","https://web.facebook.com/ismailfahmibdg/posts/pfbid02oxdKsZptxvzUu7AumoYBfgBYtr3s76JgRbkw6wLgCswU7T5voMvvoDH7WAbSbrmGl"
"1364","Avlien Farlina","2026-04-03T04:56:00.000Z","Sesedih itu ketika menyodorkan fakta lewat jurnal, langsung dikatain ""si paling jurnal"" oleh seseibu yg patokannya sebatas wikipedia","","0","0","0","-1","https://web.facebook.com/ismailfahmibdg/posts/pfbid02oxdKsZptxvzUu7AumoYBfgBYtr3s76JgRbkw6wLgCswU7T5voMvvoDH7WAbSbrmGl"
"1365","Mamiek Siti Mardiana","2026-04-03T05:09:00.000Z","Harusnya tulisan ini dimuat di media nasional","","0","0","0","-1","https://web.facebook.com/ismailfahmibdg/posts/pfbid02oxdKsZptxvzUu7AumoYBfgBYtr3s76JgRbkw6wLgCswU7T5voMvvoDH7WAbSbrmGl"
"1366","Gigih Satya Duckness","2026-04-04T03:27:00.000Z","Kurang lebih begitu tudingan pendukung teori konspirasi (yang mungkin beririsan juga dengan golongan antivac)","","0","0","0","-1","https://web.facebook.com/ismailfahmibdg/posts/pfbid02oxdKsZptxvzUu7AumoYBfgBYtr3s76JgRbkw6wLgCswU7T5voMvvoDH7WAbSbrmGl"
"1367","Amalia Meini","2026-04-05T14:14:00.000Z","Mungkin perlu di-mention juga top influencer dengan narasi antivaksin di X supaya publik yg awam bisa waspada dgn akun tsb","","0","0","0","-1","https://web.facebook.com/ismailfahmibdg/posts/pfbid02oxdKsZptxvzUu7AumoYBfgBYtr3s76JgRbkw6wLgCswU7T5voMvvoDH7WAbSbrmGl"
"1368","Mas Aziz","2026-04-02T09:39:00.000Z","dalam ilmu kedokteran saja ada dua mahzab, kenapa memaksakan 1 harus dipakai ketika luka gores bisa sembuh sendiri","","0","0","0","-1","https://web.facebook.com/ismailfahmibdg/posts/pfbid02oxdKsZptxvzUu7AumoYBfgBYtr3s76JgRbkw6wLgCswU7T5voMvvoDH7WAbSbrmGl"
"1369","Cahyo Dwi Raharjo","2026-04-02T10:39:00.000Z","ironinya adalah pemerintah ada buzzer untuk mengoles wajah pemerintah agar makin kinclong, tapi untuk biaya promkes masif itu seperti masih angan angan,","","0","0","0","-1","https://web.facebook.com/ismailfahmibdg/posts/pfbid02oxdKsZptxvzUu7AumoYBfgBYtr3s76JgRbkw6wLgCswU7T5voMvvoDH7WAbSbrmGl"
"1370","Hesti Kusuma","2026-04-02T09:00:00.000Z","Kalau di China, saran Pak Ismail Fahmi ini diterapkan. Minggu lalu saya kesana. Dan sering memgikuti berita ttg China. Walapun sama Upper Middle Income Countries dan selisih hanya beberapa ribu dolar per kapita, China sangat maju dan tertib kehidupannya.","","0","0","0","-1","https://web.facebook.com/ismailfahmibdg/posts/pfbid02oxdKsZptxvzUu7AumoYBfgBYtr3s76JgRbkw6wLgCswU7T5voMvvoDH7WAbSbrmGl"
"1371","Dika YK","2026-04-06T09:16:00.000Z","Ini di desa ortu saya, awalnya kena gatal serentak, vertigo serentak, sakit di ujung2 jari serentak, apa karna efek vaksin covid? Ya bisa saja, sayangnya nggak ada penelitian tentang efek vaksin covid kemaren.","","0","0","0","-1","https://web.facebook.com/ismailfahmibdg/posts/pfbid02oxdKsZptxvzUu7AumoYBfgBYtr3s76JgRbkw6wLgCswU7T5voMvvoDH7WAbSbrmGl"
"1372","Ente EM ES","2026-04-02T09:21:00.000Z","4. konDisi yg vaksin dan ga vaksin namun sama-sama kena campak bedasarkan realita terbaru bukan berdasarkan jurnal saja , misal yg sembuh walaupun ga vaksin vs yang justru parah setelah vaksin dan parah saat kena campak pdhl sudah vaksin","","0","0","0","-1","https://web.facebook.com/ismailfahmibdg/posts/pfbid02oxdKsZptxvzUu7AumoYBfgBYtr3s76JgRbkw6wLgCswU7T5voMvvoDH7WAbSbrmGl"
"1373","Riana Mardiana","2026-01-24T03:20:00.000Z","Padahal semua ibu itu tau yg terbaik buat anaknya, kan mereka yg urusin tiap hari, mereka yg lahirin, biarin mereka ngurusin dgn cara & kepercayaan nya masing².","","0","0","0","-1","https://web.facebook.com/photo/?fbid=1432880741502035&set=a.366218104834976"
"1374","Justin Hubner","2026-01-24T04:13:00.000Z","Yang ada sekarang hanyalah ilusi statistik,,penipuan model laboratorium(Tes kit antibodi/penentuan cutt off tes di perusahaan biotek),,,Kemudian deteksi model pcr,,,berikut program prangkat lunak..dsb.","","0","0","0","-1","https://web.facebook.com/photo/?fbid=1432880741502035&set=a.366218104834976"
"1375","Indri Swandari","2026-01-24T04:20:00.000Z","Saya punya ank 3 anak yg pertama paksin lengkap, yg ke 2 setiap paksin demam kejang2 akhirnya berhenti amapi ank ke 3 paksin ya ngk hbs bukan anti paksin cuma kalu ada apa2 ngk ada perduli lepas tangan semua sdh belajr dri pengalaman... Jangn suka ngatain2 orng kondisi anak kita tu ngk sama...","","0","0","0","-1","https://web.facebook.com/photo/?fbid=1432880741502035&set=a.366218104834976"
"1376","Safitri Rahmat","2026-01-24T03:47:00.000Z","Mkanya klo anknya ga vaksin diem aja ga ush koar"" Seolah"" tnpa vaksin ank sehat dan bgtpun sebaliknya. Psti hidupmu aman","","0","0","0","-1","https://web.facebook.com/photo/?fbid=1432880741502035&set=a.366218104834976"
"1377","Isyana Rahayu","2026-01-24T03:05:00.000Z","Vaksin itu soal kepercayaan masing2. Gk usah diumbar kalo capek nanggepinnya. Kcuali tujuannya cari viewer","","0","0","0","-1","https://web.facebook.com/photo/?fbid=1432880741502035&set=a.366218104834976"
"1378","Novianti Pua","2026-01-25T22:36:00.000Z","Tapi bun skrg udah beda jaman gak kyak jaman dulu tapi orgtuaku juga meskipun jaman dahulu orgtuaku di imunisasi bun sekeluarga klau skrg banyak bakteri,virus dimana2 jadi vaksin itu melindungi anak. Bun coba kamu liat aja di TT ada yg viral kakak-beradik kena batuk pertusis krna ibunya gk mau imunisasi anaknya akhirnya anak yg jadi korban kasus kek gini udah banyak korban sbarnya bun coba aja kamu search di TT banyak bahkan ada yg kena diare parah sampai dehidrasi anaknya krna gak di imunisasi Rotavirus","","0","0","0","-1","https://web.facebook.com/photo/?fbid=1432880741502035&set=a.366218104834976"
"1379","Fitri Agustina","2026-02-09T04:05:00.000Z","Sy lbh percaya dokter2 yg ga melulu vksn(mrk wlo sering ""dikucilkan"") tp edukasinya lbh humanis&adil ttg imunologi,virus,bakteri dsb....mrk tdk anti vak tp lbh membuka wawasan dg fair jd yg paham akan lbh memilih pola hidup sehat drpd apa2 solusi vksn","","0","0","0","-1","https://web.facebook.com/DokterErta/posts/pfbid0sDTDeSJVPR7LGefNEUth2iGr7iezWJkHSoGMrnbjPwQ8jAUCem6n1TDLfJbZfSc2l"
"1380","Martin","2026-02-09T04:22:00.000Z","Penjelasan dokter dpt disimpulkan,, pentingnya IMUNISASI DASAR pada bayi 0-18 bulan...","","0","0","0","-1","https://web.facebook.com/DokterErta/posts/pfbid0sDTDeSJVPR7LGefNEUth2iGr7iezWJkHSoGMrnbjPwQ8jAUCem6n1TDLfJbZfSc2l"
"1381","Hafsoh Ummu Afnan","2026-02-09T02:30:00.000Z","Kalau anda sudah bisa menjamin kejadian kipi mau bertanggung jawab penuh, dan korban mendapat keadilan total, antivaksin bakal berkurang. Seringnya masyarakat d edukasi tentang kengerian penyakit campak, tapi tak pernah d edukasi soal efek merugikan vaksin, padahal ada","","0","0","0","-1","https://web.facebook.com/DokterErta/posts/pfbid0sDTDeSJVPR7LGefNEUth2iGr7iezWJkHSoGMrnbjPwQ8jAUCem6n1TDLfJbZfSc2l"
"1382","Pakdhe Indro","2026-02-09T02:09:00.000Z","Campak tidak membunuh & bisa sembuh sendiri maksimal 10 hari dgn menaikkan kekebalan alami tubuh. Virus tetap dikenali & menghasilkan antibody yg lebih tinggi dibandingkan vaksin campak.","","0","0","0","-1","https://web.facebook.com/DokterErta/posts/pfbid0sDTDeSJVPR7LGefNEUth2iGr7iezWJkHSoGMrnbjPwQ8jAUCem6n1TDLfJbZfSc2l"
"1383","Doni","2026-02-09T02:50:00.000Z","Makin banyak dokter ,makin banyak rumah sakit..kenapa makin banyak penyakit?????","","0","0","0","-1","https://web.facebook.com/DokterErta/posts/pfbid0sDTDeSJVPR7LGefNEUth2iGr7iezWJkHSoGMrnbjPwQ8jAUCem6n1TDLfJbZfSc2l"
"1384","Ninuk S","2026-02-09T02:57:00.000Z","Beberapa kali baca postingan (di antaranya ada bidan, bahkan dokter) mengenai vaksin (bukan covid tapi vaksin pada bayi/balita). Ujaran ketidaksukaan banyak banget di kolom komentar.","","0","0","0","-1","https://web.facebook.com/DokterErta/posts/pfbid0sDTDeSJVPR7LGefNEUth2iGr7iezWJkHSoGMrnbjPwQ8jAUCem6n1TDLfJbZfSc2l"
"1385","Indri Antoni","2026-02-09T12:02:00.000Z","Plis yg badannya aman2 aj gosa komen. Krn mereka yg badannya ga trima itu manusia yg punya rasa n bukan cuman angka.","","0","0","0","-1","https://web.facebook.com/DokterErta/posts/pfbid0sDTDeSJVPR7LGefNEUth2iGr7iezWJkHSoGMrnbjPwQ8jAUCem6n1TDLfJbZfSc2l"
"1386","Joseph Heru Kristianto","2026-02-15T14:33:00.000Z","Saya vax cacar , eh malah kena cacar, gimana dok ?","","0","0","0","-1","https://web.facebook.com/DokterErta/posts/pfbid0sDTDeSJVPR7LGefNEUth2iGr7iezWJkHSoGMrnbjPwQ8jAUCem6n1TDLfJbZfSc2l"
"1387","Helly Ely","2026-02-14T23:43:00.000Z","Kelihatannya mmng akhir2 ini penyakit yg ada di zaman dahulu mulai sering mnyerang ank2.. Lalu kita hrs bgaimna?... Seiring narasi yg mnyebar, membingungkan..","","0","0","0","-1","https://web.facebook.com/DokterErta/posts/pfbid0sDTDeSJVPR7LGefNEUth2iGr7iezWJkHSoGMrnbjPwQ8jAUCem6n1TDLfJbZfSc2l"
"1388","Raisa RosiAna Ramdhani","2026-02-13T04:47:00.000Z","Kalau saya mikirnya begini. Setiap malam dan siang menjaga anak jangan sampai digigit nyamuk. Ko malah ikhlas sekali memasukkan virus ke tubuh anak. Pikiran ku bodoh tetapi ini yg terbaik ku sebagai ibu.","","0","0","0","-1","https://web.facebook.com/DokterErta/posts/pfbid0sDTDeSJVPR7LGefNEUth2iGr7iezWJkHSoGMrnbjPwQ8jAUCem6n1TDLfJbZfSc2l"
"1389","Fitri Agustina","2026-02-08T13:05:00.000Z","Sy lbh percaya dokter2 yg ga melulu vksn(mrk wlo sering ""dikucilkan"") tp edukasinya lbh humanis&adil ttg imunologi,virus,bakteri dsb....mrk tdk anti vak tp lbh membuka wawasan dg fair jd yg paham akan lbh memilih pola hidup sehat drpd apa2 solusi vksn","","0","0","0","-1","https://web.facebook.com/DokterErta/posts/pfbid0sDTDeSJVPR7LGefNEUth2iGr7iezWJkHSoGMrnbjPwQ8jAUCem6n1TDLfJbZfSc2l"
"1390","Martin","2026-02-08T13:22:00.000Z","Penjelasan dokter dpt disimpulkan,, pentingnya IMUNISASI DASAR pada bayi 0-18 bulan...","","0","0","0","-1","https://web.facebook.com/DokterErta/posts/pfbid0sDTDeSJVPR7LGefNEUth2iGr7iezWJkHSoGMrnbjPwQ8jAUCem6n1TDLfJbZfSc2l"
"1391","Hafsoh Ummu Afnan","2026-02-08T11:30:00.000Z","Kalau anda sudah bisa menjamin kejadian kipi mau bertanggung jawab penuh, dan korban mendapat keadilan total, antivaksin bakal berkurang. Seringnya masyarakat d edukasi tentang kengerian penyakit campak, tapi tak pernah d edukasi soal efek merugikan vaksin, padahal ada","","0","0","0","-1","https://web.facebook.com/DokterErta/posts/pfbid0sDTDeSJVPR7LGefNEUth2iGr7iezWJkHSoGMrnbjPwQ8jAUCem6n1TDLfJbZfSc2l"
"1392","Pakdhe Indro","2026-02-08T11:09:00.000Z","Campak tidak membunuh & bisa sembuh sendiri maksimal 10 hari dgn menaikkan kekebalan alami tubuh. Virus tetap dikenali & menghasilkan antibody yg lebih tinggi dibandingkan vaksin campak.","","0","0","0","-1","https://web.facebook.com/DokterErta/posts/pfbid0sDTDeSJVPR7LGefNEUth2iGr7iezWJkHSoGMrnbjPwQ8jAUCem6n1TDLfJbZfSc2l"
"1393","Doni","2026-02-08T11:50:00.000Z","Makin banyak dokter ,makin banyak rumah sakit..kenapa makin banyak penyakit?????","","0","0","0","-1","https://web.facebook.com/DokterErta/posts/pfbid0sDTDeSJVPR7LGefNEUth2iGr7iezWJkHSoGMrnbjPwQ8jAUCem6n1TDLfJbZfSc2l"
"1394","Nen Setia Al Tampani","2025-11-03T06:30:00.000Z","pertama orang yang sudah positif rabies kagak ada obat nya kagak ada vakisinya .","","0","0","0","-1","https://web.facebook.com/deeyahsajalah.deeyahsajalah/posts/pfbid02r2ed1XvK5rYUBqByzVH4mB8DWHhR5pA46Ft9bNp7G9hbH7ZbjnEHZCWtL1oSFeRsl"
"1395","Suki Jan","2025-11-03T06:17:00.000Z","Tp misal kena rabies biasanya butuh waktu karena rabies itu pelan” dalam menyerang organ, dan titik terparah saat sudah sampai ke otak, gk bisa minum air sedikitpun karena otak mengirim sinyal ke tubuh untuk menjauhi air sebagai reaksi hydrophibia.","","0","0","0","-1","https://web.facebook.com/deeyahsajalah.deeyahsajalah/posts/pfbid02r2ed1XvK5rYUBqByzVH4mB8DWHhR5pA46Ft9bNp7G9hbH7ZbjnEHZCWtL1oSFeRsl"
"1396","Lydia Agustina","2025-11-08T15:00:00.000Z","Catatan buat para nakes, qodarullah jika ada pasien antivaksin kena rabies, jangan beri vaksin anti rabies.","","0","0","0","-1","https://web.facebook.com/deeyahsajalah.deeyahsajalah/posts/pfbid02r2ed1XvK5rYUBqByzVH4mB8DWHhR5pA46Ft9bNp7G9hbH7ZbjnEHZCWtL1oSFeRsl"
"1397","Valentina Ummu Alifah","2025-11-03T05:46:00.000Z","Jangan sampai tergigit, atau mengkonsumsi dagingnya, jangan ada interaksi dgn anjing, alhamdulillaah dr kecil gx pernah main sama hewan, apalagi anjing paling takut","","0","0","0","-1","https://web.facebook.com/deeyahsajalah.deeyahsajalah/posts/pfbid02r2ed1XvK5rYUBqByzVH4mB8DWHhR5pA46Ft9bNp7G9hbH7ZbjnEHZCWtL1oSFeRsl"
"1398","W Ayu","2025-11-03T08:54:00.000Z","Kalau seperti itu yang seharusnya di vaksin. Anjingnya yah?","","0","0","0","-1","https://web.facebook.com/deeyahsajalah.deeyahsajalah/posts/pfbid02r2ed1XvK5rYUBqByzVH4mB8DWHhR5pA46Ft9bNp7G9hbH7ZbjnEHZCWtL1oSFeRsl"
"1399","Anggun Twogel","2025-11-03T13:29:00.000Z","koh Bao Chenx ada yg butuh pencerahan nih.","","0","0","0","-1","https://web.facebook.com/deeyahsajalah.deeyahsajalah/posts/pfbid02r2ed1XvK5rYUBqByzVH4mB8DWHhR5pA46Ft9bNp7G9hbH7ZbjnEHZCWtL1oSFeRsl"
"1400","Kacamata Tugu Lilin","2025-11-03T06:43:00.000Z","2. dia mengabaikan kesehatan diri sendiri dan piaraan.","","0","0","0","-1","https://web.facebook.com/deeyahsajalah.deeyahsajalah/posts/pfbid02r2ed1XvK5rYUBqByzVH4mB8DWHhR5pA46Ft9bNp7G9hbH7ZbjnEHZCWtL1oSFeRsl"
"1401","Sarmida Bojone Sarmidi","2025-11-03T05:36:00.000Z","Anjing makan anjing akhirnya mengurangi habitat anjing rabies dan anjing jadi²an yg gak sehat otaknya","","0","0","0","-1","https://web.facebook.com/deeyahsajalah.deeyahsajalah/posts/pfbid02r2ed1XvK5rYUBqByzVH4mB8DWHhR5pA46Ft9bNp7G9hbH7ZbjnEHZCWtL1oSFeRsl"
"1402","Sashee Majene","2025-11-03T05:15:00.000Z","Udah tau kl\ dagingnya dri hewan yg sakit malah dimakan,,,,gimana sihhh","","0","0","0","-1","https://web.facebook.com/deeyahsajalah.deeyahsajalah/posts/pfbid02r2ed1XvK5rYUBqByzVH4mB8DWHhR5pA46Ft9bNp7G9hbH7ZbjnEHZCWtL1oSFeRsl"
"1403","Enin Silmi","2025-11-03T05:31:00.000Z","Astaghfirullah","","0","0","0","-1","https://web.facebook.com/deeyahsajalah.deeyahsajalah/posts/pfbid02r2ed1XvK5rYUBqByzVH4mB8DWHhR5pA46Ft9bNp7G9hbH7ZbjnEHZCWtL1oSFeRsl"
"1404","Nen Setia Al Tampani","2025-11-02T15:30:00.000Z","pertama orang yang sudah positif rabies kagak ada obat nya kagak ada vakisinya .","","0","0","0","-1","https://web.facebook.com/deeyahsajalah.deeyahsajalah/posts/pfbid02r2ed1XvK5rYUBqByzVH4mB8DWHhR5pA46Ft9bNp7G9hbH7ZbjnEHZCWtL1oSFeRsl"
"1405","Suki Jan","2025-11-02T15:17:00.000Z","Tp misal kena rabies biasanya butuh waktu karena rabies itu pelan” dalam menyerang organ, dan titik terparah saat sudah sampai ke otak, gk bisa minum air sedikitpun karena otak mengirim sinyal ke tubuh untuk menjauhi air sebagai reaksi hydrophibia.","","0","0","0","-1","https://web.facebook.com/deeyahsajalah.deeyahsajalah/posts/pfbid02r2ed1XvK5rYUBqByzVH4mB8DWHhR5pA46Ft9bNp7G9hbH7ZbjnEHZCWtL1oSFeRsl"
"1406","Lydia Agustina","2025-11-08T00:00:00.000Z","Catatan buat para nakes, qodarullah jika ada pasien antivaksin kena rabies, jangan beri vaksin anti rabies.","","0","0","0","-1","https://web.facebook.com/deeyahsajalah.deeyahsajalah/posts/pfbid02r2ed1XvK5rYUBqByzVH4mB8DWHhR5pA46Ft9bNp7G9hbH7ZbjnEHZCWtL1oSFeRsl"
"1407","Valentina Ummu Alifah","2025-11-02T14:46:00.000Z","Jangan sampai tergigit, atau mengkonsumsi dagingnya, jangan ada interaksi dgn anjing, alhamdulillaah dr kecil gx pernah main sama hewan, apalagi anjing paling takut","","0","0","0","-1","https://web.facebook.com/deeyahsajalah.deeyahsajalah/posts/pfbid02r2ed1XvK5rYUBqByzVH4mB8DWHhR5pA46Ft9bNp7G9hbH7ZbjnEHZCWtL1oSFeRsl"
"1408","W Ayu","2025-11-02T17:54:00.000Z","Kalau seperti itu yang seharusnya di vaksin. Anjingnya yah?","","0","0","0","-1","https://web.facebook.com/deeyahsajalah.deeyahsajalah/posts/pfbid02r2ed1XvK5rYUBqByzVH4mB8DWHhR5pA46Ft9bNp7G9hbH7ZbjnEHZCWtL1oSFeRsl"
"1409","Khairil Izzan Ardiansyah","2026-04-25T22:29:00.000Z","Anak pertama pro vaksin krna new mom masih goblok ..  bahkan imunisasi bayar di sp.A versi IDAI lengkap lah pokok nya.. di anak ke 2 udh belajar ga vaksin lengkap lagi..","","0","0","0","-1","https://web.facebook.com/siti.znab.5/posts/pfbid0KsyfaQN3d9s4zktR9wF1aASUmd3RMnBQSTsiFgVYQwdkZtsqFkGsowwPuDQNUPK9l"
"1410","Villyca Valentine","2026-04-25T00:04:00.000Z","Proses obat dr uji coba smapau launching itu lama apalagi kalau bukan situasi darurat, panjang rentetan dan  jurnal2 tertulis yg harus dilengkapi dan diuji.","","0","0","0","-1","https://web.facebook.com/siti.znab.5/posts/pfbid0KsyfaQN3d9s4zktR9wF1aASUmd3RMnBQSTsiFgVYQwdkZtsqFkGsowwPuDQNUPK9l"
"1411","Tungga Pratiwi Handicraft","2026-04-26T02:56:00.000Z","Tahun dpn 60 vaksinan gacoooor vaksin trs jdkan kelinci industri hahaha jozzzz","","0","0","0","-1","https://web.facebook.com/siti.znab.5/posts/pfbid0KsyfaQN3d9s4zktR9wF1aASUmd3RMnBQSTsiFgVYQwdkZtsqFkGsowwPuDQNUPK9l"
"1412","Desy Tri Wahyu","2026-04-26T01:56:00.000Z","Sebulan 4","","0","0","0","-1","https://web.facebook.com/siti.znab.5/posts/pfbid0KsyfaQN3d9s4zktR9wF1aASUmd3RMnBQSTsiFgVYQwdkZtsqFkGsowwPuDQNUPK9l"
"1413","Kurnia Catur","2026-04-24T12:23:00.000Z","Vaksinnya udah ada dari lama, tapi baru sekarang disubsidi pemerintah, tadinya berbayar","","0","0","0","-1","https://web.facebook.com/siti.znab.5/posts/pfbid0KsyfaQN3d9s4zktR9wF1aASUmd3RMnBQSTsiFgVYQwdkZtsqFkGsowwPuDQNUPK9l"
"1414","Yoshidara Puri Habsari","2026-04-26T10:33:00.000Z","Dahlah pake logika aja, skrg anak bayi divaksiin segitu banyak..","","0","0","0","-1","https://web.facebook.com/siti.znab.5/posts/pfbid0KsyfaQN3d9s4zktR9wF1aASUmd3RMnBQSTsiFgVYQwdkZtsqFkGsowwPuDQNUPK9l"
"1415","Lhyviie","2026-04-27T08:31:00.000Z","Bener bgt bun mknnya mau imunisasi jadi maju mundur,  wktu ank prtma full lngkp skrg ank kedua gtw knpa mrasa khwtir","","0","0","0","-1","https://web.facebook.com/siti.znab.5/posts/pfbid0KsyfaQN3d9s4zktR9wF1aASUmd3RMnBQSTsiFgVYQwdkZtsqFkGsowwPuDQNUPK9l"
"1416","Hana Yunitasari","2026-04-25T00:16:00.000Z","Apalagi klo sesuai IDAI, lebih banyak lg. Yg standar kemenkes jg udah lumayan","","0","0","0","-1","https://web.facebook.com/siti.znab.5/posts/pfbid0KsyfaQN3d9s4zktR9wF1aASUmd3RMnBQSTsiFgVYQwdkZtsqFkGsowwPuDQNUPK9l"
"1417","Abu Alifa Al Indunisiy","2026-04-26T01:13:00.000Z","Banyak vaksin banyak penyakit, itu kuncinya..","","0","0","0","-1","https://web.facebook.com/siti.znab.5/posts/pfbid0KsyfaQN3d9s4zktR9wF1aASUmd3RMnBQSTsiFgVYQwdkZtsqFkGsowwPuDQNUPK9l"
"1418","Triana Wulan","2026-04-26T12:49:00.000Z","Anakku yg kelahiran 2021 juga kayaknya nggk banyak vaksinnya.. sekarang kelahiran 2025. Kok bentar bentar vaksin ya bund","","0","0","0","-1","https://web.facebook.com/siti.znab.5/posts/pfbid0KsyfaQN3d9s4zktR9wF1aASUmd3RMnBQSTsiFgVYQwdkZtsqFkGsowwPuDQNUPK9l"
"1419","Khairil Izzan Ardiansyah","2026-04-25T08:29:00.000Z","Anak pertama pro vaksin krna new mom masih goblok ..  bahkan imunisasi bayar di sp.A versi IDAI lengkap lah pokok nya.. di anak ke 2 udh belajar ga vaksin lengkap lagi..","","0","0","0","-1","https://web.facebook.com/siti.znab.5/posts/pfbid0KsyfaQN3d9s4zktR9wF1aASUmd3RMnBQSTsiFgVYQwdkZtsqFkGsowwPuDQNUPK9l"
"1420","Villyca Valentine","2026-04-24T10:04:00.000Z","Proses obat dr uji coba smapau launching itu lama apalagi kalau bukan situasi darurat, panjang rentetan dan  jurnal2 tertulis yg harus dilengkapi dan diuji.","","0","0","0","-1","https://web.facebook.com/siti.znab.5/posts/pfbid0KsyfaQN3d9s4zktR9wF1aASUmd3RMnBQSTsiFgVYQwdkZtsqFkGsowwPuDQNUPK9l"
"1421","Tungga Pratiwi Handicraft","2026-04-25T12:56:00.000Z","Tahun dpn 60 vaksinan gacoooor vaksin trs jdkan kelinci industri hahaha jozzzz","","0","0","0","-1","https://web.facebook.com/siti.znab.5/posts/pfbid0KsyfaQN3d9s4zktR9wF1aASUmd3RMnBQSTsiFgVYQwdkZtsqFkGsowwPuDQNUPK9l"
"1422","Desy Tri Wahyu","2026-04-25T11:56:00.000Z","Sebulan 4","","0","0","0","-1","https://web.facebook.com/siti.znab.5/posts/pfbid0KsyfaQN3d9s4zktR9wF1aASUmd3RMnBQSTsiFgVYQwdkZtsqFkGsowwPuDQNUPK9l"
"1423","Kurnia Catur","2026-04-23T22:23:00.000Z","Vaksinnya udah ada dari lama, tapi baru sekarang disubsidi pemerintah, tadinya berbayar","","0","0","0","-1","https://web.facebook.com/siti.znab.5/posts/pfbid0KsyfaQN3d9s4zktR9wF1aASUmd3RMnBQSTsiFgVYQwdkZtsqFkGsowwPuDQNUPK9l"
"1424","Siti Jenab","2026-04-25T11:57:00.000Z","Ya kamu adalah.. Dulu anak lanang q gk divaksin sekarang udah SD ikut divaksin di sekolah..","","0","0","0","-1","https://web.facebook.com/siti.znab.5/posts/pfbid02xpu1VvscfARjQYVJVQqDv53nKxEAMXkAQVAjZ61GAymiujBXViBhUsEnbcsWtpn5l"
"1425","Ismi Hidayati","2026-04-24T03:09:00.000Z","Karena BB rendah itu ya termasuk ""keluhan"". Anak aktif bukan patokan ""bener2 sehat"". Anak saya pribadi aktif, tapi sempat BB stuck 2 bulan, cek lab teryata anemia. Terapi zat besi, Alhamdulillah BB nya naik lagi sesuai usianya.","","0","0","0","-1","https://web.facebook.com/siti.znab.5/posts/pfbid02xpu1VvscfARjQYVJVQqDv53nKxEAMXkAQVAjZ61GAymiujBXViBhUsEnbcsWtpn5l"
"1426","Erna Ummu Royyan","2026-04-23T09:35:00.000Z","Sy msih trauma dn TDK mo mlht anakku sakit..cukup bulan llu sy mlht tubuh mungilnya dgn alat2 brjuang di ruang NICU 12 hari..bukn  prematur tp kakinya biru dn diksih minum sufor masuk ke paru2nya sehingga hrs dibantu pernafasan dn di sedot susu yg masuk ke paru2nya bercampur lendir..rencana mo imunisasi tp liat postingan ttg imunisasi jdi takut..","","0","0","0","-1","https://web.facebook.com/siti.znab.5/posts/pfbid02xpu1VvscfARjQYVJVQqDv53nKxEAMXkAQVAjZ61GAymiujBXViBhUsEnbcsWtpn5l"
"1427","Julianadewi","2026-04-23T01:19:00.000Z","tujuan vaksin kan mencegah, klo Anak yg divaksin ibarat nya punya antibodi buat ngelawan virus klo suatu saat tertular, makanya anak yg divaksin cepet sembuh dari anak yg anti vaksin.","","0","0","0","-1","https://web.facebook.com/siti.znab.5/posts/pfbid02xpu1VvscfARjQYVJVQqDv53nKxEAMXkAQVAjZ61GAymiujBXViBhUsEnbcsWtpn5l"
"1428","Endank Wadika","2026-04-24T07:10:00.000Z","Bersyukur lah kalian yg ortu jg mertua ga ikut campur dlm parenting anak. Imunisasi/gak bukan berarti anak ga sakit, hny imun tubuh si anak yg bisa menolak virus"" masuk ke dlm tubuh. Jd buat kalian ibu"" yg anak ny SDH di vaksin/ tdk sm sekali. Itu urusan kalian, jgn bilang anak saya ga di vaksin sehat"" aj kog. Skrg anak ny SDH besar, hello kondisi anak beda"". Jgn samain anak anda dgn anak org Laen. Ada ibu yg vaksin lengkap ke anak, ya sdh biarin aj. Mau dia vaksin di bidan/ dokter anak sekali pun, itu jg uang mereka. Ortu tau mana yg terbaik untuk anak jd jgn mjd ortu yg suka membanding"" an anak yg di imunisasi/ enggak.","","0","0","0","-1","https://web.facebook.com/siti.znab.5/posts/pfbid02xpu1VvscfARjQYVJVQqDv53nKxEAMXkAQVAjZ61GAymiujBXViBhUsEnbcsWtpn5l"
"1429","Abi Umi","2026-04-27T23:38:00.000Z","Mau bilang vaksin itu bikin anti bodi kuat ,tetap saja perlu penelitian seperti CDC bagaimana kasus pasca imunisasi,dan harus pernyataan resmi dari badan resmi penelitian penyakit seperti CDC selama yg bicara bukan badan resmi,maka jangan dulu dipercaya","","0","0","0","-1","https://web.facebook.com/siti.znab.5/posts/pfbid02xpu1VvscfARjQYVJVQqDv53nKxEAMXkAQVAjZ61GAymiujBXViBhUsEnbcsWtpn5l"
"1430","Aty Ariyani","2026-04-24T03:55:00.000Z","𝑨𝒏𝒂𝒌 𝒂𝒒 𝟑 𝒔𝒆𝒎𝒖𝒂 𝒕𝒊𝒅𝒂𝒌 𝒅 𝒑𝒂𝒌𝒔𝒊𝒏.. 𝒀𝒈 𝒑𝒆𝒓𝒕𝒂𝒎𝒂 𝒔𝒅𝒉 𝟏𝟕 𝒕𝒉𝒏. 𝑫𝒂𝒏 𝒚𝒈 𝒌𝒆 𝒅𝒖𝒂 𝟏𝟑 𝒕𝒉𝒏 𝒅𝒂𝒏 𝒕𝒓𝒂𝒉𝒊𝒓  𝟗 𝒃𝒍𝒏 𝑨𝒍𝒉𝒂𝒎𝒅𝒖𝒍𝒊𝒍𝒍𝒂𝒉 𝒔𝒆𝒉𝒂𝒕 𝒔𝒆𝒉𝒂𝒕 𝒂𝒋𝒂.. 𝒌𝒂𝒍𝒐 𝒑𝒖𝒏 𝒔𝒂𝒌𝒊𝒕 𝒃𝒆𝒍𝒊 𝒐𝒃𝒂𝒕 𝒅 𝒘𝒂𝒓𝒖𝒏𝒈 𝒑𝒖𝒏 𝒖𝒅𝒉 𝒔𝒆𝒎𝒃𝒖𝒉.. 𝑮𝒂 𝒃𝒊𝒔𝒂 𝒍𝒂𝒎𝒂 𝒔𝒂𝒌𝒊𝒕 𝒏𝒚𝒂.. 𝑪𝒖𝒎𝒂 𝒃𝒂𝒕𝒖𝒌 𝒑𝒊𝒍𝒆𝒌 𝒅𝒂𝒏 𝒑𝒂𝒏𝒂𝒔 𝒈𝒂 𝒑𝒆𝒓𝒏𝒂𝒉 𝒔𝒂𝒌𝒊𝒕 𝒍𝒂𝒆𝒏 𝒏𝒚𝒂..","","0","0","0","-1","https://web.facebook.com/siti.znab.5/posts/pfbid02xpu1VvscfARjQYVJVQqDv53nKxEAMXkAQVAjZ61GAymiujBXViBhUsEnbcsWtpn5l"
"1431","Halimah Kenzzi","2026-04-26T02:26:00.000Z","BB anakku tidak sesuai harapan DSA aja harus tiap bulan kontrol.. di target juga harus naik sekian..","","0","0","0","-1","https://web.facebook.com/siti.znab.5/posts/pfbid02xpu1VvscfARjQYVJVQqDv53nKxEAMXkAQVAjZ61GAymiujBXViBhUsEnbcsWtpn5l"
"1432","Dimas Aditya","2026-04-24T02:16:00.000Z","anakku sudah sampai dpt2. mau dpt 3 saya stop dlu karena ada acara keluarga 2 bulan. paling nnti umur 5 bulan lanjut dpt3. semoga ngga demam ataupun nangis sampai 2 hari seperti habis suntik dpt2","","0","0","0","-1","https://web.facebook.com/siti.znab.5/posts/pfbid02xpu1VvscfARjQYVJVQqDv53nKxEAMXkAQVAjZ61GAymiujBXViBhUsEnbcsWtpn5l"
"1433","Desty Wahyu Pramesti","2026-04-23T13:03:00.000Z","Aku full imunisasi, tp skrg anak kedua bimbing karna semakin banyak jenis nya","","0","0","0","-1","https://web.facebook.com/siti.znab.5/posts/pfbid02xpu1VvscfARjQYVJVQqDv53nKxEAMXkAQVAjZ61GAymiujBXViBhUsEnbcsWtpn5l"
"1434","Siti Jenab","2026-04-24T21:57:00.000Z","Ya kamu adalah.. Dulu anak lanang q gk divaksin sekarang udah SD ikut divaksin di sekolah..","","0","0","0","-1","https://web.facebook.com/siti.znab.5/posts/pfbid02xpu1VvscfARjQYVJVQqDv53nKxEAMXkAQVAjZ61GAymiujBXViBhUsEnbcsWtpn5l"
"1435","Ismi Hidayati","2026-04-23T13:09:00.000Z","Karena BB rendah itu ya termasuk ""keluhan"". Anak aktif bukan patokan ""bener2 sehat"". Anak saya pribadi aktif, tapi sempat BB stuck 2 bulan, cek lab teryata anemia. Terapi zat besi, Alhamdulillah BB nya naik lagi sesuai usianya.","","0","0","0","-1","https://web.facebook.com/siti.znab.5/posts/pfbid02xpu1VvscfARjQYVJVQqDv53nKxEAMXkAQVAjZ61GAymiujBXViBhUsEnbcsWtpn5l"
"1436","Erna Ummu Royyan","2026-04-22T19:35:00.000Z","Sy msih trauma dn TDK mo mlht anakku sakit..cukup bulan llu sy mlht tubuh mungilnya dgn alat2 brjuang di ruang NICU 12 hari..bukn  prematur tp kakinya biru dn diksih minum sufor masuk ke paru2nya sehingga hrs dibantu pernafasan dn di sedot susu yg masuk ke paru2nya bercampur lendir..rencana mo imunisasi tp liat postingan ttg imunisasi jdi takut..","","0","0","0","-1","https://web.facebook.com/siti.znab.5/posts/pfbid02xpu1VvscfARjQYVJVQqDv53nKxEAMXkAQVAjZ61GAymiujBXViBhUsEnbcsWtpn5l"
"1437","Julianadewi","2026-04-22T11:19:00.000Z","tujuan vaksin kan mencegah, klo Anak yg divaksin ibarat nya punya antibodi buat ngelawan virus klo suatu saat tertular, makanya anak yg divaksin cepet sembuh dari anak yg anti vaksin.","","0","0","0","-1","https://web.facebook.com/siti.znab.5/posts/pfbid02xpu1VvscfARjQYVJVQqDv53nKxEAMXkAQVAjZ61GAymiujBXViBhUsEnbcsWtpn5l"
"1438","Endank Wadika","2026-04-23T17:10:00.000Z","Bersyukur lah kalian yg ortu jg mertua ga ikut campur dlm parenting anak. Imunisasi/gak bukan berarti anak ga sakit, hny imun tubuh si anak yg bisa menolak virus"" masuk ke dlm tubuh. Jd buat kalian ibu"" yg anak ny SDH di vaksin/ tdk sm sekali. Itu urusan kalian, jgn bilang anak saya ga di vaksin sehat"" aj kog. Skrg anak ny SDH besar, hello kondisi anak beda"". Jgn samain anak anda dgn anak org Laen. Ada ibu yg vaksin lengkap ke anak, ya sdh biarin aj. Mau dia vaksin di bidan/ dokter anak sekali pun, itu jg uang mereka. Ortu tau mana yg terbaik untuk anak jd jgn mjd ortu yg suka membanding"" an anak yg di imunisasi/ enggak.","","0","0","0","-1","https://web.facebook.com/siti.znab.5/posts/pfbid02xpu1VvscfARjQYVJVQqDv53nKxEAMXkAQVAjZ61GAymiujBXViBhUsEnbcsWtpn5l"
"1439","Bidan Fina","2026-03-08T05:24:00.000Z","Konsultasi sama bubidan yu https://www.facebook.com/61576055546254/subscribenow?surface=pinned_comments","","0","0","0","-1","https://web.facebook.com/photo/?fbid=122171760218868518&set=a.122139716750868518"
"1440","Ri Quest To","2026-03-08T07:08:00.000Z","intinya marketing suatu Produk akan membuat konsumen yakin dan percya dngn produknya bahwa produknya bagus kuat dan tahan lama ,tp tidak pernah memberikan informasi negatif kepada pelanggan agar pelanggan tetap tertarik menjadi konsumen,kurang lebih begitu gambaran pemasaran produk kendaraan","","0","0","0","-1","https://web.facebook.com/photo/?fbid=122171760218868518&set=a.122139716750868518"
"1441","Zuraida Risqi Gazali","2026-03-08T10:13:00.000Z","Klo anak no vaksin trus sakit campak yg disalahkn ibu nya . Dan klo anak dgn vaksin lengkap ttp masih kena campak ga ada yg mau bertanggung jwb trus ttp ibu nya yg salah","","0","0","0","-1","https://web.facebook.com/photo/?fbid=122171760218868518&set=a.122139716750868518"
"1442","Andini Rizky Marselly","2026-03-08T11:02:00.000Z","Penyakit campak dr jaman dlu sudah ada. Saya, adek2 saya kami gak vaksin. Kami sudah terkena campak, Alhamdulillah sembuh, sehat sampai skrg. Anak anak saya ke 4 sudah kena campak, 3 anak gak vaksin tapi mereka sembuh dgn cepat. Yg penting di obatin jgn dibiarin. Heboh amat, kaya virus baru aja. Jualan tuh gak usah maksa, yg mau mau aja.","","0","0","0","-1","https://web.facebook.com/photo/?fbid=122171760218868518&set=a.122139716750868518"
"1443","Dini Hartanti","2026-03-08T08:35:00.000Z","Maaf bu bidan dri pd nyalah anti vaksin cb yg kena campak di edukasi dan di himbau agar mreka tdk mnularkn penyakitnya k ank2 sehat lainnya. Ini bukan soal anti vaksin.","","0","0","0","-1","https://web.facebook.com/photo/?fbid=122171760218868518&set=a.122139716750868518"
"1444","Virman Syah","2026-03-08T05:24:00.000Z","Penyakit campak dr jaman dlu sudah ada. Saya, adek2 saya kami gak vaksin. Kami sudah terkena campak, Alhamdulillah sembuh, sehat sampai skrg. Anak anak saya ke 4 sudah kena campak, 3 anak gak vaksin tapi mereka sembuh dgn cepat. Yg penting di obatin jgn dibiarin. Heboh amat, kaya virus baru aja. Jualan tuh gak usah maksa, yg mau mau aja.","","0","0","0","-1","https://web.facebook.com/photo/?fbid=122171760218868518&set=a.122139716750868518"
"1445","Klemens Tay Nage","2026-05-08T04:00:00.000Z","Saya Pikir Mereknya Verorab. Klo Boleh Usul Saran Ad Selain VAR di t4 kerja kita perlu juga dengan","","0","0","0","-1","https://web.facebook.com/ichaa.milu/posts/pfbid038PaKL3Xr1TJD16JCe8WpEYKyiTRVpgXss1dWecvZ8USdhhy2XjkCtCNbQquSJZM4l"
"1446","Klemens Tay Nage","2026-05-08T03:50:00.000Z","Puji Tuhan Luar Biasa Ad Klo VAR Su Sampai di Flores. Nama Merek/ Branch nya : “Verorab” atau Bukan Ad?","","0","0","0","-1","https://web.facebook.com/ichaa.milu/posts/pfbid038PaKL3Xr1TJD16JCe8WpEYKyiTRVpgXss1dWecvZ8USdhhy2XjkCtCNbQquSJZM4l"
"1447","Miana Paula","2026-05-08T08:09:00.000Z","Puji Tuhan  eee mm bidan....","","0","0","0","-1","https://web.facebook.com/ichaa.milu/posts/pfbid038PaKL3Xr1TJD16JCe8WpEYKyiTRVpgXss1dWecvZ8USdhhy2XjkCtCNbQquSJZM4l"
"1448","Dinda Novilia","2026-05-08T03:37:00.000Z","Luar biasa","","0","0","0","-1","https://web.facebook.com/ichaa.milu/posts/pfbid038PaKL3Xr1TJD16JCe8WpEYKyiTRVpgXss1dWecvZ8USdhhy2XjkCtCNbQquSJZM4l"
"1449","Lee Marselinus","2026-05-08T11:55:00.000Z","Tidak apa2 yang penting tersedia..","","0","0","0","-1","https://web.facebook.com/ichaa.milu/posts/pfbid038PaKL3Xr1TJD16JCe8WpEYKyiTRVpgXss1dWecvZ8USdhhy2XjkCtCNbQquSJZM4l"
"1450","Klemens Tay Nage","2026-05-07T14:00:00.000Z","Saya Pikir Mereknya Verorab. Klo Boleh Usul Saran Ad Selain VAR di t4 kerja kita perlu juga dengan","","0","0","0","-1","https://web.facebook.com/ichaa.milu/posts/pfbid038PaKL3Xr1TJD16JCe8WpEYKyiTRVpgXss1dWecvZ8USdhhy2XjkCtCNbQquSJZM4l"
"1451","Klemens Tay Nage","2026-05-07T13:50:00.000Z","Puji Tuhan Luar Biasa Ad Klo VAR Su Sampai di Flores. Nama Merek/ Branch nya : “Verorab” atau Bukan Ad?","","0","0","0","-1","https://web.facebook.com/ichaa.milu/posts/pfbid038PaKL3Xr1TJD16JCe8WpEYKyiTRVpgXss1dWecvZ8USdhhy2XjkCtCNbQquSJZM4l"
"1452","Miana Paula","2026-05-07T18:09:00.000Z","Puji Tuhan  eee mm bidan....","","0","0","0","-1","https://web.facebook.com/ichaa.milu/posts/pfbid038PaKL3Xr1TJD16JCe8WpEYKyiTRVpgXss1dWecvZ8USdhhy2XjkCtCNbQquSJZM4l"
"1453","Dinda Novilia","2026-05-07T13:37:00.000Z","Luar biasa","","0","0","0","-1","https://web.facebook.com/ichaa.milu/posts/pfbid038PaKL3Xr1TJD16JCe8WpEYKyiTRVpgXss1dWecvZ8USdhhy2XjkCtCNbQquSJZM4l"
"1454","Lee Marselinus","2026-05-07T21:55:00.000Z","Tidak apa2 yang penting tersedia..","","0","0","0","-1","https://web.facebook.com/ichaa.milu/posts/pfbid038PaKL3Xr1TJD16JCe8WpEYKyiTRVpgXss1dWecvZ8USdhhy2XjkCtCNbQquSJZM4l"
"1455","Fajar Indra Perwira N","2026-02-10T01:23:00.000Z","Pertengahan memang butuh kedewasaan (tua)  kaburrrrr","","0","0","0","-1","https://web.facebook.com/abahna.iram/posts/pfbid026hcfHwiNNZEqc8gUjnno9FTPTThCbSShn7zognpfgGu1HGxzrpbehVvFnPhmDf9Tl"
"1456","Ibn Muhammad","2026-02-10T01:40:00.000Z","Kalau masih satu susah bilang sudah adil apa belum","","0","0","0","-1","https://web.facebook.com/abahna.iram/posts/pfbid026hcfHwiNNZEqc8gUjnno9FTPTThCbSShn7zognpfgGu1HGxzrpbehVvFnPhmDf9Tl"
"1457","Cahyono Aljawi","2026-02-10T01:07:00.000Z","Adil bah","","0","0","0","-1","https://web.facebook.com/abahna.iram/posts/pfbid026hcfHwiNNZEqc8gUjnno9FTPTThCbSShn7zognpfgGu1HGxzrpbehVvFnPhmDf9Tl"
"1458","Abu Chaidar","2026-02-10T01:15:00.000Z","Cocok jadi hakim ini","","0","0","0","-1","https://web.facebook.com/abahna.iram/posts/pfbid026hcfHwiNNZEqc8gUjnno9FTPTThCbSShn7zognpfgGu1HGxzrpbehVvFnPhmDf9Tl"
"1459","Nemie","2026-02-10T01:11:00.000Z","bos , jahe merah karimah tea","","0","0","0","-1","https://web.facebook.com/abahna.iram/posts/pfbid026hcfHwiNNZEqc8gUjnno9FTPTThCbSShn7zognpfgGu1HGxzrpbehVvFnPhmDf9Tl"
"1460","Abu Hasna Agus","2026-02-10T01:26:00.000Z","Sudaaahhh...","","0","0","0","-1","https://web.facebook.com/abahna.iram/posts/pfbid026hcfHwiNNZEqc8gUjnno9FTPTThCbSShn7zognpfgGu1HGxzrpbehVvFnPhmDf9Tl"
"1461","Fajar Indra Perwira N","2026-02-09T10:23:00.000Z","Pertengahan memang butuh kedewasaan (tua)  kaburrrrr","","0","0","0","-1","https://web.facebook.com/abahna.iram/posts/pfbid026hcfHwiNNZEqc8gUjnno9FTPTThCbSShn7zognpfgGu1HGxzrpbehVvFnPhmDf9Tl"
"1462","Ibn Muhammad","2026-02-09T10:40:00.000Z","Kalau masih satu susah bilang sudah adil apa belum","","0","0","0","-1","https://web.facebook.com/abahna.iram/posts/pfbid026hcfHwiNNZEqc8gUjnno9FTPTThCbSShn7zognpfgGu1HGxzrpbehVvFnPhmDf9Tl"
"1463","Cahyono Aljawi","2026-02-09T10:07:00.000Z","Adil bah","","0","0","0","-1","https://web.facebook.com/abahna.iram/posts/pfbid026hcfHwiNNZEqc8gUjnno9FTPTThCbSShn7zognpfgGu1HGxzrpbehVvFnPhmDf9Tl"
"1464","Abu Chaidar","2026-02-09T10:15:00.000Z","Cocok jadi hakim ini","","0","0","0","-1","https://web.facebook.com/abahna.iram/posts/pfbid026hcfHwiNNZEqc8gUjnno9FTPTThCbSShn7zognpfgGu1HGxzrpbehVvFnPhmDf9Tl"
"1465","Nemie","2026-02-09T10:11:00.000Z","bos , jahe merah karimah tea","","0","0","0","-1","https://web.facebook.com/abahna.iram/posts/pfbid026hcfHwiNNZEqc8gUjnno9FTPTThCbSShn7zognpfgGu1HGxzrpbehVvFnPhmDf9Tl"
"1466","Abu Hasna Agus","2026-02-09T10:26:00.000Z","Sudaaahhh...","","0","0","0","-1","https://web.facebook.com/abahna.iram/posts/pfbid026hcfHwiNNZEqc8gUjnno9FTPTThCbSShn7zognpfgGu1HGxzrpbehVvFnPhmDf9Tl"
"1467","unknown","2025-02-23T23:42:00.000Z","Sekarang waktunya bagaimana atasi efek samping, itu lebih baik kita carikan solusinya","","0","0","0","-1","https://web.facebook.com/tonang.ardyanto/posts/pfbid02FnSj59Gy9SW85z9qVhAtJxdbnB6FusPrbX4Uohd7FddWbVYu9hdiBKRox3xM8LMvl"
"1468","unknown","2025-02-24T00:14:00.000Z","berapa jumlah vaksin yang terbuang karena kadaluarsa ?","","0","0","0","-1","https://web.facebook.com/tonang.ardyanto/posts/pfbid02FnSj59Gy9SW85z9qVhAtJxdbnB6FusPrbX4Uohd7FddWbVYu9hdiBKRox3xM8LMvl"
"1469","unknown","2025-02-24T00:38:00.000Z","Bahkan obat biasa pun ada juga orang yang alergi terhadap obat tersebut","","0","0","0","-1","https://web.facebook.com/tonang.ardyanto/posts/pfbid02FnSj59Gy9SW85z9qVhAtJxdbnB6FusPrbX4Uohd7FddWbVYu9hdiBKRox3xM8LMvl"
"1470","unknown","2025-02-24T00:41:00.000Z","Mungkin perlu diusulkan ke pemerintah Prof, ""National Vaccine Injury Compensation Program"" di Amerika yang memberi kompensasi ke yang mengalami efek samping, jadi tanpa menyalahkan pihak2 manapun atau menuntut2 ke hukum.","","0","0","0","-1","https://web.facebook.com/tonang.ardyanto/posts/pfbid02FnSj59Gy9SW85z9qVhAtJxdbnB6FusPrbX4Uohd7FddWbVYu9hdiBKRox3xM8LMvl"
"1471","unknown","2025-02-24T03:49:00.000Z","Dulu sebelum covid tindakan antivaks sudah ada. Narasi seputar tripsin babi, janin aborsi, darah kera, dll. Pasca covid jadi mbeleber kemana2. Dijelaskan dengan data eeh dia bawa data yg hoax. Agen ekit gombal anak buah bilkgates, tatanan ekonomi dunia. Ujung2 jualan metode pengobatan, ujung2 jualan produk2 herbal yg belum jelas dosis nya. Toh ujung2 nya mereka klo dalam keadaan darurat larinya ke medis juga.","","0","0","0","-1","https://web.facebook.com/tonang.ardyanto/posts/pfbid02FnSj59Gy9SW85z9qVhAtJxdbnB6FusPrbX4Uohd7FddWbVYu9hdiBKRox3xM8LMvl"
"1472","unknown","2025-02-24T04:30:00.000Z","Saya termasuk yg mendapatkan manfaat dari vaksin Covid. Dengan vaksin booster, alhamdulillah gejala2 long Covid saya membaik dan dapat meningkatkan kualitas hidup. Tapi tidak memungkiri, ada orang2 yg mengalami post vaccine syndrome (PVS).","","0","0","0","-1","https://web.facebook.com/tonang.ardyanto/posts/pfbid02FnSj59Gy9SW85z9qVhAtJxdbnB6FusPrbX4Uohd7FddWbVYu9hdiBKRox3xM8LMvl"
"1473","unknown","2025-02-24T04:41:00.000Z","Sebagai gambaran, antivaks itu kayak orang yg meributkan fatality rate penerbangan yg 0.001 per seratus juta miles shg gak mau naik pesawat terbang, tapi anteng saja gak masalah naik kendaraan yg dgn mile yg sama punya angka 0.54.","","0","0","0","-1","https://web.facebook.com/tonang.ardyanto/posts/pfbid02FnSj59Gy9SW85z9qVhAtJxdbnB6FusPrbX4Uohd7FddWbVYu9hdiBKRox3xM8LMvl"
"1474","unknown","2025-02-24T07:11:00.000Z","Jejak","","0","0","0","-1","https://web.facebook.com/tonang.ardyanto/posts/pfbid02FnSj59Gy9SW85z9qVhAtJxdbnB6FusPrbX4Uohd7FddWbVYu9hdiBKRox3xM8LMvl"
"1475","unknown","2025-02-24T20:50:00.000Z","Harusnya muncul pertanyaan, mengapa ada yang merasa baik² saja setelah divaksin dan sebagian merasa tidak baik² saja setelah divaksin? Sehingga tidak akan jatuh dalam pengabaian terhadap keselamatan pasen. Berapapun. Jangan pernah berfikir mati 1 dibanding 1000 yg hidup tidak apa². Tidak pernah ada satupun keluarga yg rela anggotanya menjadi 1 diatara 1000 . Tapi berfikirlah mengapa yang satu itu berbeda dibanding 1000. Sehingga dengan pemahaman tersebut sains akan berkembang dan tidak berhenti pada kesimpulan, anomali.","","0","0","0","-1","https://web.facebook.com/tonang.ardyanto/posts/pfbid02FnSj59Gy9SW85z9qVhAtJxdbnB6FusPrbX4Uohd7FddWbVYu9hdiBKRox3xM8LMvl"
"1476","unknown","2025-02-25T01:27:00.000Z","Cara bacanya dari waktu ke waktu, orangnya pada kapok, sakit-sakitan, atau meninggal. Terbukti jumlah yg mau ambil menurun, bahkan sampai terakhir kurang dari 5%","","0","0","0","-1","https://web.facebook.com/tonang.ardyanto/posts/pfbid02FnSj59Gy9SW85z9qVhAtJxdbnB6FusPrbX4Uohd7FddWbVYu9hdiBKRox3xM8LMvl"
"1477","unknown","2025-02-23T08:42:00.000Z","Sekarang waktunya bagaimana atasi efek samping, itu lebih baik kita carikan solusinya","","0","0","0","-1","https://web.facebook.com/tonang.ardyanto/posts/pfbid02FnSj59Gy9SW85z9qVhAtJxdbnB6FusPrbX4Uohd7FddWbVYu9hdiBKRox3xM8LMvl"
"1478","unknown","2025-02-23T09:14:00.000Z","berapa jumlah vaksin yang terbuang karena kadaluarsa ?","","0","0","0","-1","https://web.facebook.com/tonang.ardyanto/posts/pfbid02FnSj59Gy9SW85z9qVhAtJxdbnB6FusPrbX4Uohd7FddWbVYu9hdiBKRox3xM8LMvl"
"1479","unknown","2025-02-23T09:38:00.000Z","Bahkan obat biasa pun ada juga orang yang alergi terhadap obat tersebut","","0","0","0","-1","https://web.facebook.com/tonang.ardyanto/posts/pfbid02FnSj59Gy9SW85z9qVhAtJxdbnB6FusPrbX4Uohd7FddWbVYu9hdiBKRox3xM8LMvl"
"1480","unknown","2025-02-23T09:41:00.000Z","Mungkin perlu diusulkan ke pemerintah Prof, ""National Vaccine Injury Compensation Program"" di Amerika yang memberi kompensasi ke yang mengalami efek samping, jadi tanpa menyalahkan pihak2 manapun atau menuntut2 ke hukum.","","0","0","0","-1","https://web.facebook.com/tonang.ardyanto/posts/pfbid02FnSj59Gy9SW85z9qVhAtJxdbnB6FusPrbX4Uohd7FddWbVYu9hdiBKRox3xM8LMvl"
"1481","unknown","2025-02-23T12:49:00.000Z","Dulu sebelum covid tindakan antivaks sudah ada. Narasi seputar tripsin babi, janin aborsi, darah kera, dll. Pasca covid jadi mbeleber kemana2. Dijelaskan dengan data eeh dia bawa data yg hoax. Agen ekit gombal anak buah bilkgates, tatanan ekonomi dunia. Ujung2 jualan metode pengobatan, ujung2 jualan produk2 herbal yg belum jelas dosis nya. Toh ujung2 nya mereka klo dalam keadaan darurat larinya ke medis juga.","","0","0","0","-1","https://web.facebook.com/tonang.ardyanto/posts/pfbid02FnSj59Gy9SW85z9qVhAtJxdbnB6FusPrbX4Uohd7FddWbVYu9hdiBKRox3xM8LMvl"
"1482","Supri Jy Cooll Coll","2026-05-12T22:49:00.000Z","Makin di beritakan makin boming","","0","0","0","-1","https://web.facebook.com/beritajatimnews/posts/pfbid032E8aHBZh8nZh2yS4y9BLNBccH7HT5GG3vzQoeP6ji5fc9GDkhuKAuarfCWUzU9hVl"
"1483","You","2026-05-11T11:38:00.000Z","Tai","","0","0","0","-1","https://web.facebook.com/beritajatimnews/posts/pfbid032E8aHBZh8nZh2yS4y9BLNBccH7HT5GG3vzQoeP6ji5fc9GDkhuKAuarfCWUzU9hVl"
"1484","Lapo Lee","2026-05-13T07:37:00.000Z","Mau mengelak yaaa","","0","0","0","-1","https://web.facebook.com/beritajatimnews/posts/pfbid032E8aHBZh8nZh2yS4y9BLNBccH7HT5GG3vzQoeP6ji5fc9GDkhuKAuarfCWUzU9hVl"
"1485","Nana Nu","2026-05-11T12:36:00.000Z","Jualan vaksin lagi yuk","","0","0","0","-1","https://web.facebook.com/beritajatimnews/posts/pfbid032E8aHBZh8nZh2yS4y9BLNBccH7HT5GG3vzQoeP6ji5fc9GDkhuKAuarfCWUzU9hVl"
"1486","Suparno","2026-05-13T15:08:00.000Z","Jika ini seperti ini, jangan biarkan ini menjadi viral, pemerintah akan senang jika ini menjadi viral","","0","0","0","-1","https://web.facebook.com/beritajatimnews/posts/pfbid032E8aHBZh8nZh2yS4y9BLNBccH7HT5GG3vzQoeP6ji5fc9GDkhuKAuarfCWUzU9hVl"
"1487","Padank Lubiz Lubiz","2026-05-11T05:35:00.000Z","tai","","0","0","0","-1","https://web.facebook.com/beritajatimnews/posts/pfbid032E8aHBZh8nZh2yS4y9BLNBccH7HT5GG3vzQoeP6ji5fc9GDkhuKAuarfCWUzU9hVl"
"1488","Supri Jy Cooll Coll","2026-05-12T08:49:00.000Z","Makin di beritakan makin boming","","0","0","0","-1","https://web.facebook.com/beritajatimnews/posts/pfbid032E8aHBZh8nZh2yS4y9BLNBccH7HT5GG3vzQoeP6ji5fc9GDkhuKAuarfCWUzU9hVl"
"1489","You","2026-05-10T21:38:00.000Z","Tai","","0","0","0","-1","https://web.facebook.com/beritajatimnews/posts/pfbid032E8aHBZh8nZh2yS4y9BLNBccH7HT5GG3vzQoeP6ji5fc9GDkhuKAuarfCWUzU9hVl"
"1490","Lapo Lee","2026-05-12T17:37:00.000Z","Mau mengelak yaaa","","0","0","0","-1","https://web.facebook.com/beritajatimnews/posts/pfbid032E8aHBZh8nZh2yS4y9BLNBccH7HT5GG3vzQoeP6ji5fc9GDkhuKAuarfCWUzU9hVl"
"1491","Nana Nu","2026-05-10T22:36:00.000Z","Jualan vaksin lagi yuk","","0","0","0","-1","https://web.facebook.com/beritajatimnews/posts/pfbid032E8aHBZh8nZh2yS4y9BLNBccH7HT5GG3vzQoeP6ji5fc9GDkhuKAuarfCWUzU9hVl"
"1492","Suparno","2026-05-13T01:08:00.000Z","Jika ini seperti ini, jangan biarkan ini menjadi viral, pemerintah akan senang jika ini menjadi viral","","0","0","0","-1","https://web.facebook.com/beritajatimnews/posts/pfbid032E8aHBZh8nZh2yS4y9BLNBccH7HT5GG3vzQoeP6ji5fc9GDkhuKAuarfCWUzU9hVl"
"1493","Padank Lubiz Lubiz","2026-05-10T15:35:00.000Z","tai","","0","0","0","-1","https://web.facebook.com/beritajatimnews/posts/pfbid032E8aHBZh8nZh2yS4y9BLNBccH7HT5GG3vzQoeP6ji5fc9GDkhuKAuarfCWUzU9hVl"
"1494","Lucky Harmony Reborn","2026-05-12T00:42:00.000Z","Senjata biologis itu. Jangan terkecoh.","","0","0","0","-1","https://web.facebook.com/photo/?fbid=829217056909013&set=a.110081985489194"
"1495","Yoke Yasinta Korneles","2026-05-13T13:57:00.000Z","Terlalu Banyak Berita Yang Aneh""dan dalam Masalah Covid.....Pak,mengapa tidak Semua mereka Yang Di Suntik Covid Yang Sama,Namun hanya satu orang Yang kena Virus????.....kan Aneh....untung di Luar Negri Ke Jadiannya...jika di Sini....Mungkin Ada Yang Mengatakan Emang dia Orang Yang Sangat Jahat Semasah Hidupnya","","0","0","0","-1","https://web.facebook.com/photo/?fbid=829217056909013&set=a.110081985489194"
"1496","Cavian","2026-05-15T07:19:00.000Z","Tuhan sudah berbicara","","0","0","0","-1","https://web.facebook.com/photo/?fbid=829217056909013&set=a.110081985489194"
"1497","Maria Oktofin Taaweran","2026-05-17T10:23:00.000Z","Tetap percaya TUHAN YESUS KRISTUS...Immanuel...Amin","","0","0","0","-1","https://web.facebook.com/photo/?fbid=829217056909013&set=a.110081985489194"
"1498","Anto Ariyanto","2025-08-11T09:57:00.000Z","Orang yg meninggal itu Bu,,sudah waktunya di panggil oleh yg maha kuasa ( ALLAH ) Biar kita sehat sekalipun tapi sudah pada waktunya tetap aja kembali ke yg kuasa..jadi bukan nanti di vaksin trus umurnya panjang ibuu...mau 1 tahun orang Indonesia meninggal dengan ratusan ribu,itu sudah TAKDIR,,jangan terlalu banyak omon²..penyakit TBC sudah dari dulu sudah ada obatnya di puskesmas maupun di rumah sakit..kok di vaksin lagi..maksudnya apa nii..","","0","0","0","-1","https://web.facebook.com/tvOneNews/videos/1026734859411002/"
"1499","unknown","2025-07-05T05:00:00.000Z","semoga Allah menghukum orang orang yg membuat resah masyarakat Aamiin Aamiin Aamiin Yaa Rabbal allamiin. Kunfayaku Allah uakhbar","","0","0","0","-1","https://web.facebook.com/tvOneNews/videos/1026734859411002/"
"1500","Ayuk Setiyani","2026-07-08T10:00:00.000Z","Laahh aku kirain jg gitu soalnya dulu anak pertama kaya gt 5 Thun lalu, skrg anak kedua ternyata udah beda","","0","0","0","-1","https://web.facebook.com/groups/282962616769375/posts/1341493490916277/"
"1501","Alikha Ayrin","2026-07-08T10:16:00.000Z","Faktanya dpt itu efeknya panas,rewel dan ada juga hal² yg gak diinginkan...dan faktanya suntik dpt itu 2 paha sekaligus+obat tetes.kalo cuma sekali suntik aja mngkn gak pa² dde bayi nya yg bikin anak sampai demam, rewel,dan sampai BLA BLA itu yg bikin kita sebagai ortu deg²an,cemas khawatir bahkan sampai trauma.","","0","0","0","-1","https://web.facebook.com/groups/282962616769375/posts/1341493490916277/"
"1502","Nenkk Ruhayy","2026-07-08T12:39:00.000Z","Halah saya suntik dpt 1 diposyandu yg nyuntik bidan puskesmas,2 suntikan di paha kanan semua..","","0","0","0","-1","https://web.facebook.com/groups/282962616769375/posts/1341493490916277/"
"1503","Viaann","2026-07-09T08:13:00.000Z","Lahhh trnyta ini cma 1 suntik nya, tp klo d daerah saya knp 2 paha suntik nya kanan kiri, trus di kasih tetes ke mulut nya 2 macam jg..","","0","0","0","-1","https://web.facebook.com/groups/282962616769375/posts/1341493490916277/"
"1504","Meyra Anggraeni","2026-07-10T02:45:00.000Z","Dpt 1 2 3 bkanya paha kanan kri smua y","","0","0","0","-1","https://web.facebook.com/groups/282962616769375/posts/1341493490916277/"
"1505","Hartini","2026-07-09T12:25:00.000Z","bayiku udah DPT 2","","0","0","0","-1","https://web.facebook.com/groups/282962616769375/posts/1341493490916277/"
"1506","Noona Yach","2026-07-09T06:01:00.000Z","Tim yg gk mau vaksin","","0","0","0","-1","https://web.facebook.com/groups/282962616769375/posts/1341493490916277/"
"1507","Dwi Yuni Setyowati","2026-07-09T14:01:00.000Z","Alhamdulillah ank ke 2 qu udh lolos per dptan suntik pertma demam smpek 3 hri mungkin Krn obat Bru masuk ke badan jdi blm terbiasa dpt 2 GK demam SMA kli dpt 3 demamnya cma semalem aj. Kta bidan qu itu tergantung anknya klo posisi ank di suntik tegang yg pasti bkln demam dan bengkak klo lagi rilex gk bkln demam dan bengkak","","0","0","0","-1","https://web.facebook.com/groups/282962616769375/posts/1341493490916277/"
"1508","Chellyn Lywun","2026-07-08T06:52:00.000Z","klau 24 bulan di paha kha lengan","","0","0","0","-1","https://web.facebook.com/groups/282962616769375/posts/1341493490916277/"
"1509","Puput Putri","2026-07-10T00:25:00.000Z","Anakku bulan ini mau 4 bulan ketinggalan dpt1 krn tiap mau suntik posyandu selalu ada halangan, bisa dikejar ga ya usia 4 bulan","","0","0","0","-1","https://web.facebook.com/groups/282962616769375/posts/1341493490916277/"
"1510","Ayuk Setiyani","2026-07-07T20:00:00.000Z","Laahh aku kirain jg gitu soalnya dulu anak pertama kaya gt 5 Thun lalu, skrg anak kedua ternyata udah beda","","0","0","0","-1","https://web.facebook.com/groups/282962616769375/posts/1341493490916277/"
"1511","Alikha Ayrin","2026-07-07T20:16:00.000Z","Faktanya dpt itu efeknya panas,rewel dan ada juga hal² yg gak diinginkan...dan faktanya suntik dpt itu 2 paha sekaligus+obat tetes.kalo cuma sekali suntik aja mngkn gak pa² dde bayi nya yg bikin anak sampai demam, rewel,dan sampai BLA BLA itu yg bikin kita sebagai ortu deg²an,cemas khawatir bahkan sampai trauma.","","0","0","0","-1","https://web.facebook.com/groups/282962616769375/posts/1341493490916277/"
"1512","Nenkk Ruhayy","2026-07-07T22:39:00.000Z","Halah saya suntik dpt 1 diposyandu yg nyuntik bidan puskesmas,2 suntikan di paha kanan semua..","","0","0","0","-1","https://web.facebook.com/groups/282962616769375/posts/1341493490916277/"
"1513","Viaann","2026-07-08T18:13:00.000Z","Lahhh trnyta ini cma 1 suntik nya, tp klo d daerah saya knp 2 paha suntik nya kanan kiri, trus di kasih tetes ke mulut nya 2 macam jg..","","0","0","0","-1","https://web.facebook.com/groups/282962616769375/posts/1341493490916277/"
"1514","Meyra Anggraeni","2026-07-09T12:45:00.000Z","Dpt 1 2 3 bkanya paha kanan kri smua y","","0","0","0","-1","https://web.facebook.com/groups/282962616769375/posts/1341493490916277/"
"1515","Syaefullah Ryouma","2024-05-13T08:08:00.000Z","Sudah beberapa tahun harus minum amlodipin atau candensartan.","","0","0","0","-1","https://web.facebook.com/chooni.romadhony.1/posts/pfbid02JeSiNS7W7Ei9pmfxrWufyZyrfp5f11nowyeB71wXfEscdnDbZ6pE6WXSJqVLwF1il"
"1516","Vivi N Nadhor","2024-05-13T08:18:00.000Z","Sudah daftar dong","","0","0","0","-1","https://web.facebook.com/chooni.romadhony.1/posts/pfbid02JeSiNS7W7Ei9pmfxrWufyZyrfp5f11nowyeB71wXfEscdnDbZ6pE6WXSJqVLwF1il"
"1517","Ayoe Fjr Rahayu","2024-05-14T04:25:00.000Z","Ketinggalan","","0","0","0","-1","https://web.facebook.com/chooni.romadhony.1/posts/pfbid02JeSiNS7W7Ei9pmfxrWufyZyrfp5f11nowyeB71wXfEscdnDbZ6pE6WXSJqVLwF1il"
"1518","Agus Wahyudi","2024-05-13T09:54:00.000Z","Alhamdulillah akhirnya kebagian slot juga","","0","0","0","-1","https://web.facebook.com/chooni.romadhony.1/posts/pfbid02JeSiNS7W7Ei9pmfxrWufyZyrfp5f11nowyeB71wXfEscdnDbZ6pE6WXSJqVLwF1il"
"1519","Gracia Praycilla Pakpahan","2024-05-13T09:39:00.000Z","Saya sudah daftar pak de","","0","0","0","-1","https://web.facebook.com/chooni.romadhony.1/posts/pfbid02JeSiNS7W7Ei9pmfxrWufyZyrfp5f11nowyeB71wXfEscdnDbZ6pE6WXSJqVLwF1il"
"1520","Nugroho Catur","2024-05-18T13:53:00.000Z","Sistem imun kita bisa produksi antigen / antibody dari virus mati yg masuk ke tubuh ya Pak ?","","0","0","0","-1","https://web.facebook.com/chooni.romadhony.1/posts/pfbid02JeSiNS7W7Ei9pmfxrWufyZyrfp5f11nowyeB71wXfEscdnDbZ6pE6WXSJqVLwF1il"
"1521","Erta Kustanti","2024-05-13T08:19:00.000Z","Pak, webinar-nya njenengan bisa dapat sertifikat tidak?","","0","0","0","-1","https://web.facebook.com/chooni.romadhony.1/posts/pfbid02JeSiNS7W7Ei9pmfxrWufyZyrfp5f11nowyeB71wXfEscdnDbZ6pE6WXSJqVLwF1il"
"1522","Kadek Tirta Rock Harding","2024-05-13T08:46:00.000Z","Pak de shere nanti hasil webinarnya iya pk de... biar sy bisa tonton.maunya ikut tp krena kerja jd gk bisa.","","0","0","0","-1","https://web.facebook.com/chooni.romadhony.1/posts/pfbid02JeSiNS7W7Ei9pmfxrWufyZyrfp5f11nowyeB71wXfEscdnDbZ6pE6WXSJqVLwF1il"
"1523","Sabanulhudha","2024-05-13T07:41:00.000Z","Apakah 131 masih bisa jadi solusi pakdhe","","0","0","0","-1","https://web.facebook.com/chooni.romadhony.1/posts/pfbid02JeSiNS7W7Ei9pmfxrWufyZyrfp5f11nowyeB71wXfEscdnDbZ6pE6WXSJqVLwF1il"
"1524","Indro Adrianto Permono","2024-05-13T10:08:00.000Z","Slot webinarnya masih ada??","","0","0","0","-1","https://web.facebook.com/chooni.romadhony.1/posts/pfbid02JeSiNS7W7Ei9pmfxrWufyZyrfp5f11nowyeB71wXfEscdnDbZ6pE6WXSJqVLwF1il"
"1525","Syaefullah Ryouma","2024-05-12T18:08:00.000Z","Sudah beberapa tahun harus minum amlodipin atau candensartan.","","0","0","0","-1","https://web.facebook.com/chooni.romadhony.1/posts/pfbid02JeSiNS7W7Ei9pmfxrWufyZyrfp5f11nowyeB71wXfEscdnDbZ6pE6WXSJqVLwF1il"
"1526","Vivi N Nadhor","2024-05-12T18:18:00.000Z","Sudah daftar dong","","0","0","0","-1","https://web.facebook.com/chooni.romadhony.1/posts/pfbid02JeSiNS7W7Ei9pmfxrWufyZyrfp5f11nowyeB71wXfEscdnDbZ6pE6WXSJqVLwF1il"
"1527","Ayoe Fjr Rahayu","2024-05-13T14:25:00.000Z","Ketinggalan","","0","0","0","-1","https://web.facebook.com/chooni.romadhony.1/posts/pfbid02JeSiNS7W7Ei9pmfxrWufyZyrfp5f11nowyeB71wXfEscdnDbZ6pE6WXSJqVLwF1il"
"1528","Agus Wahyudi","2024-05-12T19:54:00.000Z","Alhamdulillah akhirnya kebagian slot juga","","0","0","0","-1","https://web.facebook.com/chooni.romadhony.1/posts/pfbid02JeSiNS7W7Ei9pmfxrWufyZyrfp5f11nowyeB71wXfEscdnDbZ6pE6WXSJqVLwF1il"
"1529","Gracia Praycilla Pakpahan","2024-05-12T19:39:00.000Z","Saya sudah daftar pak de","","0","0","0","-1","https://web.facebook.com/chooni.romadhony.1/posts/pfbid02JeSiNS7W7Ei9pmfxrWufyZyrfp5f11nowyeB71wXfEscdnDbZ6pE6WXSJqVLwF1il"
"1530","Ibra Nasihah","2026-03-21T05:21:00.000Z","Sama bun saya juga lgi galau blm dpt 1 anak udh mau 3 BLN KK nya imunisasi lengkap","","0","0","0","-1","https://web.facebook.com/laella.sahrull/posts/pfbid02yJkE7cL9Pkje8WhUbhpwqFqW5s6Sf45r7ysg37JxeBTrLxE3R34keq42ejzg6861l"
"1531","Animah Animah","2026-03-22T02:39:00.000Z","lanjut mb... biar adil buat anak2... klo knp2 kita GK disalahin... klo sakit dll sudah takdir Allah","","0","0","0","-1","https://web.facebook.com/laella.sahrull/posts/pfbid02yJkE7cL9Pkje8WhUbhpwqFqW5s6Sf45r7ysg37JxeBTrLxE3R34keq42ejzg6861l"
"1532","Diana Naura Shafia","2026-03-20T06:43:00.000Z","Sama Bun saya si bayi smpe 3 kali doang","","0","0","0","-1","https://web.facebook.com/laella.sahrull/posts/pfbid02yJkE7cL9Pkje8WhUbhpwqFqW5s6Sf45r7ysg37JxeBTrLxE3R34keq42ejzg6861l"
"1533","Karsieh Mamahnya Dede Vino","2026-03-20T08:11:00.000Z","Lanjut ka demi kesehatan kekebalan dedenya","","0","0","0","-1","https://web.facebook.com/laella.sahrull/posts/pfbid02yJkE7cL9Pkje8WhUbhpwqFqW5s6Sf45r7ysg37JxeBTrLxE3R34keq42ejzg6861l"
"1534","Etik Kusriani","2026-03-20T06:40:00.000Z","Ssmangat lanjutkan mba","","0","0","0","-1","https://web.facebook.com/laella.sahrull/posts/pfbid02yJkE7cL9Pkje8WhUbhpwqFqW5s6Sf45r7ysg37JxeBTrLxE3R34keq42ejzg6861l"
"1535","Yuli","2026-03-20T07:54:00.000Z","Semangat harus lengkap","","0","0","0","-1","https://web.facebook.com/laella.sahrull/posts/pfbid02yJkE7cL9Pkje8WhUbhpwqFqW5s6Sf45r7ysg37JxeBTrLxE3R34keq42ejzg6861l"
"1536","Ibra Nasihah","2026-03-20T15:21:00.000Z","Sama bun saya juga lgi galau blm dpt 1 anak udh mau 3 BLN KK nya imunisasi lengkap","","0","0","0","-1","https://web.facebook.com/laella.sahrull/posts/pfbid02yJkE7cL9Pkje8WhUbhpwqFqW5s6Sf45r7ysg37JxeBTrLxE3R34keq42ejzg6861l"
"1537","Animah Animah","2026-03-21T12:39:00.000Z","lanjut mb... biar adil buat anak2... klo knp2 kita GK disalahin... klo sakit dll sudah takdir Allah","","0","0","0","-1","https://web.facebook.com/laella.sahrull/posts/pfbid02yJkE7cL9Pkje8WhUbhpwqFqW5s6Sf45r7ysg37JxeBTrLxE3R34keq42ejzg6861l"
"1538","Diana Naura Shafia","2026-03-19T16:43:00.000Z","Sama Bun saya si bayi smpe 3 kali doang","","0","0","0","-1","https://web.facebook.com/laella.sahrull/posts/pfbid02yJkE7cL9Pkje8WhUbhpwqFqW5s6Sf45r7ysg37JxeBTrLxE3R34keq42ejzg6861l"
"1539","Karsieh Mamahnya Dede Vino","2026-03-19T18:11:00.000Z","Lanjut ka demi kesehatan kekebalan dedenya","","0","0","0","-1","https://web.facebook.com/laella.sahrull/posts/pfbid02yJkE7cL9Pkje8WhUbhpwqFqW5s6Sf45r7ysg37JxeBTrLxE3R34keq42ejzg6861l"
"1540","Etik Kusriani","2026-03-19T16:40:00.000Z","Ssmangat lanjutkan mba","","0","0","0","-1","https://web.facebook.com/laella.sahrull/posts/pfbid02yJkE7cL9Pkje8WhUbhpwqFqW5s6Sf45r7ysg37JxeBTrLxE3R34keq42ejzg6861l"
"1541","Yuli","2026-03-19T17:54:00.000Z","Semangat harus lengkap","","0","0","0","-1","https://web.facebook.com/laella.sahrull/posts/pfbid02yJkE7cL9Pkje8WhUbhpwqFqW5s6Sf45r7ysg37JxeBTrLxE3R34keq42ejzg6861l"
"1542","Rempah Nusantara","2026-05-13T10:25:00.000Z","Urutan imunisasi pada bayi","","0","0","0","-1","https://web.facebook.com/siti.nurasiah.921230/posts/pfbid02Do1WtAAHhbs2Z7w1WiAW71xiQ92QUceZs1qTE2xSowoXZLYXY6KcxELwM7h22NTbl"
"1543","Neni Sweet","2026-05-13T10:23:00.000Z","Trims info nya kak","","0","0","0","-1","https://web.facebook.com/siti.nurasiah.921230/posts/pfbid02Do1WtAAHhbs2Z7w1WiAW71xiQ92QUceZs1qTE2xSowoXZLYXY6KcxELwM7h22NTbl"
"1544","Cintia Wahyuni","2026-05-13T12:22:00.000Z","Saat lahir","","0","0","0","-1","https://web.facebook.com/siti.nurasiah.921230/posts/pfbid02Do1WtAAHhbs2Z7w1WiAW71xiQ92QUceZs1qTE2xSowoXZLYXY6KcxELwM7h22NTbl"
"1545","bunda widya","2026-05-13T08:54:00.000Z","Imunisasi","","0","0","0","-1","https://web.facebook.com/siti.nurasiah.921230/posts/pfbid02Do1WtAAHhbs2Z7w1WiAW71xiQ92QUceZs1qTE2xSowoXZLYXY6KcxELwM7h22NTbl"
"1546","Rempah Nusantara","2026-05-12T20:25:00.000Z","Urutan imunisasi pada bayi","","0","0","0","-1","https://web.facebook.com/siti.nurasiah.921230/posts/pfbid02Do1WtAAHhbs2Z7w1WiAW71xiQ92QUceZs1qTE2xSowoXZLYXY6KcxELwM7h22NTbl"
"1547","Neni Sweet","2026-05-12T20:23:00.000Z","Trims info nya kak","","0","0","0","-1","https://web.facebook.com/siti.nurasiah.921230/posts/pfbid02Do1WtAAHhbs2Z7w1WiAW71xiQ92QUceZs1qTE2xSowoXZLYXY6KcxELwM7h22NTbl"
"1548","Cintia Wahyuni","2026-05-12T22:22:00.000Z","Saat lahir","","0","0","0","-1","https://web.facebook.com/siti.nurasiah.921230/posts/pfbid02Do1WtAAHhbs2Z7w1WiAW71xiQ92QUceZs1qTE2xSowoXZLYXY6KcxELwM7h22NTbl"
"1549","bunda widya","2026-05-12T18:54:00.000Z","Imunisasi","","0","0","0","-1","https://web.facebook.com/siti.nurasiah.921230/posts/pfbid02Do1WtAAHhbs2Z7w1WiAW71xiQ92QUceZs1qTE2xSowoXZLYXY6KcxELwM7h22NTbl"
"1550","Ri Quest To","2026-03-08T07:14:00.000Z","5-10 tahun lagi apa sudah diteliti?","","0","0","0","-1","https://web.facebook.com/indra.tarigan.58/posts/pfbid0upANUtCNhXngwqzh5cLZCswtXLDooaF9KdSnWpQtTCy5euixnbjEKpoNZyCvzevcl"
"1551","Edi Bin Paijan","2026-03-08T09:31:00.000Z","Bagaimana dg kasus bayi setelah imunisasi rewel,panas,kejang bahkan ada yg meninggal.apakah ini masih normal2 saja dok?","","0","0","0","-1","https://web.facebook.com/indra.tarigan.58/posts/pfbid0upANUtCNhXngwqzh5cLZCswtXLDooaF9KdSnWpQtTCy5euixnbjEKpoNZyCvzevcl"
"1552","Om Abe","2026-03-09T03:49:00.000Z","Klo bang dokter Indra yg ngasi,semua jenis vaksin ampuh. Belum disuntik udh sembuh","","0","0","0","-1","https://web.facebook.com/indra.tarigan.58/posts/pfbid0upANUtCNhXngwqzh5cLZCswtXLDooaF9KdSnWpQtTCy5euixnbjEKpoNZyCvzevcl"
"1553","Jeje Rock","2026-03-09T08:01:00.000Z","Nyatanya dilapangan banyak kasus habis imunisasi malah sakit2an.. Malah punya penyakit.. Bahkan ada yg MD...","","0","0","0","-1","https://web.facebook.com/indra.tarigan.58/posts/pfbid0upANUtCNhXngwqzh5cLZCswtXLDooaF9KdSnWpQtTCy5euixnbjEKpoNZyCvzevcl"
"1554","Kartika Vita Budimah II","2026-03-08T07:07:00.000Z","Anakku baru kemaren imunisasi DPT 1 di posyandu, rewel dikit aja sih cuman ya gitu minta gendong2 terus mungkin karna nyeri abis disuntik, tapi Alhamdulillah gak demam banget, cuman anget aja.","","0","0","0","-1","https://web.facebook.com/indra.tarigan.58/posts/pfbid0upANUtCNhXngwqzh5cLZCswtXLDooaF9KdSnWpQtTCy5euixnbjEKpoNZyCvzevcl"
"1555","Izah Storefront","2026-03-08T12:53:00.000Z","Anda mengakatakn hanya ringan dan sederhana effect vaksin... Taeiii kauuu... Di kampung mamak Ku, bayi berapa bulan di vaksin hari ini, malam dia kejang2 demam panas Besok nya MD... Apaa kau bilang kesan nya cuma sederhana... Gak layak kau jadi doktor!!! Kalau pembunuh!!","","0","0","0","-1","https://web.facebook.com/indra.tarigan.58/posts/pfbid0upANUtCNhXngwqzh5cLZCswtXLDooaF9KdSnWpQtTCy5euixnbjEKpoNZyCvzevcl"
"1556","Arumi Azalea","2026-03-08T16:02:00.000Z","Saya anak 2,2 nya Alhamdulillah full vaksin meski bnyak ortu yg beri vaksin ke anak krna takut efek samping atau dsb.. tapi buat saya Vaksin itu no 1","","0","0","0","-1","https://web.facebook.com/indra.tarigan.58/posts/pfbid0upANUtCNhXngwqzh5cLZCswtXLDooaF9KdSnWpQtTCy5euixnbjEKpoNZyCvzevcl"
"1557","Dinda Amalia Khaerani","2026-03-10T14:20:00.000Z","Dokter anak aku yg pertama suntik DPT di paha sampai benjolan pas di cek di RS hampir abses imunisasi untung ga operasi ini gmna ya dokter anak saya kurang 4 kali lagi suntik imunisasi tkut kaya kk nya","","0","0","0","-1","https://web.facebook.com/indra.tarigan.58/posts/pfbid0upANUtCNhXngwqzh5cLZCswtXLDooaF9KdSnWpQtTCy5euixnbjEKpoNZyCvzevcl"
"1558","Dian Pertiwi","2026-03-08T17:22:00.000Z","Anakku 3 lulus vaksin semua, klo ada yg gk mau vaksin sih terserah mereka ya kn aku mah ikut kepercayaan masing2 aja, hak mereka klo mmng menolak","","0","0","0","-1","https://web.facebook.com/indra.tarigan.58/posts/pfbid0upANUtCNhXngwqzh5cLZCswtXLDooaF9KdSnWpQtTCy5euixnbjEKpoNZyCvzevcl"
"1559","USG Sogata","2026-03-09T03:52:00.000Z","Terimakasih atas penjelasannya dokter","","0","0","0","-1","https://web.facebook.com/indra.tarigan.58/posts/pfbid0upANUtCNhXngwqzh5cLZCswtXLDooaF9KdSnWpQtTCy5euixnbjEKpoNZyCvzevcl"
"1560","Ri Quest To","2026-03-07T16:14:00.000Z","5-10 tahun lagi apa sudah diteliti?","","0","0","0","-1","https://web.facebook.com/indra.tarigan.58/posts/pfbid0upANUtCNhXngwqzh5cLZCswtXLDooaF9KdSnWpQtTCy5euixnbjEKpoNZyCvzevcl"
"1561","Edi Bin Paijan","2026-03-07T18:31:00.000Z","Bagaimana dg kasus bayi setelah imunisasi rewel,panas,kejang bahkan ada yg meninggal.apakah ini masih normal2 saja dok?","","0","0","0","-1","https://web.facebook.com/indra.tarigan.58/posts/pfbid0upANUtCNhXngwqzh5cLZCswtXLDooaF9KdSnWpQtTCy5euixnbjEKpoNZyCvzevcl"
"1562","Om Abe","2026-03-08T13:49:00.000Z","Klo bang dokter Indra yg ngasi,semua jenis vaksin ampuh. Belum disuntik udh sembuh","","0","0","0","-1","https://web.facebook.com/indra.tarigan.58/posts/pfbid0upANUtCNhXngwqzh5cLZCswtXLDooaF9KdSnWpQtTCy5euixnbjEKpoNZyCvzevcl"
"1563","Jeje Rock","2026-03-08T18:01:00.000Z","Nyatanya dilapangan banyak kasus habis imunisasi malah sakit2an.. Malah punya penyakit.. Bahkan ada yg MD...","","0","0","0","-1","https://web.facebook.com/indra.tarigan.58/posts/pfbid0upANUtCNhXngwqzh5cLZCswtXLDooaF9KdSnWpQtTCy5euixnbjEKpoNZyCvzevcl"
"1564","Kartika Vita Budimah II","2026-03-07T16:07:00.000Z","Anakku baru kemaren imunisasi DPT 1 di posyandu, rewel dikit aja sih cuman ya gitu minta gendong2 terus mungkin karna nyeri abis disuntik, tapi Alhamdulillah gak demam banget, cuman anget aja.","","0","0","0","-1","https://web.facebook.com/indra.tarigan.58/posts/pfbid0upANUtCNhXngwqzh5cLZCswtXLDooaF9KdSnWpQtTCy5euixnbjEKpoNZyCvzevcl"
"1565","unknown","2026-07-03T15:58:00.000Z","Ini ko di buku pink sy setelah dpt 3 masih ada suntik polio yaa , setelah suntik polio baru campak","","0","0","0","-1","https://web.facebook.com/wenisaputri85/posts/pfbid0nnhVoVe97VZpustvN5m6WCSbsY5FqT9k4M2Bkgc371vGXCjn6XK7nx8SxmqG5oVUl"
"1566","unknown","2026-07-04T04:41:00.000Z","Aku si ank ank ku aktiv posyandu tapiiii no untuk imunisasi ya jgn tanya knp   jika kalian setuju imunisasi sih ya gpp","","0","0","0","-1","https://web.facebook.com/wenisaputri85/posts/pfbid0nnhVoVe97VZpustvN5m6WCSbsY5FqT9k4M2Bkgc371vGXCjn6XK7nx8SxmqG5oVUl"
"1567","unknown","2026-07-04T15:21:00.000Z","aku trauma bgt mau imunisasi anak lagi, waktu BCG anakku pahanya bengkak sampai abses dan demam hingga 2bulan, sejak kejadian itu aku gamau anak imunisasi lagi huhu dan alhamdulillah anakku skrang tumbuh dgn sehat","","0","0","0","-1","https://web.facebook.com/wenisaputri85/posts/pfbid0nnhVoVe97VZpustvN5m6WCSbsY5FqT9k4M2Bkgc371vGXCjn6XK7nx8SxmqG5oVUl"
"1568","unknown","2026-07-05T15:47:00.000Z","Alhamdulillah 2 anakku sudah imunisasi lengkap + dapat sertifikat lengkap imunisasi .. no drama² demam dan rewel Alhamdulillah..","","0","0","0","-1","https://web.facebook.com/wenisaputri85/posts/pfbid0nnhVoVe97VZpustvN5m6WCSbsY5FqT9k4M2Bkgc371vGXCjn6XK7nx8SxmqG5oVUl"
"1569","unknown","2026-07-04T06:59:00.000Z","Mau tanya nih bunda ada ga bayi yang di Sutik bcg usia 2 bulan soalnya waktu mau suntik bcg 1 bulan ternyata lagi kosong tapi bidan suruh dtng lagi bulan depan ke posyandu biar di suntik bcg ktnh masih bisa kok mnurut kalian gimna apakah bener masih bisa suntik bcg dengan usia bayi 2 bln","","0","0","0","-1","https://web.facebook.com/wenisaputri85/posts/pfbid0nnhVoVe97VZpustvN5m6WCSbsY5FqT9k4M2Bkgc371vGXCjn6XK7nx8SxmqG5oVUl"
"1570","unknown","2026-07-06T12:44:00.000Z","Anakku 6 bulan, belum selesai per dpt annya karena sering telat. Tgl 10 biasanya jadwal imunisasi, nanti lanjut dpt 3. Bismillah semoga aman, sehat, brigas","","0","0","0","-1","https://web.facebook.com/wenisaputri85/posts/pfbid0nnhVoVe97VZpustvN5m6WCSbsY5FqT9k4M2Bkgc371vGXCjn6XK7nx8SxmqG5oVUl"
"1571","unknown","2026-07-05T14:00:00.000Z","ini yg 12bln engga kah? soalnya d tmptku 12 bln sma 18 jg iya","","0","0","0","-1","https://web.facebook.com/wenisaputri85/posts/pfbid0nnhVoVe97VZpustvN5m6WCSbsY5FqT9k4M2Bkgc371vGXCjn6XK7nx8SxmqG5oVUl"
"1572","unknown","2026-07-04T04:45:00.000Z","Mau tnya kk,suntik dpt 3 d sunyik x pahax  dua duax ap satu ja iy","","0","0","0","-1","https://web.facebook.com/wenisaputri85/posts/pfbid0nnhVoVe97VZpustvN5m6WCSbsY5FqT9k4M2Bkgc371vGXCjn6XK7nx8SxmqG5oVUl"
"1573","unknown","2026-07-04T06:08:00.000Z","Anak ku umur 1 bulan sampai sekarang 6 bulan gak suntik ,,,gpp khan.. Bismillah aja,, nanti kalo campak","","0","0","0","-1","https://web.facebook.com/wenisaputri85/posts/pfbid0nnhVoVe97VZpustvN5m6WCSbsY5FqT9k4M2Bkgc371vGXCjn6XK7nx8SxmqG5oVUl"
"1574","unknown","2026-07-05T12:51:00.000Z","Ini mah gak lengkap, pdhl yg baru2 umur 10 bulan ada imunisasi, sama 12 bulan juga ada imunisasi","","0","0","0","-1","https://web.facebook.com/wenisaputri85/posts/pfbid0nnhVoVe97VZpustvN5m6WCSbsY5FqT9k4M2Bkgc371vGXCjn6XK7nx8SxmqG5oVUl"
"1575","Momom2a","2026-01-31T06:22:00.000Z","Mom,,, anak demam jangan gak dimandiin ya, tetep mandi, berendam juga gk papa tapi air hangat...","","0","0","0","-1","https://web.facebook.com/groups/beekids.group/posts/25827194393631626/"
"1576","Neng Zahyu","2026-01-31T00:03:00.000Z","Klw demam 3 hari dri imunisasi ga turun bawa ke bidan","","0","0","0","-1","https://web.facebook.com/groups/beekids.group/posts/25827194393631626/"
"1577","Putri Erna W","2026-01-30T13:22:00.000Z","Kenapa ga di mandiin bun? Mandi air hangat justru bisa membantu menurunkan demam lho...","","0","0","0","-1","https://web.facebook.com/groups/beekids.group/posts/25827194393631626/"
"1578","Fatma AF","2026-01-30T13:28:00.000Z","Ganti paracetamol,biasanya kurang cocok sama paracetamol nya","","0","0","0","-1","https://web.facebook.com/groups/beekids.group/posts/25827194393631626/"
"1579","Fallen Rhani Rorimpandey","2026-01-30T14:00:00.000Z","Usahakan telapak tangan dan kaki hangat di gosok2 dengan minyak telon...","","0","0","0","-1","https://web.facebook.com/groups/beekids.group/posts/25827194393631626/"
"1580","Waode Safarianti","2026-01-30T19:51:00.000Z","Klau saya,sya Kasi mandi air hangat,air hangatx itu saya iriskan bawang merah sekita 2 biji klau yg kecil tapi klau besar 1 biji aja,lalu saya teteskan minyak telon sekitar 2 tetes,lalu saya mandikan anaku tapi jgn dikasi basah kepalanya ya,,badanya saja yg dikasi mandi,,klau anak saya habis mandi kelihatan segar dan fres,,saya kasi mandi 2 hari alhamndulillah sembuh..sekali lagi jgn dikasi basah kepalanya,","","0","0","0","-1","https://web.facebook.com/groups/beekids.group/posts/25827194393631626/"
"1581","Elisya Taufikha","2026-01-30T14:39:00.000Z","Parudin bawang merah terus kasih minyak telon olesinnke ke seluruh badan terutama di leher ketiak dn telapak kaki Bun insya Allah mendingan panasnya ...karna anakku saya kasih itu kalau demam","","0","0","0","-1","https://web.facebook.com/groups/beekids.group/posts/25827194393631626/"
"1582","Peserta anonim","2026-01-30T23:25:00.000Z","Kalau di tempatku Pake daun pisng yg bagian tengahnya yg muda yg masih tergulung terus , dijadiin alas tidur, atau saung mengkudu yg agak tua jadiin alas tidur, (jadi dia di dalam baju kena kulit dedenya) insya Allah turun semog ya","","0","0","0","-1","https://web.facebook.com/groups/beekids.group/posts/25827194393631626/"
"1583","Annisa Fathin","2026-01-31T21:34:00.000Z",", trs dipakein baju tipis, minum obat penurun panas, di kompres area lipatan seperti ketiak, area paha..","","0","0","0","-1","https://web.facebook.com/groups/beekids.group/posts/25827194393631626/"
"1584","Dewi Seroja","2026-01-30T22:48:00.000Z","Parutin bawang merah di ksh mnyk telon trs di kash tempra atau sanmol drop bund","","0","0","0","-1","https://web.facebook.com/groups/beekids.group/posts/25827194393631626/"
"1585","Momom2a","2026-01-30T15:22:00.000Z","Mom,,, anak demam jangan gak dimandiin ya, tetep mandi, berendam juga gk papa tapi air hangat...","","0","0","0","-1","https://web.facebook.com/groups/beekids.group/posts/25827194393631626/"
"1586","Neng Zahyu","2026-01-30T09:03:00.000Z","Klw demam 3 hari dri imunisasi ga turun bawa ke bidan","","0","0","0","-1","https://web.facebook.com/groups/beekids.group/posts/25827194393631626/"
"1587","Putri Erna W","2026-01-29T22:22:00.000Z","Kenapa ga di mandiin bun? Mandi air hangat justru bisa membantu menurunkan demam lho...","","0","0","0","-1","https://web.facebook.com/groups/beekids.group/posts/25827194393631626/"
"1588","Fatma AF","2026-01-29T22:28:00.000Z","Ganti paracetamol,biasanya kurang cocok sama paracetamol nya","","0","0","0","-1","https://web.facebook.com/groups/beekids.group/posts/25827194393631626/"
"1589","Fallen Rhani Rorimpandey","2026-01-29T23:00:00.000Z","Usahakan telapak tangan dan kaki hangat di gosok2 dengan minyak telon...","","0","0","0","-1","https://web.facebook.com/groups/beekids.group/posts/25827194393631626/"
"1590","Ganda Damanik Ganda Damanik","2026-04-23T06:03:00.000Z","Imut banget anak mu syng","","0","0","0","-1","https://web.facebook.com/photo/?fbid=3650299768479543&set=pcb.3650301468479373"
"1591","unknown","2026-07-13T10:56:00.000Z","Alhamdulillah sudah selesai semua","","0","0","0","-1","https://web.facebook.com/groups/1185186252298406/posts/2314856682664685/"
"1592","unknown","2026-07-13T10:27:00.000Z","#fyp","","0","0","0","-1","https://web.facebook.com/groups/1185186252298406/posts/2314856682664685/"
"1593","Syafa Faizah","2026-07-14T00:45:00.000Z","#jangkauanluas","","0","0","0","-1","https://web.facebook.com/groups/1185186252298406/posts/2314856682664685/"
"1594","unknown","2026-07-12T20:56:00.000Z","Alhamdulillah sudah selesai semua","","0","0","0","-1","https://web.facebook.com/groups/1185186252298406/posts/2314856682664685/"
"1595","unknown","2026-07-12T20:27:00.000Z","#fyp","","0","0","0","-1","https://web.facebook.com/groups/1185186252298406/posts/2314856682664685/"
"1596","Syafa Faizah","2026-07-13T10:45:00.000Z","#jangkauanluas","","0","0","0","-1","https://web.facebook.com/groups/1185186252298406/posts/2314856682664685/"
"1597","unknown","2026-07-07T01:01:00.000Z","Astaghfirullah","","0","0","0","-1","https://web.facebook.com/groups/1185186252298406/posts/2307722350044785/"
"1598","unknown","2026-07-06T11:01:00.000Z","Astaghfirullah","","0","0","0","-1","https://web.facebook.com/groups/1185186252298406/posts/2307722350044785/"
"1599","Sarah Kesya Az-zahra","2026-02-21T22:43:00.000Z","@pengikut Infokan kekerabat kita agar agenda mereka gagal dan kita selamat dr pembvnuvh4n terencara yg sifatnya formalitas","","0","0","0","-1","https://web.facebook.com/photo/?fbid=906754882064888&set=a.112751501465234"
"1600","Sarah Kesya Az-zahra","2026-02-22T09:26:00.000Z","Jgan malas membaca ya gaes, informasi ilmu tidak didapatkan dari ulasan singkat","","0","0","0","-1","https://web.facebook.com/photo/?fbid=906754882064888&set=a.112751501465234"
"1601","Ami Lilis Sumarni","2026-02-22T05:04:00.000Z","Anak saya setiap mau di vaksin selalu kabur dari sekola ... Alhamdulillah blm pernah di vaksin... Takut jarum suntik","","0","0","0","-1","https://web.facebook.com/photo/?fbid=906754882064888&set=a.112751501465234"
"1602","Amat T R","2026-02-21T22:45:00.000Z","Agenda dajjal akhir jaman","","0","0","0","-1","https://web.facebook.com/photo/?fbid=906754882064888&set=a.112751501465234"
"1603","Heni Rahayu","2026-02-22T07:21:00.000Z","Saya bilang ke guru anak ku kalau ad kegiatan kesehatan seperti vaksin ., hari sebelumnya harus ad pemberitahuan dulu kepada seluruh orangtua murid., jadi kita bisa mencegah anak kita utk tidak ikut di vaksin.","","0","0","0","-1","https://web.facebook.com/photo/?fbid=906754882064888&set=a.112751501465234"
"1604","Wiwik Sugiasih","2026-02-22T06:27:00.000Z","Yg aku takutkan anak anak di datangi petugas kesehatan dan di vaksin. Sebelumnya tidak ada pemberitahuan terlebih dahulu.Sudah pernah kek gitu.","","0","0","0","-1","https://web.facebook.com/photo/?fbid=906754882064888&set=a.112751501465234"
"1605","Tien Kumalasari","2026-07-13T15:41:00.000Z","silakan berlangganan  https://www.facebook.com/tien.kumalasari/subscribenow?surface=pinned_comments","","0","0","0","-1","https://web.facebook.com/tien.kumalasari/posts/pfbid02KquFqL8AZ33HrQvfFqJHUrPo2TB81YaRhNLRoLZ83bhznZzegbbEANTXggjaK3PGl"
"1606","Tantini Soegiyanto","2026-07-13T16:06:00.000Z","Sayang sekali ketika Nadia betul2 ketemu Nisa dng bayinya ternyata bu Tien mengakhiri critanya dng kalimat","","0","0","0","-1","https://web.facebook.com/tien.kumalasari/posts/pfbid02KquFqL8AZ33HrQvfFqJHUrPo2TB81YaRhNLRoLZ83bhznZzegbbEANTXggjaK3PGl"
"1607","Issa Erix","2026-07-14T01:09:00.000Z","Cerbung eps 39 ceritannya bagus saya mbacanya deg²an dan penasaran Nadia akal sehatnya kemana ? Baik Bu Chan saya tunggu eps yg ke 40 njih Bu","","0","0","0","-1","https://web.facebook.com/tien.kumalasari/posts/pfbid02KquFqL8AZ33HrQvfFqJHUrPo2TB81YaRhNLRoLZ83bhznZzegbbEANTXggjaK3PGl"
"1608","Djodhi Mahatma","2026-07-13T16:32:00.000Z","Semoga tetap sehat dan bahagia senantiasa bersama keluarga, serta selalu berada dalam lindungan Allah SWT.","","0","0","0","-1","https://web.facebook.com/tien.kumalasari/posts/pfbid02KquFqL8AZ33HrQvfFqJHUrPo2TB81YaRhNLRoLZ83bhznZzegbbEANTXggjaK3PGl"
"1609","Dwi Hak Siwi","2026-07-13T15:49:00.000Z","Alhamdulillah, cerita ini sangat menyentuh hati, semoga Nadia menemukan jawaban yang tepat.sht2 slalu bu Tien Kumalasari tks","","0","0","0","-1","https://web.facebook.com/tien.kumalasari/posts/pfbid02KquFqL8AZ33HrQvfFqJHUrPo2TB81YaRhNLRoLZ83bhznZzegbbEANTXggjaK3PGl"
"1610","Zuhro Fidah","2026-07-14T08:05:00.000Z","Alhamdulillah  cerbung ABD episode 39 sdh terbit.Slm sht n bhgia sll buat penjenengan n keluarga tercinta bu Tien..... Aamiin","","0","0","0","-1","https://web.facebook.com/tien.kumalasari/posts/pfbid02KquFqL8AZ33HrQvfFqJHUrPo2TB81YaRhNLRoLZ83bhznZzegbbEANTXggjaK3PGl"
"1611","Gane Tyas","2026-07-14T02:19:00.000Z","Alhamdulillah episode 39 sudah tayang he he jadi penasaran, sehat selalu ibu dan tetap semangat.","","0","0","0","-1","https://web.facebook.com/tien.kumalasari/posts/pfbid02KquFqL8AZ33HrQvfFqJHUrPo2TB81YaRhNLRoLZ83bhznZzegbbEANTXggjaK3PGl"
"1612","Budi Astuti","2026-07-13T21:29:00.000Z","Alhamdulillah, cerita yang sangat menyentuh, semoga kita semua bisa belajar dari kisah ini, untuk selalu bersyukur, bersabar dan iklas dalam segala hal.","","0","0","0","-1","https://web.facebook.com/tien.kumalasari/posts/pfbid02KquFqL8AZ33HrQvfFqJHUrPo2TB81YaRhNLRoLZ83bhznZzegbbEANTXggjaK3PGl"
"1613","Ani Susilo","2026-07-13T22:28:00.000Z","Matur nuwun bu Tien..lanjutan cerbung sudah tayang. Semoga Ibu selalu sehat, agar terus bisa berkarya yg selalu di tunggu² oleh penggemar","","0","0","0","-1","https://web.facebook.com/tien.kumalasari/posts/pfbid02KquFqL8AZ33HrQvfFqJHUrPo2TB81YaRhNLRoLZ83bhznZzegbbEANTXggjaK3PGl"
"1614","Hartini Pangesthi","2026-07-14T02:39:00.000Z","Alhamdulillah... terima kasih cerbungnya bunda Tien...salam sehat dan tetap bahagia bersama keluarga","","0","0","0","-1","https://web.facebook.com/tien.kumalasari/posts/pfbid02KquFqL8AZ33HrQvfFqJHUrPo2TB81YaRhNLRoLZ83bhznZzegbbEANTXggjaK3PGl"
"1615","Tien Kumalasari","2026-07-13T01:41:00.000Z","silakan berlangganan  https://www.facebook.com/tien.kumalasari/subscribenow?surface=pinned_comments","","0","0","0","-1","https://web.facebook.com/tien.kumalasari/posts/pfbid02KquFqL8AZ33HrQvfFqJHUrPo2TB81YaRhNLRoLZ83bhznZzegbbEANTXggjaK3PGl"
"1616","Tantini Soegiyanto","2026-07-13T02:06:00.000Z","Sayang sekali ketika Nadia betul2 ketemu Nisa dng bayinya ternyata bu Tien mengakhiri critanya dng kalimat","","0","0","0","-1","https://web.facebook.com/tien.kumalasari/posts/pfbid02KquFqL8AZ33HrQvfFqJHUrPo2TB81YaRhNLRoLZ83bhznZzegbbEANTXggjaK3PGl"
"1617","Issa Erix","2026-07-13T11:09:00.000Z","Cerbung eps 39 ceritannya bagus saya mbacanya deg²an dan penasaran Nadia akal sehatnya kemana ? Baik Bu Chan saya tunggu eps yg ke 40 njih Bu","","0","0","0","-1","https://web.facebook.com/tien.kumalasari/posts/pfbid02KquFqL8AZ33HrQvfFqJHUrPo2TB81YaRhNLRoLZ83bhznZzegbbEANTXggjaK3PGl"
"1618","Djodhi Mahatma","2026-07-13T02:32:00.000Z","Semoga tetap sehat dan bahagia senantiasa bersama keluarga, serta selalu berada dalam lindungan Allah SWT.","","0","0","0","-1","https://web.facebook.com/tien.kumalasari/posts/pfbid02KquFqL8AZ33HrQvfFqJHUrPo2TB81YaRhNLRoLZ83bhznZzegbbEANTXggjaK3PGl"
"1619","Dwi Hak Siwi","2026-07-13T01:49:00.000Z","Alhamdulillah, cerita ini sangat menyentuh hati, semoga Nadia menemukan jawaban yang tepat.sht2 slalu bu Tien Kumalasari tks","","0","0","0","-1","https://web.facebook.com/tien.kumalasari/posts/pfbid02KquFqL8AZ33HrQvfFqJHUrPo2TB81YaRhNLRoLZ83bhznZzegbbEANTXggjaK3PGl"
"1620","unknown","2025-06-29T21:40:00.000Z","Negara maju wajar","","0","0","0","-1","https://web.facebook.com/photo/?fbid=708409978620733&set=a.101256392669431"
"1621","unknown","2025-06-29T05:37:00.000Z","Suka greget kalo ada pengumuman poscandu tiap bulan.. padahal hp nya caranggih.. sekola ema bapaknya tararinggi... anak Bu gutu anak  pak ustadz anak pk lurah semua pada di imuninajiz.. sedih euy hayang ngasleding we da ka nu bewara di madjid2 ngingetin busuy or bumil ke posrandu..","","0","0","0","-1","https://web.facebook.com/photo/?fbid=708409978620733&set=a.101256392669431"
"1622","unknown","2025-06-28T15:51:00.000Z","Dokter Jepang di marahi Megaloman..","","0","0","0","-1","https://web.facebook.com/photo/?fbid=708409978620733&set=a.101256392669431"
"1623","unknown","2025-06-28T14:57:00.000Z","Terima kasih banyak infonya ko,baru mau nanya tentang vaksin anak, Alhamdulillah sudah terjawab semua disini.","","0","0","0","-1","https://web.facebook.com/photo/?fbid=708409978620733&set=a.101256392669431"
"1624","unknown","2025-06-28T14:48:00.000Z","Ha ha ha .... Ayo, bagaimana itu, Pak Ali Udin ??? Mungkin Dr.2 Jepang perlu mempelajari perbandingan di sini ??","","0","0","0","-1","https://web.facebook.com/photo/?fbid=708409978620733&set=a.101256392669431"
"1625","unknown","2025-06-28T14:25:00.000Z","Mata saya sering gatal sekali, sudah bertahun2. Kayak di bagian tepi2 kulit kelopak mata.","","0","0","0","-1","https://web.facebook.com/photo/?fbid=708409978620733&set=a.101256392669431"
"1626","Titus Supri","2022-01-17T07:07:00.000Z","Waktu dan tempatnya pak admin","","0","0","0","-1","https://web.facebook.com/photo/?fbid=224048019918400&set=a.153907850265751"
"1627","Meike Takumansang","2022-01-04T06:10:00.000Z","Selalu sehat pak Gibran , untuk membawa SOLO semakin maju dan sejahtera , sosok pemimpin yang cepat - tanggap akan kebutuhan masyarakat luas","","0","0","0","-1","https://web.facebook.com/GibranRakabuming/videos/1545970065775805/"
"1628","Uma Sarwono","2022-01-03T22:46:00.000Z","Suamiku sangat keren...","","0","0","0","-1","https://web.facebook.com/GibranRakabuming/videos/1545970065775805/"
"1629","Awaluddin Awaluddin","2026-05-02T10:13:00.000Z","Yang mau tanya tanya seputaran konten langsung komen saja, tidak perlu langganan..kecuali kalau mau support bolehlah  https://www.facebook.com/100091879261638/subscribenow?surface=pinned_comments","","0","0","0","-1","https://web.facebook.com/photo/?fbid=896655940073707&set=a.138031425936166"
"1630","Regiana Sintawati","2025-10-22T05:41:00.000Z","Anakku saatnya faksin influenza.. udah 3,4  tahun","","0","0","0","-1","https://web.facebook.com/medianakes/posts/pfbid02qYajdSxEVWzosMu359QuBSofxrMoVgTFfKMiZJpGnSNvWadHVP9sU4NoFWfDc841l"
"1631","Kserbaonline Kserbaonline","2025-10-25T18:23:00.000Z","Hesti Fina Sri Utari","","0","0","0","-1","https://web.facebook.com/medianakes/posts/pfbid02qYajdSxEVWzosMu359QuBSofxrMoVgTFfKMiZJpGnSNvWadHVP9sU4NoFWfDc841l"
"1632","Indah Dwi Lestari","2025-10-23T12:16:00.000Z","Masih kecil ajaa udh di suntik macem2 gitu","","0","0","0","-1","https://web.facebook.com/medianakes/posts/pfbid02qYajdSxEVWzosMu359QuBSofxrMoVgTFfKMiZJpGnSNvWadHVP9sU4NoFWfDc841l"
"1633","Uma A","2025-10-23T02:52:00.000Z","Nyimak gelar tikar Bao Chenx Hadi Nugroho","","0","0","0","-1","https://web.facebook.com/medianakes/posts/pfbid02qYajdSxEVWzosMu359QuBSofxrMoVgTFfKMiZJpGnSNvWadHVP9sU4NoFWfDc841l"
"1634","Hafsoh Ummu Afnan","2025-10-22T21:45:00.000Z","Bentar biar bisul d vaksin, emang bill gate itu jahatnya ke tulang2, segala cara d buat biar manusia pada rusak","","0","0","0","-1","https://web.facebook.com/medianakes/posts/pfbid02qYajdSxEVWzosMu359QuBSofxrMoVgTFfKMiZJpGnSNvWadHVP9sU4NoFWfDc841l"
"1635","Ivan Kurniawan","2025-10-22T14:53:00.000Z","Cuma di akun ini para buzzer berkeliaran gede pasti bayaran nya wkwkwkwkk","","0","0","0","-1","https://web.facebook.com/medianakes/posts/pfbid02qYajdSxEVWzosMu359QuBSofxrMoVgTFfKMiZJpGnSNvWadHVP9sU4NoFWfDc841l"
"1636","Bima Putra Bayu","2025-10-22T07:17:00.000Z","Bentar biar bisul d vaksin, emang bill gate itu jahatnya ke tulang2, segala cara d buat biar manusia pada rusak","","0","0","0","-1","https://web.facebook.com/medianakes/posts/pfbid02qYajdSxEVWzosMu359QuBSofxrMoVgTFfKMiZJpGnSNvWadHVP9sU4NoFWfDc841l"
"1637","Neni Astuti","2025-10-27T03:31:00.000Z","Daging, buah dan sayur vaksin terbaik dr alam","","0","0","0","-1","https://web.facebook.com/medianakes/posts/pfbid02qYajdSxEVWzosMu359QuBSofxrMoVgTFfKMiZJpGnSNvWadHVP9sU4NoFWfDc841l"
"1638","Umie Nu Amoorea","2025-10-24T03:51:00.000Z","Kalo bayi bisa ngomong, ""sy gak mau disuntikin racun""","","0","0","0","-1","https://web.facebook.com/medianakes/posts/pfbid02qYajdSxEVWzosMu359QuBSofxrMoVgTFfKMiZJpGnSNvWadHVP9sU4NoFWfDc841l"
"1639","Ar Yun","2025-10-24T03:01:00.000Z","Kalo sakit batuk gimna kk .ni sdh MW 3 bulan tgl 25 TPI blom disuntik BCG kk","","0","0","0","-1","https://web.facebook.com/medianakes/posts/pfbid02qYajdSxEVWzosMu359QuBSofxrMoVgTFfKMiZJpGnSNvWadHVP9sU4NoFWfDc841l"
"1640","Regiana Sintawati","2025-10-21T15:41:00.000Z","Anakku saatnya faksin influenza.. udah 3,4  tahun","","0","0","0","-1","https://web.facebook.com/medianakes/posts/pfbid02qYajdSxEVWzosMu359QuBSofxrMoVgTFfKMiZJpGnSNvWadHVP9sU4NoFWfDc841l"
"1641","Kserbaonline Kserbaonline","2025-10-25T04:23:00.000Z","Hesti Fina Sri Utari","","0","0","0","-1","https://web.facebook.com/medianakes/posts/pfbid02qYajdSxEVWzosMu359QuBSofxrMoVgTFfKMiZJpGnSNvWadHVP9sU4NoFWfDc841l"
"1642","Indah Dwi Lestari","2025-10-22T22:16:00.000Z","Masih kecil ajaa udh di suntik macem2 gitu","","0","0","0","-1","https://web.facebook.com/medianakes/posts/pfbid02qYajdSxEVWzosMu359QuBSofxrMoVgTFfKMiZJpGnSNvWadHVP9sU4NoFWfDc841l"
"1643","Uma A","2025-10-22T12:52:00.000Z","Nyimak gelar tikar Bao Chenx Hadi Nugroho","","0","0","0","-1","https://web.facebook.com/medianakes/posts/pfbid02qYajdSxEVWzosMu359QuBSofxrMoVgTFfKMiZJpGnSNvWadHVP9sU4NoFWfDc841l"
"1644","Hafsoh Ummu Afnan","2025-10-22T07:45:00.000Z","Bentar biar bisul d vaksin, emang bill gate itu jahatnya ke tulang2, segala cara d buat biar manusia pada rusak","","0","0","0","-1","https://web.facebook.com/medianakes/posts/pfbid02qYajdSxEVWzosMu359QuBSofxrMoVgTFfKMiZJpGnSNvWadHVP9sU4NoFWfDc841l"
"1645","Nai Nam","2026-04-16T00:18:00.000Z","Anak saya usia 33 bulan tapi belum vaksin JE dan pcv 3 itu bagaimana ya ?","","0","0","0","-1","https://web.facebook.com/imuni.id/posts/pfbid0ES9CWHfpn1eGfJNfE2Z1D69Jn6K1Sg57oj7cd1onLsJGSrfwiDoH5rZ6x3vK8RPPl"
"1646","Nai Nam","2026-04-15T10:18:00.000Z","Anak saya usia 33 bulan tapi belum vaksin JE dan pcv 3 itu bagaimana ya ?","","0","0","0","-1","https://web.facebook.com/imuni.id/posts/pfbid0ES9CWHfpn1eGfJNfE2Z1D69Jn6K1Sg57oj7cd1onLsJGSrfwiDoH5rZ6x3vK8RPPl"
"1647","Siti Mustabsyiroh","2026-05-13T11:31:00.000Z","Kak, vaksin pcv 2 untuk bayi berapa ya biayanya dan ditangani dokter umum apa dokter spesialis?","","0","0","0","-1","https://web.facebook.com/rskeluargasehat.tayu/posts/pfbid0co1gkCnd1Dt3HemzEjdsthJHCWWc9R9HJjFymGpDhcCXqxA7tYWFLu9UahLEHW4Gl"
"1648","Feri Fitrianto","2026-04-28T14:00:00.000Z","https://www.facebook.com/fhery.fitrianto/subscribenow https://www.facebook.com/fhery.fitrianto/subscribenow?surface=pinned_comments","","0","0","0","-1","https://web.facebook.com/fhery.fitrianto/posts/pfbid02LiuM3DE1wPedhdjwduJkEZvEMsnVY6pB24f7qc3h2C5V7Qc2g67aekdn6bTXw1HTl"
"1649","Ricky Anggoro","2026-04-28T15:32:00.000Z","Alahamdulillah mas,saya selama ternak cuma pakai jamu tradisional saja,tetangga ayam pada mati punya saya sehat2 saja,dan pemakaianya  cukup diberikan ke air minum saja dari usia 0","","0","0","0","-1","https://web.facebook.com/fhery.fitrianto/posts/pfbid02LiuM3DE1wPedhdjwduJkEZvEMsnVY6pB24f7qc3h2C5V7Qc2g67aekdn6bTXw1HTl"
"1650","Boedy S","2026-04-28T14:17:00.000Z","Mantap bang","","0","0","0","-1","https://web.facebook.com/fhery.fitrianto/posts/pfbid02LiuM3DE1wPedhdjwduJkEZvEMsnVY6pB24f7qc3h2C5V7Qc2g67aekdn6bTXw1HTl"
"1651","Sasana Monggo","2026-04-28T14:23:00.000Z","untuk hasil yang maksimal sebisa mungkin semua jenis vaksin di berikan ya mas.","","0","0","0","-1","https://web.facebook.com/fhery.fitrianto/posts/pfbid02LiuM3DE1wPedhdjwduJkEZvEMsnVY6pB24f7qc3h2C5V7Qc2g67aekdn6bTXw1HTl"
"1652","Jepang","2026-04-28T14:21:00.000Z","Alahamdulillah mas,saya selama ternak cuma pakai jamu tradisional saja,tetangga ayam pada mati punya saya sehat2 saja,dan pemakaianya  cukup diberikan ke air minum saja dari usia 0","","0","0","0","-1","https://web.facebook.com/fhery.fitrianto/posts/pfbid02LiuM3DE1wPedhdjwduJkEZvEMsnVY6pB24f7qc3h2C5V7Qc2g67aekdn6bTXw1HTl"
"1653","Boedy S","2026-04-28T14:17:00.000Z","Alahamdulillah mas,saya selama ternak cuma pakai jamu tradisional saja,tetangga ayam pada mati punya saya sehat2 saja,dan pemakaianya  cukup diberikan ke air minum saja dari usia 0","","0","0","0","-1","https://web.facebook.com/fhery.fitrianto/posts/pfbid02LiuM3DE1wPedhdjwduJkEZvEMsnVY6pB24f7qc3h2C5V7Qc2g67aekdn6bTXw1HTl"
"1654","Deko Sanchez","2026-04-28T15:29:00.000Z","Ini yg belum pernah pke bosqu....slama ini cumah metode rimpang2ngan aja pakenya","","0","0","0","-1","https://web.facebook.com/fhery.fitrianto/posts/pfbid02LiuM3DE1wPedhdjwduJkEZvEMsnVY6pB24f7qc3h2C5V7Qc2g67aekdn6bTXw1HTl"
"1655","Ayi Aryandi","2026-04-28T14:09:00.000Z","Mantap","","0","0","0","-1","https://web.facebook.com/fhery.fitrianto/posts/pfbid02LiuM3DE1wPedhdjwduJkEZvEMsnVY6pB24f7qc3h2C5V7Qc2g67aekdn6bTXw1HTl"
"1656","Nda Tau","2026-04-29T00:19:00.000Z","Hadir bang","","0","0","0","-1","https://web.facebook.com/fhery.fitrianto/posts/pfbid02LiuM3DE1wPedhdjwduJkEZvEMsnVY6pB24f7qc3h2C5V7Qc2g67aekdn6bTXw1HTl"
"1657","Suwarno Kasep","2026-04-28T17:30:00.000Z","Mantap jagoan kawan","","0","0","0","-1","https://web.facebook.com/fhery.fitrianto/posts/pfbid02LiuM3DE1wPedhdjwduJkEZvEMsnVY6pB24f7qc3h2C5V7Qc2g67aekdn6bTXw1HTl"
"1658","Feri Fitrianto","2026-04-28T00:00:00.000Z","https://www.facebook.com/fhery.fitrianto/subscribenow https://www.facebook.com/fhery.fitrianto/subscribenow?surface=pinned_comments","","0","0","0","-1","https://web.facebook.com/fhery.fitrianto/posts/pfbid02LiuM3DE1wPedhdjwduJkEZvEMsnVY6pB24f7qc3h2C5V7Qc2g67aekdn6bTXw1HTl"
"1659","Ricky Anggoro","2026-04-28T01:32:00.000Z","Alahamdulillah mas,saya selama ternak cuma pakai jamu tradisional saja,tetangga ayam pada mati punya saya sehat2 saja,dan pemakaianya  cukup diberikan ke air minum saja dari usia 0","","0","0","0","-1","https://web.facebook.com/fhery.fitrianto/posts/pfbid02LiuM3DE1wPedhdjwduJkEZvEMsnVY6pB24f7qc3h2C5V7Qc2g67aekdn6bTXw1HTl"
"1660","Boedy S","2026-04-28T00:17:00.000Z","Mantap bang","","0","0","0","-1","https://web.facebook.com/fhery.fitrianto/posts/pfbid02LiuM3DE1wPedhdjwduJkEZvEMsnVY6pB24f7qc3h2C5V7Qc2g67aekdn6bTXw1HTl"
"1661","Sasana Monggo","2026-04-28T00:23:00.000Z","untuk hasil yang maksimal sebisa mungkin semua jenis vaksin di berikan ya mas.","","0","0","0","-1","https://web.facebook.com/fhery.fitrianto/posts/pfbid02LiuM3DE1wPedhdjwduJkEZvEMsnVY6pB24f7qc3h2C5V7Qc2g67aekdn6bTXw1HTl"
"1662","Jepang","2026-04-28T00:21:00.000Z","Alahamdulillah mas,saya selama ternak cuma pakai jamu tradisional saja,tetangga ayam pada mati punya saya sehat2 saja,dan pemakaianya  cukup diberikan ke air minum saja dari usia 0","","0","0","0","-1","https://web.facebook.com/fhery.fitrianto/posts/pfbid02LiuM3DE1wPedhdjwduJkEZvEMsnVY6pB24f7qc3h2C5V7Qc2g67aekdn6bTXw1HTl"
"1663","Yovita Luruk","2026-06-18T06:41:00.000Z","https://www.facebook.com/yovita.luruk.172537/subscribenow?surface=pinned_comments","","0","0","0","-1","https://web.facebook.com/yovita.luruk.172537/posts/pfbid02bqRVzb65CLHYNaDuhHKFRhcg7oCBsihUKvBJ8xbhLnDL8wMsRCi8uapDs4NFX8i9l"
"1664","Vonny Laka","2026-06-18T12:31:00.000Z","Tetap waspada terhadap gigitan anjing yah  untuk ibu perawat nya semangat menjalankan tugas Bun","","0","0","0","-1","https://web.facebook.com/yovita.luruk.172537/posts/pfbid02bqRVzb65CLHYNaDuhHKFRhcg7oCBsihUKvBJ8xbhLnDL8wMsRCi8uapDs4NFX8i9l"
"1665","Nonna Lebo","2026-06-18T13:23:00.000Z","Semangat ma sygg","","0","0","0","-1","https://web.facebook.com/yovita.luruk.172537/posts/pfbid02bqRVzb65CLHYNaDuhHKFRhcg7oCBsihUKvBJ8xbhLnDL8wMsRCi8uapDs4NFX8i9l"
"1666","Fanethia","2026-06-18T11:38:00.000Z","Mantap bun semngat","","0","0","0","-1","https://web.facebook.com/yovita.luruk.172537/posts/pfbid02bqRVzb65CLHYNaDuhHKFRhcg7oCBsihUKvBJ8xbhLnDL8wMsRCi8uapDs4NFX8i9l"
"1667","Meliana Abuk Bria","2026-06-18T07:29:00.000Z","Semangat kakak","","0","0","0","-1","https://web.facebook.com/yovita.luruk.172537/posts/pfbid02bqRVzb65CLHYNaDuhHKFRhcg7oCBsihUKvBJ8xbhLnDL8wMsRCi8uapDs4NFX8i9l"
"1668","Yovita Luruk","2026-06-17T16:41:00.000Z","https://www.facebook.com/yovita.luruk.172537/subscribenow?surface=pinned_comments","","0","0","0","-1","https://web.facebook.com/yovita.luruk.172537/posts/pfbid02bqRVzb65CLHYNaDuhHKFRhcg7oCBsihUKvBJ8xbhLnDL8wMsRCi8uapDs4NFX8i9l"
"1669","Vonny Laka","2026-06-17T22:31:00.000Z","Tetap waspada terhadap gigitan anjing yah  untuk ibu perawat nya semangat menjalankan tugas Bun","","0","0","0","-1","https://web.facebook.com/yovita.luruk.172537/posts/pfbid02bqRVzb65CLHYNaDuhHKFRhcg7oCBsihUKvBJ8xbhLnDL8wMsRCi8uapDs4NFX8i9l"
"1670","Nonna Lebo","2026-06-17T23:23:00.000Z","Semangat ma sygg","","0","0","0","-1","https://web.facebook.com/yovita.luruk.172537/posts/pfbid02bqRVzb65CLHYNaDuhHKFRhcg7oCBsihUKvBJ8xbhLnDL8wMsRCi8uapDs4NFX8i9l"
"1671","Fanethia","2026-06-17T21:38:00.000Z","Mantap bun semngat","","0","0","0","-1","https://web.facebook.com/yovita.luruk.172537/posts/pfbid02bqRVzb65CLHYNaDuhHKFRhcg7oCBsihUKvBJ8xbhLnDL8wMsRCi8uapDs4NFX8i9l"
"1672","Meliana Abuk Bria","2026-06-17T17:29:00.000Z","Semangat kakak","","0","0","0","-1","https://web.facebook.com/yovita.luruk.172537/posts/pfbid02bqRVzb65CLHYNaDuhHKFRhcg7oCBsihUKvBJ8xbhLnDL8wMsRCi8uapDs4NFX8i9l"
"1673","Princes Vitha","2025-08-29T03:17:00.000Z","Yuk saling suport dan sukses bareng dengan cara berlangganan disini https://www.facebook.com/princes.vitha/subscribenow?surface=pinned_comments","","0","0","0","-1","https://web.facebook.com/princes.vitha/posts/pfbid02ioW1ohFJ19Lcdsxj6dzoWhTAB5Fs1ze9sPJdtJ8F3sgmSJqAs5xrzQrNZN352UHHl"
"1674","Ayu Alfiyah","2025-08-29T06:15:00.000Z","Soalnya sama bundanya mau dikasih hadiah abis divaksinnya","","0","0","0","-1","https://web.facebook.com/princes.vitha/posts/pfbid02ioW1ohFJ19Lcdsxj6dzoWhTAB5Fs1ze9sPJdtJ8F3sgmSJqAs5xrzQrNZN352UHHl"
"1675","Sadat","2025-08-29T07:01:00.000Z","Udh besr kali ka malu mau nangis juga","","0","0","0","-1","https://web.facebook.com/princes.vitha/posts/pfbid02ioW1ohFJ19Lcdsxj6dzoWhTAB5Fs1ze9sPJdtJ8F3sgmSJqAs5xrzQrNZN352UHHl"
"1676","Dee Wulandari","2025-08-29T03:47:00.000Z","MasyaAllah, vaksin apa ini bun?","","0","0","0","-1","https://web.facebook.com/princes.vitha/posts/pfbid02ioW1ohFJ19Lcdsxj6dzoWhTAB5Fs1ze9sPJdtJ8F3sgmSJqAs5xrzQrNZN352UHHl"
"1677","Pandak Nur","2025-08-29T07:30:00.000Z","Sangat pintar","","0","0","0","-1","https://web.facebook.com/princes.vitha/posts/pfbid02ioW1ohFJ19Lcdsxj6dzoWhTAB5Fs1ze9sPJdtJ8F3sgmSJqAs5xrzQrNZN352UHHl"
"1678","Mumun Pramuni","2025-08-29T12:22:00.000Z","Semangat dek","","0","0","0","-1","https://web.facebook.com/princes.vitha/posts/pfbid02ioW1ohFJ19Lcdsxj6dzoWhTAB5Fs1ze9sPJdtJ8F3sgmSJqAs5xrzQrNZN352UHHl"
"1679","Mimi Hariani","2025-08-29T03:35:00.000Z","Alhamdulillah sehat selalu ganteng","","0","0","0","-1","https://web.facebook.com/princes.vitha/posts/pfbid02ioW1ohFJ19Lcdsxj6dzoWhTAB5Fs1ze9sPJdtJ8F3sgmSJqAs5xrzQrNZN352UHHl"
"1680","Ida Ida","2025-08-29T04:52:00.000Z","Pintarnya, sehat selalu anteng","","0","0","0","-1","https://web.facebook.com/princes.vitha/posts/pfbid02ioW1ohFJ19Lcdsxj6dzoWhTAB5Fs1ze9sPJdtJ8F3sgmSJqAs5xrzQrNZN352UHHl"
"1681","Ahmad","2025-08-30T01:59:00.000Z","Alhamdulillah kak","","0","0","0","-1","https://web.facebook.com/princes.vitha/posts/pfbid02ioW1ohFJ19Lcdsxj6dzoWhTAB5Fs1ze9sPJdtJ8F3sgmSJqAs5xrzQrNZN352UHHl"
"1682","JAROT FANDESTA","2025-08-29T04:14:00.000Z","Yuk saling suport dan sukses bareng dengan cara berlangganan disini https://www.facebook.com/princes.vitha/subscribenow?surface=pinned_comments","","0","0","0","-1","https://web.facebook.com/princes.vitha/posts/pfbid02ioW1ohFJ19Lcdsxj6dzoWhTAB5Fs1ze9sPJdtJ8F3sgmSJqAs5xrzQrNZN352UHHl"
"1683","Princes Vitha","2025-08-28T13:17:00.000Z","Yuk saling suport dan sukses bareng dengan cara berlangganan disini https://www.facebook.com/princes.vitha/subscribenow?surface=pinned_comments","","0","0","0","-1","https://web.facebook.com/princes.vitha/posts/pfbid02ioW1ohFJ19Lcdsxj6dzoWhTAB5Fs1ze9sPJdtJ8F3sgmSJqAs5xrzQrNZN352UHHl"
"1684","Ayu Alfiyah","2025-08-28T16:15:00.000Z","Soalnya sama bundanya mau dikasih hadiah abis divaksinnya","","0","0","0","-1","https://web.facebook.com/princes.vitha/posts/pfbid02ioW1ohFJ19Lcdsxj6dzoWhTAB5Fs1ze9sPJdtJ8F3sgmSJqAs5xrzQrNZN352UHHl"
"1685","Sadat","2025-08-28T17:01:00.000Z","Udh besr kali ka malu mau nangis juga","","0","0","0","-1","https://web.facebook.com/princes.vitha/posts/pfbid02ioW1ohFJ19Lcdsxj6dzoWhTAB5Fs1ze9sPJdtJ8F3sgmSJqAs5xrzQrNZN352UHHl"
"1686","Dee Wulandari","2025-08-28T13:47:00.000Z","MasyaAllah, vaksin apa ini bun?","","0","0","0","-1","https://web.facebook.com/princes.vitha/posts/pfbid02ioW1ohFJ19Lcdsxj6dzoWhTAB5Fs1ze9sPJdtJ8F3sgmSJqAs5xrzQrNZN352UHHl"
"1687","Pandak Nur","2025-08-28T17:30:00.000Z","Sangat pintar","","0","0","0","-1","https://web.facebook.com/princes.vitha/posts/pfbid02ioW1ohFJ19Lcdsxj6dzoWhTAB5Fs1ze9sPJdtJ8F3sgmSJqAs5xrzQrNZN352UHHl"
"1688","Dunia SAPI","2026-06-14T00:31:00.000Z","semua orang","","0","0","0","-1","https://web.facebook.com/photo/?fbid=122203947026430118&set=a.122111656892430118"
"1689","Zendrica Zevanya","2021-12-14T13:12:00.000Z","126 sekolah itu sekolah mana saja yang mendapat vaksin tgl 15","","0","0","0","-1","https://web.facebook.com/HumasPemkotSurabaya/posts/pfbid02GSZP77KQzBi2zE7EdPH1jN9xXcHXji2uDinCCigct82mJjDnFvZJRHSrztoqC6Ksl"
"1690","Wachid Purwanto","2021-12-14T14:14:00.000Z","Periksa berapa banyak anak yang divaksinasi","","0","0","0","-1","https://web.facebook.com/HumasPemkotSurabaya/posts/pfbid02GSZP77KQzBi2zE7EdPH1jN9xXcHXji2uDinCCigct82mJjDnFvZJRHSrztoqC6Ksl"
"1691","Zendrica Zevanya","2021-12-14T13:09:00.000Z","Apakah semua SD disurabaya besok vaksin semua","","0","0","0","-1","https://web.facebook.com/HumasPemkotSurabaya/posts/pfbid02GSZP77KQzBi2zE7EdPH1jN9xXcHXji2uDinCCigct82mJjDnFvZJRHSrztoqC6Ksl"
"1692","M Saidar","2021-12-14T12:54:00.000Z","Surabaya kapan? Min","","0","0","0","-1","https://web.facebook.com/HumasPemkotSurabaya/posts/pfbid02GSZP77KQzBi2zE7EdPH1jN9xXcHXji2uDinCCigct82mJjDnFvZJRHSrztoqC6Ksl"
"1693","Zendrica Zevanya","2021-12-13T22:12:00.000Z","126 sekolah itu sekolah mana saja yang mendapat vaksin tgl 15","","0","0","0","-1","https://web.facebook.com/HumasPemkotSurabaya/posts/pfbid02GSZP77KQzBi2zE7EdPH1jN9xXcHXji2uDinCCigct82mJjDnFvZJRHSrztoqC6Ksl"
"1694","Wachid Purwanto","2021-12-13T23:14:00.000Z","Periksa berapa banyak anak yang divaksinasi","","0","0","0","-1","https://web.facebook.com/HumasPemkotSurabaya/posts/pfbid02GSZP77KQzBi2zE7EdPH1jN9xXcHXji2uDinCCigct82mJjDnFvZJRHSrztoqC6Ksl"
"1695","Zendrica Zevanya","2021-12-13T22:09:00.000Z","Apakah semua SD disurabaya besok vaksin semua","","0","0","0","-1","https://web.facebook.com/HumasPemkotSurabaya/posts/pfbid02GSZP77KQzBi2zE7EdPH1jN9xXcHXji2uDinCCigct82mJjDnFvZJRHSrztoqC6Ksl"
"1696","M Saidar","2021-12-13T21:54:00.000Z","Surabaya kapan? Min","","0","0","0","-1","https://web.facebook.com/HumasPemkotSurabaya/posts/pfbid02GSZP77KQzBi2zE7EdPH1jN9xXcHXji2uDinCCigct82mJjDnFvZJRHSrztoqC6Ksl"
"1697","Ida","2025-11-12T09:43:00.000Z","Yaa Allah, Hanya Engkaulah YG MAHA Penolong","","0","0","0","-1","https://web.facebook.com/kumparancom/posts/pfbid02hREN1Vsqos4bidYoixwwfoWH8MV8dGLKU8m7FPrA2JqYSGLydb9fWBETPtHc6g34l"
"1698","Juwita Bandu","2025-11-12T08:12:00.000Z","Manusia jahat yg paling jahat adalah mereka,sudah membunuh secara terang²an bahkan secara haluspun akan mereka lakukan...andai bantuan² itu tidak melewati wilayah yg mereka kuasai, yakin saja pasti palestina tidak akan sesusah ini dalam mendapat bantuan..berharap semoga ada negara yg mau membawa bantuan itu melalui udara saja...sakit hati banget melihat kelakuan mereka..","","0","0","0","-1","https://web.facebook.com/kumparancom/posts/pfbid02hREN1Vsqos4bidYoixwwfoWH8MV8dGLKU8m7FPrA2JqYSGLydb9fWBETPtHc6g34l"
"1699","Soka Pragiri Pawaranata","2025-11-12T05:39:00.000Z","Satu kata "" lawan""","","0","0","0","-1","https://web.facebook.com/kumparancom/posts/pfbid02hREN1Vsqos4bidYoixwwfoWH8MV8dGLKU8m7FPrA2JqYSGLydb9fWBETPtHc6g34l"
"1700","Neng","2025-11-12T10:11:00.000Z","Desa anjing kecamatan setan kabupaten dazal provinsi telaviv Israel","","0","0","0","-1","https://web.facebook.com/kumparancom/posts/pfbid02hREN1Vsqos4bidYoixwwfoWH8MV8dGLKU8m7FPrA2JqYSGLydb9fWBETPtHc6g34l"
"1701","Leha Udin","2025-11-12T06:14:00.000Z","Kan katanya Israel ga bisa dilawan ,jadi umat Islam apa harus diam ,ya mungkin tidak Tah dg cara apa kita mesti berusaha dan insyaallah akan bantu ya doa itulah yg kita bisa lakukan a.....miiiiiiiin yrb.","","0","0","0","-1","https://web.facebook.com/kumparancom/posts/pfbid02hREN1Vsqos4bidYoixwwfoWH8MV8dGLKU8m7FPrA2JqYSGLydb9fWBETPtHc6g34l"
"1702","Hanifudin Anshori","2025-11-12T10:50:00.000Z","Dan sebagian Christian wakanda menyetujui yg di lakukan oleh Israel....","","0","0","0","-1","https://web.facebook.com/kumparancom/posts/pfbid02hREN1Vsqos4bidYoixwwfoWH8MV8dGLKU8m7FPrA2JqYSGLydb9fWBETPtHc6g34l"
"1703","Deddy Irmawan","2025-11-12T07:28:00.000Z","Mana nih yg teriak agama Kasih..apa karna bangsa pilihan Tuhan, pembunuhan di dukung olh mereka yg teriak paling kasih","","0","0","0","-1","https://web.facebook.com/kumparancom/posts/pfbid02hREN1Vsqos4bidYoixwwfoWH8MV8dGLKU8m7FPrA2JqYSGLydb9fWBETPtHc6g34l"
"1704","Eagle Flies","2025-11-12T06:48:00.000Z","Benar sekali ...kalau mereka adalah bangsa yang  memiliki ketakutan luar biasa , disamping kecerdasan diatas rata rata  bangsa lain .","","0","0","0","-1","https://web.facebook.com/kumparancom/posts/pfbid02hREN1Vsqos4bidYoixwwfoWH8MV8dGLKU8m7FPrA2JqYSGLydb9fWBETPtHc6g34l"
"1705","Aisyah Nurul Saukani","2025-11-12T12:30:00.000Z","Ya Rabbana..berikan kepada penjajah israel dan sekutunya semua rasa sakit dan segala kesulitan. Sungguh Engkau Maha Berkuasa Ya Allah","","0","0","0","-1","https://web.facebook.com/kumparancom/posts/pfbid02hREN1Vsqos4bidYoixwwfoWH8MV8dGLKU8m7FPrA2JqYSGLydb9fWBETPtHc6g34l"
"1706","Susi Delmiyanti","2025-11-12T09:45:00.000Z","Israel  gila biadab jahat ati","","0","0","0","-1","https://web.facebook.com/kumparancom/posts/pfbid02hREN1Vsqos4bidYoixwwfoWH8MV8dGLKU8m7FPrA2JqYSGLydb9fWBETPtHc6g34l"
"1707","Ida","2025-11-11T18:43:00.000Z","Yaa Allah, Hanya Engkaulah YG MAHA Penolong","","0","0","0","-1","https://web.facebook.com/kumparancom/posts/pfbid02hREN1Vsqos4bidYoixwwfoWH8MV8dGLKU8m7FPrA2JqYSGLydb9fWBETPtHc6g34l"
"1708","Juwita Bandu","2025-11-11T17:12:00.000Z","Manusia jahat yg paling jahat adalah mereka,sudah membunuh secara terang²an bahkan secara haluspun akan mereka lakukan...andai bantuan² itu tidak melewati wilayah yg mereka kuasai, yakin saja pasti palestina tidak akan sesusah ini dalam mendapat bantuan..berharap semoga ada negara yg mau membawa bantuan itu melalui udara saja...sakit hati banget melihat kelakuan mereka..","","0","0","0","-1","https://web.facebook.com/kumparancom/posts/pfbid02hREN1Vsqos4bidYoixwwfoWH8MV8dGLKU8m7FPrA2JqYSGLydb9fWBETPtHc6g34l"
"1709","Soka Pragiri Pawaranata","2025-11-11T14:39:00.000Z","Satu kata "" lawan""","","0","0","0","-1","https://web.facebook.com/kumparancom/posts/pfbid02hREN1Vsqos4bidYoixwwfoWH8MV8dGLKU8m7FPrA2JqYSGLydb9fWBETPtHc6g34l"
"1710","Neng","2025-11-11T19:11:00.000Z","Desa anjing kecamatan setan kabupaten dazal provinsi telaviv Israel","","0","0","0","-1","https://web.facebook.com/kumparancom/posts/pfbid02hREN1Vsqos4bidYoixwwfoWH8MV8dGLKU8m7FPrA2JqYSGLydb9fWBETPtHc6g34l"
"1711","Leha Udin","2025-11-11T15:14:00.000Z","Kan katanya Israel ga bisa dilawan ,jadi umat Islam apa harus diam ,ya mungkin tidak Tah dg cara apa kita mesti berusaha dan insyaallah akan bantu ya doa itulah yg kita bisa lakukan a.....miiiiiiiin yrb.","","0","0","0","-1","https://web.facebook.com/kumparancom/posts/pfbid02hREN1Vsqos4bidYoixwwfoWH8MV8dGLKU8m7FPrA2JqYSGLydb9fWBETPtHc6g34l"
"1712","Cahaya Simarmata","2026-07-08T04:47:00.000Z","#salaminteraksi #Info #interaksiluas  #trendingnow #spirituality #videoviral","","0","0","0","-1","https://web.facebook.com/cahaya.simarmata.732609/posts/pfbid031PeAsxpf6gXtMbuVGquYULPUXxJUhQnbha5p7PAaxYvAiPB3d2EtkhMegpwroLxrl"
"1713","Cahaya Simarmata","2026-07-08T04:50:00.000Z","Menterinya ahli Nuklir...seharus untuk beberapa kementerian diisi orang2 yg propesional dibidangnya","","0","0","0","-1","https://web.facebook.com/cahaya.simarmata.732609/posts/pfbid031PeAsxpf6gXtMbuVGquYULPUXxJUhQnbha5p7PAaxYvAiPB3d2EtkhMegpwroLxrl"
"1714","Cahaya Simarmata","2026-07-08T04:51:00.000Z","Menterinya ahli Nuklir...seharus untuk beberapa kementerian diisi orang2 yg propesional dibidangnya","","0","0","0","-1","https://web.facebook.com/cahaya.simarmata.732609/posts/pfbid031PeAsxpf6gXtMbuVGquYULPUXxJUhQnbha5p7PAaxYvAiPB3d2EtkhMegpwroLxrl"
"1715","Cahaya Simarmata","2026-07-08T06:47:00.000Z","Menterinya ahli Nuklir...seharus untuk beberapa kementerian diisi orang2 yg propesional dibidangnya","","0","0","0","-1","https://web.facebook.com/cahaya.simarmata.732609/posts/pfbid031PeAsxpf6gXtMbuVGquYULPUXxJUhQnbha5p7PAaxYvAiPB3d2EtkhMegpwroLxrl"
"1716","Cahaya Simarmata","2026-07-08T06:47:00.000Z","Menterinya ahli Nuklir...seharus untuk beberapa kementerian diisi orang2 yg propesional dibidangnya","","0","0","0","-1","https://web.facebook.com/cahaya.simarmata.732609/posts/pfbid031PeAsxpf6gXtMbuVGquYULPUXxJUhQnbha5p7PAaxYvAiPB3d2EtkhMegpwroLxrl"
"1717","Cahaya Simarmata","2026-07-08T06:47:00.000Z","Menterinya ahli Nuklir...seharus untuk beberapa kementerian diisi orang2 yg propesional dibidangnya","","0","0","0","-1","https://web.facebook.com/cahaya.simarmata.732609/posts/pfbid031PeAsxpf6gXtMbuVGquYULPUXxJUhQnbha5p7PAaxYvAiPB3d2EtkhMegpwroLxrl"
"1718","Cahaya Simarmata","2026-07-08T06:47:00.000Z","Menterinya ahli Nuklir...seharus untuk beberapa kementerian diisi orang2 yg propesional dibidangnya","","0","0","0","-1","https://web.facebook.com/cahaya.simarmata.732609/posts/pfbid031PeAsxpf6gXtMbuVGquYULPUXxJUhQnbha5p7PAaxYvAiPB3d2EtkhMegpwroLxrl"
"1719","Cahaya Simarmata","2026-07-08T06:48:00.000Z","Menterinya ahli Nuklir...seharus untuk beberapa kementerian diisi orang2 yg propesional dibidangnya","","0","0","0","-1","https://web.facebook.com/cahaya.simarmata.732609/posts/pfbid031PeAsxpf6gXtMbuVGquYULPUXxJUhQnbha5p7PAaxYvAiPB3d2EtkhMegpwroLxrl"
"1720","Cahaya Simarmata","2026-07-08T06:48:00.000Z","Menterinya ahli Nuklir...seharus untuk beberapa kementerian diisi orang2 yg propesional dibidangnya","","0","0","0","-1","https://web.facebook.com/cahaya.simarmata.732609/posts/pfbid031PeAsxpf6gXtMbuVGquYULPUXxJUhQnbha5p7PAaxYvAiPB3d2EtkhMegpwroLxrl"
"1721","Deka Kade Kade","2026-07-08T05:23:00.000Z","Menterinya ahli Nuklir...seharus untuk beberapa kementerian diisi orang2 yg propesional dibidangnya","","0","0","0","-1","https://web.facebook.com/cahaya.simarmata.732609/posts/pfbid031PeAsxpf6gXtMbuVGquYULPUXxJUhQnbha5p7PAaxYvAiPB3d2EtkhMegpwroLxrl"
"1722","Egi Pratama","2026-02-16T12:16:00.000Z","3 bln setelah nya sampai 3 tahun tuh, fisik mudah lelah, sering sakit tulang dan mudah sakit, terutama utk demam berujung batuk flue parah, yg sebelum vaksin gak pernh sampai batuk flue parah gitu, sampai "" Paksu hrs RANAP cm krn batuk flue , pemulihan pasca sakit pun kesan nya susah dan butuh waktu lama untuk kembali Fit .","","0","0","0","-1","https://web.facebook.com/photo/?fbid=122206616216299940&set=a.122101425980299940"
"1723","Dewi Siti Fatimah","2026-02-16T08:08:00.000Z","Sehat2 mbak Pipi Sapitri,pokoknya aku padamu,masyaaAllah terima kasih share2 an ilmu&inponya ya mbak,sangat2 bermanpaat utk sy&sy inpokan ke tmn2 betapa kagetnya mereka ktnya kok aku ga tau bla blaaa,dlm hatiku kmu kmana aja kok selama ini mau dienjus kmu&anak2 mu","","0","0","0","-1","https://web.facebook.com/photo/?fbid=122206616216299940&set=a.122101425980299940"
"1724","Febry Mulyani","2026-02-16T08:30:00.000Z","Sebenarnya kita hidup sekarang dimana ya mba ditanah leluhur kita yang penjajahnya saudara sebangsa jugakah? Kok mereka jahat dan kejam banget sama hidup kita ya.. ak udah baca ttg vaksin itu ternyata untuk program depopulasi mereka","","0","0","0","-1","https://web.facebook.com/photo/?fbid=122206616216299940&set=a.122101425980299940"
"1725","Noer Aini","2026-02-16T08:51:00.000Z","Aq ga pernah vaksin Hpv krn pendapat klo kt sehat knp mesti vaksin,dan utk anak""ku sdh kuperingatkan jika disekolah ad vaksin/imunisasi apapun jangan mau bilang aja izin dlu sm mama","","0","0","0","-1","https://web.facebook.com/photo/?fbid=122206616216299940&set=a.122101425980299940"
"1726","Jeje Rahayaan","2026-02-16T10:22:00.000Z","Di Papua..byk anak SMa menolak suntik HPV gratis dari puskesmas....krn aslinya vaksin HPV yg berkualitas harganya 5 juta 2x....kl diksh gratis..otomatis tanda tanya( sbg kelinci percobaan )","","0","0","0","-1","https://web.facebook.com/photo/?fbid=122206616216299940&set=a.122101425980299940"
"1727","Dickdino","2026-02-16T10:17:00.000Z","Begitupun Anak Anak di sekolah..pemberian vaksin harus dengan ijin orang tua. Kalau tidak di ijinkan jangan ada pemaksaan. Titik..","","0","0","0","-1","https://web.facebook.com/photo/?fbid=122206616216299940&set=a.122101425980299940"
"1728","Rusli","2026-06-21T14:21:00.000Z","Jenis ikan piranha apa bos?","","0","0","0","-1","https://web.facebook.com/kok.koax.tengkoaxx/videos/1633508484419437/?idorvanity=398908885313548"
"1729","R'aden Kelima","2026-06-21T14:18:00.000Z","Matepp om .. jadi kepengen","","0","0","0","-1","https://web.facebook.com/kok.koax.tengkoaxx/videos/1633508484419437/?idorvanity=398908885313548"
"1730","Arief Wibowo","2026-06-29T07:48:00.000Z","Ini aja udah ajib gini","","0","0","0","-1","https://web.facebook.com/yoga.ananda4698/videos/1359807029444956/?idorvanity=398908885313548"
"1731","Riyan Sans","2026-06-29T09:21:00.000Z","kejar size bang","","0","0","0","-1","https://web.facebook.com/yoga.ananda4698/videos/1359807029444956/?idorvanity=398908885313548"
"1732","Muhammad Rizky","2026-07-14T07:33:00.000Z","Andai Deket tak gass ituu","","0","0","0","-1","https://web.facebook.com/ivan.cool.524/videos/1324113143267550/?idorvanity=398908885313548"
"1733","Peserta anonim","2026-07-14T09:53:00.000Z","berapa lama om itu sampe gede?","","0","0","0","-1","https://web.facebook.com/ivan.cool.524/videos/1324113143267550/?idorvanity=398908885313548"
"1734","Adittya Wicaksono","2026-06-22T15:56:00.000Z","Kalau ini itungan nya se jari apa om","","0","0","0","-1","https://web.facebook.com/groups/398908885313548/posts/1519444516593307/"
"1735","Bang Nur","2026-06-22T04:44:00.000Z","Suka2 penjualnya lah mau jari, jempol, sentimeter, kilometer","","0","0","0","-1","https://web.facebook.com/groups/398908885313548/posts/1519444516593307/"
"1736","Juwingan Aquatic","2026-06-22T04:54:00.000Z","Bro jri nunjukin lebar badanya bro....kenapa pakai jari orang awam lbh gampang gambari. Ikanya seberapa dibanding pakai cm...karena pakai cm cmn nunjukin panjang aja gak lebar ikan seluruh tubuhnya....jadi ya pakai cm kemudian kira2 4 jarian kyak gt...klo dikasih cm aja .gak mungkin pembeli mau ambil penggaris dlu kira2 seberpa ya wkekek....its simple aja pntg laku hehehe ....","","0","0","0","-1","https://web.facebook.com/groups/398908885313548/posts/1519444516593307/"
"1737","Raden Antoni Achmad","2026-06-22T06:50:00.000Z","memang betul ukuran menggunakan alat ukur lebih akurat. tapi biasanya kalo pake jari itu ukuran kasar dan ada imbuhan kira"". dan misalkan mau jual ikan buas atau kondisi yg susah untuk diukur misal ga ada serokan dsb. jadi dipakailah istilah tsb untuk memudahkan. kalo mau yg bener"" akurat ya tergantung kesepakatan buyernya sama seller aja. belajar berpikir di 2 sisi","","0","0","0","-1","https://web.facebook.com/groups/398908885313548/posts/1519444516593307/"
"1738","Ahmad Nur Khadafi","2026-06-22T02:47:00.000Z","Kasih paham pak","","0","0","0","-1","https://web.facebook.com/groups/398908885313548/posts/1519444516593307/"
"1739","Djulius Djul","2026-06-22T03:34:00.000Z","Teguh Budi Satria jari²","","0","0","0","-1","https://web.facebook.com/groups/398908885313548/posts/1519444516593307/"
"1740","Yoga Ahmardiansyah","2026-06-22T03:10:00.000Z","Mantap ikannya","","0","0","0","-1","https://web.facebook.com/groups/398908885313548/posts/1519444516593307/"
"1741","JW Flowerhorn","2026-06-22T02:47:00.000Z","sabar omm wkwkkwk","","0","0","0","-1","https://web.facebook.com/groups/398908885313548/posts/1519444516593307/"
"1742","Didit Serangan","2026-06-22T02:27:00.000Z","Selllernya cuman punya jari kak, gak pernah punya penggaris atau meteran..","","0","0","0","-1","https://web.facebook.com/groups/398908885313548/posts/1519444516593307/"
"1743","Irdanadiansyah","2026-06-22T06:01:00.000Z","Saya setuju,supaya tidak expec berlebih klo di ukur jari","","0","0","0","-1","https://web.facebook.com/groups/398908885313548/posts/1519444516593307/"
"1744","Adittya Wicaksono","2026-06-22T01:56:00.000Z","Kalau ini itungan nya se jari apa om","","0","0","0","-1","https://web.facebook.com/groups/398908885313548/posts/1519444516593307/"
"1745","Bang Nur","2026-06-21T14:44:00.000Z","Suka2 penjualnya lah mau jari, jempol, sentimeter, kilometer","","0","0","0","-1","https://web.facebook.com/groups/398908885313548/posts/1519444516593307/"
"1746","Juwingan Aquatic","2026-06-21T14:54:00.000Z","Bro jri nunjukin lebar badanya bro....kenapa pakai jari orang awam lbh gampang gambari. Ikanya seberapa dibanding pakai cm...karena pakai cm cmn nunjukin panjang aja gak lebar ikan seluruh tubuhnya....jadi ya pakai cm kemudian kira2 4 jarian kyak gt...klo dikasih cm aja .gak mungkin pembeli mau ambil penggaris dlu kira2 seberpa ya wkekek....its simple aja pntg laku hehehe ....","","0","0","0","-1","https://web.facebook.com/groups/398908885313548/posts/1519444516593307/"
"1747","Raden Antoni Achmad","2026-06-21T16:50:00.000Z","memang betul ukuran menggunakan alat ukur lebih akurat. tapi biasanya kalo pake jari itu ukuran kasar dan ada imbuhan kira"". dan misalkan mau jual ikan buas atau kondisi yg susah untuk diukur misal ga ada serokan dsb. jadi dipakailah istilah tsb untuk memudahkan. kalo mau yg bener"" akurat ya tergantung kesepakatan buyernya sama seller aja. belajar berpikir di 2 sisi","","0","0","0","-1","https://web.facebook.com/groups/398908885313548/posts/1519444516593307/"
"1748","Ahmad Nur Khadafi","2026-06-21T12:47:00.000Z","Kasih paham pak","","0","0","0","-1","https://web.facebook.com/groups/398908885313548/posts/1519444516593307/"
"1749","Sonny Putra","2026-07-11T13:02:00.000Z","Itu di puasain dulu om?","","0","0","0","-1","https://web.facebook.com/adhoelcoconuttreez.rastafaraslaluuyye/videos/1032048809795780/?idorvanity=398908885313548"
"1750","Arie Yanto","2026-07-11T13:53:00.000Z","tanaman nya jenis apa om","","0","0","0","-1","https://web.facebook.com/adhoelcoconuttreez.rastafaraslaluuyye/videos/1032048809795780/?idorvanity=398908885313548"
"1751","Riyan Sans","2026-06-09T03:34:00.000Z","org baru tuh keknya ga ngerti ngukur pake jari, masukan buat seller kalo jual ya udah pake cm aja ga usah jari jarian , jari org beda beda kocak emang ,","","0","0","0","-1","https://web.facebook.com/groups/398908885313548/posts/1508255777712181/"
"1752","Riyan Sans","2026-06-08T13:34:00.000Z","org baru tuh keknya ga ngerti ngukur pake jari, masukan buat seller kalo jual ya udah pake cm aja ga usah jari jarian , jari org beda beda kocak emang ,","","0","0","0","-1","https://web.facebook.com/groups/398908885313548/posts/1508255777712181/"
"1753","HappyRaccoon1136","2026-07-08T04:36:00.000Z","Lok?","","0","0","0","-1","https://web.facebook.com/groups/398908885313548/posts/1533272928543799/"
"1754","Nasrul Juare","2026-07-07T23:56:00.000Z","Lokasi","","0","0","0","-1","https://web.facebook.com/groups/398908885313548/posts/1533272928543799/"
"1755","Leonardo Hoki","2026-07-08T01:12:00.000Z","gass mumpung deket","","0","0","0","-1","https://web.facebook.com/groups/398908885313548/posts/1533272928543799/"
"1756","Sainah","2026-07-08T04:09:00.000Z","mau 1 dong","","0","0","0","-1","https://web.facebook.com/groups/398908885313548/posts/1533272928543799/"
"1757","Rama Raditiyus","2026-07-08T00:54:00.000Z","Lokasi mana om","","0","0","0","-1","https://web.facebook.com/groups/398908885313548/posts/1533272928543799/"
"1758","Fybloods","2026-07-08T18:16:00.000Z","Lok mna mas?","","0","0","0","-1","https://web.facebook.com/groups/398908885313548/posts/1533272928543799/"
"1759","Davie Anggie","2026-07-08T04:57:00.000Z","No respon wkwkw,","","0","0","0","-1","https://web.facebook.com/groups/398908885313548/posts/1533272928543799/"
"1760","HappyRaccoon1136","2026-07-07T14:36:00.000Z","Lok?","","0","0","0","-1","https://web.facebook.com/groups/398908885313548/posts/1533272928543799/"
"1761","Nasrul Juare","2026-07-07T09:56:00.000Z","Lokasi","","0","0","0","-1","https://web.facebook.com/groups/398908885313548/posts/1533272928543799/"
"1762","Leonardo Hoki","2026-07-07T11:12:00.000Z","gass mumpung deket","","0","0","0","-1","https://web.facebook.com/groups/398908885313548/posts/1533272928543799/"
"1763","Sainah","2026-07-07T14:09:00.000Z","mau 1 dong","","0","0","0","-1","https://web.facebook.com/groups/398908885313548/posts/1533272928543799/"
"1764","Rama Raditiyus","2026-07-07T10:54:00.000Z","Lokasi mana om","","0","0","0","-1","https://web.facebook.com/groups/398908885313548/posts/1533272928543799/"
"1765","Fybloods","2026-07-08T04:16:00.000Z","Lok mna mas?","","0","0","0","-1","https://web.facebook.com/groups/398908885313548/posts/1533272928543799/"
"1766","Davie Anggie","2026-07-07T14:57:00.000Z","No respon wkwkw,","","0","0","0","-1","https://web.facebook.com/groups/398908885313548/posts/1533272928543799/"
"1767","Leonex","2026-07-14T05:12:00.000Z","Kok tankmate nya gak pd dimakan","","0","0","0","-1","https://web.facebook.com/andi.qunthil.2025/videos/2038182760145370/?idorvanity=398908885313548"
"1768","Rifki Mustofa","2026-07-14T02:08:00.000Z","Si compre suka nyemilin ekor temennya ngga om?","","0","0","0","-1","https://web.facebook.com/andi.qunthil.2025/videos/2038182760145370/?idorvanity=398908885313548"
"1769","unknown","2026-07-04T13:13:00.000Z","rbp itu om, kasih makan ikan mas (menyesuaikan ukuran) aja, satu2 nunggu abis dulu satu baru taro lagi, biar kelatih nalurinya","","0","0","0","-1","https://web.facebook.com/iqkxszhandtth.outvenged/videos/1689866558979712/?idorvanity=398908885313548"
"1770","unknown","2026-07-06T14:50:00.000Z","ane lele uk 19cm ane pilet dikit untuk yang uk segitu sisa nya di kasih yang uk 4 jarian om , jadi dari kecil nya full lele","","0","0","0","-1","https://web.facebook.com/iqkxszhandtth.outvenged/videos/1689866558979712/?idorvanity=398908885313548"
"1771","Yong Fuk","2026-07-14T07:39:00.000Z","Tank nya ukuran brapa om? Terima kasih","","0","0","0","-1","https://web.facebook.com/kerismon.putra/videos/1747441672927367/?idorvanity=398908885313548"
"1772","Bosep Alcantara","2026-07-14T14:16:00.000Z","Bng sanchezi ad 20 up itu?","","0","0","0","-1","https://web.facebook.com/kerismon.putra/videos/1747441672927367/?idorvanity=398908885313548"
"1773","Joko Satria Kosongduasatu","2026-06-16T02:58:00.000Z","Saya keep 7 ekor dr sebesar koin seribuan sampe skrg  size 3-4 jr, msh aman ttp 7 ekor,  paling kadang coak punggung sama dorsal,  tp sembuh lg.","","0","0","0","-1","https://web.facebook.com/yhus.ryda.azmy/videos/1675408363737073/?idorvanity=398908885313548"
"1774","Bang Hen","2026-06-16T02:08:00.000Z","itu masih hidup ya","","0","0","0","-1","https://web.facebook.com/yhus.ryda.azmy/videos/1675408363737073/?idorvanity=398908885313548"
"1775","Pakpol Red","2026-06-16T13:00:00.000Z","Gas semangat om, salam dari bogor","","0","0","0","-1","https://web.facebook.com/groups/398908885313548/posts/1514654323738993/"
"1776","Saifuddin Zulkifli","2026-06-16T13:22:00.000Z","Idaman","","0","0","0","-1","https://web.facebook.com/groups/398908885313548/posts/1514654323738993/"
"1777","M Randy","2026-06-20T14:20:00.000Z","Piraya itu Rbp bkan sih","","0","0","0","-1","https://web.facebook.com/groups/398908885313548/posts/1514654323738993/"
"1778","Robi R Maulana","2026-06-16T15:09:00.000Z","Bandung menyapa","","0","0","0","-1","https://web.facebook.com/groups/398908885313548/posts/1514654323738993/"
"1779","Isall","2026-06-16T11:12:00.000Z","Mf pemula.baru mulai trtarik piranha","","0","0","0","-1","https://web.facebook.com/groups/398908885313548/posts/1514654323738993/"
"1780","Irfan Irfan","2026-06-16T14:34:00.000Z","ikan channa yg paling kerennn","","0","0","0","-1","https://web.facebook.com/groups/398908885313548/posts/1514654323738993/"
"1781","中山秀樹","2026-06-16T18:21:00.000Z","Mf pemula.baru mulai trtarik piranha","","0","0","0","-1","https://web.facebook.com/groups/398908885313548/posts/1514654323738993/"
"1782","Pakpol Red","2026-06-15T23:00:00.000Z","Gas semangat om, salam dari bogor","","0","0","0","-1","https://web.facebook.com/groups/398908885313548/posts/1514654323738993/"
"1783","Saifuddin Zulkifli","2026-06-15T23:22:00.000Z","Idaman","","0","0","0","-1","https://web.facebook.com/groups/398908885313548/posts/1514654323738993/"
"1784","M Randy","2026-06-20T00:20:00.000Z","Piraya itu Rbp bkan sih","","0","0","0","-1","https://web.facebook.com/groups/398908885313548/posts/1514654323738993/"
"1785","Robi R Maulana","2026-06-16T01:09:00.000Z","Bandung menyapa","","0","0","0","-1","https://web.facebook.com/groups/398908885313548/posts/1514654323738993/"
"1786","Isall","2026-06-15T21:12:00.000Z","Mf pemula.baru mulai trtarik piranha","","0","0","0","-1","https://web.facebook.com/groups/398908885313548/posts/1514654323738993/"
"1787","Irfan Irfan","2026-06-16T00:34:00.000Z","ikan channa yg paling kerennn","","0","0","0","-1","https://web.facebook.com/groups/398908885313548/posts/1514654323738993/"
"1788","中山秀樹","2026-06-16T04:21:00.000Z","Mf pemula.baru mulai trtarik piranha","","0","0","0","-1","https://web.facebook.com/groups/398908885313548/posts/1514654323738993/"
"1789","Wira Darma Ihsan Nashir","2026-03-09T14:54:00.000Z","Capcut banyaak bgt poster campak gini, lgsng masukkan foto uda deh siapp","","0","0","0","-1","https://web.facebook.com/dwi.faiz.31337/posts/pfbid02raYCniJWAcdFLuEUwwakgBDJbTkGe7pdoEnR34L1rKk7wVpYfcwyEtAUAFD38H2Xl"
"1790","Billong","2026-03-13T11:19:00.000Z","anak ku juga sudah biki ini dan sudah jadi pin","","0","0","0","-1","https://web.facebook.com/dwi.faiz.31337/posts/pfbid02raYCniJWAcdFLuEUwwakgBDJbTkGe7pdoEnR34L1rKk7wVpYfcwyEtAUAFD38H2Xl"
"1791","Putrii Wulandari Lubiss","2026-03-08T07:21:00.000Z","cara bikinnya cmna kk","","0","0","0","-1","https://web.facebook.com/dwi.faiz.31337/posts/pfbid02raYCniJWAcdFLuEUwwakgBDJbTkGe7pdoEnR34L1rKk7wVpYfcwyEtAUAFD38H2Xl"
"1792","Puti Dewel","2026-03-09T10:06:00.000Z","Paling mudah itu ambil aja fotonya kirim ke chatgpt tinggal tulis ""ganti foto dengan foto kedua (tidak merubah wajah sedikitpun)"". Trus tulis, sesuai tulisan yg dimau","","0","0","0","-1","https://web.facebook.com/dwi.faiz.31337/posts/pfbid02raYCniJWAcdFLuEUwwakgBDJbTkGe7pdoEnR34L1rKk7wVpYfcwyEtAUAFD38H2Xl"
"1793","Resty A","2026-03-08T07:10:00.000Z","Bun bikinin juga plisssDwi Rama","","0","0","0","-1","https://web.facebook.com/dwi.faiz.31337/posts/pfbid02raYCniJWAcdFLuEUwwakgBDJbTkGe7pdoEnR34L1rKk7wVpYfcwyEtAUAFD38H2Xl"
"1794","Mom's Indahivanaadhan","2026-03-11T01:45:00.000Z","Kalau saya pakai aplikasi Dola buat foto begitu","","0","0","0","-1","https://web.facebook.com/dwi.faiz.31337/posts/pfbid02raYCniJWAcdFLuEUwwakgBDJbTkGe7pdoEnR34L1rKk7wVpYfcwyEtAUAFD38H2Xl"
"1795","Syahrul Mumtaz","2026-03-09T13:54:00.000Z","Caranya gmn ni ka mau dong","","0","0","0","-1","https://web.facebook.com/dwi.faiz.31337/posts/pfbid02raYCniJWAcdFLuEUwwakgBDJbTkGe7pdoEnR34L1rKk7wVpYfcwyEtAUAFD38H2Xl"
"1796","Yulianii Agustin","2026-03-08T13:31:00.000Z","Tidak bisa menggunakan Gemini AI, kan?","","0","0","0","-1","https://web.facebook.com/dwi.faiz.31337/posts/pfbid02raYCniJWAcdFLuEUwwakgBDJbTkGe7pdoEnR34L1rKk7wVpYfcwyEtAUAFD38H2Xl"
"1797","Lisdian Sukmawati","2026-03-09T09:25:00.000Z","Mau bikinin kak","","0","0","0","-1","https://web.facebook.com/dwi.faiz.31337/posts/pfbid02raYCniJWAcdFLuEUwwakgBDJbTkGe7pdoEnR34L1rKk7wVpYfcwyEtAUAFD38H2Xl"
"1798","Tika Susaningtyas Rajendra","2026-03-09T11:52:00.000Z","Aku ingin membuatnya.. Tapi kenapa takut dikira sombong?","","0","0","0","-1","https://web.facebook.com/dwi.faiz.31337/posts/pfbid02raYCniJWAcdFLuEUwwakgBDJbTkGe7pdoEnR34L1rKk7wVpYfcwyEtAUAFD38H2Xl"
"1799","Wira Darma Ihsan Nashir","2026-03-09T00:54:00.000Z","Capcut banyaak bgt poster campak gini, lgsng masukkan foto uda deh siapp","","0","0","0","-1","https://web.facebook.com/dwi.faiz.31337/posts/pfbid02raYCniJWAcdFLuEUwwakgBDJbTkGe7pdoEnR34L1rKk7wVpYfcwyEtAUAFD38H2Xl"
"1800","Billong","2026-03-12T21:19:00.000Z","anak ku juga sudah biki ini dan sudah jadi pin","","0","0","0","-1","https://web.facebook.com/dwi.faiz.31337/posts/pfbid02raYCniJWAcdFLuEUwwakgBDJbTkGe7pdoEnR34L1rKk7wVpYfcwyEtAUAFD38H2Xl"
"1801","Putrii Wulandari Lubiss","2026-03-07T16:21:00.000Z","cara bikinnya cmna kk","","0","0","0","-1","https://web.facebook.com/dwi.faiz.31337/posts/pfbid02raYCniJWAcdFLuEUwwakgBDJbTkGe7pdoEnR34L1rKk7wVpYfcwyEtAUAFD38H2Xl"
"1802","Puti Dewel","2026-03-08T20:06:00.000Z","Paling mudah itu ambil aja fotonya kirim ke chatgpt tinggal tulis ""ganti foto dengan foto kedua (tidak merubah wajah sedikitpun)"". Trus tulis, sesuai tulisan yg dimau","","0","0","0","-1","https://web.facebook.com/dwi.faiz.31337/posts/pfbid02raYCniJWAcdFLuEUwwakgBDJbTkGe7pdoEnR34L1rKk7wVpYfcwyEtAUAFD38H2Xl"
"1803","Resty A","2026-03-07T16:10:00.000Z","Bun bikinin juga plisssDwi Rama","","0","0","0","-1","https://web.facebook.com/dwi.faiz.31337/posts/pfbid02raYCniJWAcdFLuEUwwakgBDJbTkGe7pdoEnR34L1rKk7wVpYfcwyEtAUAFD38H2Xl"
"1804","Dwi Asrini","2026-04-29T02:39:00.000Z","Semangat bertugas bu kader..","","0","0","0","-1","https://web.facebook.com/groups/2877815312391798/posts/3337108259795832/"
"1805","Anisatul Munifsh","2026-04-26T16:02:00.000Z","Alhamdulillah bunda","","0","0","0","-1","https://web.facebook.com/groups/2877815312391798/posts/3337108259795832/"
"1806","Dwi Asrini","2026-04-28T12:39:00.000Z","Semangat bertugas bu kader..","","0","0","0","-1","https://web.facebook.com/groups/2877815312391798/posts/3337108259795832/"
"1807","Anisatul Munifsh","2026-04-26T02:02:00.000Z","Alhamdulillah bunda","","0","0","0","-1","https://web.facebook.com/groups/2877815312391798/posts/3337108259795832/"
"1808","Rajata Syailendra Sharim Andri","2026-04-16T02:00:00.000Z","jangan lupa like,komen dan bagikan yaa  bestiee .https://www.facebook.com/dea.sri.5686/subscribe/ https://www.facebook.com/dea.sri.5686/subscribenow?surface=pinned_comments","","0","0","0","-1","https://web.facebook.com/dea.sri.5686/posts/pfbid0z5Qy9iv8XahN2VxJ7QARcvzB7FSmG6rLsBTkSkfhuj9jZJCd8nUmCMwcoNBuJE6ul"
"1809","Mamath Lutfie","2026-04-16T23:53:00.000Z","iya biar sehat cantik","","0","0","0","-1","https://web.facebook.com/dea.sri.5686/posts/pfbid0z5Qy9iv8XahN2VxJ7QARcvzB7FSmG6rLsBTkSkfhuj9jZJCd8nUmCMwcoNBuJE6ul"
"1810","Moms Yani","2026-04-16T11:27:00.000Z","Setelah menangis, makanlah sesuatu sekarang juga, oke sayang","","0","0","0","-1","https://web.facebook.com/dea.sri.5686/posts/pfbid0z5Qy9iv8XahN2VxJ7QARcvzB7FSmG6rLsBTkSkfhuj9jZJCd8nUmCMwcoNBuJE6ul"
"1811","Rajata Syailendra Sharim Andri","2026-04-15T12:00:00.000Z","jangan lupa like,komen dan bagikan yaa  bestiee .https://www.facebook.com/dea.sri.5686/subscribe/ https://www.facebook.com/dea.sri.5686/subscribenow?surface=pinned_comments","","0","0","0","-1","https://web.facebook.com/dea.sri.5686/posts/pfbid0z5Qy9iv8XahN2VxJ7QARcvzB7FSmG6rLsBTkSkfhuj9jZJCd8nUmCMwcoNBuJE6ul"
"1812","Mamath Lutfie","2026-04-16T09:53:00.000Z","iya biar sehat cantik","","0","0","0","-1","https://web.facebook.com/dea.sri.5686/posts/pfbid0z5Qy9iv8XahN2VxJ7QARcvzB7FSmG6rLsBTkSkfhuj9jZJCd8nUmCMwcoNBuJE6ul"
"1813","Moms Yani","2026-04-15T21:27:00.000Z","Setelah menangis, makanlah sesuatu sekarang juga, oke sayang","","0","0","0","-1","https://web.facebook.com/dea.sri.5686/posts/pfbid0z5Qy9iv8XahN2VxJ7QARcvzB7FSmG6rLsBTkSkfhuj9jZJCd8nUmCMwcoNBuJE6ul"
"1814","unknown","2024-07-24T11:47:00.000Z","𝙼𝚊𝚗𝚝𝚊𝚙, 𝚐𝚊𝚔 𝚝𝚊𝚔𝚞𝚝 𝚍𝚒𝚜𝚞𝚗𝚝𝚒𝚔","","0","0","0","-1","https://web.facebook.com/rudolf.ladoangin/posts/pfbid02ixTPm5ViHidcMvzsXhcKY6AjyGDoK4GoLqNgvuRauKXhCHfkMMEuLuCfUds4pbH9l"
"1815","unknown","2024-07-24T11:56:00.000Z","Oreee Daniel e mo Helu wekin ke mo tahan pukulan ne,,ata tani mo tani hla ne,Ama","","0","0","0","-1","https://web.facebook.com/rudolf.ladoangin/posts/pfbid02ixTPm5ViHidcMvzsXhcKY6AjyGDoK4GoLqNgvuRauKXhCHfkMMEuLuCfUds4pbH9l"
"1816","unknown","2024-07-23T21:47:00.000Z","𝙼𝚊𝚗𝚝𝚊𝚙, 𝚐𝚊𝚔 𝚝𝚊𝚔𝚞𝚝 𝚍𝚒𝚜𝚞𝚗𝚝𝚒𝚔","","0","0","0","-1","https://web.facebook.com/rudolf.ladoangin/posts/pfbid02ixTPm5ViHidcMvzsXhcKY6AjyGDoK4GoLqNgvuRauKXhCHfkMMEuLuCfUds4pbH9l"
"1817","unknown","2024-07-23T21:56:00.000Z","Oreee Daniel e mo Helu wekin ke mo tahan pukulan ne,,ata tani mo tani hla ne,Ama","","0","0","0","-1","https://web.facebook.com/rudolf.ladoangin/posts/pfbid02ixTPm5ViHidcMvzsXhcKY6AjyGDoK4GoLqNgvuRauKXhCHfkMMEuLuCfUds4pbH9l"
"1818","Kulsum Slp","2025-10-06T04:20:00.000Z","Mantap Ade bunda cantikk semangat sehat and sukses selalu","","0","0","0","-1","https://web.facebook.com/ririn.caem.7792/posts/pfbid0HSmb3b8Z5exawgCA7jQQc7GQDQSwDtna1AhsH4LHS63Qem1iEte2o7xXYkbu8B3Kl"
"1819","Luphita Cemot","2025-10-06T03:24:00.000Z","Lagi nobar","","0","0","0","-1","https://web.facebook.com/ririn.caem.7792/posts/pfbid0HSmb3b8Z5exawgCA7jQQc7GQDQSwDtna1AhsH4LHS63Qem1iEte2o7xXYkbu8B3Kl"
"1820","Kulsum Slp","2025-10-05T14:20:00.000Z","Mantap Ade bunda cantikk semangat sehat and sukses selalu","","0","0","0","-1","https://web.facebook.com/ririn.caem.7792/posts/pfbid0HSmb3b8Z5exawgCA7jQQc7GQDQSwDtna1AhsH4LHS63Qem1iEte2o7xXYkbu8B3Kl"
"1821","Luphita Cemot","2025-10-05T13:24:00.000Z","Lagi nobar","","0","0","0","-1","https://web.facebook.com/ririn.caem.7792/posts/pfbid0HSmb3b8Z5exawgCA7jQQc7GQDQSwDtna1AhsH4LHS63Qem1iEte2o7xXYkbu8B3Kl"
"1822","Nani S","2026-03-09T14:00:00.000Z","Yuk, sama-sama kita isi ruang ini dengan hal-hal baik, doa, dan semangat positif setiap harinya  https://www.facebook.com/Naniprintama/subscribenow?surface=pinned_comments","","0","0","0","-1","https://web.facebook.com/Naniprintama/posts/pfbid02Wkmtd2TEJ2md5ExLpgViC2AcXR2uKPA1UDPwLdRCYn5QZjvdqygGevmR7m3E9wJ6l"
"1823","Euis Nurhasanah","2026-03-09T21:37:00.000Z","gemesss bngt bun","","0","0","0","-1","https://web.facebook.com/Naniprintama/posts/pfbid02Wkmtd2TEJ2md5ExLpgViC2AcXR2uKPA1UDPwLdRCYn5QZjvdqygGevmR7m3E9wJ6l"
"1824","Syarifah Fah Been Yachya","2026-03-10T02:14:00.000Z","Cek hrg ka","","0","0","0","-1","https://web.facebook.com/Naniprintama/posts/pfbid02Wkmtd2TEJ2md5ExLpgViC2AcXR2uKPA1UDPwLdRCYn5QZjvdqygGevmR7m3E9wJ6l"
"1825","Nani S","2026-03-09T00:00:00.000Z","Yuk, sama-sama kita isi ruang ini dengan hal-hal baik, doa, dan semangat positif setiap harinya  https://www.facebook.com/Naniprintama/subscribenow?surface=pinned_comments","","0","0","0","-1","https://web.facebook.com/Naniprintama/posts/pfbid02Wkmtd2TEJ2md5ExLpgViC2AcXR2uKPA1UDPwLdRCYn5QZjvdqygGevmR7m3E9wJ6l"
"1826","Euis Nurhasanah","2026-03-09T07:37:00.000Z","gemesss bngt bun","","0","0","0","-1","https://web.facebook.com/Naniprintama/posts/pfbid02Wkmtd2TEJ2md5ExLpgViC2AcXR2uKPA1UDPwLdRCYn5QZjvdqygGevmR7m3E9wJ6l"
"1827","Syarifah Fah Been Yachya","2026-03-09T12:14:00.000Z","Cek hrg ka","","0","0","0","-1","https://web.facebook.com/Naniprintama/posts/pfbid02Wkmtd2TEJ2md5ExLpgViC2AcXR2uKPA1UDPwLdRCYn5QZjvdqygGevmR7m3E9wJ6l"
"1828","Dina Amoorea","2025-10-13T04:44:00.000Z","Alhamdulillah  lolos bundaa Roy kok menter ya padahal mama e ketar ketir","","0","0","0","-1","https://web.facebook.com/ririn.caem.7792/posts/pfbid02axkSNYteS2HQGJJSa4GMGwZfdhoXUP7gWRyc4dSJhw4KTvYTaPfBLfyoMGQ4bQdHl"
"1829","Brisce Ragusti","2025-10-13T06:49:00.000Z","Anak sehat dan pintar","","0","0","0","-1","https://web.facebook.com/ririn.caem.7792/posts/pfbid02axkSNYteS2HQGJJSa4GMGwZfdhoXUP7gWRyc4dSJhw4KTvYTaPfBLfyoMGQ4bQdHl"
"1830","Qoim Matul","2025-10-13T11:43:00.000Z","Semangat","","0","0","0","-1","https://web.facebook.com/ririn.caem.7792/posts/pfbid02axkSNYteS2HQGJJSa4GMGwZfdhoXUP7gWRyc4dSJhw4KTvYTaPfBLfyoMGQ4bQdHl"
"1831","Rahma Pradana","2025-10-13T04:56:00.000Z","Kok imun trus to...","","0","0","0","-1","https://web.facebook.com/ririn.caem.7792/posts/pfbid02axkSNYteS2HQGJJSa4GMGwZfdhoXUP7gWRyc4dSJhw4KTvYTaPfBLfyoMGQ4bQdHl"
"1832","Lailatul Mukaromah","2025-10-13T10:19:00.000Z","Semangat","","0","0","0","-1","https://web.facebook.com/ririn.caem.7792/posts/pfbid02axkSNYteS2HQGJJSa4GMGwZfdhoXUP7gWRyc4dSJhw4KTvYTaPfBLfyoMGQ4bQdHl"
"1833","Aries Widodo Nganjuk","2025-10-13T03:54:00.000Z","𝑺𝒆𝒎𝒂𝒏𝒈𝒂𝒕 𝒂𝒅𝒆𝒌...","","0","0","0","-1","https://web.facebook.com/ririn.caem.7792/posts/pfbid02axkSNYteS2HQGJJSa4GMGwZfdhoXUP7gWRyc4dSJhw4KTvYTaPfBLfyoMGQ4bQdHl"
"1834","Dina Amoorea","2025-10-12T14:44:00.000Z","Alhamdulillah  lolos bundaa Roy kok menter ya padahal mama e ketar ketir","","0","0","0","-1","https://web.facebook.com/ririn.caem.7792/posts/pfbid02axkSNYteS2HQGJJSa4GMGwZfdhoXUP7gWRyc4dSJhw4KTvYTaPfBLfyoMGQ4bQdHl"
"1835","Brisce Ragusti","2025-10-12T16:49:00.000Z","Anak sehat dan pintar","","0","0","0","-1","https://web.facebook.com/ririn.caem.7792/posts/pfbid02axkSNYteS2HQGJJSa4GMGwZfdhoXUP7gWRyc4dSJhw4KTvYTaPfBLfyoMGQ4bQdHl"
"1836","Qoim Matul","2025-10-12T21:43:00.000Z","Semangat","","0","0","0","-1","https://web.facebook.com/ririn.caem.7792/posts/pfbid02axkSNYteS2HQGJJSa4GMGwZfdhoXUP7gWRyc4dSJhw4KTvYTaPfBLfyoMGQ4bQdHl"
"1837","Rahma Pradana","2025-10-12T14:56:00.000Z","Kok imun trus to...","","0","0","0","-1","https://web.facebook.com/ririn.caem.7792/posts/pfbid02axkSNYteS2HQGJJSa4GMGwZfdhoXUP7gWRyc4dSJhw4KTvYTaPfBLfyoMGQ4bQdHl"
"1838","Lailatul Mukaromah","2025-10-12T20:19:00.000Z","Semangat","","0","0","0","-1","https://web.facebook.com/ririn.caem.7792/posts/pfbid02axkSNYteS2HQGJJSa4GMGwZfdhoXUP7gWRyc4dSJhw4KTvYTaPfBLfyoMGQ4bQdHl"
"1839","Aries Widodo Nganjuk","2025-10-12T13:54:00.000Z","𝑺𝒆𝒎𝒂𝒏𝒈𝒂𝒕 𝒂𝒅𝒆𝒌...","","0","0","0","-1","https://web.facebook.com/ririn.caem.7792/posts/pfbid02axkSNYteS2HQGJJSa4GMGwZfdhoXUP7gWRyc4dSJhw4KTvYTaPfBLfyoMGQ4bQdHl"
"1840","Luphita Cemot","2025-10-13T06:05:00.000Z","Anak² hebat","","0","0","0","-1","https://web.facebook.com/ririn.caem.7792/posts/pfbid02pbYHG4vikh1KNMvfRb5kFWqmioXNEfg4bDwXPFMrUFSG6Vc96ZMXeu7rfPBpR3avl"
"1841","Bengkel Las Sinar Abadi","2025-10-13T06:20:00.000Z","Semangat bu guru","","0","0","0","-1","https://web.facebook.com/ririn.caem.7792/posts/pfbid02pbYHG4vikh1KNMvfRb5kFWqmioXNEfg4bDwXPFMrUFSG6Vc96ZMXeu7rfPBpR3avl"
"1842","Lailatul Mukaromah","2025-10-13T04:01:00.000Z","Semangat bu guru","","0","0","0","-1","https://web.facebook.com/ririn.caem.7792/posts/pfbid02pbYHG4vikh1KNMvfRb5kFWqmioXNEfg4bDwXPFMrUFSG6Vc96ZMXeu7rfPBpR3avl"
"1843","Geraldine R Putri","2025-10-14T02:39:00.000Z","Pagi bu guru","","0","0","0","-1","https://web.facebook.com/ririn.caem.7792/posts/pfbid02pbYHG4vikh1KNMvfRb5kFWqmioXNEfg4bDwXPFMrUFSG6Vc96ZMXeu7rfPBpR3avl"
"1844","Ris Ka","2025-10-14T01:50:00.000Z","Semangat bu guru","","0","0","0","-1","https://web.facebook.com/ririn.caem.7792/posts/pfbid02pbYHG4vikh1KNMvfRb5kFWqmioXNEfg4bDwXPFMrUFSG6Vc96ZMXeu7rfPBpR3avl"
"1845","Luphita Cemot","2025-10-12T16:05:00.000Z","Anak² hebat","","0","0","0","-1","https://web.facebook.com/ririn.caem.7792/posts/pfbid02pbYHG4vikh1KNMvfRb5kFWqmioXNEfg4bDwXPFMrUFSG6Vc96ZMXeu7rfPBpR3avl"
"1846","Bengkel Las Sinar Abadi","2025-10-12T16:20:00.000Z","Semangat bu guru","","0","0","0","-1","https://web.facebook.com/ririn.caem.7792/posts/pfbid02pbYHG4vikh1KNMvfRb5kFWqmioXNEfg4bDwXPFMrUFSG6Vc96ZMXeu7rfPBpR3avl"
"1847","Lailatul Mukaromah","2025-10-12T14:01:00.000Z","Semangat bu guru","","0","0","0","-1","https://web.facebook.com/ririn.caem.7792/posts/pfbid02pbYHG4vikh1KNMvfRb5kFWqmioXNEfg4bDwXPFMrUFSG6Vc96ZMXeu7rfPBpR3avl"
"1848","Geraldine R Putri","2025-10-13T12:39:00.000Z","Pagi bu guru","","0","0","0","-1","https://web.facebook.com/ririn.caem.7792/posts/pfbid02pbYHG4vikh1KNMvfRb5kFWqmioXNEfg4bDwXPFMrUFSG6Vc96ZMXeu7rfPBpR3avl"
"1849","Ris Ka","2025-10-13T11:50:00.000Z","Semangat bu guru","","0","0","0","-1","https://web.facebook.com/ririn.caem.7792/posts/pfbid02pbYHG4vikh1KNMvfRb5kFWqmioXNEfg4bDwXPFMrUFSG6Vc96ZMXeu7rfPBpR3avl"
"1850","Reni Dwi Rahmawati","2026-03-07T07:12:00.000Z","Owwwww tidakkk bisaaa ituuu...hahahaa","","0","0","0","-1","https://web.facebook.com/icha.k.nisa.129/posts/pfbid0mV8HmieJMvY98EpTxFcbMzSk3Hb4o9HLYhnWAY7quNuGxyMSj1FQ4RHk6xTwMV9ml"
"1851","Sugita Sari","2026-03-07T05:31:00.000Z","Ngko darani sombong huhu","","0","0","0","-1","https://web.facebook.com/icha.k.nisa.129/posts/pfbid0mV8HmieJMvY98EpTxFcbMzSk3Hb4o9HLYhnWAY7quNuGxyMSj1FQ4RHk6xTwMV9ml"
"1852","Cindy Dyah Oktavia","2026-03-07T08:47:00.000Z","Masyaallah tabarakallah anak anak ku , sehat sehat semua ya cintaaa","","0","0","0","-1","https://web.facebook.com/icha.k.nisa.129/posts/pfbid0mV8HmieJMvY98EpTxFcbMzSk3Hb4o9HLYhnWAY7quNuGxyMSj1FQ4RHk6xTwMV9ml"
"1853","Reni Utami","2026-03-07T10:36:00.000Z","Jelas sekali saya tidak ingin mencium NK petok ini..","","0","0","0","-1","https://web.facebook.com/icha.k.nisa.129/posts/pfbid0mV8HmieJMvY98EpTxFcbMzSk3Hb4o9HLYhnWAY7quNuGxyMSj1FQ4RHk6xTwMV9ml"
"1854","Dwi Wulandari","2026-03-07T06:09:00.000Z","Ini lh yg di takuti ketika punya bayi dkt lebaran","","0","0","0","-1","https://web.facebook.com/icha.k.nisa.129/posts/pfbid0mV8HmieJMvY98EpTxFcbMzSk3Hb4o9HLYhnWAY7quNuGxyMSj1FQ4RHk6xTwMV9ml"
"1855","Yesika","2026-03-07T10:45:00.000Z","Ngedit e kepie mba","","0","0","0","-1","https://web.facebook.com/icha.k.nisa.129/posts/pfbid0mV8HmieJMvY98EpTxFcbMzSk3Hb4o9HLYhnWAY7quNuGxyMSj1FQ4RHk6xTwMV9ml"
"1856","Miftahul Ilmi","2026-03-07T07:08:00.000Z","Kakek nenek boleh lh yaaas","","0","0","0","-1","https://web.facebook.com/icha.k.nisa.129/posts/pfbid0mV8HmieJMvY98EpTxFcbMzSk3Hb4o9HLYhnWAY7quNuGxyMSj1FQ4RHk6xTwMV9ml"
"1857","Bunga Cantika","2026-03-07T04:46:00.000Z","Gimna bikinnya mbk","","0","0","0","-1","https://web.facebook.com/icha.k.nisa.129/posts/pfbid0mV8HmieJMvY98EpTxFcbMzSk3Hb4o9HLYhnWAY7quNuGxyMSj1FQ4RHk6xTwMV9ml"
"1858","Novita","2026-03-07T08:47:00.000Z","Tidak semua orang bisa mengerti mba. Tapi jika saya berbicara langsung. Jangan pegang pipi gitu jangan cium bibir","","0","0","0","-1","https://web.facebook.com/icha.k.nisa.129/posts/pfbid0mV8HmieJMvY98EpTxFcbMzSk3Hb4o9HLYhnWAY7quNuGxyMSj1FQ4RHk6xTwMV9ml"
"1859","Jesy Wella Gustiara","2026-03-07T05:58:00.000Z","Ngedit ck ini dmn mba","","0","0","0","-1","https://web.facebook.com/icha.k.nisa.129/posts/pfbid0mV8HmieJMvY98EpTxFcbMzSk3Hb4o9HLYhnWAY7quNuGxyMSj1FQ4RHk6xTwMV9ml"
"1860","Reni Dwi Rahmawati","2026-03-06T16:12:00.000Z","Owwwww tidakkk bisaaa ituuu...hahahaa","","0","0","0","-1","https://web.facebook.com/icha.k.nisa.129/posts/pfbid0mV8HmieJMvY98EpTxFcbMzSk3Hb4o9HLYhnWAY7quNuGxyMSj1FQ4RHk6xTwMV9ml"
"1861","Sugita Sari","2026-03-06T14:31:00.000Z","Ngko darani sombong huhu","","0","0","0","-1","https://web.facebook.com/icha.k.nisa.129/posts/pfbid0mV8HmieJMvY98EpTxFcbMzSk3Hb4o9HLYhnWAY7quNuGxyMSj1FQ4RHk6xTwMV9ml"
"1862","Cindy Dyah Oktavia","2026-03-06T17:47:00.000Z","Masyaallah tabarakallah anak anak ku , sehat sehat semua ya cintaaa","","0","0","0","-1","https://web.facebook.com/icha.k.nisa.129/posts/pfbid0mV8HmieJMvY98EpTxFcbMzSk3Hb4o9HLYhnWAY7quNuGxyMSj1FQ4RHk6xTwMV9ml"
"1863","Reni Utami","2026-03-06T19:36:00.000Z","Jelas sekali saya tidak ingin mencium NK petok ini..","","0","0","0","-1","https://web.facebook.com/icha.k.nisa.129/posts/pfbid0mV8HmieJMvY98EpTxFcbMzSk3Hb4o9HLYhnWAY7quNuGxyMSj1FQ4RHk6xTwMV9ml"
"1864","Dwi Wulandari","2026-03-06T15:09:00.000Z","Ini lh yg di takuti ketika punya bayi dkt lebaran","","0","0","0","-1","https://web.facebook.com/icha.k.nisa.129/posts/pfbid0mV8HmieJMvY98EpTxFcbMzSk3Hb4o9HLYhnWAY7quNuGxyMSj1FQ4RHk6xTwMV9ml"
"1865","unknown","2024-08-22T01:07:00.000Z","Cantik dan lucu Alfia , sehat selalu utk Alfia Tuhan Yesus memberkati","","0","0","0","-1","https://web.facebook.com/dorsiasi.minun/posts/pfbid0PPSFjySBB3AodwHZi9Zksv6XnrXZmQGQgsN8RdXzPcNEgy1nXHME6tiLobYK9Ywdl"
"1866","unknown","2024-08-21T11:07:00.000Z","Cantik dan lucu Alfia , sehat selalu utk Alfia Tuhan Yesus memberkati","","0","0","0","-1","https://web.facebook.com/dorsiasi.minun/posts/pfbid0PPSFjySBB3AodwHZi9Zksv6XnrXZmQGQgsN8RdXzPcNEgy1nXHME6tiLobYK9Ywdl"
"1867","Hanisah Nisa","2026-05-13T19:21:00.000Z","Keren Bun pemerintah Desa Sungsang","","0","0","0","-1","https://web.facebook.com/citramaharani.hareemmuhammad/posts/pfbid0UV4tzbW6GgskYzCPa6eorFNM8UHESHNYd3gqQhUvLjSczNiL3wY8qz49mwDs8PKql"
"1868","Muji Arsengja","2026-05-14T03:33:00.000Z","Aamiin semoga sehat selalu kk","","0","0","0","-1","https://web.facebook.com/citramaharani.hareemmuhammad/posts/pfbid0UV4tzbW6GgskYzCPa6eorFNM8UHESHNYd3gqQhUvLjSczNiL3wY8qz49mwDs8PKql"
"1869","Farida Siti","2026-05-14T08:05:00.000Z","Semoga berkah amin","","0","0","0","-1","https://web.facebook.com/citramaharani.hareemmuhammad/posts/pfbid0UV4tzbW6GgskYzCPa6eorFNM8UHESHNYd3gqQhUvLjSczNiL3wY8qz49mwDs8PKql"
"1870","Sartika Ulan Dari","2026-05-14T00:37:00.000Z","Aamiinn sehat sll untk kita smua","","0","0","0","-1","https://web.facebook.com/citramaharani.hareemmuhammad/posts/pfbid0UV4tzbW6GgskYzCPa6eorFNM8UHESHNYd3gqQhUvLjSczNiL3wY8qz49mwDs8PKql"
"1871","Hanisah Nisa","2026-05-13T05:21:00.000Z","Keren Bun pemerintah Desa Sungsang","","0","0","0","-1","https://web.facebook.com/citramaharani.hareemmuhammad/posts/pfbid0UV4tzbW6GgskYzCPa6eorFNM8UHESHNYd3gqQhUvLjSczNiL3wY8qz49mwDs8PKql"
"1872","Muji Arsengja","2026-05-13T13:33:00.000Z","Aamiin semoga sehat selalu kk","","0","0","0","-1","https://web.facebook.com/citramaharani.hareemmuhammad/posts/pfbid0UV4tzbW6GgskYzCPa6eorFNM8UHESHNYd3gqQhUvLjSczNiL3wY8qz49mwDs8PKql"
"1873","Farida Siti","2026-05-13T18:05:00.000Z","Semoga berkah amin","","0","0","0","-1","https://web.facebook.com/citramaharani.hareemmuhammad/posts/pfbid0UV4tzbW6GgskYzCPa6eorFNM8UHESHNYd3gqQhUvLjSczNiL3wY8qz49mwDs8PKql"
"1874","Sartika Ulan Dari","2026-05-13T10:37:00.000Z","Aamiinn sehat sll untk kita smua","","0","0","0","-1","https://web.facebook.com/citramaharani.hareemmuhammad/posts/pfbid0UV4tzbW6GgskYzCPa6eorFNM8UHESHNYd3gqQhUvLjSczNiL3wY8qz49mwDs8PKql"
"1875","Ratu Manish","2026-03-08T23:34:00.000Z","Ah dede bayi anak saudaraku gak apa apa banyak yg nyium banyak yg gendong sehat sehat aja sampai sekarang mungkin itu suka terjadi sakit jangan kan bayi orang dewasa aja udah terjadi sakit ya sakit dede bayi juga kalau waktunya sakit ya sakit","","0","0","0","-1","https://web.facebook.com/nock.nock.39750/posts/pfbid029ZcbimGheuPaM3mSj8tjDaLjoWRTdERjfrb96ApC2mMAc2doX8v5ooG3TwZafy8bl"
"1876","Nessa Sinaga","2026-03-09T06:09:00.000Z","Inilah nnt yang ditakutkan wee ,aylin bru sekali imunisasi pula,mau blngin nnt jangan cium"" cubit"" trus kalau mau megang jgn asal megang kalau tangan kotor nnt ga terima orng nya dibilangin,soalnya pengalaman udah pernah aylin dipegang tangan nya kotor trs diciumi pipinya ruam"", trus pernah dibwa main"" aku dirumah pas ku susul ada kutu babi rupanya di pipi nya,nnt klo diblngin orng"" tkut teringggung dblng aku sok bersih lah nnt mcem anak artis aja dblng cemana lah ini nnt","","0","0","0","-1","https://web.facebook.com/nock.nock.39750/posts/pfbid029ZcbimGheuPaM3mSj8tjDaLjoWRTdERjfrb96ApC2mMAc2doX8v5ooG3TwZafy8bl"
"1877","Revin Revan","2026-03-14T03:11:00.000Z","Benar ka","","0","0","0","-1","https://web.facebook.com/nock.nock.39750/posts/pfbid029ZcbimGheuPaM3mSj8tjDaLjoWRTdERjfrb96ApC2mMAc2doX8v5ooG3TwZafy8bl"
"1878","Putri Natasya Humaira","2026-03-08T20:26:00.000Z","Betul","","0","0","0","-1","https://web.facebook.com/nock.nock.39750/posts/pfbid029ZcbimGheuPaM3mSj8tjDaLjoWRTdERjfrb96ApC2mMAc2doX8v5ooG3TwZafy8bl"
"1879","Nova Nurany Junaidi","2026-03-09T00:17:00.000Z","Betul","","0","0","0","-1","https://web.facebook.com/nock.nock.39750/posts/pfbid029ZcbimGheuPaM3mSj8tjDaLjoWRTdERjfrb96ApC2mMAc2doX8v5ooG3TwZafy8bl"
"1880","Christania","2026-03-09T08:57:00.000Z","Indra Legi","","0","0","0","-1","https://web.facebook.com/nock.nock.39750/posts/pfbid029ZcbimGheuPaM3mSj8tjDaLjoWRTdERjfrb96ApC2mMAc2doX8v5ooG3TwZafy8bl"
"1881","Ira Ira","2026-03-08T23:49:00.000Z","Betul","","0","0","0","-1","https://web.facebook.com/nock.nock.39750/posts/pfbid029ZcbimGheuPaM3mSj8tjDaLjoWRTdERjfrb96ApC2mMAc2doX8v5ooG3TwZafy8bl"
"1882","Ratu Manish","2026-03-08T09:34:00.000Z","Ah dede bayi anak saudaraku gak apa apa banyak yg nyium banyak yg gendong sehat sehat aja sampai sekarang mungkin itu suka terjadi sakit jangan kan bayi orang dewasa aja udah terjadi sakit ya sakit dede bayi juga kalau waktunya sakit ya sakit","","0","0","0","-1","https://web.facebook.com/nock.nock.39750/posts/pfbid029ZcbimGheuPaM3mSj8tjDaLjoWRTdERjfrb96ApC2mMAc2doX8v5ooG3TwZafy8bl"
"1883","Nessa Sinaga","2026-03-08T16:09:00.000Z","Inilah nnt yang ditakutkan wee ,aylin bru sekali imunisasi pula,mau blngin nnt jangan cium"" cubit"" trus kalau mau megang jgn asal megang kalau tangan kotor nnt ga terima orng nya dibilangin,soalnya pengalaman udah pernah aylin dipegang tangan nya kotor trs diciumi pipinya ruam"", trus pernah dibwa main"" aku dirumah pas ku susul ada kutu babi rupanya di pipi nya,nnt klo diblngin orng"" tkut teringggung dblng aku sok bersih lah nnt mcem anak artis aja dblng cemana lah ini nnt","","0","0","0","-1","https://web.facebook.com/nock.nock.39750/posts/pfbid029ZcbimGheuPaM3mSj8tjDaLjoWRTdERjfrb96ApC2mMAc2doX8v5ooG3TwZafy8bl"
"1884","Revin Revan","2026-03-13T13:11:00.000Z","Benar ka","","0","0","0","-1","https://web.facebook.com/nock.nock.39750/posts/pfbid029ZcbimGheuPaM3mSj8tjDaLjoWRTdERjfrb96ApC2mMAc2doX8v5ooG3TwZafy8bl"
"1885","Putri Natasya Humaira","2026-03-08T06:26:00.000Z","Betul","","0","0","0","-1","https://web.facebook.com/nock.nock.39750/posts/pfbid029ZcbimGheuPaM3mSj8tjDaLjoWRTdERjfrb96ApC2mMAc2doX8v5ooG3TwZafy8bl"
"1886","Nova Nurany Junaidi","2026-03-08T10:17:00.000Z","Betul","","0","0","0","-1","https://web.facebook.com/nock.nock.39750/posts/pfbid029ZcbimGheuPaM3mSj8tjDaLjoWRTdERjfrb96ApC2mMAc2doX8v5ooG3TwZafy8bl"
"1887","Christania","2026-03-08T18:57:00.000Z","Indra Legi","","0","0","0","-1","https://web.facebook.com/nock.nock.39750/posts/pfbid029ZcbimGheuPaM3mSj8tjDaLjoWRTdERjfrb96ApC2mMAc2doX8v5ooG3TwZafy8bl"
"1888","Ira Ira","2026-03-08T09:49:00.000Z","Betul","","0","0","0","-1","https://web.facebook.com/nock.nock.39750/posts/pfbid029ZcbimGheuPaM3mSj8tjDaLjoWRTdERjfrb96ApC2mMAc2doX8v5ooG3TwZafy8bl"
"1889","Anita Via Sherly","2026-03-11T09:09:00.000Z","Cape pakde debat sama ibu2 yg mendewakan vaksinmereka ngotot klo vaksin itu membuat imun kuat dan mencegah penyakit dan dg pede nya mereka bilang klo udah vaksin sakitnya gak akan parahmereka gak tau klo vaksin lah sumber penyakitnya di kasih tau malah ngotot katanya klo gak vaksin gak usah ngajak2padahal kan niatku baik biar bayi tak berdosa gak JD korban","","0","0","0","-1","https://web.facebook.com/chooni.romadhony.1/posts/pfbid02zo8bM9xyaAGkHqckTvoN6RSbhauTRLhDCoLGdY4uTUeouF6wm7d9pD84pKxxB1WAl"
"1890","Yuni Khumaira","2026-03-11T09:01:00.000Z","Alhamdulillah 3 anakku pernah campak semua, Alhamdulillah cepat sehat nya setelah muncul merata bintik merah. Anak anak ku kena waktu belum genap 2 tahun. Ga pernah kemana mana, qodarullaah orang Jawa bilang kena gabaken.","","0","0","0","-1","https://web.facebook.com/chooni.romadhony.1/posts/pfbid02zo8bM9xyaAGkHqckTvoN6RSbhauTRLhDCoLGdY4uTUeouF6wm7d9pD84pKxxB1WAl"
"1891","Dzihfy Ahmadi","2026-03-11T08:09:00.000Z","Vaksin campak klo badan LG GK vit, malah drop. Ky anak sy. Berujung masuk PICU. Bertarung nyawa. Ntah lah, ada trauma berat SM imunisasi. Semengrikan itu","","0","0","0","-1","https://web.facebook.com/chooni.romadhony.1/posts/pfbid02zo8bM9xyaAGkHqckTvoN6RSbhauTRLhDCoLGdY4uTUeouF6wm7d9pD84pKxxB1WAl"
"1892","Siska Aliandra","2026-03-11T21:54:00.000Z","Anak ke 2, imunisasi cuma BCG dan DPT 1 saja. Sampe usia 3,5 tahun alhamdulillah setiap sakit anak ke dua ku cepet pulih. Klo demam paling cuma sehari atau 2 hari aja. Daya tahan tubuh anak ke dua lebih kuat  dari pada yang pertama. Entah pengaruh di imunisasi mereka atau gimana. Cuma anak ke dua ku udah ga pernah ku imunisasi, setiap ke posyandu di omelin sama bidan di suruh melengkapi imunisasi nya. Tapi aku ga mau dan berujung di marah-marahin sama bidan. Bikin males ke posyandu jadinya","","0","0","0","-1","https://web.facebook.com/chooni.romadhony.1/posts/pfbid02zo8bM9xyaAGkHqckTvoN6RSbhauTRLhDCoLGdY4uTUeouF6wm7d9pD84pKxxB1WAl"
"1893","Dikky Synth","2026-03-11T21:37:00.000Z","Makin banyak vaksin makin banyak tubuh mendapatkan virus . Saya vaksin covid terakhir malah langsung kena cacar air padahal waktu kecil pernah kena juga dan itu tidak ada jeda hari.  Pagi vaksin malemnya kipi langsung ada bintik besok paginya membesar ada air periksa dokter kena cacar air. Padahal sebelumnya tdk pernah kontak sama orang cacar air juga krna tau mau vaksin covid jadi harus fit badan saya.","","0","0","0","-1","https://web.facebook.com/chooni.romadhony.1/posts/pfbid02zo8bM9xyaAGkHqckTvoN6RSbhauTRLhDCoLGdY4uTUeouF6wm7d9pD84pKxxB1WAl"
"1894","Nur Chasanah","2026-03-11T07:57:00.000Z","Kenapa sih memberi vaksin kok harus maksa?harus ada tekanan tekanan?nanti klo yg divaksin ada apa apa eeeehhh malah saling lempar tanggung jawab,ujung ujungnya yaa ditanggung sendiri.","","0","0","0","-1","https://web.facebook.com/chooni.romadhony.1/posts/pfbid02zo8bM9xyaAGkHqckTvoN6RSbhauTRLhDCoLGdY4uTUeouF6wm7d9pD84pKxxB1WAl"
"1895","Larasati Artanti","2026-03-12T04:14:00.000Z","Inget vaksin covid ,, gara2 mau lahiran sc di takut2in harus vaksin,habis vaksin saya malah sakit , yang otomatis membuat perkembangan bayi di perut jadi terkendala,alhasil pas lahir bayi saya sakit2an,, selama setahun lebih keluar masuk RS , sampai masuk picu ... eh setelah saya lepas obat2an , memutuskan gak berobat ke RS yang alhamdulillah anaknya sehat ... jadi mau di paksa bagaimanapun gak mau anak2 saya ikut vaksin","","0","0","0","-1","https://web.facebook.com/chooni.romadhony.1/posts/pfbid02zo8bM9xyaAGkHqckTvoN6RSbhauTRLhDCoLGdY4uTUeouF6wm7d9pD84pKxxB1WAl"
"1896","Wina Azura","2026-03-11T11:24:00.000Z","Bener pakde Alhamdulillah dari yg proyek covid kami sekeluarga lolos ,ni sekarang proyek campak dan aku di kata"" in emak goblok sama ibu"" yg anaknya imunisasi lengkap , aku diam gak aku ladeni kasian j mereka kurang pengetahuan jdi y gitu lah","","0","0","0","-1","https://web.facebook.com/chooni.romadhony.1/posts/pfbid02zo8bM9xyaAGkHqckTvoN6RSbhauTRLhDCoLGdY4uTUeouF6wm7d9pD84pKxxB1WAl"
"1897","Wahyu Rois","2026-03-11T23:42:00.000Z","Bnr sekali.trs nyalahin yg antivaksin.pertanyaannya, para antivaksin dpt virus dr mana?orang gak ngapa2in.trs jika dijawab gk sengaja entah dr mana dpt virus trs antivaksin nyebarin virus.lha emang kl.udah vaksin gak bisa nularin.kan sama aja tho?trus apa gunanya vaksin?scr dimasuki  virus hidup kn malah sabung nyawa.kl imun kuat y gak knp2.kl imun lemah ya badan kalah trs jd terjangkit","","0","0","0","-1","https://web.facebook.com/chooni.romadhony.1/posts/pfbid02zo8bM9xyaAGkHqckTvoN6RSbhauTRLhDCoLGdY4uTUeouF6wm7d9pD84pKxxB1WAl"
"1898","Yuse Yustyawati","2026-03-11T06:32:00.000Z","Sebenarnya, aku tidak percaya pada vaksin, itu sudah ada sejak dulu , cuma aku tidak ingin tubuh anakku disuntikkan dengan jarum Paman","","0","0","0","-1","https://web.facebook.com/chooni.romadhony.1/posts/pfbid02zo8bM9xyaAGkHqckTvoN6RSbhauTRLhDCoLGdY4uTUeouF6wm7d9pD84pKxxB1WAl"
"1899","Nita","2026-03-09T01:40:00.000Z","Sagal nye nong","","0","0","0","-1","https://web.facebook.com/febyvanesa.vanesa/posts/pfbid02z3mtwThMAs5NRuZpekZ7wawjNBoNdaU4Xu3bbYuGcMuCp4QVf49zgm1eNTQ2izazl"
"1900","Misra Tengguli","2026-03-09T23:54:00.000Z","Benar    imunisasi adalah menjaga imun atau daya tahan tubuh kuat. .","","0","0","0","-1","https://web.facebook.com/febyvanesa.vanesa/posts/pfbid02z3mtwThMAs5NRuZpekZ7wawjNBoNdaU4Xu3bbYuGcMuCp4QVf49zgm1eNTQ2izazl"
"1901","Bang Aan Arsha","2026-03-10T22:19:00.000Z","Sakit y kk","","0","0","0","-1","https://web.facebook.com/febyvanesa.vanesa/posts/pfbid02z3mtwThMAs5NRuZpekZ7wawjNBoNdaU4Xu3bbYuGcMuCp4QVf49zgm1eNTQ2izazl"
"1902","Er Tatik","2026-03-09T06:04:00.000Z","Sehat selalu.say..brp buln anak mu...udah disuntik ye..msalh Nye cucok sy be blom imunisasi..Barok 40hr","","0","0","0","-1","https://web.facebook.com/febyvanesa.vanesa/posts/pfbid02z3mtwThMAs5NRuZpekZ7wawjNBoNdaU4Xu3bbYuGcMuCp4QVf49zgm1eNTQ2izazl"
"1903","Desi Ratnasari","2026-03-09T03:03:00.000Z","Amin","","0","0","0","-1","https://web.facebook.com/febyvanesa.vanesa/posts/pfbid02z3mtwThMAs5NRuZpekZ7wawjNBoNdaU4Xu3bbYuGcMuCp4QVf49zgm1eNTQ2izazl"
"1904","Anedya Sefty","2026-03-09T03:00:00.000Z","Sehat selalu","","0","0","0","-1","https://web.facebook.com/febyvanesa.vanesa/posts/pfbid02z3mtwThMAs5NRuZpekZ7wawjNBoNdaU4Xu3bbYuGcMuCp4QVf49zgm1eNTQ2izazl"
"1905","Darna Wati","2026-03-09T12:13:00.000Z","Amin","","0","0","0","-1","https://web.facebook.com/febyvanesa.vanesa/posts/pfbid02z3mtwThMAs5NRuZpekZ7wawjNBoNdaU4Xu3bbYuGcMuCp4QVf49zgm1eNTQ2izazl"
"1906","Nita","2026-03-08T11:40:00.000Z","Sagal nye nong","","0","0","0","-1","https://web.facebook.com/febyvanesa.vanesa/posts/pfbid02z3mtwThMAs5NRuZpekZ7wawjNBoNdaU4Xu3bbYuGcMuCp4QVf49zgm1eNTQ2izazl"
"1907","Misra Tengguli","2026-03-09T09:54:00.000Z","Benar    imunisasi adalah menjaga imun atau daya tahan tubuh kuat. .","","0","0","0","-1","https://web.facebook.com/febyvanesa.vanesa/posts/pfbid02z3mtwThMAs5NRuZpekZ7wawjNBoNdaU4Xu3bbYuGcMuCp4QVf49zgm1eNTQ2izazl"
"1908","Bang Aan Arsha","2026-03-10T08:19:00.000Z","Sakit y kk","","0","0","0","-1","https://web.facebook.com/febyvanesa.vanesa/posts/pfbid02z3mtwThMAs5NRuZpekZ7wawjNBoNdaU4Xu3bbYuGcMuCp4QVf49zgm1eNTQ2izazl"
"1909","Er Tatik","2026-03-08T16:04:00.000Z","Sehat selalu.say..brp buln anak mu...udah disuntik ye..msalh Nye cucok sy be blom imunisasi..Barok 40hr","","0","0","0","-1","https://web.facebook.com/febyvanesa.vanesa/posts/pfbid02z3mtwThMAs5NRuZpekZ7wawjNBoNdaU4Xu3bbYuGcMuCp4QVf49zgm1eNTQ2izazl"
"1910","Desi Ratnasari","2026-03-08T13:03:00.000Z","Amin","","0","0","0","-1","https://web.facebook.com/febyvanesa.vanesa/posts/pfbid02z3mtwThMAs5NRuZpekZ7wawjNBoNdaU4Xu3bbYuGcMuCp4QVf49zgm1eNTQ2izazl"
"1911","Anedya Sefty","2026-03-08T13:00:00.000Z","Sehat selalu","","0","0","0","-1","https://web.facebook.com/febyvanesa.vanesa/posts/pfbid02z3mtwThMAs5NRuZpekZ7wawjNBoNdaU4Xu3bbYuGcMuCp4QVf49zgm1eNTQ2izazl"
"1912","Darna Wati","2026-03-08T22:13:00.000Z","Amin","","0","0","0","-1","https://web.facebook.com/febyvanesa.vanesa/posts/pfbid02z3mtwThMAs5NRuZpekZ7wawjNBoNdaU4Xu3bbYuGcMuCp4QVf49zgm1eNTQ2izazl"
"1913","Ummi Rahmawati","2026-03-10T04:27:00.000Z","Yukkkk dukung akun saya berkembang, biar semangat bikin konten https://www.facebook.com/ummi.rahmawati.9/subscribenow?surface=pinned_comments","","0","0","0","-1","https://web.facebook.com/ummi.rahmawati.9/posts/pfbid028aPV8ZnoBwjVVKtHBz7yaDtN9YUr1wijm7V1tYkCV5bf9YY6RyuvCahgrhLYaKnWl"
"1914","Rofig M Fauzan","2026-03-10T05:08:00.000Z","Siang","","0","0","0","-1","https://web.facebook.com/ummi.rahmawati.9/posts/pfbid028aPV8ZnoBwjVVKtHBz7yaDtN9YUr1wijm7V1tYkCV5bf9YY6RyuvCahgrhLYaKnWl"
"1915","Ummi Rahmawati","2026-03-09T14:27:00.000Z","Yukkkk dukung akun saya berkembang, biar semangat bikin konten https://www.facebook.com/ummi.rahmawati.9/subscribenow?surface=pinned_comments","","0","0","0","-1","https://web.facebook.com/ummi.rahmawati.9/posts/pfbid028aPV8ZnoBwjVVKtHBz7yaDtN9YUr1wijm7V1tYkCV5bf9YY6RyuvCahgrhLYaKnWl"
"1916","Rofig M Fauzan","2026-03-09T15:08:00.000Z","Siang","","0","0","0","-1","https://web.facebook.com/ummi.rahmawati.9/posts/pfbid028aPV8ZnoBwjVVKtHBz7yaDtN9YUr1wijm7V1tYkCV5bf9YY6RyuvCahgrhLYaKnWl"
"1917","Aap Fadly Kurniawaty","2026-04-01T03:59:00.000Z","usahakan mandi setiap hari banyak minum air putih usahakan juga minum air kelapa supaya keluar semua panas badannya dan buntik2 akan muncul semua dan akan menghitam sendiri ushakan anak merasa nyaman dan slaly wangi","","0","0","0","-1","https://web.facebook.com/sri.erlaniakarisma/posts/pfbid02yrxqUdcm6w369PH9rTJTYTDWH3D8eaRc7mYPsoAe7jR4w28yzZux5QM9FFNbtDHwl"
"1918","Nazim Al Zaid","2026-03-31T22:58:00.000Z","Daaaaaannn selang 2 hari stelah itu.. si Abang mulai demam suhu nya sampe 39°c saya kasi obat dan turun hanya sampe 37°c. Tp di jam 12 malm badan nya panas smpe 40 °c. Akhirnya saya bawa ke PKM slma 3 hari berturut2 panas nya gak trun2.dan dokter pun gak bisa diagnosis sakit nya apa. Krn hasil lab semua nya aman.krn tidak ada perubahan kami pun memutuskan untuk periksa ke dokter anak.trus dari dokter anak kami di suruh rawat di rumah aja. Karna kemungkinan  ini campak kata dokter nya. Dan benar saja pas di hari ke 4 mulai muncul bintik2 merah di muka sama mata nya merah sekali. Tp setelah muncul bintik2 merah demam nya turun sampe 36°c. bintik2 merah nya muncul perlahan dari muka sampe kaki dari hari ke 4 stelah dia demam tinggi sampe hari ke 6 selesai.dan Alhamdulillah selama bintik2 nya muncul tidak Deman sama sekali. Dan skrg LG proses pemulihan  dan ngilangin bekas ruam2 nya saya pake minyak zaitun di suruh sama dokter anak. Selama dia campak itu saya hanya kasi minum antibiotik dari dokter dan obat batuk nya aja. Saya tidak mandikan Krn kepercayaan orang di kampung saya. Kalau di mandikan dia makin ganas. Dan benar saja.. proses muncul ruam atau bintik2 nya itu cmn 3 hari aja sampe selesai tanpa demam sama sekali. Dan juga jangan lupa sambilan di ufi waro kalau kita orang mbojo.","","0","0","0","-1","https://web.facebook.com/sri.erlaniakarisma/posts/pfbid02yrxqUdcm6w369PH9rTJTYTDWH3D8eaRc7mYPsoAe7jR4w28yzZux5QM9FFNbtDHwl"
"1919","Sumiati Mia","2026-03-31T10:24:00.000Z","Mohon maaf saya mau tanya ni!? Penyakit campak itu akibat suntik campak atau gi manasi h mohon infonx","","0","0","0","-1","https://web.facebook.com/sri.erlaniakarisma/posts/pfbid02yrxqUdcm6w369PH9rTJTYTDWH3D8eaRc7mYPsoAe7jR4w28yzZux5QM9FFNbtDHwl"
"1920","RissBintang","2026-03-31T02:16:00.000Z","Campak ke kadi ro mm aisya","","0","0","0","-1","https://web.facebook.com/sri.erlaniakarisma/posts/pfbid02yrxqUdcm6w369PH9rTJTYTDWH3D8eaRc7mYPsoAe7jR4w28yzZux5QM9FFNbtDHwl"
"1921","LaLa Risa","2026-03-31T03:54:00.000Z","Anak mada yg suka kena campak dari kecil sampe nae na, ntenepa ufi tahona tapi na mbali wali,,,trakhir umur 5 tahun ufi lao ufi aka jatiwangi alhamdulilah mborana sampe akepila dou ncaura ma ufi ntenepa mbalina trakhir d jatiwangi ma ufina sampe ake alhamdulilah wtira maina,,","","0","0","0","-1","https://web.facebook.com/sri.erlaniakarisma/posts/pfbid02yrxqUdcm6w369PH9rTJTYTDWH3D8eaRc7mYPsoAe7jR4w28yzZux5QM9FFNbtDHwl"
"1922","Fitri Syiliani","2026-04-07T00:08:00.000Z","Kalau posisi anaknya panas gk turun2 apa tetap dimandikan apa gimana ta kak?","","0","0","0","-1","https://web.facebook.com/sri.erlaniakarisma/posts/pfbid02yrxqUdcm6w369PH9rTJTYTDWH3D8eaRc7mYPsoAe7jR4w28yzZux5QM9FFNbtDHwl"
"1923","Ayu Fitriani","2026-03-31T07:15:00.000Z","Mangga adalah jenis buah, dan jika Anda memiliki jangkitan atau kembung, kunyit yang Anda gunakan untuk itu adalah obat jika Anda memiliki jangkitan.","","0","0","0","-1","https://web.facebook.com/sri.erlaniakarisma/posts/pfbid02yrxqUdcm6w369PH9rTJTYTDWH3D8eaRc7mYPsoAe7jR4w28yzZux5QM9FFNbtDHwl"
"1924","Yana Mulyana","2026-03-31T02:00:00.000Z","Anak saya sakit selama lebih dari seminggu  dan sampai sekarang, anak saya masih tertrauma karena cinta saudara saya, anak saudara saya, dan ibu saudara saya, yang sangat panas sehingga dia berkeringat banyak .","","0","0","0","-1","https://web.facebook.com/sri.erlaniakarisma/posts/pfbid02yrxqUdcm6w369PH9rTJTYTDWH3D8eaRc7mYPsoAe7jR4w28yzZux5QM9FFNbtDHwl"
"1925","Bella","2026-03-31T07:47:00.000Z","Bune ponaan Mada ta supu mandede Rau Karawo karena waur mpoi sarumbu na","","0","0","0","-1","https://web.facebook.com/sri.erlaniakarisma/posts/pfbid02yrxqUdcm6w369PH9rTJTYTDWH3D8eaRc7mYPsoAe7jR4w28yzZux5QM9FFNbtDHwl"
"1926","Anit Chan","2026-03-31T08:40:00.000Z","Mohon ma.af ta ibu biasa kai ndai mbojota hrus kancai wa.u kai waro ede ampo lao ta rumah sakit mklum ngghi dou ma tua2 ta na mbani wt si ufi kancai wa.uta alhamdulillah anak mada dulu panas 7 hr pala wa.u nono oi ni.u karente sara.a waro ede londo panas","","0","0","0","-1","https://web.facebook.com/sri.erlaniakarisma/posts/pfbid02yrxqUdcm6w369PH9rTJTYTDWH3D8eaRc7mYPsoAe7jR4w28yzZux5QM9FFNbtDHwl"
"1927","Aap Fadly Kurniawaty","2026-03-31T13:59:00.000Z","usahakan mandi setiap hari banyak minum air putih usahakan juga minum air kelapa supaya keluar semua panas badannya dan buntik2 akan muncul semua dan akan menghitam sendiri ushakan anak merasa nyaman dan slaly wangi","","0","0","0","-1","https://web.facebook.com/sri.erlaniakarisma/posts/pfbid02yrxqUdcm6w369PH9rTJTYTDWH3D8eaRc7mYPsoAe7jR4w28yzZux5QM9FFNbtDHwl"
"1928","Nazim Al Zaid","2026-03-31T08:58:00.000Z","Daaaaaannn selang 2 hari stelah itu.. si Abang mulai demam suhu nya sampe 39°c saya kasi obat dan turun hanya sampe 37°c. Tp di jam 12 malm badan nya panas smpe 40 °c. Akhirnya saya bawa ke PKM slma 3 hari berturut2 panas nya gak trun2.dan dokter pun gak bisa diagnosis sakit nya apa. Krn hasil lab semua nya aman.krn tidak ada perubahan kami pun memutuskan untuk periksa ke dokter anak.trus dari dokter anak kami di suruh rawat di rumah aja. Karna kemungkinan  ini campak kata dokter nya. Dan benar saja pas di hari ke 4 mulai muncul bintik2 merah di muka sama mata nya merah sekali. Tp setelah muncul bintik2 merah demam nya turun sampe 36°c. bintik2 merah nya muncul perlahan dari muka sampe kaki dari hari ke 4 stelah dia demam tinggi sampe hari ke 6 selesai.dan Alhamdulillah selama bintik2 nya muncul tidak Deman sama sekali. Dan skrg LG proses pemulihan  dan ngilangin bekas ruam2 nya saya pake minyak zaitun di suruh sama dokter anak. Selama dia campak itu saya hanya kasi minum antibiotik dari dokter dan obat batuk nya aja. Saya tidak mandikan Krn kepercayaan orang di kampung saya. Kalau di mandikan dia makin ganas. Dan benar saja.. proses muncul ruam atau bintik2 nya itu cmn 3 hari aja sampe selesai tanpa demam sama sekali. Dan juga jangan lupa sambilan di ufi waro kalau kita orang mbojo.","","0","0","0","-1","https://web.facebook.com/sri.erlaniakarisma/posts/pfbid02yrxqUdcm6w369PH9rTJTYTDWH3D8eaRc7mYPsoAe7jR4w28yzZux5QM9FFNbtDHwl"
"1929","Sumiati Mia","2026-03-30T20:24:00.000Z","Mohon maaf saya mau tanya ni!? Penyakit campak itu akibat suntik campak atau gi manasi h mohon infonx","","0","0","0","-1","https://web.facebook.com/sri.erlaniakarisma/posts/pfbid02yrxqUdcm6w369PH9rTJTYTDWH3D8eaRc7mYPsoAe7jR4w28yzZux5QM9FFNbtDHwl"
"1930","RissBintang","2026-03-30T12:16:00.000Z","Campak ke kadi ro mm aisya","","0","0","0","-1","https://web.facebook.com/sri.erlaniakarisma/posts/pfbid02yrxqUdcm6w369PH9rTJTYTDWH3D8eaRc7mYPsoAe7jR4w28yzZux5QM9FFNbtDHwl"
"1931","LaLa Risa","2026-03-30T13:54:00.000Z","Anak mada yg suka kena campak dari kecil sampe nae na, ntenepa ufi tahona tapi na mbali wali,,,trakhir umur 5 tahun ufi lao ufi aka jatiwangi alhamdulilah mborana sampe akepila dou ncaura ma ufi ntenepa mbalina trakhir d jatiwangi ma ufina sampe ake alhamdulilah wtira maina,,","","0","0","0","-1","https://web.facebook.com/sri.erlaniakarisma/posts/pfbid02yrxqUdcm6w369PH9rTJTYTDWH3D8eaRc7mYPsoAe7jR4w28yzZux5QM9FFNbtDHwl"
"1932","Rose Yoopies","2026-03-08T13:32:00.000Z","semoga anak2 kita di jauhkan dari segala macam penyakit dan bahaya","","0","0","0","-1","https://web.facebook.com/yenita.212751/posts/pfbid0xdeeYH2zU544cfoHGhEeZvFZ4PM2HMj7arUEMverFAibwHoVJNPDHMgXDtKsxJpPl"
"1933","Ndung Farhan Faiz","2026-03-08T14:12:00.000Z","Iy takut bangt aku sma berta campak ini, smg allah jauh kan dari wabah sgla pnyakit..  Apa lag punya bayi kaya kita ini","","0","0","0","-1","https://web.facebook.com/yenita.212751/posts/pfbid0xdeeYH2zU544cfoHGhEeZvFZ4PM2HMj7arUEMverFAibwHoVJNPDHMgXDtKsxJpPl"
"1934","Nhita Maharani","2026-03-09T00:08:00.000Z","Semoga anak² kita di jauhkan ya beb dari segala penyakit yg bikin bahaya","","0","0","0","-1","https://web.facebook.com/yenita.212751/posts/pfbid0xdeeYH2zU544cfoHGhEeZvFZ4PM2HMj7arUEMverFAibwHoVJNPDHMgXDtKsxJpPl"
"1935","Shintia Kartika Putri","2026-03-08T14:28:00.000Z","Sehat2 sekeluarga beb","","0","0","0","-1","https://web.facebook.com/yenita.212751/posts/pfbid0xdeeYH2zU544cfoHGhEeZvFZ4PM2HMj7arUEMverFAibwHoVJNPDHMgXDtKsxJpPl"
"1936","Citra Amelia","2026-03-08T21:29:00.000Z","Anak saya ge keluar merah"" gitu gatel tpi GX ada keluhan lagi","","0","0","0","-1","https://web.facebook.com/yenita.212751/posts/pfbid0xdeeYH2zU544cfoHGhEeZvFZ4PM2HMj7arUEMverFAibwHoVJNPDHMgXDtKsxJpPl"
"1937","Pitri","2026-03-08T21:24:00.000Z","Anak saya baru pulang di rawat krna campak,di ruangan anak full kena campak semua","","0","0","0","-1","https://web.facebook.com/yenita.212751/posts/pfbid0xdeeYH2zU544cfoHGhEeZvFZ4PM2HMj7arUEMverFAibwHoVJNPDHMgXDtKsxJpPl"
"1938","Raisha Raffa Riview","2026-03-08T17:06:00.000Z","Iya mnding d rumah aja, anakku Skrang juga lagi kena flu Singapur, 2 hari rewel terus, mana mulut,tangan sama kaki melepuh"" kaya ke sundut rokok,pinggang udah encok Krena minta d gendong terus","","0","0","0","-1","https://web.facebook.com/yenita.212751/posts/pfbid0xdeeYH2zU544cfoHGhEeZvFZ4PM2HMj7arUEMverFAibwHoVJNPDHMgXDtKsxJpPl"
"1939","Ayu Sekartiwi","2026-03-09T10:26:00.000Z","Ati2 teh apa lg punya bayi, tar lebaran bnyak orang ke rumah jangan terlalu di kasih gendong ke orang2 ya","","0","0","0","-1","https://web.facebook.com/yenita.212751/posts/pfbid0xdeeYH2zU544cfoHGhEeZvFZ4PM2HMj7arUEMverFAibwHoVJNPDHMgXDtKsxJpPl"
"1940","Reren","2026-03-08T15:33:00.000Z","AQ takut anakku kena penyakit itu mna msih 1 bulan setengah anakku","","0","0","0","-1","https://web.facebook.com/yenita.212751/posts/pfbid0xdeeYH2zU544cfoHGhEeZvFZ4PM2HMj7arUEMverFAibwHoVJNPDHMgXDtKsxJpPl"
"1941","Zaenabb","2026-03-10T00:49:00.000Z","Saya punya anak di bawah 5 tahun, alhamdulilah udah vaksin lengkap, semoga aman ajah, sehat2 lah","","0","0","0","-1","https://web.facebook.com/yenita.212751/posts/pfbid0xdeeYH2zU544cfoHGhEeZvFZ4PM2HMj7arUEMverFAibwHoVJNPDHMgXDtKsxJpPl"
"1942","Rose Yoopies","2026-03-07T23:32:00.000Z","semoga anak2 kita di jauhkan dari segala macam penyakit dan bahaya","","0","0","0","-1","https://web.facebook.com/yenita.212751/posts/pfbid0xdeeYH2zU544cfoHGhEeZvFZ4PM2HMj7arUEMverFAibwHoVJNPDHMgXDtKsxJpPl"
"1943","Ndung Farhan Faiz","2026-03-08T00:12:00.000Z","Iy takut bangt aku sma berta campak ini, smg allah jauh kan dari wabah sgla pnyakit..  Apa lag punya bayi kaya kita ini","","0","0","0","-1","https://web.facebook.com/yenita.212751/posts/pfbid0xdeeYH2zU544cfoHGhEeZvFZ4PM2HMj7arUEMverFAibwHoVJNPDHMgXDtKsxJpPl"
"1944","Nhita Maharani","2026-03-08T10:08:00.000Z","Semoga anak² kita di jauhkan ya beb dari segala penyakit yg bikin bahaya","","0","0","0","-1","https://web.facebook.com/yenita.212751/posts/pfbid0xdeeYH2zU544cfoHGhEeZvFZ4PM2HMj7arUEMverFAibwHoVJNPDHMgXDtKsxJpPl"
"1945","Shintia Kartika Putri","2026-03-08T00:28:00.000Z","Sehat2 sekeluarga beb","","0","0","0","-1","https://web.facebook.com/yenita.212751/posts/pfbid0xdeeYH2zU544cfoHGhEeZvFZ4PM2HMj7arUEMverFAibwHoVJNPDHMgXDtKsxJpPl"
"1946","Citra Amelia","2026-03-08T07:29:00.000Z","Anak saya ge keluar merah"" gitu gatel tpi GX ada keluhan lagi","","0","0","0","-1","https://web.facebook.com/yenita.212751/posts/pfbid0xdeeYH2zU544cfoHGhEeZvFZ4PM2HMj7arUEMverFAibwHoVJNPDHMgXDtKsxJpPl"
"1947","Anastasia IqbalNurRahman","2026-04-11T01:19:00.000Z","allhamdulillah kedua anakku  lengkap semua imunisasi nya dr kecil bahkan sampai masih sekolah pun klw ada vaksin atau suntikan apapun demi kesehatannya tdk pernah ditunda","","0","0","0","-1","https://web.facebook.com/middle.lagay.moya.alang/posts/pfbid0jX14jvwpDK5Y8VqUAfPrxKSz5HoEGkJxFFaHq36CupVTSiJxB6H23m97cGGcZYAwl"
"1948","Karen Bela Turnip","2026-04-10T23:03:00.000Z","Bnyak Skali org tua anti vaksin campak skrg pdhal itu demi kebaikan anak2","","0","0","0","-1","https://web.facebook.com/middle.lagay.moya.alang/posts/pfbid0jX14jvwpDK5Y8VqUAfPrxKSz5HoEGkJxFFaHq36CupVTSiJxB6H23m97cGGcZYAwl"
"1949","Selvia Lolobunga","2026-04-10T22:35:00.000Z","Aku tim yg  imunisasi anak wajib lengkap","","0","0","0","-1","https://web.facebook.com/middle.lagay.moya.alang/posts/pfbid0jX14jvwpDK5Y8VqUAfPrxKSz5HoEGkJxFFaHq36CupVTSiJxB6H23m97cGGcZYAwl"
"1950","Berthin Ruruk","2026-04-11T12:38:00.000Z","Ooo begitu ya","","0","0","0","-1","https://web.facebook.com/middle.lagay.moya.alang/posts/pfbid0jX14jvwpDK5Y8VqUAfPrxKSz5HoEGkJxFFaHq36CupVTSiJxB6H23m97cGGcZYAwl"
"1951","Griya Terapy Aisyah","2026-04-11T06:36:00.000Z","Kalau memang darurat dan harus ke RS ya sudah ke RS saja tapi bukan berarti segala penyakit harus ke Medis ? Terus yang nggak ke sana di salah-salahin... Itu bukan lagi mendewakan tapi menTuhankan.!!!","","0","0","0","-1","https://web.facebook.com/middle.lagay.moya.alang/posts/pfbid0jX14jvwpDK5Y8VqUAfPrxKSz5HoEGkJxFFaHq36CupVTSiJxB6H23m97cGGcZYAwl"
"1952","Anastasia IqbalNurRahman","2026-04-10T11:19:00.000Z","allhamdulillah kedua anakku  lengkap semua imunisasi nya dr kecil bahkan sampai masih sekolah pun klw ada vaksin atau suntikan apapun demi kesehatannya tdk pernah ditunda","","0","0","0","-1","https://web.facebook.com/middle.lagay.moya.alang/posts/pfbid0jX14jvwpDK5Y8VqUAfPrxKSz5HoEGkJxFFaHq36CupVTSiJxB6H23m97cGGcZYAwl"
"1953","Karen Bela Turnip","2026-04-10T09:03:00.000Z","Bnyak Skali org tua anti vaksin campak skrg pdhal itu demi kebaikan anak2","","0","0","0","-1","https://web.facebook.com/middle.lagay.moya.alang/posts/pfbid0jX14jvwpDK5Y8VqUAfPrxKSz5HoEGkJxFFaHq36CupVTSiJxB6H23m97cGGcZYAwl"
"1954","Selvia Lolobunga","2026-04-10T08:35:00.000Z","Aku tim yg  imunisasi anak wajib lengkap","","0","0","0","-1","https://web.facebook.com/middle.lagay.moya.alang/posts/pfbid0jX14jvwpDK5Y8VqUAfPrxKSz5HoEGkJxFFaHq36CupVTSiJxB6H23m97cGGcZYAwl"
"1955","Berthin Ruruk","2026-04-10T22:38:00.000Z","Ooo begitu ya","","0","0","0","-1","https://web.facebook.com/middle.lagay.moya.alang/posts/pfbid0jX14jvwpDK5Y8VqUAfPrxKSz5HoEGkJxFFaHq36CupVTSiJxB6H23m97cGGcZYAwl"
"1956","Griya Terapy Aisyah","2026-04-10T16:36:00.000Z","Kalau memang darurat dan harus ke RS ya sudah ke RS saja tapi bukan berarti segala penyakit harus ke Medis ? Terus yang nggak ke sana di salah-salahin... Itu bukan lagi mendewakan tapi menTuhankan.!!!","","0","0","0","-1","https://web.facebook.com/middle.lagay.moya.alang/posts/pfbid0jX14jvwpDK5Y8VqUAfPrxKSz5HoEGkJxFFaHq36CupVTSiJxB6H23m97cGGcZYAwl"
"1957","Desi Ari Santi","2025-08-27T08:44:00.000Z","Ternyata bahaya banget BG ibu hamil ya","","0","0","0","-1","https://web.facebook.com/agustin.nuramalia/posts/pfbid04rGC2i4yNidjLm34LT1yamatwvskNC3XPWpUd6mcctKv63rAUrrzGbvviso7DbZbl"
"1958","Desi Ari Santi","2025-08-26T18:44:00.000Z","Ternyata bahaya banget BG ibu hamil ya","","0","0","0","-1","https://web.facebook.com/agustin.nuramalia/posts/pfbid04rGC2i4yNidjLm34LT1yamatwvskNC3XPWpUd6mcctKv63rAUrrzGbvviso7DbZbl"
"1959","Iswatun Azarasy","2026-03-09T00:36:00.000Z","Amin","","0","0","0","-1","https://web.facebook.com/yhana.aja.7/posts/pfbid0fcPdRPsTqzPfN84mx2ZfNoSPoKdDGWPm1ujs24ivkXSsRhufwGW2aLWigEFPXJXel"
"1960","Nurjannah Badolo","2026-03-08T22:18:00.000Z","Amin untuk ini, amin.","","0","0","0","-1","https://web.facebook.com/yhana.aja.7/posts/pfbid0fcPdRPsTqzPfN84mx2ZfNoSPoKdDGWPm1ujs24ivkXSsRhufwGW2aLWigEFPXJXel"
"1961","Lidya Sampulawa","2026-03-08T22:25:00.000Z","Saling sapa ya sayang.. Bagi yang mau dan yang iklas iklas saja ya bestiii","","0","0","0","-1","https://web.facebook.com/yhana.aja.7/posts/pfbid0fcPdRPsTqzPfN84mx2ZfNoSPoKdDGWPm1ujs24ivkXSsRhufwGW2aLWigEFPXJXel"
"1962","Iswatun Azarasy","2026-03-08T10:36:00.000Z","Amin","","0","0","0","-1","https://web.facebook.com/yhana.aja.7/posts/pfbid0fcPdRPsTqzPfN84mx2ZfNoSPoKdDGWPm1ujs24ivkXSsRhufwGW2aLWigEFPXJXel"
"1963","Nurjannah Badolo","2026-03-08T08:18:00.000Z","Amin untuk ini, amin.","","0","0","0","-1","https://web.facebook.com/yhana.aja.7/posts/pfbid0fcPdRPsTqzPfN84mx2ZfNoSPoKdDGWPm1ujs24ivkXSsRhufwGW2aLWigEFPXJXel"
"1964","Lidya Sampulawa","2026-03-08T08:25:00.000Z","Saling sapa ya sayang.. Bagi yang mau dan yang iklas iklas saja ya bestiii","","0","0","0","-1","https://web.facebook.com/yhana.aja.7/posts/pfbid0fcPdRPsTqzPfN84mx2ZfNoSPoKdDGWPm1ujs24ivkXSsRhufwGW2aLWigEFPXJXel"
"1965","Andik Taufiq","2026-04-04T01:53:00.000Z","Semakin banyak yg bebal","","0","0","0","-1","https://web.facebook.com/mila.anasanti/posts/pfbid02TbX6qiNJeY5D1TAvoMALd9hXenh6ZooX79fWY5oN2j6ZPHL96TYhFRMy6WvEuem4l"
"1966","Deeyahsajalah","2026-04-04T02:07:00.000Z","Seharusnya negara ikut aktif menangani narasi antivax. Take down postingan dan akun antivax. Kalo ngga, tersebar terus. Orang dungu lebih mudah terpengaruh informasi bohong yang disebarkan orang dungu. Kalau perlu masukkan ke UU ITE pengenaan pidana atas narasi antivax. Don't let stupid people famous.","","0","0","0","-1","https://web.facebook.com/mila.anasanti/posts/pfbid02TbX6qiNJeY5D1TAvoMALd9hXenh6ZooX79fWY5oN2j6ZPHL96TYhFRMy6WvEuem4l"
"1967","Totoksyaraf Sapujagad","2026-04-04T02:11:00.000Z","Kematian karena TBC lebih dari 120 ribu setiap tahun dan kematian karena PTM lebih dari 600 ribu setiap tahun. Bagaimana kah?","","0","0","0","-1","https://web.facebook.com/mila.anasanti/posts/pfbid02TbX6qiNJeY5D1TAvoMALd9hXenh6ZooX79fWY5oN2j6ZPHL96TYhFRMy6WvEuem4l"
"1968","Astuti","2026-04-04T02:27:00.000Z","Izin bertanya mbak, apakah para nakes mohon maap yaa, sudah divaksin campak sebelumnya? Mungkin dari sejak kecil? Kalo memang sudah divaksin, tetap kenak campak yaa walaupun sudah divaksin?","","0","0","0","-1","https://web.facebook.com/mila.anasanti/posts/pfbid02TbX6qiNJeY5D1TAvoMALd9hXenh6ZooX79fWY5oN2j6ZPHL96TYhFRMy6WvEuem4l"
"1969","Arief Hilman","2026-04-04T02:38:00.000Z","Seharusnya negara ikut aktif menangani narasi antivax. Take down postingan dan akun antivax. Kalo ngga, tersebar terus. Orang dungu lebih mudah terpengaruh informasi bohong yang disebarkan orang dungu. Kalau perlu masukkan ke UU ITE pengenaan pidana atas narasi antivax. Don't let stupid people famous.","","0","0","0","-1","https://web.facebook.com/mila.anasanti/posts/pfbid02TbX6qiNJeY5D1TAvoMALd9hXenh6ZooX79fWY5oN2j6ZPHL96TYhFRMy6WvEuem4l"
"1970","Fatimah Bonny","2026-04-04T03:54:00.000Z","Memang bodoh bapak2 dan ibu2 antivax","","0","0","0","-1","https://web.facebook.com/mila.anasanti/posts/pfbid02TbX6qiNJeY5D1TAvoMALd9hXenh6ZooX79fWY5oN2j6ZPHL96TYhFRMy6WvEuem4l"
"1971","Nurhikmah Riska","2026-04-04T04:11:00.000Z","Ri Quest To halo apa kabar ?","","0","0","0","-1","https://web.facebook.com/mila.anasanti/posts/pfbid02TbX6qiNJeY5D1TAvoMALd9hXenh6ZooX79fWY5oN2j6ZPHL96TYhFRMy6WvEuem4l"
"1972","Nurhikmah Riska","2026-04-04T04:11:00.000Z","Gortal","","0","0","0","-1","https://web.facebook.com/mila.anasanti/posts/pfbid02TbX6qiNJeY5D1TAvoMALd9hXenh6ZooX79fWY5oN2j6ZPHL96TYhFRMy6WvEuem4l"
"1973","Nurhikmah Riska","2026-04-04T04:11:00.000Z","Pipi Sapitri halo sehat kak ?","","0","0","0","-1","https://web.facebook.com/mila.anasanti/posts/pfbid02TbX6qiNJeY5D1TAvoMALd9hXenh6ZooX79fWY5oN2j6ZPHL96TYhFRMy6WvEuem4l"
"1974","Dedhy Sancitra","2026-04-04T04:17:00.000Z","Seharusnya negara ikut aktif menangani narasi antivax. Take down postingan dan akun antivax. Kalo ngga, tersebar terus. Orang dungu lebih mudah terpengaruh informasi bohong yang disebarkan orang dungu. Kalau perlu masukkan ke UU ITE pengenaan pidana atas narasi antivax. Don't let stupid people famous.","","0","0","0","-1","https://web.facebook.com/mila.anasanti/posts/pfbid02TbX6qiNJeY5D1TAvoMALd9hXenh6ZooX79fWY5oN2j6ZPHL96TYhFRMy6WvEuem4l"
"1975","Andik Taufiq","2026-04-03T11:53:00.000Z","Semakin banyak yg bebal","","0","0","0","-1","https://web.facebook.com/mila.anasanti/posts/pfbid02TbX6qiNJeY5D1TAvoMALd9hXenh6ZooX79fWY5oN2j6ZPHL96TYhFRMy6WvEuem4l"
"1976","Deeyahsajalah","2026-04-03T12:07:00.000Z","Seharusnya negara ikut aktif menangani narasi antivax. Take down postingan dan akun antivax. Kalo ngga, tersebar terus. Orang dungu lebih mudah terpengaruh informasi bohong yang disebarkan orang dungu. Kalau perlu masukkan ke UU ITE pengenaan pidana atas narasi antivax. Don't let stupid people famous.","","0","0","0","-1","https://web.facebook.com/mila.anasanti/posts/pfbid02TbX6qiNJeY5D1TAvoMALd9hXenh6ZooX79fWY5oN2j6ZPHL96TYhFRMy6WvEuem4l"
"1977","Totoksyaraf Sapujagad","2026-04-03T12:11:00.000Z","Kematian karena TBC lebih dari 120 ribu setiap tahun dan kematian karena PTM lebih dari 600 ribu setiap tahun. Bagaimana kah?","","0","0","0","-1","https://web.facebook.com/mila.anasanti/posts/pfbid02TbX6qiNJeY5D1TAvoMALd9hXenh6ZooX79fWY5oN2j6ZPHL96TYhFRMy6WvEuem4l"
"1978","Astuti","2026-04-03T12:27:00.000Z","Izin bertanya mbak, apakah para nakes mohon maap yaa, sudah divaksin campak sebelumnya? Mungkin dari sejak kecil? Kalo memang sudah divaksin, tetap kenak campak yaa walaupun sudah divaksin?","","0","0","0","-1","https://web.facebook.com/mila.anasanti/posts/pfbid02TbX6qiNJeY5D1TAvoMALd9hXenh6ZooX79fWY5oN2j6ZPHL96TYhFRMy6WvEuem4l"
"1979","Arief Hilman","2026-04-03T12:38:00.000Z","Seharusnya negara ikut aktif menangani narasi antivax. Take down postingan dan akun antivax. Kalo ngga, tersebar terus. Orang dungu lebih mudah terpengaruh informasi bohong yang disebarkan orang dungu. Kalau perlu masukkan ke UU ITE pengenaan pidana atas narasi antivax. Don't let stupid people famous.","","0","0","0","-1","https://web.facebook.com/mila.anasanti/posts/pfbid02TbX6qiNJeY5D1TAvoMALd9hXenh6ZooX79fWY5oN2j6ZPHL96TYhFRMy6WvEuem4l"
"1980","BBC News Indonesia","2025-08-23T03:10:00.000Z","Berita selengkapnya: https://www.bbc.com/indonesia/articles/cvgn3y9m4nxo","","0","0","0","-1","https://web.facebook.com/BBCNewsIndonesia/posts/pfbid02Wk7tKovairy5bRdzpwPUxvY5BKSMNoizbX844t7eogBHxM6hRu3zhFvYWgPWvY4Ql"
"1981","Arably Moro","2025-08-23T03:36:00.000Z","Imunisasi selama ini apa gk berpengaruh ya?","","0","0","0","-1","https://web.facebook.com/BBCNewsIndonesia/posts/pfbid02Wk7tKovairy5bRdzpwPUxvY5BKSMNoizbX844t7eogBHxM6hRu3zhFvYWgPWvY4Ql"
"1982","Wida F. Sihotang","2025-08-23T03:22:00.000Z","Masyarakat yg dimiskinkn tidak mampu memenuhi kebutuhan gizi, stress buat gampang sakit2n. Klo sdh sakit disuntik vaksin pula bgm tubuh mereka bisa kuat melawan virus dr penyakit dan vaksin jg??? Mereka cuma butuh sistem yg tidak memiskinkn spy mereka bisa hidup sehat dan mandiri.","","0","0","0","-1","https://web.facebook.com/BBCNewsIndonesia/posts/pfbid02Wk7tKovairy5bRdzpwPUxvY5BKSMNoizbX844t7eogBHxM6hRu3zhFvYWgPWvY4Ql"
"1983","Fandri Lumiwu Jr.","2025-08-23T12:20:00.000Z","Atau mau seoerti vaksin covid sampe 4 kali.. Dan skrg lagi dibahas diongadilan internasional  efek samping vaksin","","0","0","0","-1","https://web.facebook.com/BBCNewsIndonesia/posts/pfbid02Wk7tKovairy5bRdzpwPUxvY5BKSMNoizbX844t7eogBHxM6hRu3zhFvYWgPWvY4Ql"
"1984","Irma Erviana Ardiansyah","2025-08-23T08:40:00.000Z","Seles fucksin sedang beraksi","","0","0","0","-1","https://web.facebook.com/BBCNewsIndonesia/posts/pfbid02Wk7tKovairy5bRdzpwPUxvY5BKSMNoizbX844t7eogBHxM6hRu3zhFvYWgPWvY4Ql"
"1985","Daff Dodge","2025-08-23T03:20:00.000Z","bukannya 2018 lalu udh pernah imunisasi campak & rubella serentak ya??","","0","0","0","-1","https://web.facebook.com/BBCNewsIndonesia/posts/pfbid02Wk7tKovairy5bRdzpwPUxvY5BKSMNoizbX844t7eogBHxM6hRu3zhFvYWgPWvY4Ql"
"1986","Ronald Gunawan","2025-08-23T05:50:00.000Z","Yang mati pasti karena tidak di vaksin...","","0","0","0","-1","https://web.facebook.com/BBCNewsIndonesia/posts/pfbid02Wk7tKovairy5bRdzpwPUxvY5BKSMNoizbX844t7eogBHxM6hRu3zhFvYWgPWvY4Ql"
"1987","Balsem Geliga","2025-08-24T20:17:00.000Z","gara"" vaksin corona saya sering sakit"" an,ampe sekarang saya merasa sakit punggung bagian bawah,dan itu bukan hanya saya yg merasakan itu dengan berbagai dampak yg berbeda","","0","0","0","-1","https://web.facebook.com/BBCNewsIndonesia/posts/pfbid02Wk7tKovairy5bRdzpwPUxvY5BKSMNoizbX844t7eogBHxM6hRu3zhFvYWgPWvY4Ql"
"1988","Ray Djufril","2025-08-23T07:57:00.000Z","Kok bisa rendah imunisasi udah 2025 gini, untuk campak, cacar air & polio itu udah imunisasi lama banget bukan hal baru","","0","0","0","-1","https://web.facebook.com/BBCNewsIndonesia/posts/pfbid02Wk7tKovairy5bRdzpwPUxvY5BKSMNoizbX844t7eogBHxM6hRu3zhFvYWgPWvY4Ql"
"1989","Wening Sasi","2025-08-23T05:55:00.000Z","Disekitar sy bnyak sekali ibu2 yg mengganggap imunisasi tidak penting, yg katanya haram lah. sedih memang.","","0","0","0","-1","https://web.facebook.com/BBCNewsIndonesia/posts/pfbid02Wk7tKovairy5bRdzpwPUxvY5BKSMNoizbX844t7eogBHxM6hRu3zhFvYWgPWvY4Ql"
"1990","BBC News Indonesia","2025-08-22T13:10:00.000Z","Berita selengkapnya: https://www.bbc.com/indonesia/articles/cvgn3y9m4nxo","","0","0","0","-1","https://web.facebook.com/BBCNewsIndonesia/posts/pfbid02Wk7tKovairy5bRdzpwPUxvY5BKSMNoizbX844t7eogBHxM6hRu3zhFvYWgPWvY4Ql"
"1991","Arably Moro","2025-08-22T13:36:00.000Z","Imunisasi selama ini apa gk berpengaruh ya?","","0","0","0","-1","https://web.facebook.com/BBCNewsIndonesia/posts/pfbid02Wk7tKovairy5bRdzpwPUxvY5BKSMNoizbX844t7eogBHxM6hRu3zhFvYWgPWvY4Ql"
"1992","Wida F. Sihotang","2025-08-22T13:22:00.000Z","Masyarakat yg dimiskinkn tidak mampu memenuhi kebutuhan gizi, stress buat gampang sakit2n. Klo sdh sakit disuntik vaksin pula bgm tubuh mereka bisa kuat melawan virus dr penyakit dan vaksin jg??? Mereka cuma butuh sistem yg tidak memiskinkn spy mereka bisa hidup sehat dan mandiri.","","0","0","0","-1","https://web.facebook.com/BBCNewsIndonesia/posts/pfbid02Wk7tKovairy5bRdzpwPUxvY5BKSMNoizbX844t7eogBHxM6hRu3zhFvYWgPWvY4Ql"
"1993","Fandri Lumiwu Jr.","2025-08-22T22:20:00.000Z","Atau mau seoerti vaksin covid sampe 4 kali.. Dan skrg lagi dibahas diongadilan internasional  efek samping vaksin","","0","0","0","-1","https://web.facebook.com/BBCNewsIndonesia/posts/pfbid02Wk7tKovairy5bRdzpwPUxvY5BKSMNoizbX844t7eogBHxM6hRu3zhFvYWgPWvY4Ql"
"1994","Irma Erviana Ardiansyah","2025-08-22T18:40:00.000Z","Seles fucksin sedang beraksi","","0","0","0","-1","https://web.facebook.com/BBCNewsIndonesia/posts/pfbid02Wk7tKovairy5bRdzpwPUxvY5BKSMNoizbX844t7eogBHxM6hRu3zhFvYWgPWvY4Ql"
"1995","Delvina Eka Putri","2025-10-04T04:07:00.000Z","Cepat sembuh numtik sm dek yura...","","0","0","0","-1","https://web.facebook.com/ratna.juita.12382/posts/pfbid0fx3kte5o7YucXZ1ofxHqxfD5kmmhENGeSz2FR1aHMwNTSM69LP4V7oiodHmG5yErl"
"1996","Tuti Amyuni","2025-10-04T13:29:00.000Z","Aamiin.... Cepat sembuh numtiq dan de yura","","0","0","0","-1","https://web.facebook.com/ratna.juita.12382/posts/pfbid0fx3kte5o7YucXZ1ofxHqxfD5kmmhENGeSz2FR1aHMwNTSM69LP4V7oiodHmG5yErl"
"1997","Erlinda T Erlinda T","2025-10-04T06:17:00.000Z","Semoga cepat sembuh nak","","0","0","0","-1","https://web.facebook.com/ratna.juita.12382/posts/pfbid0fx3kte5o7YucXZ1ofxHqxfD5kmmhENGeSz2FR1aHMwNTSM69LP4V7oiodHmG5yErl"
"1998","Petmayeni","2025-10-04T04:01:00.000Z","Cepat sembuh sayang","","0","0","0","-1","https://web.facebook.com/ratna.juita.12382/posts/pfbid0fx3kte5o7YucXZ1ofxHqxfD5kmmhENGeSz2FR1aHMwNTSM69LP4V7oiodHmG5yErl"
"1999","HaNiko YaNagita","2025-10-05T02:16:00.000Z","Aamiin... cpt sembuh numtik dan dek yura","","0","0","0","-1","https://web.facebook.com/ratna.juita.12382/posts/pfbid0fx3kte5o7YucXZ1ofxHqxfD5kmmhENGeSz2FR1aHMwNTSM69LP4V7oiodHmG5yErl"
"2000","Yeni Marlina","2025-10-04T04:24:00.000Z","CPT sembuh ya","","0","0","0","-1","https://web.facebook.com/ratna.juita.12382/posts/pfbid0fx3kte5o7YucXZ1ofxHqxfD5kmmhENGeSz2FR1aHMwNTSM69LP4V7oiodHmG5yErl"
"2001","Sri Hayati Zur","2025-10-04T12:28:00.000Z","Mga cpat sembuh","","0","0","0","-1","https://web.facebook.com/ratna.juita.12382/posts/pfbid0fx3kte5o7YucXZ1ofxHqxfD5kmmhENGeSz2FR1aHMwNTSM69LP4V7oiodHmG5yErl"
"2002","Alfizam Textiles","2025-10-04T22:02:00.000Z","Amin untuk ini, amin.","","0","0","0","-1","https://web.facebook.com/ratna.juita.12382/posts/pfbid0fx3kte5o7YucXZ1ofxHqxfD5kmmhENGeSz2FR1aHMwNTSM69LP4V7oiodHmG5yErl"
"2003","Sate Sutan Mudo","2025-10-04T15:09:00.000Z","Semoga cepat sembuh","","0","0","0","-1","https://web.facebook.com/ratna.juita.12382/posts/pfbid0fx3kte5o7YucXZ1ofxHqxfD5kmmhENGeSz2FR1aHMwNTSM69LP4V7oiodHmG5yErl"
"2004","Annisa Rahmawati","2025-10-04T06:38:00.000Z","Aamiin.... Cepat sembuh numtiq dan de yura","","0","0","0","-1","https://web.facebook.com/ratna.juita.12382/posts/pfbid0fx3kte5o7YucXZ1ofxHqxfD5kmmhENGeSz2FR1aHMwNTSM69LP4V7oiodHmG5yErl"
"2005","Delvina Eka Putri","2025-10-03T14:07:00.000Z","Cepat sembuh numtik sm dek yura...","","0","0","0","-1","https://web.facebook.com/ratna.juita.12382/posts/pfbid0fx3kte5o7YucXZ1ofxHqxfD5kmmhENGeSz2FR1aHMwNTSM69LP4V7oiodHmG5yErl"
"2006","Tuti Amyuni","2025-10-03T23:29:00.000Z","Aamiin.... Cepat sembuh numtiq dan de yura","","0","0","0","-1","https://web.facebook.com/ratna.juita.12382/posts/pfbid0fx3kte5o7YucXZ1ofxHqxfD5kmmhENGeSz2FR1aHMwNTSM69LP4V7oiodHmG5yErl"
"2007","Erlinda T Erlinda T","2025-10-03T16:17:00.000Z","Semoga cepat sembuh nak","","0","0","0","-1","https://web.facebook.com/ratna.juita.12382/posts/pfbid0fx3kte5o7YucXZ1ofxHqxfD5kmmhENGeSz2FR1aHMwNTSM69LP4V7oiodHmG5yErl"
"2008","Petmayeni","2025-10-03T14:01:00.000Z","Cepat sembuh sayang","","0","0","0","-1","https://web.facebook.com/ratna.juita.12382/posts/pfbid0fx3kte5o7YucXZ1ofxHqxfD5kmmhENGeSz2FR1aHMwNTSM69LP4V7oiodHmG5yErl"
"2009","HaNiko YaNagita","2025-10-04T12:16:00.000Z","Aamiin... cpt sembuh numtik dan dek yura","","0","0","0","-1","https://web.facebook.com/ratna.juita.12382/posts/pfbid0fx3kte5o7YucXZ1ofxHqxfD5kmmhENGeSz2FR1aHMwNTSM69LP4V7oiodHmG5yErl"
"2010","Kahar Belcik","2026-03-21T00:30:00.000Z","anakku sempat kena tpi Alhamdulillah sudah sembuh jgn panik yang penting panasnya sudah redah","","0","0","0","-1","https://web.facebook.com/groups/1185186252298406/posts/2211299593020395/"
"2011","Iffah Yusnita Radji","2026-03-20T23:51:00.000Z","Campak itu istilah medis, gabag istilah Jawa, tampeg, istilah Madura. Sebenarnya itu sama saja. Namun tergantung daya tahan tubuh anak juga, ada yg parah ada yg GK, anak saya baru saja kena campak, Alhamdulillah GK parah, lemes di hari pertama kedua saja. Setelah itu aktif dianya. Hari pertama demam langsung keluar tp belum banyak, bertahap dan itu GK parah ruamnya, mata juga hanya berair dikit GK SMP bengkak merah. Hari ketiga malah keluar rumah dianya GK bs diam. Hingga hari ketujuh normal semua, hanya efek di mulut masih ada dikit, itupun di awal2 GK trll parah. Harus dipaksa makan dan minum yg cukup.... Kl GK gitu lama sembuhnya","","0","0","0","-1","https://web.facebook.com/groups/1185186252298406/posts/2211299593020395/"
"2012","Luqman Cecjhkwua","2026-03-21T13:17:00.000Z","Itu merah2 begitu kk karna panas si adex terlalu tinggi klw itu udah keluar tandanya udah mau sembuh klw kata dokter bagus itu keluar dari pada gak bisa panas didalam lalai dikit jadi fatal akibatnya, klw bisa banyak minum air putih kk","","0","0","0","-1","https://web.facebook.com/groups/1185186252298406/posts/2211299593020395/"
"2013","Ika Dnc","2026-03-21T05:18:00.000Z","Kalau ruam muncul saat demam sudah reda, kemungkinan itu roseola bukan campak. Riseola akan sembuh sendiri, dan tetap wajib mandi.","","0","0","0","-1","https://web.facebook.com/groups/1185186252298406/posts/2211299593020395/"
"2014","Ani Rahmawati","2026-03-21T11:11:00.000Z","Sama persis tadi sore anak ku juga gitu. Aku sampe lari kerumah ipar karna ipar udah punya anak 3 fikirku lebih berpengalaman. 5 hari yg lalu anakku panas lumayan tinggi, badan nya sempat lemas. Tapi alhamdulillah sejak kemarin  demam nya membaik. Kemarin timbul merah kaya gini di garukin terus. Tapi malam nya hilang sedikit demi sedikit, dan pagi tadi aku coba mandiin karna fikir ku demamnya udah turun ditambah sejak demam tidak aku mandiin hnya di lap aja. Eh habis mandi muncul merah lagi kaya gini. Banyak sampe ke wajah. Kata ipar ku aman karna tidak demam. Cuman disuruh kasih bedak tabur aja. Semoga membaik","","0","0","0","-1","https://web.facebook.com/groups/1185186252298406/posts/2211299593020395/"
"2015","Keysha SH","2026-03-21T12:33:00.000Z","Iyaitu gabaken buk seluruh tubuh itu nanti","","0","0","0","-1","https://web.facebook.com/groups/1185186252298406/posts/2211299593020395/"
"2016","W Inuel","2026-03-21T14:45:00.000Z","Itu biang keringat anakku jg gtu","","0","0","0","-1","https://web.facebook.com/groups/1185186252298406/posts/2211299593020395/"
"2017","MAuren Mardos","2026-03-21T08:50:00.000Z","Campak bun","","0","0","0","-1","https://web.facebook.com/groups/1185186252298406/posts/2211299593020395/"
"2018","Sari Sary Menariasitumorang","2026-03-21T15:18:00.000Z","Klau KMI dibilang ini Kerumutan jdi ini GK bisa kena angin trus obatnya Pati kelapa asli Tampa ada campuran olesin kebadan dan kasi diminum 2 sendok itu obatnya bun","","0","0","0","-1","https://web.facebook.com/groups/1185186252298406/posts/2211299593020395/"
"2019","Rischa Amanda","2026-03-21T13:26:00.000Z","Anakku kmren gitu kak stlh sembuh dri demam muncul,trus ga lama ilang","","0","0","0","-1","https://web.facebook.com/groups/1185186252298406/posts/2211299593020395/"
"2020","Kahar Belcik","2026-03-20T10:30:00.000Z","anakku sempat kena tpi Alhamdulillah sudah sembuh jgn panik yang penting panasnya sudah redah","","0","0","0","-1","https://web.facebook.com/groups/1185186252298406/posts/2211299593020395/"
"2021","Iffah Yusnita Radji","2026-03-20T09:51:00.000Z","Campak itu istilah medis, gabag istilah Jawa, tampeg, istilah Madura. Sebenarnya itu sama saja. Namun tergantung daya tahan tubuh anak juga, ada yg parah ada yg GK, anak saya baru saja kena campak, Alhamdulillah GK parah, lemes di hari pertama kedua saja. Setelah itu aktif dianya. Hari pertama demam langsung keluar tp belum banyak, bertahap dan itu GK parah ruamnya, mata juga hanya berair dikit GK SMP bengkak merah. Hari ketiga malah keluar rumah dianya GK bs diam. Hingga hari ketujuh normal semua, hanya efek di mulut masih ada dikit, itupun di awal2 GK trll parah. Harus dipaksa makan dan minum yg cukup.... Kl GK gitu lama sembuhnya","","0","0","0","-1","https://web.facebook.com/groups/1185186252298406/posts/2211299593020395/"
"2022","Luqman Cecjhkwua","2026-03-20T23:17:00.000Z","Itu merah2 begitu kk karna panas si adex terlalu tinggi klw itu udah keluar tandanya udah mau sembuh klw kata dokter bagus itu keluar dari pada gak bisa panas didalam lalai dikit jadi fatal akibatnya, klw bisa banyak minum air putih kk","","0","0","0","-1","https://web.facebook.com/groups/1185186252298406/posts/2211299593020395/"
"2023","Ika Dnc","2026-03-20T15:18:00.000Z","Kalau ruam muncul saat demam sudah reda, kemungkinan itu roseola bukan campak. Riseola akan sembuh sendiri, dan tetap wajib mandi.","","0","0","0","-1","https://web.facebook.com/groups/1185186252298406/posts/2211299593020395/"
"2024","Ani Rahmawati","2026-03-20T21:11:00.000Z","Sama persis tadi sore anak ku juga gitu. Aku sampe lari kerumah ipar karna ipar udah punya anak 3 fikirku lebih berpengalaman. 5 hari yg lalu anakku panas lumayan tinggi, badan nya sempat lemas. Tapi alhamdulillah sejak kemarin  demam nya membaik. Kemarin timbul merah kaya gini di garukin terus. Tapi malam nya hilang sedikit demi sedikit, dan pagi tadi aku coba mandiin karna fikir ku demamnya udah turun ditambah sejak demam tidak aku mandiin hnya di lap aja. Eh habis mandi muncul merah lagi kaya gini. Banyak sampe ke wajah. Kata ipar ku aman karna tidak demam. Cuman disuruh kasih bedak tabur aja. Semoga membaik","","0","0","0","-1","https://web.facebook.com/groups/1185186252298406/posts/2211299593020395/"
"2025","Mira Cle","2026-03-09T14:54:00.000Z","mari saling suport agar lebih dekat dan sukses bareng salam satu tujuan https://www.facebook.com/mira.cle.39142/subscribenow?surface=pinned_comments","","0","0","0","-1","https://web.facebook.com/mira.cle.39142/posts/pfbid02LBZQjoybf6oXHE8RdYHWQ19LAvgQMB3PTHviKviCmFwQrauPAc8D4qryY471brArl"
"2026","Mira Cle","2026-03-09T00:54:00.000Z","mari saling suport agar lebih dekat dan sukses bareng salam satu tujuan https://www.facebook.com/mira.cle.39142/subscribenow?surface=pinned_comments","","0","0","0","-1","https://web.facebook.com/mira.cle.39142/posts/pfbid02LBZQjoybf6oXHE8RdYHWQ19LAvgQMB3PTHviKviCmFwQrauPAc8D4qryY471brArl"
"2027","Muli Sitepu","2026-03-10T13:04:00.000Z","Bagaimana kalo untuk anak umur 3 bulan kk, apakah ibunya yg minum air kelapa","","0","0","0","-1","https://web.facebook.com/photo/?fbid=883916147807318&set=a.234407702758169"
"2028","Abidin Allifia","2026-03-10T16:02:00.000Z","Iyh btul ak jg klo ad apa2 lngsung brobat aja ..sklian tnya2 boleh dan tdk boleh makn/minum apa aj.","","0","0","0","-1","https://web.facebook.com/photo/?fbid=883916147807318&set=a.234407702758169"
"2029","Maesaroh Sry Wuban","2026-03-10T16:23:00.000Z","anaku juga dulu kaya gtu bu bid,, abis demam tinggi, kemudian munculah ruam merah² kaya gini,,, tapi alhamdulillah sembuh nya di CEBOR kalo kata bahasa Sunda tea mah","","0","0","0","-1","https://web.facebook.com/photo/?fbid=883916147807318&set=a.234407702758169"
"2030","Aisyah Nilam Nirmala","2026-03-19T21:27:00.000Z","Anakku yg no 3 jug br kena,mata merah,bibir pecah*,keluar bintik merah tp TDK demam,dikasih apa y Bu bidan","","0","0","0","-1","https://web.facebook.com/photo/?fbid=883916147807318&set=a.234407702758169"
"2031","Rehan Wibowo","2026-03-10T09:18:00.000Z","mat sore bund","","0","0","0","-1","https://web.facebook.com/photo/?fbid=883916147807318&set=a.234407702758169"
"2032","Erdua Breeder","2026-03-28T13:40:00.000Z","Pertanyaanya apa vaksin campak yg 60thn lalu masi sama dgn yg di edarkan sekrang? Dan maaf bkn rahasia umum lgi pmerintah  saat ini yg penting cuan cuan tnpa peduli apa yg masuk kedalam tubuh anak","","0","0","0","-1","https://web.facebook.com/herni.pakaja/posts/pfbid0rnDznPKT6VE3KfQTnr3q6oBMEyxWUbmgFrwhpzFEgoLPPdPfDSS4x5c5BpcJkFW1l"
"2033","Andri Suwarno","2026-03-29T09:59:00.000Z","Penting nya iman kepada Allah hidup sejalan dgn sunnah memperbanyak tanaman herbal , pikiran yg positif tenang penuh rasa syukur, aktivitas fisik setiap hari yg sehat terukur, hidup bermasyarakat yg seimbang","","0","0","0","-1","https://web.facebook.com/herni.pakaja/posts/pfbid0rnDznPKT6VE3KfQTnr3q6oBMEyxWUbmgFrwhpzFEgoLPPdPfDSS4x5c5BpcJkFW1l"
"2034","Khoirunnisa Tsaqif","2026-03-29T04:34:00.000Z","Baru dugaan loh ini","","0","0","0","-1","https://web.facebook.com/herni.pakaja/posts/pfbid0rnDznPKT6VE3KfQTnr3q6oBMEyxWUbmgFrwhpzFEgoLPPdPfDSS4x5c5BpcJkFW1l"
"2035","Shanti Ahmat Latopole","2026-03-29T00:34:00.000Z","Apapun itu sakit dan gaknya..kita tetap akan mati .semua sudah tertulis itulah ajal .kita tidak pernh tau  tentang kematian baiknya sedini mungkin siapkn bekal","","0","0","0","-1","https://web.facebook.com/herni.pakaja/posts/pfbid0rnDznPKT6VE3KfQTnr3q6oBMEyxWUbmgFrwhpzFEgoLPPdPfDSS4x5c5BpcJkFW1l"
"2036","Shanum Fariza R","2026-03-29T06:47:00.000Z","Turut berduka cita untk kedua dokter …. Izin bertanya apakah kedua dokter trsbt wktu kecil tidak prnh vaksin campak?","","0","0","0","-1","https://web.facebook.com/herni.pakaja/posts/pfbid0rnDznPKT6VE3KfQTnr3q6oBMEyxWUbmgFrwhpzFEgoLPPdPfDSS4x5c5BpcJkFW1l"
"2037","Erna","2026-03-29T00:56:00.000Z","Inalillahi , Semua itu sudah qodarullah , jgn menyalahkan sesuatu atas kematian seseorang. Di dunia ini yg hidup pasti mati","","0","0","0","-1","https://web.facebook.com/herni.pakaja/posts/pfbid0rnDznPKT6VE3KfQTnr3q6oBMEyxWUbmgFrwhpzFEgoLPPdPfDSS4x5c5BpcJkFW1l"
"2038","Thaif Hamzah","2026-03-27T13:06:00.000Z","Ucapan belasungkawa....sangat sibuk sehingga tidak bisa rileks...belum lagi jika kamu jauh dari orang tua...mereka mungkin tidak terlalu santai...","","0","0","0","-1","https://web.facebook.com/herni.pakaja/posts/pfbid0rnDznPKT6VE3KfQTnr3q6oBMEyxWUbmgFrwhpzFEgoLPPdPfDSS4x5c5BpcJkFW1l"
"2039","Isra Wati","2026-03-30T00:40:00.000Z","Innaa lillaahi wa innaa ilayhi raaji'uun.. Allaah beri pahala syahid buat 2 dokter hebat yang Allaah panggil dalam keadaan BERTUGAS dibidangnya. Allaah ampuni segala khilaf dan dosa. Allaah jauhkan dr siksa dan fitnah qubur. Allaah lapangkan qubur dan balasan jannah buat kalian. Aamiin..","","0","0","0","-1","https://web.facebook.com/herni.pakaja/posts/pfbid0rnDznPKT6VE3KfQTnr3q6oBMEyxWUbmgFrwhpzFEgoLPPdPfDSS4x5c5BpcJkFW1l"
"2040","Ulfa Rachman","2026-03-28T05:40:00.000Z","Ternyata semengerikan itu campak dok eee..","","0","0","0","-1","https://web.facebook.com/herni.pakaja/posts/pfbid0rnDznPKT6VE3KfQTnr3q6oBMEyxWUbmgFrwhpzFEgoLPPdPfDSS4x5c5BpcJkFW1l"
"2041","Yuliana Rivai","2026-03-28T00:13:00.000Z","Innalillahi wa innailaihi  rojiun... swmoha husnul khotimah...","","0","0","0","-1","https://web.facebook.com/herni.pakaja/posts/pfbid0rnDznPKT6VE3KfQTnr3q6oBMEyxWUbmgFrwhpzFEgoLPPdPfDSS4x5c5BpcJkFW1l"
"2042","Erdua Breeder","2026-03-27T23:40:00.000Z","Pertanyaanya apa vaksin campak yg 60thn lalu masi sama dgn yg di edarkan sekrang? Dan maaf bkn rahasia umum lgi pmerintah  saat ini yg penting cuan cuan tnpa peduli apa yg masuk kedalam tubuh anak","","0","0","0","-1","https://web.facebook.com/herni.pakaja/posts/pfbid0rnDznPKT6VE3KfQTnr3q6oBMEyxWUbmgFrwhpzFEgoLPPdPfDSS4x5c5BpcJkFW1l"
"2043","Andri Suwarno","2026-03-28T19:59:00.000Z","Penting nya iman kepada Allah hidup sejalan dgn sunnah memperbanyak tanaman herbal , pikiran yg positif tenang penuh rasa syukur, aktivitas fisik setiap hari yg sehat terukur, hidup bermasyarakat yg seimbang","","0","0","0","-1","https://web.facebook.com/herni.pakaja/posts/pfbid0rnDznPKT6VE3KfQTnr3q6oBMEyxWUbmgFrwhpzFEgoLPPdPfDSS4x5c5BpcJkFW1l"
"2044","Khoirunnisa Tsaqif","2026-03-28T14:34:00.000Z","Baru dugaan loh ini","","0","0","0","-1","https://web.facebook.com/herni.pakaja/posts/pfbid0rnDznPKT6VE3KfQTnr3q6oBMEyxWUbmgFrwhpzFEgoLPPdPfDSS4x5c5BpcJkFW1l"
"2045","Shanti Ahmat Latopole","2026-03-28T10:34:00.000Z","Apapun itu sakit dan gaknya..kita tetap akan mati .semua sudah tertulis itulah ajal .kita tidak pernh tau  tentang kematian baiknya sedini mungkin siapkn bekal","","0","0","0","-1","https://web.facebook.com/herni.pakaja/posts/pfbid0rnDznPKT6VE3KfQTnr3q6oBMEyxWUbmgFrwhpzFEgoLPPdPfDSS4x5c5BpcJkFW1l"
"2046","Shanum Fariza R","2026-03-28T16:47:00.000Z","Turut berduka cita untk kedua dokter …. Izin bertanya apakah kedua dokter trsbt wktu kecil tidak prnh vaksin campak?","","0","0","0","-1","https://web.facebook.com/herni.pakaja/posts/pfbid0rnDznPKT6VE3KfQTnr3q6oBMEyxWUbmgFrwhpzFEgoLPPdPfDSS4x5c5BpcJkFW1l"
"2047","Puput Arie Agustin","2026-03-08T05:33:00.000Z","argaaku jugaa loh kemarin demam terus bintik2 merah badanya.. allhamdulillah skrng udh enggak aku gatau itu kenapa campak apa bukan.. tpi dibarengin demam","","0","0","0","-1","https://web.facebook.com/ainunnuraeni311/posts/pfbid02Y1WS8mU2kKtfyvKHJo7TTEi4PKXGyeqdZXfM9g983mzHNaUkKyHMWv8hVVzA6TqGl"
"2048","Sity Nurhayati","2026-03-08T15:11:00.000Z","Obat campak yg manjur di anak q dulu minum air kelapa ijo yg muda nya terus balur pke  pare yg udh di parut di campur sma bawang merah and minyak telon Alhamdulillah anak q pake itu cuma se kali kena campak pas umur 8 bulan sekarang udh 4 thn","","0","0","0","-1","https://web.facebook.com/ainunnuraeni311/posts/pfbid02Y1WS8mU2kKtfyvKHJo7TTEi4PKXGyeqdZXfM9g983mzHNaUkKyHMWv8hVVzA6TqGl"
"2049","Hardiyanti Juliani","2026-03-09T10:54:00.000Z","ya Allah  semoga anak² kita semua di lindungi ya mbk","","0","0","0","-1","https://web.facebook.com/ainunnuraeni311/posts/pfbid02Y1WS8mU2kKtfyvKHJo7TTEi4PKXGyeqdZXfM9g983mzHNaUkKyHMWv8hVVzA6TqGl"
"2050","Sri Wulan Dari","2026-03-08T16:03:00.000Z","Bknya setiap anak dianjurkan imunisasi campak. Biar ga kena masa bayi/tua suatu saat nti. Maf klo ga salah. Klo salah tolong luruskan","","0","0","0","-1","https://web.facebook.com/ainunnuraeni311/posts/pfbid02Y1WS8mU2kKtfyvKHJo7TTEi4PKXGyeqdZXfM9g983mzHNaUkKyHMWv8hVVzA6TqGl"
"2051","Yati Sipahutar","2026-03-08T15:10:00.000Z","Anakku yg pertama lengkap imunisasinya kenapa selalu sakit2an keluar cacarla keluar kerumut sering demamla.tp anakku yg kedua gak ikut imunisasi gak pernah kena campak sehat2 saja","","0","0","0","-1","https://web.facebook.com/ainunnuraeni311/posts/pfbid02Y1WS8mU2kKtfyvKHJo7TTEi4PKXGyeqdZXfM9g983mzHNaUkKyHMWv8hVVzA6TqGl"
"2052","M Huzeni","2026-03-08T13:31:00.000Z","Obatnya air kelapa yang masih muda","","0","0","0","-1","https://web.facebook.com/ainunnuraeni311/posts/pfbid02Y1WS8mU2kKtfyvKHJo7TTEi4PKXGyeqdZXfM9g983mzHNaUkKyHMWv8hVVzA6TqGl"
"2053","Ikayuniar","2026-03-08T04:27:00.000Z","klo nda campak gak ad berita penyakit nanti obat nya nda laku vaksin covid sgala macam harus disuntik","","0","0","0","-1","https://web.facebook.com/ainunnuraeni311/posts/pfbid02Y1WS8mU2kKtfyvKHJo7TTEi4PKXGyeqdZXfM9g983mzHNaUkKyHMWv8hVVzA6TqGl"
"2054","Yayat Nur Febrianthy Ar'Ar","2026-03-08T12:32:00.000Z","Campak itu gak bisa kena angin, atau kena air, kalo ada bayi kena penyakit ini, usahakan jangan kena angin maupun air, karna kalo kena ke 2 nya nanti bintik merahnya masuk ke dalam, klo udah masuk kedalam fatl akibatnya","","0","0","0","-1","https://web.facebook.com/ainunnuraeni311/posts/pfbid02Y1WS8mU2kKtfyvKHJo7TTEi4PKXGyeqdZXfM9g983mzHNaUkKyHMWv8hVVzA6TqGl"
"2055","Safina R","2026-03-08T14:00:00.000Z","Anak sy 8bln dulu pas ngeh campak lgsg tak minumin air kelapa hijau (obat) 2 harian aja muncul full dibadannya hari ke 3 nya udh sembuh tinggal bekas² aja mulai pudar","","0","0","0","-1","https://web.facebook.com/ainunnuraeni311/posts/pfbid02Y1WS8mU2kKtfyvKHJo7TTEi4PKXGyeqdZXfM9g983mzHNaUkKyHMWv8hVVzA6TqGl"
"2056","Mamah FawwaZ","2026-03-08T17:41:00.000Z","Kadang berita kek gini menakutkan bukannya ksih wajangan yg baik malah bikin menakutkan","","0","0","0","-1","https://web.facebook.com/ainunnuraeni311/posts/pfbid02Y1WS8mU2kKtfyvKHJo7TTEi4PKXGyeqdZXfM9g983mzHNaUkKyHMWv8hVVzA6TqGl"
"2057","Puput Arie Agustin","2026-03-07T14:33:00.000Z","argaaku jugaa loh kemarin demam terus bintik2 merah badanya.. allhamdulillah skrng udh enggak aku gatau itu kenapa campak apa bukan.. tpi dibarengin demam","","0","0","0","-1","https://web.facebook.com/ainunnuraeni311/posts/pfbid02Y1WS8mU2kKtfyvKHJo7TTEi4PKXGyeqdZXfM9g983mzHNaUkKyHMWv8hVVzA6TqGl"
"2058","Sity Nurhayati","2026-03-08T01:11:00.000Z","Obat campak yg manjur di anak q dulu minum air kelapa ijo yg muda nya terus balur pke  pare yg udh di parut di campur sma bawang merah and minyak telon Alhamdulillah anak q pake itu cuma se kali kena campak pas umur 8 bulan sekarang udh 4 thn","","0","0","0","-1","https://web.facebook.com/ainunnuraeni311/posts/pfbid02Y1WS8mU2kKtfyvKHJo7TTEi4PKXGyeqdZXfM9g983mzHNaUkKyHMWv8hVVzA6TqGl"
"2059","Hardiyanti Juliani","2026-03-08T20:54:00.000Z","ya Allah  semoga anak² kita semua di lindungi ya mbk","","0","0","0","-1","https://web.facebook.com/ainunnuraeni311/posts/pfbid02Y1WS8mU2kKtfyvKHJo7TTEi4PKXGyeqdZXfM9g983mzHNaUkKyHMWv8hVVzA6TqGl"
"2060","Sri Wulan Dari","2026-03-08T02:03:00.000Z","Bknya setiap anak dianjurkan imunisasi campak. Biar ga kena masa bayi/tua suatu saat nti. Maf klo ga salah. Klo salah tolong luruskan","","0","0","0","-1","https://web.facebook.com/ainunnuraeni311/posts/pfbid02Y1WS8mU2kKtfyvKHJo7TTEi4PKXGyeqdZXfM9g983mzHNaUkKyHMWv8hVVzA6TqGl"
"2061","Yati Sipahutar","2026-03-08T01:10:00.000Z","Anakku yg pertama lengkap imunisasinya kenapa selalu sakit2an keluar cacarla keluar kerumut sering demamla.tp anakku yg kedua gak ikut imunisasi gak pernah kena campak sehat2 saja","","0","0","0","-1","https://web.facebook.com/ainunnuraeni311/posts/pfbid02Y1WS8mU2kKtfyvKHJo7TTEi4PKXGyeqdZXfM9g983mzHNaUkKyHMWv8hVVzA6TqGl"
"2062","Engkus Koswara","2026-07-10T04:28:00.000Z","Anak saya tgl 12 juni baru suntik campak...alhamdulillah gk demam...anteng2 aja bun gk seperti habis di suntik dpt","","0","0","0","-1","https://web.facebook.com/groups/1019457676237045/posts/1619741556208651/"
"2063","Anis","2026-07-09T04:39:00.000Z","Campak gak demam waktu anakku","","0","0","0","-1","https://web.facebook.com/groups/1019457676237045/posts/1619741556208651/"
"2064","Fuqi Chaya RhezQi","2026-07-09T02:15:00.000Z","Aku dengar campak 9 bulan itu di lengan ngga bikin demam","","0","0","0","-1","https://web.facebook.com/groups/1019457676237045/posts/1619741556208651/"
"2065","Friska Hutapea","2026-07-09T01:39:00.000Z","Aku aman bun kmrn campak sama IPv 2","","0","0","0","-1","https://web.facebook.com/groups/1019457676237045/posts/1619741556208651/"
"2066","Yuni Anggraeni","2026-07-09T00:48:00.000Z","Anak ku aman , kecuali DPT bikin trauma emaknya","","0","0","0","-1","https://web.facebook.com/groups/1019457676237045/posts/1619741556208651/"
"2067","Peserta anonim","2026-07-08T06:39:00.000Z","Semua Vaksinasi berpotensi menimbulkan KIPI trmasuk demam Asih","","0","0","0","-1","https://web.facebook.com/groups/1019457676237045/posts/1619741556208651/"
"2068","Ecakk","2026-07-08T01:43:00.000Z","Mau nanya imunisasi campak itu pas usia 9 bulan atau kurang, anakku bulan 9 tanghal 23 usia 9 bulan, tapi imunisasi nya setiap tanggal 11 itu gimana ya bun apa aku hafus bulan 10 nya di tanggal 11?","","0","0","0","-1","https://web.facebook.com/groups/1019457676237045/posts/1619741556208651/"
"2069","unknown","2026-07-07T12:41:00.000Z","Pengalaman saya bun,,, anak saya full imunisasi tdk ada kejang. Dan kalau demam itu wajar bun,, yg buat kejang itu, anak demam tdk diberi obat jd demam tinggi yg buat kejang bukan imunisasi nya yg buat kejang. Semua ank daya tahan tubuh nya berbeda jd kita tdk bisa banding2kan.","","0","0","0","-1","https://web.facebook.com/groups/1019457676237045/posts/1619741556208651/"
"2070","unknown","2026-07-07T10:39:00.000Z","Ibu-ibu ada nggak yang anaknya sudah vaksin JE?","","0","0","0","-1","https://web.facebook.com/groups/1019457676237045/posts/1619741556208651/"
"2071","unknown","2026-07-07T10:01:00.000Z","Tdk ada efek samping bun .aman","","0","0","0","-1","https://web.facebook.com/groups/1019457676237045/posts/1619741556208651/"
"2072","Engkus Koswara","2026-07-09T14:28:00.000Z","Anak saya tgl 12 juni baru suntik campak...alhamdulillah gk demam...anteng2 aja bun gk seperti habis di suntik dpt","","0","0","0","-1","https://web.facebook.com/groups/1019457676237045/posts/1619741556208651/"
"2073","Anis","2026-07-08T14:39:00.000Z","Campak gak demam waktu anakku","","0","0","0","-1","https://web.facebook.com/groups/1019457676237045/posts/1619741556208651/"
"2074","Fuqi Chaya RhezQi","2026-07-08T12:15:00.000Z","Aku dengar campak 9 bulan itu di lengan ngga bikin demam","","0","0","0","-1","https://web.facebook.com/groups/1019457676237045/posts/1619741556208651/"
"2075","Friska Hutapea","2026-07-08T11:39:00.000Z","Aku aman bun kmrn campak sama IPv 2","","0","0","0","-1","https://web.facebook.com/groups/1019457676237045/posts/1619741556208651/"
"2076","Yuni Anggraeni","2026-07-08T10:48:00.000Z","Anak ku aman , kecuali DPT bikin trauma emaknya","","0","0","0","-1","https://web.facebook.com/groups/1019457676237045/posts/1619741556208651/"
"2077","Jumriani","2026-03-10T05:24:00.000Z","Kaya penyakit anu ji ini magawe, pergi na kasih masuk infus atau obat obatan jadi begini","","0","0","0","-1","https://web.facebook.com/qiara.naira.asma/posts/pfbid0EcdJgymHjtY4AgLgvESnvuPbT3bCv8aqx812mLVjRrC63eqVeTeFuqa7nKRUKbkEl"
"2078","Yuliana Uli","2026-03-10T06:31:00.000Z","Selamat sore kk","","0","0","0","-1","https://web.facebook.com/qiara.naira.asma/posts/pfbid0EcdJgymHjtY4AgLgvESnvuPbT3bCv8aqx812mLVjRrC63eqVeTeFuqa7nKRUKbkEl"
"2079","Dedy Setiawan","2026-03-10T05:56:00.000Z","Semoga cepat sembuh","","0","0","0","-1","https://web.facebook.com/qiara.naira.asma/posts/pfbid0EcdJgymHjtY4AgLgvESnvuPbT3bCv8aqx812mLVjRrC63eqVeTeFuqa7nKRUKbkEl"
"2080","Jumriani","2026-03-09T15:24:00.000Z","Kaya penyakit anu ji ini magawe, pergi na kasih masuk infus atau obat obatan jadi begini","","0","0","0","-1","https://web.facebook.com/qiara.naira.asma/posts/pfbid0EcdJgymHjtY4AgLgvESnvuPbT3bCv8aqx812mLVjRrC63eqVeTeFuqa7nKRUKbkEl"
"2081","Yuliana Uli","2026-03-09T16:31:00.000Z","Selamat sore kk","","0","0","0","-1","https://web.facebook.com/qiara.naira.asma/posts/pfbid0EcdJgymHjtY4AgLgvESnvuPbT3bCv8aqx812mLVjRrC63eqVeTeFuqa7nKRUKbkEl"
"2082","Dedy Setiawan","2026-03-09T15:56:00.000Z","Semoga cepat sembuh","","0","0","0","-1","https://web.facebook.com/qiara.naira.asma/posts/pfbid0EcdJgymHjtY4AgLgvESnvuPbT3bCv8aqx812mLVjRrC63eqVeTeFuqa7nKRUKbkEl"
"2083","Baga Rius","2026-05-20T13:28:00.000Z","galak gau muk KFC cak a","","0","0","0","-1","https://web.facebook.com/begi.t.putri/posts/pfbid02KBExKawwum6vCeZzCvu7yyT4WSCSc5pwoxmRTCtf9dcEXBS4Dbc1jFtzQS7cmSNxl"
"2084","Putri Yani","2026-05-20T07:04:00.000Z","Cpettt sembuh besttt","","0","0","0","-1","https://web.facebook.com/begi.t.putri/posts/pfbid02KBExKawwum6vCeZzCvu7yyT4WSCSc5pwoxmRTCtf9dcEXBS4Dbc1jFtzQS7cmSNxl"
"2085","Miftha AL","2026-05-20T15:35:00.000Z","knpa itu dex","","0","0","0","-1","https://web.facebook.com/begi.t.putri/posts/pfbid02KBExKawwum6vCeZzCvu7yyT4WSCSc5pwoxmRTCtf9dcEXBS4Dbc1jFtzQS7cmSNxl"
"2086","Zuryah Sijora","2026-05-20T05:10:00.000Z","Masih ne","","0","0","0","-1","https://web.facebook.com/begi.t.putri/posts/pfbid02KBExKawwum6vCeZzCvu7yyT4WSCSc5pwoxmRTCtf9dcEXBS4Dbc1jFtzQS7cmSNxl"
"2087","Baga Rius","2026-05-19T23:28:00.000Z","galak gau muk KFC cak a","","0","0","0","-1","https://web.facebook.com/begi.t.putri/posts/pfbid02KBExKawwum6vCeZzCvu7yyT4WSCSc5pwoxmRTCtf9dcEXBS4Dbc1jFtzQS7cmSNxl"
"2088","Putri Yani","2026-05-19T17:04:00.000Z","Cpettt sembuh besttt","","0","0","0","-1","https://web.facebook.com/begi.t.putri/posts/pfbid02KBExKawwum6vCeZzCvu7yyT4WSCSc5pwoxmRTCtf9dcEXBS4Dbc1jFtzQS7cmSNxl"
"2089","Miftha AL","2026-05-20T01:35:00.000Z","knpa itu dex","","0","0","0","-1","https://web.facebook.com/begi.t.putri/posts/pfbid02KBExKawwum6vCeZzCvu7yyT4WSCSc5pwoxmRTCtf9dcEXBS4Dbc1jFtzQS7cmSNxl"
"2090","Zuryah Sijora","2026-05-19T15:10:00.000Z","Masih ne","","0","0","0","-1","https://web.facebook.com/begi.t.putri/posts/pfbid02KBExKawwum6vCeZzCvu7yyT4WSCSc5pwoxmRTCtf9dcEXBS4Dbc1jFtzQS7cmSNxl"
"2091","Erliza","2026-03-18T06:57:00.000Z","Menurut Boyd Haley, pengurus program kimia Universitas Kentucky dan pakar logam beracun ”Thimerosal mampu meresap diprotein otak, ia sangat beracun bagi syaraf dan enzim” Haley pun terlibat dalam penelitian pada bulan Agustus tahun 2003, mendapati banyaknya kandungan raksa pada penderita autisme, yang dapat dianalisa melalui kadar raksa pada rambut mereka yang berarti etil raksa dari thimerosal telah meresap kedalam otak dan organ tubuh lainnya sangat bepotensi menyebabkan kerusakan sistem syaraf dan mengganggu fungsi ginjal.","","0","0","0","-1","https://web.facebook.com/alodokter/posts/pfbid0ZjSGsRwydz81yxrGDgCDae4rh9A7yLnhjX2Rkom5wu8Cie2E7Tg1DDTKhhAAad7Cl"
"2092","Tiin Ekee","2026-03-13T21:09:00.000Z","Org tua dulu LBH cerdas, ga panik. Justru campak baik Krn tubuh sdg detoks limbah kimia , akumulasi racun yg hrs keluar lewat kulit MK terjadi ruam n panas. Skrg di takut2i biar vaksinnya laku.dokter apa ga bljr ilmu ini ya..wkwk","","0","0","0","-1","https://web.facebook.com/alodokter/posts/pfbid0ZjSGsRwydz81yxrGDgCDae4rh9A7yLnhjX2Rkom5wu8Cie2E7Tg1DDTKhhAAad7Cl"
"2093","Basri","2026-03-15T05:13:00.000Z","Efek samping vaksinasi/imunisasi ini","","0","0","0","-1","https://web.facebook.com/alodokter/posts/pfbid0ZjSGsRwydz81yxrGDgCDae4rh9A7yLnhjX2Rkom5wu8Cie2E7Tg1DDTKhhAAad7Cl"
"2094","Elly Allshopempat","2026-03-15T06:31:00.000Z","Campak dr dlu udh da dan biasa j gk usahnlebay beritanya","","0","0","0","-1","https://web.facebook.com/alodokter/posts/pfbid0ZjSGsRwydz81yxrGDgCDae4rh9A7yLnhjX2Rkom5wu8Cie2E7Tg1DDTKhhAAad7Cl"
"2095","Anah","2026-03-19T05:16:00.000Z","Tttngga sy udh dewasa meninggal kena cacar.","","0","0","0","-1","https://web.facebook.com/alodokter/posts/pfbid0ZjSGsRwydz81yxrGDgCDae4rh9A7yLnhjX2Rkom5wu8Cie2E7Tg1DDTKhhAAad7Cl"
"2096","Husna Alera","2026-03-18T13:09:00.000Z","Halo juga","","0","0","0","-1","https://web.facebook.com/alodokter/posts/pfbid0ZjSGsRwydz81yxrGDgCDae4rh9A7yLnhjX2Rkom5wu8Cie2E7Tg1DDTKhhAAad7Cl"
"2097","Vivi Acela","2026-03-17T12:16:00.000Z","Nald yang","","0","0","0","-1","https://web.facebook.com/alodokter/posts/pfbid0ZjSGsRwydz81yxrGDgCDae4rh9A7yLnhjX2Rkom5wu8Cie2E7Tg1DDTKhhAAad7Cl"
"2098","Irna Dewy","2026-03-17T11:26:00.000Z","Laa ktanya waktu bayii disuntik campak. Biar kebal penyakit nyatanya ko ada penyakit campak","","0","0","0","-1","https://web.facebook.com/alodokter/posts/pfbid0ZjSGsRwydz81yxrGDgCDae4rh9A7yLnhjX2Rkom5wu8Cie2E7Tg1DDTKhhAAad7Cl"
"2099","Chiko Setya Budi","2026-03-17T08:59:00.000Z","Anak saya cacar 3 hri udh sembuh, langsung saya minumin air kelapa ijo, dan saya kasih obat herbal kunyit, asam Jawa, jahe, bawang putih, dan cengkeh , lalu disiram air panas , tiap hari di minumin racikan herbal Alhamdulillah cepet sembuhnya","","0","0","0","-1","https://web.facebook.com/alodokter/posts/pfbid0ZjSGsRwydz81yxrGDgCDae4rh9A7yLnhjX2Rkom5wu8Cie2E7Tg1DDTKhhAAad7Cl"
"2100","Lok Jakbar Kedoya","2026-03-16T16:19:00.000Z","Anak saya udah kena. Minum air kelapa ijo. Sama kuning telor kampung. Alhamdulillah gak nyampe seminggu sembuh.","","0","0","0","-1","https://web.facebook.com/alodokter/posts/pfbid0ZjSGsRwydz81yxrGDgCDae4rh9A7yLnhjX2Rkom5wu8Cie2E7Tg1DDTKhhAAad7Cl"
"2101","Erliza","2026-03-17T16:57:00.000Z","Menurut Boyd Haley, pengurus program kimia Universitas Kentucky dan pakar logam beracun ”Thimerosal mampu meresap diprotein otak, ia sangat beracun bagi syaraf dan enzim” Haley pun terlibat dalam penelitian pada bulan Agustus tahun 2003, mendapati banyaknya kandungan raksa pada penderita autisme, yang dapat dianalisa melalui kadar raksa pada rambut mereka yang berarti etil raksa dari thimerosal telah meresap kedalam otak dan organ tubuh lainnya sangat bepotensi menyebabkan kerusakan sistem syaraf dan mengganggu fungsi ginjal.","","0","0","0","-1","https://web.facebook.com/alodokter/posts/pfbid0ZjSGsRwydz81yxrGDgCDae4rh9A7yLnhjX2Rkom5wu8Cie2E7Tg1DDTKhhAAad7Cl"
"2102","Tiin Ekee","2026-03-13T07:09:00.000Z","Org tua dulu LBH cerdas, ga panik. Justru campak baik Krn tubuh sdg detoks limbah kimia , akumulasi racun yg hrs keluar lewat kulit MK terjadi ruam n panas. Skrg di takut2i biar vaksinnya laku.dokter apa ga bljr ilmu ini ya..wkwk","","0","0","0","-1","https://web.facebook.com/alodokter/posts/pfbid0ZjSGsRwydz81yxrGDgCDae4rh9A7yLnhjX2Rkom5wu8Cie2E7Tg1DDTKhhAAad7Cl"
"2103","Basri","2026-03-14T15:13:00.000Z","Efek samping vaksinasi/imunisasi ini","","0","0","0","-1","https://web.facebook.com/alodokter/posts/pfbid0ZjSGsRwydz81yxrGDgCDae4rh9A7yLnhjX2Rkom5wu8Cie2E7Tg1DDTKhhAAad7Cl"
"2104","Elly Allshopempat","2026-03-14T16:31:00.000Z","Campak dr dlu udh da dan biasa j gk usahnlebay beritanya","","0","0","0","-1","https://web.facebook.com/alodokter/posts/pfbid0ZjSGsRwydz81yxrGDgCDae4rh9A7yLnhjX2Rkom5wu8Cie2E7Tg1DDTKhhAAad7Cl"
"2105","Anah","2026-03-18T15:16:00.000Z","Tttngga sy udh dewasa meninggal kena cacar.","","0","0","0","-1","https://web.facebook.com/alodokter/posts/pfbid0ZjSGsRwydz81yxrGDgCDae4rh9A7yLnhjX2Rkom5wu8Cie2E7Tg1DDTKhhAAad7Cl"
"2106","Nurshalsabilla","2026-03-04T19:47:00.000Z","Hallo guys, jangan lupa follow aku yaa https://www.facebook.com/bil.la.108/subscribe/ https://www.facebook.com/bil.la.108/subscribenow?surface=pinned_comments","","0","0","0","-1","https://web.facebook.com/bil.la.108/posts/pfbid0jTchseYoS7gVPjhhHGPj9perZx2Hn4kDpMVJUN6pbSYD5kxTc27qToWW9NSWnEVYl"
"2107","Zulfah","2026-03-05T15:21:00.000Z","Stay safe dan sehat selalu utk semunya","","0","0","0","-1","https://web.facebook.com/bil.la.108/posts/pfbid0jTchseYoS7gVPjhhHGPj9perZx2Hn4kDpMVJUN6pbSYD5kxTc27qToWW9NSWnEVYl"
"2108","Tiaraa","2026-03-04T23:46:00.000Z","Vitamin apa ya untuk sistem imun usia 6 bulan","","0","0","0","-1","https://web.facebook.com/bil.la.108/posts/pfbid0jTchseYoS7gVPjhhHGPj9perZx2Hn4kDpMVJUN6pbSYD5kxTc27qToWW9NSWnEVYl"
"2109","Nurshalsabilla","2026-03-04T04:47:00.000Z","Hallo guys, jangan lupa follow aku yaa https://www.facebook.com/bil.la.108/subscribe/ https://www.facebook.com/bil.la.108/subscribenow?surface=pinned_comments","","0","0","0","-1","https://web.facebook.com/bil.la.108/posts/pfbid0jTchseYoS7gVPjhhHGPj9perZx2Hn4kDpMVJUN6pbSYD5kxTc27qToWW9NSWnEVYl"
"2110","Zulfah","2026-03-05T00:21:00.000Z","Stay safe dan sehat selalu utk semunya","","0","0","0","-1","https://web.facebook.com/bil.la.108/posts/pfbid0jTchseYoS7gVPjhhHGPj9perZx2Hn4kDpMVJUN6pbSYD5kxTc27qToWW9NSWnEVYl"
"2111","Tiaraa","2026-03-04T08:46:00.000Z","Vitamin apa ya untuk sistem imun usia 6 bulan","","0","0","0","-1","https://web.facebook.com/bil.la.108/posts/pfbid0jTchseYoS7gVPjhhHGPj9perZx2Hn4kDpMVJUN6pbSYD5kxTc27qToWW9NSWnEVYl"
"2112","Solekhatus Siam","2026-03-11T15:14:00.000Z","Kalau ditempatku namanya giduan Bun kalau ngk salah ,bisa dibilang alergi entah alergi angin alergi dingin kalau kaya gitu jangan kena air/mandi kasih bedak gatal / minyak angin","","0","0","0","-1","https://web.facebook.com/mila.c.ctia.12/posts/pfbid0AeC9Y7dj3G9b5wSPKfrHz2HVwPj2Vyp1ZYxnTUwPqqwuhpJxbGnRJh4EYjvNfiEsl"
"2113","Mifta Isqueen","2026-03-11T21:43:00.000Z","Imunisasi campak tidak menjamin anak tidak terkena campak","","0","0","0","-1","https://web.facebook.com/mila.c.ctia.12/posts/pfbid0AeC9Y7dj3G9b5wSPKfrHz2HVwPj2Vyp1ZYxnTUwPqqwuhpJxbGnRJh4EYjvNfiEsl"
"2114","Jidan Zidan Zidan","2026-03-12T00:50:00.000Z","Kasih mandi kn air kelapa","","0","0","0","-1","https://web.facebook.com/mila.c.ctia.12/posts/pfbid0AeC9Y7dj3G9b5wSPKfrHz2HVwPj2Vyp1ZYxnTUwPqqwuhpJxbGnRJh4EYjvNfiEsl"
"2115","Khania Olshoop","2026-03-12T02:39:00.000Z","Anak ku juga sekarang lg sakit campak bun","","0","0","0","-1","https://web.facebook.com/mila.c.ctia.12/posts/pfbid0AeC9Y7dj3G9b5wSPKfrHz2HVwPj2Vyp1ZYxnTUwPqqwuhpJxbGnRJh4EYjvNfiEsl"
"2116","Riana Ibuknya Dilan","2026-03-12T03:26:00.000Z","Yaallah dek semoga cpt sembuh","","0","0","0","-1","https://web.facebook.com/mila.c.ctia.12/posts/pfbid0AeC9Y7dj3G9b5wSPKfrHz2HVwPj2Vyp1ZYxnTUwPqqwuhpJxbGnRJh4EYjvNfiEsl"
"2117","Thary Nadiia","2026-03-12T03:42:00.000Z","Brrti raja kmren campak MBK apa aligato gozaima , musim ini Eka Dhea Paradilla  Dewi Wulandari","","0","0","0","-1","https://web.facebook.com/mila.c.ctia.12/posts/pfbid0AeC9Y7dj3G9b5wSPKfrHz2HVwPj2Vyp1ZYxnTUwPqqwuhpJxbGnRJh4EYjvNfiEsl"
"2118","Linda Aprilia Linda","2026-03-12T04:00:00.000Z","Ijin bicara .ank sya pernh kenak kyk gtu klu kmi itu bilng ny gabahan .rasa ny gatal panas..sagt2 buat ank rewel ..mnta obat dri bidan alhmdulillah sembuh..TPI GK tau Sam atau TDK TDK tau","","0","0","0","-1","https://web.facebook.com/mila.c.ctia.12/posts/pfbid0AeC9Y7dj3G9b5wSPKfrHz2HVwPj2Vyp1ZYxnTUwPqqwuhpJxbGnRJh4EYjvNfiEsl"
"2119","Moms Idzan","2026-03-12T04:28:00.000Z","Minum air kelapa orens di campur kasumba Bugis insyaallah lgsg sembuh","","0","0","0","-1","https://web.facebook.com/mila.c.ctia.12/posts/pfbid0AeC9Y7dj3G9b5wSPKfrHz2HVwPj2Vyp1ZYxnTUwPqqwuhpJxbGnRJh4EYjvNfiEsl"
"2120","Tee Gemouy","2026-03-12T05:34:00.000Z","Bagaimana dengan bayi umur 1 bulan?","","0","0","0","-1","https://web.facebook.com/mila.c.ctia.12/posts/pfbid0AeC9Y7dj3G9b5wSPKfrHz2HVwPj2Vyp1ZYxnTUwPqqwuhpJxbGnRJh4EYjvNfiEsl"
"2121","Husna Nasution","2026-03-12T10:44:00.000Z","Mandikan sama bubuk PK  kak hilang itu","","0","0","0","-1","https://web.facebook.com/mila.c.ctia.12/posts/pfbid0AeC9Y7dj3G9b5wSPKfrHz2HVwPj2Vyp1ZYxnTUwPqqwuhpJxbGnRJh4EYjvNfiEsl"
"2122","Solekhatus Siam","2026-03-11T01:14:00.000Z","Kalau ditempatku namanya giduan Bun kalau ngk salah ,bisa dibilang alergi entah alergi angin alergi dingin kalau kaya gitu jangan kena air/mandi kasih bedak gatal / minyak angin","","0","0","0","-1","https://web.facebook.com/mila.c.ctia.12/posts/pfbid0AeC9Y7dj3G9b5wSPKfrHz2HVwPj2Vyp1ZYxnTUwPqqwuhpJxbGnRJh4EYjvNfiEsl"
"2123","Mifta Isqueen","2026-03-11T07:43:00.000Z","Imunisasi campak tidak menjamin anak tidak terkena campak","","0","0","0","-1","https://web.facebook.com/mila.c.ctia.12/posts/pfbid0AeC9Y7dj3G9b5wSPKfrHz2HVwPj2Vyp1ZYxnTUwPqqwuhpJxbGnRJh4EYjvNfiEsl"
"2124","Jidan Zidan Zidan","2026-03-11T10:50:00.000Z","Kasih mandi kn air kelapa","","0","0","0","-1","https://web.facebook.com/mila.c.ctia.12/posts/pfbid0AeC9Y7dj3G9b5wSPKfrHz2HVwPj2Vyp1ZYxnTUwPqqwuhpJxbGnRJh4EYjvNfiEsl"
"2125","Khania Olshoop","2026-03-11T12:39:00.000Z","Anak ku juga sekarang lg sakit campak bun","","0","0","0","-1","https://web.facebook.com/mila.c.ctia.12/posts/pfbid0AeC9Y7dj3G9b5wSPKfrHz2HVwPj2Vyp1ZYxnTUwPqqwuhpJxbGnRJh4EYjvNfiEsl"
"2126","Riana Ibuknya Dilan","2026-03-11T13:26:00.000Z","Yaallah dek semoga cpt sembuh","","0","0","0","-1","https://web.facebook.com/mila.c.ctia.12/posts/pfbid0AeC9Y7dj3G9b5wSPKfrHz2HVwPj2Vyp1ZYxnTUwPqqwuhpJxbGnRJh4EYjvNfiEsl"
"2127","Yulianti Laude","2026-03-30T09:30:00.000Z","edukasi kesehatan, jalan dan makan untuk hilangkan stress, perbekalan anak sekolah, olahraga teratur.. https://www.facebook.com/yulianti.laude/subscribenow?surface=pinned_comments","","0","0","0","-1","https://web.facebook.com/yulianti.laude/posts/pfbid06kM3tzqoAye6L4dgqjwmtFXRnbnpjAuks4srHYHKYQRDDpE7bvEn3YWAbCutBKWtl"
"2128","Athalia Yosina Yomaki","2026-03-30T21:18:00.000Z","Benar, terima kasih atas informasinya","","0","0","0","-1","https://web.facebook.com/yulianti.laude/posts/pfbid06kM3tzqoAye6L4dgqjwmtFXRnbnpjAuks4srHYHKYQRDDpE7bvEn3YWAbCutBKWtl"
"2129","Jackson Marzuki","2026-03-31T10:17:00.000Z","Trima kasih infonya ibu dokter","","0","0","0","-1","https://web.facebook.com/yulianti.laude/posts/pfbid06kM3tzqoAye6L4dgqjwmtFXRnbnpjAuks4srHYHKYQRDDpE7bvEn3YWAbCutBKWtl"
"2130","Caress Septia","2026-03-30T10:09:00.000Z","Ijin share ya bu..","","0","0","0","-1","https://web.facebook.com/yulianti.laude/posts/pfbid06kM3tzqoAye6L4dgqjwmtFXRnbnpjAuks4srHYHKYQRDDpE7bvEn3YWAbCutBKWtl"
"2131","Indry Mond","2026-03-30T12:53:00.000Z","Oh campak yg seperti ini to","","0","0","0","-1","https://web.facebook.com/yulianti.laude/posts/pfbid06kM3tzqoAye6L4dgqjwmtFXRnbnpjAuks4srHYHKYQRDDpE7bvEn3YWAbCutBKWtl"
"2132","Jannah Kirana","2026-03-30T09:37:00.000Z","Sekarang lg musim campak","","0","0","0","-1","https://web.facebook.com/yulianti.laude/posts/pfbid06kM3tzqoAye6L4dgqjwmtFXRnbnpjAuks4srHYHKYQRDDpE7bvEn3YWAbCutBKWtl"
"2133","Jenny Sengkey","2026-03-30T10:09:00.000Z","Terima kasih edukasinya dokter","","0","0","0","-1","https://web.facebook.com/yulianti.laude/posts/pfbid06kM3tzqoAye6L4dgqjwmtFXRnbnpjAuks4srHYHKYQRDDpE7bvEn3YWAbCutBKWtl"
"2134","Robert Samuel","2026-04-01T02:35:00.000Z","edukasi kesehatan, jalan dan makan untuk hilangkan stress, perbekalan anak sekolah, olahraga teratur.. https://www.facebook.com/yulianti.laude/subscribenow?surface=pinned_comments","","0","0","0","-1","https://web.facebook.com/yulianti.laude/posts/pfbid06kM3tzqoAye6L4dgqjwmtFXRnbnpjAuks4srHYHKYQRDDpE7bvEn3YWAbCutBKWtl"
"2135","Yulianti Laude","2026-03-29T19:30:00.000Z","edukasi kesehatan, jalan dan makan untuk hilangkan stress, perbekalan anak sekolah, olahraga teratur.. https://www.facebook.com/yulianti.laude/subscribenow?surface=pinned_comments","","0","0","0","-1","https://web.facebook.com/yulianti.laude/posts/pfbid06kM3tzqoAye6L4dgqjwmtFXRnbnpjAuks4srHYHKYQRDDpE7bvEn3YWAbCutBKWtl"
"2136","Athalia Yosina Yomaki","2026-03-30T07:18:00.000Z","Benar, terima kasih atas informasinya","","0","0","0","-1","https://web.facebook.com/yulianti.laude/posts/pfbid06kM3tzqoAye6L4dgqjwmtFXRnbnpjAuks4srHYHKYQRDDpE7bvEn3YWAbCutBKWtl"
"2137","Jackson Marzuki","2026-03-30T20:17:00.000Z","Trima kasih infonya ibu dokter","","0","0","0","-1","https://web.facebook.com/yulianti.laude/posts/pfbid06kM3tzqoAye6L4dgqjwmtFXRnbnpjAuks4srHYHKYQRDDpE7bvEn3YWAbCutBKWtl"
"2138","Caress Septia","2026-03-29T20:09:00.000Z","Ijin share ya bu..","","0","0","0","-1","https://web.facebook.com/yulianti.laude/posts/pfbid06kM3tzqoAye6L4dgqjwmtFXRnbnpjAuks4srHYHKYQRDDpE7bvEn3YWAbCutBKWtl"
"2139","Indry Mond","2026-03-29T22:53:00.000Z","Oh campak yg seperti ini to","","0","0","0","-1","https://web.facebook.com/yulianti.laude/posts/pfbid06kM3tzqoAye6L4dgqjwmtFXRnbnpjAuks4srHYHKYQRDDpE7bvEn3YWAbCutBKWtl"
"2140","Jannah Kirana","2026-03-29T19:37:00.000Z","Sekarang lg musim campak","","0","0","0","-1","https://web.facebook.com/yulianti.laude/posts/pfbid06kM3tzqoAye6L4dgqjwmtFXRnbnpjAuks4srHYHKYQRDDpE7bvEn3YWAbCutBKWtl"
"2141","Jenny Sengkey","2026-03-29T20:09:00.000Z","Terima kasih edukasinya dokter","","0","0","0","-1","https://web.facebook.com/yulianti.laude/posts/pfbid06kM3tzqoAye6L4dgqjwmtFXRnbnpjAuks4srHYHKYQRDDpE7bvEn3YWAbCutBKWtl"
"2142","Hani","2026-03-07T07:18:00.000Z","Biar kalian suntik campak bagaimana dn brp kali,kalau penyakit mau menghampiri badan,tidak akan bisa di hindari harus siap menerima dng ikhlas karena semua itu sdh izin Allah, bukan hanya rezeki aja yg harus siap diterima dan pengalaman sy kena penyakit ini tdk harus bawa ke dokter cukup di minum kan kasumba turate rutin insyaallah sembuh tp TDK boleh dimandi kasi kena air takut ny lari msk didlm tubuhnya bs mengakibat kan meninggal orang sekedar berbagi pengalaman ku","","0","0","0","-1","https://web.facebook.com/photo/?fbid=3312265275599935&set=a.113095552183606"
"2143","May Ahmad","2026-03-07T07:03:00.000Z","Temenku waktu kecil sudah vaksin Campak tp setelah dewasa tetep di Campak kan","","0","0","0","-1","https://web.facebook.com/photo/?fbid=3312265275599935&set=a.113095552183606"
"2144","Yeni Farida","2026-03-07T06:41:00.000Z","Yang sudah vaksin juga bisa kena Bun tapi kata dokter biasanya imun nya lebih kuat dari yang tidak di vaksin","","0","0","0","-1","https://web.facebook.com/photo/?fbid=3312265275599935&set=a.113095552183606"
"2145","Azya Eka","2026-03-07T04:58:00.000Z","Aku dulu brkali kali kena ps masih kecil,entah d imunisasi apa ngk sma ortu aku gk tau,ktnya sih d imunisasi,cuma wktu itu aku sudah gedean,jd ya cuma mnum air kelapa doang,sma gk kmn2 istirahat total.alhamdulillah sembuh smpai skrg.mngkin krna dulu gk kyk skrg ya,dri cuaca jga bsa mmprburuk keadaan,dtmbh mknan yg bragam macamnya.dulu klo aku skit cuma d olesin bawang sma air apa ya aku lupa,cuma pas d olesin k kaki,telapak tangan sma dahi itu dingin.hbis itu enakan.smpai skrg umur 30an aku sekali cuma yg drawat d rs pas lahiran anak ku dgn sesar.klo skrg emng zamannya hrus percaya anjuran dokter krna emng beda zaman,mau kyk gmn juga jaga anak dluar ttep mudah trpapar,apalagi cuaca gk sesejuk dulu.dulu jrang ada kulkas mau es itu hrus beli itupun gk bisa sering2.mknan pun beli skrg dmasak skrg .ayam pun hrus smbelih dulu bru bsa mkn krna dulu ayam potong jarang .ikan jga fresh smua .","","0","0","0","-1","https://web.facebook.com/photo/?fbid=3312265275599935&set=a.113095552183606"
"2146","Erni Cantika","2026-03-07T01:37:00.000Z","Udh vaksin tapi sama ya bun sama² parah jadi menurut saya bukan tergantung vaksin","","0","0","0","-1","https://web.facebook.com/photo/?fbid=3312265275599935&set=a.113095552183606"
"2147","Ayuu Kunyill","2026-03-07T08:36:00.000Z","Lelaki dan perempuan , yang udah semua yang lelaki qadarullah campak dan cacar agak parah susah sembuh nya waktu sakit itu  ,walaupun memang beda dengan adeknya yang perempuan yang kalo sakit gampang sekali dan cepat sembuhnya","","0","0","0","-1","https://web.facebook.com/photo/?fbid=3312265275599935&set=a.113095552183606"
"2148","Asrin Asyari","2026-02-06T02:58:00.000Z","Skrining awal dulu yg lengkap layak ga utk divaksin, kuat ga sistem imunnya utk terima vaksin, buat surat hitam diatas putih nakes dokternya mau ga bertanggungjawab bisa ada efek KIPI dan abses imunisasi penyebab pelanggaran S.O.P imunisasi/vaksinasi","","0","0","0","-1","https://web.facebook.com/iansuteja/posts/pfbid05AifixctGhbRj6whGqdm5PrjXLNLh1ErbU3yWViPR2NhKLFxA2qXqSxeTaSVhVe7l"
"2149","Shifa Shifa","2026-02-06T09:39:00.000Z","Apapun sakitnya vaksin obatnya g usah jadi dokter klo gtu.","","0","0","0","-1","https://web.facebook.com/iansuteja/posts/pfbid05AifixctGhbRj6whGqdm5PrjXLNLh1ErbU3yWViPR2NhKLFxA2qXqSxeTaSVhVe7l"
"2150","Wita Azkya","2026-02-06T02:30:00.000Z","Ada yg gak mau vaksin DPT hanya krn setelah vaksin anak jd panas dan rewel 3 hari. Pdhl para ulama Muslim juga sdh setuju klo vaksin halal dan diperbolehkan dgn tujuan kesehatan utk masyarakat luas. Klo vaksin campak menurut sy dulu ga ada efek samping kyk panas sih. Asalkan saat vaksin kondisi anak memang benar2 lagi pas sehat bgt ga ada sakit. Klo memang lg sakit ya bisa dtunda dahulu hingga sembuh lagi. Semangat terus edukasi dok. Terutama bagi orang2 yg masih awam dan kemakan omongan sana sini jd ga mau vaksin pdhl vaksin itu ga berbahaya","","0","0","0","-1","https://web.facebook.com/iansuteja/posts/pfbid05AifixctGhbRj6whGqdm5PrjXLNLh1ErbU3yWViPR2NhKLFxA2qXqSxeTaSVhVe7l"
"2151","Faikar Izzani","2026-02-07T02:44:00.000Z","Bapak 3 anak, 2 anak vaksin lengkap, 1 masih terlalu kecil untuk vaksin lengkap...dan sudah melihat sendiri efek yang divaksin dan tidak divaksin","","0","0","0","-1","https://web.facebook.com/iansuteja/posts/pfbid05AifixctGhbRj6whGqdm5PrjXLNLh1ErbU3yWViPR2NhKLFxA2qXqSxeTaSVhVe7l"
"2152","Arini Farthur Moe","2026-02-06T04:46:00.000Z","Mempengaruhi orang lain untuk kebaikan itu perlu, agar tidak terus menerus di bodohi antek antek elite global..","","0","0","0","-1","https://web.facebook.com/iansuteja/posts/pfbid05AifixctGhbRj6whGqdm5PrjXLNLh1ErbU3yWViPR2NhKLFxA2qXqSxeTaSVhVe7l"
"2153","Yono Indroo","2026-02-06T07:33:00.000Z","Menurut saya ini aneh","","0","0","0","-1","https://web.facebook.com/iansuteja/posts/pfbid05AifixctGhbRj6whGqdm5PrjXLNLh1ErbU3yWViPR2NhKLFxA2qXqSxeTaSVhVe7l"
"2154","Fahma Umam","2026-02-09T01:03:00.000Z","Campak bisa sembuh sendiri, campak mengurangi mortalitas akibat penyakit jantung, kardiovaskular, kanker & yang sembuh alami dari campak imunitasnya lebih kuat","","0","0","0","-1","https://web.facebook.com/iansuteja/posts/pfbid05AifixctGhbRj6whGqdm5PrjXLNLh1ErbU3yWViPR2NhKLFxA2qXqSxeTaSVhVe7l"
"2155","Humairah Az","2026-02-06T08:22:00.000Z","Apa semua dokter di Konoha gak ada yg mengetahui insert label dari setiap vaksin?? Bukankah semua terpampang jelas disitu kan dok.","","0","0","0","-1","https://web.facebook.com/iansuteja/posts/pfbid05AifixctGhbRj6whGqdm5PrjXLNLh1ErbU3yWViPR2NhKLFxA2qXqSxeTaSVhVe7l"
"2156","Andries Lumanauw","2026-02-06T06:41:00.000Z","70 provinsi?","","0","0","0","-1","https://web.facebook.com/iansuteja/posts/pfbid05AifixctGhbRj6whGqdm5PrjXLNLh1ErbU3yWViPR2NhKLFxA2qXqSxeTaSVhVe7l"
"2157","Intan Nuruddin","2026-02-06T23:36:00.000Z","Kalo yg vaksin pada kena itu semua trus ngapain vaksin.. anak q Alhamdulillah gak drama kayak anak anak org.. mata belekanlah, hidung meler terus,, sesak nafas, lumpuh, ada yg meninggal dunia.. ini semua ada dikampungku dan semua itu paa vaksin.. pret vaksin.. jiji banget liat dokter yg muja vaksin.. udah hilang kali ya hati nuranimu.. demi uang..","","0","0","0","-1","https://web.facebook.com/iansuteja/posts/pfbid05AifixctGhbRj6whGqdm5PrjXLNLh1ErbU3yWViPR2NhKLFxA2qXqSxeTaSVhVe7l"
"2158","Asrin Asyari","2026-02-05T11:58:00.000Z","Skrining awal dulu yg lengkap layak ga utk divaksin, kuat ga sistem imunnya utk terima vaksin, buat surat hitam diatas putih nakes dokternya mau ga bertanggungjawab bisa ada efek KIPI dan abses imunisasi penyebab pelanggaran S.O.P imunisasi/vaksinasi","","0","0","0","-1","https://web.facebook.com/iansuteja/posts/pfbid05AifixctGhbRj6whGqdm5PrjXLNLh1ErbU3yWViPR2NhKLFxA2qXqSxeTaSVhVe7l"
"2159","Shifa Shifa","2026-02-05T18:39:00.000Z","Apapun sakitnya vaksin obatnya g usah jadi dokter klo gtu.","","0","0","0","-1","https://web.facebook.com/iansuteja/posts/pfbid05AifixctGhbRj6whGqdm5PrjXLNLh1ErbU3yWViPR2NhKLFxA2qXqSxeTaSVhVe7l"
"2160","Wita Azkya","2026-02-05T11:30:00.000Z","Ada yg gak mau vaksin DPT hanya krn setelah vaksin anak jd panas dan rewel 3 hari. Pdhl para ulama Muslim juga sdh setuju klo vaksin halal dan diperbolehkan dgn tujuan kesehatan utk masyarakat luas. Klo vaksin campak menurut sy dulu ga ada efek samping kyk panas sih. Asalkan saat vaksin kondisi anak memang benar2 lagi pas sehat bgt ga ada sakit. Klo memang lg sakit ya bisa dtunda dahulu hingga sembuh lagi. Semangat terus edukasi dok. Terutama bagi orang2 yg masih awam dan kemakan omongan sana sini jd ga mau vaksin pdhl vaksin itu ga berbahaya","","0","0","0","-1","https://web.facebook.com/iansuteja/posts/pfbid05AifixctGhbRj6whGqdm5PrjXLNLh1ErbU3yWViPR2NhKLFxA2qXqSxeTaSVhVe7l"
"2161","Faikar Izzani","2026-02-06T11:44:00.000Z","Bapak 3 anak, 2 anak vaksin lengkap, 1 masih terlalu kecil untuk vaksin lengkap...dan sudah melihat sendiri efek yang divaksin dan tidak divaksin","","0","0","0","-1","https://web.facebook.com/iansuteja/posts/pfbid05AifixctGhbRj6whGqdm5PrjXLNLh1ErbU3yWViPR2NhKLFxA2qXqSxeTaSVhVe7l"
"2162","Arini Farthur Moe","2026-02-05T13:46:00.000Z","Mempengaruhi orang lain untuk kebaikan itu perlu, agar tidak terus menerus di bodohi antek antek elite global..","","0","0","0","-1","https://web.facebook.com/iansuteja/posts/pfbid05AifixctGhbRj6whGqdm5PrjXLNLh1ErbU3yWViPR2NhKLFxA2qXqSxeTaSVhVe7l"
"2163","Kyel BabySpa","2026-03-04T12:51:00.000Z","Semoga wabah campak di bagan batu tdk semakin meningkat","","0","0","0","-1","https://web.facebook.com/kyelbabyspa/posts/pfbid06mf4VRu6KDhwNER1kUbMs2oCdnqo3ZyAzDUj9LNC2cvuL1jo3C138qNwCkKUCCHvl"
"2164","Tetomeh Kunyikk","2026-03-05T18:58:00.000Z","Kak izin tanyak campak itu kalau bahasa kampung nya krumut ya","","0","0","0","-1","https://web.facebook.com/kyelbabyspa/posts/pfbid06mf4VRu6KDhwNER1kUbMs2oCdnqo3ZyAzDUj9LNC2cvuL1jo3C138qNwCkKUCCHvl"
"2165","Popi Ayunda Lubis","2026-03-05T02:33:00.000Z","2 minggu lalu anakku kena kekgini kk tiap telapak kaki & telapak tangan. Awalnya cuma bintik2 kecil. Dalam sehari langsung berubah besar2 kaya gitu. Dan disini banyak yg kena kekgitu kak. Alhamdulillah skrg bocilku udh sembuh kk.","","0","0","0","-1","https://web.facebook.com/kyelbabyspa/posts/pfbid06mf4VRu6KDhwNER1kUbMs2oCdnqo3ZyAzDUj9LNC2cvuL1jo3C138qNwCkKUCCHvl"
"2166","Kyel BabySpa","2026-03-03T21:51:00.000Z","Semoga wabah campak di bagan batu tdk semakin meningkat","","0","0","0","-1","https://web.facebook.com/kyelbabyspa/posts/pfbid06mf4VRu6KDhwNER1kUbMs2oCdnqo3ZyAzDUj9LNC2cvuL1jo3C138qNwCkKUCCHvl"
"2167","Tetomeh Kunyikk","2026-03-05T03:58:00.000Z","Kak izin tanyak campak itu kalau bahasa kampung nya krumut ya","","0","0","0","-1","https://web.facebook.com/kyelbabyspa/posts/pfbid06mf4VRu6KDhwNER1kUbMs2oCdnqo3ZyAzDUj9LNC2cvuL1jo3C138qNwCkKUCCHvl"
"2168","Popi Ayunda Lubis","2026-03-04T11:33:00.000Z","2 minggu lalu anakku kena kekgini kk tiap telapak kaki & telapak tangan. Awalnya cuma bintik2 kecil. Dalam sehari langsung berubah besar2 kaya gitu. Dan disini banyak yg kena kekgitu kak. Alhamdulillah skrg bocilku udh sembuh kk.","","0","0","0","-1","https://web.facebook.com/kyelbabyspa/posts/pfbid06mf4VRu6KDhwNER1kUbMs2oCdnqo3ZyAzDUj9LNC2cvuL1jo3C138qNwCkKUCCHvl"
"2169","Mom's Arta","2026-03-09T00:00:00.000Z","saling support yuk gaes https://www.facebook.com/anong.balangit/subscribenow?surface=pinned_comments","","0","0","0","-1","https://web.facebook.com/anong.balangit/posts/pfbid0HzzAyNn4wxLKhWUa1DV8cFjJCtJ3pQY1SRWwShiy6KfULsBYZBbY4bYRVeZg81mZl"
"2170","Nurliana","2026-03-09T00:48:00.000Z","Makanya kk sekarang sebelum tidur harus semprot kamar dulu dah hilang bau nya baru Tama k kamar","","0","0","0","-1","https://web.facebook.com/anong.balangit/posts/pfbid0HzzAyNn4wxLKhWUa1DV8cFjJCtJ3pQY1SRWwShiy6KfULsBYZBbY4bYRVeZg81mZl"
"2171","Yuliana Yuliana","2026-03-09T00:44:00.000Z","Halo selamat pagi bunda","","0","0","0","-1","https://web.facebook.com/anong.balangit/posts/pfbid0HzzAyNn4wxLKhWUa1DV8cFjJCtJ3pQY1SRWwShiy6KfULsBYZBbY4bYRVeZg81mZl"
"2172","Cha","2026-03-09T02:14:00.000Z","Seram lh nok ayang","","0","0","0","-1","https://web.facebook.com/anong.balangit/posts/pfbid0HzzAyNn4wxLKhWUa1DV8cFjJCtJ3pQY1SRWwShiy6KfULsBYZBbY4bYRVeZg81mZl"
"2173","Murni Murni","2026-03-09T00:05:00.000Z","Selamat pagi","","0","0","0","-1","https://web.facebook.com/anong.balangit/posts/pfbid0HzzAyNn4wxLKhWUa1DV8cFjJCtJ3pQY1SRWwShiy6KfULsBYZBbY4bYRVeZg81mZl"
"2174","Honestha Bie","2026-03-10T22:38:00.000Z","maksih bun sharing nya","","0","0","0","-1","https://web.facebook.com/anong.balangit/posts/pfbid0HzzAyNn4wxLKhWUa1DV8cFjJCtJ3pQY1SRWwShiy6KfULsBYZBbY4bYRVeZg81mZl"
"2175","Rahel Julita","2026-03-09T01:27:00.000Z","Pagi juga anong tata","","0","0","0","-1","https://web.facebook.com/anong.balangit/posts/pfbid0HzzAyNn4wxLKhWUa1DV8cFjJCtJ3pQY1SRWwShiy6KfULsBYZBbY4bYRVeZg81mZl"
"2176","Narayuda Yuda","2026-03-09T01:26:00.000Z","Anakku skrng ruam dx tpi untung sedikit","","0","0","0","-1","https://web.facebook.com/anong.balangit/posts/pfbid0HzzAyNn4wxLKhWUa1DV8cFjJCtJ3pQY1SRWwShiy6KfULsBYZBbY4bYRVeZg81mZl"
"2177","Mom's Arta","2026-03-08T10:00:00.000Z","saling support yuk gaes https://www.facebook.com/anong.balangit/subscribenow?surface=pinned_comments","","0","0","0","-1","https://web.facebook.com/anong.balangit/posts/pfbid0HzzAyNn4wxLKhWUa1DV8cFjJCtJ3pQY1SRWwShiy6KfULsBYZBbY4bYRVeZg81mZl"
"2178","Nurliana","2026-03-08T10:48:00.000Z","Makanya kk sekarang sebelum tidur harus semprot kamar dulu dah hilang bau nya baru Tama k kamar","","0","0","0","-1","https://web.facebook.com/anong.balangit/posts/pfbid0HzzAyNn4wxLKhWUa1DV8cFjJCtJ3pQY1SRWwShiy6KfULsBYZBbY4bYRVeZg81mZl"
"2179","Yuliana Yuliana","2026-03-08T10:44:00.000Z","Halo selamat pagi bunda","","0","0","0","-1","https://web.facebook.com/anong.balangit/posts/pfbid0HzzAyNn4wxLKhWUa1DV8cFjJCtJ3pQY1SRWwShiy6KfULsBYZBbY4bYRVeZg81mZl"
"2180","Cha","2026-03-08T12:14:00.000Z","Seram lh nok ayang","","0","0","0","-1","https://web.facebook.com/anong.balangit/posts/pfbid0HzzAyNn4wxLKhWUa1DV8cFjJCtJ3pQY1SRWwShiy6KfULsBYZBbY4bYRVeZg81mZl"
"2181","Murni Murni","2026-03-08T10:05:00.000Z","Selamat pagi","","0","0","0","-1","https://web.facebook.com/anong.balangit/posts/pfbid0HzzAyNn4wxLKhWUa1DV8cFjJCtJ3pQY1SRWwShiy6KfULsBYZBbY4bYRVeZg81mZl"
"2182","Honestha Bie","2026-03-10T08:38:00.000Z","maksih bun sharing nya","","0","0","0","-1","https://web.facebook.com/anong.balangit/posts/pfbid0HzzAyNn4wxLKhWUa1DV8cFjJCtJ3pQY1SRWwShiy6KfULsBYZBbY4bYRVeZg81mZl"
"2183","Rahel Julita","2026-03-08T11:27:00.000Z","Pagi juga anong tata","","0","0","0","-1","https://web.facebook.com/anong.balangit/posts/pfbid0HzzAyNn4wxLKhWUa1DV8cFjJCtJ3pQY1SRWwShiy6KfULsBYZBbY4bYRVeZg81mZl"
"2184","Pardi Laulean","2026-03-10T11:44:00.000Z","Klw orang dulu bisa di obat pake ramuan tapi klw sekarang bnyk mengunakan obt kimia biasanya juga akan tambh berbahaya","","0","0","0","-1","https://web.facebook.com/cici.idwar/posts/pfbid02USzVFXGDCfQLqkLjsurPmRQoE6pnWGPLpMcUNPzgfeCuZuJvsHEDxXT42D6jADDdl"
"2185","Yuni Chalista Agnesia","2026-03-12T01:50:00.000Z","Apakah anak yang sudah kena campak..gk akan kenapa2 kah ibu2 kita suntik campak lagi??","","0","0","0","-1","https://web.facebook.com/cici.idwar/posts/pfbid02USzVFXGDCfQLqkLjsurPmRQoE6pnWGPLpMcUNPzgfeCuZuJvsHEDxXT42D6jADDdl"
"2186","Abigail Abigail","2026-03-10T15:21:00.000Z","Anak aku pernah di posisi itu bund waktu dia masi 8 bulan dan belum di imunisasi campak demamnya sampe tembus 40° makan gk enak,mandi gabisa,rewel terus,tidur gaenak, sampe"" Bbnya turun drastis ibu mana yg gk sedih liat bayi sekecil itu harus ngrasain sakit,panas,gatel,gk nyaman gitu","","0","0","0","-1","https://web.facebook.com/cici.idwar/posts/pfbid02USzVFXGDCfQLqkLjsurPmRQoE6pnWGPLpMcUNPzgfeCuZuJvsHEDxXT42D6jADDdl"
"2187","Khina Fairuz R. Pellu","2026-03-10T15:18:00.000Z","ibu pake air kelapa mudah yg biru, ksih minum anaknya dengan air kelapa muda, slesai it sapukan air kelapa mudah diseluruh tubuh ank Bu. it obat nya, campak akn sembuh paling lama 1 Minggu. anakq juga waktu itu kenal campak, aku ksih minum dengan air kelapa muda yg kulitnya warna biru.","","0","0","0","-1","https://web.facebook.com/cici.idwar/posts/pfbid02USzVFXGDCfQLqkLjsurPmRQoE6pnWGPLpMcUNPzgfeCuZuJvsHEDxXT42D6jADDdl"
"2188","Dewi II","2026-03-10T02:45:00.000Z","Ndk kenapa ka klo sudh 2 tahun baru di imunisasi campak","","0","0","0","-1","https://web.facebook.com/cici.idwar/posts/pfbid02USzVFXGDCfQLqkLjsurPmRQoE6pnWGPLpMcUNPzgfeCuZuJvsHEDxXT42D6jADDdl"
"2189","Suhardiman J Mangada","2026-03-10T13:52:00.000Z","Sy biasanya kasi minum air kelapa mengkal kk tapi tidak sering","","0","0","0","-1","https://web.facebook.com/cici.idwar/posts/pfbid02USzVFXGDCfQLqkLjsurPmRQoE6pnWGPLpMcUNPzgfeCuZuJvsHEDxXT42D6jADDdl"
"2190","Liyanti Anth","2026-03-10T10:37:00.000Z","Yg in bikin sy takut kalu nak q di campak","","0","0","0","-1","https://web.facebook.com/cici.idwar/posts/pfbid02USzVFXGDCfQLqkLjsurPmRQoE6pnWGPLpMcUNPzgfeCuZuJvsHEDxXT42D6jADDdl"
"2191","Ida","2026-03-10T15:18:00.000Z","Anakkku bru sembuh, sya biarkn pkokx ndk kena air","","0","0","0","-1","https://web.facebook.com/cici.idwar/posts/pfbid02USzVFXGDCfQLqkLjsurPmRQoE6pnWGPLpMcUNPzgfeCuZuJvsHEDxXT42D6jADDdl"
"2192","Qoriah Santri","2026-03-11T15:35:00.000Z","adeekk cepatt sembuhh","","0","0","0","-1","https://web.facebook.com/cici.idwar/posts/pfbid02USzVFXGDCfQLqkLjsurPmRQoE6pnWGPLpMcUNPzgfeCuZuJvsHEDxXT42D6jADDdl"
"2193","Ayu Rusdin","2026-03-10T03:56:00.000Z","Semoga anak anak kita selalu dalam lindungan Allah","","0","0","0","-1","https://web.facebook.com/cici.idwar/posts/pfbid02USzVFXGDCfQLqkLjsurPmRQoE6pnWGPLpMcUNPzgfeCuZuJvsHEDxXT42D6jADDdl"
"2194","Pardi Laulean","2026-03-09T21:44:00.000Z","Klw orang dulu bisa di obat pake ramuan tapi klw sekarang bnyk mengunakan obt kimia biasanya juga akan tambh berbahaya","","0","0","0","-1","https://web.facebook.com/cici.idwar/posts/pfbid02USzVFXGDCfQLqkLjsurPmRQoE6pnWGPLpMcUNPzgfeCuZuJvsHEDxXT42D6jADDdl"
"2195","Yuni Chalista Agnesia","2026-03-11T11:50:00.000Z","Apakah anak yang sudah kena campak..gk akan kenapa2 kah ibu2 kita suntik campak lagi??","","0","0","0","-1","https://web.facebook.com/cici.idwar/posts/pfbid02USzVFXGDCfQLqkLjsurPmRQoE6pnWGPLpMcUNPzgfeCuZuJvsHEDxXT42D6jADDdl"
"2196","Abigail Abigail","2026-03-10T01:21:00.000Z","Anak aku pernah di posisi itu bund waktu dia masi 8 bulan dan belum di imunisasi campak demamnya sampe tembus 40° makan gk enak,mandi gabisa,rewel terus,tidur gaenak, sampe"" Bbnya turun drastis ibu mana yg gk sedih liat bayi sekecil itu harus ngrasain sakit,panas,gatel,gk nyaman gitu","","0","0","0","-1","https://web.facebook.com/cici.idwar/posts/pfbid02USzVFXGDCfQLqkLjsurPmRQoE6pnWGPLpMcUNPzgfeCuZuJvsHEDxXT42D6jADDdl"
"2197","Khina Fairuz R. Pellu","2026-03-10T01:18:00.000Z","ibu pake air kelapa mudah yg biru, ksih minum anaknya dengan air kelapa muda, slesai it sapukan air kelapa mudah diseluruh tubuh ank Bu. it obat nya, campak akn sembuh paling lama 1 Minggu. anakq juga waktu itu kenal campak, aku ksih minum dengan air kelapa muda yg kulitnya warna biru.","","0","0","0","-1","https://web.facebook.com/cici.idwar/posts/pfbid02USzVFXGDCfQLqkLjsurPmRQoE6pnWGPLpMcUNPzgfeCuZuJvsHEDxXT42D6jADDdl"
"2198","Dewi II","2026-03-09T12:45:00.000Z","Ndk kenapa ka klo sudh 2 tahun baru di imunisasi campak","","0","0","0","-1","https://web.facebook.com/cici.idwar/posts/pfbid02USzVFXGDCfQLqkLjsurPmRQoE6pnWGPLpMcUNPzgfeCuZuJvsHEDxXT42D6jADDdl"
"2199","Irawanti Msi","2026-03-09T10:41:00.000Z","Mau yg uda imunisasi ataupun tidak sy akan berikan makanan minuman sehat dan bergizi ..","","0","0","0","-1","https://web.facebook.com/maya.sari.simanjuntak.935766/posts/pfbid02N3gFiTAUk87WBKzMrWwAykUKMVJ8sxyhUBVxLYmBuVT81zjoHtPCio38yPWcKWy7l"
"2200","Nanda Putri","2026-03-09T01:08:00.000Z","Ini sejenis kerumut ga sih,??,aku dulu waktu kecil pernah kena,,Cuma banyakin minum air kelapa Alhamdulillah sembuh,","","0","0","0","-1","https://web.facebook.com/maya.sari.simanjuntak.935766/posts/pfbid02N3gFiTAUk87WBKzMrWwAykUKMVJ8sxyhUBVxLYmBuVT81zjoHtPCio38yPWcKWy7l"
"2201","Mput Jr.","2026-03-03T12:27:00.000Z","Emang campak nular ya bun bukannya yang menular itu cacar air.belum lama keponakan kena campak sekujur badan merah sampe kena mata merah"" kata dr itu ga nular dan Alhamdulillah nya ga ada yang tertular. Ma'af kalo salah","","0","0","0","-1","https://web.facebook.com/maya.sari.simanjuntak.935766/posts/pfbid02N3gFiTAUk87WBKzMrWwAykUKMVJ8sxyhUBVxLYmBuVT81zjoHtPCio38yPWcKWy7l"
"2202","Titik Suharti","2026-03-03T13:41:00.000Z","Anakq setelah vaksin campak juga kena campak tapi setelah keluar campaknya dia udah gak panas lagi dan 2 hari sembuh dan ilang sendiri merah merahnya tak ada alasan untuk tidak vaksin","","0","0","0","-1","https://web.facebook.com/maya.sari.simanjuntak.935766/posts/pfbid02N3gFiTAUk87WBKzMrWwAykUKMVJ8sxyhUBVxLYmBuVT81zjoHtPCio38yPWcKWy7l"
"2203","Ma'e Wafa","2026-05-25T21:13:00.000Z","Assalamu'alaikum Budok mohon maaf saya mau tanya anak saya usia 3thn terkena penyakit gatal di area leher dan intim, udah beberapa kali kedokter tp gak kunjung sembuh malah makin menjalar , mohon arahannya apa obat nya yh","","0","0","0","-1","https://web.facebook.com/maya.sari.simanjuntak.935766/posts/pfbid02N3gFiTAUk87WBKzMrWwAykUKMVJ8sxyhUBVxLYmBuVT81zjoHtPCio38yPWcKWy7l"
"2204","Rina Harianja","2026-05-10T03:58:00.000Z","Mau tanya obat luka di kaki untuk anak usia 8 tahun apa ya dok","","0","0","0","-1","https://web.facebook.com/maya.sari.simanjuntak.935766/posts/pfbid02N3gFiTAUk87WBKzMrWwAykUKMVJ8sxyhUBVxLYmBuVT81zjoHtPCio38yPWcKWy7l"
"2205","Fania Harumi","2026-03-04T04:17:00.000Z","Alhamdulillah anakku udh sembuh dari campak 22 nya usia 9bulan dan 6tahun tinggal pemulihan batuk sama sisa sisa campak yg hitam nya. Tdi nya panas tinggi diare gak mau makan minum tidur trus seharian","","0","0","0","-1","https://web.facebook.com/maya.sari.simanjuntak.935766/posts/pfbid02N3gFiTAUk87WBKzMrWwAykUKMVJ8sxyhUBVxLYmBuVT81zjoHtPCio38yPWcKWy7l"
"2206","Aznazia Febriliana","2026-04-24T08:07:00.000Z","Assalamu'alaikum dokter, dokter maaf kalau anak pulang dari pondok kemudian gatal-gatal muncul nanah digatalnya dan sudah diobati tapi sebentar sembuhnya, kemudian kambuh lagi dan nular ke seluruh penghuni rumah. Obatnya yang ampuh apa yang dokter. Terima kasih sebelumnya dokter Maya Sari Simanjuntak , semoga dokter sehat selalu","","0","0","0","-1","https://web.facebook.com/maya.sari.simanjuntak.935766/posts/pfbid02N3gFiTAUk87WBKzMrWwAykUKMVJ8sxyhUBVxLYmBuVT81zjoHtPCio38yPWcKWy7l"
"2207","Putri Ayu Nabila","2026-07-10T09:02:00.000Z","Oke terimakasih buk saran dan edukasih nya","","0","0","0","-1","https://web.facebook.com/maya.sari.simanjuntak.935766/posts/pfbid02N3gFiTAUk87WBKzMrWwAykUKMVJ8sxyhUBVxLYmBuVT81zjoHtPCio38yPWcKWy7l"
"2208","Laras Silalahi","2026-03-04T01:19:00.000Z","KEBANYAKAN 4N4K YG IMUNIS4SI CAMP4KNYA MUNCUL LEBIH LEBIH CEP4T. KYK DIPTO. KAL4U GRK IMUNIS4SI C4MP4K MUNCUL SETELAH UMUR 12THN KEATAS.","","0","0","0","-1","https://web.facebook.com/maya.sari.simanjuntak.935766/posts/pfbid02N3gFiTAUk87WBKzMrWwAykUKMVJ8sxyhUBVxLYmBuVT81zjoHtPCio38yPWcKWy7l"
"2209","Irawanti Msi","2026-03-08T20:41:00.000Z","Mau yg uda imunisasi ataupun tidak sy akan berikan makanan minuman sehat dan bergizi ..","","0","0","0","-1","https://web.facebook.com/maya.sari.simanjuntak.935766/posts/pfbid02N3gFiTAUk87WBKzMrWwAykUKMVJ8sxyhUBVxLYmBuVT81zjoHtPCio38yPWcKWy7l"
"2210","Nanda Putri","2026-03-08T11:08:00.000Z","Ini sejenis kerumut ga sih,??,aku dulu waktu kecil pernah kena,,Cuma banyakin minum air kelapa Alhamdulillah sembuh,","","0","0","0","-1","https://web.facebook.com/maya.sari.simanjuntak.935766/posts/pfbid02N3gFiTAUk87WBKzMrWwAykUKMVJ8sxyhUBVxLYmBuVT81zjoHtPCio38yPWcKWy7l"
"2211","Mput Jr.","2026-03-02T21:27:00.000Z","Emang campak nular ya bun bukannya yang menular itu cacar air.belum lama keponakan kena campak sekujur badan merah sampe kena mata merah"" kata dr itu ga nular dan Alhamdulillah nya ga ada yang tertular. Ma'af kalo salah","","0","0","0","-1","https://web.facebook.com/maya.sari.simanjuntak.935766/posts/pfbid02N3gFiTAUk87WBKzMrWwAykUKMVJ8sxyhUBVxLYmBuVT81zjoHtPCio38yPWcKWy7l"
"2212","Titik Suharti","2026-03-02T22:41:00.000Z","Anakq setelah vaksin campak juga kena campak tapi setelah keluar campaknya dia udah gak panas lagi dan 2 hari sembuh dan ilang sendiri merah merahnya tak ada alasan untuk tidak vaksin","","0","0","0","-1","https://web.facebook.com/maya.sari.simanjuntak.935766/posts/pfbid02N3gFiTAUk87WBKzMrWwAykUKMVJ8sxyhUBVxLYmBuVT81zjoHtPCio38yPWcKWy7l"
"2213","Ma'e Wafa","2026-05-25T07:13:00.000Z","Assalamu'alaikum Budok mohon maaf saya mau tanya anak saya usia 3thn terkena penyakit gatal di area leher dan intim, udah beberapa kali kedokter tp gak kunjung sembuh malah makin menjalar , mohon arahannya apa obat nya yh","","0","0","0","-1","https://web.facebook.com/maya.sari.simanjuntak.935766/posts/pfbid02N3gFiTAUk87WBKzMrWwAykUKMVJ8sxyhUBVxLYmBuVT81zjoHtPCio38yPWcKWy7l"
"2214","Ummu Adam","2026-03-17T15:21:00.000Z","Semoga cepet sembuh dede","","0","0","0","-1","https://web.facebook.com/groups/598090148300014/posts/1819496846159332/"
"2215","AmMah Rachma shiie'Grande","2026-03-17T21:03:00.000Z","Aamiin  semangat cepat sembuh","","0","0","0","-1","https://web.facebook.com/groups/598090148300014/posts/1819496846159332/"
"2216","Oma Suharti","2026-03-17T21:14:00.000Z","Syafakilah dede mamah juga sehat slalu ya","","0","0","0","-1","https://web.facebook.com/groups/598090148300014/posts/1819496846159332/"
"2217","Melia Siswanti","2026-03-17T22:44:00.000Z","Syafakallah adekkk","","0","0","0","-1","https://web.facebook.com/groups/598090148300014/posts/1819496846159332/"
"2218","Nurma II","2026-03-17T15:01:00.000Z","Anakku udah bun waktu pas mlm tahun baru dirawat dirumah sakit, toodler 2, yg satu usia 4 th, yg satu usia 7 bulan sedih banget dua dua nya berdampingan dirawat disaat orang lain pesta kembang api... tapi alhamdulillah skrng udah sehat semua.. semoga cepet sembuh ya bun","","0","0","0","-1","https://web.facebook.com/groups/598090148300014/posts/1819496846159332/"
"2219","Gulo Gulo","2026-03-17T18:30:00.000Z","Semoga cepat sembuh","","0","0","0","-1","https://web.facebook.com/groups/598090148300014/posts/1819496846159332/"
"2220","Dede Eti Mulyati","2026-03-17T14:15:00.000Z","Lekas sembuh y nak","","0","0","0","-1","https://web.facebook.com/groups/598090148300014/posts/1819496846159332/"
"2221","Nanni Aqilla","2026-03-17T17:57:00.000Z","Lekas sembuh dee","","0","0","0","-1","https://web.facebook.com/groups/598090148300014/posts/1819496846159332/"
"2222","Dinie Dinie","2026-03-17T14:12:00.000Z","Ya allah kasian nya,anak ku kmaren muntah dan diare aja panikan sudah,semoga lekas sembuh ya bun anak ny","","0","0","0","-1","https://web.facebook.com/groups/598090148300014/posts/1819496846159332/"
"2223","Ookti Cheiseana","2026-03-17T14:15:00.000Z","Aaamminn","","0","0","0","-1","https://web.facebook.com/groups/598090148300014/posts/1819496846159332/"
"2224","Ummu Adam","2026-03-17T01:21:00.000Z","Semoga cepet sembuh dede","","0","0","0","-1","https://web.facebook.com/groups/598090148300014/posts/1819496846159332/"
"2225","AmMah Rachma shiie'Grande","2026-03-17T07:03:00.000Z","Aamiin  semangat cepat sembuh","","0","0","0","-1","https://web.facebook.com/groups/598090148300014/posts/1819496846159332/"
"2226","Oma Suharti","2026-03-17T07:14:00.000Z","Syafakilah dede mamah juga sehat slalu ya","","0","0","0","-1","https://web.facebook.com/groups/598090148300014/posts/1819496846159332/"
"2227","Melia Siswanti","2026-03-17T08:44:00.000Z","Syafakallah adekkk","","0","0","0","-1","https://web.facebook.com/groups/598090148300014/posts/1819496846159332/"
"2228","Nurma II","2026-03-17T01:01:00.000Z","Anakku udah bun waktu pas mlm tahun baru dirawat dirumah sakit, toodler 2, yg satu usia 4 th, yg satu usia 7 bulan sedih banget dua dua nya berdampingan dirawat disaat orang lain pesta kembang api... tapi alhamdulillah skrng udah sehat semua.. semoga cepet sembuh ya bun","","0","0","0","-1","https://web.facebook.com/groups/598090148300014/posts/1819496846159332/"
"2229","Reni Rosa","2026-03-31T13:17:00.000Z","Astagfirullahalazim jika informasi ini benar adanya sungguh Zolim sekali terhadap rakyat pejabat2 negara yg duduk di Kemenkes RI Ya Allah..Berilah kami pemimpin yg Amanah, Jujur, Adil dan Bijaksana Beri Azab utk pemimpin yg Zolim","","0","0","0","-1","https://web.facebook.com/chooni.romadhony.1/posts/pfbid02mHDoaQUhjY8PyUfukc2Hyp728QnDWNoSvjtXHGTo2eMG7GeBLvzoZNHJAR2CD2gJl"
"2230","Fitri Umi Ahnaf","2026-04-01T11:26:00.000Z","Sehat selalu pak.....smga bpk dan kluarga selalu dlm keadaan aman dan dlm lindungan Allah SWT.....Aamiin ya Rabb....","","0","0","0","-1","https://web.facebook.com/chooni.romadhony.1/posts/pfbid02mHDoaQUhjY8PyUfukc2Hyp728QnDWNoSvjtXHGTo2eMG7GeBLvzoZNHJAR2CD2gJl"
"2231","Tiyo","2026-03-31T06:42:00.000Z","Menkes nya harus ganti..","","0","0","0","-1","https://web.facebook.com/chooni.romadhony.1/posts/pfbid02mHDoaQUhjY8PyUfukc2Hyp728QnDWNoSvjtXHGTo2eMG7GeBLvzoZNHJAR2CD2gJl"
"2232","Chandra Kawe","2026-04-04T13:21:00.000Z","Lawan !!!!!!","","0","0","0","-1","https://web.facebook.com/chooni.romadhony.1/posts/pfbid02mHDoaQUhjY8PyUfukc2Hyp728QnDWNoSvjtXHGTo2eMG7GeBLvzoZNHJAR2CD2gJl"
"2233","Koperasi Langit Biru","2026-04-01T05:13:00.000Z","ngeriii","","0","0","0","-1","https://web.facebook.com/chooni.romadhony.1/posts/pfbid02mHDoaQUhjY8PyUfukc2Hyp728QnDWNoSvjtXHGTo2eMG7GeBLvzoZNHJAR2CD2gJl"
"2234","Reni Rosa","2026-03-30T23:17:00.000Z","Astagfirullahalazim jika informasi ini benar adanya sungguh Zolim sekali terhadap rakyat pejabat2 negara yg duduk di Kemenkes RI Ya Allah..Berilah kami pemimpin yg Amanah, Jujur, Adil dan Bijaksana Beri Azab utk pemimpin yg Zolim","","0","0","0","-1","https://web.facebook.com/chooni.romadhony.1/posts/pfbid02mHDoaQUhjY8PyUfukc2Hyp728QnDWNoSvjtXHGTo2eMG7GeBLvzoZNHJAR2CD2gJl"
"2235","Fitri Umi Ahnaf","2026-03-31T21:26:00.000Z","Sehat selalu pak.....smga bpk dan kluarga selalu dlm keadaan aman dan dlm lindungan Allah SWT.....Aamiin ya Rabb....","","0","0","0","-1","https://web.facebook.com/chooni.romadhony.1/posts/pfbid02mHDoaQUhjY8PyUfukc2Hyp728QnDWNoSvjtXHGTo2eMG7GeBLvzoZNHJAR2CD2gJl"
"2236","Tiyo","2026-03-30T16:42:00.000Z","Menkes nya harus ganti..","","0","0","0","-1","https://web.facebook.com/chooni.romadhony.1/posts/pfbid02mHDoaQUhjY8PyUfukc2Hyp728QnDWNoSvjtXHGTo2eMG7GeBLvzoZNHJAR2CD2gJl"
"2237","Chandra Kawe","2026-04-03T23:21:00.000Z","Lawan !!!!!!","","0","0","0","-1","https://web.facebook.com/chooni.romadhony.1/posts/pfbid02mHDoaQUhjY8PyUfukc2Hyp728QnDWNoSvjtXHGTo2eMG7GeBLvzoZNHJAR2CD2gJl"
"2238","Koperasi Langit Biru","2026-03-31T15:13:00.000Z","ngeriii","","0","0","0","-1","https://web.facebook.com/chooni.romadhony.1/posts/pfbid02mHDoaQUhjY8PyUfukc2Hyp728QnDWNoSvjtXHGTo2eMG7GeBLvzoZNHJAR2CD2gJl"
"2239","Hanifah Hairani","2026-03-09T01:17:00.000Z","Assalamualaikum salam interaksi buat karyawan meta yuk saling SKSD  https://www.facebook.com/hanifahazahra.nasution/subscribenow?surface=pinned_comments","","0","0","0","-1","https://web.facebook.com/hanifahazahra.nasution/posts/pfbid0kXKXA9yTxscTvA2x3Zko3REn5bdVyGCVtGSFShgMxuGjCGAUdQGZXH47ZE4s4wp1l"
"2240","Sarah Devi","2026-03-09T07:22:00.000Z","Cepet sembuh dek naraa","","0","0","0","-1","https://web.facebook.com/hanifahazahra.nasution/posts/pfbid0kXKXA9yTxscTvA2x3Zko3REn5bdVyGCVtGSFShgMxuGjCGAUdQGZXH47ZE4s4wp1l"
"2241","Bayu Aji Syaputra","2026-03-09T03:14:00.000Z","Cepat sembuh","","0","0","0","-1","https://web.facebook.com/hanifahazahra.nasution/posts/pfbid0kXKXA9yTxscTvA2x3Zko3REn5bdVyGCVtGSFShgMxuGjCGAUdQGZXH47ZE4s4wp1l"
"2242","Disa Anggriani","2026-03-09T01:28:00.000Z","Cepet sembuh ya ma","","0","0","0","-1","https://web.facebook.com/hanifahazahra.nasution/posts/pfbid0kXKXA9yTxscTvA2x3Zko3REn5bdVyGCVtGSFShgMxuGjCGAUdQGZXH47ZE4s4wp1l"
"2243","Hanifah Hairani","2026-03-08T11:17:00.000Z","Assalamualaikum salam interaksi buat karyawan meta yuk saling SKSD  https://www.facebook.com/hanifahazahra.nasution/subscribenow?surface=pinned_comments","","0","0","0","-1","https://web.facebook.com/hanifahazahra.nasution/posts/pfbid0kXKXA9yTxscTvA2x3Zko3REn5bdVyGCVtGSFShgMxuGjCGAUdQGZXH47ZE4s4wp1l"
"2244","Sarah Devi","2026-03-08T17:22:00.000Z","Cepet sembuh dek naraa","","0","0","0","-1","https://web.facebook.com/hanifahazahra.nasution/posts/pfbid0kXKXA9yTxscTvA2x3Zko3REn5bdVyGCVtGSFShgMxuGjCGAUdQGZXH47ZE4s4wp1l"
"2245","Bayu Aji Syaputra","2026-03-08T13:14:00.000Z","Cepat sembuh","","0","0","0","-1","https://web.facebook.com/hanifahazahra.nasution/posts/pfbid0kXKXA9yTxscTvA2x3Zko3REn5bdVyGCVtGSFShgMxuGjCGAUdQGZXH47ZE4s4wp1l"
"2246","Disa Anggriani","2026-03-08T11:28:00.000Z","Cepet sembuh ya ma","","0","0","0","-1","https://web.facebook.com/hanifahazahra.nasution/posts/pfbid0kXKXA9yTxscTvA2x3Zko3REn5bdVyGCVtGSFShgMxuGjCGAUdQGZXH47ZE4s4wp1l"
"2247","unknown","2026-07-07T10:20:00.000Z","What about adults who might not have had their vaccinations? Can they book them too?","","0","0","0","-1","https://web.facebook.com/NHS/posts/pfbid024E7YHdzWVgTniX6wg75h57Rw8QnDQogbU8FjbVnvyJKf1TJgSr6oVaE3XPUFT2Wpl"
"2248","David Wetton","2026-07-08T08:51:00.000Z","Ask your doctor for the double-blind, placebo-controlled study demonstrating the safety and effectiveness of thrse vaccines","","0","0","0","-1","https://web.facebook.com/NHS/posts/pfbid024E7YHdzWVgTniX6wg75h57Rw8QnDQogbU8FjbVnvyJKf1TJgSr6oVaE3XPUFT2Wpl"
"2249","Faye Parsons Ditch","2026-07-08T14:53:00.000Z","Never had any MMRV, MMR, flu or covid vax and at 84 very healthy. Do you think I need to update now?","","0","0","0","-1","https://web.facebook.com/NHS/posts/pfbid024E7YHdzWVgTniX6wg75h57Rw8QnDQogbU8FjbVnvyJKf1TJgSr6oVaE3XPUFT2Wpl"
"2250","Sue Franks","2026-07-08T17:17:00.000Z","I remember being vaccinated against all sorts of things when I started at Nursing School. But, that was in 1969","","0","0","0","-1","https://web.facebook.com/NHS/posts/pfbid024E7YHdzWVgTniX6wg75h57Rw8QnDQogbU8FjbVnvyJKf1TJgSr6oVaE3XPUFT2Wpl"
"2251","Susan Rubi","2026-07-07T16:50:00.000Z","Yes yes yes!!!","","0","0","0","-1","https://web.facebook.com/NHS/posts/pfbid024E7YHdzWVgTniX6wg75h57Rw8QnDQogbU8FjbVnvyJKf1TJgSr6oVaE3XPUFT2Wpl"
"2252","Nicole Cisler","2026-07-07T18:46:00.000Z","Vaccines are safe and save lives. Good try.","","0","0","0","-1","https://web.facebook.com/NHS/posts/pfbid024E7YHdzWVgTniX6wg75h57Rw8QnDQogbU8FjbVnvyJKf1TJgSr6oVaE3XPUFT2Wpl"
"2253","Sue Caldwell Bruno","2026-07-08T10:53:00.000Z","I had no record of my MMR, so I had to be vaccinated prior to nursing school.","","0","0","0","-1","https://web.facebook.com/NHS/posts/pfbid024E7YHdzWVgTniX6wg75h57Rw8QnDQogbU8FjbVnvyJKf1TJgSr6oVaE3XPUFT2Wpl"
"2254","Gemma Hearne","2026-07-08T17:47:00.000Z","Mrr made me deaf when","","0","0","0","-1","https://web.facebook.com/NHS/posts/pfbid024E7YHdzWVgTniX6wg75h57Rw8QnDQogbU8FjbVnvyJKf1TJgSr6oVaE3XPUFT2Wpl"
"2255","Brenda Creel","2026-07-07T16:30:00.000Z","No adhd or autism detected in the amish community. And no major outbreak has wiped out any of them. And cancer rates are extremely low.","","0","0","0","-1","https://web.facebook.com/NHS/posts/pfbid024E7YHdzWVgTniX6wg75h57Rw8QnDQogbU8FjbVnvyJKf1TJgSr6oVaE3XPUFT2Wpl"
"2256","Llóyd Davies-Lóng","2026-07-08T08:43:00.000Z","No adhd or autism detected in the amish community. And no major outbreak has wiped out any of them. And cancer rates are extremely low.","","0","0","0","-1","https://web.facebook.com/NHS/posts/pfbid024E7YHdzWVgTniX6wg75h57Rw8QnDQogbU8FjbVnvyJKf1TJgSr6oVaE3XPUFT2Wpl"
"2257","unknown","2026-07-06T20:20:00.000Z","What about adults who might not have had their vaccinations? Can they book them too?","","0","0","0","-1","https://web.facebook.com/NHS/posts/pfbid024E7YHdzWVgTniX6wg75h57Rw8QnDQogbU8FjbVnvyJKf1TJgSr6oVaE3XPUFT2Wpl"
"2258","David Wetton","2026-07-07T18:51:00.000Z","Ask your doctor for the double-blind, placebo-controlled study demonstrating the safety and effectiveness of thrse vaccines","","0","0","0","-1","https://web.facebook.com/NHS/posts/pfbid024E7YHdzWVgTniX6wg75h57Rw8QnDQogbU8FjbVnvyJKf1TJgSr6oVaE3XPUFT2Wpl"
"2259","Faye Parsons Ditch","2026-07-08T00:53:00.000Z","Never had any MMRV, MMR, flu or covid vax and at 84 very healthy. Do you think I need to update now?","","0","0","0","-1","https://web.facebook.com/NHS/posts/pfbid024E7YHdzWVgTniX6wg75h57Rw8QnDQogbU8FjbVnvyJKf1TJgSr6oVaE3XPUFT2Wpl"
"2260","Sue Franks","2026-07-08T03:17:00.000Z","I remember being vaccinated against all sorts of things when I started at Nursing School. But, that was in 1969","","0","0","0","-1","https://web.facebook.com/NHS/posts/pfbid024E7YHdzWVgTniX6wg75h57Rw8QnDQogbU8FjbVnvyJKf1TJgSr6oVaE3XPUFT2Wpl"
"2261","Susan Rubi","2026-07-07T02:50:00.000Z","Yes yes yes!!!","","0","0","0","-1","https://web.facebook.com/NHS/posts/pfbid024E7YHdzWVgTniX6wg75h57Rw8QnDQogbU8FjbVnvyJKf1TJgSr6oVaE3XPUFT2Wpl"
"2262","Holly Jessop","2026-07-13T17:52:00.000Z","Wow.  I bet that was a long and exhausting 2 weeks for your Mom","","0","0","0","-1","https://web.facebook.com/holly.jessop.52/posts/pfbid0oj5wsf91H9msnSy399FfTeuBcRiTmVaJrNsi4hoqu5zXeY196wy8bTiH5hf7U4fRl"
"2263","Holly Jessop","2026-07-13T17:54:00.000Z","https://www.facebook.com/share/19DWvZDZE6/","","0","0","0","-1","https://web.facebook.com/holly.jessop.52/posts/pfbid0oj5wsf91H9msnSy399FfTeuBcRiTmVaJrNsi4hoqu5zXeY196wy8bTiH5hf7U4fRl"
"2264","Holly Jessop","2026-07-13T18:08:00.000Z","What is measles anyway?https://www.facebook.com/share/p/1BzmAKGi1N/","","0","0","0","-1","https://web.facebook.com/holly.jessop.52/posts/pfbid0oj5wsf91H9msnSy399FfTeuBcRiTmVaJrNsi4hoqu5zXeY196wy8bTiH5hf7U4fRl"
"2265","Holly Jessop","2026-07-13T22:23:00.000Z","Don't neglect the boosters....just one doesn't work","","0","0","0","-1","https://web.facebook.com/holly.jessop.52/posts/pfbid0oj5wsf91H9msnSy399FfTeuBcRiTmVaJrNsi4hoqu5zXeY196wy8bTiH5hf7U4fRl"
"2266","Holly Jessop","2026-07-13T23:41:00.000Z","https://www.facebook.com/share/p/1E2PaEra8t/","","0","0","0","-1","https://web.facebook.com/holly.jessop.52/posts/pfbid0oj5wsf91H9msnSy399FfTeuBcRiTmVaJrNsi4hoqu5zXeY196wy8bTiH5hf7U4fRl"
"2267","Holly Jessop","2026-07-13T23:41:00.000Z","https://www.facebook.com/share/p/18jY8e4puV/","","0","0","0","-1","https://web.facebook.com/holly.jessop.52/posts/pfbid0oj5wsf91H9msnSy399FfTeuBcRiTmVaJrNsi4hoqu5zXeY196wy8bTiH5hf7U4fRl"
"2268","Holly Jessop","2026-07-13T23:41:00.000Z","https://www.facebook.com/share/p/1Bhn3V3mn3/","","0","0","0","-1","https://web.facebook.com/holly.jessop.52/posts/pfbid0oj5wsf91H9msnSy399FfTeuBcRiTmVaJrNsi4hoqu5zXeY196wy8bTiH5hf7U4fRl"
"2269","unknown","2026-07-13T12:29:00.000Z","I prefer to get my medical advice from Linus and Lucy, not an elephant wearing a suit or Marcia Brady.","","0","0","0","-1","https://web.facebook.com/holly.jessop.52/posts/pfbid0oj5wsf91H9msnSy399FfTeuBcRiTmVaJrNsi4hoqu5zXeY196wy8bTiH5hf7U4fRl"
"2270","unknown","2026-07-13T13:21:00.000Z","It’s almost as if they weren’t sure what they were talking about in the 80s","","0","0","0","-1","https://web.facebook.com/holly.jessop.52/posts/pfbid0oj5wsf91H9msnSy399FfTeuBcRiTmVaJrNsi4hoqu5zXeY196wy8bTiH5hf7U4fRl"
"2271","unknown","2026-07-13T14:14:00.000Z","Babar's author had a medical degree??","","0","0","0","-1","https://web.facebook.com/holly.jessop.52/posts/pfbid0oj5wsf91H9msnSy399FfTeuBcRiTmVaJrNsi4hoqu5zXeY196wy8bTiH5hf7U4fRl"
"2272","Holly Jessop","2026-07-13T03:52:00.000Z","Wow.  I bet that was a long and exhausting 2 weeks for your Mom","","0","0","0","-1","https://web.facebook.com/holly.jessop.52/posts/pfbid0oj5wsf91H9msnSy399FfTeuBcRiTmVaJrNsi4hoqu5zXeY196wy8bTiH5hf7U4fRl"
"2273","Holly Jessop","2026-07-13T03:54:00.000Z","https://www.facebook.com/share/19DWvZDZE6/","","0","0","0","-1","https://web.facebook.com/holly.jessop.52/posts/pfbid0oj5wsf91H9msnSy399FfTeuBcRiTmVaJrNsi4hoqu5zXeY196wy8bTiH5hf7U4fRl"
"2274","Holly Jessop","2026-07-13T04:08:00.000Z","What is measles anyway?https://www.facebook.com/share/p/1BzmAKGi1N/","","0","0","0","-1","https://web.facebook.com/holly.jessop.52/posts/pfbid0oj5wsf91H9msnSy399FfTeuBcRiTmVaJrNsi4hoqu5zXeY196wy8bTiH5hf7U4fRl"
"2275","Holly Jessop","2026-07-13T08:23:00.000Z","Don't neglect the boosters....just one doesn't work","","0","0","0","-1","https://web.facebook.com/holly.jessop.52/posts/pfbid0oj5wsf91H9msnSy399FfTeuBcRiTmVaJrNsi4hoqu5zXeY196wy8bTiH5hf7U4fRl"
"2276","Holly Jessop","2026-07-13T09:41:00.000Z","https://www.facebook.com/share/p/1E2PaEra8t/","","0","0","0","-1","https://web.facebook.com/holly.jessop.52/posts/pfbid0oj5wsf91H9msnSy399FfTeuBcRiTmVaJrNsi4hoqu5zXeY196wy8bTiH5hf7U4fRl"
"2277","Robyn Scarlett","2026-07-14T12:42:00.000Z","For those of you who were vaccinated many many years ago (over 50) you should ask your doctor to test your immunity. I was still protected from the other two in the shot but not measles. I got a booster.","","0","0","0","-1","https://web.facebook.com/LDCHealth/posts/pfbid0HpPjQUvq4Ft9ChojWe5wCCFEkoHo1tyw2SGQB3Lji3t1fNpexYwtPpgx8Y5Rq8cTl"
"2278","DeAnna Puckett Vaughn","2026-07-14T01:54:00.000Z","Might test to see if that measles virus detected is wild type or vaccine induced since the modified live MMR vaccine sheds.","","0","0","0","-1","https://web.facebook.com/LDCHealth/posts/pfbid0HpPjQUvq4Ft9ChojWe5wCCFEkoHo1tyw2SGQB3Lji3t1fNpexYwtPpgx8Y5Rq8cTl"
"2279","Cassi Pederson","2026-07-14T00:34:00.000Z","Vaccines are a magical way to not get sick and not have this be a problem","","0","0","0","-1","https://web.facebook.com/LDCHealth/posts/pfbid0HpPjQUvq4Ft9ChojWe5wCCFEkoHo1tyw2SGQB3Lji3t1fNpexYwtPpgx8Y5Rq8cTl"
"2280","Jesse Williams","2026-07-14T14:23:00.000Z","Gift from the World Cup?","","0","0","0","-1","https://web.facebook.com/LDCHealth/posts/pfbid0HpPjQUvq4Ft9ChojWe5wCCFEkoHo1tyw2SGQB3Lji3t1fNpexYwtPpgx8Y5Rq8cTl"
"2281","Erick Vaughn","2026-07-14T01:11:00.000Z","How can we tell if it is people traveling through or living in the area?","","0","0","0","-1","https://web.facebook.com/LDCHealth/posts/pfbid0HpPjQUvq4Ft9ChojWe5wCCFEkoHo1tyw2SGQB3Lji3t1fNpexYwtPpgx8Y5Rq8cTl"
"2282","Dorothy Hoyt-Reed","2026-07-14T01:08:00.000Z","I sure hope anyone with measles is at least have the decency to keep away from other people.","","0","0","0","-1","https://web.facebook.com/LDCHealth/posts/pfbid0HpPjQUvq4Ft9ChojWe5wCCFEkoHo1tyw2SGQB3Lji3t1fNpexYwtPpgx8Y5Rq8cTl"
"2283","Natalya Pinwheel Lowther","2026-07-14T14:42:00.000Z","Doesn't the presence of the virus confirm there is at least 1 case, even though we don't have a patient name associated with the case?","","0","0","0","-1","https://web.facebook.com/LDCHealth/posts/pfbid0HpPjQUvq4Ft9ChojWe5wCCFEkoHo1tyw2SGQB3Lji3t1fNpexYwtPpgx8Y5Rq8cTl"
"2284","Brian Pitts","2026-07-14T03:19:00.000Z","Thank goodness we're not drinking the wastewater","","0","0","0","-1","https://web.facebook.com/LDCHealth/posts/pfbid0HpPjQUvq4Ft9ChojWe5wCCFEkoHo1tyw2SGQB3Lji3t1fNpexYwtPpgx8Y5Rq8cTl"
"2285","Melissa Gilliland","2026-07-14T01:31:00.000Z","This just posted in Johnson county too....!?","","0","0","0","-1","https://web.facebook.com/LDCHealth/posts/pfbid0HpPjQUvq4Ft9ChojWe5wCCFEkoHo1tyw2SGQB3Lji3t1fNpexYwtPpgx8Y5Rq8cTl"
"2286","Ken Anderson","2026-07-14T00:40:00.000Z","Many many things in waste water","","0","0","0","-1","https://web.facebook.com/LDCHealth/posts/pfbid0HpPjQUvq4Ft9ChojWe5wCCFEkoHo1tyw2SGQB3Lji3t1fNpexYwtPpgx8Y5Rq8cTl"
"2287","Robyn Scarlett","2026-07-13T22:42:00.000Z","For those of you who were vaccinated many many years ago (over 50) you should ask your doctor to test your immunity. I was still protected from the other two in the shot but not measles. I got a booster.","","0","0","0","-1","https://web.facebook.com/LDCHealth/posts/pfbid0HpPjQUvq4Ft9ChojWe5wCCFEkoHo1tyw2SGQB3Lji3t1fNpexYwtPpgx8Y5Rq8cTl"
"2288","DeAnna Puckett Vaughn","2026-07-13T11:54:00.000Z","Might test to see if that measles virus detected is wild type or vaccine induced since the modified live MMR vaccine sheds.","","0","0","0","-1","https://web.facebook.com/LDCHealth/posts/pfbid0HpPjQUvq4Ft9ChojWe5wCCFEkoHo1tyw2SGQB3Lji3t1fNpexYwtPpgx8Y5Rq8cTl"
"2289","Cassi Pederson","2026-07-13T10:34:00.000Z","Vaccines are a magical way to not get sick and not have this be a problem","","0","0","0","-1","https://web.facebook.com/LDCHealth/posts/pfbid0HpPjQUvq4Ft9ChojWe5wCCFEkoHo1tyw2SGQB3Lji3t1fNpexYwtPpgx8Y5Rq8cTl"
"2290","Jesse Williams","2026-07-14T00:23:00.000Z","Gift from the World Cup?","","0","0","0","-1","https://web.facebook.com/LDCHealth/posts/pfbid0HpPjQUvq4Ft9ChojWe5wCCFEkoHo1tyw2SGQB3Lji3t1fNpexYwtPpgx8Y5Rq8cTl"
"2291","Erick Vaughn","2026-07-13T11:11:00.000Z","How can we tell if it is people traveling through or living in the area?","","0","0","0","-1","https://web.facebook.com/LDCHealth/posts/pfbid0HpPjQUvq4Ft9ChojWe5wCCFEkoHo1tyw2SGQB3Lji3t1fNpexYwtPpgx8Y5Rq8cTl"
"2292","unknown","2026-07-03T02:17:00.000Z","Terimakasih sudah support akun saya, semoga setelah ini akun anda gacor..  https://www.facebook.com/dhianliestya.cimcim/subscribenow?surface=pinned_comments","","0","0","0","-1","https://web.facebook.com/dhianliestya.cimcim/posts/pfbid01TTzDW36THfMUr3MaXwptZ1Mpsh8Neo6nvSHvtwmHGWUsPMg7WDXgz3fEMF5aWVxl"
"2293","unknown","2026-07-04T04:57:00.000Z","Di posyandu vaksin dari pemerintah dan sudah ada jadwalnya. Di RS vaksinnya beli dan kita bisa pilih jadwal sendiri. Ada juga yg impor dari luar negeri sehingga anak tdk demam.","","0","0","0","-1","https://web.facebook.com/dhianliestya.cimcim/posts/pfbid01TTzDW36THfMUr3MaXwptZ1Mpsh8Neo6nvSHvtwmHGWUsPMg7WDXgz3fEMF5aWVxl"
"2294","unknown","2026-07-04T03:04:00.000Z","Dr imunisasi BCG ank ku d rs..byr 200rb,,DPT 1234 campak boaster smua d rs...no demam..dompet bapak nya yg demam..krn biaya DPT1234 @2.5jt...selagi emg bs yg terbaik buat ank gpp...gak tega liat anak demam..","","0","0","0","-1","https://web.facebook.com/dhianliestya.cimcim/posts/pfbid01TTzDW36THfMUr3MaXwptZ1Mpsh8Neo6nvSHvtwmHGWUsPMg7WDXgz3fEMF5aWVxl"
"2295","unknown","2026-07-04T08:51:00.000Z","Knapa bisa beda di dokter gk demam dan di puskesmas atau posyandu bkin demam? Perbedaan vaksin nya atau gmna?? Klau posyandu gratis dan klau dokter anak pasti mahal, yg buat perbedaan itu apanya kira2?? Apa gak sama komposisi vaksin nya atau gmna???","","0","0","0","-1","https://web.facebook.com/dhianliestya.cimcim/posts/pfbid01TTzDW36THfMUr3MaXwptZ1Mpsh8Neo6nvSHvtwmHGWUsPMg7WDXgz3fEMF5aWVxl"
"2296","unknown","2026-07-04T16:51:00.000Z","selalu d posyandu, atau kalo pas obat ny habis dan emang jadwalny mepet ya ke bidan yg dulu tempat melahirkan juga, intinya yg penting anak imunisasi selesai tepat waktu, Alhamdulillah efek ny sekarang jarang sekali demam bapil dll","","0","0","0","-1","https://web.facebook.com/dhianliestya.cimcim/posts/pfbid01TTzDW36THfMUr3MaXwptZ1Mpsh8Neo6nvSHvtwmHGWUsPMg7WDXgz3fEMF5aWVxl"
"2297","unknown","2026-07-04T20:54:00.000Z","Anak pertama imunisasi selalu siposiandu,anak kedua imunisasi di dok sampe umur 3bln selanjutnya doknya sendiri kasih saran buat lanjut imunisasi siposiandu,tapi meski selama 3bln imunisasinya di dok sa tetap rutin ke posiandu setiap bulannya,anak kedua full siposiandu,anak keempat juga begitu","","0","0","0","-1","https://web.facebook.com/dhianliestya.cimcim/posts/pfbid01TTzDW36THfMUr3MaXwptZ1Mpsh8Neo6nvSHvtwmHGWUsPMg7WDXgz3fEMF5aWVxl"
"2298","unknown","2026-07-05T09:50:00.000Z","Pengalaman ke 3 anakku kalau akan di vaksin di posyandu sebelum di vaksin lgsg saya ksih minum Sanmol ,dijamin gak akan demam debay ny","","0","0","0","-1","https://web.facebook.com/dhianliestya.cimcim/posts/pfbid01TTzDW36THfMUr3MaXwptZ1Mpsh8Neo6nvSHvtwmHGWUsPMg7WDXgz3fEMF5aWVxl"
"2299","unknown","2026-07-05T09:17:00.000Z","Keponakanku tanpa diimunisasi sama sekali.  Alhamdulillah badannya sehat,  skrg sdh SMA.","","0","0","0","-1","https://web.facebook.com/dhianliestya.cimcim/posts/pfbid01TTzDW36THfMUr3MaXwptZ1Mpsh8Neo6nvSHvtwmHGWUsPMg7WDXgz3fEMF5aWVxl"
"2300","unknown","2026-07-04T04:17:00.000Z","Alhamdulillah di sini dapet puskesmas yang imunisasi nya geratis, bisa sambil konsul, ada tempat bermain nya juga pas nunggu antrian. Dan menurutku jarang bangett kosong ketersediaan nya","","0","0","0","-1","https://web.facebook.com/dhianliestya.cimcim/posts/pfbid01TTzDW36THfMUr3MaXwptZ1Mpsh8Neo6nvSHvtwmHGWUsPMg7WDXgz3fEMF5aWVxl"
"2301","unknown","2026-07-03T16:16:00.000Z","Kampng ku byr tempat imunisasi bale deso imunisasi byre 20 ribu imunisasi suntik 2 kali","","0","0","0","-1","https://web.facebook.com/dhianliestya.cimcim/posts/pfbid01TTzDW36THfMUr3MaXwptZ1Mpsh8Neo6nvSHvtwmHGWUsPMg7WDXgz3fEMF5aWVxl"
"2302","unknown","2026-07-02T12:17:00.000Z","Terimakasih sudah support akun saya, semoga setelah ini akun anda gacor..  https://www.facebook.com/dhianliestya.cimcim/subscribenow?surface=pinned_comments","","0","0","0","-1","https://web.facebook.com/dhianliestya.cimcim/posts/pfbid01TTzDW36THfMUr3MaXwptZ1Mpsh8Neo6nvSHvtwmHGWUsPMg7WDXgz3fEMF5aWVxl"
"2303","unknown","2026-07-03T14:57:00.000Z","Di posyandu vaksin dari pemerintah dan sudah ada jadwalnya. Di RS vaksinnya beli dan kita bisa pilih jadwal sendiri. Ada juga yg impor dari luar negeri sehingga anak tdk demam.","","0","0","0","-1","https://web.facebook.com/dhianliestya.cimcim/posts/pfbid01TTzDW36THfMUr3MaXwptZ1Mpsh8Neo6nvSHvtwmHGWUsPMg7WDXgz3fEMF5aWVxl"
"2304","unknown","2026-07-03T13:04:00.000Z","Dr imunisasi BCG ank ku d rs..byr 200rb,,DPT 1234 campak boaster smua d rs...no demam..dompet bapak nya yg demam..krn biaya DPT1234 @2.5jt...selagi emg bs yg terbaik buat ank gpp...gak tega liat anak demam..","","0","0","0","-1","https://web.facebook.com/dhianliestya.cimcim/posts/pfbid01TTzDW36THfMUr3MaXwptZ1Mpsh8Neo6nvSHvtwmHGWUsPMg7WDXgz3fEMF5aWVxl"
"2305","unknown","2026-07-03T18:51:00.000Z","Knapa bisa beda di dokter gk demam dan di puskesmas atau posyandu bkin demam? Perbedaan vaksin nya atau gmna?? Klau posyandu gratis dan klau dokter anak pasti mahal, yg buat perbedaan itu apanya kira2?? Apa gak sama komposisi vaksin nya atau gmna???","","0","0","0","-1","https://web.facebook.com/dhianliestya.cimcim/posts/pfbid01TTzDW36THfMUr3MaXwptZ1Mpsh8Neo6nvSHvtwmHGWUsPMg7WDXgz3fEMF5aWVxl"
"2306","unknown","2026-07-04T02:51:00.000Z","selalu d posyandu, atau kalo pas obat ny habis dan emang jadwalny mepet ya ke bidan yg dulu tempat melahirkan juga, intinya yg penting anak imunisasi selesai tepat waktu, Alhamdulillah efek ny sekarang jarang sekali demam bapil dll","","0","0","0","-1","https://web.facebook.com/dhianliestya.cimcim/posts/pfbid01TTzDW36THfMUr3MaXwptZ1Mpsh8Neo6nvSHvtwmHGWUsPMg7WDXgz3fEMF5aWVxl"
"2307","Marpiance DY","2026-05-24T22:07:00.000Z","Iya bn, bnyak org tua yg beralsan tkut anknya demam pdhl itu hny sementara...","","0","0","0","-1","https://web.facebook.com/afpriyani.venny/posts/pfbid0Fa759wAoMTLCKNW1LXh1pShhDLWrt8Hakum6kcNBTDcpB5kZtnxUjXVbCzS6uN44l"
"2308","Fabu Ridwan II","2026-05-25T01:40:00.000Z","mslhnya adlah aku lebih percaya orang yg memberi modal/dana untuk bikin vksin.","","0","0","0","-1","https://web.facebook.com/afpriyani.venny/posts/pfbid0Fa759wAoMTLCKNW1LXh1pShhDLWrt8Hakum6kcNBTDcpB5kZtnxUjXVbCzS6uN44l"
"2309","Arsyila Arbani","2026-05-25T02:07:00.000Z","Sekarang anak k 2 kemarin baru dpt 1 , anget dikit , rewel dikit , sekarang alhamdulilah tidur nyenyak mudah""an ga anget lagi","","0","0","0","-1","https://web.facebook.com/afpriyani.venny/posts/pfbid0Fa759wAoMTLCKNW1LXh1pShhDLWrt8Hakum6kcNBTDcpB5kZtnxUjXVbCzS6uN44l"
"2310","Anty Paru Dedullah","2026-05-25T02:21:00.000Z","Anakku bulan dpn lanjut lagi udah mau dpt 3 .","","0","0","0","-1","https://web.facebook.com/afpriyani.venny/posts/pfbid0Fa759wAoMTLCKNW1LXh1pShhDLWrt8Hakum6kcNBTDcpB5kZtnxUjXVbCzS6uN44l"
"2311","Teguh Surya Wijaya","2026-05-25T03:32:00.000Z","Makax di larang imunisasi biar batuk ataupun flu sedikit saja, tdk di bolehkan. Di sini suntikan dpt, tdak ada ank bayi rewel, demam, atapun istlh bengkak, atap di kompres2 seprti suntikan BCG, hbs fi suntik lgsung main 2","","0","0","0","-1","https://web.facebook.com/afpriyani.venny/posts/pfbid0Fa759wAoMTLCKNW1LXh1pShhDLWrt8Hakum6kcNBTDcpB5kZtnxUjXVbCzS6uN44l"
"2312","Teguh Surya Wijaya","2026-05-25T03:33:00.000Z","Makax di larang imunisasi biar batuk ataupun flu sedikit saja, tdk di bolehkan. Di sini suntikan dpt, tdak ada ank bayi rewel, demam, atapun istlh bengkak, atap di kompres2 seprti suntikan BCG, hbs fi suntik lgsung main 2","","0","0","0","-1","https://web.facebook.com/afpriyani.venny/posts/pfbid0Fa759wAoMTLCKNW1LXh1pShhDLWrt8Hakum6kcNBTDcpB5kZtnxUjXVbCzS6uN44l"
"2313","Nico Prasetya","2026-05-25T04:29:00.000Z","Sales vaksin ta bu","","0","0","0","-1","https://web.facebook.com/afpriyani.venny/posts/pfbid0Fa759wAoMTLCKNW1LXh1pShhDLWrt8Hakum6kcNBTDcpB5kZtnxUjXVbCzS6uN44l"
"2314","Nimaz Aviqha","2026-05-25T04:46:00.000Z","Alhamdulilah vaksin imunisasi anakku lengkap","","0","0","0","-1","https://web.facebook.com/afpriyani.venny/posts/pfbid0Fa759wAoMTLCKNW1LXh1pShhDLWrt8Hakum6kcNBTDcpB5kZtnxUjXVbCzS6uN44l"
"2315","Indah Een Bengkel","2026-05-25T04:58:00.000Z","Aku dua ank gk pernh ikut posyando,Krena jauh dri posyandu","","0","0","0","-1","https://web.facebook.com/afpriyani.venny/posts/pfbid0Fa759wAoMTLCKNW1LXh1pShhDLWrt8Hakum6kcNBTDcpB5kZtnxUjXVbCzS6uN44l"
"2316","Ani Yasin Arsyla Alfatunisa","2026-05-25T05:08:00.000Z","Makax di larang imunisasi biar batuk ataupun flu sedikit saja, tdk di bolehkan. Di sini suntikan dpt, tdak ada ank bayi rewel, demam, atapun istlh bengkak, atap di kompres2 seprti suntikan BCG, hbs fi suntik lgsung main 2","","0","0","0","-1","https://web.facebook.com/afpriyani.venny/posts/pfbid0Fa759wAoMTLCKNW1LXh1pShhDLWrt8Hakum6kcNBTDcpB5kZtnxUjXVbCzS6uN44l"
"2317","Marpiance DY","2026-05-24T08:07:00.000Z","Iya bn, bnyak org tua yg beralsan tkut anknya demam pdhl itu hny sementara...","","0","0","0","-1","https://web.facebook.com/afpriyani.venny/posts/pfbid0Fa759wAoMTLCKNW1LXh1pShhDLWrt8Hakum6kcNBTDcpB5kZtnxUjXVbCzS6uN44l"
"2318","Fabu Ridwan II","2026-05-24T11:40:00.000Z","mslhnya adlah aku lebih percaya orang yg memberi modal/dana untuk bikin vksin.","","0","0","0","-1","https://web.facebook.com/afpriyani.venny/posts/pfbid0Fa759wAoMTLCKNW1LXh1pShhDLWrt8Hakum6kcNBTDcpB5kZtnxUjXVbCzS6uN44l"
"2319","Arsyila Arbani","2026-05-24T12:07:00.000Z","Sekarang anak k 2 kemarin baru dpt 1 , anget dikit , rewel dikit , sekarang alhamdulilah tidur nyenyak mudah""an ga anget lagi","","0","0","0","-1","https://web.facebook.com/afpriyani.venny/posts/pfbid0Fa759wAoMTLCKNW1LXh1pShhDLWrt8Hakum6kcNBTDcpB5kZtnxUjXVbCzS6uN44l"
"2320","Anty Paru Dedullah","2026-05-24T12:21:00.000Z","Anakku bulan dpn lanjut lagi udah mau dpt 3 .","","0","0","0","-1","https://web.facebook.com/afpriyani.venny/posts/pfbid0Fa759wAoMTLCKNW1LXh1pShhDLWrt8Hakum6kcNBTDcpB5kZtnxUjXVbCzS6uN44l"
"2321","Teguh Surya Wijaya","2026-05-24T13:32:00.000Z","Makax di larang imunisasi biar batuk ataupun flu sedikit saja, tdk di bolehkan. Di sini suntikan dpt, tdak ada ank bayi rewel, demam, atapun istlh bengkak, atap di kompres2 seprti suntikan BCG, hbs fi suntik lgsung main 2","","0","0","0","-1","https://web.facebook.com/afpriyani.venny/posts/pfbid0Fa759wAoMTLCKNW1LXh1pShhDLWrt8Hakum6kcNBTDcpB5kZtnxUjXVbCzS6uN44l"
"2322","Maria Chindy Mada","2026-06-23T06:58:00.000Z","banyak tentang dunia medis khususnya kandungan bersama JackAlen Moms https://www.facebook.com/chindy.anarote/subscribenow?surface=pinned_comments","","0","0","0","-1","https://web.facebook.com/chindy.anarote/posts/pfbid02N98xrauDAQQWbp6za5pKVMvRA4Rfb4tFS1RnTvMT2hMuJgrsNukewRru4UhwVfnMl"
"2323","Dayuk Kuntari","2026-06-24T05:06:00.000Z","Hidrosefalus itu ada ciri2 tertentu salah satunya matanya bulat kecil seperti ketarik ke atas gitu istilahnya apa lupa,lingkar kepala bayi tidak imbang dg usia anak tidak imbang dg badannya,!! Temannya anakku jg ada yg kepalanya besar masih SD kls 6 ukuran kopyah sudah nomor 7,padahal kepala anakku aja yg pakai kopyah no.6 saja ku kira sudah sangat besar ternyata masih ada yg lebih besar dan masya'allah mereka ini dikelas sangat pintar dan juara,jadi Hidrosefalus itu bisa terdeteksi diusia tertentu besar badan tidak seimbang dg besar kepala ,","","0","0","0","-1","https://web.facebook.com/chindy.anarote/posts/pfbid02N98xrauDAQQWbp6za5pKVMvRA4Rfb4tFS1RnTvMT2hMuJgrsNukewRru4UhwVfnMl"
"2324","Maryati Maryati","2026-06-24T06:58:00.000Z","Ank keduaku juga bgitu kpala lbih besar dan posisi Beby kpala di atas jadi harus sesar","","0","0","0","-1","https://web.facebook.com/chindy.anarote/posts/pfbid02N98xrauDAQQWbp6za5pKVMvRA4Rfb4tFS1RnTvMT2hMuJgrsNukewRru4UhwVfnMl"
"2325","Lifia","2026-06-19T14:43:00.000Z","kemudian knp ko memutuskan utk cek torch apakah ada indikasi khusus yg lain bun? sehingga dicurigai cmv jg","","0","0","0","-1","https://web.facebook.com/atenrikosasih/posts/pfbid02evCYD7x36XkibNfr4R8D65ty116mpX7A2gjVe95jmG9kv1BXFXkgUoicFumVQjGXl"
"2326","Ernik","2026-06-20T05:14:00.000Z","Kalau untuk cek cmv seperti itu apakah bisa dicover ya Bun.. izin bertanya . Sy jg punya anak berkebutuhan khusus diagnosa cerebral palsy spastik","","0","0","0","-1","https://web.facebook.com/atenrikosasih/posts/pfbid02evCYD7x36XkibNfr4R8D65ty116mpX7A2gjVe95jmG9kv1BXFXkgUoicFumVQjGXl"
"2327","Hanien Nia H Shega","2026-06-19T21:16:00.000Z","Terinfeksi CMV dan rubellanya berarti pas masih bayi ya bund?","","0","0","0","-1","https://web.facebook.com/atenrikosasih/posts/pfbid02evCYD7x36XkibNfr4R8D65ty116mpX7A2gjVe95jmG9kv1BXFXkgUoicFumVQjGXl"
"2328","Nur Eka Prasetya AyaChan","2026-06-21T02:13:00.000Z","Apa CP itu bun?","","0","0","0","-1","https://web.facebook.com/atenrikosasih/posts/pfbid02evCYD7x36XkibNfr4R8D65ty116mpX7A2gjVe95jmG9kv1BXFXkgUoicFumVQjGXl"
"2329","Ndaa","2026-06-19T14:41:00.000Z","Hanan imunisasi gk bun?","","0","0","0","-1","https://web.facebook.com/atenrikosasih/posts/pfbid02evCYD7x36XkibNfr4R8D65ty116mpX7A2gjVe95jmG9kv1BXFXkgUoicFumVQjGXl"
"2330","Andi Suharna Ningsi","2026-06-20T02:37:00.000Z","Semangat bun","","0","0","0","-1","https://web.facebook.com/atenrikosasih/posts/pfbid02evCYD7x36XkibNfr4R8D65ty116mpX7A2gjVe95jmG9kv1BXFXkgUoicFumVQjGXl"
"2331","Lifia","2026-06-19T00:43:00.000Z","kemudian knp ko memutuskan utk cek torch apakah ada indikasi khusus yg lain bun? sehingga dicurigai cmv jg","","0","0","0","-1","https://web.facebook.com/atenrikosasih/posts/pfbid02evCYD7x36XkibNfr4R8D65ty116mpX7A2gjVe95jmG9kv1BXFXkgUoicFumVQjGXl"
"2332","Ernik","2026-06-19T15:14:00.000Z","Kalau untuk cek cmv seperti itu apakah bisa dicover ya Bun.. izin bertanya . Sy jg punya anak berkebutuhan khusus diagnosa cerebral palsy spastik","","0","0","0","-1","https://web.facebook.com/atenrikosasih/posts/pfbid02evCYD7x36XkibNfr4R8D65ty116mpX7A2gjVe95jmG9kv1BXFXkgUoicFumVQjGXl"
"2333","Hanien Nia H Shega","2026-06-19T07:16:00.000Z","Terinfeksi CMV dan rubellanya berarti pas masih bayi ya bund?","","0","0","0","-1","https://web.facebook.com/atenrikosasih/posts/pfbid02evCYD7x36XkibNfr4R8D65ty116mpX7A2gjVe95jmG9kv1BXFXkgUoicFumVQjGXl"
"2334","Nur Eka Prasetya AyaChan","2026-06-20T12:13:00.000Z","Apa CP itu bun?","","0","0","0","-1","https://web.facebook.com/atenrikosasih/posts/pfbid02evCYD7x36XkibNfr4R8D65ty116mpX7A2gjVe95jmG9kv1BXFXkgUoicFumVQjGXl"
"2335","Ndaa","2026-06-19T00:41:00.000Z","Hanan imunisasi gk bun?","","0","0","0","-1","https://web.facebook.com/atenrikosasih/posts/pfbid02evCYD7x36XkibNfr4R8D65ty116mpX7A2gjVe95jmG9kv1BXFXkgUoicFumVQjGXl"
"2336","Andi Suharna Ningsi","2026-06-19T12:37:00.000Z","Semangat bun","","0","0","0","-1","https://web.facebook.com/atenrikosasih/posts/pfbid02evCYD7x36XkibNfr4R8D65ty116mpX7A2gjVe95jmG9kv1BXFXkgUoicFumVQjGXl"
"2337","unknown","2026-07-03T07:55:00.000Z","Faktor genetik","","0","0","0","-1","https://web.facebook.com/photo/?fbid=122301494840170938&set=a.122109728228170938"
"2338","unknown","2026-07-02T11:27:00.000Z","Faktor genetik","","0","0","0","-1","https://web.facebook.com/photo/?fbid=122301494840170938&set=a.122109728228170938"
"2339","M Yati Bin Hasan","2026-05-17T09:54:00.000Z","Mantap sekali bunda","","0","0","0","-1","https://web.facebook.com/photo/?fbid=122136889641070666&set=a.122103612279070666"
"2340","Puskesmas Padanglua","2026-05-11T00:48:00.000Z","Mantap mbak .izin share","","0","0","0","-1","https://web.facebook.com/photo/?fbid=122136889641070666&set=a.122103612279070666"
"2341","Sheena Carlisa","2026-05-08T00:03:00.000Z","Klu anak saya yg ketiga2xa udah lengkap apa lagi yg bungsu udah lengkap sudah ada sertifikatxa untuk balita.","","0","0","0","-1","https://web.facebook.com/photo/?fbid=122136889641070666&set=a.122103612279070666"
"2342","Dhafita Nur Azizah","2026-05-07T14:27:00.000Z","Alhamdulillah semua nya lengkap","","0","0","0","-1","https://web.facebook.com/photo/?fbid=122136889641070666&set=a.122103612279070666"
"2343","Salsa Bila","2026-05-06T11:34:00.000Z","Siap laksakan","","0","0","0","-1","https://web.facebook.com/photo/?fbid=122136889641070666&set=a.122103612279070666"
"2344","Siti Djambak","2026-05-09T02:38:00.000Z","ijin share ya KK","","0","0","0","-1","https://web.facebook.com/photo/?fbid=122136889641070666&set=a.122103612279070666"
"2345","Pak Ali Udin","2026-03-05T15:10:00.000Z","Cerita-cerita ini tentu tidak bisa diabaikan, karena memang KIPI (Kejadian Ikutan Pasca Imunisasi) itu nyata. Vaksin bukan tanpa risiko. Ada yang hanya demam ringan, ada yang pegal di lengan, dan sangat jarang terjadi kasus serius. Tidak ada yang menyangkal fakta ini.","","0","0","0","-1","https://web.facebook.com/arifianto.riyanto/posts/pfbid025d39WacQaJKxkhp18CH3WqmaaG2bBgEFvH1LCdddDGRzrAryw9HXXhZaoQAogFykl"
"2346","Wm Mrapen Abadi","2026-03-06T02:44:00.000Z","bagaimana nasib yang di suntik jika terjadi sesuatu.. apakah pihak yang menyuntik mau bertanggung jawab ..","","0","0","0","-1","https://web.facebook.com/arifianto.riyanto/posts/pfbid025d39WacQaJKxkhp18CH3WqmaaG2bBgEFvH1LCdddDGRzrAryw9HXXhZaoQAogFykl"
"2347","Lussay Nyit Nyit","2026-03-05T15:47:00.000Z","Bukan antivaksin dok hanya saja semenjak dulu kasus vaksin palsu di puskesmas yg viral itu ragu sama instansi pemerintah nya","","0","0","0","-1","https://web.facebook.com/arifianto.riyanto/posts/pfbid025d39WacQaJKxkhp18CH3WqmaaG2bBgEFvH1LCdddDGRzrAryw9HXXhZaoQAogFykl"
"2348","Titik Suharti","2026-03-05T22:59:00.000Z","Masyarakat tak butuh teori para antivak yang tak bisa kasih win solusi apalagi terjun langsung untuk menolong saat wabah melanda,  paling mereka juga menjauh tak akan mendekat apalagi merawat para korban sakit tersebut  ayolah masyarakat yang masih mempunyai hati nurani untuk berfikir yang terbaik untuk anak di masa depan karna para aktivis antivaksin tak akan menjamin kesehatan kalian,","","0","0","0","-1","https://web.facebook.com/arifianto.riyanto/posts/pfbid025d39WacQaJKxkhp18CH3WqmaaG2bBgEFvH1LCdddDGRzrAryw9HXXhZaoQAogFykl"
"2349","Sigit Purnomo","2026-03-06T03:35:00.000Z","TRUS PERTANYAAN SAYA SIMPEL APAKAH ANAK YANG MENGALAMI KIPI SAMPAI MD ADA YANG PERNAH BERTANGGUNG JAWAB??? KALIAN MALAH PLONGA PLONGO SOK PALING TAU TENTANG VAKSIN,EMANG LU TAU GAK APA KOMPOSISI VAKSIN YANG DIBERIKAN KE BAYI DAN ANAK2 LO CUMAN TAU NAMA DAN FUNGSI VAKSIN TAPI TIDAK DENGAN KANDUNGANNYA.GAK SEMUA ANAK COCOK DENGAN VAKSIN","","0","0","0","-1","https://web.facebook.com/arifianto.riyanto/posts/pfbid025d39WacQaJKxkhp18CH3WqmaaG2bBgEFvH1LCdddDGRzrAryw9HXXhZaoQAogFykl"
"2350","Tia Ummu Umar","2026-03-06T02:32:00.000Z","Pas lahir anak ke 4 vaksin DPT 1 dalam keadaan sehat tidak bapil juga, qadarullah setelah vaksin DPT 1 anak saya demam ga turun turun walau dikasih Sanmol sampai 3 hari demam ga turun, saya bawa ke DSA dan berakhir di opname dengan diagnosa Broncophonomia.","","0","0","0","-1","https://web.facebook.com/arifianto.riyanto/posts/pfbid025d39WacQaJKxkhp18CH3WqmaaG2bBgEFvH1LCdddDGRzrAryw9HXXhZaoQAogFykl"
"2351","Herlina Purwandhani","2026-03-05T20:22:00.000Z","Anak anak dulu vaksin lengkap berbayar ya dok bukan yg gratis ada yg dr spA ada yg di bidan (ada sertifikat vaksin) apakah tetap ikut vaksin gratis dr puskesmas? Karena saya ragu yg gratis2 itu terjadi kipi. Dulu anak saya vaksin memang baik baik saja dok. Alhamdulillah sehat sampai sekarang. Cacar pernah kena, campak juga tapi dengan gejala ringan..apakah masih harus vaksin lagi??? Tadinya saya provaks sekali, makin kesini jadi ragu vaksin yg gratis dr pemerintah. Ngapunten dok","","0","0","0","-1","https://web.facebook.com/arifianto.riyanto/posts/pfbid025d39WacQaJKxkhp18CH3WqmaaG2bBgEFvH1LCdddDGRzrAryw9HXXhZaoQAogFykl"
"2352","Siti Suparmiati","2026-03-06T02:30:00.000Z","Tolong dong jelasin komposisinya vaksin itu sendiri dok ? Terbuat dari bahan apa aja sih dan  proses pembuatannya seperti apa ? Yg detail sedetail²nya ya kalo jelasin komposisinya","","0","0","0","-1","https://web.facebook.com/arifianto.riyanto/posts/pfbid025d39WacQaJKxkhp18CH3WqmaaG2bBgEFvH1LCdddDGRzrAryw9HXXhZaoQAogFykl"
"2353","Bundanya Shaka Naira","2026-03-07T01:12:00.000Z","anakku yg pertama ful imunisasi knp malah jadi gampang sakit, coba para dokter edukasinya bukan cuma si suruh vaksin untuk mencegah penyakit, coba edukasinya di tambahi komposisi dari vaksin itu apa? , apa efek samping jangka panjangnya? , seperti halnya obat pasti ada efek samping nya dan tdk bisa di berikan pada org yg py penyakit tertentu, harusnya para bayi sebelum di vaksin harus di cek kesehatan dulu karna gak semua bayi bisa di vaksin, knp cuma pas ada penyakit semua nya berkoar-koar untuk vaksin, pdhl byk juga anak bayi yg meninggal sesudah vaksin bahkan ada yg lumpuh, ADHD, Autisme, sering sakit²kan, dan ketika anak ada yg sakit atau meninggal karna vaksin knp para dokter cuma diam gak ada yg bertanggungjawab?","","0","0","0","-1","https://web.facebook.com/arifianto.riyanto/posts/pfbid025d39WacQaJKxkhp18CH3WqmaaG2bBgEFvH1LCdddDGRzrAryw9HXXhZaoQAogFykl"
"2354","Nafisa Saputry","2026-03-05T14:38:00.000Z","Maaf dok Udah GK percaya vaksin","","0","0","0","-1","https://web.facebook.com/arifianto.riyanto/posts/pfbid025d39WacQaJKxkhp18CH3WqmaaG2bBgEFvH1LCdddDGRzrAryw9HXXhZaoQAogFykl"
"2355","Pak Ali Udin","2026-03-05T00:10:00.000Z","Cerita-cerita ini tentu tidak bisa diabaikan, karena memang KIPI (Kejadian Ikutan Pasca Imunisasi) itu nyata. Vaksin bukan tanpa risiko. Ada yang hanya demam ringan, ada yang pegal di lengan, dan sangat jarang terjadi kasus serius. Tidak ada yang menyangkal fakta ini.","","0","0","0","-1","https://web.facebook.com/arifianto.riyanto/posts/pfbid025d39WacQaJKxkhp18CH3WqmaaG2bBgEFvH1LCdddDGRzrAryw9HXXhZaoQAogFykl"
"2356","Wm Mrapen Abadi","2026-03-05T11:44:00.000Z","bagaimana nasib yang di suntik jika terjadi sesuatu.. apakah pihak yang menyuntik mau bertanggung jawab ..","","0","0","0","-1","https://web.facebook.com/arifianto.riyanto/posts/pfbid025d39WacQaJKxkhp18CH3WqmaaG2bBgEFvH1LCdddDGRzrAryw9HXXhZaoQAogFykl"
"2357","Lussay Nyit Nyit","2026-03-05T00:47:00.000Z","Bukan antivaksin dok hanya saja semenjak dulu kasus vaksin palsu di puskesmas yg viral itu ragu sama instansi pemerintah nya","","0","0","0","-1","https://web.facebook.com/arifianto.riyanto/posts/pfbid025d39WacQaJKxkhp18CH3WqmaaG2bBgEFvH1LCdddDGRzrAryw9HXXhZaoQAogFykl"
"2358","Titik Suharti","2026-03-05T07:59:00.000Z","Masyarakat tak butuh teori para antivak yang tak bisa kasih win solusi apalagi terjun langsung untuk menolong saat wabah melanda,  paling mereka juga menjauh tak akan mendekat apalagi merawat para korban sakit tersebut  ayolah masyarakat yang masih mempunyai hati nurani untuk berfikir yang terbaik untuk anak di masa depan karna para aktivis antivaksin tak akan menjamin kesehatan kalian,","","0","0","0","-1","https://web.facebook.com/arifianto.riyanto/posts/pfbid025d39WacQaJKxkhp18CH3WqmaaG2bBgEFvH1LCdddDGRzrAryw9HXXhZaoQAogFykl"
"2359","Sigit Purnomo","2026-03-05T12:35:00.000Z","TRUS PERTANYAAN SAYA SIMPEL APAKAH ANAK YANG MENGALAMI KIPI SAMPAI MD ADA YANG PERNAH BERTANGGUNG JAWAB??? KALIAN MALAH PLONGA PLONGO SOK PALING TAU TENTANG VAKSIN,EMANG LU TAU GAK APA KOMPOSISI VAKSIN YANG DIBERIKAN KE BAYI DAN ANAK2 LO CUMAN TAU NAMA DAN FUNGSI VAKSIN TAPI TIDAK DENGAN KANDUNGANNYA.GAK SEMUA ANAK COCOK DENGAN VAKSIN","","0","0","0","-1","https://web.facebook.com/arifianto.riyanto/posts/pfbid025d39WacQaJKxkhp18CH3WqmaaG2bBgEFvH1LCdddDGRzrAryw9HXXhZaoQAogFykl"
"2360","Rubella May Fabroa","2026-07-13T22:38:00.000Z","tito Kurt Diana","","0","0","0","-1","https://web.facebook.com/rubellamay15/posts/pfbid02qsoXZt9U3fEApeWJoxnX8woQCXgZqc9YujRGmdu6VBykzjSZTa2NcytCmBtdtZm2l"
"2361","Rubella May Fabroa","2026-07-14T14:01:00.000Z","THANK YOU EVERYONE FOR YOUR WARM GREETINGS AND WISHES","","0","0","0","-1","https://web.facebook.com/rubellamay15/posts/pfbid02qsoXZt9U3fEApeWJoxnX8woQCXgZqc9YujRGmdu6VBykzjSZTa2NcytCmBtdtZm2l"
"2362","Zhiela Mae Libo-on","2026-07-14T01:06:00.000Z","Happy birthday Jax Ryle Baluno Fabroa","","0","0","0","-1","https://web.facebook.com/rubellamay15/posts/pfbid02qsoXZt9U3fEApeWJoxnX8woQCXgZqc9YujRGmdu6VBykzjSZTa2NcytCmBtdtZm2l"
"2363","Pawie Namion","2026-07-14T03:58:00.000Z","Happy birthday little warrior ni titaaaaa","","0","0","0","-1","https://web.facebook.com/rubellamay15/posts/pfbid02qsoXZt9U3fEApeWJoxnX8woQCXgZqc9YujRGmdu6VBykzjSZTa2NcytCmBtdtZm2l"
"2364","Emily Estrevilla-Abueva","2026-07-14T10:03:00.000Z","Happy birthday Ryle! God bless","","0","0","0","-1","https://web.facebook.com/rubellamay15/posts/pfbid02qsoXZt9U3fEApeWJoxnX8woQCXgZqc9YujRGmdu6VBykzjSZTa2NcytCmBtdtZm2l"
"2365","Aimee Jagolino Los Bañez","2026-07-14T11:26:00.000Z","Happy birthday, Ryle Pogi!!","","0","0","0","-1","https://web.facebook.com/rubellamay15/posts/pfbid02qsoXZt9U3fEApeWJoxnX8woQCXgZqc9YujRGmdu6VBykzjSZTa2NcytCmBtdtZm2l"
"2366","Venz Chavez Barbosa","2026-07-14T03:22:00.000Z","Happy birthday Kuya ryle","","0","0","0","-1","https://web.facebook.com/rubellamay15/posts/pfbid02qsoXZt9U3fEApeWJoxnX8woQCXgZqc9YujRGmdu6VBykzjSZTa2NcytCmBtdtZm2l"
"2367","Yzie Mae Dela Peña","2026-07-14T04:30:00.000Z","Happy birthday, Ryle pogi!","","0","0","0","-1","https://web.facebook.com/rubellamay15/posts/pfbid02qsoXZt9U3fEApeWJoxnX8woQCXgZqc9YujRGmdu6VBykzjSZTa2NcytCmBtdtZm2l"
"2368","Shin Aiken Jeshi","2026-07-13T23:21:00.000Z","Happy Birthday, Cutie Pie Ryle !","","0","0","0","-1","https://web.facebook.com/rubellamay15/posts/pfbid02qsoXZt9U3fEApeWJoxnX8woQCXgZqc9YujRGmdu6VBykzjSZTa2NcytCmBtdtZm2l"
"2369","Ellen Erika","2026-07-14T03:48:00.000Z","Happy birthday pogi ryle","","0","0","0","-1","https://web.facebook.com/rubellamay15/posts/pfbid02qsoXZt9U3fEApeWJoxnX8woQCXgZqc9YujRGmdu6VBykzjSZTa2NcytCmBtdtZm2l"
"2370","Rubella May Fabroa","2026-07-13T08:38:00.000Z","tito Kurt Diana","","0","0","0","-1","https://web.facebook.com/rubellamay15/posts/pfbid02qsoXZt9U3fEApeWJoxnX8woQCXgZqc9YujRGmdu6VBykzjSZTa2NcytCmBtdtZm2l"
"2371","Rubella May Fabroa","2026-07-14T00:01:00.000Z","THANK YOU EVERYONE FOR YOUR WARM GREETINGS AND WISHES","","0","0","0","-1","https://web.facebook.com/rubellamay15/posts/pfbid02qsoXZt9U3fEApeWJoxnX8woQCXgZqc9YujRGmdu6VBykzjSZTa2NcytCmBtdtZm2l"
"2372","Zhiela Mae Libo-on","2026-07-13T11:06:00.000Z","Happy birthday Jax Ryle Baluno Fabroa","","0","0","0","-1","https://web.facebook.com/rubellamay15/posts/pfbid02qsoXZt9U3fEApeWJoxnX8woQCXgZqc9YujRGmdu6VBykzjSZTa2NcytCmBtdtZm2l"
"2373","Pawie Namion","2026-07-13T13:58:00.000Z","Happy birthday little warrior ni titaaaaa","","0","0","0","-1","https://web.facebook.com/rubellamay15/posts/pfbid02qsoXZt9U3fEApeWJoxnX8woQCXgZqc9YujRGmdu6VBykzjSZTa2NcytCmBtdtZm2l"
"2374","Emily Estrevilla-Abueva","2026-07-13T20:03:00.000Z","Happy birthday Ryle! God bless","","0","0","0","-1","https://web.facebook.com/rubellamay15/posts/pfbid02qsoXZt9U3fEApeWJoxnX8woQCXgZqc9YujRGmdu6VBykzjSZTa2NcytCmBtdtZm2l"
"2375","Magnolia Tribune","2026-07-09T21:31:00.000Z","Read more: https://magnoliatribune.com/.../state-health-officer.../","","0","0","0","-1","https://web.facebook.com/magnoliatribune/posts/pfbid02u8dLSJ5oCTSSJw3Km92yAVcLg3719DQ8qxqyb2MRtxwevXdXmE8tPmg9zPenq5GCl"
"2376","Bryant Walker","2026-07-12T02:01:00.000Z","When you Clown around, you fall down.......","","0","0","0","-1","https://web.facebook.com/magnoliatribune/posts/pfbid02u8dLSJ5oCTSSJw3Km92yAVcLg3719DQ8qxqyb2MRtxwevXdXmE8tPmg9zPenq5GCl"
"2377","Nancy RK","2026-07-10T13:52:00.000Z","I have a 19 yo that has never had a vaxxci. Ask me how it's done without fear.","","0","0","0","-1","https://web.facebook.com/magnoliatribune/posts/pfbid02u8dLSJ5oCTSSJw3Km92yAVcLg3719DQ8qxqyb2MRtxwevXdXmE8tPmg9zPenq5GCl"
"2378","Katrenia Durr","2026-07-10T12:59:00.000Z","Well, I’ll put it this way: Measles is a very successful organism/virus/disease.","","0","0","0","-1","https://web.facebook.com/magnoliatribune/posts/pfbid02u8dLSJ5oCTSSJw3Km92yAVcLg3719DQ8qxqyb2MRtxwevXdXmE8tPmg9zPenq5GCl"
"2379","Julie Moreau","2026-07-09T22:04:00.000Z","Yeah, don’t poison your children anymore. Read the warning labels.","","0","0","0","-1","https://web.facebook.com/magnoliatribune/posts/pfbid02u8dLSJ5oCTSSJw3Km92yAVcLg3719DQ8qxqyb2MRtxwevXdXmE8tPmg9zPenq5GCl"
"2380","Butch Thurman","2026-07-09T22:48:00.000Z","Do 3 foot  cost less?","","0","0","0","-1","https://web.facebook.com/magnoliatribune/posts/pfbid02u8dLSJ5oCTSSJw3Km92yAVcLg3719DQ8qxqyb2MRtxwevXdXmE8tPmg9zPenq5GCl"
"2381","Misty Huggins Rickman","2026-07-11T05:48:00.000Z","Mississippi has religious exemptions from vaccines! Easy peasy. One and done per child, not an annual thing. Thanks to Informed Consent Action Network, Aaron Siri, and","","0","0","0","-1","https://web.facebook.com/magnoliatribune/posts/pfbid02u8dLSJ5oCTSSJw3Km92yAVcLg3719DQ8qxqyb2MRtxwevXdXmE8tPmg9zPenq5GCl"
"2382","Matt Bullock","2026-07-09T22:12:00.000Z","Good thing measles isn’t a bad deal then","","0","0","0","-1","https://web.facebook.com/magnoliatribune/posts/pfbid02u8dLSJ5oCTSSJw3Km92yAVcLg3719DQ8qxqyb2MRtxwevXdXmE8tPmg9zPenq5GCl"
"2383","unknown","2026-07-13T12:28:00.000Z","Tell your right wing friends to stop pushing antivax nonsense.","","0","0","0","-1","https://web.facebook.com/magnoliatribune/posts/pfbid02u8dLSJ5oCTSSJw3Km92yAVcLg3719DQ8qxqyb2MRtxwevXdXmE8tPmg9zPenq5GCl"
"2384","Jeff Kempton","2026-07-09T21:58:00.000Z","Very successful anti vaccines propaganda campaign they have been running unfortunately.","","0","0","0","-1","https://web.facebook.com/magnoliatribune/posts/pfbid02u8dLSJ5oCTSSJw3Km92yAVcLg3719DQ8qxqyb2MRtxwevXdXmE8tPmg9zPenq5GCl"
"2385","Magnolia Tribune","2026-07-09T07:31:00.000Z","Read more: https://magnoliatribune.com/.../state-health-officer.../","","0","0","0","-1","https://web.facebook.com/magnoliatribune/posts/pfbid02u8dLSJ5oCTSSJw3Km92yAVcLg3719DQ8qxqyb2MRtxwevXdXmE8tPmg9zPenq5GCl"
"2386","Bryant Walker","2026-07-11T12:01:00.000Z","When you Clown around, you fall down.......","","0","0","0","-1","https://web.facebook.com/magnoliatribune/posts/pfbid02u8dLSJ5oCTSSJw3Km92yAVcLg3719DQ8qxqyb2MRtxwevXdXmE8tPmg9zPenq5GCl"
"2387","Nancy RK","2026-07-09T23:52:00.000Z","I have a 19 yo that has never had a vaxxci. Ask me how it's done without fear.","","0","0","0","-1","https://web.facebook.com/magnoliatribune/posts/pfbid02u8dLSJ5oCTSSJw3Km92yAVcLg3719DQ8qxqyb2MRtxwevXdXmE8tPmg9zPenq5GCl"
"2388","Katrenia Durr","2026-07-09T22:59:00.000Z","Well, I’ll put it this way: Measles is a very successful organism/virus/disease.","","0","0","0","-1","https://web.facebook.com/magnoliatribune/posts/pfbid02u8dLSJ5oCTSSJw3Km92yAVcLg3719DQ8qxqyb2MRtxwevXdXmE8tPmg9zPenq5GCl"
"2389","Julie Moreau","2026-07-09T08:04:00.000Z","Yeah, don’t poison your children anymore. Read the warning labels.","","0","0","0","-1","https://web.facebook.com/magnoliatribune/posts/pfbid02u8dLSJ5oCTSSJw3Km92yAVcLg3719DQ8qxqyb2MRtxwevXdXmE8tPmg9zPenq5GCl"
"2390","Rebecca Lynn","2026-02-09T17:57:00.000Z","Check a titer & go from there. I did that last year & found my mumps protection was non existent. Got a booster.","","0","0","0","-1","https://web.facebook.com/DHSWI/posts/pfbid09QfFoNHLxVdi9HvAMjBK3SWHbAKmdRsj1E88S5kB3J6fKH5w2ikzKLmBxCvZbPGKl"
"2391","Kathy McKay","2026-02-09T18:08:00.000Z","There is also a few years in the sixties also where it is recommended to get a booster.","","0","0","0","-1","https://web.facebook.com/DHSWI/posts/pfbid09QfFoNHLxVdi9HvAMjBK3SWHbAKmdRsj1E88S5kB3J6fKH5w2ikzKLmBxCvZbPGKl"
"2392","Tom Gehrmann","2026-02-10T13:20:00.000Z","And those who were vaccinated between 1957 - 1962 & 1968 - 1989?","","0","0","0","-1","https://web.facebook.com/DHSWI/posts/pfbid09QfFoNHLxVdi9HvAMjBK3SWHbAKmdRsj1E88S5kB3J6fKH5w2ikzKLmBxCvZbPGKl"
"2393","Diane Giese","2026-02-10T19:39:00.000Z","Or have a titer done to check efficacy","","0","0","0","-1","https://web.facebook.com/DHSWI/posts/pfbid09QfFoNHLxVdi9HvAMjBK3SWHbAKmdRsj1E88S5kB3J6fKH5w2ikzKLmBxCvZbPGKl"
"2394","Laurie O'Donnell","2026-02-09T19:52:00.000Z","Vaccinated in the 70s, titers in 2013 showed zero immunity...buckle up!","","0","0","0","-1","https://web.facebook.com/DHSWI/posts/pfbid09QfFoNHLxVdi9HvAMjBK3SWHbAKmdRsj1E88S5kB3J6fKH5w2ikzKLmBxCvZbPGKl"
"2395","Pam Poulakos","2026-02-11T03:50:00.000Z","What if you were born before 1957 but never had the measles or mumps, then you need an MMR?","","0","0","0","-1","https://web.facebook.com/DHSWI/posts/pfbid09QfFoNHLxVdi9HvAMjBK3SWHbAKmdRsj1E88S5kB3J6fKH5w2ikzKLmBxCvZbPGKl"
"2396","Sandy Yonker","2026-02-09T20:00:00.000Z","What if you had the measles before","","0","0","0","-1","https://web.facebook.com/DHSWI/posts/pfbid09QfFoNHLxVdi9HvAMjBK3SWHbAKmdRsj1E88S5kB3J6fKH5w2ikzKLmBxCvZbPGKl"
"2397","Jennifer Lewandowski","2026-02-11T03:19:00.000Z","Born in 80... got my titer drawn.... immune","","0","0","0","-1","https://web.facebook.com/DHSWI/posts/pfbid09QfFoNHLxVdi9HvAMjBK3SWHbAKmdRsj1E88S5kB3J6fKH5w2ikzKLmBxCvZbPGKl"
"2398","Felisha Dawn","2026-02-10T21:28:00.000Z","I found out when about to have children my immunity wore off. It can definitely happen.","","0","0","0","-1","https://web.facebook.com/DHSWI/posts/pfbid09QfFoNHLxVdi9HvAMjBK3SWHbAKmdRsj1E88S5kB3J6fKH5w2ikzKLmBxCvZbPGKl"
"2399","Lauren Ashley","2026-02-11T18:24:00.000Z","Sherry Stugard","","0","0","0","-1","https://web.facebook.com/DHSWI/posts/pfbid09QfFoNHLxVdi9HvAMjBK3SWHbAKmdRsj1E88S5kB3J6fKH5w2ikzKLmBxCvZbPGKl"
"2400","Rebecca Lynn","2026-02-09T02:57:00.000Z","Check a titer & go from there. I did that last year & found my mumps protection was non existent. Got a booster.","","0","0","0","-1","https://web.facebook.com/DHSWI/posts/pfbid09QfFoNHLxVdi9HvAMjBK3SWHbAKmdRsj1E88S5kB3J6fKH5w2ikzKLmBxCvZbPGKl"
"2401","Kathy McKay","2026-02-09T03:08:00.000Z","There is also a few years in the sixties also where it is recommended to get a booster.","","0","0","0","-1","https://web.facebook.com/DHSWI/posts/pfbid09QfFoNHLxVdi9HvAMjBK3SWHbAKmdRsj1E88S5kB3J6fKH5w2ikzKLmBxCvZbPGKl"
"2402","Tom Gehrmann","2026-02-09T22:20:00.000Z","And those who were vaccinated between 1957 - 1962 & 1968 - 1989?","","0","0","0","-1","https://web.facebook.com/DHSWI/posts/pfbid09QfFoNHLxVdi9HvAMjBK3SWHbAKmdRsj1E88S5kB3J6fKH5w2ikzKLmBxCvZbPGKl"
"2403","Diane Giese","2026-02-10T04:39:00.000Z","Or have a titer done to check efficacy","","0","0","0","-1","https://web.facebook.com/DHSWI/posts/pfbid09QfFoNHLxVdi9HvAMjBK3SWHbAKmdRsj1E88S5kB3J6fKH5w2ikzKLmBxCvZbPGKl"
"2404","Laurie O'Donnell","2026-02-09T04:52:00.000Z","Vaccinated in the 70s, titers in 2013 showed zero immunity...buckle up!","","0","0","0","-1","https://web.facebook.com/DHSWI/posts/pfbid09QfFoNHLxVdi9HvAMjBK3SWHbAKmdRsj1E88S5kB3J6fKH5w2ikzKLmBxCvZbPGKl"
"2405","Dahiru Bara'u","2026-07-09T06:38:00.000Z","Dr sulaiman halladu and your team work may almighty Allah continiu to elevate your rank ,wish you all the best.","","0","0","0","-1","https://web.facebook.com/photo/?fbid=1033415379241970&set=pcb.1033415919241916"
