index,account,postdate,tweet,link,comments,retweets,likes,views,replysource
1,"rsjasakartini","2026-03-16T02:54:33.000Z","_*POV : Ketika pasien fisioterapi ternyata mantan sendiri.*_  Momen yang tidak terduga, tapi terapi tetap berjalan seperti biasa. Karena yang terpenting adalah membantu pasien pulih dan kembali beraktivitas dengan nyaman.  Apapun keluhannya, mulai dari nyeri punggung, cedera olahraga, pasca operasi, hingga gangguan gerak, tim kami siap membantu Anda kembali beraktivitas dengan nyaman.  *Klinik Rehabilitasi Medik & Klinik Intervensi Nyeri RS Jasa Kartini* Solusi tepat untuk mengurangi nyeri, meningkatkan fungsi tubuh, dan kualitas hidup yang lebih baik.  Yuk, konsultasikan keluhan Anda bersama dokter dan tim rehabilitasi medik kami. Karena hidup lebih nyaman dimulai dari tubuh yang sehat dan bebas nyeri.  #RSJasaKartini #RehabilitasiMedikRSJK #KlinikIntervensiNyeriRSJK #Fisioterapi #BecauseweCARE",https://www.instagram.com/p/DV7eJJbEeZb/,1,0,978,-1,NaN
2,"yournurse_15","2026-04-01T09:47:03.000Z","Se gak enak itu kah jadi perawat 😥 sampe se gak mau itu 😭  #perawat #nurse #perawatparodi #nursehumor #nursememes",https://www.instagram.com/p/DWlaOIfkb7j/,5,0,163,-1,NaN
3,"kemendukbangga_bkkbnbengkulu","2026-03-17T01:45:57.000Z","𝗕𝘂𝘁𝘂𝗵 𝗜𝗻𝗳𝗼𝗿𝗺𝗮𝘀𝗶, 𝗗𝗮𝘁𝗮, 𝗮𝘁𝗮𝘂𝗽𝘂𝗻 𝗙𝗮𝘀𝗶𝗹𝗶𝘁𝗮𝘀𝗶 𝗧𝗲𝗿𝗸𝗮𝗶𝘁 𝗟𝗮𝘆𝗮𝗻𝗮𝗻 𝗱𝗶 𝗞𝗮𝗻𝘁𝗼𝗿 𝗞𝗲𝗺𝗲𝗻𝗱𝘂𝗸𝗯𝗮𝗻𝗴𝗴𝗮/𝗕𝗞𝗞𝗕𝗡 𝗣𝗲𝗿𝘄𝗮𝗸𝗶𝗹𝗮𝗻 𝗕𝗞𝗞𝗕𝗡 𝗣𝗿𝗼𝘃𝗶𝗻𝘀𝗶 𝗕𝗲𝗻𝗴𝗸𝘂𝗹𝘂? 🤔😉  Halo #SobatKemendukbangga_BKKBNBengkulu 👋✨  Pelayanan publik yang prima adalah hak Anda. Kantor Kemendukbangga/BKKBN Perwakilan BKKBN Provinsi Bengkulu selalu terbuka bagi seluruh masyarakat yang memerlukan fasilitasi dan informasi terkait Program Bangga Kencana maupun layanan kedinasan lainnya.  Melalui standar pelayanan ini, kami siap mempermudah kebutuhan Sahabat di berbagai bidang. Dengan program yang tentunya telah terintegrasi dengan standar layanan Program Bangga Kencana dan program prioritas Kemendukbangga/BKKBN diantaranya GENTING, TAMASYA, GATI, SIDAYA dan Penyaluran MBG 3B.  Tentunya seluruh kemudahan akses dan kepastian prosedur ini merupakan wujud nyata kami sebagai ASN yang siap mengimplementasikan nilai 𝗕𝗲𝗿𝗔𝗞𝗛𝗟𝗔𝗞 (Berorientasi Pelayanan, Akuntabel, Kompeten, Harmonis, Loyal, Adaptif, dan Kolaboratif)  demi memberikan pelayanan terbaik bagi seluruh masyarakat Provinsi Bengkulu! 🤝💙  💡 𝘛𝘪𝘱𝘴: 𝘑𝘢𝘯𝘨𝘢𝘯 𝘭𝘶𝘱𝘢 𝘚𝘈𝘝𝘌 𝘱𝘰𝘴𝘵𝘪𝘯𝘨𝘢𝘯 𝘪𝘯𝘪 𝘢𝘨𝘢𝘳 𝘵𝘪𝘥𝘢𝘬 𝘭𝘶𝘱𝘢 𝘴𝘺𝘢𝘳𝘢𝘵 𝘥𝘢𝘯 𝘢𝘭𝘶𝘳𝘯𝘺𝘢 𝘴𝘢𝘢𝘵 𝘣𝘦𝘳𝘬𝘶𝘯𝘫𝘶𝘯𝘨 𝘢𝘵𝘢𝘶 𝘮𝘦𝘯𝘨𝘢𝘫𝘶𝘬𝘢𝘯 𝘭𝘢𝘺𝘢𝘯𝘢𝘯 𝘬𝘦 𝘬𝘢𝘯𝘵𝘰𝘳 𝘬𝘢𝘮𝘪.  Punya pertanyaan seputar layanan kami? Yuk, tulis di kolom komentar atau hubungi kami via WhatsApp di nomor yang tertera di Bio 😉👍🏻  Cc @prabowo  @kemendukbangga_bkkbn  @wihaji.pwh  @isyanabagoesoka  @zamhir_s  @birosdmkemendukbangga  #banggakencana #pelayanankantorbkkbnbengkulu #kemendukbangga  #pelayananpublik",https://www.instagram.com/p/DV97TlAgbj0/,7,0,25,-1,NaN
4,"patriciatjung","2026-06-03T05:26:51.000Z","🔥🔥 Asal masuk Rumah sakit bisa bikin telat treatment yang tepat 😰😰  Akhirnya karena g penasaran, kenapa 3 RS beda dengan 3 orang beda ya g sebetulnya final Diagnosis nya STROKE bisa gak ketawan Dari awal ke RS  Well karena ternyata TIDAK semua RS itu STROKE READY , so mereka hanya akan mengecek tidak sampai tuntas ( well maybe gak semua RS but ini karena pribadi baru dapet 3 case berbeda yang ternyata STROKE , tapi diagnosa tidak tidak lurus Dari awal masuk RS malah baru ketahuan 2 minggu sampai 2 tahun kemudian )  Quite curious awalnya since aku ada pengalaman pribadi Dari bokap sampe suami sendi stroke Dan Beruntungnya ketawan semua di awal even di golden period nya , Dan pas cari info RS yang stroke ready thx GOD nya dulu papa n suami masuk RS yang tepat.  Agak sedih sebetulnya karena ternyata 1 Indonesia itu RS stroke ready itu Sangat sedikit  Well aku bakal bedah detailnya lagi di next post   #PatriciaTjung #StrokeAwareness #kesehatan #LiterasiDigital #literasikesehatan",https://www.instagram.com/p/DZETBpYuimy/,4,0,241,-1,NaN
5,"rsunpad","2026-06-12T08:21:34.000Z","Hai, Sobat RS Unpad! Mau pindah faskes BPJS Kesehatan supaya lebih dekat dan praktis? Tenang, prosesnya mudah dan bisa kamu lakukan langsung dari rumah! 🗒️  Geser ke kanan untuk tahu langkah-langkahnya, yuk!  #BPJSKesehatan #PindahFaskes #RumahSakitUnpad  ———————————— Rumah Sakit Universitas Padjadjaran Jl. Ir. Soekarno Km. 21 Jatinangor, Sumedang 45363 WhatsApp Call Center: ‪‪+62 823-2332-0004‬‬ Saran dan Keluhan:  https://bit.ly/SarandanKeluhanRSUnpad ———————————— Instagram: @rsunpad TikTok: @rsunpad Twitter: @rsunpad",https://www.instagram.com/p/DZeo63qRj2y/,11,0,128,-1,NaN
6,"pkmpondokgede","2026-06-12T16:04:57.000Z","📢🏥 Informasi Jadwal Pelayanan UPTD Puskesmas Pondokgede 🏥📢  Untuk memberikan pelayanan kesehatan yang optimal, berikut kami informasikan jadwal pelayanan UPTD Puskesmas Pondokgede agar masyarakat dapat merencanakan kunjungan dengan lebih mudah dan nyaman.  🕒 Jam Operasional 📅 Senin–Kamis : 07.00 – 14.30 WIB 📅 Jumat : 07.00 – 14.00 WIB 📅 Sabtu : 07.30 – 14.00 WIB  📝 Jam Pendaftaran 📅 Senin–Kamis : 07.30 – 13.30 WIB 📅 Jumat : 07.30 – 13.30 WIB 📅 Sabtu : 08.00 – 13.30 WIB  ☕ Jam Istirahat 📅 Senin–Kamis : 12.00 – 13.00 WIB 📅 Jumat : 11.45 – 12.45 WIB 📅 Sabtu : 12.00 – 13.00 WIB  📌 Pelayanan tutup pada Hari Minggu, Hari Libur Nasional, dan Cuti Bersama, kecuali pelayanan kegawatdaruratan sesuai ketentuan yang berlaku.  💡 Untuk menghemat waktu tunggu, bagi peserta JKN/BPJS Kesehatan, jangan lupa melakukan pendaftaran melalui aplikasi Mobile JKN sebelum datang ke Puskesmas.  🤝 Terima kasih atas kepercayaan masyarakat kepada UPTD Puskesmas Pondokgede. Kami berkomitmen memberikan pelayanan kesehatan yang profesional, ramah, cepat, dan berkualitas.  #kotabekasi #kotabekasikeren #kotapatriot #dinkeskotabekasi #puskesmaspondokgede @mastriadhianto  @harris.bobihoe  @satriasriwijayanti @hadi_prabowo84  @dinkeskotabekasi  @promkeskotabekasi",https://www.instagram.com/p/DZfeqqRBkTJ/,0,0,6,-1,NaN
7,"rsunpad","2026-05-04T07:10:50.000Z","Hai, Sobat RS Unpad! Mau pindah faskes BPJS Kesehatan supaya lebih dekat dan praktis? Tenang, prosesnya mudah dan bisa kamu lakukan langsung dari rumah! 🗒️  Geser ke kanan untuk tahu langkah-langkahnya, yuk!  #BPJSKesehatan #PindahFaskes #RumahSakitUnpad  ———————————— Rumah Sakit Universitas Padjadjaran Jl. Ir. Soekarno Km. 21 Jatinangor, Sumedang 45363 WhatsApp Call Center: ‪‪+62 823-2332-0004‬‬ Saran dan Keluhan:  https://bit.ly/SarandanKeluhanRSUnpad ———————————— Instagram: @rsunpad TikTok: @rsunpad Twitter: @rsunpad",https://www.instagram.com/p/DX6GpgFEZI4/,1,0,54,-1,NaN
8,"puskesmasketapangdua","2026-06-04T11:25:56.000Z","Pemeriksaan  Kesehatan Gratis ( PKG) di hari ulang tahun adalah langkah strategis pemerintah untuk meningkatkan kesadaran masyarakat akan pentingnya kesehatan.  Ayo lakukan Pemeriksaan Kesehatan Gratis di Hari Ulang Tahun Mu  #Orang yang mengabaikan kesehatan dirinya adalah orang yang menabung masalah untuk masa depannya#",https://www.instagram.com/p/DZKYdF1O6kg/,0,0,5,-1,NaN
9,"drmichael.internist","2026-03-10T04:30:44.000Z","⚡️ “Cuma ruam biasa?” Eits… jangan salah! Bisa jadi itu herpes zoster 😱  Pernah ngerasa nyeri seperti ditusuk-tusuk atau terbakar di satu sisi tubuh… lalu muncul ruam berisi cairan? Hati-hati, itu bisa jadi cacar ular! 🐍  👀 Kenapa harus waspada? Karena herpes zoster bukan cuma soal kulit! Virusnya (reaktivasi dari cacar air) bisa menyerang saraf dan bikin nyeri hebat bahkan setelah ruam hilang 😖  🚩 Tanda-tanda yang sering muncul: • Nyeri atau sensasi terbakar di satu sisi tubuh • Ruam merah → lepuhan berisi cairan • Biasanya hanya di satu sisi (tidak menyebar ke kanan-kiri) • Bisa disertai demam atau lemas  ⚠️ Siapa yang lebih berisiko? • Usia >50 tahun • Imunitas menurun (diabetes, kanker, obat imunosupresif) • Riwayat cacar air sebelumnya  ⏰ Ingat! Semakin cepat ditangani (ideal <72 jam), semakin kecil risiko komplikasi seperti nyeri saraf kronis (post-herpetic neuralgia)  💡 Jangan tunggu parah! Kalau muncul gejala mencurigakan → segera konsultasi ke dokter  #HerpesZoster #CacarUlar #fyp #internis",https://www.instagram.com/p/DVsMXN5AEV8/,433,0,247,-1,NaN
10,"puskesmasperumdua","2026-06-23T02:36:07.000Z","🩺 Punya darah tinggi atau diabetes? Kamu WAJIB tau ini! Selama ini mikir penyakit kronis = kontrol seumur hidup yang ribet dan mahal? Ternyata ada program GRATIS dari Puskesmas yang bisa bantu kamu kelola kondisi ini dengan lebih tenang — namanya PROLANIS 🌱 Bukan cuma berobat pas sakit doang, tapi kamu bakal dapat:  ✅ Cek kesehatan rutin (gula darah, tensi)  ✅ Edukasi & konsultasi langsung sama tenaga medis  ✅ Obat & jadwal kontrol yang lebih teratur Jadi nggak ada lagi cerita lupa kontrol atau telat minum obat 💊 Yuk tonton videonya sampai habis, terus daftar Prolanis di Puskesmas terdekat! Khusus warga Sungai Beliung, langsung aja ke UPT Puskesmas Perumnas II ya 😊 Penyakit kronis bukan akhir dari segalanya — asal dikelola dengan benar, hidup tetap bisa produktif dan berkualitas! 💪 📍 UPT Puskesmas Perumnas II, Pontianak Barat  📲 Info lebih lanjut: DM kami atau langsung datang ya! .  .  .  #bpjskesehatan #KontenEdukasiJKN #Prolanis #PenyakitKronis #DiabetesAwareness #HipertensiKontrol #PuskesmasPerumnasII #PontianakSehat #JKNKIS #BPJSKesehatan #GERMAS #HidupSehat #EduFast #KesehatanMasyarakat #PontianakBarat #SehatItuPenting #KontrolRutin",https://www.instagram.com/p/DZ6W1R5yxZx/,0,0,4,-1,NaN
11,"puskesmastanjungpriok","2026-06-03T07:41:03.000Z","Slot Terbatas! Jadwal Pijat Bayi Bulan Juli Sudah Buka Pendaftaran 🗓️👶  Bunda, si kecil sering rewel atau tidurnya kurang nyenyak? Manjakan buah hati tercinta dengan stimulasi pijat bayi yang aman dan profesional di Puskesmas Kecamatan Tanjung Priok.  Layanan khusus bagi bayi usia 0 s.d. 24 bulan ini hadir dengan biaya yang terjangkau, hanya Rp 75.000 per sesi. Untuk detail pilihan hari dan jam operasionalnya, bisa langsung Bunda cek pada gambar di atas, ya!  💌 Cara Pendaftaran: Silakan hubungi atau kirim pesan via WhatsApp ke nomor 0812-8199-3924.  ⚠️ Informasi Penting: * Sesi pijat sebaiknya ditunda jika si kecil sedang demam, sakit, atau baru saja mendapatkan imunisasi. * Mohon hadir tepat waktu. Keterlambatan lebih dari 30 menit akan otomatis membatalkan reservasi.  Jangan sampai kehabisan kuota, yuk booking jadwalnya dari sekarang! 🚀  #PuskesmasPriok #KilasSehatPriok #JadwalJuli #PijatBayiSehat #InfoLayanan",https://www.instagram.com/p/DZHZ9JIic2Y/,1,0,10,-1,NaN
12,"ivanaandjoanna","2026-06-02T07:47:53.000Z","hati dan pikiran tenang seketika ❤️ • #instareels #reelsoftheday #fypppppppppppppppppppppppppppppppppppppppppppppppppppppppppppppppppppppp #GodisGood",https://www.instagram.com/p/DZE1uDNT4ef/,74,0,149,-1,NaN
13,"kliniknomorsatu","2026-04-07T08:36:50.000Z","🌍✈️ Mau ke luar negeri? Jangan lupa vaksinasi internasional!  Bagi Anda yang akan melakukan perjalanan ke luar negeri, termasuk ibadah Haji dan Umrah, pastikan persyaratan vaksinasi sudah terpenuhi agar perjalanan lebih aman dan nyaman.  💉 Layanan Vaksinasi Internasional di Klinik Nomor Satu ✅ Meningitis – Rp305.000 ✅ Influenza – Rp225.000 ✅ Polio – Rp170.000  📍 Klinik Nomor Satu Jl. By Pass KM. 10 Simp. Taruko (Seberang Basko City Mall)  📲 Informasi & Pendaftaran: WhatsApp: 0811-6680-474 Instagram: @kliniknomorsatu  Jangan tunda persiapan perjalanan Anda. Lindungi diri dan keluarga dengan vaksinasi yang tepat sebelum berangkat! 🌎💙  #VaksinasiInternasional #VaksinMeningitis #VaksinInfluenza #VaksinPolio #Haji2026 Umrah2026 TravelSehat KlinikNomorSatu Padang VaksinPerjalanan HealthyTravel TravelAbroadSafely",https://www.instagram.com/p/DW0vBdCkURU/,0,0,1,-1,NaN
14,"inibaskara_","2026-03-10T03:13:48.000Z","Tips bantu anak biar ga kembung. Tag ibu dan ayah genz kalian  #bayikentut #faktabayi #carabayikentut #bayikembung #newborn",https://www.instagram.com/p/DVsDWUtEtYn/,175,0,107,-1,NaN
15,"dinkesp2kblumajang","2026-01-15T09:27:01.000Z","Punya badan ideal nggak cuma angan - angan, eksekusi sekarang di BKOR PIPPM Lumajang!  Bukan sembarang tempat gym, ini Pusat Kebugaran Paling Lengkap di Lumajang! Dari pemula sampai pro, semua kita kawal sampai bugar!  Kenapa Pilih Kita? - Cek Fisik Akurat: Tes Komposisi Tubuh (Body Fat Analyzer), & Konsultasi Gizi bareng Ahlinya.Tes Kebugaran Total: Push-up, Sit-up, hingga Fleksibilitas dilengkapi Program Latihan pribadi! Kelas Rutin: Zumba, Poundfit, Yoga, Aerobik, Senam Ibu Hamil, Senam Lansia juga ada Terapi Akupuntur dengan tenaga ahli  Join sekarang ⏰ Buka: Senin–Jumat | 06.30–21.00 WIB  📍 Lokasi: Jl. Kapten Suwandak No. 76, Lumajang  📞 Pendaftaran & Info: (Zaki) 0851 3850 2365  Aku CEO yang sedang menyamar,  Beli pisang di pinggir jalan.  Daripada angan-angan badan bugar,  Mending ke BKOR kita wujudkan!  #GymLumajang #BKORPIPPM #LumajangSehat #PoundfitLumajang #ZumbaLumajang #dinkesp2kblumajang",https://www.instagram.com/p/DThrlkqEpn7/,1,0,4,-1,NaN
16,"storykidzindolr_","2026-03-08T10:58:05.000Z","Sumba bukan cuma indah… tapi juga penuh cerita, budaya, dan keunikan yang nggak ada di tempat lain 🌴✨ Dari Pasola sampai savana luasnya… ini bener-bener hidden gem Indonesia! 🇮🇩🔥 #SumbaNTT #ExploreIndonesia #WisataIndonesia #HiddenGem #BudayaIndonesia",https://www.instagram.com/p/DVnuoTaD4b7/,2,0,34,-1,NaN
17,"respons.mom","2026-03-04T05:51:08.000Z","Punya adik berarti punya kesempatan buat belajar cara menghargai orang lain dari lingkaran terdekat. Hubungan kakak-adik sering jadi latihan awal tentang batasan, komunikasi, sampai kompromi.   Kalau sejak kecil sudah terbiasa saling mendengarkan dan menghormati, besar kemungkinan pola itu kebawa juga dalam hubungan pertemanan atau kerja nantinya.  Jadi, sebelum main nyuruh, ngadu, atau usil kelewatan, coba pikir: apakah kita mau diperlakukan seperti itu juga?  Jangan lupa follow @respons.mom untuk tips dan edukasi seputar parenting lainnya! 👨‍👩‍👧  #SiblingGoals #KakakAdik #RelationshipGoals #BelajarHidup #FamilyTalk",https://www.instagram.com/p/DVc5Cg6krHn/,41,0,99,-1,NaN
18,"ceritatubuhku","2026-04-20T03:04:08.000Z","“Kadang ibu baru bukan capek ngurus bayi… tapi capek karena terus dibilang salah.”  Beda generasi, beda juga cara mengurus anak 🤍 Yang dulu dianggap biasa, sekarang banyak yang ternyata sudah tidak dianjurkan lagi demi keamanan bayi.  Mulai dari bedak berlebihan, bayi dikagetin biar gak kagetan, sampai bayi mau dikasih pisang sebelum waktunya 😔  Sebagai ibu baru, Mima cuma ingin belajar dan memberikan yang terbaik untuk bayinya… Bukan melawan orang tua, tapi mengikuti ilmu kesehatan yang sekarang sudah berkembang   Karena menjadi ibu baru itu gak mudah. Butuh dukungan, bukan tekanan terus-menerus 🥺 Pernah ngalamin beda pendapat soal ngurus bayi sama keluarga? Ceritain pengalaman kamu di komentar ya  Tag suami atau keluarga yang harus nonton video ini 🤍  #ceritamima #ceritatubuhku #mertuavsmenantu #ibunifas #parenting",https://www.instagram.com/p/DXVnI5hEmkJ/,6,0,39,-1,NaN
19,"inibaskara_","2026-01-05T02:50:05.000Z","Tips bantu anak biar ga kembung. Tag ibu dan ayah genz kalian  #bayikentut #faktabayi #carabayikentut #bayikembung #newborn",https://www.instagram.com/p/DTHOC7BEj25/,61,0,75,-1,NaN
20,"rspermatahaticikupa","2026-05-12T04:44:43.000Z","📆JADWAL POLIKLINIK📆  Halo Sahabat Permata, mimin mau kasih tau ""Jadwal Poliklinik"" terbaru nihhh. Jangan lupa dicatat baik-baik yaa!  #RSPermataHatiCikupa #jadwalpoliklinik #kabtangerang",https://www.instagram.com/p/DYOcDGpyaoa/,0,0,9,-1,NaN
21,"creator_rl4","2026-04-08T06:47:57.000Z","POV: Jadi Nakes Saat Pasien Sedang Emosi. 🩺🥺  Di balik seragam yang dipakai setiap hari, nakes juga manusia. Mereka lelah, mereka punya perasaan, tapi tetap berusaha tersenyum dan memberikan pelayanan terbaik.  Saat pasien sedang emosi, yang dibutuhkan sering kali bukan membalas dengan emosi, melainkan kesabaran, empati, dan komunikasi yang baik. ❤️  Semoga kita semua bisa saling memahami. Pasien ingin segera sembuh, nakes ingin memberikan pelayanan terbaik untuk semua.  💬 Kalau kamu berada di posisi ini, apa yang akan kamu lakukan? Pernah punya pengalaman serupa? Ceritakan di kolom komentar ya. 👇  🤍 Karena kadang, satu kalimat yang lembut bisa menenangkan lebih dari seribu amarah.  #povnakes #tenagakesehatan #nakesindonesia #puskesmas #faktakesehatan",https://www.instagram.com/p/DW3HKLOEx8z/,4,0,207,-1,NaN
22,"puskesmaskarangjati","2026-03-09T02:34:15.000Z","Berikut Jadwal Layanan Kesehatan Pemeriksaan Ibu Hamil, Pelayanan KB, Calon Pengantin (CATIN), dan Layanan Imunisasi.  Bisa simak postingan diatas ya 👆👆👆  UPTD. Puskesmas Karang Jati, Melayani Sepenuh Hati  Yuks tetap jaga kesehatan, jangan lupa Mencuci Tangan setelah beraktivitas, dan menggunakan Masker apabila Sakit.  #indonesiasehat #pemkotbalikpapan #imunisasi #KB #dinkeskotabalikpapan",https://www.instagram.com/p/DVpaNkVkWKn/,1,0,6,-1,NaN
23,"bidandewinbc","2026-03-10T04:51:20.000Z","✨ Saatnya manjakan si kecil dengan Baby Spa di Bidan Dewi NBC 💕👶  Baby Spa bukan hanya membuat bayi rileks, tetapi juga membantu merangsang tumbuh kembang, melancarkan sirkulasi darah, meningkatkan kualitas tidur, dan memberikan pengalaman bermain yang menyenangkan.  Yuk, luangkan waktu untuk memberikan perawatan terbaik bagi buah hati tercinta 🤍  📍 Bidan Dewi NBC Gentle Birth and Holistic Care for Mom and Baby 🏡 Perumahan Serasi Alam Elok Blok E1/19 📞 0895 0900 3060  ✨ Reservasi sekarang dan berikan pengalaman Baby Spa yang nyaman untuk si kecil  #babyspa #baby #babyspakarawang #pijatmurah #Bidan",https://www.instagram.com/p/DVsOyLuE9Wp/,0,0,3,-1,NaN
24,"mommydesti","2026-06-09T23:40:38.000Z","POV : masalah kesehatan ngomel karna dicegah pake cara yang bener.  ini dia tips Medis Atasi Keluhan Bumil & Bayi yang sudah benar dilakuin!  1️⃣ Bayi Gumoh: Katup lambungnya belum kuat. Gendong tegak si kecil selama 15–20 menit habis menyusu sebelum ditidurkan agar susu tidak naik kembali ke tenggorokan.  2️⃣ Kaki Bengkak Bumil: Murni karena perubahan aliran cairan tubuh. Ganjal kaki dengan bantal lebih tinggi saat rebahan dan usahakan tidur miring ke kiri untuk mengurangi bebannya.  3️⃣ Bayi Cegukan: Bukan karena kedinginan, melainkan lambung yang penuh. Redakan dengan cara menyendawakan atau menyusuinya kembali secara perlahan (STOP tempel kertas basah).  Save postingan ini biar gak lupa pas butuh nanti, dan jangan lupa share ke Pak Suami atau sesama pejuang parenting ya! Ada yang mau ditanyakan? Tulis di bawah! 👇Produk rekomendasi ada di highlight kategori SPILL PRODUK",https://www.instagram.com/p/DZYkN84p7Cz/,6,0,792,-1,NaN
25,"promkeskotabekasi","2026-04-01T07:11:48.000Z","Katanya sehat… tapi ngos-ngosan naik tangga dua anak. Katanya gak apa-apa… tapi pusing dikit langsung nyalahin cuaca. Katanya aman… tapi terakhir cek kesehatan pas bikin KTP. Ya masuk akal sih, kalau merasa sehat tanpa pernah dicek 🤷‍♂️  Daripada sok kuat tapi tensi bilang lain cerita, mending ikutan Cek Kesehatan Gratis. Gak sakit, gak mahal, gak bikin dompet nangis. Yang bikin kaget cuma hasilnya. Yuk cek sekarang, sebelum tubuh kamu update status duluan 😌🩺  @mastriadhianto  @harris.bobihoe  @pemkot_bekasi  @humaskotabekasi  @dinkeskotabekasi  @dinkesjabar  @satiaanggraini   Video AI : Tommy Alfa @rumy130523   #promkeskotabekasi #promosikesehatankotabekasi #dinaskesehatankotabekasi #kesehatanmasyarakat #cekkesehatangratis #bekasisehatbekasikeren",https://www.instagram.com/p/DWlIhp1mYdc/,1,0,34,-1,NaN
26,"bahasa_cinta_","2026-03-09T09:59:41.000Z","Siapa yang tiap pagi sudah 'olahraga jantung' lihat si kecil panjat sana-sini?  ​Tenang, kamu nggak sendirian! Sains membuktikan kalau ""baterai"" anak laki-laki itu memang beda settingan-nya. Mereka butuh gerak buat mengaktifkan pusat kendali di otaknya. Jadi, daripada dilarang, yuk kita salurkan energinya ke hal yang positif!  nah kalau anak atau keponakan laki-laki kamu gimana? Tim nggak bisa diam atau tim kalem nih? Coba absen di kolom komentar ya! 😆👇  #DramaParenting #AnakAktif  #CapCut #capcutpioneer #capcutgala2026",https://www.instagram.com/p/DVqNG_yE5R7/,1,0,363,-1,NaN
27,"rsherminasalatiga","2026-06-07T09:31:07.000Z","⚠️ WASPADA PENIPUAN MENGATASNAMAKAN RS HERMINA ⚠️  Sehubungan dengan maraknya penipuan yang mengatasnamakan RS Hermina, kami mengimbau seluruh masyarakat untuk lebih berhati-hati dan memastikan informasi hanya diperoleh melalui kanal resmi RS Hermina.  📌 Pendaftaran Pasien Resmi Hanya Melalui: ✅ Aplikasi Halo Hermina ✅ Website Resmi Hermina: www.herminahospitals.com ✅ Call Center Hermina: 1500-488 ✅ Datang langsung ke RS Hermina Salatiga  ❌ RS Hermina Salatiga tidak pernah meminta pembayaran, transfer uang, atau data pribadi. melalui nomor pribadi, media sosial tidak resmi, maupun aplikasi pesan instan untuk keperluan pendaftaran pasien.  📢 Jika Anda menerima pesan, telepon, atau informasi yang mencurigakan dan mengatasnamakan RS Hermina Salatiga, segera lakukan verifikasi melalui kanal resmi kami.  Mari bersama-sama waspada terhadap segala bentuk penipuan demi keamanan dan kenyamanan pelayanan kesehatan Anda.  RS Hermina Salatiga Mengutamakan Keselamatan, Kenyamanan, dan Kepercayaan Pasien.  #rsherminasalatiga #herminahospitals #herminalebihdekat",https://www.instagram.com/p/DZR5PsQhsCN/,5,0,94,-1,NaN
28,"puskesmaslemahabang","2026-04-03T02:54:51.000Z","Berikut Jam operasional layanan di Puskesmas Lemahabang  Notes : Pendaftaran pemeriksaan Calon Pengantin Jam 08 : 00 - 12 : 00.",https://www.instagram.com/p/DWp0tMtk41L/,0,0,5,-1,NaN
29,"orangematernity","2026-03-10T01:00:05.000Z","Fakta:  Papa Mama kerja banting tulang 💼 Debay di rumah cuma guling2 + nen 🤱 Eh yg dipijat malah debay nya 😂  Tapi tau nggak Bun?  Pijat bayi itu bukan ""manja"" loh 🤲 Manfaatnya:  Tidur nyenyak ✅ Pencernaan lancar ✅  Anti kembung & rewel ✅  Jadi wajar dong yg spa debay nya 😌 Biar yg kerja bisa fokus, yg dirumah bisa tenang ❤️  Orange Maternity & Baby Care Orange Pediatric Massage harga mulai 125k WA 08888410000  Share ke temen yg sama2 ""korban"" 😂💛",https://www.instagram.com/p/DVr0l06ErJN/,1,0,12,-1,NaN
30,"puskesmaspondokjagung","2026-06-22T14:04:00.000Z","Berikut adalah jadwal pelayanan UPTD Puskesmas Pondok Jagung yang sudah Berintegrasi Layanan Primer, Silahkan di Slide / Swipe Kanan 🙏🏻",https://www.instagram.com/p/DZ5A4ZkMg1f/,0,0,5,-1,NaN
31,"popmama_com","2025-10-21T14:32:01.000Z","Ma, Pa, setiap anak punya minat dan bakatnya masing-masing. Karena itu, si Kecil perlu ruang untuk bermain, belajar, dan bereksplorasi agar bisa menemukan apa yang mereka sukai sejak dini. 💜  Nah, lewat Cheerful Creativity Club di Pesta Anak Bahagia 2026, si Kecil usia 6-9 tahun bisa menjelajahi pengalaman seru untuk menemukan minat dan potensinya melalui aktivitas kreatif yang menyenangkan. 🧸✨  Langsung scan barcode di slide untuk mendaftar ya, Ma & Pa 💜  📍 Piazza, Gandaria City 📅 25 Juli 2026 ⏰ 10.00–19.00 WIB  #PestaAnakBahagia2026 #Popmama #TumbuhBersamaPopmama",https://www.instagram.com/p/DQExxpnkwcN/,8,0,595,-1,NaN
32,"puskesmas_sedati_sidoarjo","2026-04-07T03:25:33.000Z","[Tarif Pelayanan Puskesmas Sedati] Halo #SobatSehati😊 Berdasarkan Peraturan Daerah Kabupaten Sidoarjo No. 04 Tahun 2025 tentang Pajak Daerah dan Retribusi Daerah, berikut terkait tarif pelayanan di Puskesmas Sedati🙏🏻 Silahkan dicek pada flyer berikut ya #SobatSehati✨  @pemkabsidoarjo @dinkes_sidoarjo @lakhsmie @fa.uzi2203  #TarifPelayanan #PuskesmasSedati #DinkesSidoarjo #PemkabSidoarjo",https://www.instagram.com/p/DW0LZ07mkAQ/,1,0,7,-1,NaN
33,"dr.lia_pediatrics","2026-02-03T11:53:38.000Z","STORY TIME 😆   'dr.Lia kenapa mau jadi dokter anak?'  Saya cerita dulu kenapa saya bs jd dokter yak 😁  Yg pengen banget sy jd dokter itu Papi. Beliau atur sy msk SMP+SMA Negeri spy gampang msk FK UGM. Di SMA sy suka banget Kimia & sll dpt nilai 100 🤣 Nah lalu ada PBUD/daftar kuliah jalur prestasi. Sy terpilih utk ikut & sy bilang mau daftar Teknik Kimia UGM. Papi nggak setujuu 😆 tapi sy ngeyel 🤣 Akhirnya kita bikin perjanjian. Kalau PBUDnya lolos teknik kimia ya udah, Papi ngalah. Tapi kalau nggak masuk, sy yg harus ngalah. Yaaa akhirnya gak ketrima lah ya itu TekKim😅 doa Papi lebih kenceng kayanya 😜  Lulus SMA, sy daftar FK UGM & FK Maranatha Bandung sbg cadangan. Ujian di Bdg berjalan lebih dulu & bisa dilalui dgn baik. Menjelang ujian masuk UGM, ehhh sy sakit 3 minggu nggak beres2. Demam, diare, muntah, gitu aja berulang. Ke dokter berkali2, nggak sembuh. Dan di hari H ujian itu lagi parah2nya. Inget banget, ujian itu 2 hari. Sy demam, keringat dingin, perut mules, mual, dannnn sepanjang ujian nggak boleh keluar ke kamar mandi!! 🤢 Selesai ujian udah lemes dan pesimis bangett bisa lolos, krn kerjain tes nggak maksimal 🥹  Bbrp hari kemudian, keluar pengumuman dari Bdg kalau sy diterima & hrs daftar ulang kesana. Saya blg lg sakit, boleh nggak diwakilin oleh mami & kakak. Mereka gak bolehin 😅 Tapi kita ttep beli tiket ke Bdg, mau berusaha urus disana. Kuatir kalo sampai UGM nggak keterima, masa sy gak kuliah yhaa 😆 Tapi saat hari H mau brngkat, Papi blg 'Kalian nggak usah berangkat, Lia PASTI diterima di UGM' luar biasa bener iman Papi sy 🫶😍 Kita-nya yg deg2an huhu  Di hari pengumuman UGM, inget banget subuh2 Mami keluar rmh cari koran yg memuat hasil ujian, Papi duduk tenang di rmh, yakin bet anaknya lolos 😆  Sy liatin satu2 nama calon mahasiswa smp pake kaca pembesar, saking kecil itu tulisannya 🤣. Dann ADA LHOO nama saya 🎉🎉 Senengee polll. Puji Tuhan 🫶 nggak jd nganggur 1thn yekann 😭🥹  Well, pengaruh Ayah itu sangat besar dlm hdp sy. Visi beli",https://www.instagram.com/p/DUS6ALRD-9t/,14,0,278,-1,NaN
34,"puskesmas_magelangtengah","2026-05-22T05:35:15.000Z","Selamat Pagi  menyampaikan jadwal pelayanan dan jam buka Puskesmas Magelang Tengah beserta Puskesmas Pembantu Gelangan, Panjang dan Rejowinangun Utara",https://www.instagram.com/p/DYjeJ3RSWLH/,15,0,96,-1,NaN
35,"dr.aisyafik","2025-05-18T01:52:01.000Z","3 snack ini kelihatannya praktis… tapi sebenarnya kurang baik untuk anak 🤚  ❌ Nugget ❌ Kentang beku ❌ Sosis Kenapa? Karena ini termasuk ultra processed food (UPF) — tinggi garam, pengawet, dan rendah nutrisi. Kalau sering dikonsumsi, bisa berdampak ke kesehatan dan kebiasaan makan anak ke depannya. Lebih baik pilih yang real food ya: ✨ ayam asli ✨ kentang segar ✨ makanan rumahan Lebih simple, tapi jauh lebih sehat 💛 Anak terbiasa makan sehat itu dari kecil loh!  #mpasi #parentingsehat #dokteranak #realfood #nutrisianak",https://www.instagram.com/p/DJxuzrGh8tj/,0,0,19,-1,NaN
36,"sitizulaikah07_","2026-05-21T18:53:18.000Z","Masyallah tabarakallah Allahumma Barik ❤️  #10bulan  #vaksinJE",https://www.instagram.com/p/DYnIZnszRc4/,0,0,1,-1,NaN
37,"dokteranakkuofficial","2025-08-17T01:50:24.000Z","🚩 Red Flag Perkembangan Anak adalah tanda-tanda yang harus diwaspadai orang tua, yang dapat menandakan adanya permasalahan pada tumbuh kembang anak.👶🏻  👨🏻‍⚕ Penting bagi orang tua untuk memahami  Red Flag Perkembangan Anak di usia dini. 👶🏻 Semakin cepat dikonsultasikan dan diketahui penyebabnya, semakin baik peluang penanganannya.   🙋🏻‍♀️ Yuk ikutan webinar dengan Topik: ""5 Red Flag Perkembangan Anak Sebelum Usia 3 Tahun""  Narasumber: 👩🏻‍⚕️ dr. Eva Devita, Sp.A, Subsp.TKPS(K) - Dokter Umum Konsultan Tumbuh Kembang & Pediatri Sosial IG @dr_eva_devita_spak  Moderator: 👩🏻‍⚕️ dr. Atika Nurmalitasari, Sp.A - Dokter Umum IG @atika.dokteranak  🗓️ Minggu, 19 Juli 2026 🕖 jam 19.30 - 21.00 WIB  GRATIS! 👉 Mums cukup follow @dokteranakkuofficial dan mendaftar di: bit.ly/Web-5RedFlag  📍Jangan lupa untuk screenshoot Bukti Follow/Share nya.  Benefit: 1. E-materi 2. E-sertifikat 3. Q&A Langsung 4. Rekaman  👉 Segera Daftar. 👉 Share ke teman dan kerabat juga ya....  Salam sehat.  𝐃𝐨𝐤𝐭𝐞𝐫 𝐀𝐧𝐚𝐤𝐤𝐮 𝘚𝘢𝘩𝘢𝘣𝘢𝘵 𝘱𝘢𝘳𝘢 𝘔𝘶𝘮𝘴  #RedFlagPerkembangan #TumbuhKembang #PerkembanganMotorik #PerkembanganKognitif  #SpeechDelay",https://www.instagram.com/p/DNcCr38PmrH/,0,0,37,-1,NaN
38,"rsuherminapodomoro","2026-04-12T07:33:52.000Z","Sudahkah Semua Pemeriksaan Kehamilan Anda Lengkap?  Rutin kontrol ke dokter kandungan adalah langkah penting, tetapi jangan sampai ada pemeriksaan yang terlewat. Setiap trimester memiliki pemeriksaan yang berbeda untuk membantu memantau kesehatan ibu dan tumbuh kembang janin secara optimal.  📋 Checklist Pemeriksaan Kehamilan Trimester 1–3 Dilansir dari Kemenkes dan WHO, terdapat pemeriksaan USG awal kehamilan, pemeriksaan tekanan darah, skrining anemia, pemantauan pertumbuhan janin, hingga persiapan menjelang persalinan. Semua memiliki peran penting untuk mendeteksi risiko dan komplikasi sedini mungkin.  ✨ Mengapa pemeriksaan kehamilan penting? ✅ Memantau tumbuh kembang janin ✅ Menjaga kesehatan ibu selama kehamilan ✅ Mendeteksi risiko dan komplikasi sejak dini ✅ Membantu merencanakan persalinan yang lebih aman dan nyaman  Setiap kehamilan memiliki kebutuhan yang berbeda. Karena itu, konsultasi dan pemeriksaan secara rutin bersama dokter kandungan sangat dianjurkan agar ibu dan Si Kecil mendapatkan pemantauan terbaik.  👩‍⚕️ Bersama: Dr. dr. Martina Hutabarat, Sp.OG Dokter Spesialis Obstetri & Ginekologi  📲 WhatsApp Official Hermina Podomoro: 0851-1123-1550  Simpan postingan ini sebagai checklist pemeriksaan kehamilan Anda dan bagikan kepada calon ibu lainnya. 🤍  #ibuhamil #dokterobgyn #jakartautara #sunter #periksakehamilan #dokterkandungan #herminahospitals #programhamil #usgkehamilan",https://www.instagram.com/p/DXBfy1qFDWa/,3,0,129,-1,NaN
39,"inpopmedia","2026-04-21T09:42:47.000Z","Lamine Yamal merayakan ulang tahunnya jelang semifinal bersama rekan-rekan setim.   Dalam momen tersebut, bintang muda Spanyol itu berharap timnya mampu mengalahkan Prancis dan melaju ke final.  #inpopMedia #LamineYamal #Spanyol #WorldCup2026 #inilahcom",https://www.instagram.com/p/DXY5s_tkTF3/,1,0,11,-1,NaN
40,"puskesmas.lojejer","2026-04-24T06:44:48.000Z","🌸 PULIHKAN SENYUM, BANGKITKAN HARAPAN 🌸  Program Bantuan (operasi) dan Alat Bantu Medis Gratis Tahun 2026 untuk membantu masyarakat yang membutuhkan pelayanan kesehatan tertentu.  📌 Layanan yang tersedia: ✅ Katarak & pterigium ✅ Bibir sumbing & langit-langit ✅ Polidaktili & sindaktili ✅ Kaki talipes equinovarus/valgus ✅ Fimosis & hipospadia ✅ Hernia (anak & dewasa) ✅ Khitan (sirkumsisi) ✅ Meningokel & Hidrosefalus ✅ Kaki & tangan palsu ✅ Bola mata palsu ✅ Kacamata gratis (Siswa SD, SMA, dan Lansia)  📝 Syarat Pendaftaran Cukup membawa fotokopi KTP atau KK.  📅 Pendaftaran ditutup pada 31 Juli 2026.  Segera daftarkan diri atau keluarga Anda melalui tautan/QR Code yang tersedia pada poster, atau hubungi narahubung yang tertera.  Mari manfaatkan kesempatan ini untuk meningkatkan kualitas hidup dan menghadirkan senyum bagi mereka yang membutuhkan.  #puskesmaslojejer #jemberbarujembermaju #dinaskesehatanjember #pemdajember #bansospemkab",https://www.instagram.com/p/DXf5ipoE-z_/,18,0,41,-1,NaN
41,"bpkrisulteng","2026-04-30T10:23:35.000Z","Salam Napande!!!  Keluarga Besar BPK Perwakilan Provinsi Sulawesi Tengah Mengucapkan :  DIRGAHAYU KABUPATEN BANGGAI KE-66  8 Juli 1960 - 8 Juli 2026  ""BERGERAK MAJU, TUMBUH BERSAMA.""  ______________________________________ Website: sulteng.bpk.go.id e-ppid: sulteng-ppid.bpk.go.id X: @bpkrisulteng Tiktok: bpkrisulteng Youtube: BPK Sulteng TV Hotline BPK Sulteng: 0813-4111-1660  #hutbanggai66 #bpkrisulteng #napande #bpkpalu",https://www.instagram.com/p/DXwJdQ1y47z/,0,0,24,-1,NaN
42,"kimiafarmalab_klinik","2026-06-22T10:00:14.000Z","Lagi program hamil atau ingin cek kesiapan tubuh sebelum kehamilan?🤰✨  Ini saatnya ambil promo yang paling menarik!  Kesehatan calon ibu perlu dipantau sejak awal, karena beberapa kondisi seperti anemia, infeksi, gula darah, hingga risiko penyakit menular tertentu bisa saja tidak langsung terasa gejalanya.  Lewat promo GEMPAR – Gebyar Promo Paling Menarik Laboratorium, Kimia Farma Laboratorium & Klinik hadirkan paket pemeriksaan khusus untuk membantu kamu lebih siap dan lebih tenang dalam menjaga kesehatan.  💙 Pregnancy Package Harga spesial Rp 1.432.800,- dari harga normal Rp 1.791.000,-  💙 TORCH Package Harga spesial Rp 2.584.000,- dari harga normal Rp 3.230.000,-  📅 Periode promo: 1 Juli – 30 September 2026  Kamu juga bisa cek lebih nyaman dari rumah dengan Layanan Homecare mulai dari +Rp75.000.  Yuk, lebih tenang dalam mempersiapkan kesehatan. Karena cek dari awal bisa bantu kamu mengambil langkah yang lebih tepat untuk diri sendiri dan calon buah hati 💙  📣Reservasi sekarang dan dapatkan harga istimewa! Penawaran terbatas hingga 30 September 2026 tersedia di Laboratorium Kimia Farma.  📱Untuk pertanyaan lebih lanjut dan Reservasi Online, silahkan hubungi kami di nomor 0813-2121-0201 (WA Chat Only).  🔔Ikuti kami di Instagram, Tiktok, Facebook, dan Twitter @kimiafarmalab_klinik untuk lebih banyak info dan promo seru!  #KimiaFarmaLaboratoriumKlinik #KimiaFarmaLabKlinik #GEMPAR #PregnancyPackage #TORCHPackage",https://www.instagram.com/p/DZ4lEz3pdLJ/,1,0,37,-1,NaN
43,"alergi_imunologi_interna","2026-04-07T02:24:35.000Z","Halo, Sobat Immunity! 👋🏼  Kulit memerah setelah memakai makeup belum tentu berarti alergi. Bisa jadi itu iritasi. Lalu, bagaimana cara membedakannya?  Simak video ini dan kenali perbedaannya agar penanganannya lebih tepat 💙  #HaloSobatImmunity #AlergiImunologi #AlergiMakeup #IritasiKulit #KulitSensitif",https://www.instagram.com/p/DW0EVXykyZ3/,4,0,47,-1,NaN
44,"opalkidi.id","2026-04-13T08:35:04.000Z","Siap Hadapi 2026 dengan Imun Kuat! 💪✨  Sudah cek buku KIA si kecil atau jadwal vaksin tahunan dewasa? Jangan sampai terlewat ya! Di bulan Januari ini, OpalKiDi menyediakan layanan vaksinasi lengkap dengan harga transparan dan kompetitif. Lihat tabel harga lengkap pada postingan ini atau hubungi admin kami untuk konsultasi jenis vaksin yang tepat sesuai usia.  🏠 Layanan Kami: 1. Vaksinasi anak & dewasa 2. Konsultasi tumbuh kembang (Online & offline) 3. Poli laktasi pendamping ibu & bayi 4. Pemeriksaan laboratorium  📩 DM untuk tanya-tanya atau klik link di bio!  #klinikanakjogja #dokteranakjogja #vaksinanakjogja",https://www.instagram.com/p/DXELrK1hjtJ/,0,0,18,-1,NaN
45,"lavanyanavy","2026-04-04T14:01:41.000Z","Recap Reels playdate memarin with @bcnovember2025_  di @wisangkopi lebak bulus. Playdate bareng @childgobeyond seru banget sensory classnya. Terimakasihhhh Anya Happy sekali, sampai bertemu di next event 🤍🩷🥰💫",https://www.instagram.com/p/DWtkzh9hZY1/,91,0,669,-1,NaN
46,"puskesmaspagentan1","2026-03-10T05:24:15.000Z","""Terimakasih teman-teman semua... berkat kerja keras dan kerja cerdas kalian semua.. Tugas kita sekarang menjaga agar paripurna itu tidak sebatas sertifikat saja"" - HIDUL FITRIYATNO, S.Kep., Ns. M.H",https://www.instagram.com/p/DVsSgxNE_Fj/,0,0,12,-1,NaN
47,"telmed.fkub","2026-04-10T05:17:16.000Z","Sering merasa capek padahal aktivitas biasa saja? 🤔  Kalau kamu sering lemas, pusing, atau sulit fokus, jangan buru-buru menyalahkan kurang tidur atau banyaknya aktivitas. Bisa jadi tubuhmu sedang memberikan tanda yang sering diabaikan‼️  Di video ini, kita akan membahas: 🔎 Apa itu anemia? 🔎 Apa saja tanda-tandanya? 🔎 Dan makanan apa yang dapat mencegah anemia?  Yuk, tonton sampai selesai. Siapa tahu informasi ini bukan cuma bermanfaat untukmu, tapi juga untuk keluarga dan teman-temanmu ✨️   🚨Jika kamu sering mengalami keluhan di atas, jangan ragu untuk memeriksakan diri ke fasilitas kesehatan terdekat. Pemeriksaan dini membantu menemukan penyebabnya dan mendapatkan penanganan yang tepat 🎗️  @pujamahya @indri_aremanita @bunda.otcha  #Anemia  #EdukasiKesehatan #telemedicine #HidupSehat  #CegahAnemia",https://www.instagram.com/p/DW8FpyQE6Pl/,2,0,88,-1,NaN
48,"adihusada.uw","2025-09-06T09:31:01.000Z","✨ SOLUSI SEHAT DI HARI MINGGU!  Kini Sahabat AH ga perlu menunggu hari kerja lagi untuk cek kesehatan. Sunday Clinic RS Adi Husada Undaan Wetan hadir untuk memberikan kemudahan akses layanan kesehatan di hari Minggu.  Nikmati berbagai special benefit hingga 31 Juli 2026: 🚗 Free parkir* 💊 Free ongkir pembelian obat* 🩺 Diskon pemeriksaan penunjang* 🤰 Free USG kehamilan* *Syarat dan ketentuan berlaku.  Jadwalkan kunjungan Sahabat AH dan manfaatkan layanan berkualitas dan profesional di Sunday Clinic RS Adi Husada Undaan Wetan. 💙  Salam Sehat Adi Husada!  RS Adi Husada Undaan Wetan Jl. Undaan Wetan No. 40-44 Surabaya Telp : 031-5318000 Ext. 1114 / 2152 WA : https://wa.me/6287700176777  Follow Instagram : @adihusada.uw TikTok : @adihusada.uw Facebook : RS Adi Husada Undaan Wetan Youtube : RS Adi Husada Undaan Wetan Website : adihusadaundaan.com  #sundayclinic #promokesehatan #adihusada #rsadihusadaundaanwetan #surabaya",https://www.instagram.com/p/DOQXHe4AbUi/,1,0,52,-1,NaN
49,"rsuherminasamarinda","2026-04-03T10:25:20.000Z","✨Persalinan nyaman, pemulihan lebih cepat🤱💚  Metode persalinan dengan TAP BLOCK di RS Hermina Samarinda merupakan solusi untuk membantu mengurangi nyeri pasca operasi sehingga ibu bisa lebih nyaman menikmati momen bersama si kecil🥰  💰Hanya dengan tambahan biaya Rp2.000.000 Investasi untuk pengalaman persalinan yang lebih nyaman dan proses pemulihan yang optimal✨  #RSHerminaSamarinda #TAPBlock #PersalinanNyaman #IbuHamil #PersalinanCaesar",https://www.instagram.com/p/DWqoM7lEzlr/,10,0,243,-1,NaN
50,"emiliaamalik","2026-06-15T15:18:00.000Z","Fase Dinosaurus atau Pterodactyl phase” (fase pterodactyl) adalah tahap perkembangan bayi—biasanya usia 6½ hingga 8 bulan—saat mereka mulai berteriak melengking keras, mirip suara reptil terbang prasejarah. Ini adalah pencapaian kognitif normal dimana bayi menemukan suara mereka dan menyadari bahwa teriakan tersebut mendapat respons dari orang dewasa.  Poin-poin penting terkait “pterodactyl phase”: Penyebab: Bayi sedang bereksperimen dengan volume dan nada suara mereka, serta belajar berkomunikasi. Karakteristik: Suara melengking (screeching) yang sering muncul secara spontan, bahkan di malam hari. Penanganan: Meskipun berisik, ini adalah fase sementara dan tanda perkembangan yang sehat. Konteks Prasejarah: Istilah ini diambil dari Pterodactyl, reptil terbang dari era Mesozoikum (bukan dinosaurus) yang hidup 145-65 juta tahun lalu.  Fase ini menandai tonggak penting di mana anak “menemukan suara mereka”. #bayi #bayilucu #bayi5bulan #bayiteriak #pterodactylphase",https://www.instagram.com/p/DZnHjwNPo0O/,2,0,10,-1,NaN
51,"promkeskotabdg","2026-03-31T00:42:56.000Z","Kepala Dinas Kesehatan Kota Bandung Sony Adam membuka kegiatan Penguatan Kampung (KTR), Senin (13/07/2026) di Hotel Visaka Kota Bandung. • #dinkeskotabandung #dinkeshebat #BerAKHLAK #BanggaMelayaniBangsa • @sonyasobana @iradj74 @hmfarhanbdg @humas_bandung @diskominfobdg @dprd.kotabandung",https://www.instagram.com/p/DWh27LMCqyx/,3,0,87,-1,NaN
52,"rsdewisri.karawang","2025-10-31T08:53:49.000Z","Jangan ragu, jangan malu. Masalah kesehatan pria bisa dan harus ditangani secara medis.  💙 Male Clinic RS Dewi Sri Karawang hadir untuk membantu Anda dengan layanan khusus kesehatan pria, ditangani langsung oleh dokter spesialis andrologi.  🩺 dr. Antonius Wahyudi, MKKK., Sp.And 📅 Jadwal praktik: ▪ Senin | 16.00 – 20.00 ▪ Rabu | 17.00 – 21.00 ▪ Jumat | 08.00 – 12.00  📌 Layanan unggulan: ✔ Disfungsi ereksi ✔ Ejakulasi dini ✔ Gangguan hormon pria (andropause) ✔ Konseling seksualitas pasangan ✔ Penyakit menular seksual  Butuh informasi lebih lanjut tentang layanan kesehatan kami?  🔹 Cek jadwal dokter, layanan medis, dan informasi lainnya dengan klik link di bio! 📞 Atau hubungi kami melalui: ✅ Call Center: (0267) 402855 ✅ Customer Care: 0857-7790-7723 (Chat only) ✅ Pendaftaran Pasien: 081 111 6887 (Chat only)",https://www.instagram.com/p/DQd7YAiie_J/,1,0,19,-1,NaN
53,"dinkes_sumedang","2026-04-22T19:46:37.000Z","“⚠️ WASPADA TBC PADA ANAK! ⚠️  Ayah Bunda, TBC bukan cuma penyakit orang dewasa. Kenali gejala TBC Pada Anak:  1️⃣ Batuk lama lebih dari 2 minggu (tidak sembuh dengan obat biasa). 2️⃣ Berat badan turun/tidak naik dalam 2 bulan berturut-turut. 3️⃣ Demam lama (>2 minggu) atau demam berulang. 4️⃣ Anak lesu, kurang aktif, dan nafsu makan drastis menurun.  #DinkesSumedang #SumedangSimpatiSemakinMaju #IndonesiaEmas2045 #SumedangCityOfKnowledge #TBC  @donyahmad.munir  @fajar.aldila  @official_sekdasmd  @dik_572  @ay_andriany  @dinkesjabar  @humassumedang  @halosumedang_  @diskominfosanditiksumedang  @diskominfojabar",https://www.instagram.com/p/DXcjg00knZ5/,1,0,47,-1,NaN
54,"viataslim957","2026-04-10T15:27:59.000Z","#yeyenFashion  SEMUA ORANG",https://www.instagram.com/p/DW9MdUgkvBM/,3,0,7,-1,NaN
55,"ivaniridwan","2026-03-11T14:31:41.000Z","BAB bayi keras dan kehijauan? Yukkk di bahas #babhijau #babbayi #konstipasi",https://www.instagram.com/p/DVv2EJnkVJf/,2,0,10,-1,NaN
56,"dr.erika_kusumawardani_spog","2025-12-25T13:45:21.000Z","Siapa disini yang masih malu-malu untuk bertanya kalau masih trimester 1 itu sebenarnya boleh berhubungan gak sih ?  Nihh kita kasih jawabannyaa yaa  #trimester1 #tm1 #kramperut #infokesehatanwanita #infokesehatan #kebidanan #kandungan #dokterbatam #dokterkandunganbatam #dokterobgynbtam",https://www.instagram.com/p/DSsERmLEfm6/,2,0,15,-1,NaN
57,"ekahospital_bsd","2026-06-08T04:31:01.000Z","Ingat liburan, ingat 𝐒𝐜𝐡𝐨𝐨𝐥𝐢𝐝𝐚𝐲 𝐏𝐚𝐜𝐤𝐚𝐠𝐞 dari Eka Hospital ❤️  Yuk isi liburan sekolah dengan hal yang menyenangkan dan menyehatkan 💪🏻  Melalui 𝐒𝐜𝐡𝐨𝐨𝐥𝐢𝐝𝐚𝐲 𝐏𝐚𝐜𝐤𝐚𝐠𝐞, Eka Hospital menghadirkan berbagai penawaran spesial untuk Kids & Parents, di antaranya:  🩺𝐒𝐤𝐫𝐢𝐧𝐢𝐧𝐠 𝐓𝐮𝐦𝐛𝐮𝐡 𝐊𝐞𝐦𝐛𝐚𝐧𝐠 🩺 𝐒𝐤𝐫𝐢𝐧𝐢𝐧𝐠 𝐒𝐤𝐨𝐥𝐢𝐨𝐬𝐢𝐬 🩺𝐂𝐚𝐫𝐝𝐢𝐨 𝐂𝐡𝐞𝐜𝐤 𝐔𝐩 🩺 𝐕𝐚𝐤𝐬𝐢𝐧 𝐈𝐧𝐟𝐥𝐮𝐞𝐧𝐳𝐚 🩺 𝐒𝐢𝐫𝐤𝐮𝐦𝐬𝐢𝐬𝐢 🩺 𝐏𝐫𝐨𝐦𝐨 𝐑𝐚𝐝𝐢𝐨𝐥𝐨𝐠𝐢  Berlaku hingga 31 Juli 2026, jadi manfaatkan kesempatan ini dan wujudkan liburan yang lebih nyaman dengan keluarga yang sehat.  📲 Info & Pemesanan 🌐 Website & Aplikasi Eka Hospital 📞 Call Center: 1-500-129 💬 WhatsApp Center: 0889-1500-129  #Ekahospitalgroup #ekahospital #promoliburan #promokesehatan #skriningskoliosis",https://www.instagram.com/p/DZT7m9hJkWk/,0,0,36,-1,NaN
58,"kimiafarmalab_klinik","2026-03-09T11:46:26.000Z","Lagi program hamil atau ingin cek kesiapan tubuh sebelum kehamilan?🤰✨  Ini saatnya ambil promo yang paling menarik!  Kesehatan calon ibu perlu dipantau sejak awal, karena beberapa kondisi seperti anemia, infeksi, gula darah, hingga risiko penyakit menular tertentu bisa saja tidak langsung terasa gejalanya.  Lewat promo GEMPAR – Gebyar Promo Paling Menarik Laboratorium, Kimia Farma Laboratorium & Klinik hadirkan paket pemeriksaan khusus untuk membantu kamu lebih siap dan lebih tenang dalam menjaga kesehatan.  💙 Pregnancy Package Harga spesial Rp 1.432.800,- dari harga normal Rp 1.791.000,-  💙 TORCH Package Harga spesial Rp 2.584.000,- dari harga normal Rp 3.230.000,-  📅 Periode promo: 1 Juli – 30 September 2026  Kamu juga bisa cek lebih nyaman dari rumah dengan Layanan Homecare mulai dari +Rp75.000.  Yuk, lebih tenang dalam mempersiapkan kesehatan. Karena cek dari awal bisa bantu kamu mengambil langkah yang lebih tepat untuk diri sendiri dan calon buah hati 💙  📣Reservasi sekarang dan dapatkan harga istimewa! Penawaran terbatas hingga 30 September 2026 tersedia di Laboratorium Kimia Farma.  📱Untuk pertanyaan lebih lanjut dan Reservasi Online, silahkan hubungi kami di nomor 0813-2121-0201 (WA Chat Only).  🔔Ikuti kami di Instagram, Tiktok, Facebook, dan Twitter @kimiafarmalab_klinik untuk lebih banyak info dan promo seru!  #KimiaFarmaLaboratoriumKlinik #KimiaFarmaLabKlinik #GEMPAR #PregnancyPackage #TORCHPackage",https://www.instagram.com/p/DVqZrHlCXbR/,11,0,123,-1,NaN
59,"lampost.co","2026-04-02T03:32:30.000Z","PLN Kembali Hadirkan Promo Tambah Daya “Semangat Baru Makin Berdaya”, Diskon Tambah Daya untuk lebih dari 2,8 Juta Pelanggan di Lampung  Bandar Lampung, 14 Juli 2026 – PT PLN (Persero) kembali menghadirkan program promo tambah daya bertajuk ""Semangat Baru Makin Berdaya"" sebagai bentuk apresiasi kepada pelanggan sekaligus memberikan kemudahan dalam memenuhi kebutuhan listrik. Bertepatan dengan dimulainya tahun ajaran baru, program ini diharapkan dapat membantu masyarakat memenuhi kebutuhan listrik yang meningkat untuk mendukung aktivitas belajar di rumah, bekerja, maupun menjalankan usaha. Melalui program ini, PLN menghadirkan solusi nyata untuk mendukung semangat belajar dan usaha keluarga Indonesia di tahun ajaran baru dengan memberikan promo spesial diskon tambah daya sebesar 50 persen.  Melalui program ini, pelanggan dapat menikmati diskon 50 persen biaya penyambungan tambah daya yang berlaku pada 14–27 Juli 2026. Promo ini ditujukan bagi pelanggan tegangan rendah satu fasa dengan daya awal 450 VA hingga 5.500 VA yang ingin melakukan tambah daya hingga 7.700 VA.  Untuk mendapatkan promo tersebut, pelanggan cukup melakukan transaksi kelistrikan melalui aplikasi PLN Mobile, baik pembelian token maupun pembayaran tagihan listrik selama periode program berlangsung. Setiap transaksi yang memenuhi ketentuan akan memperoleh e-voucher diskon 50 persen biaya penyambungan tambah daya, yang dapat digunakan saat mengajukan permohonan tambah daya melalui PLN Mobile.  General Manager PT PLN UID Lampung, Rizky Mochamad, mengatakan program ""Semangat Baru Makin Berdaya"" merupakan wujud komitmen PLN dalam memberikan kemudahan kepada pelanggan untuk memperoleh listrik yang sesuai dengan kebutuhannya.  ""Momentum tahun ajaran baru menjadi waktu yang tepat bagi masyarakat untuk menyesuaikan kebutuhan daya listrik di rumah. Melalui promo ini, PLN ingin memberikan kemudahan agar pelanggan dapat menambah daya dengan biaya lebih hemat, sehingga aktivitas belajar, bekerja, dan berusaha dap",https://www.instagram.com/p/DWnUGpnE0sd/,7,0,74,-1,NaN
60,"adihusada.uw","2026-03-30T09:54:30.000Z","✨ SOLUSI SEHAT DI HARI MINGGU!  Kini Sahabat AH ga perlu menunggu hari kerja lagi untuk cek kesehatan. Sunday Clinic RS Adi Husada Undaan Wetan hadir untuk memberikan kemudahan akses layanan kesehatan di hari Minggu.  Nikmati berbagai special benefit hingga 31 Juli 2026: 🚗 Free parkir* 💊 Free ongkir pembelian obat* 🩺 Diskon pemeriksaan penunjang* 🤰 Free USG kehamilan* *Syarat dan ketentuan berlaku.  Jadwalkan kunjungan Sahabat AH dan manfaatkan layanan berkualitas dan profesional di Sunday Clinic RS Adi Husada Undaan Wetan. 💙  Salam Sehat Adi Husada!  RS Adi Husada Undaan Wetan Jl. Undaan Wetan No. 40-44 Surabaya Telp : 031-5318000 Ext. 1114 / 2152 WA : https://wa.me/6287700176777  Follow Instagram : @adihusada.uw TikTok : @adihusada.uw Facebook : RS Adi Husada Undaan Wetan Youtube : RS Adi Husada Undaan Wetan Website : adihusadaundaan.com  #sundayclinic #promokesehatan #adihusada #rsadihusadaundaanwetan #surabaya",https://www.instagram.com/p/DWgRWHbDeDo/,3,0,42,-1,NaN
61,"sdno1lukluk","2024-09-06T00:46:06.000Z","MPLS Hari kedua.  Langkah kedua menuju masa depan. 🏫✨ Hari ini belajar banyak tentang tata tertib sekolah, Budaya 5 S dan pengenalan kegiatan pembelajaran  di lingkungan sekolah, Menyadari bahwa sekolah bukan cuma soal akademik, tapi tentang bagaimana kita tumbuh dan berproses bersama. Ready for day 3! #MPLS2026 #GrowingTogether #SiswaBaru #PengalamanBaru #sdno1lukluk",https://www.instagram.com/p/C_jlae-SGnF/,0,0,37,-1,NaN
62,"dokter_tanti","2026-05-01T10:16:15.000Z","Bismillahirrohmanirrohim Tidak mudah bagi kami untuk melepas putri kedua kami, namun kami memilih ikhlas, melangitkan do’a dan menggantungkan harapan agar putri kami dapat menuntut ilmu dan menggapai cita-citanya. Aamiin Fii Amanillah🤲🏻 Mengingatkan 2 tahun yang lalu ketika kami mengantarkan putri pertama disini dengan rasa yang sama, merindu..",https://www.instagram.com/p/DXytUQFRA7a/,1,0,33,-1,NaN
63,"medcare.hs","2024-10-13T02:45:40.000Z","👶💉 VAKSINASI ANAK DI RUMAH Nyaman, aman, dan terjangkau! 🏡✨  Bunda gak perlu repot antri & anak tetap nyaman karena vaksinasi bisa dilakukan langsung di rumah 🙌 Cocok banget untuk bayi & anak yang mudah rewel saat ke klinik.  ✅ Tanpa antre ✅ Tanpa rewel ✅ Praktis langsung di rumah ✅ Ditangani tenaga medis profesional  📌 Lokasi: Bojongsari, Depok 📲 Booking sekarang via WhatsApp: 0823-1765-2700  📷 IG:@medcare.hs  ✨ Yuk lindungi si kecil dari sekarang! Klik link di bio atau chat WhatsApp untuk jadwal & info vaksin lengkap 💙  #vaksinasianak #vaksinasidirumah #homeservicevaksinparung #vaksindepok #KlinikDepok BojongsariDepok VaksinBayi ImunisasiAnak MedcareHS VaksinasiAman VaksinasiNyaman DokterAnak ImunisasiLengkap",https://www.instagram.com/p/DBDEgWZyVWN/,0,0,7,-1,NaN
64,"amaliamedicalcenter","2026-01-27T08:13:31.000Z","Berencana jalan jalan bekerja atau studi di Singapura ? Pastikan kamu sudah MCU (Medical Check Up) sesuai syarat resmi dari pemerintah Singapura! Di Amalia Medical Center, kamu bisa melakukan pemeriksaan lengkap mulai dari: 🩺 Pemeriksaan fisik 💉 Tes darah & urine 🫁 Rontgen Thorax 🎧 Tes buta warna & pendengaran 🧫 Skrining penyakit menular 💡 Jadwalkan MCU kamu sekarang dan pastikan kamu FIT sebelum berangkat ke Singapura!  🏥 Jl. Dewi Sartika No.364 A Cawang Jakarta  📆 Senin - Jumat ( Sabtu Minggu, Tgl Merah & Libur Nasional tutup )  🕚 10.00 - 17.00 ☎️ 021 8090762 📱0813-8080-4680  #mculuarnegeri #mcuvisa #mcutenagakerja #mcustudy #mcupelajar #medicalcheckupjakarta #mcusingapura #mcusingapore #studysingapore #belajarkesingapura #singapore",https://www.instagram.com/p/DQjaSbYiYAc/,15,0,316,-1,NaN
65,"puskesmaskalasan_","2024-11-04T03:59:43.000Z","Halo Sobat Pusaka!   Penasaran dengan jadwal harian di Puskesmas Kalasan?  Penting banget nih untuk catat dan perhatikan agar kamu bisa merencanakan kunjungan sesuai jadwal pelayanan.  Berikut merupakan jadwal harian di Puskesmas Kalasan!   Informasi lebih lanjut mengenai pelayanan bisa diajukan lewat DM yaa!!!   #PuskesmasKalasan #jadwalkunjungan  #sehat",https://www.instagram.com/p/DB72wDvPoF-/,0,0,28,-1,NaN
66,"rumahvaksinasi_malang","2024-09-18T07:53:18.000Z","Halo ayah bunda sekalian, berikut pricelist bulan juli 2026, ada beberapa vaksin yang sedang promo dan jangan sampai kelewatan ya , untuk info lengkap bisa wa kami dengan klik link di bio ☝️☝️☝️  Harus daftar terlebih dahulu melalui WA atau aplikasi @official.primaku   ⏩ *Jadwal praktek Rumah Vaksinasi Malang*  Bulan JULI 2026  📍Senin 09.30 - 13.00 📍Selasa 09.30 - 13.00 📍Rabu 15.30 - 18.00 📍Kamis 15.30 - 18.00 📍Sabtu 09.30 - selesai   #rumahvaksinasimalang #imunisasimalang #imunisasilengkapmalang #vaksinasimalang  #imunisasibayimalang",https://www.instagram.com/p/DADQHuJpFSE/,4,0,3,-1,NaN
67,"sukmariandi","2026-04-29T10:16:14.000Z","Hari ini dolar OTW 18000 kerjaan sulit PHK dimana mana  sudah cukup rakyat indonesia jadi orang ngga enakan  semangat jangan lemah  Yuk bisa yuk !!!   #rupiahindonesia #fyp #positivevibes #pertumbuhanekonomi",https://www.instagram.com/p/DXtjo4Dj8QX/,5,0,12,-1,NaN
68,"dr_atikarimalda.pediatric","2026-04-17T06:00:13.000Z","POV: Dokter anak bisa jadi apa aja. 🩺🤍  Bisa jadi peramal. 🔮 Bisa jadi badut. 🤡 Bisa jadi detektif. 🕵️ Bisa jadi tukang masak. 👨‍🍳 . Karena mengobati anak bukan cuma soal memberi obat, tapi juga memahami dunia mereka. . #pov #dokteranak #infoanak #tipsparenting #fypシ❤️💞❤️",https://www.instagram.com/p/DXONFVPkcCy/,1,0,10,-1,NaN
69,"rahmi_j","2026-05-22T10:31:34.000Z","🤍  semangat sekolah kesayangan ayah bunda 🫶🏻  . .  #gamas #gerakanayahmengantaranaksekolah #firstdayofschool #sekolahanak  #semangatsekolah",https://www.instagram.com/p/DYozgK1himK/,0,0,6,-1,NaN
70,"nike.maisandri","2026-06-13T15:13:07.000Z","""Aku sempat kaget... ternyata kasus seperti ini masih ada di tahun 2026. 😢""  Pasienku hari ini... ❌ Melahirkan di rumah hanya dibantu keluarga/dukun beranak. ❌ Anak belum pernah imunisasi sama sekali. ❌ Sejak lahir sudah diberi makanan/minuman selain ASI. ❌ Tidak punya KK maupun KTP.  Yang paling bikin sedih, saat diedukasi masih merasa semua itu tidak masalah.  Inilah alasan kenapa tenaga kesehatan tidak hanya bekerja di ruang pemeriksaan juga terus memberikan edukasi agar ibu dan anak mendapatkan hak kesehatan yang layak.  Semoga semakin banyak keluarga yang terbuka menerima informasi, karena mencegah selalu lebih baik daripada mengobati. ❤️  #BidanIndonesia #Bidan #Puskesmas #EdukasiKesehatan #Imunisasi ASIEksklusif KesehatanIbuAnak CegahStunting TenagaKesehatan FYP ViralIndonesia",https://www.instagram.com/p/DZh9n2iSOiG/,9,0,11,-1,NaN
71,"rsdmangusada","2026-04-14T04:51:41.000Z","Cari informasi layanan kesehatan yang ada di RSD Mangusada kini lebih praktis! 📱✨  Akses Katalog SALAM RSD Mangusada melalui bit.ly/KATALOGSALAM dan temukan berbagai informasi layanan, tarif, fasilitas, serta kemudahan lainnya dalam satu genggaman.  (as/as/iga/ew)  #RSDMangusada #SALAMMangusada #LayananKesehatan #MangusadaMelayani  -----------------------------------------------------------------  🏥 Alamat : Jl. Raya Kapal, Mengwi, Mangupura, Badung⁣ ☎️ Telp: (0361) 3370001-4, 9006812-13 📱 WhatsApp: 087850127333 🌐 Website: https://mangusada.badungkab.go.id  @pemkabbadung @ppidbadung @prokompimbadung @dinkesbadung @komisiinformasibali",https://www.instagram.com/p/DXGWuUijYvx/,4,0,29,-1,NaN
72,"rsialombokduadualontar","2026-04-26T12:00:54.000Z","📢 Jadwal Poli Ambeien RSIA Lombok Dua Dua Lontar  Bagi Anda yang memiliki keluhan ambeien seperti nyeri, benjolan, rasa tidak nyaman, atau perdarahan saat BAB, jangan ragu untuk berkonsultasi dan mendapatkan penanganan yang tepat.  Bersama dr. Endy Wahyudi, Sp.B, layanan Poli Ambeien hadir untuk membantu Anda mendapatkan pemeriksaan dan penanganan sesuai kebutuhan.  📲 0812-1796-1755 (WA Chat Only) 📞 031-7526071 / 7522391 📍 Jl. Raya Lontar No. 109, Surabaya  #rsialombokduadualontar #poliambeien #ambeien #kesehatanpencernaan #rumahsakitsurabaya",https://www.instagram.com/p/DXmBfGUCRLe/,0,0,6,-1,NaN
73,"dokter_tanti","2026-04-29T10:01:38.000Z","Bismillahirrohmanirrohim Tidak mudah bagi kami untuk melepas putri kedua kami, namun kami memilih ikhlas, melangitkan do’a dan menggantungkan harapan agar putri kami dapat menuntut ilmu dan menggapai cita-citanya. Aamiin Fii Amanillah🤲🏻 Mengingatkan 2 tahun yang lalu ketika kami mengantarkan putri pertama disini dengan rasa yang sama, merindu..",https://www.instagram.com/p/DXtiJlIEdTE/,4,0,33,-1,NaN
74,"rsudibnusinagresik","2026-04-25T05:35:37.000Z","⚠️ Jangan mudah percaya, Sobat Sehat! Ada video salah satu dokter kami yang beredar luas — ternyata hasil editing alias hoaks! Selalu berhati-hati pula akan adanya upaya penipuan yang mengatasnamakan Direksi, Manajemen, Dokter & Karyawan/ti RSUD Ibnu Sina Kabupaten Gresik. Yuk, selalu cek fakta sebelum membagikan dan mempercayai informasi apa pun 💪 Informasi resmi hanya dari kanal resmi RSUD Ibnu Sina Kabupaten Gresik.  #WaspadaHoaks #CekFakta #RSUDIbnuSina #StopPenipuan #SehatBersamaIbnuSina #InfoPenting #InfoGresik #PelayananPublikGresik #KesehatanGresik #RSUDGresik #gresikbarulebihmaju #pemkabgresik #bupatigresik #nawakarsagresik #wabupgresik #gresik #gresiknewsroom #kotagresik #kabupatengresik #gresikbaru #kabgresik #gresikmaju #gresikseru",https://www.instagram.com/p/DXiwmMNkSTm/,4,0,73,-1,NaN
75,"dinkesciamis","2026-04-07T05:53:46.000Z","Halo Sobat Sehat Ciamis! 👋💜  Tahukah kamu? Kini penyampaian aspirasi, pengaduan, maupun permintaan informasi bisa dilakukan lebih mudah melalui SP4N-LAPOR!  👉 SP4N-LAPOR! adalah sistem resmi pemerintah sebagai saluran pengaduan nasional untuk memastikan pelayanan publik berjalan lebih transparan, cepat, dan tepat.  Berikut cara menyampaikan pengaduan di SP4N-LAPOR!: 1️⃣ Buka website www.lapor.go.id 2️⃣ Buat akun (isi NIK, nama lengkap, email, dan data diri ➝ verifikasi lewat email) 3️⃣ Pilih kategori pengaduan (keluhan pelayanan publik) 4️⃣ Isi formulir laporan (judul, kronologi, waktu, dan lokasi kejadian) 5️⃣ Pilih instansi yang dituju 6️⃣ Lampirkan bukti pendukung (jika ada) 7️⃣ Bisa pilih laporan anonim atau rahasia 8️⃣ Klik Kirim Laporan ✅  💡 Yuk, gunakan saluran pengaduan resmi agar pelayanan publik semakin baik dan berkualitas.  #SP4NLAPOR #PengaduanPublik #DinkesCiamis #SobatSehat #SehatProduktifBahagiaPenuhCinta🫶",https://www.instagram.com/p/DW0cNl8k8NG/,2,0,15,-1,NaN
76,"pkm_kutamalaka","2026-04-30T07:00:50.000Z","Pelayanan luar gedung Puskesmas Kuta Malaka hadir lebih dekat untuk masyarakat. 🌿 Melalui kunjungan ke desa, posyandu, dan kegiatan lapangan lainnya, kami memastikan layanan kesehatan tetap menjangkau semua—tanpa batas. Sehat bersama, kami datang untuk melayani. 💙 . . . @elidiana_dr #PuskesmasKutaMalaka #PelayananLuarGedung #sehatbersama #kutamalaka #kutamalakaacehbesar",https://www.instagram.com/p/DXvx3L8z8IQ/,2,0,27,-1,NaN
77,"balimed_negara","2026-04-15T08:16:31.000Z","Tahu bedanya Poliklinik dan IGD? Poliklinik cocok untuk pemeriksaan rutin atau keluhan ringan, sementara IGD siap tangani kondisi darurat yang mengancam nyawa. Pilih layanan yang sesuai kebutuhan Anda, karena kesehatan Anda adalah prioritas kami! 🏥💙 #PoliklinikBaliMed #IGDBaliMed #PilihLayananDenganBijak #salamsehatbersamabalimed #rsubalimednegara",https://www.instagram.com/p/DXJTEAhmGgK/,3,0,36,-1,NaN
78,"rumahvaksinasi_malang","2025-03-25T13:57:30.000Z","Halo ayah bunda sekalian, berikut pricelist bulan juli 2026, ada beberapa vaksin yang sedang promo dan jangan sampai kelewatan ya , untuk info lengkap bisa wa kami dengan klik link di bio ☝️☝️☝️  Harus daftar terlebih dahulu melalui WA atau aplikasi @official.primaku   ⏩ *Jadwal praktek Rumah Vaksinasi Malang*  Bulan JULI 2026  📍Senin 09.30 - 13.00 📍Selasa 09.30 - 13.00 📍Rabu 15.30 - 18.00 📍Kamis 15.30 - 18.00 📍Sabtu 09.30 - selesai   #rumahvaksinasimalang #imunisasimalang #imunisasilengkapmalang #vaksinasimalang  #imunisasibayimalang",https://www.instagram.com/p/DHn_PuCzwPv/,0,0,1,-1,NaN
79,"klinikbidankita","2026-02-18T06:05:23.000Z","🎉 Akhirnya yang ditunggu-tunggu kembali hadir! 💜  Setelah kurang lebih 1 bulan menjalani kegiatan dan pelatihan di luar negeri, kini Bidan Yesie resmi kembali praktik dan siap melayani Ayah Bunda seperti biasa. 🥰✨  Bagi Bunda yang selama ini menunggu jadwal Bidan Yesie, kini sudah bisa kembali melakukan reservasi untuk berbagai layanan, seperti:  🤰 Pemeriksaan Kehamilan (ANC) 🤱 Pemeriksaan Ibu Nifas 🩺 Pemeriksaan Umum 👶 Pemeriksaan Bayi & Anak 💉 Pemasangan & Pelepasan KB (IUD maupun Implan) serta konsultasi kontrasepsi 💞 Konsultasi Kehamilan & Program Hamil (Promil) 🌸 Private Class Hypnobirthing 🌱 Private Class Hypnofertility 🧠 Private Class Hypnotherapy 🏥 Persalinan  📅 Jangan lupa cek jadwal praktik Bidan Yesie selama bulan Juli pada postingan ini ya, agar tidak salah datang.  ✨ Untuk kenyamanan pelayanan, seluruh kunjungan wajib melakukan reservasi terlebih dahulu melalui Hotline: 📲 0813-4623-3500  Terima kasih atas kesabaran Ayah Bunda yang telah menunggu. Sampai bertemu kembali di Klinik BidanKita, siap mendampingi setiap langkah perjalanan kesehatan ibu, bayi, dan keluarga dengan pelayanan yang nyaman, aman, dan sepenuh hati. 💜🌷  #BidanYesie #KlinikBidanKita #JadwalPraktik #PraktikBidan #ANC",https://www.instagram.com/p/DU43iiCksl_/,0,0,1,-1,NaN
80,"klinik_edelweiss","2025-06-09T03:59:36.000Z","Waspada Penipuan Mengatasnamakan Klinik Edelweiss   Kami menerima laporan adanya oknum yang datang ke rumah warga dan menawarkan medical check-up dengan alat genggam serta meminta pembayaran langsung.  Perlu diketahui: Klinik Edelweiss tidak pernah melakukan layanan door-to-door tanpa perjanjian resmi dan tidak memungut biaya langsung di tempat tanpa administrasi resmi.  Imbauan untuk masyarakat: • Jangan lakukan pembayaran • Jangan berikan data pribadi • Tolak dan segera laporkan jika menemukan hal serupa  Jika menemukan hal mencurigakan, segera konfirmasi melalui kontak resmi kami.  #WaspadaPenipuan #InfoKesehatan #KlinikEdelweiss #LebihTenang",https://www.instagram.com/p/DKqnO-3zioP/,0,0,27,-1,NaN
81,"balaikarkes_mataram","2026-03-13T04:46:17.000Z","Halo Semeton Karkes  Tuberkulosis (TB) masih menjadi salah satu tantangan kesehatan masyarakat yang perlu diwaspadai. Deteksi dini menjadi langkah penting untuk menemukan kasus lebih awal sekaligus memutus rantai penularan.  Pada Selasa, 14 Juli 2026, Balai Kekarantinaan Kesehatan Kelas I Mataram Wilker Pemenang bersama Puskesmas Pemenang melaksanakan Skrining Tuberkulosis (TB) bagi masyarakat Dusun Karang Pansor, Desa Pemenang Barat, Kabupaten Lombok Utara.  Sebanyak 60 warga mengikuti pemeriksaan yang meliputi skrining gejala TB dan pemeriksaan dahak (sputum). Kegiatan ini bertujuan memetakan kondisi kesehatan masyarakat di sekitar wilayah pelabuhan serta mendukung upaya penemuan kasus TB secara dini.  Melalui kolaborasi lintas sektor dan partisipasi aktif masyarakat, kita bersama dapat mempercepat eliminasi TB di Indonesia. 💪  🌿 TB bisa disembuhkan, deteksi dini adalah kuncinya.   Jika mengalami batuk selama 2 minggu atau lebih, segera periksakan diri ke fasilitas pelayanan kesehatan terdekat.  Salam Sehat  #tuberkulosis #deteksidini #pelabuhansehat",https://www.instagram.com/p/DVz8mQKAfua/,3,0,26,-1,NaN
82,"anthonysudjadi","2025-07-25T09:30:08.000Z","Halo, Moms! Buat yang di Bandung dan sekitarnya, ini jadwal praktik terbaru saya di Klinik Oratio Fide!  Semoga memudahkan Moms menjadwalkan konsultasi si Kecil. Selalu jaga kesehatan ya, Moms!  #dokterspesialisanak #dsabandung",https://www.instagram.com/p/DMhprxKPsh9/,0,0,26,-1,NaN
83,"hellosehat","2025-04-24T10:00:06.000Z","Susu UHT dapat menjadi pelengkap asupan nutrisi harian si Kecil untuk menemani langkah cermatnya. 🥛  Pastikan memilih yang sesuai usia anak, mengandung nutrisi penting, serta perhatikan kandungan gulanya. 💙",https://www.instagram.com/p/DI00BxFvkrd/,18,0,23,-1,NaN
84,"rskartini_","2024-09-13T02:35:00.000Z","Haii sahabat kartini, sahabat butuh konsultasi kesehatan? Kami siap melayani sahabat kartini semua dengan dokter profesional yang berpengalaman. Yukk cek jadwalnya sekarang agar kunjungan lebih nyaman dan mudah.   #rsbandung #dokterspesialis #rskartini",https://www.instagram.com/p/C_1zuF5Pjo5/,0,0,9,-1,NaN
85,"rsnirmalasuri","2026-01-11T11:00:10.000Z","Halo Sahabat Nirmala  Untuk meningkatkan kenyamanan dan kelancaran pelayanan, peserta BPJS Kesehatan WAJIB melakukan pendaftaran online melalui aplikasi Mobile JKN.  Dengan pendaftaran online, proses antrean menjadi lebih tertib, cepat, dan praktis. Pastikan Anda sudah mendaftar melalui Mobile JKN ya!  Salam sehat salam bahagia.  #RSNirmalaSuri #MobileJKN #BPJSKesehatan #JKN",https://www.instagram.com/p/DTXjFs2kv6M/,0,0,15,-1,NaN
86,"klinikutamatanaya","2026-05-29T08:11:58.000Z","[BARU] Yuk vaksin di Klinik Utama Tanaya! 🏥💉💉 Ada beberapa layanan vaksinasi di Klinik Utama Tanaya Bandung lho ---------- Layanan Vaksin Influenza (Flu) Mulai dari Rp 345,000 ---------- Jenis-jenis vaksin influenza kami: - Influenza - Fluarix Tetra - Influenza - Vaxigrip Tetra - Influenza - Vaxigrip Trivalen . . Layanan Vaksin HPV Mulai dari Rp 1,395,000 -------------- Jenis-jenis Vaksin HPV kami - HPV 4 - Gardasil 4  - HPV 9 - Gardasil 9 --------------- Vaksin Campak, Rubella, Gondong: - MMR - MR - MMRV -------------- Jenis-jenis vaksin Pneumonia kami: - PCV 13 - PCV 15 - PCV 20 --------------- *Harga vaksin sudah termasuk jasa suntik dokter umum & administrasi *Tersedia layanan vaksinasi oleh dokter spesialis (harga berbeda) --------------- UNTUK RESERVASI: SILAHKAN LANGSUNG MENGHUBUNGI NOMOR WA YANG TERTERA DI PROFIL KAMI  Alamat kami: Jl. Sulanjana No. 11A Bandung #vaksininfluenza #vaksin #vaksinhpv #vaksinbandung #vaksinpneumonia",https://www.instagram.com/p/DY6lgzTpiKx/,0,0,7,-1,NaN
87,"ypkmandiri","2026-04-21T03:24:21.000Z","Persiapan menjadi orang tua dimulai sebelum si kecil lahir. 🤍  Bersama Parenting Institute by YPK Mandiri Hospital, dapatkan pendampingan dan pembelajaran yang membantu Anda lebih siap menghadapi persalinan, menyusui, hingga perawatan bayi baru lahir.  ✨ Kelas Laktasi ✨ Kelas Perawatan Bayi ✨ Kelas Persiapan Persalinan ✨ Yoga Hamil ✨ Senam Hamil  Tersedia dalam sesi Semi Private & Private.  📍 Menteng, Jakarta Pusat Yuk, hubungi kami untuk informasi lebih lanjut.�  🏅 YPK Mandiri Hospital mengutamakan kenyamanan pasien melalui layanan yang dikelola secara profesional dengan pengalaman lebih dari 66 tahun.  Care You Can Rely On 🩺✨  📞 081316822121 / 021-3909725  🌐 www.rsypkmandiri.co.id  #ParentingInstitute #LayananKesehatan #RumahSakitJakarta #YPKMandiriHospital",https://www.instagram.com/p/DXYOY_2ESxm/,1,0,36,-1,NaN
88,"rumahvaksinasi_jagakarsa","2026-06-02T11:25:04.000Z","Ayah Bunda! Ini dia Pricelist Vaksinasi selama bulan Juli 2026  Bulan ini masih ada vaksin promo ya Aybun, dan beberapa vaksin mengalami kenaikan harga 🙏🏻🥰  Detail vaksin promo dan vaksin yang mengalami kenaikan harga bisa cek gambar di atas 👆🏻  Semua harga yang tertera untuk 1x suntik yaa,  sudah termasuk Jasa Dokter, Belum termasuk Biaya Admin & Alat kesehatan sebesar Rp 60.000 perkunjungan   Yuk disave dan cek jadwal vaksinasi terdekat.  Lengkapi Vaksinasi keluarga hanya di Rumah Vaksinasi 😉  *Pricelist bisa berubah sewaktu-waktu *Pricelist yang tertera untuk pasien non-asuransi  #pricelistvaksin #hargavaksin #vaksinasi #vaksin #Ayovaksin vaksintepatwaktu vaksinsesuaijadwal vaksinbayi vaksinbalita vaksinanak vaksindewasa vaksinbumil vaksinlansia",https://www.instagram.com/p/DZFOy94lGaO/,0,0,3,-1,NaN
89,"rvserang","2026-05-08T06:50:47.000Z","Siap-siap Playdate Tanpa Was-was! 🏃‍♂️💨  Senang ya lihat si kecil makin aktif dan punya banyak teman di sekolah. Tapi jujur deh, Bun, kadang khawatir nggak sih kalau ada teman sekolahnya yang lagi batuk atau musim Flu Singapura?  Di usia preschool (3-5 tahun), anak-anak itu ""jagonya"" berbagi—nggak cuma berbagi mainan, tapi juga berbagi kuman! 😅 Karena itu, perlindungan vaksin yang optimal adalah kunci agar mereka tetap tangguh saat bersosialisasi.  Beberapa vaksin penting yang perlu dicek kembali:  👾 MMR (Campak, Gondongan, Rubela) 👾 Varisela (Cacar Air) 👾 Influenza (Setiap tahun) 👾 HFMD & Tifoid  Yuk, jadi orang tua siaga! Jangan tunda booster-nya ya, Ayah & Bunda. Jadikan sekolah tempat yang aman dan sehat untuk si kecil tumbuh hebat.  Info lengkap jadwal vaksin ada di slide terakhir ya! 📸  #TipsParenting #AnakSehat #VaksinasiPreschool #ImunisasiAnak #SekolahAman InfoKesehatanAnak",https://www.instagram.com/p/DYEXh6XkzLN/,0,0,3,-1,NaN
90,"pkmpasundan","2026-03-12T13:22:22.000Z","Hallo Sahabat Pasudan,,,  Berikut adalah Informasi Pendaftaran UPTD Puskesmas Pasundan,,,  Kami buka setiap hari Senin sd. Sabtu.  Tutup Hari minggu dan libur nasional.  Terimakasih..",https://www.instagram.com/p/DVyTCXKkf3Z/,0,0,11,-1,NaN
91,"puskesmaspasarrebo","2026-04-02T03:12:28.000Z","🫁 TERAPI PENCEGAHAN TBC  Tahukah kamu? Tuberkulosis (TBC) bisa dicegah sebelum menjadi sakit 💪  Terapi Pencegahan TBC (TPT) adalah pengobatan yang diberikan kepada orang yang berisiko tinggi tertular TBC, terutama kontak erat pasien TBC aktif, meskipun belum bergejala.  ✨ Manfaat TPT: ✔️ Mencegah TBC aktif ✔️ Melindungi keluarga & orang sekitar ✔️ Aman dan diawasi tenaga kesehatan  📌 TPT diberikan gratis di fasilitas kesehatan dan harus diminum sesuai anjuran agar hasilnya maksimal.  Yuk, jangan tunggu sakit! Lindungi diri dan orang tercinta dengan Terapi Pencegahan TPT 🤍  #TPT #CegahTBC #IndonesiaBebasTBC #TBCBisaDicegah #PuskesmasPeduli #SehatItuInvestasi",https://www.instagram.com/p/DWnR7rcE6T4/,4,0,21,-1,NaN
92,"rsuherminaarcamanik","2026-03-10T09:20:54.000Z","Praktis dan Cepat di Klinik Drive Thru RS Hermina Arcamanik.  Ingin layanan kesehatan tanpa repot turun dari kendaraan? Klinik Drive Thru kami adalah solusinya!  ✅ Pemeriksaan kesehatan ✅ Konsultasi singkat ✅ Pengambilan obat  Nikmati kemudahan layanan medis dengan tetap menjaga kenyamanan dan efisiensi waktu Anda.   Cocok untuk Anda yang memiliki mobilitas tinggi.   📍 Lokasi: Gedung Padma RS Hermina Arcamanik 🕒 Jam Operasional: 24 Jam (Setiap hari termasuk hari libur nasional)  Informasi :  Sr. Ipat (+62 822 1160 0227)  Riri (+62 896 7270 1027)  SPGDT (+62 813 1290 1300)  Hidup Sehat, Tetap Praktis Bersama Kami.   #rsuherminaarcamanik #herminahospitals #KlinikDriveThru #LayananKesehatanPraktis #DriveThruClinic #SehatItuMudah #PelayananKesehatan",https://www.instagram.com/p/DVstzyzACRX/,1,0,118,-1,NaN
93,"dr.andreas.spa","2025-03-11T03:08:10.000Z","1 night to go for @chimarathon  . Ini bukan soal kecepatan, tapi cuma mau nunjukkin kesabaran itu adalah kunci.. . Banyak yang kencang, banyak yang lebih lagi, tapi buat saya pencapaian saya adalah bisa berlari se santai yang saya lakukan selama ini..bonusnya sehat, banyak rejeki, bisa jadi inspirasi orangtua untuk hidup lebih sehat.. . Saya bukan mau jadi atlet, tapi cuma mau nunjukkin dokter juga bisa olahraga teratur dan hidup sehat.. . See u at start line..bravo..😁😁 . #tanyadrandreas #dokteranakberlari #kedodorun #RunnerSupportSystem #inspiration #pelari #dokterberlari",https://www.instagram.com/p/DHCxzpzzeGw/,0,0,108,-1,NaN
94,"gmbogorhospital","2024-09-29T15:29:55.000Z","🩺✨ Sudah cek kesehatan hari ini? Kesehatan adalah investasi terbaik, dan pemeriksaan rutin adalah langkah awal untuk mencegah penyakit sejak dini.  Dengan Medical Check Up (MCU) General, Anda bisa mengetahui kondisi kesehatan tubuh secara menyeluruh: ✅ Pemeriksaan fisik ✅ Cek darah lengkap ✅ Cek fungsi organ (hati, ginjal, dll) ✅ Pemeriksaan penunjang lainnya  Tidak perlu menunggu sakit untuk periksa. Yuk, jaga kesehatan mulai sekarang — lebih cepat tahu, lebih cepat mencegah! 💪💚  “Kesehatan Anda, Prioritas Kami”  Informasi dan reservasi? Hubungi kami : Hotline (0251) 8368234 Pendaftaran 085882132001 Marketing 081381358474  ✨✨✨✨✨✨✨✨✨  RS Graha Medika Bogor 📍Jl. KH. R. Abdullah Bin Nuh No.2, RT.04/RW.12, Cilendek Barat, Kec. Bogor Barat, Kota Bogor  #MedicalCheckUp #MCUGeneral #CekKesehatan #RSGrahaMedika #kesehatanandaprioritaskami",https://www.instagram.com/p/DAgZHpaTgcB/,8,0,29,-1,NaN
95,"pkmrangkapanjaya","2026-04-09T08:32:38.000Z","Info Penting!  Mulai 18 Maret 2026 ada perubahan jam operasional UPTD Puskesmas Rangkapan Jaya Baru   Check it out info nya di postingan atas yaa. Terimakasih 🙏🏻",https://www.instagram.com/p/DW53fpBDvfd/,3,0,10,-1,NaN
96,"annamedikamadura","2025-07-08T14:35:08.000Z","Umroh tenang diawali dari persiapan yang matang ✨ Vaksin umroh bukan cuma sekedar syarat administratif, tetapi ikhtiar medis melindungi diri dari resiko penyakit menular ditengah jutaan jemaah dari berbagai negara.   Menuju Baitullah  jangan lupa lengkapi persyaratan kesehatan anda!  Vaksin Meningitis dan Vaksin Polio kini tersedia di RSU @annamedikamadura  Bagi Sahabat Anna yang akan melakukan perjalanan ibadah umroh yuk segera lakukan vaksinasi di RSU. Anna Medika Madura 🤗 #vaksinumroh #vaksinmeningitis #rsuannamedikamadura",https://www.instagram.com/p/DL2bA7HyOvM/,1,0,30,-1,NaN
97,"yayasan_ypli","2025-12-17T03:00:58.000Z","🛡️ VAKSIN KUCING F3 & F4 DI YPLI  Cegah sebelum terlambat. Lindungi sebelum sakit!  Banyak kucing terlihat sehat hari ini. Namun virus tidak menunggu kucing tampak sakit 😿  Vaksin F3 & F4 adalah perlindungan paling penting untuk menjaga kucing dari penyakit berbahaya seperti: Panleukopenia, Flu Kucing, Calicivirus, hingga Chlamydia yang sering menyebabkan mata belekan & flu berulang.  ⏰ Vaksin tepat waktu = iImunitas Optimal ❌ Telat vaksin → risiko sakit meningkat ❌ Saat sudah sakit → biaya & perawatan jauh lebih besar  Di YPLI, vaksin dilakukan dengan: ✔️ Pemeriksaan kondisi kucing oleh dokter hewan ✔️ Prosedur aman & manusiawi ✔️ Biaya sangat terjangkau ✔️ Diskon 5% khusus Member YPLI  Karena merawat kucing bukan soal menunggu sakit, tetapi tentang tanggung jawab jangka panjang sebagai owner.  📲 BOOKING VAKSIN SEKARANG  Jangan tunda. Jadwalkan hari ini!  📍 JADWAL PRAKTEK DOKTER HEWAN YPLI  📲 0821 5206 5216  YPLI CIRACAS Jl. Tanah Merdeka no. 54 (belakang RS. Harapan Bunda) Jakarta Timur 🕔 09.00–21.00 WIB 🕘 09.00–14.00 WIB (Tanggal Merah Nasional)  YPLI GROGOL Jl. Dr. Muwardi I no. 22B (belakang Terminal Grogol), Jakarta Barat 🕔 09.00–21.00 WIB 🕔 15.00–20.00 WIB (Tanggal Merah Nasional)  #VaksinKucingYPLI #VaksinF3F4 #KucingSehat #CegahLebihBaik #OwnerBertanggungJawab #KlinikHewanJakarta #VaksinTepatWaktu #PeduliKucing",https://www.instagram.com/p/DSWUS0Bk0T-/,1,0,47,-1,NaN
98,"rsudtanahabang","2026-04-30T02:58:15.000Z","Hallo Sobat Sehat . Informasi Jadwal Pelayanan Poliklinik RSUD Tanah Abang per tanggal 25 Juni 2026 . Silakan geser foto untuk melihat informasinya . #RSUDTanahAbang #Ramah #Modern #Berkualitas",https://www.instagram.com/p/DXvWj3Pkj0M/,1,0,8,-1,NaN
99,"rsislambontang","2026-06-08T01:37:22.000Z","Assalamu'alaikum Wr. Wb  Berikut terlampir Jadwal Praktek Dokter RS Islam Bontang Bulan Juli 2026. Hotline Pendaftaran 24 Jam : 0548 - 20003 [Ext. 2] Pasien Jaminan Umum, Perusahaan, Asuransi. App : Morbook RSIB WhatsApp : 0811-4542-003 Pasien Jaminan BPJS Kesehatan App : Mobile JKN Jika terkendala JKN [WA : 0811- 452003]  Demikian disampaikan. Atas kerjasamanya diucapkan terima kasih. Wassalamu'alaikum Wr. Wb",https://www.instagram.com/p/DZToRVXPeJj/,0,0,18,-1,NaN
100,"rsudkl","2026-06-22T04:19:04.000Z","💉 Lindungi diri dan keluarga dengan vaksinasi yang tepat.  RSUD Kebayoran Lama menyediakan layanan vaksinasi bagi pasien umum (berbayar/non-BPJS) dengan berbagai pilihan vaksin untuk anak maupun dewasa.  Mari lengkapi perlindungan kesehatan Anda dan keluarga melalui vaksinasi sesuai rekomendasi tenaga kesehatan💙  #RSUDKebayoranLama #Vaksinasi #VaksinAnak #VaksinDewasa",https://www.instagram.com/p/DZ398WfGdqM/,137,0,905,-1,NaN
101,"rumahvaksinasi_depok","2026-05-07T08:00:50.000Z","Ayah Bunda! Ini dia Pricelist vaksinasi selama bulan Juli 2026.   Untuk Bulan ini ada beberapa vaksin yang naik dan sedang promo yaa. untuk detail apa saja yang naik dan promo bisa cek diposter berikut  Semua harga yang tertera untuk 1x suntik yaa, sudah termasuk jasa dokter.   Yuk disave dan cek lagi jadwal vaksinasi terdekat. Lengkapi vaksinasi keluarga hanya di Rumah Vaksinasi 🤗  *Harga belum termasuk biaya admin-alkes  *Pricelist bisa berubah sewaktu-waktu *Pricelist yang tertera untuk pasien non-asuransi   #pricelistvaksin #hargavaksin #vaksinasi #vaksin #ayovaksin vaksintepatwaktu vaksinsesuaijadwal vaksinbayi vaksinbalita vaksinanak vaksindewasa vaksinbumil vaksinlansia",https://www.instagram.com/p/DYB6wBfiZXd/,0,0,1,-1,NaN
102,"medcare.hs","2026-04-16T07:35:32.000Z","👶💉 VAKSINASI ANAK DI RUMAH Nyaman, aman, dan terjangkau! 🏡✨  Bunda gak perlu repot antri & anak tetap nyaman karena vaksinasi bisa dilakukan langsung di rumah 🙌 Cocok banget untuk bayi & anak yang mudah rewel saat ke klinik.  ✅ Tanpa antre ✅ Tanpa rewel ✅ Praktis langsung di rumah ✅ Ditangani tenaga medis profesional  📌 Lokasi: Bojongsari, Depok 📲 Booking sekarang via WhatsApp: 0823-1765-2700  📷 IG:@medcare.hs  ✨ Yuk lindungi si kecil dari sekarang! Klik link di bio atau chat WhatsApp untuk jadwal & info vaksin lengkap 💙  #vaksinasianak #vaksinasidirumah #homeservicevaksinparung #vaksindepok #KlinikDepok BojongsariDepok VaksinBayi ImunisasiAnak MedcareHS VaksinasiAman VaksinasiNyaman DokterAnak ImunisasiLengkap",https://www.instagram.com/p/DXLzKwzjvhd/,0,0,2,-1,NaN
103,"disnakjatim","2026-04-16T00:59:02.000Z","Hai, sobat disnak 😊 Yuk! Berikan saran dan kritik kalian untuk Disnak Jatim yang lebih baik dengan scan atau ketik link di atas   SuKMa-e Jatim (Survey Kepuasan Masyarakat Elektronik Jawa Timur) merupakan aplikasi untuk mengukur, mendokumentasi dan mengevaluasi tingkat kepuasan masyarakat sebagai pengguna layanan dan fasilitas publik. Unsur yang diukur meliputi persyaratan pelayanan, sistem mekanisme prosedur, waktu penyelesaian, biaya, produk spesifikasi jenis pelayanan, kompetensi pelaksana, perilaku pelaksana, penanganan pengaduan saran masukan, serta sarana prasarana.   Hingga Triwulan II Tahun 2026, nilai indeks kepuasan masyarat pada pelayanan Disnak Jatim adalah 92,75 (Sangat Baik)   Survey yang diberikan akan menjadi pemacu bagi kami untuk terus memberikan pelayanan terbaik kami ✨️  #JawaTimur #NawaBaktiSatya #AstaCita #DinasPeternakanJatim",https://www.instagram.com/p/DXLFUUJjfsB/,128,0,131,-1,NaN
104,"rsialombokduadualontar","2025-05-05T01:44:55.000Z","📢 Jadwal Poli Ambeien RSIA Lombok Dua Dua Lontar  Bagi Anda yang memiliki keluhan ambeien seperti nyeri, benjolan, rasa tidak nyaman, atau perdarahan saat BAB, jangan ragu untuk berkonsultasi dan mendapatkan penanganan yang tepat.  Bersama dr. Endy Wahyudi, Sp.B, layanan Poli Ambeien hadir untuk membantu Anda mendapatkan pemeriksaan dan penanganan sesuai kebutuhan.  📲 0812-1796-1755 (WA Chat Only) 📞 031-7526071 / 7522391 📍 Jl. Raya Lontar No. 109, Surabaya  #rsialombokduadualontar #poliambeien #ambeien #kesehatanpencernaan #rumahsakitsurabaya",https://www.instagram.com/p/DJQP__6hyEs/,1,0,205,-1,NaN
105,"naluriibu.id","2025-04-27T01:03:40.000Z","“Baru belajar 5 menit, eh anaknya udah kabur” 🏃‍♀️💨  Tenang itu wajar kok bund ☺️ karena kemampuan fokus anak berkembang seiring dengan pertambahan usia 📈  Banyak orang tua yang khawatir dengan durasi fokus anak yang cenderung cepat. Hal ini berkaitan dengan attention span, yaitu durasi waktu anak mampu mempertahankan perhatian  terhadap suatu aktivitas tanpa terdistraksi. Rentang fokus normal berdasarkan usia hanya 2-3x usia anak 🌟  Kuncinya : ✅ Aktivitas menarik ✅ Suasana tenang, minim distraksi ✅ Waktu istirahat cukup  Dalam pendekatan montesori, setiap anak punya irama belajar sendiri. Fokus tidak dipaksakan, namun “ditumbuhkan” 🤗  Yang penting bukan “berapa lama anak duduk diam” tapi seberapa dalam mereka terlibat dalam kegiatan💫  #fokusanak #montessori #tumbuhkembanganak #tipsparenting #infoparenting",https://www.instagram.com/p/DI7k60SSrly/,11,0,7,-1,NaN
106,"alrashaibumasgroup","2026-03-17T03:26:27.000Z","Klinik Tumbuh Kembang di Tanjungpinang!  ✨ Setiap anak punya potensi luar biasa untuk tumbuh dan berkembang. Di Klinik Tumbuh Kembang by Alrasha Ibumas, kami hadir menjadi solusi Moms & Dads untuk mendampingi setiap proses tumbuh kembang si kecil bersama tim profesional secara optimal 😍  👩‍⚕️ Dokter Spesialis Anak 🧠 Psikolog Klinis 🗣 Terapis Wicara 🖐 Terapis Okupasi  Didukung dengan : ✨ Ruangan terapi kids friendly ✨ Sarana & prasarana lengkap ✨ Suasana nyaman untuk anak dan keluarga ✨ Praktis dan mudah dijangkau  Karena tumbuh kembang optimal dimulai dari perhatian yang tepat sejak dini ✨  📞 Konsultasi & Pendaftaran: 0811 7744 74 📍 Children Center by Alrasha Ibumas  #alrashaibumasgroup #kliniktumbuhkembanganak #tanjungpinang #tiktokgogempar #viral",https://www.instagram.com/p/DV-Gz-UE5UO/,0,0,0,-1,NaN
107,"hayujabarsehat","2026-02-12T07:46:51.000Z","Undangan istimewa buat kamu yang sedang mempersiapkan hari bahagia! Hai, para Calon Pengantin, Yuk, datang ke Puskesmas dan ikuti cek kesehatan pra-nikah! Karena cinta yang kuat dimulai dari tubuh dan jiwa yang sehat  #UndanganUntukCatin #CatinSehat #siapnikahsiapsehat",https://www.instagram.com/p/DUo1x66k_VM/,44,0,264,-1,NaN
108,"kasihibusoesrini","2025-04-30T05:39:21.000Z","Nutrisi ibu hamil tidak perlu rumit. yang penting seimbang, cukup, dan sesuai kebutuhan tubuh ibu.  Ini contoh makanan sehari-hari yang dapat mendukung tumbuh kembang bayi selama kehamilan.  Untuk kebutuhan yang lebih sesuai dengan kondisi ibu, konsultasikan bersama bidan di kasih ibu soesrini.  Bagikan kepada ibu hamil lainnya yang membutuhkan informasi ini  #bidanbandarlampung #nutrisibumil #kehamilansehat",https://www.instagram.com/p/DJDy2lXvKu2/,1,0,11,-1,NaN
109,"laksana.medika","2026-03-05T13:41:42.000Z","Meet Our Doctor! dr. Kandung Bowoleksono, Sp.OG  🕒 Senin–Jumat 17.00 WIB – Selesai  Yuk, jaga kesehatan bersama Laksana Medika 💙 #LaksanaMedika #DokterKandungan #SpOG #JadwalDokter",https://www.instagram.com/p/DVgTrw2E6SC/,2,0,26,-1,NaN
110,"apotekaldrichmedika","2025-08-08T14:04:32.000Z","hi moms.. di apotek kita ada pelayanan dokter spesialis anak y moms.. kami melayani pendaftaran langsung/whatsapp. untuk pelayanan lebih cepat bisa ambil nomor antrian melalui admin y moms.. Salam sehat buat kita semua moms.. #praktekdokteranak #dsapadang #dokteranakpadang #dokterspesialisanakpadang #padangsehat #sumbarinfo #infosumbar24jam",https://www.instagram.com/p/DNGMA3WJ23w/,0,0,2,-1,NaN
111,"wadah.vaksin.alloraclinic","2026-05-27T00:37:28.000Z","💙 PRIORIX Kini Telah Hadir di Wadah Vaksin Banjarbaru! 💙  Lindungi buah hati dari campak, gondongan, dan rubella (MMR) dengan vaksin PRIORIX yang dapat diberikan mulai usia 9 bulan hingga dewasa.  Mengapa memilih vaksin MMR? ✨ Membantu memberikan perlindungan terhadap 3 penyakit sekaligus. ✨ Dapat disesuaikan dengan jadwal imunisasi. ✨ Memiliki tingkat serokonversi yang tinggi. ✨ Reaksi lokal yang cenderung lebih rendah dibandingkan vaksin pembanding.  Karena mencegah selalu lebih baik daripada mengobati. Yuk, pastikan si kecil mendapatkan imunisasi sesuai jadwal agar tumbuh sehat dan terlindungi.  📍Wadah Vaksin Banjarbaru 📞 0819-3979-2333 📲 Instagram: @wadah.vaksin.alloraclinic  Lindungi Anak, Lindungi Masa Depan. 💙  #wadahvaksinbanjarbaru #vaksinpelengkap #vaksinanak #vaksindewasa",https://www.instagram.com/p/DY0nwrVymlI/,0,0,3,-1,NaN
112,"iki.homecare","2026-06-07T04:13:54.000Z","🌸 JUMAT BERKAH SPESIAL BABY MASSAGE 🌸  Bayi lebih rileks, tidur lebih nyenyak, pencernaan lebih lancar, dan tumbuh kembang lebih optimal dengan sentuhan pijat yang tepat. 💕  ✨ Harga spesial setiap hari Jumat 💰 Rp100.000 ➜ Rp80.000  🎁 Khusus customer baru (Belum pernah booking layanan Baby Massage di iki.homecare)  👶 Untuk bayi usia 0–12 bulan 📍 Area Surabaya  📲 Booking sekarang: WA 083871220785 IG @iki.homecare  Slot terbatas setiap Jumat, yuk amankan jadwal si kecil sekarang! 💖  #foryoupage #pijatbayisurabaya #pijatlaktasisurabaya #pijatoksitosinsurabaya #babyspasurabaya",https://www.instagram.com/p/DZRVaapxNa0/,0,0,6,-1,NaN
113,"rs.mamami_kupang","2025-09-25T03:05:13.000Z","“Daftar lebih simpel, pelayanan lebih cepat! RSU Mamami selalu hadir memberikan yang terbaik untuk Anda. 🌟 #PelayananPrima #RSUMamami”",https://www.instagram.com/p/DPAm3RCD_VP/,5,0,836,-1,NaN
114,"rsia_frisdhyangel","2025-07-31T03:10:23.000Z","Hello Moms & Dads!✨  Vaksin HPV (Human Papillomavirus) sangat penting untuk membantu melindungi tubuh dari infeksi virus HPV yang dapat menyebabkan kanker serviks serta beberapa penyakit lainnya. Pemberian vaksin HPV dianjurkan sejak usia remaja dan dapat menjadi langkah pencegahan kesehatan jangka panjang. 💉💖  Yuk, lindungi diri dan keluarga dengan vaksin HPV di RSIA Frisdhy Angel!✨  Informasi dan Pendaftaran : 📞 0778 424 901 WhatsApp : 0853 5535 2626  #HPV #VaksinHPV #ImunisasiHPV #RSIAFrisdhyAngel #RumahSakitIbuDanAnak RumahSakitBatam KesehatanWanita CegahKankerServiks",https://www.instagram.com/p/DMwa8D8xA31/,1,0,2,-1,NaN
115,"chachasinagaa_","2026-05-13T06:34:51.000Z","BB bayi 1–3 bulan cepat tapi setelah 4 bulan melambat!  Kenapa ya?  Sebelum usia 3 bulan, kenaikan berat badan bayi memang biasanya sangat cepat. Setelah memasuki usia 4 bulan, laju kenaikan berat badan mulai melambat, dan ini umumnya normal.  Berikut gambaran umumnya:  * Usia 0–3 bulan: berat badan naik sekitar 25–35 gram per hari. * Usia 4–6 bulan: kenaikan melambat menjadi sekitar 15–20 gram per hari. * Usia 6–12 bulan: sekitar 10–15 gram per hari.  Mengapa melambat?  * Pertumbuhan bayi mulai tidak secepat grafikFAKTA saat baru lahir. * Bayi menjadi lebih aktif, mulai berguling, meraih benda, dan banyak bergerak sehingga energi yang digunakan juga bertambah. * Ini merupakan bagian normal dari proses tumbuh kembang.  Yang lebih penting daripada membandingkan kenaikan dengan bayi lain adalah memastikan:  * Berat badan tetap bertambah dari bulan ke bulan. * Pertumbuhan mengikuti kurva di Buku KIA atau grafikFAKTA pertumbuhan. * Bayi menyusu dengan baik, tampak aktif, dan mencapai perkembangan sesuai usianya.  Namun, jika berat badan tidak naik sama sekali selama 1–2 bulan, justru turun, atau kurva pertumbuhannya menurun tajam, sebaiknya periksakan ke dokter untuk mencari penyebabnya.  Jadi, kenaikan berat badan yang cepat di usia 1–3 bulan lalu melambat setelah usia 4 bulan umumnya merupakan hal yang normal, Bun.  #fyp #parenting #bayi6bulan #tispparenting #fypjangkauanluas beranda bayi ceritaibu",https://www.instagram.com/p/DYQz1J2Bewu/,7,0,245,-1,NaN
116,"timbidansyefi","2026-05-11T10:26:32.000Z","TPMB Syefi Wulantika, S.ST., Bdn  Praktek : Pagi jam 8-10 WIB Sore jam 15-19 WIB Persalinan 24 jam  Melayani : Perawatan kesehatan ibu dan anak sepanjang kehidupan ☺️🩷  ""Sehat Selalu""  HOTLINE/reservasi : 087725354648  #BIDAN #timbidansyefi @bidan_syefiw",https://www.instagram.com/p/DYMemwcEciC/,2,0,26,-1,NaN
117,"rumahbidananing","2026-04-18T04:18:10.000Z","BIDAN ANING TIDAK PERNAH CHAT MINTA TRANSFER TERKAIT HUTANG MAUPUN DP PEMERIKSAAN MAUPUN PERSALINAN",https://www.instagram.com/p/DXQl7S-ka-H/,14,0,11,-1,NaN
118,"klinikismailmedika","2026-06-22T05:50:25.000Z","Kamu lagi kurang sehat tapi malas keluar rumah? 🤒🏠 Tenang, kini Klinik Ismail Medika punya layanan House Call loh!  Dokter bisa datang langsung ke rumah untuk pemeriksaan, konsultasi, hingga tindakan medis sesuai kebutuhan ✨ Lebih praktis, nyaman, dan tanpa antre.  Yuk, jaga kesehatan keluarga tanpa ribet. Hubungi kami untuk info dan booking layanan House Call 💙 📍Klinik Ismail Medika Jl. Caringin Kp. Kekupu 01/05 Rangkapan Jaya, Pancoran Mas, Depok 📞 Telepon: (021) 7788 9269 📱 WhatsApp: 0812 9854 2116 “One Stop Service for Better Health Care”  #HouseCall #KlinikIsmailMedika #LayananKesehatan #DokterKeRumah #BerobatMudah",https://www.instagram.com/p/DZ4IVNTxNbT/,2,0,29,-1,NaN
119,"ratuulfh_","2026-04-29T11:05:51.000Z","Yang ada bakal riweuh banget kalau bawa Mikael beberes 😅  #minivlog #fyp #adayinmylife #dailyvloguul",https://www.instagram.com/p/DXtpUKmkVh1/,57,0,9,-1,NaN
120,"pkm_sidosermo","2026-04-27T04:27:00.000Z","✨ Pelayanan Klaster di Puskesmas sidosermo ya✨  Kami hadir lebih dekat dengan masyarakat melalui pelayanan kesehatan berbasis klaster. Setiap klaster mendapatkan perhatian sesuai kebutuhan — mulai dari ibu & anak, remaja, usia produktif, hingga lansia.  💚 Bersama kita wujudkan masyarakat yang sehat, mandiri, dan sejahtera!  @sehatsurabayaku  #pelayananklaster #kesehatanuntuksemua #masyarakatsehat  #klasterpelayanan  #puskesmassidosermo  #layananprima",https://www.instagram.com/p/DXnyVL5EhRe/,0,0,6,-1,NaN
121,"uptd_puskesmastelagaarum","2026-06-08T04:34:32.000Z","📢 PENGUMUMAN LAYANAN Assalamu'alaikum Warahmatullahi Wabarakatuh. Dalam rangka Hari Libur Nasional dan Cuti Bersama Tahun Baru Islam 1448 H / 2026 M sesuai Surat Edaran 3 Menteri, disampaikan kepada seluruh masyarakat bahwa: 🔹 Pelayanan Rawat Jalan UPTD Puskesmas Telaga Arum 📅 TUTUP pada Selasa, 16 Juni 2026 🔹 Pelayanan Rawat Jalan akan BUKA KEMBALI 📅 Rabu, 17 Juni 2026 ✅ Pelayanan IGD 24 Jam tetap buka ✅ Pelayanan Rawat Inap tetap buka ✅ Pelayanan Persalinan tetap buka 🌙✨ Selamat Tahun Baru Islam 1448 Hijriah ✨🌙 Semoga tahun baru ini menjadi momentum untuk memperbaiki diri, memperkuat keimanan, serta membawa keberkahan, kesehatan, kedamaian, dan kebahagiaan bagi kita semua. Terima kasih atas perhatian dan pengertiannya. UPTD Puskesmas Telaga Arum Melayani dengan Sepenuh Hati 💚 #PuskesmasTelagaArum #TahunBaruIslam1448H #Muharram1448H #KayongUtara #PelayananKesehatan IGD24Jam RawatInap Persalinan KemenkesRI SehatIndonesiaMaju",https://www.instagram.com/p/DZT8lMfMHcj/,0,0,1,-1,NaN
122,"yulianaintans","2026-06-03T13:19:42.000Z","Niat hati pilih vaksin yg agak mahal biar gak demam tp 👶🤒 👩🏻‍🍼🥲   Demam setelah imunisasi ternyata masih bisa terjadi, termasuk pada beberapa vaksin yang harganya lebih mahal. Yang penting tetap dipantau, cukup ASI/susu, dan peluk ibu jangan sampai kurang. Sehat2 anak ibu🤍 #MomLife #ImunisasiBayi #Bayi4Bulan",https://www.instagram.com/p/DZIAIkRPE9T/,43,0,205,-1,NaN
123,"rsia_cempakaputihpermata","2025-10-20T03:05:20.000Z","SC ERACS VIP hanya 12 JUTA ✨ Khusus pembayaran asuransi 💳  Rawat inap VIP + perawatan ibu & bayi Lengkap dengan konsultasi dokter, laktasi, pembuatan akta & KK  🤍 Nyaman, aman, dan penuh perhatian  Untuk pendaftaran dan informasi selengkapnya dapat menghubungi (031) 8282350 / 081334158885 (chat only).  @rsia_cempakaputihpermata --------------------------- Ikuti juga Social Media Kami Lainnya : Youtube & TikTok : RSIA Cempaka Putih Permata --------------------------- RSIA Cempaka Putih Permata Buka 24 Jam Jl. Jambangan Kebon Agung No. 8 Surabaya (031) 8282350 / 081334158885 (chat only)  #SCERACSVIP #PromoRSIA #MelahirkanNyaman #rsiacempakaputihpermatasurabaya #rsiacempakaputihpermata",https://www.instagram.com/p/DQA-wDtkbR-/,3,0,18,-1,NaN
124,"puskesmas_jatiuwung","2026-03-11T03:28:07.000Z","🦟 Kenali DBD, Cegah Sebelum Terlambat!  Demam Berdarah Dengue (DBD) adalah penyakit yang ditularkan melalui gigitan nyamuk Aedes aegypti. Gejalanya meliputi demam tinggi mendadak, nyeri otot dan sendi, sakit kepala, muncul bintik merah, hingga perdarahan pada kondisi tertentu.  Cara terbaik untuk mencegah DBD adalah dengan menerapkan 4M Plus: ✅ Menguras tempat penampungan air secara rutin. ✅ Menutup rapat tempat penyimpanan air. ✅ Mengubur/Mendaur ulang barang bekas yang dapat menampung air. ✅ Memantau dan memberantas jentik nyamuk secara rutin.  Plus: ✔️ Gunakan obat atau lotion antinyamuk. ✔️ Pasang kawat kasa atau kelambu. ✔️ Hindari pakaian yang menggantung terlalu lama. ✔️ Jaga kebersihan lingkungan agar tidak menjadi tempat berkembang biaknya nyamuk.  Jika mengalami demam tinggi selama 2–3 hari disertai gejala yang mengarah ke DBD, segera periksakan diri ke fasilitas kesehatan. Deteksi dini sangat penting untuk mencegah komplikasi.  💚 Cegah DBD mulai dari rumah, lindungi diri dan keluarga!  Tangerang! Ayo! BERSAMA MEMBANGUN KOTA Puskesmas Jatiuwung! Hebat! (Harmonis, Efektif, Bersih, Asri, Tulus)  SALAM SEHAT  @sachrudin_srd @maryono_hs @hermansuwarman_ @dini_salsadikadri @amir_ali_lubis @w13n_a9un9_f1rdian @tangerangkota @dinkes.kotatangerang  #TangerangAyo #KotaTangerang #GatewayofIndonesia #gampangsehat",https://www.instagram.com/p/DVuqEmAEZ4p/,1,0,13,-1,NaN
125,"rsia_frisdhyangel","2025-12-31T09:00:06.000Z","Hello Moms & Dads!✨  Vaksin HPV (Human Papillomavirus) sangat penting untuk membantu melindungi tubuh dari infeksi virus HPV yang dapat menyebabkan kanker serviks serta beberapa penyakit lainnya. Pemberian vaksin HPV dianjurkan sejak usia remaja dan dapat menjadi langkah pencegahan kesehatan jangka panjang. 💉💖  Yuk, lindungi diri dan keluarga dengan vaksin HPV di RSIA Frisdhy Angel!✨  Informasi dan Pendaftaran : 📞 0778 424 901 WhatsApp : 0853 5535 2626  #HPV #VaksinHPV #ImunisasiHPV #RSIAFrisdhyAngel #RumahSakitIbuDanAnak RumahSakitBatam KesehatanWanita CegahKankerServiks",https://www.instagram.com/p/DS7Amsdj6tl/,0,0,6,-1,NaN
126,"puskesmaskecamatantambora","2026-03-10T06:54:43.000Z","Hai Sobat Sehat Tambora Salam Sehat👋🏻  📢 PENGUMUMAN LAYANAN KESEHATAN! Mulai sekarang, seluruh pelayanan kesehatan di wilayah Puskesmas Kecamatan Tambora, baik di dalam gedung maupun luar gedung, telah diintegrasikan dengan layanan Cek Kesehatan Gratis (CKG). 💙✨  Layanan ini membantu warga mendapatkan pemeriksaan kesehatan dasar secara mudah, cepat, dan tanpa biaya!  💬 Butuh informasi lebih lanjut? Hubungi kami melalui WhatsApp Chat: 0817-7058-7313 📲  Yuk, manfaatkan layanan gratis ini dan tetap jaga kesehatan bersama Puskesmas Tambora! 💚  @sudinkesjakbar  @dinkesdki   #PuskesmasTambora #CekKesehatanGratis #CKG #LayananKesehatan #JakSehat #SobatSehatTambora",https://www.instagram.com/p/DVsc6mJiZJQ/,11,0,98,-1,NaN
127,"bundapaudsby","2026-05-05T00:23:38.000Z","Bunda PAUD Kota Surabaya kembali melakukan peninjauan Masa Pengenalan Lingkungan Sekolah (MPLS) Ramah Anak 2026. Pemantauan ini sekaligus menjadi langkah nyata dalam mengawal implementasi program Wajib Belajar 13 Tahun yang kini menekankan pentingnya pendidikan prasekolah sebelum anak-anak melangkah ke jenjang Sekolah Dasar (SD). . Kunjungan monitoring tersebut dilaksanakan di SDN Rangkah VI, Kota Surabaya, pada Senin (13/7/2026). Kehadiran Bunda PAUD disambut dengan penuh keceriaan oleh para peserta didik baru, jajaran tenaga pendidik, serta para orang tua murid yang antusias mengantarkan putra-putrinya di hari pertama sekolah. . Bunda PAUD menekankan bahwa pendidikan prasekolah adalah fondasi krusial dalam menyukseskan Wajib Belajar 13 Tahun. Melalui penanaman karakter dan kemandirian sejak di jenjang PAUD, anak-anak akan memiliki kesiapan mental dan sosial yang lebih matang, sehingga gerakan transisi dari PAUD ke SD berjalan lebih mulus dan menyenangkan. . ""Alhamdulillah, hari ini di SDN Rangkah VI kita melihat senyum anak-anak yang sangat gembira. Inilah esensi dari penguatan Wajib Belajar 13 Tahun pendidikan prasekolah, agar saat masuk SD mereka tidak lagi kaget atau takut karena sekolah menjadi tempat yang ramah dan nyaman,"" ujarnya. . Ia juga memberikan apresiasi kepada jajaran guru SDN Rangkah VI yang sukses merancang kegiatan MPLS yang edukatif dan bebas tekanan. Kesinambungan pola asuh yang baik dari tingkat prasekolah hingga SD dinilai sangat penting untuk memastikan anak-anak merasa bahwa sekolah adalah rumah kedua mereka. . Komitmen penerapan Wajib Belajar 13 Tahun ini sejalan dengan visi kuat Pemerintah Kota Surabaya dalam mempertahankan predikat Kota Layak Anak (KLA) Paripurna. Lewat kolaborasi yang solid antara pemerintah, sekolah, dan orang tua, diharapkan Surabaya mampu mencetak generasi penerus yang cerdas, berkarakter kuat, dan bahagia.  #MPLSRamahAnak #SurabayaKotaLayakAnak #pendidikanbermutuuntuksemua #surabayahebat #bundapaudsby  @rini_ericahy",https://www.instagram.com/p/DX70LZJEsYe/,1,0,71,-1,NaN
128,"puskespademangan","2026-03-11T13:53:27.000Z","✨ PENGUMUMAN INTEGRASI LAYANAN CKG ✨  Seluruh layanan kesehatan di Puskesmas Pademangan dan Puskesmas Pembantu Wilayah Kecamatan Pademangan, baik dalam maupun luar gedung, telah terintegrasi dengan Program Cek Kesehatan Gratis (CKG) 🩺  Bagi peserta yang datanya sudah terintegrasi, tetap dapat memperoleh layanan Cek Kesehatan Gratis sesuai paket pemeriksaan di Puskesmas Pademangan.  📅 Jadwal layanan: 🕐 Senin s.d. Jumat ⏰ Pukul 07.30 - 13.00 WIB  📍 Lokasi CKG: Puskesmas Pademangan (Gedung A) Jl. Pademangan II Gang 22 No.2 RT.002 RW.002, Kel. Pademangan Timur, Kec. Pademangan, Jakarta Utara 📫 Kode Pos 14410 🔗 https://bit.ly/puskesmaspademangan-maps  Yuk, pastikan kamu sudah terdaftar dan segera daftarkan dirimu melalui Aplikasi SATUSEHAT Mobile 💪  #PuskesmasPademangan #CekKesehatanGratis #PelayananTerintegrasi #SATUSEHAT #JakartaSehat #PademanganSehat #PelayananPrima #DinasKesehatanDKI #DKIJakarta",https://www.instagram.com/p/DVvxy8kExKo/,2,0,14,-1,NaN
129,"puskesmas_rancasalak","2026-04-07T06:38:00.000Z","Gak perlu antre lagi di loket Pendaftaran!   Mulai 1 November 2025, seluruh pasien BPJS Kesehatan yang berobat & meminta rujukan ke PKM Rancasalak *WAJIB DAFTAR ONLINE* melalui aplikasi Mobile JKN.  Daftar dari rumah, datang sesuai jadwal, pelayanan jadi lebih cepat dan nyaman 💪  📲 Yuk, download aplikasi Mobile JKN di Play Store / App Store sekarang!  #PKMRancasalak #MobileJKN #BPJSKesehatan #PelayananTanpaAntre #DaftarOnline",https://www.instagram.com/p/DW0gNi9Eo1J/,2,0,24,-1,NaN
130,"rsia_frisdhyangel","2026-05-30T09:00:11.000Z","Hello Moms & Dads!✨  Vaksin HPV (Human Papillomavirus) sangat penting untuk membantu melindungi tubuh dari infeksi virus HPV yang dapat menyebabkan kanker serviks serta beberapa penyakit lainnya. Pemberian vaksin HPV dianjurkan sejak usia remaja dan dapat menjadi langkah pencegahan kesehatan jangka panjang. 💉💖  Yuk, lindungi diri dan keluarga dengan vaksin HPV di RSIA Frisdhy Angel!✨  Informasi dan Pendaftaran : 📞 0778 424 901 WhatsApp : 0853 5535 2626  #HPV #VaksinHPV #ImunisasiHPV #RSIAFrisdhyAngel #RumahSakitIbuDanAnak RumahSakitBatam KesehatanWanita CegahKankerServiks",https://www.instagram.com/p/DY9P6z0FAOj/,0,0,3,-1,NaN
131,"puskesmaspamulang","2026-03-28T07:13:19.000Z","Korupsi bisa terjadi di mana saja, termasuk dalam pelayanan kesehatan. Puskesmas Pamulang menegaskan komitmennya untuk melawan korupsi demi kesejahteraan masyarakat.  Kami berpegang teguh pada prinsip-prinsip anti korupsi dalam setiap layanan: anti gratifikasi, anti suap, anti pungli, serta pelayanan yang transparan dan berintegritas.  Sobat Pamulang, Anda adalah kunci! Jangan ragu untuk melaporkan jika Anda menemukan segala bentuk korupsi. Kepercayaan Anda sangat berarti bagi kami.  Mari kita bangun puskesmas yang bersih dan melayani tanpa korupsi!  #PariwaraAntikorupsi #PariwaraAntikorupsi2026",https://www.instagram.com/p/DWa1hZrEZo4/,3,0,27,-1,NaN
132,"rri_semarang","2026-04-09T03:36:12.000Z","Level up your English with Pro 2 RRI Semarang! 🚀  ​Resmi rilis Senin, 13 Juli kemarin, Pro 2 English Corner siap nemenin Senin kamu jadi lebih produktif.  ​Pastikan kamu selalu dengerin Pro 2 English Corner ya, biar kosa kata makin kaya dan pengetahuan bahasa Inggris kamu makin meningkat.   Stay tuned and let’s learn together! 🎙️🇬🇧  #pro2rrismg #englishcornerpro2 #rri #rrisemarang",https://www.instagram.com/p/DW5WNooEejl/,0,0,12,-1,NaN
133,"rsiaalihsan","2026-05-30T06:17:23.000Z","🎉 Gak perlu antre lama di RSIA Al-Ihsan! Cukup buka aplikasi Mobile JKN, ambil antrean, datang sesuai jadwal. Praktis banget, kan? 😎  📲 Mobile JKN Cepat, praktis, tanpa ribet!  📲 Yuk unduh sekarang dan daftar sebelum ke rumah sakit!  Untuk informasi lebih lanjut silahkan hubungi kami melalui:  📱 081266708304 (WA/Telepon) Alamat: Jl. Bakti Depan SPBU Pertamina Simpang Empat, Kec. Pasaman, Kab. Pasaman Barat  #rsiaalihsan #responsifdalammelayani #mobilejkn #AntreanOnline #BPJSKesehatan",https://www.instagram.com/p/DY880ClSGeH/,0,0,13,-1,NaN
134,"bidan_apriani","2026-03-09T11:57:05.000Z","💖 Rawat Kebersihan Area Kewanitaan, Tingkatkan Rasa Nyaman! Area kewanitaan yang sehat dapat membuat bunda lebih nyaman dan percaya diri dalam menjalani aktivitas sehari-hari. Jika bunda mengalami keluhan seperti keputihan, bau tidak sedap, atau ingin berkonsultasi mengenai kesehatan organ intim, jangan ragu untuk memeriksakan diri. ✨ V*gin*l Toilet di Klinik Pratama Apriani RG dilakukan oleh tenaga kesehatan profesional dengan mengutamakan kenyamanan, privasi, dan kebersihan sesuai indikasi medis. 👩‍⚕️ Konsultasikan terlebih dahulu kondisi Anda agar mendapatkan penanganan yang tepat. 📞 0812-7505-494 / 0811-706-587 📍 Jl. Pertanian No. 59 Jaya Mukti 📲 IG: @bidan_apriani 🎵 TikTok: @bidan.apriani 📘 FB: Bidan Apriani Gaban 💖 Sehat, bersih, nyaman, dan lebih percaya diri dimulai dari menjaga kesehatan organ intim. #VaginalToilet #KesehatanWanita #KesehatanReproduksi #MissVSehat #klinikaprianirg",https://www.instagram.com/p/DVqazDQkjrs/,1,0,4,-1,NaN
135,"puskesmas.joharbaru","2026-03-12T05:25:20.000Z","--- PARIPURNA ---  Puskesmas Johar Baru memberikan Kualitas Pelayanan dengan status Akreditasi ""PARIPURNA"", Hal ini merupakan wujud komitmen Puskesmas Johar Baru dalam memberikan pelayanan yang bermutu dan terbaik bagi masyarakat.  kami akan selalu memberikan pelayanan PRIMA ( Profesional, Ramah, Inovatif, Mandiri, Akurat ).  Salam Sehat  @dinkesdki @sudinkesehatan_jakpus  #akrditasipuskesmas #paripurna #puskesmasparipurna #dinaskesehatan #dinkesdki #sudinkesjakpus #joharbaru #kampungrawa #galur #tanahtinggi #jakartapusat",https://www.instagram.com/p/DVxccTsmbPx/,1,0,22,-1,NaN
136,"dua.qa","2026-03-08T17:37:50.000Z","اذكار النوم 💤",https://www.instagram.com/p/DVodEi8im-5/,900,0,61,-1,NaN
137,"kepulauanriauindonesia","2026-03-09T12:28:22.000Z","APA LAGI ROKOKNYA ILEGAL, MEREK HD, PSG SAMA UFO 🙄",https://www.instagram.com/p/DVqea4uiW6X/,47,0,3,-1,NaN
138,"ukmexpertid","2026-03-16T11:04:24.000Z","JIKA KAMU BELUM TAHU: SETIAP ERA KEPEMIMPINAN INDONESIA PUNYA ""GAME PLAN"" BEDA. 🇮🇩📊 Dengan anggaran ratusan hingga ribuan triliun rupiah. Tapi pertanyaannya: mana yang benar-benar berdampak nyata buat masyarakat?  Skala bukan jaminan dampak → Program 100 triliun bisa ""hilang"" kalau nggak tepat sasaran. Program 10 miliar bisa mengubah satu desa kalau eksekusinya rapi. Konteks menentukan prioritas → Setiap era punya tantangan berbeda. Yang penting: solusi relevan, bukan sekadar ""ikut tren"". Warisan terbaik = sistem, bukan simbol → Infrastruktur fisik penting. Tapi infrastruktur manusia (skill, mental, jaringan) lebih abadi. Kita juga punya ""anggaran"" sendiri → Waktu, tenaga, modal kecil. Pertanyaannya: diinvestasikan ke mana agar dampaknya maksimal?  GILIRAN KAMU BERPENDAPAT: Dari semua program besar lintas era itu: ❓ Mana yang menurutmu paling berdampak nyata buat kehidupan sehari-hari masyarakat? ❓ Program apa yang justru kurang terasa padahal anggarannya besar? ❓ Kalau kamu jadi ""menteri UMKM"", program apa yang akan kamu prioritaskan dengan anggaran terbatas?  Drop pendapatmu di kolom komen! Biar kita diskusi sehat, belajar dari sejarah, & ambil inspirasi untuk langkah kita ke depan.  #UKMExpertID #KepemimpinanIndonesia #PembangunanNasional #DampakNyata #BisnisDanNegara",https://www.instagram.com/p/DV8Waryk29e/,86,0,177,-1,NaN
139,"gresik_info_loker","2026-03-17T01:27:44.000Z","🚨 LOWONGAN KERJA GRESIK 🚨 DIBUTUHKAN SEGERA Posisi:  1. Operator Produksi 2. Teknisi Mesin Produksi  Bagi Anda yang sedang mencari pekerjaan di wilayah Gresik, saat ini tersedia kesempatan bergabung sebagai Operator Produksi dengan penempatan di Kawasan Industri Maspion (KIM), Manyar, Gresik.  📮 Kirim lamaran ke:  Jl. Beta, Kawasan Industri Maspion (KIM) Kav. 27G, Desa Manyar Sidomukti, Kecamatan Manyar, Kabupaten Gresik, Jawa Timur 61151.  ⚠️ Pastikan seluruh berkas lamaran telah lengkap sebelum dikirim. Segera kirim lamaran Anda karena proses rekrutmen dapat ditutup sewaktu-waktu apabila kuota telah terpenuhi.  Selalu waspada terhadap segala bentuk penipuan rekrutmen. Apabila ada pihak yang meminta biaya dalam proses melamar kerja, harap berhati-hati dan lakukan verifikasi terlebih dahulu.  Bagikan informasi ini kepada teman atau keluarga yang sedang mencari pekerjaan. Semoga bermanfaat dan semoga sukses! 🙏  #LokerGresik #InfoLokerGresik #GresikInfoLoker #LowonganKerja #OperatorProduksi Manyar",https://www.instagram.com/p/DV95OInEgty/,25,0,916,-1,NaN
140,"moslimcore","2026-03-19T05:34:22.000Z","Di saat banyak orang rela menerobos hujan, panas, bahkan badai demi urusan dunia, Timnas Senegal justru menjadi sorotan karena melakukan hal yang berbeda: mereka tetap berusaha memenuhi panggilan Allah.  Ketika keputusan itu dipertanyakan, pelatih Senegal, Pape Thiaw, menjawab dengan kalimat yang sederhana namun menghentak hati:  ""Kamu takut pada angin, sedangkan kami takut kepada Tuhan yang menciptakan angin.""  Kalimat itu mengingatkan kita bahwa seorang Muslim seharusnya tidak hanya yakin bahwa Allah menciptakan segala sesuatu, tetapi juga menempatkan rasa takut, harap, dan tawakal hanya kepada-Nya.  Angin bisa bertiup kencang. Cuaca bisa berubah sewaktu-waktu. Namun tidak ada satu pun yang bergerak tanpa izin Allah.  Mungkin selama ini yang membuat kita jauh dari ketaatan bukan karena tidak punya waktu, melainkan karena rasa takut kita kepada dunia masih lebih besar daripada rasa takut kita kepada Allah.  Padahal, ketika hati sudah mengenal Rabb-nya, badai tidak akan menghalangi langkah menuju-Nya.  source: Berbagai laporan media yang beredar terkait pernyataan Pelatih Senegal, Pape Thiaw.  #MoslimCore",https://www.instagram.com/p/DWDfCRrEfkx/,548,0,243,-1,NaN
141,"kabarcibubur24jam","2026-03-19T05:59:56.000Z","Mantan Pegawai Bakmi Terkenal Buka Kedai Bakmi Enak Dan Halal di Munjul, Cipayung😍  Tersedia berbagai Menu Mulai dari Bakmie Ayam, Bakmi Chili Oil Hingga Pangsit Gorengnya yang Juara. Harganya Juga masih Affordable mulai dari Belasan Ribu aja 👌  Semua bahanya homemade dan tanpa bahan pengawet, mereka juga tersedia di Ojek Online ya 🙌  @bakmi.arnea  100% Halal ✅  📍Bakmi Arnea's Jalan Raya Munjul, Cipayung, Jakart Timur Sebrang Teras Munjul/Samping Alfamidi  #Kabarcibubur24jam #BakmiArnea",https://www.instagram.com/p/DWDg620CQrm/,58,0,223,-1,NaN
142,"labfst.uinsa","2026-06-23T05:20:43.000Z","🎉 DIRGAHAYU UIN SUNAN AMPEL SURABAYA KE-61 🎉  Enam puluh satu tahun bukan sekadar perjalanan waktu, tetapi merupakan jejak pengabdian, dedikasi, dan kontribusi dalam mencetak generasi unggul yang berilmu, berakhlak, serta mampu memberikan manfaat bagi masyarakat, bangsa, dan dunia.  Sejak berdiri pada 5 Juli 1965, UIN Sunan Ampel Surabaya terus tumbuh menjadi perguruan tinggi Islam yang mengintegrasikan nilai-nilai keislaman dengan perkembangan ilmu pengetahuan, teknologi, dan inovasi. Semangat Building Character Qualities for the Smart, Pious, and Honorable Nation menjadi landasan dalam melahirkan insan akademik yang adaptif terhadap perubahan zaman.  Keluarga besar InoverseLab Fakultas Sains dan Teknologi UIN Sunan Ampel Surabaya mengucapkan:  ✨ Selamat Dies Natalis UIN Sunan Ampel Surabaya ke-61 ✨  Semoga di usia yang ke-61 ini, UIN Sunan Ampel Surabaya senantiasa menjadi pusat keunggulan dalam pendidikan, penelitian, pengabdian kepada masyarakat, serta inovasi yang memberikan dampak nyata bagi kemajuan peradaban. Terus melahirkan karya-karya terbaik, memperkuat kolaborasi, dan menginspirasi generasi masa depan untuk berkarya dengan integritas dan kebermanfaatan.  Bersama melangkah, berinovasi, dan mengabdi untuk Indonesia yang lebih maju.  Selamat ulang tahun, almamater tercinta. 💚  #DiesNatalisUINSA61 #UINSA61 #UINSunanAmpel #UINSASurabaya #FSTUINSA #InoverseLab #LaboratoriumFST #SainsDanTeknologi #Innovation #Research #Education #HigherEducation #IndonesiaMaju #KampusBerdampak #smartinnovation",https://www.instagram.com/p/DZ6pyqvE9rI/,1,0,23,-1,NaN
143,"navoiydan.gapiramiz_uz","2026-03-01T20:53:17.000Z","☎️ 90-739-77-95",https://www.instagram.com/p/DVWxxBHDJDL/,12,0,633,-1,NaN
144,"majalaya_pisan","2026-03-19T12:49:45.000Z","Pada Selasa, 16 Juni 2026, Forest Coffee bersama Pisan Media Creative menggelar kegiatan Telusur Kultur Tracking di kawasan Forest Coffee, Sindulang, Cimanggung, Kabupaten Sumedang. Kegiatan ini menjadi wadah untuk belajar langsung dari alam melalui pengalaman eksplorasi yang edukatif dan inspiratif.  Selama perjalanan, kami diajak menyusuri jalur alam sambil mengenal nilai-nilai budaya dan kearifan lokal yang tumbuh di tengah masyarakat. Setiap langkah menjadi kesempatan untuk memahami hubungan erat antara manusia, budaya, dan lingkungan.  Kegiatan ini juga didampingi oleh Abah Rizal (@lensarizal ) yang berbagi wawasan mengenai sustainability atau keberlanjutan. Melalui penjelasannya, kami diajak memahami pentingnya menjaga keseimbangan alam serta menerapkan pola hidup yang lebih selaras dengan lingkungan.  Lebih dari sekadar tracking, kegiatan ini menjadi ruang refleksi bahwa menjaga alam adalah tanggung jawab bersama. Dengan memperkaya wawasan dan kepedulian terhadap lingkungan, diharapkan semakin banyak masyarakat dan generasi muda yang tergerak untuk merawat alam demi keberlangsungan hidup di masa depan.  Foto by : @byraven_raf   @bandungpisan.id  @info.cimanggung  @sumedangpisan_  @garutpisan.id  @bandungbaratpisan.id  @for_rest.coffee  @kertasari_pisan  @soreang_pisan  @pacetpisan  @ibunpisan  @bandungcoffeego  @baleendah_pisan  @pesonamajalaya  @soljerpisan",https://www.instagram.com/p/DWEQ0EbEy9N/,40,0,20,-1,NaN
145,"visit.surakarta","2026-03-20T08:56:09.000Z","‼️‼️ Roti Esook by Passion Bake House sudah buka di Mojosongo ‼️‼️ . . Satu-satunya bake house yg buka pukul 04.00 pagi ‼️ Disini tersedia beraneka ragam roti dan varian roti gandum dengan harga yang terjangkau Produk roti freshly baked dan selalu hangat . . Promo Khusus - Beli 3 Roti Gandum 50K - 10K dapat 4 varian . 📍 @passion.bakehouse  Jl. Jaya Wijaya No.131, Mojosongo, Kec. Jebres, Kota Surakarta, Jawa Tengah 57127 (Depan Bakso Roso Nyoto) ⏰ 04.00 – 08.00 WIB",https://www.instagram.com/p/DWGa7Q6gG-Z/,14,0,69,-1,NaN
146,"zayqiranhafmi","2026-04-30T00:01:27.000Z","Jersey MU Merah Nomor 40 Kesetiaan Tanpa Batas #GGMU #FansSetia #ManchesterUnited #SepakBola #JerseyBola ⠀ Source : https://www.youtube.com/@radityadika",https://www.instagram.com/p/DXvCL-FDYCe/,0,0,0,-1,NaN
147,"podcasthero.id","2026-04-06T14:56:14.000Z","Bencana Gunung Meletus di P  Dalam podcast ini, Hard Gumay kembali hadir di hadapan Denny Sumargo untuk membeberkan serangkaian ramalan dan penglihatan mata batinnya tentang kejadian besar yang diprediksi akan terjadi di Indonesia pada tahun 2026. Suasananya cukup intens karena beberapa prediksinya tergolong ""gelap"" dan mengejutkan.  Poin-poin utama ramalannya meliputi: Tragedi Selebriti: Akan ada kabar duka dari seorang aktor senior (ciri-ciri: usia di atas 40 tahun, kulit sawo matang, rambut sebahu). Selain itu, ada prediksi perceraian artis wanita berinisial ""M"" dan kasus narkoba yang menjerat aktor muda.  Insiden Pemerintahan: Prediksi kebakaran besar yang melanda sebuah gedung pemerintahan penting di Jakarta yang disebabkan oleh human error.  Skandal Korupsi: Tertangkapnya pejabat politik (inisial A) dalam operasi tangkap tangan (OTT) terkait korupsi besar.  Bencana & Sosial: Peringatan akan adanya bencana alam serta potensi kerusuhan sosial atau konflik yang perlu diwaspadai.  🗣️ Narasumber Hard Gumay (Paranormal / Indigo)  sc: Curhat Bang Denny Sumargo  #HardGumay #Ramalan2026 #DennySumargo #indigo #paranormal #ramalanbencana #prediksibencana  #Prediksi2026 #Viral #Podcast #RamalanArtis #MataBatin #penglihatan #ramalan #penerawangan",https://www.instagram.com/p/DWy1kkWCvpb/,1,0,8,-1,NaN
148,"firmansyah_37","2025-05-28T00:36:15.000Z","Mereka tidak pernah meminta menjadi langka. Tidak pernah meminta dikasihani. Mereka cuma ingin hidup tenang di rumah yang sejak dulu mereka jaga bersama alam.  Tapi hari ini, hutan berubah jadi jalan tambang. Pohon berubah jadi angka keuntungan. Dan suara satwa perlahan tenggelam oleh suara mesin dan alat berat.  Saat harimau masuk kebun, orangutan turun ke jalan, atau gajah berjalan sendirian mencari arah, manusia menyebut mereka “mengganggu”. Padahal mungkin mereka hanya bingung mencari rumah yang dulu pernah ada.  Kita sering lupa, setiap hutan yang dihancurkan bukan cuma kehilangan pohon. Ada sarang yang hilang. Ada anak yang kehilangan induk. Ada kehidupan yang perlahan dipaksa punah.  Dan yang paling menyedihkan… mereka tidak bisa bicara. Tidak bisa membuat berita. Tidak bisa meminta tolong.  Jadi luka mereka hanya muncul sebentar di beranda kita, lalu hilang tertutup hiburan berikutnya.  Semoga suatu hari nanti anak cucu kita tidak perlu melihat satwa-satwa ini hanya lewat foto dan museum sambil bertanya:  “kenapa dulu manusia membiarkan ini terjadi?”  🌿 — untuk semua satwa yang kehilangan rumahnya.  #vivarepublikindonesia🇲🇨",https://www.instagram.com/p/DKLWbE2zrSQ/,1,0,13,-1,NaN
149,"teras_7","2024-11-16T03:32:29.000Z","TERAS7.COM - Kejaksaan Agung (Kejagung) resmi menghentikan kegiatan pengumpulan data dan keterangan terkait permasalahan Program Makan Bergizi Gratis (MBG) di seluruh Indonesia.  Kebijakan tersebut tertuang dalam Surat Nomor B-3256/F.2/Fd.2/07/2026 tertanggal 10 Juli 2026 yang ditujukan kepada seluruh Kepala Kejaksaan Tinggi (Kajati) se-Indonesia.  Instruksi penghentian itu juga diminta diteruskan kepada seluruh Kepala Kejaksaan Negeri (Kajari) dan Kepala Cabang Kejaksaan Negeri (Kacabjari).  Sebelumnya, Kejaksaan Agung melalui surat tertanggal 15 Juni 2026 telah menginstruksikan seluruh Kejati melakukan inventarisasi dan menyampaikan berbagai permasalahan dalam pelaksanaan Program Makan Bergizi Gratis yang dijalankan Badan Gizi Nasional (BGN).  Penghentian tersebut dilakukan menyusul disposisi Jaksa Agung atas laporan pemberitaan media yang disampaikan Kejaksaan Tinggi Jawa Tengah terkait kegiatan pengumpulan data dan keterangan mengenai Satuan Pemenuhan Pelayanan Gizi (SPPG).  Selengkapnya dihttps://teras7.com/kejagung-hentikan-pengumpulan-data-terkait-permasalahan-mbg-di-seluruh-indonesia/ #kejagung #data #mbg #indonesia #viral",https://www.instagram.com/p/DCatLC4v6WT/,0,0,6,-1,NaN
150,"ngabilasalama","2026-04-18T12:45:39.000Z","UI mengajarkanku jgn pernah menyerah dlm hidup! Kampus perjuangan! Tidak hanya berjuang utk diri sendiri, tp org lain! Puncak kemumetan dlm hidup adalah perjalanan menjadi seorang doktor. Gak percaya? Monggo dicoba sendiri ya sayang-sayangku🙏😘 Alhamdulillah. Tks byk utk 8 orang pembimbing dan pengujiku yang sangat luar biasa & sabar membimbing mahasiswanya yang super bandel ini: Prof. Ede @kang.ede , Prof. Sabarinah, Prof. Purnawan, Prof. Fika, Prof. Hartono, Dr. Bernie, Dr. Nana, Dr. Mariana🙏  Jadi ingat kata Prof. Jaslis pembimbing S2 di ujian akhir tesis FKM UI tahun 2016: Ngabila ini mahasiswa S2 saya yang paling bandel, tapi untungnya dia cerdas. Bahkan Prof. Jaslis masih ingat tingkah2 S2 ku itu pas ujian masuk S3 di tahun 2022, beliau menjadi 1 dari 3 Prof penguji di ujian wawancara sekaligus yg meloloskanku masuk S3, beliau bilang: harapan saya besar kepada kamu klo kelak kamu menjadi doktor kesehatan masyarakat. Celotehan & nasehat2 hebat para pembimbing di setiap ujian akhir sejak masa S1 selalu terngiang dan menjadi motivasi teramat kuat untuk menjadi pribadi yang lebih baik & bermanfaat dari hari ke hari🙏 Di saat semua org sibuk canggihin rumah sakit, ayo kita berlomba canggihin kesehatan masyarakat untuk cegah sakit💪 Mencegah lebih baik daripada mengobati, sedia payung sebelum hujan, pakai helm & sabuk pengaman saat berkendara💪 Sehat itu budaya yg diterapkan sedini mgkn dr balita. Tdk ada yg mustahil dlm perjuangan menyehatkan fisik & mental masyarakat Indonesia scr paripurna & nyata  Pesan guru dan senior sejak S1 FKUI 2007: UNIVERSITAS INDONESIA menyandang kata, sekaligus amanah berat: INDONESIA. Jangan pernah berhenti utk tulus berpikir & berkarya untuk INDONESIA! Salam UI garis keras!🫡😘 @fkm_ui @medicine_ui @univ_indonesia #doktor #ui #universitasindonesia #fkmui #kesehatanmasyarakat",https://www.instagram.com/p/DXRgGsvk8C7/,3,0,71,-1,NaN
151,"bpom.jakarta","2026-01-12T03:14:11.000Z","🎡 BBPOM di Jakarta Hadir Kembali di Jakarta Fair 2026!  Hai Abang Mpok #SahabatBPOM 👋 Yuk, kunjungi booth BBPOM di Jakarta dan dapatkan informasi seputar keamanan pangan, obat, kosmetik, suplemen kesehatan, dan produk lainnya yang aman serta bermutu.  📅 11 Juni – 12 Juli 2026 📍 Hall C1, Jakarta Fair Kemayoran  Jangan lewatkan berbagai edukasi, layanan informasi, dan aktivitas menarik bersama BBPOM di Jakarta.   Sampai jumpa di Jakarta Fair 2026! ✨  #BBPOMJAKARTA #BPOMRI #JakartaFair2026 #CekKLIK",https://www.instagram.com/p/DTZSiXOj3eH/,17,0,319,-1,NaN
152,"biotek.farmasi","2026-06-06T13:31:53.000Z","Ayo dukung produk herbal anak bangsa!  Mas dery saja sudah dukung loh, yakin kamu belum?  Yuk simak dukungan beliau diatas!  #dery #podcast #kasisolusi #obatherbalterbaikdunia #biotekfarmasi #Dialance #KFix #Regimun #Viradef #HidupSehat #sehatalami #GayaHidupSehat #JagaKesehatan #herbalsehat #ObatHerbalIndonesia #KesehatanTubuh #SehatDenganHerbal #KesehatanAlam #ObatHerbalAlami #KesehatanOptimal #IndonesiaSehat #HerbalTerbaik #cintaproduklokal #HerbalAlamiIndonesia #HerbalPilihan #IndonesiaHerbal #HerbalKesehatan #ObatHerbalTerbaik #KesehatanDariAlam #herbaluntukkesehatan",https://www.instagram.com/p/DZPwa34yo47/,18,0,349,-1,NaN
153,"rsudbudhiasih","2025-08-05T04:50:58.000Z","Halo sahabat sehat 😊 RSUD Budhi Asih menyediakan layanan:   🌹 Vaksin Meningitis 🌹 Vaksin Influenza 🌹 Vaksin Polio 🌹 Vaksin Pneumonia  🌹 Suntik Imun Booster  Vaksinasi akan disertai dengan E-ICV (buku kuning elektronik)   Yuk segera jadwalkan vaksinasimu untuk melindungi tubuh untuk lebih sehat. Ajak dan sebarkan informasi ini ke keluarga dan kerabat kalian ya 😊   #RSUDBudhiAsih #VaksinMeningitis #VaksinInfluenza #VaksinPolio #VaksinPneumonia #ImumBooster #DinasKesehatan #DKIJakarta",https://www.instagram.com/p/DM9ebHcSt6p/,2,0,19,-1,NaN
154,"hairilfiqri","2026-06-05T06:07:52.000Z","Kekhawatiran bahwa jadwal imunisasi yang padat dapat membuat sistem imun bayi kewalahan adalah hal yang wajar. Namun, benarkah demikian?  Faktanya, sistem imun bayi sangat mampu merespons antigen. Bayi memiliki jutaan sel B yang siap mengenali ancaman, dan kapasitas teoretisnya jauh melampaui jumlah antigen dalam vaksin rutin modern. Berkat kemajuan teknologi, beban antigen vaksin kini jauh lebih ringan dibanding generasi lama.  Jadwal imunisasi disusun untuk melindungi anak saat paling rentan: ketika antibodi ibu menurun dan sistem imun bayi belum matang. Karena itu, keputusan terbaik lahir dari bukti, bukan dugaan.  Mari cari kebenaran, bukan pembenaran.  Referensi:  1. Chaudhari T. Vaccinations in the newborn. Best Pract Res Clin Obstet Gynaecol. 2021. 2. Offit PA, et al. Do multiple vaccines overwhelm or weaken the infant's immune system? Pediatrics. 2002. 3. Saso A, Kampmann B. Vaccine responses in newborns. Semin Immunopathol. 2017. 4. Institute of Medicine. The Childhood Immunization Schedule and Safety. 2013. 5. Institute of Medicine. Vaccinations and Sudden Unexpected Death in Infancy. 2003. 6. Hadisoemarto PF, et al. Introduction of pentavalent vaccine in Indonesia. Health Policy Plan. 2016. 7. Bailly AC, et al. Timeliness of vaccination in infants. Hum Vaccin Immunother. 2018. 8. Demirjian A, Levy O. Safety and efficacy of neonatal vaccination. Eur J Immunol. 2009.  #berpikri #imunisasi #vaksin #parentingberbasisilmiah #publichealth",https://www.instagram.com/p/DZMY4P-CcFg/,8,0,334,-1,NaN
155,"info_kesehatan.id","2026-05-09T12:03:49.000Z","Lucu banget 😆🤣",https://www.instagram.com/p/DYHgJh_D3Kb/,762,0,310,-1,NaN
156,"grazia_family","2024-09-28T11:11:41.000Z","Nikmati pelukan kecil itu, selagi waktu masih memberi ruang hangatnya🥹 Bakal kangen pasti nantinya🥺  #momlifejourney  #MomenTakTerulang #momsupport  #parenting #videoanak #parentingtips #anakanak #graziafamily",https://www.instagram.com/p/DAdWtrSKmUI/,16,0,131,-1,NaN
157,"adamprabata","2025-10-24T03:00:52.000Z","Sertifikat penghargaan ini dengan bangga diberikan kepada orang orang yang berhasil berhenti merokok",https://www.instagram.com/p/DQLRapzjwCV/,0,0,749,-1,NaN
158,"hk_pro78._","2025-05-25T09:42:13.000Z","Apa yang dikatakan pak anies terbukti kan sekarang  Ini fakta, tapi para termul gak menerimanya  Padahal ini video pas nyapres, tapi termul tidak menerima fakta segamblang ini. dan sekarang terbukti semua kan   Pasti termul pada koment, di video ini😅  @hk_pro78._   #aniesbaswedan #prabowo  #whoosh #keretacepat",https://www.instagram.com/p/DKEjuwYym20/,4,0,176,-1,NaN
159,"anggunvika3","2026-03-16T05:52:08.000Z","Hal yang paling berkesan ditahun 2022🥰 #reels #reelsinstagram #2022goals #happynewyear #2023",https://www.instagram.com/p/DV7yTk3Cfzu/,519,0,72,-1,NaN
160,"popbela_com","2025-06-19T01:31:45.000Z","The Creative Generation isn’t afraid to create. It’s brave enough to be seen.   Sejak kecil, @maishakanna percaya bahwa setiap langkah selalu dimulai dari keberanian untuk mencoba, bahkan sebelum semuanya terasa siap. Dari audisi Petualangan Sherina hingga perjalanan musiknya hari ini, Maisha meyakini bahwa karya terbaik bukan hanya tentang menciptakan, tapi juga tentang keberanian untuk membagikannya ke dunia.  “Please show your art to the world. Let yourself be perceived,” ungkap Maisha.  Baginya, seni bukan tentang benar atau salah. “It’s just your art,” tambahnya🤍 __ Photographer: @winstongomez Fashion Editor: @myqrichs Fashion Stylist: @putriandiza Beauty Asst.: @shaviraannisa  Makeup Artist: @yantica.ngan Hair Stylist: @franspowhairdo POPBELA.com Crew: @natashacecil @nadhiraannss Layout cover : @vvialatte  Wardrobe: @nagitaslavina.co  __ Baca artikel EKSKLUSIF bareng MAISHA KANNA di POPBELA.com",https://www.instagram.com/p/DLEGRCUvX_Z/,0,0,5,-1,NaN
161,"rvbogor","2025-08-07T23:16:40.000Z","Sudahkah si kecil mendapatkan imunisasi sesuai jadwalnya? 🤔💉  Imunisasi adalah langkah awal untuk memberikan perlindungan terbaik bagi kesehatan anak di masa depan.   Yuk, simpan dan share jadwal vaksinasi dari Rumah Vaksinasi ini sebagai panduan agar tidak ada jadwal yang terlewat! 🗓️✨  Jika ada yang ingin ditanyakan seputar vaksinasi, jangan ragu untuk berkonsultasi dengan tenaga medis kami di Rumah Vaksinasi. Kesehatan buah hati adalah prioritas kita bersama. ❤️  #JadwalVaksinasi #RumahVaksinasi #rvbogor #rumahvaksinasibogor #vaksindibogor",https://www.instagram.com/p/DNEmjTQTsHu/,0,0,4,-1,NaN
162,"dmpblitar","2026-03-04T03:23:43.000Z","✨ Saatnya wujudkan senyum yang lebih rapi dan percaya diri! 🦷  Kini pemasangan behel di DMP Clinic hadir dengan promo spesial, pilihan jenis behel yang dapat disesuaikan dengan kebutuhan, serta opsi pembayaran 2x agar lebih nyaman.  Paket sudah termasuk: ✔️ Konsultasi dokter gigi ✔️ Cetak gigi ✔️ Pemasangan behel atas & bawah (belum termasuk biaya admin)  Seluruh tindakan dilakukan oleh dokter gigi dengan mengutamakan kenyamanan dan sesuai hasil pemeriksaan.  📍 Promo berlaku terbatas untuk 10 pasien pertama. Yuk, jadwalkan konsultasimu sekarang dan temukan pilihan behel yang sesuai dengan kebutuhanmu!  #DMPClinic #BehelGigi #SenyumPercayaDiri #DokterGigiBlitar #Blitar",https://www.instagram.com/p/DVcn_cqE471/,9,0,52,-1,NaN
163,"klinikviramedika","2025-07-19T00:11:04.000Z","✈️ SIAPKAN DIRI UNTUK IBADAH SUCI! Lindungi perjalanan ibadah Anda dengan vaksinasi lengkap di klinik Vira Medika Ledug💉  🛡️ Vaksin yang Tersedia: - Vaksin Meningitis  - Vaksin Polio - Vaksin Influenza - Vaksin Hepatitis  📍 Layanan cepat, nyaman, dan terpercaya. 📆 Segera jadwalkan vaksinasi Anda sebelum berangkat!  🤲 Semoga ibadah Anda lancar, sehat, dan penuh berkah.  #vaksinhajiumroh  #vaksinpurwokerto  #vaksinmeningitis  #vaksinpolio  #vaksininfluenza  #vaksinhepatitis  #persiapanibadah  #klinikviramedika",https://www.instagram.com/p/DMRM4O4Bd50/,1,0,5,-1,NaN
164,"rspena98","2025-03-15T01:07:56.000Z","Kegiatan Pelatihan Bantuan Hidup Dasar (BHD) yang diselenggarakan oleh RS PENA 98 di PT Mako Anugerah Kreasindo telah berjalan dengan lancar. Kami mengucapkan terima kasih yang sebesar-besarnya kepada PT Mako Anugerah Kreasindo atas kepercayaan dan kesempatan yang diberikan kepada RS PENA 98 untuk berbagi ilmu serta meningkatkan kesiapsiagaan dalam menghadapi kondisi kegawatdaruratan. Semoga ilmu yang telah diberikan dapat menjadi bekal yang bermanfaat, sehingga setiap peserta mampu memberikan pertolongan pertama dengan cepat, tepat, dan percaya diri saat menghadapi situasi darurat. Mari bersama membangun lingkungan kerja yang lebih aman, sehat, dan siap menyelamatkan nyawa. ❤️ #RSPENA98 #BantuanHidupDasar #BHD #FirstAid #PelatihanBHD",https://www.instagram.com/p/DHM3OcMTrqU/,1,0,25,-1,NaN
165,"uptd_tanjungpurisintang","2026-06-09T07:56:05.000Z","📢 Jadwal Posyandu Balita & Lansia  Yuk, hadir sesuai jadwal yang telah ditentukan untuk memantau kesehatan balita dan lansia. Bersama kita wujudkan keluarga yang sehat!  @andarpintabar",https://www.instagram.com/p/DZW30LjSrc_/,0,0,1,-1,NaN
166,"rsiabundasejahtera","2026-04-11T04:44:28.000Z","🌸 JULEHA – Juli Lebih Hemat Telah Hadir! 🌸  Halo, Sahabat Bunda! 💜✨  Saatnya menikmati berbagai promo spesial di bulan Juli yang sayang untuk dilewatkan! Dapatkan layanan kesehatan berkualitas dengan harga yang lebih hemat.  🎀 Promo JULEHA (Juli Lebih Hemat): 💗 Feminine Package hanya Rp300.000 🩺 GRATIS USG untuk syarat & ketentuan tertentu ✨ Promo USG hanya Rp100.000  Karena kesehatan adalah investasi terbaik untuk diri sendiri dan keluarga. Yuk, manfaatkan promo spesial ini selama periode Juli!  📍𝙍𝙎𝙄𝘼 𝘽𝙪𝙣𝙙𝙖 𝙎𝙚𝙟𝙖𝙝𝙩𝙚𝙧𝙖  📞 (021) 592-5889 📲 Pendaftaran Online: 0811-1445-520 (WA) 💁🏻‍♀️Marketing: 0822-4582-6333  #usg #gratis #promo #kesehatan   ✨ Pastikan Kehamilan Sehat Sejak Dini!   RSIA Bunda Sejahtera menghadirkan paket Medical Check Up Ibu Hamil dengan harga yang terjangkau dan layanan terpercaya.  💙 Pemeriksaan penting untuk mendeteksi lebih dini risiko kesehatan selama kehamilan.  📍𝙍𝙎𝙄𝘼 𝘽𝙪𝙣𝙙𝙖 𝙎𝙚𝙟𝙖𝙝𝙩𝙚𝙧𝙖  📞 (021) 592-5889 📲 Pendaftaran Online: 0811-1445-520 (WA) 💁🏻‍♀️Marketing: 0822-4582-6333  kasus flu sedang meningkat, jangan tunggu sampai sakit!  lindungi bunda dan keluarga dengan vaksin influenza di RSIA Bunda Sejahtera.  tersedia paket vaksin: • dewasa 365rb (dengan dokter umum) • anak 550rb (dengan dokter spesialis anak)  sehatkan awal tahun dengan langkah pencegahan yang tepat bersama RSIA Bunda Sejahtera  📍𝙍𝙎𝙄𝘼 𝘽𝙪𝙣𝙙𝙖 𝙎𝙚𝙟𝙖𝙝𝙩𝙚𝙧𝙖  📞 (021) 592-5889 📲 Pendaftaran Online: 0811-1445-520 (WA) 💁🏻‍♀️Marketing: 0822-4582-6333  💉 Imunisasi Hemat! makin lengkap bareng buah hati tersayang! Yuk dapatkan perlindungan terbaik melalui program imunisasi lengkap di RSIA Bunda Sejahtera! 🌈👶🏻  *Berlaku untuk satu jenis vaksin *Selama persediaan masih ada  📍𝙍𝙎𝙄𝘼 𝘽𝙪𝙣𝙙𝙖 𝙎𝙚𝙟𝙖𝙝𝙩𝙚𝙧𝙖  📞 (021) 592-5889 📲 Pendaftaran Online: 0811-1445-520 (WA) 💁🏻‍♀️Marketing: 0822-4582-6333  *Special Date Persalinan*💗 Karena cinta sejati dimulai dari menjaga kesehatan ibu dan buah hati  Nikmati berbagai",https://www.instagram.com/p/DW-nld5kXzl/,4,0,29,-1,NaN
167,"midwifery.id","2026-06-06T10:17:49.000Z","Hari yang cerah dari petualangan epik bersama @midwifery.id  Bermain, mengejar, momen berharga  #phonicsession #wetsensory #drysensory #okupasi #ormotor",https://www.instagram.com/p/DZPZyVmvyhC/,1,0,8,-1,NaN
168,"rscolumbiaasiaaksara","2026-06-15T10:04:53.000Z","Akses Informasi Jadwal Praktik Dokter Spesialis Kini Lebih Mudah!  Yuk scan barcode berikut untuk melihat daftar lengkap jadwal dokter spesialis di Columbia Asia Hospital Aksara.  Atau dapat klik link berikut ini : https://tr.ee/VszqNIn7hA  Pastikan konsultasi Anda terjadwal dengan baik.  #columbiaasia #columbiaasiahospitalaksara #columbiaasiaindonesia",https://www.instagram.com/p/DZmj3NDRO4m/,5,0,65,-1,NaN
169,"klinikfakhiraalbarkah","2026-06-19T03:43:59.000Z","Tubuh yang sehat membantu Anda menjalani aktivitas dengan lebih optimal.   Jika sedang merasa kurang fit atau dalam masa pemulihan, Klinik Fakhira Al-Barkah menyediakan berbagai pilihan layanan infus yang dilakukan setelah konsultasi dan ditangani oleh tenaga kesehatan profesional.  💉 Infus Booster 💉 Infus Multivitamin 💉 Infus Vitamin C + Neurobion 💉 Infus Diare  Untuk informasi lebih lanjut atau reservasi, silakan hubungi kami melalui WhatsApp atau DM. Kami siap membantu Anda.  #KlinikFakhiraAlBarkah #LayananInfus #InfusMultivitamin #InfusBooster #InfusVitaminC #InfusNeurobion #PelayananKesehatan #KonsultasiDokter #KesehatanMasyarakat #GayaHidupSehat #WellnessCare",https://www.instagram.com/p/DZwLiwBEubQ/,0,0,5,-1,NaN
170,"uptdpuskesmas.sepinggan","2025-11-21T02:21:16.000Z","📌Jadwal Pelayanan Puskesmas Sepinggan INTEGRASI LAYANAN PRIMER   Salam Sehat,  Semangat Bekerja, Semangat Melayani #puskesmassepinggan",https://www.instagram.com/p/DRTTJMwDyqD/,0,0,9,-1,NaN
171,"rs.telogorejo","2026-05-27T05:06:13.000Z","⚡ Masih banyak yang mengira epilepsi tidak bisa diobati. Padahal, untuk sebagian kasus, ada solusi ketika obat saja belum cukup 💙  Yuk, tingkatkan pemahaman tentang epilepsi kebal obat pada anak & remaja bersama para ahli di Seminar Awam Telogorejo Neuro Center.  🧠 Dapatkan informasi seputar: ✅ Mengenali tanda epilepsi kebal obat ✅ Pilihan penanganan terkini ✅ Sesi tanya jawab langsung dengan dokter spesialis ✅ Kesempatan 1 on 1 Consultation GRATIS bagi peserta yang beruntung  👨‍⚕️ Narasumber: * Prof. dr. Zainal Muttaqin, Ph.D., Sp.BS(K) – Spesialis Bedah Saraf * dr. Tun Paksi Sareharto, M.Si.Med., Sp.A(K) – Spesialis Kesehatan Anak Subspesialis Neurologi * Joko Pratomo, S.Psi – Psikolog Klinis 🎤 MC & Sharing Session: * Stephanie Claudia Kamadjaja – Epilepsy Survivor  📅 Sabtu, 08 Agustus 2026 ⏰ 10.00 WIB – selesai 📍 Hotel Wahid Prime Salatiga (Meeting Room Prime 2)  ✨ 🎁 GRATIS! Setiap peserta dapat didampingi maksimal 2 orang serta menikmati coffee break, lunch, goodie bag, dan doorprize menarik.  📲 Daftar sekarang melalui QR Code atau tautan yang tersedia di poster. Jangan lewatkan kesempatan untuk mendapatkan informasi yang dapat membantu meningkatkan kualitas hidup anak dan keluarga.   Link pendaftaran : bit.ly/Seminarepilepsi  #SMCRSTelogorejo #TelogorejoNeuroCenter #Epilepsi #SeminarKesehatan #IVFSemarang",https://www.instagram.com/p/DY1Gq1Ukobm/,10,0,53,-1,NaN
172,"vacca_clinic","2026-04-19T06:55:04.000Z","💉 Kini hadir lebih dekat untuk melindungi seluruh keluarga Anda. Selamat datang di Vacca Clinic Gading Serpong ✨  Melayani vaksinasi: 👶 Bayi 🧒 Anak 🧑 Dewasa 👵 Lansia  Dengan pelayanan: 🏥 Vaksinasi di klinik 🏠 Home Care Vaccination 💙 Nyaman, cepat, profesional, dan terpercaya  Kami percaya bahwa perlindungan kesehatan terbaik dimulai sejak dini hingga dewasa.  ✨ Early Protection, Lifelong Care  📍 Vacca Clinic Gading Serpong Segera hadir.  #VaccaClinic #VaccaClinicGadingSerpong #VaksinAnak #VaksinDewasa #VaksinBayi ImunisasiAnak ImunisasiDewasa HomeCareVaccination VaksinRumah KlinikVaksin KesehatanKeluarga HealthyFamily GadingSerpong Serpong Tangerang Vaksinasi PerlindunganSejakDini EarlyProtectionLifelongCare KlinikPremium VaccineClinic",https://www.instagram.com/p/DXTdBw9gbNk/,1,0,19,-1,NaN
173,"rsuherminatangerang","2026-05-05T04:32:35.000Z","Halo Sahabat Hermina 👋👋 Lindungi yang tersayang dari risiko komplikasi serius akibat Campak, Gondongan, dan Rubella. Vaksin MMR adalah langkah preventif paling efektif. Ayo, vaksinasi sekarang! 💉❤️  Informasi dan pendaftaran 085891411625 Staf CCO  #HerminaHospitals #TenangDiHermina #HerminaLebihDekat #RSHerminaTangerang #VaksinasiAnak #KesehatanKeluarga #MMRVaccine #vaksinmmr",https://www.instagram.com/p/DX8Y8L1GnQB/,1,0,15,-1,NaN
174,"mamaafreezersemarang","2024-10-07T16:49:32.000Z","Jadi, jangan ragu libatkan ayah sejak hari pertama, Moms.🤗   Skin to skin bukan hanya membantu bayi beradaptasi setelah lahir, tetapi juga membantu ayah merasa lebih siap menjalani perannya.  Ada beberapa hal yang bisa dirasakan ayah dan anak dari rutinitas skin to skin ini. Yuk geser ke kanan untuk tahu jawabannya.",https://www.instagram.com/p/DA1IlzoyfFC/,0,0,0,-1,NaN
175,"kaiyaclinic","2026-06-13T03:29:24.000Z","✨ Jadwal Baru, Harapan Baru! ✨ Buat kamu yang sedang menanti buah hati atau sedang dalam perjalanan kehamilan penuh cinta, KAIYA Clinic hadir sebagai rumah nyaman untuk kehamilan sehatmu 🤎👶🏻  🩺 Yuk, intip jadwal terbaru Poli Obgin kami! 💬 Ada sesi “curhat bareng” bareng dokter kandungan favoritmu yang siap dengerin keluh kesahmu dengan penuh empati dan kasih sayang.  🌱 Karena dari satu detak kecil, lahirlah sejuta harapan… Saatnya kamu jadi prioritas, Moms!  📍 KAIYA Mother and Children Clinic 📞 082130812080 📲 IG: @kaiyaclinic 📲 Tiktok: @kaiyaclinic   📌 Langsung daftar sekarang & booking slot kamu! #JourneyYourLoveWithKaiya  #DariSatuDetakKecilLahirlahSejutaHarapan #KaiyaClinic #PoliObgin #JadwalDokterKandungan #KehamilanSehat #CurhatBarengDokter #JourneyYourLoveWithKaiya #IbuHamilBahagia #KlinikIbuAnak #USG4D #USG4DTangerang #DokterKandunganTangerang #usg4dmurah",https://www.instagram.com/p/DZgs6RvzmCL/,1,0,44,-1,NaN
176,"rsia.samudra_husada","2025-08-13T05:19:49.000Z","Merawat bayi usia dini membutuhkan perhatian dan pemahaman yang baik dari orang tua. Setiap perubahan yang terjadi pada bayi perlu diperhatikan dengan baik agar orang tua dapat menentukan langkah yang tepat, apakah kondisi bayi masih dapat dipantau dan dirawat di rumah atau membutuhkan pemeriksaan lebih lanjut oleh dokter spesialis anak🩺  Tidak semua kondisi pada bayi harus langsung membuat orang tua khawatir, namun penting untuk tidak mengabaikan tanda-tanda yang menunjukkan perlunya bantuan tenaga kesehatan. Dengan pengetahuan yang cukup, orang tua dapat memberikan perawatan yang lebih aman, nyaman, dan sesuai kebutuhan bayi✨  Mari bersama menjadi orang tua yang lebih peka, sigap, dan peduli terhadap kesehatan si kecil. Karena perhatian dan tindakan yang tepat sejak awal berperan penting dalam mendukung tumbuh kembang bayi yang sehat dan optimal💙  #rsiasamudrahusada #sahabatsehatmu #magetan #polianak #kesehatananak  -——————————————————— RSIA Samudra Husada Jl. Samudra No.30,  Bulukerto, Kabupaten Magetan Informasi & Pendaftaran 📞+6285745062690",https://www.instagram.com/p/DNSIFfSpC8U/,0,0,20,-1,NaN
177,"dr.nenvy","2024-10-05T08:55:48.000Z","Perubahan jadwal praktek mulai Juni 2026",https://www.instagram.com/p/DAvIwp_hog3/,0,0,34,-1,NaN
178,"mahardhikablitar","2026-04-28T08:31:26.000Z","OPEN SUBMISSION: TALENTA MUSIK INDIE KARESIDENAN KEDIRI 📢  Radio Mahardhika hadir dengan program baru yang didedikasikan khusus untuk musisi daerah berbakat. Kami membuka pintu bagi karya orisinal untuk mengisi daftar putar di program terbaru Radio Mahardhika - INDIENATION - kini saatnya musik pop buatanmu didengar oleh pendengar!  Yuk kirimkan karyamu sekarang! Cek detail cara pengirimannya di gambar ya. Jangan disimpan sendiri, biar dunia dan pendengar kami tahu kualitas musikmu 📻🎧  #RadioMahardhika #MusikIndie #MusisiIndonesia  #MusikPopIndonesia #SupportMusisiLokal",https://www.instagram.com/p/DXqzGqxEYI5/,2,0,1,-1,NaN
179,"rst.semarang","2026-06-02T04:22:52.000Z","Kenyamanan dan kepuasan Anda adalah prioritas kami di RS Bhakti Wira Tamtama. Jika Sahabat Sehat RST memiliki kritik, saran, maupun keluhan terkait pelayanan dan fasilitas kami, jangan ragu untuk menyampaikannya. Anda dapat menggunakan layanan E-Pengaduan via QR Code, mengirim pesan ke WhatsApp resmi kami, atau langsung menemui petugas Customer Service di lokasi. Mari bersama-sama wujudkan pelayanan kesehatan yang lebih baik. Terima kasih #mediapengaduan #pengaduan #layananpengaduan #kepuasanpasien #menujuwbk #zonaintegritas",https://www.instagram.com/p/DZEebSBRJ4l/,1,0,100,-1,NaN
180,"heartology.id","2025-07-25T09:06:52.000Z","🎉 KABAR BAIK! Periode Kuis Heartology Resmi Diperpanjang! 🎉  Masih ingin berbagi cerita dan mendapatkan kesempatan memenangkan Medical Check Up GRATIS dari Heartology? Sekarang masih ada waktu!  🎁 Hadiah yang bisa Anda menangkan: ❤️ MCU PRIME untuk 2 orang ❤️ MCU SPORTACULAR untuk 3 orang  Cara ikut: ✅Follow Instagram @heartology.id ✅Like postingan kuis ini ✅Repost ke Instagram Story dan tag @heartology.id ✅Ceritakan di kolom komentar: ""Kenapa Anda merasa perlu Medical Check Up?"" ✅Tag 5 teman Anda ✅Pastikan akun Instagram Anda tidak di-private  📅 Periode submit diperpanjang hingga 30 Juli 2026  Kami percaya setiap orang memiliki alasan yang berharga untuk menjaga kesehatan. Bagikan cerita Anda, karena mungkin kisah Anda dapat menginspirasi orang lain untuk mulai peduli pada kesehatan jantung dan tubuhnya.  Pemenang akan dipilih berdasarkan cerita yang paling jujur, menyentuh, dan menginspirasi.  Semoga beruntung! ❤️",https://www.instagram.com/p/DMhmUwaxos3/,2,0,41,-1,NaN
181,"houseofpearce.id","2024-11-21T11:04:06.000Z","Niatnya nyopet malah jadi belajar bicara 😅  Mau tau lebih lengkapnya terkait terapi wicara? Langsung contact kami di 👇🏻  📱082135385300 📍Jl. Dr. Wahidin 125b, Candisari, Semarang   #HouseOfPearce #KlinikAnakSemarang #terapiwicara #terapianak #terapiwicarasemarang",https://www.instagram.com/p/DCoY1H5SJsH/,0,0,7,-1,NaN
182,"rsupesanggrahan","2024-11-07T09:20:17.000Z","Jaga kesehatanmu merupakan investasi terbaik untuk masa depanmu. Mari lakukan medical check up di RSUD Pesanggrahan dan pastikan tubuhmu selalu dalam kondisi terbaik. #medicalcheckup #kesehatan #RSUDPesanggrahan",https://www.instagram.com/p/DCEJ0e7S3Tb/,0,0,16,-1,NaN
183,"rshelsa.citeureup","2024-07-15T08:56:20.000Z","Jangan tunggu sakit untuk mulai peduli kesehatan! Medical Check Up (MCU) membantu mendeteksi risiko penyakit lebih dini sehingga penanganan bisa dilakukan lebih cepat dan tepat. 💙  RS Helsa Citeureup menyediakan berbagai pilihan paket MCU sesuai kebutuhan Anda, mulai dari MCU Basic, Silver, Gold, Platinum, Lansia, Simanis hingga Pemeriksaan Narkoba. ✅ Pemeriksaan lengkap ✅ Harga terjangkau ✅ Hasil akurat ✅ Ditangani tenaga medis profesional  Karena kesehatan adalah investasi terbaik untuk masa depan. 📍 RS Helsa Citeureup 📱 Reservasi: 0813-8524-2466 / 0853-8505-0473  RS Helsa Citeureup – Sahabat Sehat Keluarga Anda 💙 JI. Raya Mayor Oking Jaya Atmaja No.92 A, Karang Asem Barat., Kec. Citeureup, Kabupaten Bogor  Helsa Group: 1. RS helsa Jatirahayu 2. RS helsa Cikampek 3. RS helsa Citeureup 4. RS helsa Ciputat 5. Klinik helsa bunda nanda Cipadung 6. RS Rawalumbu  #MedicalCheckUp #MCU #CekKesehatan #DeteksiDini #HidupSehat",https://www.instagram.com/p/C7f15ktycbv/,2,0,22,-1,NaN
184,"klinikhadyancendana","2024-12-05T11:24:03.000Z","Dapatkan promo dental spa, sudah termasuk scalling, brightening dan stain removal, konsultasi lebih lanjut bisa hubungi admin 🙏🏻😊   #dentalspatangerang #dentaltangerang #dentalspakarawaci #dentalkarawaci #klinikgigikarawaci promogigi dentalspapromo dentalspa",https://www.instagram.com/p/DDMdXu9yvMe/,0,0,0,-1,NaN
185,"rv.cempakamas","2024-10-28T05:10:41.000Z","Haloo Ayah bunda, berikut jadwal layanan Rumah Vaksinasi Cempaka Mas - Klinik Maharanny Medika...🥰  Hari Selasa berlaku jadwal vaksin subsidi  Yuk dicatat jadwalnya agar tidak terlewat..😊 Pendaftaran disarankan dari jauh hari ya ayah bunda..  Untuk informasi dan pendaftaran mengenai vaksinasi melalui nomor whatsapp 087788230032  Follow Us:  IG: @rv.cempakamas & @maharanny.medika  FB: Rumah Vaksinasi Cempaka Mas  ——————————— Rumah Vaksinasi Cempaka Mas & Klinik Pratama Maharanny Medika 📍 Ruko Mega Grosir Cempaka Mas Blok L no.32 Jalan letjen suprapto, Kemayoran, Jakarta Pusat 10640 📲 WA Reservasi : 087788230032  #imunisasijababeka #vaksinasijakarta #imunisasi #jadwalvaksin #jadwalimunisasi vaksinasi vaksinasiinternasional infojakarta infojkt eventjakarta eventbandung klinik klinikjakarta klinikjakartaselatan imunisasibayi imunisasianak imunisasibisa jktinfo eventjakarta event vaksinasi klinikkecantikan ᴠaccinesaveslives photooftheday instalike instadaily indovidgram rumahsakit kontenkreator konteninstagram fyp tiktok",https://www.instagram.com/p/DBp9TuYTjw7/,0,0,5,-1,NaN
186,"kenapaharusvaksin","2025-02-12T12:32:47.000Z","Kata dokter di Indonesia soal vaksin flu… penting banget buat kita tahu, Moms & Dads!   Banyak ahli kesehatan menyarankan vaksin flu sebagai langkah perlindungan, apalagi karena virus flu bisa berubah dari waktu ke waktu 🦠   Itulah kenapa komposisi vaksin flu perlu disesuaikan, supaya tetap efektif melindungi dari virus yang sedang beredar 💡   Jadi bukan tanpa alasan ya, kalau vaksin flu dianjurkan rutin setiap tahun 👍   Karena kalau tidak update, perlindungan tubuh bisa jadi kurang optimal 😷   ✔ Yuk, dengarkan rekomendasi ahli dan lindungi diri serta keluarga dengan vaksin flu yang tepat ❤️   #KenapaHarusVaksin #VaksinInfluenza #FluAwareness #CegahFlu  #JagaKesehatan StayHealthy FluBukanPilekBiasa AyoVaksin",https://www.instagram.com/p/DF-Q9QlTNMl/,0,0,23,-1,NaN
187,"kinderhealth.id","2025-12-11T06:57:41.000Z","Kinder Health Pediatric Center hadir untuk mendampingi kesehatan buah hati Anda ❤️  Mulai dari layanan pemeriksaan anak, tumbuh kembang, imunisasi, hingga konsultasi obgyn, semuanya ditangani langsung oleh dokter-dokter expert & berpengalaman 👩‍⚕️👨‍⚕️  Di Kinder Health, kami percaya setiap anak adalah istimewa — karena itu, kenyamanan & keamanan si kecil selalu jadi prioritas utama kami 💛  👉 Yuk, percayakan kesehatan si kecil & bunda bersama Kinder Health  One Stop Solution | Children & Women Healthcare 📍 Jl. Abdullah Lubis No. 30 B, Medan ☎️ WhatsApp: 0822 98000 688   #KinderHealth #KinderParents #KesehatanAnak",https://www.instagram.com/p/DSHSrRLk6QO/,0,0,1,-1,NaN
188,"drtanshotyen","2024-10-24T11:35:10.000Z","6-12 bulan. Masa krusial pendidikan makan anak. Dan anda GURU TERBAIKNYA. Dah itu aja. #drtanshotyen #pmba #latihankunyah #mpasi #parenting",https://www.instagram.com/p/DBgWIMkygH_/,110,0,398,-1,NaN
189,"rskurniacilegon","2026-06-25T10:19:32.000Z","“Jangan tunggu sakit baru peduli kesehatan…”  Mulai dari sekarang, lakukan skrining kesehatan rutin untuk deteksi dini dan cegah penyakit lebih serius 💙  Di RS Kurnia, tersedia berbagai pilihan Paket Medical Check Up (MCU) sesuai kebutuhan kamu: ✨ Ginjal Sehat ✨ Jantung Sehat ✨ Skrining Diabetes ✨ Skrining Pencernaan  Dengan pemeriksaan yang lengkap dan harga terjangkau, kamu bisa lebih tenang mengetahui kondisi tubuhmu sejak dini.  📌 Ingat, banyak penyakit datang tanpa gejala! Yuk, jadwalkan Medical Check Up kamu sekarang juga.  📲 Booking sekarang juga! RS Kurnia Cilegon 0878-0408-5330 RS Kurnia Serang 0818-51-2015  #rskurnia #rskurniacilegon #rskurniaserang #medicalcheckup #skriningkesehatan deteksidini hidupsehat",https://www.instagram.com/p/DaAVk6iE1WR/,1,0,19,-1,NaN
190,"kliniksinai","2024-12-14T01:58:47.000Z","Haiii Sobat Sinai, ada kabar gembira nih 😁  Kami punya PROMO SCALLING khusus untuk yang sudah pindah FASKES di Klinik Sinai 😁  - One Stop Solution For Health -  ""𝐌𝐄𝐋𝐀𝐘𝐀𝐍𝐈 𝐏𝐀𝐒𝐈𝐄𝐍 𝐁𝐏𝐉𝐒 𝐃𝐀𝐍 𝐔𝐌𝐔𝐌""  Informasi lebih lanjut: ""𝐊𝐋𝐈𝐍𝐈𝐊 𝐒𝐈𝐍𝐀𝐈"" 📍𝐉𝐥. 𝐓𝐚𝐧𝐣𝐮𝐧𝐠 𝐓𝐮𝐫𝐮𝐫𝐮𝐤𝐚 𝐍𝐨.𝟒𝟏 (samping Hotel Cameloan) ☎ 𝟎𝟖𝟏𝟐-𝟒𝟒𝟒𝟐-𝟔𝟏𝟔𝟏",https://www.instagram.com/p/DDiotVvv-zO/,0,0,0,-1,NaN
191,"philopirate78","2026-02-12T05:36:21.000Z","Yakaleee anggota kongres Amerika Serikat ngobrolin senjata hasil karangan penikmat teori kontrasepsi, ngurusin senjata halu, bahkan menulis buku menggunakan judul yg disebut-sebut hanya parnoia kami si ahli kontrasepsi. Kalau memang se-hoax itu seharusnya kan gak perlu sampe segitunya, tinggal cuekin aja 🙃",https://www.instagram.com/p/DUpSssACB2H/,806,0,799,-1,NaN
192,"mitrabumil","2026-02-12T13:00:57.000Z","Tahun 2026 masih ada harga segini ?! 😱 Cuma 250 ribu udah dapet paket komplit USG 2D & 4D !!  Jujur, ini penemuan terbaik buat para Bumil di Jakarta Timur. Konsultasinya asik banget, dokternya nggak buru-buru, dikirimin soft file via whatsapp dan tempatnya nyaman polll! ✨ Gak perlu pusing mikirin biaya admin atau registrasi, semuanya FREE !!  #USG4DMurah #USG4D #USGJakartaTimur #BumilSehat2026 #LubangBuaya",https://www.instagram.com/p/DUqKK5UEi-C/,0,0,2,-1,NaN
193,"poppyrestufuji","2025-03-06T05:13:26.000Z","Bismillah. Ayoo lengkapi imunisasi pada bayi dan balita bunda :)  Pelayanan imunisasi setiap hari kamis Sore pukul 16.00wib-21.00wib #cirebon #bidanpoppyrestu #aboutcirebon #bidancirebon #bidanellena",https://www.instagram.com/p/DG2H8cYz137/,0,0,3,-1,NaN
194,"sewamainanbekasi","2025-11-27T06:02:07.000Z","Mainan yg bisa bikin si bayi sibuk, udah include bola dan ada musiknya ya parents😊 Yuk sewa Hubungi no wa admin di 0896-0851-0323/klik link di bio  #sewamainanbrightstarts #sewamainanedukasidepok #sewamainanbayicileungsi #sewamainanbayicileungsi #imunisasicikarang",https://www.instagram.com/p/DRjJMDJkdiF/,1,0,1,-1,NaN
195,"rsia_cempakaputihpermata","2026-02-16T23:11:59.000Z","SC ERACS VIP hanya 12 JUTA ✨ Khusus pembayaran asuransi 💳  Rawat inap VIP + perawatan ibu & bayi Lengkap dengan konsultasi dokter, laktasi, pembuatan akta & KK  🤍 Nyaman, aman, dan penuh perhatian  Untuk pendaftaran dan informasi selengkapnya dapat menghubungi (031) 8282350 / 081334158885 (chat only).  @rsia_cempakaputihpermata --------------------------- Ikuti juga Social Media Kami Lainnya : Youtube & TikTok : RSIA Cempaka Putih Permata --------------------------- RSIA Cempaka Putih Permata Buka 24 Jam Jl. Jambangan Kebon Agung No. 8 Surabaya (031) 8282350 / 081334158885 (chat only)  #SCERACSVIP #PromoRSIA #MelahirkanNyaman #rsiacempakaputihpermatasurabaya #rsiacempakaputihpermata",https://www.instagram.com/p/DU1jbkhE-oG/,3,0,8,-1,NaN
196,"amara.klinik","2024-08-24T04:00:07.000Z","Jadwal praktek dokter kecantikan dan spesialis di Amara Klinik   Mulai dari praktek tatap muka hingga konsultasi online, kami siap membantu perawatan kecantikanmu. 😍  Jangan lupa untuk membuat janji temu sebelum konsultasi agar kami dapat memberikan pelayanan terbaik yaaa. 😊✨  Yuk, segera buat jadwal temu dengan dokter 😊  ==Amara Klinik : Klinik Pratama==  USG 2D/4D Poli Umum Kebidanan dan kandungan Imunisasi Poli Kecantikan & Skin care  More Information ⤵️  🌐Website : @amara.klinik  📱WA : 0853-1914-5721  ➖➖➖➖➖➖➖➖➖➖➖ #amaraklinik #klinikamara #klinikkecantikanBogor #klinikkecantikan #softopening #polikecantikanamaraklinik #polikecantikan #RFtreatment #treatmentRF #ChemicalPeeling #treatmentPeeling #Infuswhitening #vitaminbooster #DokterSPKK #dokterkulitBogor",https://www.instagram.com/p/C_CdlVLykob/,0,0,9,-1,NaN
197,"puskesmastumaratas","2026-03-17T23:54:01.000Z","Kenali Kebiasaan Buruk Pada Anak Sebelum Terlambat.  #infokesehatan  #edukasikesehatan  #gagalginjal #puskesmastumaratas  #dinkesminahasa",https://www.instagram.com/p/DWATIz1ge1Q/,0,0,2,-1,NaN
198,"klinikibnurusyd","2025-10-25T02:11:38.000Z","Spesial Promo Pemeriksaan Narkoba 🥳😍  Hallo Sahabat Sehat ✨ Mau lanjut sekolah atau kuliah dengan tenang?Jangan lupa mampir, pemeriksaan narkoba hanya Rp75.000 di Klinik Ibnu Rusyd. Murah, cepat, dan terpercaya.  Yukk langsung cuss ke klinik ya 😍 Siswa sehat, prestasi hebat!  Informasi lebih lengkap hubungi admin 08115550155  Salam Mitra Umat Menuju Masyarakat Sehat  Klinik Ibnu Rusyd 08115550155 Kode Faskes 0302U015 https://linktr.ee/klinikibnurusyd Jl Ir H Nusyirwan Ismail MSi Ring Road 2 RT 40 No 63 Kelurahan Air Putih Kecamatan Samarinda Ulu Kalimantan Timur  Instagram: @klinikibnurusyd Facebook: Klinik Ibnu Rusyd Twitter: ibnurusydtoday Youtube: Klinik Ibnu Rusyd Website: www.ibnurusyd-healthcare.com  #tesnarkoba #pemeriksaannarkoba #narkoba #drugstest #nodrugs #suratsehat #klinikibnurusyd #apotekibnurusyd #infokesehatan #infosamarinda #infokukar #masuksekolah #tesnarkoba #pemeriksaannarkoba #promo #unmul #uwgm #untag #mahasiswabaru #daftarulang #cekkesehatan #unmulsamarinda #unmul #uwgm #iain #uinsisamarinda #untag #universitasterbuka",https://www.instagram.com/p/DQNwlAVk3FI/,0,0,3,-1,NaN
199,"cv_jeddahmedika","2026-03-25T03:40:10.000Z","Halo Sahabat Sehat Jeddah! ""Saatnya fokus pada kesehatan dan kebahagiaan! 🌸💕 Sebagai ibu hamil, jaga dirimu dengan makanan bergizi, olahraga ringan, dan pikiran positif untuk si kecil yang sehat dan bahagia! #IbuHamilSehat""  Syarat & Ketentuan : - Memiliki KIS/BPJS (aktif).  - Memiliki Buku Pink / Buku KIA.  - Belum pernah menggunakan KIS/BPJS untuk pemeriksaan USG Kehamilan di usia kehamilan Trimester I (>8 - 12 minggu) atau Trimester II (>25 - 42 minggu).  Untuk info lengkapnya : WhatsApp Poli KIA-KB : 0821 9452 9356   ——————————————— Mari ikhtiarkan kesehatanmu bersama Klinik & Apotek Jeddah, ikuti Instagram dan TikTok @cv_jeddahmedika untuk mendapatkan informasi kesehatan lainnya😉  ———————————————  INFO & RESERVASI : KLINIK & APOTEK JEDDAH KODE FASKES BPJS 0342B100 📍 Jl. Andi Tonro No 23 A, Kota Makassar https://lynk.id/cv_jeddahmedika WhatsApp Klinik : 0812 4457 2233 WhatsApp Poli KIA-KB : 0821 9452 9356  #BPJSGratis #USGKehamilan #IbuHamil #KesehatanIbu #BPJSKesehatan #KlinikPratama #EdukasiBPJS #IbuDanAnak #SehatBersamaBPJS #TipsIbuHamil",https://www.instagram.com/p/DWSuvgDkaTx/,0,0,9,-1,NaN
200,"klinikatriawaris.merauke","2026-06-08T07:22:15.000Z","Penghargaan Fasilitas Kesehatan Terbaik 2024 dari BPJS Kesehatan untuk Klinik Atria Waris. Terima kasih atas kerja keras dan semangat dari Tim Atria Waris, dukungan Tim Support BPJS Kesehatan, serta kepercayaan Masyarakat Merauke dengan memilih layanan Kesehatan di Klinik Atria Waris.  Momentum ini akan kami jadikan sebagai penyemangat untuk terus berkomitmet memberikan layanan kesehatan terbaik sesuai dengan Visi Misi Klinik Atria Waris.  “Klinik Atria Waris, Perfect!”  Klinik Atria Waris 📍 Jl. Raya Mandala No. 402, Bambu Pemali, Merauke 📱 0823 9710 2303 ⏰ 07.00 - 21.00 WIT 💰 Umum/BPJS Kesehatan  #klinikatriawaris #BPJSKESEHATAN #awards #mobilejkn #faskesterbaik #2024",https://www.instagram.com/p/DZUPnmfSunk/,2,0,15,-1,NaN
201,"rsiakendangsari","2024-10-02T02:20:03.000Z","#rsiakspromo Kesehatan anak adalah prioritas utama 💛 Jangan tunggu sampai sakit, lindungi si kecil dari HFMD dengan vaksin EV71.  Sekarang lebih hemat + dapat hadiah 🎁 ✔️ Voucher Rp25.000 (1 dosis) ✔️ Voucher Rp100.000 (2 dosis)  👶 Untuk usia 6 bulan – <6 tahun 📅 Periode: 1 Mei – 31 Juli 2026  Scan QR code di poster untuk klaim promo sekarang!  Informasi selengkapnya tentang layanan RSIA Kendangsari dapat menghubungi Layanan Pelanggan kami  📱082257251113 ☎️(031)8437200/8436200  #rsia #rsiakendangsari #hfmd #vaksìnanak",https://www.instagram.com/p/DAmtHHpTYwg/,1,0,5,-1,NaN
202,"amara.klinik","2024-08-16T04:14:18.000Z","Jadwal praktek dokter kecantikan dan spesialis di Amara Klinik   Mulai dari praktek tatap muka hingga konsultasi online, kami siap membantu perawatan kecantikanmu. 😍  Jangan lupa untuk membuat janji temu sebelum konsultasi agar kami dapat memberikan pelayanan terbaik yaaa. 😊✨  Yuk, segera buat jadwal temu dengan dokter 😊  ==Amara Klinik : Klinik Pratama==  USG 2D/4D Poli Umum Kebidanan dan kandungan Imunisasi Poli Kecantikan & Skin care  More Information ⤵️  🌐Website : @amara.klinik  📱WA : 0853-1914-5721  ➖➖➖➖➖➖➖➖➖➖➖ #amaraklinik #klinikamara #klinikkecantikanBogor #klinikkecantikan #softopening #polikecantikanamaraklinik #polikecantikan #RFtreatment #treatmentRF #ChemicalPeeling #treatmentPeeling #Infuswhitening #vitaminbooster #DokterSPKK #dokterkulitBogor",https://www.instagram.com/p/C-t40zjyU5A/,0,0,2,-1,NaN
203,"mitrabumil","2026-02-05T13:08:23.000Z","Tahun 2026 masih ada harga segini ?! 😱 Cuma 250 ribu udah dapet paket komplit USG 2D & 4D !!  Jujur, ini penemuan terbaik buat para Bumil di Jakarta Timur. Konsultasinya asik banget, dokternya nggak buru-buru, dikirimin soft file via whatsapp dan tempatnya nyaman polll! ✨ Gak perlu pusing mikirin biaya admin atau registrasi, semuanya FREE !!  #USG4DMurah #USG4D #USGJakartaTimur #BumilSehat2026 #LubangBuaya",https://www.instagram.com/p/DUYJaMPkn_Z/,1,0,4,-1,NaN
204,"grahatumbuhkembang.jbg","2025-09-12T09:21:20.000Z","Banyak bunda yang takut periksa karena stigma ""TBC = menular = malu"". Padahal, semakin cepat diketahui, semakin besar peluang sembuh total.   Ciri TBC pada anak: batuk lama, BB turun, mudah lelah, demam berulang.   Ingat ya: TBC bisa sembuh dengan pengobatan tuntas dari dokter. Jangan tunda & jangan stop obat di tengah jalan.   Butuh dukungan tumbuh kembang selama masa pemulihan? Konsultasi ke Graha Tumbuh Kembang ya 🙌  #HariTBCSedunia #StopStigmaTBC #AnakSehat #GrahaTumbuhKembang #tbc",https://www.instagram.com/p/DOfzkhziY32/,0,0,8,-1,NaN
205,"rsia.kasihibu","2025-08-16T00:43:45.000Z","✨ INSEMINASI✨ Sebagian pasangan sudah tidak asing dengan salah satu program hamil ini, di RSIA KASIH IBU TEGAL sudah dapat melayani Inseminasi.  Nah untuk yang belum tau apasih Inseminasi itu? Simak dulu yukk🤔  Inseminasi adalah teknik medis dalam membantu proses reproduksi, dengan memasukan sperma ke rahim. Jadi sperma suami diambil kemudian dibersihkan (preparasi) lalu dimasukan ke rahim istri. Terkait pematangan sel telur istri dan waktu yg tepat untuk proses inseminasi akan disesuaikan oleh Dokter Spesialis Obgyn.  Pemilihan dan pengolahan sel-sel sperma terbaik dari suami oleh Dokter Spesialis Andrologi.   Kebetulan Dokter Spesialis Androlog hanya berpraktek 1bulan sekali di RSIA Kasih Ibu Tegal, silahkan jika para suami ingin berkonsultasi langsung dengan Dokter Androlog kami.  Dalam Paket Inseminasi di RSIA Kasih Ibu Tegal dengan biaya kurang lebih Rp. 6.000.000,- include: - Sperm Washing ( pembersihan sperma) - Kamar Perawatan One Day Care  - Biaya Admin *Belum termasuk obat  Bagian dari Ikhtiar yaa bun, wujudkan impian hadirnya buah hati dengan Inseminasi🤗😊  Silahkan jika ada yang ingin ditanyakan bisa DM atau hubungi nomer  Marketing : 0813.9041.4429 Admin : 0878.2766.7665  #programhamil #programhamilditegal #inseminasi #promil #hamil #duagarisbiru #dokterpromil #dokterkandungan #dokterandrologi #Tegal #slawi #brebes #pregnant #pregnancy",https://www.instagram.com/p/DNZW4FfTPJS/,2,0,11,-1,NaN
206,"amara.klinik","2024-10-10T04:00:08.000Z","Jadwal praktek dokter kecantikan dan spesialis di Amara Klinik   Mulai dari praktek tatap muka hingga konsultasi online, kami siap membantu perawatan kecantikanmu. 😍  Jangan lupa untuk membuat janji temu sebelum konsultasi agar kami dapat memberikan pelayanan terbaik yaaa. 😊✨  Yuk, segera buat jadwal temu dengan dokter 😊  ==Amara Klinik : Klinik Pratama==  USG 2D/4D Poli Umum Kebidanan dan kandungan Imunisasi Poli Kecantikan & Skin care  More Information ⤵️  🌐Website : @amara.klinik  📱WA : 0853-1914-5721  ➖➖➖➖➖➖➖➖➖➖➖ #amaraklinik #klinikamara #klinikkecantikanBogor #klinikkecantikan #softopening #polikecantikanamaraklinik #polikecantikan #RFtreatment #treatmentRF #ChemicalPeeling #treatmentPeeling #Infuswhitening #vitaminbooster #DokterSPKK #dokterkulitBogor",https://www.instagram.com/p/DA7e7Q2yUJb/,1,0,18,-1,NaN
207,"rsiakendangsari","2024-09-04T03:11:38.000Z","#rsiakspromo Kesehatan anak adalah prioritas utama 💛 Jangan tunggu sampai sakit, lindungi si kecil dari HFMD dengan vaksin EV71.  Sekarang lebih hemat + dapat hadiah 🎁 ✔️ Voucher Rp25.000 (1 dosis) ✔️ Voucher Rp100.000 (2 dosis)  👶 Untuk usia 6 bulan – <6 tahun 📅 Periode: 1 Mei – 31 Juli 2026  Scan QR code di poster untuk klaim promo sekarang!  Informasi selengkapnya tentang layanan RSIA Kendangsari dapat menghubungi Layanan Pelanggan kami  📱082257251113 ☎️(031)8437200/8436200  #rsia #rsiakendangsari #hfmd #vaksìnanak",https://www.instagram.com/p/C_eswd9v6cW/,0,0,11,-1,NaN
208,"cv_jeddahmedika","2024-11-05T04:42:05.000Z","Halo Sahabat Sehat Jeddah! ""Saatnya fokus pada kesehatan dan kebahagiaan! 🌸💕 Sebagai ibu hamil, jaga dirimu dengan makanan bergizi, olahraga ringan, dan pikiran positif untuk si kecil yang sehat dan bahagia! #IbuHamilSehat""  Syarat & Ketentuan : - Memiliki KIS/BPJS (aktif).  - Memiliki Buku Pink / Buku KIA.  - Belum pernah menggunakan KIS/BPJS untuk pemeriksaan USG Kehamilan di usia kehamilan Trimester I (>8 - 12 minggu) atau Trimester II (>25 - 42 minggu).  Untuk info lengkapnya : WhatsApp Poli KIA-KB : 0821 9452 9356   ——————————————— Mari ikhtiarkan kesehatanmu bersama Klinik & Apotek Jeddah, ikuti Instagram dan TikTok @cv_jeddahmedika untuk mendapatkan informasi kesehatan lainnya😉  ———————————————  INFO & RESERVASI : KLINIK & APOTEK JEDDAH KODE FASKES BPJS 0342B100 📍 Jl. Andi Tonro No 23 A, Kota Makassar https://lynk.id/cv_jeddahmedika WhatsApp Klinik : 0812 4457 2233 WhatsApp Poli KIA-KB : 0821 9452 9356  #BPJSGratis #USGKehamilan #IbuHamil #KesehatanIbu #BPJSKesehatan #KlinikPratama #EdukasiBPJS #IbuDanAnak #SehatBersamaBPJS #TipsIbuHamil",https://www.instagram.com/p/DB-QQ3BKtZQ/,0,0,7,-1,NaN
209,"puskesmas_wonopringgo","2026-05-28T01:03:30.000Z","🌿👵🏻 **SELAMAT HARI LANSIA NASIONAL** 👴🏻🌿 **“Lansia Sehat dan Mandiri untuk Indonesia yang Berdaya”**  ✨ *30 menit bersama lansia, bisa menjadi hadiah sederhana yang penuh makna.* ✨  Luangkan waktu untuk: 💚 Mendengarkan cerita mereka 💚 Menemani berjalan atau berolahraga ringan 💚 Mengingatkan minum obat dan menjaga kesehatan 💚 Memberikan perhatian, kasih sayang, dan semangat  Karena lansia yang sehat, bahagia, dan mandiri adalah bagian penting dari keluarga serta kekuatan bagi bangsa 🇮🇩  Mari bersama menciptakan lingkungan yang ramah lansia, penuh kepedulian, dan saling mendukung 🤝  👴🏻👵🏻 Tetap aktif, tetap produktif, tetap bahagia. Selamat Hari Lansia Nasional!  #HariLansiaNasional #LansiaSehat #LansiaMandiri #IndonesiaBerdaya #PeduliLansia",https://www.instagram.com/p/DY2fL3ep24n/,1,0,19,-1,NaN
210,"puskesmas_sukahaji","2026-05-09T03:37:11.000Z","Halo Wargi Sukahaji👋 Yuk catat jadwal pelayanan kesehatan di Puskesmas Sukahaji agar tidak terlewat 💚  🤰 Layanan Ibu Hamil & USG ✍🏻 Setiap Hari Selasa & Kamis  💉 Layanan Imunisasi ✍🏻 Setiap Hari Rabu  Mari rutin memeriksakan kesehatan demi keluarga yang sehat dan bahagia 🏥✨  📌 Jangan lupa: ✔ Datang tepat waktu (Pendaftaran Jam 7.30 - 11.00) ✔ Membawa KTP/KK & Kartu BPJS ✔ Membawa Buku KIA/KMS  Karena kesehatan keluarga dimulai dari langkah kecil yang dilakukan bersama 💕   #IbuHamil #layananUSG #imunisasi  #dinkesmajalengka #majalengkasehat  ________________________ @eman_suherman15  @dena_muhamad_ramdhan  @diskominfo.majalengka  @pemkabmajalengka  @dinkesjabar  @humas_jabar  @hayujabarsehat  @viniadianidewi  @emma_rsuwarna  @gusman.75  @promkes.majalengka  @dini.azora  @dante.harbuwono @kemenkes_ri  @ayosehat.kemkes",https://www.instagram.com/p/DYGmAsbxsDu/,0,0,4,-1,NaN
211,"klinikalaza","2026-01-11T06:06:10.000Z","Akreditasi bukan halangan, tapi cerita seru yang kita lalui bersama! Dari rapat pagi sampai makan bareng, semua jadi momen yang mempererat tim Alaza 🌟 Yuk terus melangkah, keluarga besar Klinik Alaza! #CeriaBersama #AkreditasiKlinikAlaza #SatuTimSatuTujuan #klinikalaza",https://www.instagram.com/p/DTXBa8_gRQ5/,1,0,39,-1,NaN
212,"puskesmassiwalankerto","2026-04-25T12:58:46.000Z","Jam Pelayanan Puskesmas Siwalankerto Senin-Kamis : 07.30 - 14.30  Jumat : 07.30 - 11.30 Sabtu : 07.30 - 13.00  Pastikan telah mendaftar secara online dan datang sesuai jam estimasi ya #sahabatsiwalankerto",https://www.instagram.com/p/DXjjUFrEWzy/,0,0,0,-1,NaN
213,"klinikpratamakartini","2025-11-03T04:40:00.000Z","Jangan sampai salah faham, yuk cari kebenaran tentang Klinik Pratama Kartini, simak video berikut 🤓👍  #klinikpratamakartini #purwokerto",https://www.instagram.com/p/DQlMtl5iQDo/,0,0,4,-1,NaN
214,"rsia_tambak","2025-09-11T07:44:18.000Z","Grand Suite Room RSIA Tambak kini hadir dengan suasana yang lebih modern, hangat, dan nyaman  Dirancang untuk memberikan pengalaman perawatan terbaik bagi Anda dan keluarga. 🤍  Yuk, rasakan langsung kenyamanannya!  📍 RSIA Tambak, Jakarta Pusat 📲 Informasi & Appointment: 0811-1022-1818  #RSIATambak #GrandSuiteRoom #RumahSakitJakarta #RSJakarta",https://www.instagram.com/p/DOdDrALkrfn/,0,0,72,-1,NaN
215,"rsmulyamedika","2026-05-05T08:50:06.000Z","Yang ditunggu-tunggu akhirnya tiba! 💚💚 ​Mulai tanggal 8 Juni 2026, Rumah Sakit Mulya Medika resmi menerima pasien BPJS Kesehatan.  ​ ​📌 Penting untuk Keluarga Mulya: Agar proses pelayanan berjalan lancar, jangan lupa untuk membawa surat rujukan dari FKTP (Fasilitas Kesehatan Tingkat Pertama) seperti Puskesmas, Klinik Pratama, atau Dokter Keluarga kamu, mulai tanggal 8 Juni 2026 ya!  ​Yuk, sebarkan kabar baik ini ke keluarga dan kerabat terdekat! ​#RSMulyaMedika #BPJSsamarinda #BPJSKesehatan #infokesehatansamarinda",https://www.instagram.com/p/DX82zcHE_Xw/,0,0,31,-1,NaN
216,"klinikdilla","2026-05-01T08:44:37.000Z","AI generated",https://www.instagram.com/p/DWkxAllEjUR/,0,0,8,-1,NaN
217,"puskesmasbandongan","2025-12-05T00:03:39.000Z","Halo #BandoGens 👋🏻  Mulai 2 Juli 2026, tarif retribusi pelayanan bagi Pasien Umum di Puskesmas Bandongan, Pustu, dan PKD mengalami penyesuaian sesuai Perda Kabupaten Magelang Nomor 3 Tahun 2026  🩺 Rawat Jalan: Rp15.000,-/kunjungan 🚑 Gawat Darurat: Rp20.000,-/kunjungan  Terima kasih atas pengertiannya.  Puskesmas Bandongan senantiasa berkomitmen memberikan pelayanan kesehatan yang terbaik. 🙏  #PerubahanTarifRetribusi #TarifPelayanan",https://www.instagram.com/p/DR3GhdRE3Im/,0,0,8,-1,NaN
218,"pkugamping","2026-06-30T00:44:43.000Z","Siap laksanakan 🫡..  Layanan Radioterapi dan Kemoterapi bisa melayanai jaminan BPJS, Asuransi dan Umum✨  ••••••••••••••••••••••••••••• 🌐 www.pkugamping.com  🔰 WA Informasi Layanan & Vaccine Center : 0819-1923-1000  🔰 WA Pendaftaran Klinik Reguler : 0895-4111-43114  🔰 WA Pendaftaran Klinik Ingin Anak & Telemedicine Ingin Anak : 0881-608-2025  🔰 WA Pendaftaran Klinik Eksekutif & Telemedicine Reguler & Medical Check Up : 0858-6927-5449  🔰 WA Aduan Pasien : 0819-1000-1923  ☎️ Call Center : 0274 6499704 (24 JAM)  ☎️ Emergency Call : 0274 6499118 (24 JAM)  #pkugamping  #kanker  #radioterapi  #kemo  #cancer",https://www.instagram.com/p/DaMLpMJvvbe/,5,0,68,-1,NaN
219,"klinikalaza","2025-06-13T11:22:49.000Z","Akreditasi bukan halangan, tapi cerita seru yang kita lalui bersama! Dari rapat pagi sampai makan bareng, semua jadi momen yang mempererat tim Alaza 🌟 Yuk terus melangkah, keluarga besar Klinik Alaza! #CeriaBersama #AkreditasiKlinikAlaza #SatuTimSatuTujuan #klinikalaza",https://www.instagram.com/p/DK1tIrWBwsR/,3,0,21,-1,NaN
220,"clinicareofficial.id","2025-11-04T05:15:06.000Z","📢 PENGUMUMAN PENTING UNTUK SEMUA FOLLOWERS!  Kami informasikan bahwa akun Instagram lama kami clinicare.id telah diretas (hack) dan saat ini BUKAN LAGI DI BAWAH KENDALI KAMI. Demi keamanan informasi dan kenyamanan Anda, akun lama tersebut telah kami TUTUP.  Untuk mendapatkan informasi resmi terkait layanan CliniCare, promo, dan update lainnya, silakan follow dan hubungi hanya akun Instagram resmi terbaru kami: ✅ @clinicareofficial.id  🔹 Kontak resmi CliniCare: 📱 WhatsApp Pabelan: 0857-1696-1979 📱 WhatsApp Solo Baru: 0857-0102-1122 📧 Email: rumahsehatbidananik@gmail.com  Pembayaran resmi CliniCare hanya melalui :  • Rekening BCA 0153 604 972 a.n. Budi Mulyani • Qris a.n. BIDAN  DP hanya diperlukan untuk layanan tertentu (newborn care, Drevoo, sunat, dan imunisasi nonsubsidi), dengan nominal sesuai pelayanan yang dipilih.  Kami tidak bertanggung jawab atas informasi yang disebarkan oleh akun lama. Mohon bantu sebarkan informasi ini kepada keluarga, teman, dan orang-orang di sekitar Anda agar tidak ada yang tertipu.  Terima kasih atas kepercayaan dan dukungan Anda selalu! ❤️  #CliniCare #PengumumanResmi #AkunDiretas #AkunResmi #KesehatanIbuAnak #InfoCliniCare #KlinikIbudanAnak #KlinikSolo #BidanSolo #BidanSukoharjo #Solo #fyp",https://www.instagram.com/p/DQn1hhIkQXh/,0,0,4,-1,NaN
221,"rumahvaksinasi","2026-03-02T06:45:24.000Z","Ayah Bunda! Ini dia Pricelist vaksinasi selama bulan Juli 2026.   Bulan ini masih ada vaksin promo ya Aybun dan ada vaksin baru juga 🙏🏻🥰  Detail vaksin apa saja yang promo bisa cek gambar di atas ☝🏻  Semua harga yang tertera untuk 1x suntik yaa, sudah termasuk jasa dokter.   Yuk disave dan cek lagi jadwal vaksinasi terdekat. Lengkapi vaksinasi keluarga hanya di Rumah Vaksinasi 🤗  Klik untuk kontak cabang Rumah Vaksinasi Terdekat👇🏻 >> https://linktr.ee/rumahvaksinasi  *Harga belum termasuk biaya admin-alkes  *Pricelist bisa berubah sewaktu-waktu *Pricelist yang tertera untuk pasien non-asuransi   #pricelistvaksin #hargavaksin #vaksinasi #vaksin #ayovaksin",https://www.instagram.com/p/DVX1owhklpc/,4,0,35,-1,NaN
222,"rstheresiajambi","2026-06-08T02:31:02.000Z","Dalam rangka Hari Anak Nasional, yuk lindungi buah hati tercinta!  💉 Vaksin GRATIS hadir untuk menjaga kesehatan anak Indonesia 💙  📅 Berlaku: 1 – 31 Juli 2026  📞 Info & Pendaftaran: 0812-6942-2082  #vaksinanak #VaksinGratis #rstheresiajambi",https://www.instagram.com/p/DZTuc58GPX9/,8,0,57,-1,NaN
223,"puskesmastraji","2026-04-29T23:52:02.000Z","📢 CEK KESEHATAN GRATIS (CKG) SEKOLAH TELAH HADIR! 🏫💙  Halo Ayah, Bunda, serta peserta didik! 👋🏻  Dalam rangka mendukung pelaksanaan Cek Kesehatan Gratis (CKG) Sekolah, seluruh peserta diharapkan melakukan pendaftaran dan mengisi skrining kesehatan mandiri sebelum jadwal pemeriksaan di sekolah masing-masing.  📝 Cara mendaftar:  1. Kunjungi ayockg.kemkes.go.id atau pindai QR Code pada poster. 2. Pilih “Daftar dengan Data Diri”. 3. Lengkapi data peserta sesuai KK/KTP. 4. Pilih kategori pekerjaan “Pelajar”. 5. Tentukan lokasi sesuai kecamatan sekolah dan pilih nama sekolah. 6. Simpan data hingga mendapatkan Tiket CKG Sekolah. 7. Lanjutkan dengan mengisi Skrining Kesehatan Mandiri hingga selesai.  ✅ Pastikan seluruh proses telah diselesaikan sebelum hari pelaksanaan CKG di sekolah agar pemeriksaan dapat berjalan lebih cepat, mudah, dan optimal.  Mari bersama-sama wujudkan generasi Indonesia yang lebih sehat melalui deteksi dini dan pemeriksaan kesehatan secara berkala. 💚  Sumber: @kemenkes_ri   #CekKesehatanGratis #CKGSekolah #KemenkesRI #GERMAS #indonesiasehat",https://www.instagram.com/p/DXvBJ_gkglM/,0,0,6,-1,NaN
224,"puskesmas_wongsorejo","2026-05-11T01:24:27.000Z","Datang tepat waktu ⏰ Dilayani maksimal 💚  Agar pelayanan berjalan dengan baik, pastikan Anda datang sesuai jam loket pendaftaran.  Kami siap melayani Anda dengan sepenuh hati demi kesehatan yang lebih baik untuk semua 😊  #PuskesmasWongsorejo #JamPelayanan #InfoKesehatan #MelayaniDenganHati #SehatBersama  @banyuwangi_kab  @ipukfdani  @amir.hidayat08 @dinkesbanyuwangi",https://www.instagram.com/p/DYLgbwJSmtc/,0,0,6,-1,NaN
225,bukaan.moment,2026-02-24T09:04:41.000Z,"Asalamualaikum suamiku sayang , alhamdulilah anak kita yang kita tunggu tunggu , kita doakan , kita usahakan , kita perjuangkan sudah lahir dengan mudah atas izin Allah  Setelah pulang kerumah abis enen baby udon sekitar subuh aku bermimpi , melihatmu datang didepan rumah mau parkir mobil kesayanganmu mercedes abu , pake kaca mata item seperti kebiasaanmu waktu berkendara , ada cup americano di samping kirimu dan kamu datang menggunakan polo shirt biru langit yang aku siapkan setelah kamu mandi , kamu datang menghampiriku sambil tersenyum lebar dan menari kecil seperti kebiasaanmu ketika kamu kegirangan dan aku nanya , kenapa sayang looks happy banget ? Terus kamu menjawab dengan tarianmu kegirangan dan masuk kerumah , makasih udah hadir dalam bentuk spirit ketika aku melahirkan , harusnya anak pertama lahir 12 jam sayang , tapi baby udon lahir hanya 6 jam saja , masyaAllah dipermudah sekali , apakah ini karena request ke Allah sayang 😅 aku yakin juga ini karena doa temen temen online , puasa dan doa mamaku   Kangenku sedikit terobati melihat senyummu dalam mimpi , perjuangan masih panjang sayang ini bukan akhir melainkan ini awal hidup baru , aku selalu menceritakanmu kepada baby udon dan aku selalu menunjukan foto mu supaya dia ingat siapa ayahnya ....  Ternyata kontraksi 6 jam dipermudah karena baby udon ga mau mamanya kesakitan lama lama ya nak 🥹 sekarang mama berjuang mengasihimu , sedikit demam , clock , puting lecet tak mengapa , rasa sakit apapun mama hadapin buat kamu nak , kita belajar sama sama ya 🥰 masyaAllah tabarakhallah yang ud doain aku makasih. Banyak ya aku yakin salah satu doa kalian diijabah sama Allah buat @ridwansude makasih dok uda membuat mimpiku jadi nyata , bayi tabung lahiran normal itu bisa banget @jamilatus.sadiyah mba mila doulaku sayang , makasih ya uda dampingin aku , feel so good gentle birth bersamamu , makasih uda menjadi wasilah Allah penguat aku dan baby udon , ketenangan mu membuatku tetap ingin berjuang dan ga jadi secar 😅",https://www.instagram.com/p/DVIof8ukWpL/,1500,0,159400,-1,NaN
226,bundadenpasar,2026-02-03T10:01:19.000Z,"Sudah tau harus operasi tapi masih ragu? 👀  Sahabat Bunda tidak perlu khawatir soal biaya!   RSIA Bunda Denpasar menghadirkan Paket Tindakan Operasi dengan harga yang jelas dan terjangkau, ditangani oleh tim medis profesional dan berpengalaman 🏥💚  🔹 Tonsilektomi & Adenoid, mulai Rp 25 juta 🔹 Tonsilektomi, mulai Rp 16 juta 🔹 Hemoroid, mulai Rp 17 juta 🔹 Hemoroid Laser, mulai Rp 49 juta 🔹 Soft Tissue Tumor, mulai Rp 17 juta  Berlaku hingga 31 Desember 2026. S&K berlaku.  📲 Info dan booking: 🌐 bundadenpasar.com 📞 +62 817 378 911  #TindakanOperasi #BedahUmum #THT #BundaDenpasar #BMHS",https://www.instagram.com/p/DUSqewNgeQz/,4,0,93,-1,NaN
227,bundadenpasar,2026-01-07T07:59:16.000Z,"Sudah tau harus operasi tapi masih ragu? 👀  Sahabat Bunda tidak perlu khawatir soal biaya!   RSIA Bunda Denpasar menghadirkan Paket Tindakan Operasi dengan harga yang jelas dan terjangkau, ditangani oleh tim medis profesional dan berpengalaman 🏥💚  🔹 Tonsilektomi & Adenoid, mulai Rp 25 juta 🔹 Tonsilektomi, mulai Rp 16 juta 🔹 Hemoroid, mulai Rp 17 juta 🔹 Hemoroid Laser, mulai Rp 49 juta 🔹 Soft Tissue Tumor, mulai Rp 17 juta  Berlaku hingga 31 Desember 2026. S&K berlaku.  📲 Info dan booking: 🌐 bundadenpasar.com 📞 +62 817 378 911  #TindakanOperasi #BedahUmum #THT #BundaDenpasar #BMHS",https://www.instagram.com/p/DTM7L9Ggb_Z/,17,0,218,-1,NaN
228,expertboost.id,2026-02-08T01:10:21.000Z,"Jadi sama kah kandungan vitamin gummy dengan permen biasa?🤔",https://www.instagram.com/p/DUczYvfCe6-/,49,0,1600,-1,NaN
