index,account,postdate,tweet,link,comments,retweets,likes,views,replysource,relevance_score,veto_reason,is_indonesian,has_topic_keyword,is_relevant,borderline
1,milIkk4ng,2024-06-13T15:45:29.000Z,gila dah keluarkan dari kandang harimau suruh hantar campak ke kandang buaya pulak,https://x.com/milIkk4ng/status/1801279736296955972,0,19,241,23900,,-0.08437067,campak_as_throw,True,True,False,True
2,syahir_17,2024-06-13T08:11:57.000Z,Berani sangat ni. Nanti ada kena campak kolam buaya,https://x.com/syahir_17/status/1801165598585688422,0,0,6,5294,,-0.075979024,,True,True,False,True
3,Melati_Hani,2024-06-13T06:54:18.000Z,"Sebenarnya tanggungjawab sediakan makanan, salah satu nafkah suami ke isteri. Tapi socially, semua chores rumah di tolak dekat isteri. Why don’t during weekends buat meal prep sama2 dengan husband. Baju yg dia campak atas lantai tu, u kutip & terus buang dalam tong sampah.",https://x.com/Melati_Hani/status/1801146058711658723,3,38,245,27700,,-0.1255174,campak_as_throw,True,True,False,True
4,dieyanakhj,2024-06-13T03:26:54.000Z,"SJ is really that ""campak dalam hutan pun boleh hidup"" guys in the industry",https://x.com/dieyanakhj/status/1801093864679457226,0,5,4,767,,0.009287506,campak_as_throw,False,True,False,False
5,yeevil666,2024-06-12T05:40:45.000Z,Tgk cara dia campak bunga pun tau the King is back,https://x.com/yeevil666/status/1800765161495838995,0,0,3,138,,-0.029266357,,True,True,True,False
6,NorizaLokman,2024-06-12T05:29:20.000Z,Dia campak bunga and kitrg terus gelak. Yes Jin kita,https://x.com/NorizaLokman/status/1800762285264449612,1,0,2,209,,-0.1325808,,True,True,False,True
7,btrsyiasya,2024-06-12T02:05:15.000Z,"Orang baik macamni lah, campak dekat mana2 pun makin cantik",https://x.com/btrsyiasya/status/1800710927375126764,2,0,2,226,,-0.13302258,,True,True,False,True
8,MohdHazwannnn,2024-06-10T11:00:34.000Z,Aku ada soft spot kalau tengok budak-budak kecik main bola. Lagi-lagi bola dah lunyai. Aku bukak bonet campak sebijik bola.,https://x.com/MohdHazwannnn/status/1800120869962047886,1,1,3,201,,-0.09357746,,True,True,False,True
9,gajuspedas,2024-06-10T10:19:27.000Z,Sama jenis dgn yg campak awek siam dia dr condo aritu la ni.. semoga ada bukti,https://x.com/gajuspedas/status/1800110521913667591,0,0,2,897,,0.01224643,,False,True,False,False
10,daladom_ms,2024-06-09T12:27:01.000Z,"Asal pulak? Diaorg tu kena campak sana, kita stay sini.",https://x.com/daladom_ms/status/1799780235711529136,1,0,49,12900,,-0.19315453,,False,True,False,False
11,md_zuwairi,2024-06-08T15:52:30.000Z,"bagitau adik beradik,sedara mara,kawan2,jiran2 kamu jauhi ISRAEL PN,tolak jauh2 ZIONIS PAS dan campak keluar YAHUDI BERSATU ramai2.",https://x.com/md_zuwairi/status/1799469559872938405,0,0,2,65,,-0.052562043,,True,True,False,True
12,allebarraalleb,2024-06-08T14:57:30.000Z,Kunlavut dan kodai ni patut smua match letak last skali. Jenis main rally suka sidai fans ni elok lah campak letak hujung event. Sorry sbb geram.  #IndonesiaOpen2024,https://x.com/allebarraalleb/status/1799455720347422738,1,0,4,576,,-0.15084028,,True,True,False,True
13,rosli_ramlah,2024-06-08T01:27:55.000Z,"Manusia kurang ajar macam nie patut dibuang kerakyataan dn campak dia klr dri Msia,x thu menghormati raja2 dn prinsip Rukun Negara..",https://x.com/rosli_ramlah/status/1799251980420002136,1,1,2,26,,-0.042415738,,True,True,False,True
14,Neykann,2024-06-07T19:36:31.000Z,Masuk dia dalam guni campak balik bior dia rasa apa kucing tu rasa . Kanina punya bodoh,https://x.com/Neykann/status/1799163548171641046,0,0,0,31,,-0.24264967,,True,True,False,True
15,tattyhassan,2024-06-06T12:41:54.000Z,"Teringat masa umur i 10 tahun, jumpa a bag of kittens dalam guni, orang naik motor campak gitu je dekat jalan kecik tepi rumah i. Tengah siram pokok nampak guni gerak gerak meow meow. Manusia gila.",https://x.com/tattyhassan/status/1798696817598894184,0,120,256,38,,-0.11752861,,True,True,False,True
16,Enginena,2024-06-06T11:47:42.000Z,Yelah patut campak bag tu dulu.,https://x.com/Enginena/status/1798683177265025478,2,0,6,9877,,-0.22616167,,True,True,False,True
17,La_FarEast,2024-06-06T07:18:52.000Z,Bersatu dah kena campak bawah MRT  ke?   Awat x pakai logo PN?   Kah3 https://x.com/naszkeem/statu/naszkeem/status/1798517124065063035…,https://x.com/La_FarEast/status/1798615524412379236,4,6,9,685,,-0.04434526,,True,True,False,True
18,nabhanrpcom,2024-06-11T19:46:42.000Z,"Iya, dan segala sesuatu yang berkaitan dengan FEAR MORENGING atau PENYEBARAN KETAKUTAN adalah orang-orang berkesadaran rendah. . Menurut David Hawkins, takut berada pada medan energi fear dengan kalibrasi 100. Baik unvax maupun provax keduanya BERKESADARAN RENDAH dan .  . Bukan",https://x.com/nabhanrpcom/status/1800615664199291084,0,1,3,243,,0.07615651,,True,False,False,False
19,syaikhkhalid,2024-06-11T23:24:02.000Z,Lalu buat apa komnas kipi dibuat kalau gak ada efek samping vaksin? kayak vaksin ini cairan dari surga saja. Berpikirlah lebih cerdas jangan bersikap khianat seperti itu,https://x.com/syaikhkhalid/status/1800670356224737530,0,0,8,417,,0.13601735,,True,True,True,False
20,inorii_yuzuriha,2024-06-13T15:18:52.000Z,"Apa guna nakes dan SOP sebelum tindakan imunisasi anak? Apa perlu anak tes darah lengkap dulu, mri, ct scan sebelum vaksin?  Mana yg lebih paham menilai anak sehat siap menerima vaksin ortu atau nakes?",https://x.com/inorii_yuzuriha/status/1801273034508206318,0,2,4,317,,0.13023368,,True,True,True,False
21,jandakembang78,2024-06-12T06:44:01.000Z,Saya ga pernah bosan himbau para ortu agar tdk imunisasi anak bayi mereka.,https://x.com/jandakembang78/status/1800781083870728693,0,1,7,446,,0.17584357,,True,True,True,False
22,mr_adityason,2024-06-14T02:54:48.000Z,"Bukan nggak berempati, tp di awal kronologisnya gmn, apakah si ortu sdh menolak vaksin. Jangan di awal masa bodo, begitu kipi teriak2 minta dikawal. Bukan nggak mau nolong, tp tolong mindsetnya dibenerin dulu.",https://x.com/mr_adityason/status/1801448175255097566,1,0,2,58,,0.1362555,,True,True,True,False
23,analaranita4,2024-06-12T04:17:19.000Z,Rubella marina jajaja  JULIAN GANADOR  #ElAmorEsUniversal #LaCasaDeLosFamososCol,https://x.com/analaranita4/status/1800744164084363499,0,1,2,307,,0.08004898,,False,True,False,False
24,F83057308,2024-06-29T16:14:26.000Z,"Citer pasal pak pandir, teringat aku 1 lagu   Ada mata pandang Ada telinga dengar Ada mulut diam Ada tangan garu Ada kaki goyang. Oh puji lah aku Ampu lah aku Senang hidupmu Ada tangan tadah Ada maruah campak..  Deep lirik lagu ni...",https://x.com/F83057308/status/1807085227552252096,0,1,6,725,,-0.012312129,,True,True,True,False
25,hanifzulkifli_,2024-06-29T16:13:24.000Z,engko ni kalau campak buat outdoor dalam hospital pun boleh buat zu  lawooo,https://x.com/hanifzulkifli_/status/1807084966796480952,1,0,1,59,,-0.028871506,,False,True,False,False
26,hvnnaaaaa,2024-06-29T06:19:50.000Z,JAUHNYA UITM CAMPAK WEHHH,https://x.com/hvnnaaaaa/status/1806935589339680881,1,0,4,539,,-0.06767219,,False,True,False,False
27,chocrim,2024-06-29T06:15:35.000Z,SAPA KENA CAMPAK DEKAT UITM MACHANG  #SPM2023,https://x.com/chocrim/status/1806934520894992682,8,1,5,5440,,0.010471344,,False,True,False,False
28,iqabluu_,2024-06-28T16:59:03.000Z,Memang trend lighstick sekarang ni sekadar a big globe pastu campak emblem logo group kosong macam tu ja ka,https://x.com/iqabluu_/status/1806734067041480803,0,1,8,181,,-0.113040596,,False,True,False,False
29,HermyRahim,2024-06-27T09:21:38.000Z,*Campak tulang,https://x.com/HermyRahim/status/1806256566196425083,2,181,245,26600,,0.06531221,,True,True,True,False
30,iAMazmar,2024-06-26T17:53:24.000Z,Menyampah tgk.. rindu zaman jibby la apa la . Si Ulaq tu pun campak Jibby bawah bus lepas tu hahaha,https://x.com/iAMazmar/status/1806022968499487064,0,0,1,25,,-0.13304873,,True,True,False,True
31,hafizadam,2024-06-26T13:38:00.000Z,"solid first two episodes. two scheming persons balik ke zaman lampau, makanya bolehlah campak luar buku sejarah sebab dua-dua dah tahu gelanggang permainan masing-masing #ThePrincessRoyal tapi ZhaoJinmai ni serius rupa macam VickyZhao Jr haha",https://x.com/hafizadam/status/1805958696331088105,1,0,3,383,,-0.089777865,,True,True,False,True
32,Hiyalitulaknat,2024-06-26T08:49:38.000Z,"Solusi sebenar: Hapuskan riba.  Bukan bagi carrot lah bagi stick la. Kecelakaan hari ini berpunca dari riba, solusinya ialah hapuskan riba dan hiyal sial campak kelapa sawit berlakon jual beli demi riba terlaknat.",https://x.com/Hiyalitulaknat/status/1805886123853627557,0,2,2,411,,-0.131224,,True,True,False,True
33,nrlsyfazhar,2024-06-25T12:35:40.000Z,genius! pasni pengasuh boleh bagi baby main handphone pula nanti baby campak rosak boleh claim dekat mak dia minta ganti phone baru,https://x.com/nrlsyfazhar/status/1805580620804112691,1,0,4,231,,0.10015231,,True,True,True,False
34,meeayusri,2024-06-25T02:42:38.000Z,"Jd, penyelesaian nya campak kucing ke?",https://x.com/meeayusri/status/1805431379393667417,1,3,5,286,,-0.21130049,campak_as_throw_object,True,True,False,True
35,izztlnajhh,2024-06-24T23:31:26.000Z,Sksksksksk campak campak pun lagi lawa yat dari design sebenar. Siot baju kssu dulu pun lagi lawa cibek dari tu,https://x.com/izztlnajhh/status/1805383261566517584,0,0,6,2375,,-0.1050044,,True,True,False,True
36,rahmaniarbaftim,2024-06-23T12:53:54.000Z,"Teh Lia, itu penyakit campak, diawali dengan demam kan? Begitu demamnya hilang campaknya baru keluar semua biasanya.",https://x.com/rahmaniarbaftim/status/1804860434681565655,1,0,2,69,,0.10784933,,True,True,True,False
37,kachingyours,2024-06-23T12:24:54.000Z,rasa nk campak sekor2 exo masuk gua hahah geram,https://x.com/kachingyours/status/1804853133216206952,1,0,3,128,,-0.18522054,,True,True,False,True
38,ysmnezahari,2024-06-22T15:02:44.000Z,"Salam, saya dapat rasa air yang junghwan campak twice  #rebootinKL #TREASURE_REBOOT_IN_KL",https://x.com/ysmnezahari/status/1804530465644347888,0,0,1,128,,-0.13852695,,True,True,False,True
39,puterae1,2024-06-22T14:05:09.000Z,"Orang lain haram dia halal. Houlier than thou , ular paling bangsat, patut kena campak dengan umno",https://x.com/puterae1/status/1804515976270196787,1,0,6,251,,-0.13091482,,True,True,False,True
40,eeyiu,2024-06-22T08:30:21.000Z,Daun dia kan kalau campak dalam akuarium auto pregnant udang. Dia cam viagra untuk haiwan sungai #real,https://x.com/eeyiu/status/1804431720000696396,2,0,1,109,,-0.13983862,campak_as_throw,True,True,False,True
41,wasabi1388,2024-06-22T02:35:33.000Z,6 pengkhianat undi rakyat tu patut di kubur sbg mp & di campak keluar dr dewan rakyat!!!,https://x.com/wasabi1388/status/1804342431921639888,0,0,2,234,,-0.060449913,,True,True,False,True
42,KyaryHime,2024-06-22T02:23:49.000Z,Bertih halus. Campak kasar.,https://x.com/KyaryHime/status/1804339478196293732,1,0,2,20,,-0.060713023,,True,True,False,True
43,binblancos,2024-06-21T17:30:56.000Z,Campak ke tong sampah kalau starting XI Real Madrid musim depan gaada Valverde-nya.,https://x.com/binblancos/status/1804205373974548719,0,0,5,286,,-0.13261853,campak_as_throw,True,True,False,True
44,takdaknamadah,2024-06-20T10:29:20.000Z,Thank you doktor. Selalu guna istilah chickenpox bila ada yg demam campak. But sometimes lidah buat hal jd chickenpork.,https://x.com/takdaknamadah/status/1803736886890078243,0,0,2,1354,,0.005233109,,True,True,True,False
45,AKUANAKWATAN,2024-06-20T09:24:54.000Z,"Sombong angkuhnya manusia yg ada kuasa tapi curang , sedangkan batu pun terbakar jika terjatuh ke dalam larva gunung berapi , bayangkan manusia kufur di campak ke dalam api neraka ?",https://x.com/AKUANAKWATAN/status/1803720672855912874,0,2,5,127,,-0.022508651,campak_as_throw,True,True,False,True
46,iejaH0sh1s,2024-06-20T03:08:16.000Z,Campak belakang #BMday #Checkthisout #BabyMonster #Baemon #SG,https://x.com/iejaH0sh1s/status/1803625891672760547,1,1,16,789,,-0.085063934,,False,True,False,False
47,ef_hash,2024-06-20T02:37:30.000Z,“Ramai perempuan dekat neraka”  Gi la campak bini & mak ko dulu shssnshshnssshhs,https://x.com/ef_hash/status/1803618146424856875,1,0,3,52,,-0.096069664,,False,True,False,False
48,malaygentleman,2024-06-19T14:25:27.000Z,First time gi tolong tumbang korban kot sebab tu agaknya excited nak gak tangkap gambar tunjuk terpaling. Entahlah tak faham delusional budak2 sekarang ni tegur sikit dah sensitif nak dia gak terpaling agama. Ni semua dulu kena campak kat tahfiz takda tauliah ke?,https://x.com/malaygentleman/status/1803433920672965102,2,42,312,23800,,-0.07253444,campak_as_throw,True,True,False,True
49,Syeikhleebit,2024-06-26T18:20:20.000Z,"Debat dengan perokok + anti vaksin = bikin gila. Berasa lagi nasehatin pemain judol buat berhenti  Ada aja jawabannya, bukannya intropeksi diri, malah playing victim dan nyalahin orang lain",https://x.com/Syeikhleebit/status/1806029746461159687,1,0,2,82,,0.036926493,,True,True,True,False
50,tempodotco,2024-06-21T02:37:35.000Z,Parlemen Filipina akan Selidiki Operasi Propaganda Anti-vaksin Cina oleh Pentagon https://dunia.tempo.co/read/1882382/parlemen-filipina-akan-selidiki-operasi-propaganda-anti-vaksin-cina-oleh-pentagon?utm_source=Twitter&utm_medium=dlvr.it… #TempoDunia,https://x.com/tempodotco/status/1803980556767760643,0,1,1,794,,0.013469338,,True,True,True,False
51,piramidamesir_,2024-06-23T14:51:34.000Z,Antivaxx emg kacau sih jalan pikirannya. Dl pernah ada netijen ngajak ribut gw krn gw pro vaksin di thread org yg nanya mau imunisasi anak.,https://x.com/piramidamesir_/status/1804890046149083510,1,0,2,520,,0.13652724,,True,True,True,False
52,tentanganakofc,2024-06-18T04:47:37.000Z,"Vaksin Rp1.000.000-Rp1.500.000  Karena anak BunMin udah 2 tahun, jadi budget ini udah jauh berkurang dari sebelumnya. Pastikan imunisasi anak lengkap ya AyBun agar terhindar dari berbagai penyakit. Catat di Aplikasi Tentang Anak! http://onelink.to/tentanganak",https://x.com/tentanganakofc/status/1802926116757451119,1,1,1,854,,0.10452011,,True,False,False,True
53,dewaputu1970,2024-06-16T22:04:21.000Z,Makanya berhentilah imunisasi anak bayi usia baru lahir sampai 5 th,https://x.com/dewaputu1970/status/1802462242417598756,0,1,3,262,,0.07221687,,True,True,True,False
54,Adventure_36,2024-06-28T14:53:32.000Z,Kipi,https://x.com/Adventure_36/status/1806702478248890611,1,0,2,450,,-0.03354323,,True,False,False,False
55,kusayangpanda15,2024-08-14T01:33:33.000Z,"tp emg scr sistem BPJS ada yg gratis, daftar di puskes. mungkin buat fotcop lah 20 rb.  bisa buat KB, imunisasi anak dll.   sekola ud gratis & ada bantuan BOS (lupa nmnya dah)   sorry bgt gw speak for jkt only krn gw TINGGAL di jkt ya.   dan SMP, SMA gw GRATIS.",https://x.com/kusayangpanda15/status/1823533386495090801,5,0,2,527,,0.06710753,,True,False,False,False
56,antaranews,2024-08-13T11:55:40.000Z,"Kemenkes mengatakan, vaksinasi human papillomavirus (HPV) gratis yang dibagikan di program Bulan Imunisasi Anak Sekolah (BIAS) dipastikan aman dan berkualitas baik.",https://x.com/antaranews/status/1823327558156337612,0,1,0,366,,0.11819929,,True,False,False,True
57,urlavoca,2024-08-10T12:06:26.000Z,"Gw dulu iship di puskesmas gitu kan, nah waktu itu kebetulan ada bulan imunisasi anak sekolah (BIAS). Diajakin lah gw ke sekolah² SD di wilayah kerja puskesmas tsb buat suntik imunisasi.  Pas di SD anak²nya pada takut disuntik, ada yg nangis, ada yg harus kejar-kejaran dulu https://x.com/Pai_C1/status//Pai_C1/status/1822094550350840142…",https://x.com/urlavoca/status/1822243106265182392,6,0,11,6,,0.1685729,,True,False,False,True
58,KemenkesRI,2024-08-09T14:53:20.000Z,Bulan Imunisasi Anak Sekolah (BIAS) sudah tiba   Mau tau pendapat adik-adik soal keseruan imunisasi di sekolah?   Yuk simak cerita mereka!   #BIAS2024,https://x.com/KemenkesRI/status/1821922719266398430,3,4,9,2044,,0.1271505,,True,True,True,False
59,KemenkesRI,2024-08-09T07:26:49.000Z,"Ayo bu guru, pak guru, pastikan anak didik Anda di kelas 1, 2, 5, dan 6 SD/MI/bentuk lain sederajat mendapatkan imunisasi lanjutan di sekolah!    Yuk hubungi atau konsultasikan jadwal Bulan Imunisasi Anak Sekolah (BIAS) dengan Puskesmas terdekat!    #ImunisasiItuBaik",https://x.com/KemenkesRI/status/1821810348405735681,1,1,1,1199,,0.22568685,,True,False,False,True
60,KemenkesRI,2024-08-08T02:34:27.000Z,Halo #Healthies! Program Bulan Imunisasi Anak Sekolah (BIAS) juga merangkul anak-anak diluar sekolah formal  Setiap anak di usia sekolah dasar berhak mendapatkan imunisasi lanjutan untuk mempertahankan kekebalan tubuh,https://x.com/KemenkesRI/status/1821374383686111417,2,3,3,1143,,0.21911377,,True,True,True,False
61,TedInvestigasi,2024-08-04T01:22:21.000Z,"Imunisasi anak lagi ramai karena vaksin Polio yang menyebabkan Polio dan datanya dirahasiakan oleh BPOM dan Kemenkes. Inilah terjemahan buku dengan data dari lebih dari 100 penelitian, data yang disembunyikan dari publik. Ortu: wajib baca https://drive.google.com/file/d/1GuEbuLydxy1fDOcRUhugFjEQ-9-MgL-0/view?usp=sharing…",https://x.com/TedInvestigasi/status/1819906688742486357,4,91,124,3538,,0.13203537,,True,False,False,True
62,KemenkesRI,2024-08-03T01:00:00.000Z,"Ayah, Bunda, yuk bersama sukseskan Bulan Imunisasi Anak Sekolah (BIAS)!  Cek jadwal imunisasi dari sekolah atau Fasilitas Pelayanan Kesehatan terdekat  Pastikan anak, adik, keponakan atau cucu kita mendapatkan perlindungan yang dibutuhkan  #ImunisasiItuBaik #ImunisasiItuPasti",https://x.com/KemenkesRI/status/1819538676201766966,4,7,7,2290,,0.17611524,,True,True,True,False
63,KemenkesRI,2024-08-01T12:46:05.000Z,"Hai #Healthies!   Bulan Imunisasi Anak Sekolah (BIAS) telah tiba   Yuk simak jadwal BIAS untuk anak usia sekolah kelas 1, 2, 5, dan 6 SD/MI/bentuk lain atau sederajat disini    Imunisasi adalah hak setiap anak, jadi jangan sampai terlewat ya!",https://x.com/KemenkesRI/status/1818991594063958468,5,6,14,4833,,0.15479895,,True,True,True,False
64,KemenkesRI,2024-08-01T08:56:23.000Z,"Halo #Healthies! Saatnya Bulan Imunisasi Anak Sekolah (BIAS)!   Untuk menjaga kesehatan & melindungi anak dari berbagai penyakit menular, setiap anak dianjurkan mendapat imunisasi lanjutan pd usia sekolah  Dengan mengikuti BIAS, kita berperan menciptakan lingkungan yg sehat",https://x.com/KemenkesRI/status/1818933787482636351,2,0,1,1528,,0.19216347,,True,True,True,False
65,KemenkesRI,2024-08-01T08:44:52.000Z,"Agustus   Awal bulan kemerdekaan  Awal Bulan Imunisasi Anak Sekolah (BIAS)  Awal Pekan ASI Sedunia   Yup, setiap minggu pertama bulan Agustus diperingati sebagai “Pekan ASI Sedunia”  Tema global PAS 2024 adalah “Closing the gap: Breastfeeding support for all”",https://x.com/KemenkesRI/status/1818930888635564095,1,1,2,1714,,0.16272968,,True,True,True,False
66,Kingkrishie,2024-08-01T03:14:00.000Z,Selamat Bulan Imunisasi Anak Sekolah!,https://x.com/Kingkrishie/status/1818847623652295151,0,0,6,299,,0.13445488,,True,True,True,False
67,BBCIndonesia,2024-08-12T10:37:22.000Z,Tidak sampai di situ. Sejumlah persoalan yang dulu dianggap sebagai faktor penyebab meledaknya kasus gizi buruk dan wabah campak masih kami jumpai. https://bbc.com/indonesia/articles/ck7gpj440y3o…,https://x.com/BBCIndonesia/status/1822945465408930010,1,2,3,602,,0.28860173,,True,True,True,False
68,BBCIndonesia,2024-08-12T10:37:18.000Z,"Wartawan BBC News Indonesia menyusuri sungai untuk pergi ke Kampung As-Atat, di mana laporan resmi pemerintah Indonesia mencatat ada 37 orang di kampung itu yang meninggal akibat wabah campak dan gizi buruk pada 2018. https://bbc.com/indonesia/articles/ck7gpj440y3o…",https://x.com/BBCIndonesia/status/1822945451097919923,1,2,6,916,,0.10237172,,True,True,True,False
69,BBCIndonesia,2024-08-12T10:37:17.000Z,"2018: Gizi buruk dan wabah campak di pedalaman Asmat, Papua menewaskan 75 orang.   2021: Bantuan perbaikan gizi 'Anak Asli Papua' dihapus demi biayai infrastruktur PON Papua.  Sekarang, bagaimana kondisi di Asmat?  Simak liputan mendalam kami.   Utas  https://bbc.com/indonesia/articles/ck7gpj440y3o…",https://x.com/BBCIndonesia/status/1822945447239119252,25,238,316,62400,,0.14696085,,True,True,True,False
70,BBCIndonesia,2024-08-08T07:56:33.000Z,Masalah kesehatan ibu dan anak Orang Asli Papua di Asmat tidak dapat dilepaskan pada ketersediaan dan jangkauan layanan kesehatan.   Namun persoalan sosial budaya masyarakat di pedalaman Asmat juga dianggap sebagai tantangan.   Bagaimana pendekatan yang ideal supaya kasus wabah,https://x.com/BBCIndonesia/status/1821455442595430591,0,28,47,27600,,0.23633355,,True,False,False,True
71,jmcrookston,2024-08-14T14:50:54.000Z,Rubella too,https://x.com/jmcrookston/status/1823734045202899440,1,0,7,98,,0.13283862,,True,True,True,False
72,brianfinks69,2024-08-12T22:49:53.000Z,RUBELLA BALLET,https://x.com/brianfinks69/status/1823129808211239109,0,0,2,55,,0.16654344,,True,True,True,False
73,akmalnasir,2024-08-30T07:44:15.000Z,Jgn campak jauh2,https://x.com/akmalnasir/status/1829424882649837908,0,0,1,918,,-0.19444749,,False,True,False,False
74,awan_conteng,2024-08-29T01:44:43.000Z,Campak bintang tu best,https://x.com/awan_conteng/status/1828972012351697001,0,0,3,262,,-0.07841741,,True,True,False,True
75,UMonline,2024-08-29T00:00:10.000Z,‘Dia campak skrip keluar tingkap’ https://utusan.com.my/nasional/2024/08/dia-campak-skrip-keluar-tingkap/?utm_source=dlvr.it&utm_medium=twitter&utm_campaign=umonline… #BERITA #NASIONAL #TERKINI #artis,https://x.com/UMonline/status/1828945702778744927,0,0,0,393,,-0.050692514,,False,True,False,False
76,fzxaz_,2024-08-28T13:40:53.000Z,Ce try campak dia dalam lubang tu,https://x.com/fzxaz_/status/1828789854626521368,0,0,2,1348,,-0.14283349,,True,True,False,True
77,UMonline,2024-08-28T12:03:04.000Z,Wabak campak menular di selatan Vietnam https://utusan.com.my/berita/2024/08/wabak-campak-menular-di-selatan-vietnam/?utm_source=dlvr.it&utm_medium=twitter&utm_campaign=umonline… #AsiaTenggara #BERITA #LUARNEGARA #TERKINI #top,https://x.com/UMonline/status/1828765240579768610,0,0,0,355,,0.10619196,,False,True,False,False
78,rnambiar24,2024-08-28T11:58:17.000Z,Campak dia dlm lubang tu..menyemak la org tua ni..x hormat perasaan org lain langsung,https://x.com/rnambiar24/status/1828764034851545392,0,0,6,250,,-0.053628966,,True,True,False,True
79,why_Maq,2024-08-28T11:53:52.000Z,Tolong campak dia bawah tu,https://x.com/why_Maq/status/1828762923637858794,2,47,335,21100,,-0.24101219,,True,True,False,True
80,DS_yantie,2024-08-28T02:03:53.000Z,"Lucu, dia kan bukan kader kok merasa di campak kan",https://x.com/DS_yantie/status/1828614451354050874,10,0,15,5118,,-0.037452027,,True,True,False,True
81,TokPerak8,2024-08-27T23:43:38.000Z,Macam tu saja Yanie campak @Ratu_Naga Khinzir bawah bas kahkahkah  Lengan besar dari peha  Ouchhh,https://x.com/TokPerak8/status/1828579156281696680,1,3,50,2,,-0.0634757,,True,True,False,True
82,Keburungan,2024-08-26T23:38:52.000Z,Campak balik sampah bletak brlakang kete dia. Geram pulak tgk. Dh tua tp bodoh.,https://x.com/Keburungan/status/1828215567117099257,0,0,2,791,,-0.1923051,,True,True,False,True
83,apis_ep,2024-08-26T15:47:53.000Z,Campak balik sampah tu dlm kreta dia,https://x.com/apis_ep/status/1828097041609941101,1,0,9,1894,,-0.27130485,,True,True,False,True
84,ChomBieTanjung,2024-08-25T02:27:56.000Z,Perghh ini favorite Chomb. Mmg mabeles  ada campak nenas ka terung?,https://x.com/ChomBieTanjung/status/1827533339437494757,1,0,2,44,,-0.0071401447,,True,True,True,False
85,laylamajusi,2024-08-23T14:17:38.000Z,"setiap kali orang tulis ""X ( formerly twitter )"", itu maknanya rebranding muskie gagal.   twitter dah elok2 ada brand yang kuat ( siap ada lexicon tersendiri; ""tweet"", ""tweep"", ""RT"" etc ), dia campak buang for something generic like X",https://x.com/laylamajusi/status/1826987165298880949,1,2,5,221,,-0.04558848,,True,True,False,True
86,jaffarikahfi,2024-08-23T11:26:05.000Z,"AG ni patut diterajang keluar. Aku suspicious dgn AG ni. Tengok kes2 3R din tompok dgn lebai hadi, semua campak bawah karpet.",https://x.com/jaffarikahfi/status/1826943992371761533,0,0,2,155,,-0.16491328,,True,True,False,True
87,LagaCawan,2024-08-23T11:17:30.000Z,"Lagacawan tidak pernah dibayar atau berkerja dengan mana-mana menteri atau ahli politik.  Jika ada yang panjat pejabat menteri kata dia wakil lagacawan, boleh campak dan pijak proposal dia.  Boleh juga DM kami untuk pengesahan",https://x.com/LagaCawan/status/1826941834557628645,3,9,25,1522,,-0.12792994,,True,True,False,True
88,SINDOnews,2024-08-23T01:12:07.000Z,Perbedaan Gejala Cacar Monyet dengan Cacar Air dan Campak http://dlvr.it/TCG7cd,https://x.com/SINDOnews/status/1826789481162441023,1,0,2,330,,0.16917413,,True,True,True,False
89,mohd_khairel,2024-08-22T17:20:53.000Z,"spesis cengini jika dizaman atok nenek kita,memang awal² dah kena campak dok 'pulau'...kann.  #GengPencarikBesiLongkang a.k.a Probono",https://x.com/mohd_khairel/status/1826670894506541560,0,0,2,513,,-0.00059074163,,True,True,True,False
90,md_zuwairi,2024-08-22T07:38:45.000Z,kalau aku aku campak terus ke dinding biar berkecai JARGON,https://x.com/md_zuwairi/status/1826524396535906595,0,0,5,307,,-0.22243376,,True,True,False,True
91,Amrlmikal,2024-08-21T15:24:05.000Z,Sapa yang kemas beg? Campak ja,https://x.com/Amrlmikal/status/1826279113134580145,1,0,5,1014,,-0.09907122,,True,True,False,True
92,tempodotco,2024-08-21T14:38:33.000Z,Bedanya Mpox dengan Cacar Air hingga Campak https://gaya.tempo.co/read/1906796/bedanya-mpox-dengan-cacar-air-hingga-campak?utm_source=Twitter&utm_medium=dlvr.it… #TempoGaya,https://x.com/tempodotco/status/1826267652144218298,0,2,2,3204,,-0.005125463,,True,True,True,False
93,s4h4b4tl4m4,2024-08-21T10:46:26.000Z,"Buat kamu yang abis liburan sebelum nya udah blom di vaksin campak  Takutnya klo belom, baru datang langsung di campakakan  Cieeee pengalaman  banget",https://x.com/s4h4b4tl4m4/status/1826209239674896868,1,0,3,159,,0.06079927,,True,True,True,False
94,hayeorieee,2024-08-21T06:45:04.000Z,aku rasa macam aku yang handle fanproject haritu tapi mana aku campak handbanner aku siot hshhshshs barai la,https://x.com/hayeorieee/status/1826148495918760066,1,1,2,1393,,-0.10753147,,True,True,False,True
95,jerengginang,2024-08-21T04:19:19.000Z,"Aku blm pernah kena cacar seumur hidup, skrng udh 26thn, aku lupa dulu pas sd pernah vaksin cacar apa blm tp vaksin campak pernah, apakah harus vaksin cacar skrng? jujur takut bgtt",https://x.com/jerengginang/status/1826111818236055785,3,1,4,8533,,0.08499321,,True,True,True,False
96,AfiqMdHanif,2024-08-20T15:49:56.000Z,"Org dah jadi PM pun. Muhyiddin selamanya PM tepi. Anyway, kena campak bawah bas ke tuuuuu",https://x.com/AfiqMdHanif/status/1825923228315037951,0,1,13,1938,,-0.1737656,,True,True,False,True
97,nana_cromboloni,2024-08-20T15:28:31.000Z,"buset ini jamet darimana lagi sih?? ada ajaa manusianya, kurang suntik campak kah dulu??",https://x.com/nana_cromboloni/status/1825917838185660481,1,0,62,35,,0.0657714,,True,True,True,False
98,CakapLepas,2024-08-20T13:43:24.000Z,Presiden kamu dah kena campak bawah bas,https://x.com/CakapLepas/status/1825891386920677571,0,0,3,327,,-0.05798371,,True,True,False,True
99,mismuaku,2024-08-24T02:59:02.000Z,Kamis 17 Safar 1446 H 22 Agustus 2024 M  Kunjungan Tim Puskesmas Dalam Rangka pemberian   Vaksin MR (Measles Rubella) untuk siswa Kelas 1   HPV (Human Papiloma Virus) untuk anak sekolah Kelas V dan VI Khusus Perempuan MISMUAKU #meraihprestasidenganbudipekerti,https://x.com/mismuaku/status/1827178776826196009,0,0,3,42,,0.21228898,,True,True,True,False
100,girlsteutics,2024-08-17T13:53:35.000Z,"heh imunisasi tu penting walaupun imunisasi campak, cacar hmmmm aku bersyukur pernah dapet cacar air pas SD, ada temenku selama hidup dia belum pernah kena cacar air",https://x.com/girlsteutics/status/1824806784185614733,0,0,4,398,,0.06598011,,True,True,True,False
101,sz4848_LFC,2024-08-29T03:50:32.000Z,Kesian bapak ada hiv anti vaksin,https://x.com/sz4848_LFC/status/1829003675064545397,0,0,5,721,,0.10104403,,True,True,True,False
102,AbulFirdaus,2024-08-27T10:47:40.000Z,"Pongrekun gak cabul, Cuma aneh, anti vaksin, anti medis, anti teknologi",https://x.com/AbulFirdaus/status/1828383876281929987,1,0,4,401,,-0.016348183,,True,True,True,False
103,n_azzurajafri,2024-08-26T23:33:48.000Z,"Menarik!  Kemudian bila kadar kematian bayi dan kanak-kanak menurun asbab penemuan vaksin, wujud pula anti vaksin   Some people really take things for granted.",https://x.com/n_azzurajafri/status/1828214290459107472,3,121,227,16,,0.08383414,,False,True,False,False
104,kemlonih,2024-08-24T06:51:55.000Z,Dari mulai sekarang..udah bisa kok  kayak ke Anies yang mau diusung red bull..hehehe..enak tuhh.. buat nyentil..apa mereka lupa sama red bull dan pakde Mulyono nya?  Juga si independent yang catut katepeh dan juga anti vaksin dan flat earth  hahaha  Kuliti semua aja,https://x.com/kemlonih/status/1827237383395230090,1,0,1,130,,-0.0073714405,,True,True,True,False
105,belialrising,2024-08-22T13:58:48.000Z,Mat tanjak Misi tu anti vaksin. Nama dia naik masa tolong collect duit beli ubat 1 juta. Tapi orang dah sus bau ikan   Tengok cara sembang macam mental pun ya,https://x.com/belialrising/status/1826620036716617854,2,2,8,351,,-0.059324384,,False,True,False,False
106,koganenohikari,2024-08-19T11:23:52.000Z,"pas kecil, ortunya gk pernah ke posyandu & anti vaksin.  pas gede: https://t.co/WH8f8L4uP5",https://x.com/koganenohikari/status/1825493882739781784,1,0,3,182,,0.20718369,,True,True,True,False
107,clairvoyant_cl,2024-08-19T06:35:58.000Z,"Iya betul. Yang heda pendapat lantas mereka cap anti-vaksin, anti-science, dan lain-lain.",https://x.com/clairvoyant_cl/status/1825421429854413237,0,3,6,247,,0.0071280003,,True,True,True,False
108,nowyoucatchme,2024-08-19T02:48:06.000Z,"I might be wrong abt my theory, but at least aku tidak mempersuasif orang tua di luaran untuk menjadi anti vaksin :) Jika mmg ada yg benar berikut data, coba dijabarkan saja. Supaya org tua di luaran sana jg bisa membacanya. Dan tdk terpengaruh dgn kaum kaum antivax :))",https://x.com/nowyoucatchme/status/1825364085434909086,1,1,2,261,,0.08531764,,True,True,True,False
109,Pelangi28342329,2024-08-18T06:52:00.000Z,"Sekarang Indonesia nggak bebas polio lagi ya karena ada orang-orang yang kaya gini. Disamping pertama dulu katany dibawa oleh pekerja migran dari Afrika Utara, ditambah yg  anti vaksin gini bikin makin banyak.",https://x.com/Pelangi28342329/status/1825063079497048272,0,0,3,389,,0.12651151,,True,False,False,True
110,Jackasstupid,2024-08-18T06:12:52.000Z,Melihat para bocil blm nikah sosoan menasehati seakan dia tau dunia  Padahal bbrp dokter juga ada yg anti vaksin karena emang berkeyakinan vaksin ada efeknya,https://x.com/Jackasstupid/status/1825053228696051889,1,0,9,1,,0.06553465,,True,True,True,False
111,avantegold,2024-08-18T05:51:33.000Z,Di Indonesia tuh kenapa ya orang2 yang modelan anti vaksin kebanyakan dari kalangan muslim fanatik?!,https://x.com/avantegold/status/1825047866332868898,4,0,3,272,,0.06934965,,True,True,True,False
112,fairybeingfair,2024-08-18T05:30:45.000Z,"Wkwkwk omongan lu persis kaum anti vaksin, lu keknya jg ga percaya dokter dan nakes lainnya. Mgkn berobat lu ke org pinter kali ya make herbal2an ? Persis kek kaka ipar gw. Uda tidur tuh di kuburan gegara covid.",https://x.com/fairybeingfair/status/1825042630545486246,1,0,2,103,,0.042784125,,True,False,False,False
113,Mpok_Hanum,2024-08-18T03:29:48.000Z,"Anti vaksin biasanya sepaket dgn ketololan, dok.  Akibat pendidikan tidak merata ya begitu. Coba, kalo pemerintah fokus pendidikan, ga bakalan mapel sejarah cm pilihan. Bisa masukin dah tuh sejarah wabah flu, cacar, polio khususnya Indonesia. Rakyat jd paham",https://x.com/Mpok_Hanum/status/1825012192875553234,1,14,49,2,,0.12267572,,True,False,False,True
114,Pelangi28342329,2024-08-17T16:03:17.000Z,"Ngapain dianter ke IGD? kan katanya anti obat, anti vaksin, biarin aja atuh. Suruh tiup ubun-ubunnya aja, kali aja sembuh",https://x.com/Pelangi28342329/status/1824839426373283924,1,0,13,3,,0.018599063,,True,True,True,False
115,senininibiru,2024-08-17T13:43:51.000Z,"Nambah lg list pertanyaan kalau mau kenalan serius sama orang; ""Kamu anti vaksin ga""  Biar ga kaget orng2 kek ini masih banyak di bumi",https://x.com/senininibiru/status/1824804335546667166,0,0,2,95,,0.028813317,,True,True,True,False
116,Tan_Mar3M,2024-08-17T12:43:45.000Z,Lah yg nyatut nama anak nya (dharma) anti vaksin,https://x.com/Tan_Mar3M/status/1824789210542612522,0,0,0,226,,0.10118091,,True,True,True,False
117,AnKiiim_,2024-08-16T11:12:05.000Z,"Kemarin lewat diberandaku,  katanya kalo Abah pro vaksin, Dharma anti vaksin.. Keren si, tapi kalo lom apa² jadi maling data, apa yg layak dibanggakan dari dia",https://x.com/AnKiiim_/status/1824403753883341123,1,0,6,791,,-0.007954538,,True,True,True,False
118,putrysiregarkak,2024-08-16T09:32:36.000Z,"Mau anti vaksin mau anti kentut, mau dia baik, mau dia apa kek, kalau ketahuan maling gni ya ogah lah ngedukung",https://x.com/putrysiregarkak/status/1824378719294853339,0,1,2,65,,0.0006890595,,True,True,True,False
119,tilehopper,2024-08-16T02:50:07.000Z,>tokoh publik / politikus yang terminally online  >sering share konten konspirasi anti-vaksin >menonjolkan maskulinitas  >mengandalkan statusnya sebagai orang penting dulu  >nyalon di 2024 dan dianggap sebagai kandidat yang tujuannya rekayasa suara >pic unrelated,https://x.com/tilehopper/status/1824277430842036540,1,6,18,818,,0.1046734,,True,True,True,False
120,racikan_twt,2024-08-18T05:07:50.000Z,"Kasih twit ini, respon emak gua: ""Itu emaknya pemalas kali? Tipe yang gak mau ngurusin anaknya yang sakit sebentar krn efek samping vaksin""  Gua: ""Aku vaksin lengkap kan?""  Emak: ""Lengkap. Gratis dari pemerintah. Kan ada buku panduannya tuh dibaca. Makanya ini ibu pemalas kali""",https://x.com/racikan_twt/status/1825036865470091457,2,0,3,379,,0.097334504,,True,True,True,False
121,KemenkesRI,2024-08-27T02:18:48.000Z,"Ketinggalan itu enggak enak, apalagi ketinggalan imunisasi anak   Ayah Ibu, jangan ketinggalan program Bulan Imunisasi Anak Sekolah (BIAS) ya, karena #SetiapAnakBerhak mendapatkan imunisasi lanjutan  Ayo cek jadwal program BIAS di sekolah atau Puskesmas terdekat Ayah dan Ibu!",https://x.com/KemenkesRI/status/1828255816509726902,2,3,4,2146,,0.17516556,,True,False,False,True
122,raes_veeans,2024-08-21T12:58:02.000Z,"Karena ini Bukan Imunisasi Anak Sekolah, motto kita adalah   PANTANG PULANG SEBELUM AIR MATA MEREKA KELUAR   #candabestie  #serius",https://x.com/raes_veeans/status/1826242357643313464,3,0,6,318,,0.15231001,,True,True,True,False
123,KODIM1618TTU,2024-08-20T01:14:05.000Z,"Babinsa Koramil 1618-02/Miobar Hadiri Dan Pantau Imunisasi Anak Di Desa Noenasi.  NTT- KEFAMENANU, Senin, 19 Agustus 2024Sebagai bagian dari upaya mendukung program kesehatan nasional, Babinsa Koramil 1618-02/Miobar, Kopda Agussalim, turut hadir dan memantau jalannya kegiatan",https://x.com/KODIM1618TTU/status/1825702812413730962,0,0,1,86,,0.19079143,,True,True,True,False
124,e100ss,2024-08-19T09:15:24.000Z,Menunda Imunisasi Anak Bisa Meningkatkan Risiko Penyebaran Penyakit https://suarasurabaya.net/kelanakota/2024/menunda-imunisasi-anak-bisa-meningkatkan-risiko-penyebaran-penyakit/…,https://x.com/e100ss/status/1825461553073987626,0,1,3,1736,,0.14142156,,True,True,True,False
125,TirtoID,2024-08-30T09:13:34.000Z,"Vaksinasi Anak, Perang Mitos dan Fakta di Kalangan Orang Tua http://dlvr.it/TCYZms",https://x.com/TirtoID/status/1829447360939704404,0,0,1,2514,,0.15505832,,True,True,True,False
126,Beritasatu,2024-08-17T04:49:10.000Z,"Kasus Polio Muncul di Gaza, PBB Desak Jeda Perang untuk Vaksinasi Anak-anak https://beritasatu.com/internasional/2836174/kasus-polio-muncul-di-gaza-pbb-desak-jeda-perang-untuk-vaksinasi-anak-anak?utm_source=dlvr.it&utm_medium=twitter… #beritasatu #news #berita",https://x.com/Beritasatu/status/1824669778524639467,0,2,1,2800,,0.16699874,,True,False,False,True
127,momo_maruuu,2024-08-30T10:25:15.000Z,kipiちゃんかわいい〜,https://x.com/momo_maruuu/status/1829465400515703224,0,0,2,210,,-0.06932797,,False,False,False,False
128,suzakuslut,2024-08-30T00:17:53.000Z,kitch-iti-kipi,https://x.com/suzakuslut/status/1829312550300717069,4,0,15,576,,-0.03683926,,True,False,False,False
129,melonpanyaaa,2024-09-14T23:53:16.000Z,kirain dah mau sembuh malah kena campak,https://x.com/melonpanyaaa/status/1835104560513532055,19,0,2,492,,0.07391596,,True,True,True,False
130,ilmyxsa,2024-09-14T05:47:43.000Z,"Mula-mula kata difitnah, lepas dah keluar laporan kesihatan dan kantoi, pergi campak budak-budak ni bawah bas pulak.   Laknat lah si penunggang agama.",https://x.com/ilmyxsa/status/1834831373527663034,0,4,6,279,,-0.06510843,,False,True,False,False
131,Alamurni,2024-09-13T09:56:51.000Z,Sendiri masuk bakul pastu campak laut  @PASPusat,https://x.com/Alamurni/status/1834531680226533718,0,3,4,52,,-0.112155646,,True,True,False,True
132,mypolitiko,2024-09-13T07:53:31.000Z,"Hahahaha. Bila dah jawab, terus dia pi campak nama orang lain. Apa bendalah punya perangai",https://x.com/mypolitiko/status/1834500643803070904,7,40,114,7,,-0.17526783,,True,True,False,True
133,ikanhijo,2024-09-13T05:55:27.000Z,"Tapi di dalam rehabilitasi justru aku malah membantu perawat yang hampir kewalahan ngurusin pasien lain, membantu suggest orang untuk sembuh, hingga kemarin sempat kena campak dan ternyata orang yang aku suggest untuk sembuh masih jengukin aku dan beri aku semangat.",https://x.com/ikanhijo/status/1834470930116186438,2,0,4,1,,0.11899507,,True,True,True,False
134,mynameisazman,2024-09-12T15:17:50.000Z,Kes stokin ada nama Allah - menggelupur suruh boikot. Laju ambik tindakan. Campak tah acid ke apa dekat dekat. Merusuh  Kes liwat 402 kanak kanak - krik krik krik.,https://x.com/mynameisazman/status/1834250073611657438,0,1,1,60,,-0.02267921,,False,True,False,False
135,muizbwb,2024-09-12T09:10:02.000Z,"Waittt what? Lagu di pondok kecil tu. Bermakna bapak duk acah tabligh, campak anak2 dekat panti asuhan pastu paksa kerja. Mati2 ingatkan pasal anak2 yatim",https://x.com/muizbwb/status/1834157512771469328,0,0,3,251,,0.1211559,,True,True,True,False
136,njlqlh,2024-09-12T02:22:53.000Z,When we as a society will finally learn from this? And when will all these parent realize dengan hanya campak anak mereka ke tempat sebegini boleh pulihkan akhlak anak mereka? Anak tu tanggungjawab mak bapak bukan tempat macam ni. Bangang lah,https://x.com/njlqlh/status/1834055048113877272,0,2,2,238,,0.026583016,campak_as_throw_object,True,True,False,True
137,NurulShima_3,2024-09-11T12:05:22.000Z,"Sambal Ikan Bilis Petai, cara saya:  Goreng ikan bilis dulu. Gunakan semula minyak goreng tadi. Kalau banyak minyaknya, buang la separuh minyak tu.  1) Tumis 2 sudu besar bawang merah kisar hingga wangi. 2) Masukkan 4 sudu besar cili kering kisar. Perlahankan api supaya cili",https://x.com/NurulShima_3/status/1833839247251648669,3,10,53,2,,-0.21196026,,True,False,False,False
138,LofiRamli,2024-09-11T06:08:03.000Z,Harap ² anak najib terbaca tweet ko ni. Untong ² rosmah campak la tulang ² lebih tu sikit boleh gongong bawak balik jilat ²,https://x.com/LofiRamli/status/1833749326444855729,4,0,30,495,,-0.02623868,,True,True,True,False
139,adamyusuf88,2024-09-11T03:26:21.000Z,Mana walaun?  Patutlah sibuk back-up @Khairykj rupanya Abah diorang dah kena campak bawah bas.,https://x.com/adamyusuf88/status/1833708635178115377,20,33,158,7,,-0.08587101,,True,True,False,True
140,PoutyYuxin,2024-09-10T10:22:05.000Z,Hhhhhh yuxin sndiri campak mic then dia jugak yg kutip balik,https://x.com/PoutyYuxin/status/1833450869142249488,1,0,3,141,,-0.12565228,,True,True,False,True
141,SinarOnline,2024-09-09T14:03:07.000Z,"Mayat budak disumbat dalam beg, campak ke sungai  Kejam!   Penantian selama 19 hari keluarga seorang kanak-kanak berusia lapan tahun, Narin Guran bertukar tragis apabila mayatnya ditemukan di dalam sebuah beg sebelum dicampak ke sungai kira-kira satu kilometer dari tempat",https://x.com/SinarOnline/status/1833144105578500601,1,23,27,7,,-0.012704015,campak_as_discard,False,True,False,False
142,pndglcs,2024-09-09T09:23:50.000Z,gak mau divaksin campak padahal biar tidak dicampakkan,https://x.com/pndglcs/status/1833073820871389212,12,408,4730,46,,0.09818107,campak_as_discard,True,True,False,True
143,TemahUluBanat,2024-09-09T05:03:51.000Z,"Begitulah perempuan. Lain dicakap, lain dibayang, lain yang dibuat, lain pula kejadiannya.   Kebetulan ada baki ayam goreng kunyit, and then sambal apa tah. Tumis bawang sampai layu, masukkan cili giling sikit, campak sekali ayam dan sambal tadi. Kebabom! Haha.",https://x.com/TemahUluBanat/status/1833008392207818837,1,1,4,449,,-0.11231031,,True,True,False,True
144,bobougainvillea,2024-09-08T10:48:48.000Z,tolong campak setan setan ni dalam kolam buaya biar diorang kena kokak dengan buaya. https://x.com/scaryyjournal//scaryyjournal/status/1831720423115063613…,https://x.com/bobougainvillea/status/1832732816746201187,0,0,3,72,,-0.040305793,,True,True,False,True
145,Badacs1,2024-09-07T11:57:54.000Z,Hahaahaha dulu ayam di campak dlam pejabat nye.    Nanti kan apa pulak di campak utk fitnah nye,https://x.com/Badacs1/status/1832387819609981152,0,2,5,85,,-0.057790205,,True,True,False,True
146,sdktlpr,2024-09-07T06:55:52.000Z,Gue sebagai orang yang salah satunya kerja di bagian imunisasi kadang udah capek bgt edukasi. Mau gimanapun edukasi kek ga mempan aja gitu. Belum lama balita kena campak parah pas dicek riwayat imunisasinya kosong,https://x.com/sdktlpr/status/1832311810374226310,0,0,2,646,,0.20555189,,True,True,True,False
147,tubbirfess,2024-09-06T18:01:07.000Z,"nanti kalau anaknya kena polio, campak, difteri, hepatitis, tbc dan menyebabkan cacat/meninggal dunia, kan lu tinggal nyalahin rumah sakit dan nakes ya? dasar beban negara. https://x.com/mamatokaivan/s/mamatokaivan/status/1831917790607110658…",https://x.com/tubbirfess/status/1832116837137715454,16,211,773,31,,0.18155089,,True,True,True,False
148,mzhan1411,2024-09-05T11:11:38.000Z,campak sungai ikan pon lari,https://x.com/mzhan1411/status/1831651400427958368,0,0,0,404,,-0.14811228,,True,True,False,True
149,vibesooul,2024-09-04T23:52:29.000Z,"Sementara itu, beberapa penyakit infeksi virus yang dicurigai ada hubungannya dengan bell’s palsy yaitu: •Herpes simpleks. •Cacar air dan herpes zoster. •Mononukleosis menular (epstein-barr). •Infeksi sitomegalovirus. •Penyakit pernapasan (adenovirus). •Campak jerman",https://x.com/vibesooul/status/1831480486826512771,1,0,6,439,,0.1352062,,True,True,True,False
150,AqimNizar,2024-09-04T14:39:32.000Z,Awal2 lg jargon campak hamzah bawah bas,https://x.com/AqimNizar/status/1831341329252823476,1,1,2,96,,-0.11334401,,True,True,False,True
151,azmanrocks,2024-09-04T13:53:33.000Z,"Puas hati aku dah ada siasatan pasal 1BestariNet. Projek Mahiaddin bawah PM Najib.  Kos 1BestariNet kosnya RM2,000,000,000 (2 billion). Jujur cakap, ambik semua duit tu, campak dalam mulut gunung berapi, hasilnya tetap sama.",https://x.com/azmanrocks/status/1831329758908497958,0,64,76,4424,,-0.21510851,campak_as_throw,False,True,False,False
152,NamizoOzy,2024-09-04T13:16:10.000Z,Nampak sangat abahcow Mahiaddin telah kena campak ke loji kumbahan najis oleh pemimpin-pemimpin PPBM Bersatu dan PN!.,https://x.com/NamizoOzy/status/1831320350954852366,0,0,4,178,,-0.034497023,campak_as_throw,True,True,False,True
153,ayiensr_,2024-09-04T10:50:32.000Z,"Ni kalau dia jaga pemakanan, mekap lebih sikit, dress up baiki sikit, mesti boleh pergi jauh ni, jauh dari universe alam semesta campak masuk black hole https://x.com/MALAYSIAVIRALL/MALAYSIAVIRALLL/status/1831147568484733082…",https://x.com/ayiensr_/status/1831283702233763978,4,1,9,11,,-0.12804636,,False,True,False,False
154,merizachekamaru,2024-09-04T05:52:23.000Z,Jargon masuk list campak dlm gaung,https://x.com/merizachekamaru/status/1831208666923778543,0,1,24,8,,-0.087633654,campak_as_throw,True,True,False,True
155,itssyers,2024-09-04T01:28:41.000Z,sauk tu then campak depan rumah dia. jadi orang tu biar berakal sikit!,https://x.com/itssyers/status/1831142305732116605,0,0,2,3,,-0.18094443,,True,True,False,True
156,zahraa_zainal,2024-09-03T07:43:45.000Z,"Saya buat simpanan ke TH sebulan 3 atau 400 selama 2,3 tahun dan segala macam mak nenek bonus ke insentif yg dapat semua campak ke TH alhamdulillah skrg dah capai angka rm30k ke atas. Tu pun after sumbang sikit ke acc tabung haji anak. Dapat dividen lagi.",https://x.com/zahraa_zainal/status/1830874307356160161,2,1,43,12,,-0.12401645,campak_as_throw,True,True,False,True
157,sdenta,2024-10-30T15:22:56.000Z,"Rekomendasi dari IDAI untuk MMR, pertama diberikan usia 15-18 bulan, lalu selanjutnya usia 5-7 tahun sekali lagi. MR hanya melindungi campak dan rubella, jadi kalo gak divaksin yg MMR ya gak ada perlindungan dari gondongan.",https://x.com/sdenta/status/1851645971534655768,2,0,1,1,,0.17854819,,True,True,True,False
158,odin88,2024-10-30T09:48:12.000Z,saute bawang merah and putih dalam 3 minit lepas tu letak air 2 cup. letak sup bunjut and 1 kiub ayam. campak ayam yang dah basuh. siap. set pressure cook.  ayam confirm lembut gila.,https://x.com/odin88/status/1851561735251177482,1,0,0,151,,-0.095651984,,True,True,False,True
159,SaifulAdn,2024-10-30T09:44:46.000Z,Kahkahkah @wanfayhsal kena campak bawah bas,https://x.com/SaifulAdn/status/1851560870637449443,2,8,18,795,,0.04372379,,True,True,True,False
160,yoonmeowbit,2024-10-30T02:39:38.000Z,"Bener ini, kakak gue cacar dlu tuh, gue se kamar gak ketularan, begitu jg pas gue campak. Gue banyak liat skrg Ibu2 komen malah bangga anaknya kaga di vaksin dengan alasan KASIAN DEMAM. Atau lebih parah VAKSIN HARAM. Stress.",https://x.com/yoonmeowbit/status/1851453881357914605,1,3,5,502,,0.113881886,,True,True,True,False
161,nuru_twt,2024-10-29T08:16:51.000Z,Even bangtan was made similar to bb & bap. Tapi kang cakap kuat2 takut kena campak dalam gaung,https://x.com/nuru_twt/status/1851176358644498892,0,1,6,459,,0.028595567,campak_as_throw,True,True,False,True
162,oxfara,2024-10-29T01:11:20.000Z,"Adanya penyebaran penyakit gondongan & cacar air (varicella) yg marak belakangan ini, sepertinya bisa menjadi salah satu pertimbangan u/ mengganti imunisasi wajib dari pemberian MR (campak rubella) mjd MMR  (campak gondongan rubella) atau MMRV (campak gondongan rubella varicella)",https://x.com/oxfara/status/1851069274250686959,44,880,1476,94,,0.19688237,,True,True,True,False
163,onzeuss,2024-10-27T09:57:38.000Z,jangan sampai aku campak ko dalam laut,https://x.com/onzeuss/status/1850476946523922443,4,0,7,486,,-0.21857198,,True,True,False,True
164,khairizulfadhli,2024-10-26T06:27:35.000Z,"Tips separa jahanam  Apply tiga CC  CC 1 cash out campak dalam Wahed profil Very Agresif.   CC 2 bayar CC 1 next month  CC 3 bayar CC 2 then after that CC 2 bayar balik CC 3. Repeat  6 bulan dapat 5% or more dari Wahed, cash out dan bayar semua.   Repeat",https://x.com/khairizulfadhli/status/1850061697635189000,12,135,769,113200,,-0.059251532,campak_as_throw,True,True,False,True
165,azmanrocks,2024-10-26T05:47:30.000Z,"Customer dekat kedai nasi campur, mamat dalam umur 50an beratur depan aku. Jockey tu cedok nasi agak banyak untuk dia. Instead of tegur nasi tu banyak, dia kaut dengan TANGAN DIA YANG BELUM BASUH campak balik dalam bekas nasi tu!!! Memang kena marah dengan aku!! Bangsat betul.",https://x.com/azmanrocks/status/1850051608023007322,2,5,21,2016,,-0.19917634,,True,True,False,True
166,melanistt,2024-10-26T04:50:19.000Z,Campak apa ada,https://x.com/melanistt/status/1850037216350961897,4,1,12,968,,0.057079762,,True,True,True,False
167,FawaaZen,2024-10-25T12:00:31.000Z,Info vaksin campak karna gw sedang dicampakkan,https://x.com/FawaaZen/status/1849783091805462804,2,0,5,2,,0.076839775,campak_as_discard,True,True,False,True
168,Lactococcuss,2024-10-25T11:44:36.000Z,"Dari kecil divaksin campak sampai 2X eh pas gede dicampakannyaa sampai 5X, ga sinkron",https://x.com/Lactococcuss/status/1849779086400639341,5,1,33,1473,,0.021217227,,True,True,True,False
169,AymanAlatas,2024-10-25T11:38:26.000Z,Tapi ada betulan vaksin Campak ya digabung jadi MMR,https://x.com/AymanAlatas/status/1849777537532166652,0,0,13,3320,,0.16617948,,True,True,True,False
170,ixynix,2024-10-24T10:35:19.000Z,Campak anj,https://x.com/ixynix/status/1849399263286944119,0,0,2,383,,-0.04004602,,True,True,False,True
171,motherandbeyond,2024-10-24T10:02:05.000Z,"Jangan Keliru, Ini Perbedaan Campak dan Rubella yang Moms Perlu Tahu http://dlvr.it/TFgjnG",https://x.com/motherandbeyond/status/1849390901036285952,0,0,0,61,,0.20155665,,True,True,True,False
172,bye0nwoose0k,2024-10-24T05:26:50.000Z,karakter emak” begini emang ngeselin demi apapun sumpah gk ada yg bisa nyadarin tapi bakal lebih ngeselin pas sanha ngerawat dia nnti soalnya seinget ku dia di campak in gak sih sm suami baru nya (?),https://x.com/bye0nwoose0k/status/1849321633733066887,2,0,48,6176,,0.01966685,,True,True,True,False
173,flixyshua,2024-10-24T01:19:45.000Z,HENSEM SANGAATTTTT PLS CAMPAK SAYA KE CHICAGO SKRG,https://x.com/flixyshua/status/1849259449812455556,0,0,4,142,,-0.11696832,,False,True,False,False
174,farahxnnies,2024-10-23T04:50:34.000Z,Apala amalan orang yg rajin masak ni  i reti masak tapi at last mesti masak lauk yg simple  lagi lagi ada toddler ni kalau boleh campak campak terus siap,https://x.com/farahxnnies/status/1848950115807240440,1,1,2,261,,-0.03389737,,True,True,False,True
175,munvess,2024-10-23T03:07:02.000Z,"-rl Oktober ini kenapa deh? Awal bulan gue dicampakkan, sekarang tengah bulan malah kena campak. Gws deh gue udah sakit hatinya belum sembuh, malah sekarang sakit fisik juga",https://x.com/munvess/status/1848924062321606839,19,5,8,4227,,-0.08682498,campak_as_discard,True,True,False,True
176,markonahajis,2024-10-22T05:39:14.000Z,*campak tulang,https://x.com/markonahajis/status/1848599978329223617,1,0,2,230,,0.06531221,,True,True,True,False
177,bwelanja,2024-10-22T01:53:10.000Z,"minggu lalu aku demam, udah sembuh sekarang malah muncul bercak merah campak kayanya",https://x.com/bwelanja/status/1848543084046696557,2,0,7,3060,,0.13017368,,True,True,True,False
178,HeyFitzz,2024-10-22T01:42:44.000Z,Selamat pagi kakak. Selamat memilih strawberi2 segar bugar. Yang kepam2 busuk tu campak dalam loji kumbahan hendaknya,https://x.com/HeyFitzz/status/1848540460513697973,0,0,3,153,,-0.019654185,campak_as_throw,True,True,False,True
179,CenPolo,2024-10-20T11:11:32.000Z,Angka 15 & 85 ni akan jadi another try & error kerajaan? Campak dulu. Lepas tu give justification kemudian. Itu pun kalau jumpa good explanation.,https://x.com/CenPolo/status/1847958826613375090,0,2,4,1192,,-0.14963827,,True,True,False,True
180,ShoibZahari,2024-10-20T07:18:23.000Z,"Lepas ni boleh campak la B40, M40 & T20 dah la kan?",https://x.com/ShoibZahari/status/1847900152071409753,1,1,3,266,,-0.106528684,,False,True,False,False
181,CampakaPwk,2024-10-20T06:08:13.000Z,"Bhabinkamtibmas Desa Campak, Kecamatan Campaka, Kabupaten Purwakarta, Aiptu Bambang Karyono, melakukan kunjungan ke warga desa binaannya dalam rangka cooling system menjelang Pilkada Serentak 2024.",https://x.com/CampakaPwk/status/1847882493288206721,0,0,2,20,,0.17508823,,True,True,True,False
182,iamhaziq_y,2024-10-20T04:42:30.000Z,First attempt masak nasi lemak sambal sotong kembang. Perghhh sedap mat sambal aku walaupun resipi campak campak ikut tiktok,https://x.com/iamhaziq_y/status/1847860921928208667,0,0,2,136,,-0.010354996,,True,True,True,False
183,Tulkiyjemm,2024-10-19T00:30:08.000Z,Dulu waktu bayi di imunisasi campak g kelen??   Takutnya yg masih pada jomblo dulunya g diimunisasi in campak sama nyak babeh.  Akibatnya sekarang jomblo terus.. Karna dicampakkan!  Sakno sakno..     Sarapan yank biar g matek!,https://x.com/Tulkiyjemm/status/1847435025706602677,4,0,14,550,,0.0525434,campak_as_discard,True,True,False,True
184,surayaror,2024-10-18T05:02:10.000Z,Masa campak simple masa prep penuh kaunter space haha,https://x.com/surayaror/status/1847141095794528508,1,0,5,1026,,-0.064532205,,True,True,False,True
185,arinprimasari,2024-10-17T11:36:37.000Z,"Monmaap, mau imunisasi campak bang? Jangan nangis ya. Kayak digigit semut",https://x.com/arinprimasari/status/1846877977260564520,3,1,13,668,,0.020341128,,True,True,True,False
186,andznz,2024-10-29T10:14:03.000Z,"jujur iya, di lapangan spt itu realitanya. aku punya adik smp kelas 8 skrg, dulu waktu adikku sd mamaku cerita, kl banyak wali murid yg anti vaksin gt lah singkatnya. padahal program dari sekolah udh gratis ya",https://x.com/andznz/status/1851205851195064493,0,3,3,398,,0.043291718,,True,True,True,False
187,MrWahyuPrasetya,2024-10-29T09:10:49.000Z,"tapi kalau ortu anak yg di sekolah yg sama ma anakmu, masuk ke kelompok anti vaksin, mana mau mereka bwt vaksinasi & imunisasi, bro. Walaupun gratis, tetep mana mau.",https://x.com/MrWahyuPrasetya/status/1851189939498840071,1,0,1,1201,,0.17732778,,True,True,True,False
188,V0RFREUDE99,2024-10-29T07:58:55.000Z,Pasien gondong pun ada yang sekelas bahkan satu sekolah pada kena. Bayangin? Wkwkw kemunduran yang menyedihkan dari kondisi kesehatan nasional  Polio bahkan muncul lagi karena anti vaksin. Kalian golongan egois,https://x.com/V0RFREUDE99/status/1851171845342708055,1,0,2,27,,0.14066705,,True,False,False,True
189,MrWahyuPrasetya,2024-10-29T07:07:49.000Z,"nice info ya, berarti emang kaum anti vaksin aja ya yang ga mau mengikutkan anaknya ke program imunisasi gratis ini",https://x.com/MrWahyuPrasetya/status/1851158982934847583,1,0,3,1514,,0.18452522,,True,True,True,False
190,MediocreUnited,2024-10-29T05:02:53.000Z,"Orang bodoh anti vaksin ini emang jadi salah satu beban negara, kebodohannya ngerugiin anak dan masyarakat lain.   Sampah peradaban",https://x.com/MediocreUnited/status/1851127545233846677,1,0,9,2017,,0.11722502,,True,True,True,False
191,everynay6,2024-10-29T04:07:24.000Z,"Aku jd inget ponakan2ku (anaknya sodara), ibunya anti vaksin, anaknya ada 5  yg paling kecil masih 4thnan, anaknya gampang sakit.. udh dikasih tau sm bundaku buat vaksin tp malah ngelawan ktnya dia juga ga divaksin masih hidup smpe skrng  :(",https://x.com/everynay6/status/1851113581548618032,2,1,4,3412,,0.04600182,,True,True,True,False
192,arawhovians,2024-10-25T03:45:48.000Z,"Hey jangan salah.. mitos vaksin penyebab autis itu asalnya dari publikasi penelitian dokter lho. Meskipun udah ditarik, para anti vaksin kadang masih berpacu dari artikel tsb.",https://x.com/arawhovians/status/1849658596013097427,1,1,52,3940,,0.04618922,,True,True,True,False
193,Lightcross,2024-10-22T11:35:12.000Z,"Wah hebat bisa nemu videonya. Padahal buanyak bgt. Salah satu endorser copet. Skrg sok sok an anti vaksin spy keren kayak Trump, De Santis, RFK",https://x.com/Lightcross/status/1848689559477096699,2,0,2,46,,-0.016508803,,True,True,True,False
194,m4s4g03s,2024-10-22T01:54:54.000Z,"Anti vaksin anti steril, begitu udah banyak dibuang ke pasar atau warung terdekat",https://x.com/m4s4g03s/status/1848543521999097961,0,1,57,12500,,0.003780961,,True,True,True,False
195,arli_ap,2024-10-21T12:12:01.000Z,Makanya ilmuwan harus aktif di medsos. Jutaan nyawa tidak bisa diselamatkan sewaktu pandemi #Covid_19 karena kemakan hoax anti-vaksin dan teori konspirasi,https://x.com/arli_ap/status/1848336436292096281,1,6,12,1005,,0.05052948,,True,True,True,False
196,mulyadi_327,2024-10-29T07:02:21.000Z,"Koran the Audobon Republican (feb 1918), membahas fakta & efek samping vaksin (2 halaman full)",https://x.com/mulyadi_327/status/1851157608943796624,1,0,5,158,,0.07840586,,True,True,True,False
197,daddyyuki,2024-10-28T13:24:51.000Z,salah satu efek samping vaksin corona adalah Tua mendadak (Turbo Aging) Disekitar saya juga banyak tapi tdk bisa di upload photo nya karena privasi. saya upload artis Jepang ya... dalam 2 tahun perbedaannya 10 thn....kali ya?,https://x.com/daddyyuki/status/1850891478387863688,14,59,112,8944,,0.041502863,,True,False,False,False
198,hanan052020,2024-10-28T01:41:57.000Z,Dikoreksi sedikit menjadi:  Menghindari pembahasan tentang efek samping vaksin bukanlah hal yang pro-vaksin. Itu pro-Big Pharma. Pro-Capitalism.  https://harvardpublichealth.org/policy-practice/vaccine-side-effects-are-real-we-should-talk-about-them/…,https://x.com/hanan052020/status/1850714588461064373,0,1,3,153,,0.07018608,,True,True,True,False
199,tempodotco,2024-10-22T07:17:55.000Z,"Keliru, Klaim Cacar Monyet Sama Dengan Herpes Zoster Dan Efek Samping Vaksin Covid-19 https://cekfakta.tempo.co/fakta/3182/keliru-klaim-cacar-monyet-sama-dengan-herpes-zoster-dan-efek-samping-vaksin-covid-19?utm_source=Twitter&utm_medium=dlvr.it… #TempoCekFakta #CekFakta",https://x.com/tempodotco/status/1848624812656365814,0,0,1,1238,,0.058255672,,True,False,False,False
200,mritewan,2024-10-21T03:40:05.000Z,"Gmn efek samping, vaksin aja enggak. Sy dg kesadaran penuh mau vaksin booster taunya disuruh pulang lagi karena dibilang sudah booster & punya sertifikat  bahkan se-RT jg punya sertifikat walau blm booster. Saya yakin di tempat lain byk jg yg begini, ""sukses"" secara statistik",https://x.com/mritewan/status/1848207605669433394,3,6,14,1755,,0.044353217,,True,True,True,False
201,L_minWOOharu,2024-10-30T07:28:26.000Z,"ini gambaran kasar pengeluaran bulanan RT ku..  ini di luar imunisasi anak juga, ga ada sufor karena anak anak full ASI..  plus aku gapakai skincare karena lg menyusui.. bayangin aja kalau tambah skincare",https://x.com/L_minWOOharu/status/1851526560786087980,8,1,10,1972,,0.101162165,,True,True,True,False
202,L_minWOOharu,2024-10-30T02:26:15.000Z,"nangis bgt  gaji 2jt berkelahi dengan 2 anak  untuk biaya hidup berdua aja udah pasti kurang.. ada baiknya stabil finansial dulu baru beranak  kita gatau kapan anak sakit, kapan kita sakit.. imunisasi anak, biaya sekolah, biaya makan, biaya les...",https://x.com/L_minWOOharu/status/1851450515466699004,2,0,1,640,,0.07552561,,True,True,True,False
203,la1laha1llallah,2024-10-28T12:41:27.000Z,"Berani imunisasi anak saya, jangan kemana mana tanpa memakai helm",https://x.com/la1laha1llallah/status/1850880557431050329,1,0,1,295,,0.094670236,,True,True,True,False
204,mommiesdaily,2024-10-28T02:00:11.000Z,"Yuk, segera lengkapi jadwal imunisasi anak dan balita sesuai rekomendasi IDAI di bawah ini! Intip juga daftar vaksin anak dan kisaran harga masing-masing.",https://x.com/mommiesdaily/status/1850719176383513030,0,0,0,107,,0.072015226,,True,False,False,False
205,THEGAILSRP,2024-10-27T15:25:48.000Z,͏ ͏   Selamat untuk kelahiran bayi nya !!   Berikut kartu imunisasi adek Ganendra dan adek Ceisya ya Tuan @dprchristyu dan Nyonya @seulvgif mohon di bawa saat imunisasi anak nya. Semoga sehat selalu untuk keluarga kecilnya.  ͏,https://x.com/THEGAILSRP/status/1850559531732042226,0,2,2,170,,0.104236364,,True,True,True,False
206,yegebang,2024-10-21T07:37:32.000Z,"Pernah nyari klinik utk imunisasi anak Ternyata banyak keluar akun2 aborsi dan di komennya juga nawarin aborsi Ooo jadi banyak yg nipu ya Yaudah lanjutkan menipu orang2 tolol yg bunting diluar nikah dan mau ngebunuh itu Peras mereka sehabis2nya, sehancur2nya, sekapok2nya  https://x.com/beyondfuck21/s/beyondfuck21/status/1848142287152541860…",https://x.com/yegebang/status/1848267361004216506,0,1,3,1,,0.13696185,,True,False,False,True
207,itsmerei20,2024-10-29T05:09:38.000Z,Logis. Anak SMP kemungkinan SD nya pas kena pandemi. Isu hoaks vaksin makin bertebaran dan tingkat vaksinasi anak malah menurun pas waktu itu.,https://x.com/itsmerei20/status/1851129242370916390,1,2,29,5060,,0.007666886,,True,True,True,False
208,RaIfu_0618,2024-10-30T12:06:07.000Z,kipiちゃんもお疲れ様です,https://x.com/RaIfu_0618/status/1851596440864494073,0,0,1,449,,-0.09158944,,False,False,False,False
209,George_Ambangil,2024-10-30T08:49:53.000Z,Kipi hiko ?,https://x.com/George_Ambangil/status/1851547058454323408,1,0,3,107,,-0.02385588,,True,False,False,False
210,MpellyTech1,2024-10-29T18:27:33.000Z,Bachelor degree ya civil engineering or Electrical engineering   Kipi bora,https://x.com/MpellyTech1/status/1851330044120965171,11,10,56,2876,,-0.1313228,,False,False,False,False
211,sdenta,2024-10-30T15:14:21.000Z,"Bisa didapat dari vaksinasi MMR (Measles, Mumps, Rubella). Gpp telat. https://t.co/NYKnrgrmvT",https://x.com/sdenta/status/1851643812709286172,1,1,1,999,,0.11264199,,True,True,True,False
212,abahocil,2024-11-14T14:28:24.000Z,Maafkan ini diluar perkucingan huhu. Krn akun X pribadi aku gak bisa dibuka   @KemenkesRI yang bener aja vaksin campak (MR/MMR) di Berau ini kosong udh sampe 2 bulan ? Solusinya gmn nih parah sekali loh,https://x.com/abahocil/status/1857068066821001597,0,1,3,813,,0.105454534,,True,True,True,False
213,ronramka,2024-11-13T14:55:22.000Z,"Nope. Kalau yg player campak or swap pun brand kena cover, menitik air mata nanti. Bayangkan everymatch, 10-15 players buat. The whole season dah berapa kan?",https://x.com/ronramka/status/1856712464148353420,1,0,5,4256,,-0.108951956,,True,True,False,True
214,KLHC88,2024-11-13T05:28:21.000Z,"1.  naya .  ""Dosa"" Mak bapak Anak Tanggung.  2. anak anak kalau Dah Mmg Cerdik.. campak Sekolah biasa pun dia Excellent.   Duduk umah sambil Layan Game , tgk movie, buka freezer makan Aiskrim.. Jauh lebih  Kondusif dari  hadap Makanan Berulat Ikan Berbau  krn kantin Hampeh.",https://x.com/KLHC88/status/1856569772328267873,2,16,237,19100,,8.550286e-05,,True,True,True,False
215,heinze940401,2024-11-11T09:58:47.000Z,Oncall mysia RM9 sejam kena campak all dept atas keperluan perkhidmatan RM4K sampai ninggal kontrak India PGY2 terus blh p specialist Australia $150-$200 sejam after hours on top of $120k annual salary  Tell me more my dr highest paid,https://x.com/heinze940401/status/1855913053101170796,3,12,47,3124,,-0.12519342,,False,True,False,False
216,twt_alia,2024-11-10T14:52:20.000Z,Main tembak tembak dengan haerin  Me:*tunjuk sushi atas meja* Haerin: wow sushi! *terus campak senapang*  Wahh ghisauuuu senang dirasuah,https://x.com/twt_alia/status/1855624539558007166,0,2,16,2053,,-0.08001891,,True,True,False,True
217,afiqman6,2024-11-10T11:31:37.000Z,Buru Gangster2 ne Tangkap n Campak kePenjara! Ajar2 Cukup Gangster2 UPNM ne?!Kasi Bersih Habisan Universiti ne!@anwaribrahim @DrZahidHamidi @MyTentera,https://x.com/afiqman6/status/1855574027839954969,0,5,4,972,,-0.055947483,,True,True,False,True
218,sjfi_twider,2024-11-10T06:44:51.000Z,Kena pagarkan pastu campak bom atom satu.,https://x.com/sjfi_twider/status/1855501857596280836,1,0,3,212,,-0.065417916,,False,True,False,False
219,detikHealth,2024-11-08T07:04:33.000Z,Penyakit HFMD atau yang lebih awam dengan Flu Singapura seringkali mirip dengan gejala penyakit lain seperti cacar air dan campak. Begini membedakannya.,https://x.com/detikHealth/status/1854782042669498439,0,1,4,10700,,0.18107805,,True,True,True,False
220,harimeow_,2024-11-08T02:01:40.000Z,"“Mengata dulang paku serpih, mengata orang dia yang lebih” “Ibarat meludah ke langit” “Campak baju nampak kurap”  #peribahasamelayu #SPM2024",https://x.com/harimeow_/status/1854705816676581771,1,0,7,840,,-0.010942683,campak_as_throw_object,True,True,False,True
221,AinulNunanaa,2024-11-06T13:40:13.000Z,"Masak lemak cili padi Segala jenis sambal Gulai, kari Asam pedas Masak 3 rasa Paprik Goreng campak-campai Buttermilk Masak halia Goreng cili kering bawang  Wah dah boleh bukak kedai ke camne",https://x.com/AinulNunanaa/status/1854156840336277751,0,0,4,759,,-0.04440388,,True,True,False,True
222,nopartyteam,2024-11-06T13:29:38.000Z,Ish ..jangan kata gitu ..campak dlm kolam buaya ja,https://x.com/nopartyteam/status/1854154174784762364,0,0,2,82,,-0.11405653,campak_as_throw,True,True,False,True
223,xxkopiAisxx,2024-11-06T06:26:02.000Z,Nasi goreng campak for today.. sedap gak ekh,https://x.com/xxkopiAisxx/status/1854047571104407809,0,0,9,249,,-0.06293702,,True,True,False,True
224,AlyaZhri,2024-11-03T08:16:05.000Z,"saya sangat la adore dengan dia, semua benda dia boleh buat, campak la apa2 pun mesti dia boleh bgi settle, idola ni idola",https://x.com/AlyaZhri/status/1852988104573059240,1,1,3,834,,-0.26630342,,True,True,False,True
225,hynagha,2024-11-03T07:45:07.000Z,seungjae bakpe campak racket gitu  #BDMNTNXL,https://x.com/hynagha/status/1852980310495076545,0,0,2,217,,-0.14984214,,True,True,False,True
226,meinmokhtar,2024-11-03T05:00:09.000Z,Baling campak buang,https://x.com/meinmokhtar/status/1852938793923616980,1,0,14,3755,,0.026778251,,False,True,False,False
227,tyranakdekan,2024-11-02T08:45:18.000Z,Aku nak buat apa kat gua musang sampai 5 hari mmg nak praktis jadi orang asli situ ke apa dah la takde kawan dgn briefing pun takde lagi pastu nak campak anak dara orang kat gua musang buat aktiviti kesukarelawanan,https://x.com/tyranakdekan/status/1852633070765003242,1,0,27,8273,,-0.10505937,campak_as_throw_object,True,True,False,True
228,TrooperPool95,2024-11-01T04:49:24.000Z,Klo ni north korea ko da lama misai kena bakar pastu kena campak dalam penjara.,https://x.com/TrooperPool95/status/1852211313055010901,0,0,23,3346,,-0.036329806,campak_as_throw,True,True,False,True
229,DirmanDirm97435,2024-11-12T09:45:58.000Z,"Bhabinkamtibmas Kalurahan Ringinharjo, Aipda Andri, melaksanakan kegiatan pendampingan dan monitoring terhadap pelaksanaan Bulan Imunisasi Anak Sekolah (BIAS) untuk vaksin MR dan HPV di SD Negeri Bantul 1, Selasa (12/11/2024)pagi   #Polresbantul #poldadiy #poldajogja",https://x.com/DirmanDirm97435/status/1856272214133223825,0,1,3,184,,0.14862183,,True,True,True,False
230,WeKa_Ronin,2024-11-09T22:57:25.000Z,"Sudah diduga. Trump selain pendorong crypto (bitcoin) economy juga dicukongi fossil fuels.  Trump juga anti vaksin pandemi, karena itu kan bisnisnya Bill Gates. Trump lawan bisnis Bill Gates.  Elon bakalan cuan besar nih",https://x.com/WeKa_Ronin/status/1855384226155450758,0,0,2,127,,0.012174815,,True,True,True,False
231,RiniSumaryo,2024-11-07T21:51:35.000Z,"Saya senang DT menang alasan utamanya dia tidak suka perang dan saya berharap ini akan berdampak ke Palestina, US akan menghentikan pengiriman bantuan persenjataan ke isriwil. Ditambah anti vaksin tambah OK. Bagaimanapun tetap berharap ada kebaikan, aamiin",https://x.com/RiniSumaryo/status/1854642880809419137,1,0,17,6519,,-0.028927624,,True,True,True,False
232,Denom99474051,2024-11-07T13:57:13.000Z,"Siapapn presiden USA, jelas mpertahankan Prinsip2 Amrik, trutama Kpentingn Global USA, salah 1x di jazirah Arab hingga gaza, +Asia Tenggara. Donald Trump adlah pgusaha int yg memiliki kpentingan bisnis. Soal dia pencitraan anti vaksin dan mask trhdp anak2 itu bisikan POLITIK.",https://x.com/Denom99474051/status/1854523505158844629,0,0,2,334,,0.020839691,,True,True,True,False
233,progresionalis,2024-11-03T22:17:32.000Z,Justru karena gampang cari informasi jadi ada suami goblok kemakan disinformasi dari kelompok anti vaksin.,https://x.com/progresionalis/status/1853199859832209628,0,0,7,372,,0.09384987,,True,True,True,False
234,tekarok007,2024-11-02T12:04:08.000Z,"Geng anti vaksin, bisa di tebak dari kelompok mana",https://x.com/tekarok007/status/1852683107604021434,0,0,3,432,,0.08055791,,True,True,True,False
235,praktisimarket,2024-11-01T11:58:54.000Z,"Michael Bloomberg Endorses Kamala Harris for President  Michael Bloomberg, yang dikenal sering mendukung kandidat dari kedua partai, secara terbuka mendukung Kamala Harris di pemilu presiden mendatang. Bloomberg menilai Harris lebih unggul dalam dua aspek utama: kebijakan dan",https://x.com/praktisimarket/status/1852319402357841949,0,1,3,215,,-0.008824293,,True,False,False,False
236,danielza333,2024-11-04T01:02:51.000Z,"Langsung bikin.. Terlepas dari apakah berguna utk efek samping vaksin covid 19 atau tidak , yang pasti ada manfaatnya yg lain.. Spt kunyit nya utk penyakit organ hati, sdh ada contoh dikeluarga sendiri.",https://x.com/danielza333/status/1853241464949776478,2,0,6,404,,0.08044618,,True,False,False,True
237,mulyadi_327,2024-11-02T00:32:25.000Z,"Karena duit mungkin yah? Mengingat rumah sakit sendiri ngasih tarif untuk tes PCR dan swab antigen. Entah modal awalnya berapa, tapi rumah sakit dipastikan untung besar sih.  Untuk tes PCR = bayar Kalo hasil tes positif = karantina, kalo karantina di rs = bayar lagi Kalo ngambil",https://x.com/mulyadi_327/status/1852509031564513346,1,1,6,230,,0.01659897,,True,False,False,False
238,DirmanDirm97435,2024-11-14T09:15:43.000Z,"Bhabinkamtibmas Kalurahan Ringinharjo Aipda Andri melaksanakan pendampingan dan monitoring kegiatan Bulan Imunisasi Anak Sekolah (BIAS) MR dan HPV di SD Unggulan Aisyiyah Bantul,Kamis, 14 November 2024, pukul 08.30 WIB  #Polresbantul #poldadiy #poldajogja @polresbantuldiy",https://x.com/DirmanDirm97435/status/1856989378717126937,0,2,2,100,,0.18591684,,True,False,False,True
239,bintcang,2024-11-12T11:26:04.000Z,HELP RT PLEASE?   DICARI dokter anak yang bisa bertugas / dinas untuk project imunisasi anak sekitar awal desember / januari kira kira. Yang paham imunisasi anak usia 0 - 10 tahun. atau ada yang punya kenalan ? boleh tinggalkan jejak?,https://x.com/bintcang/status/1856297406872334464,8,111,1,4256,,0.17051527,,True,True,True,False
240,0820Kodim,2024-11-11T23:47:43.000Z,"Koramil 0820/07 Wonomerto melakukan pengawalan dan pendampingan dalam pelaksanaan bulan imunisasi anak sekolah ( BIAS) DT dan TD tahun 2024 di SDN 3 Sumberkare, Kecamatan Wonomerto, Kabupaten Probolinggo.",https://x.com/0820Kodim/status/1856121660824510692,0,0,5,39,,0.17627412,,True,True,True,False
241,DirmanDirm97435,2024-11-11T09:52:45.000Z,"Bhabinkamtibmas Kalurahan Bantul Aiptu Agus Bandianto bersama Babinsa menyambangi kegiatan Bulan Imunisasi Anak Sekolah (BIAS) di SD Bantul 3, Bantul, Senin (11/11/2024).  #polresbantul #poldadiy #poldajogja",https://x.com/DirmanDirm97435/status/1855911533894889839,0,2,3,51,,0.19102475,,True,True,True,False
242,KemenkesRI,2024-11-06T13:50:03.000Z,"Lindungi anak dari ancaman penyakit berbahaya seperti difteri & tetanus dengan imunisasi lanjutan di Bulan Imunisasi Anak Sekolah (BIAS)  Segera cek jadwal imunisasi DT & Td untuk anak usia 1, 2 & 5 SD/MI/bentuk lain atau sederajat di sekolah & fasilitas kesehatan terdekat!",https://x.com/KemenkesRI/status/1854159314925269240,1,2,3,1510,,0.17918509,,True,False,False,True
243,mommiesdaily,2024-11-03T09:00:10.000Z,"Yuk, segera lengkapi jadwal imunisasi anak dan balita sesuai rekomendasi IDAI di bawah ini! Intip juga daftar vaksin anak dan kisaran harga masing-masing.",https://x.com/mommiesdaily/status/1852999199530381375,0,0,0,142,,0.072015226,,True,False,False,False
244,TXT_13EOMGYU,2024-11-01T09:11:12.000Z,inilah bunda pentingnya imunisasi anak sesuai umur dan waktunya,https://x.com/TXT_13EOMGYU/status/1852277199799488566,44,110,599,12500,,0.18218783,,True,True,True,False
245,urbecrypto,2024-12-30T16:06:46.000Z,"Paling bener ikut gerakannya @unvaxxedsprm crypto based bang wkwkwk, pada anti vaksin.  Vaxxin info side effect bertahun setelah hampir semua orang udah vaxxin, artinya?  Unvaxxed $sprm ada keunggulan di bidang kualitas generasi",https://x.com/urbecrypto/status/1873762662238335420,1,0,2,172,,-0.017396212,,True,True,True,False
246,urbecrypto,2024-12-30T16:05:03.000Z,"Paling bener ikut gerakannya @unvaxxedsprm crypto based bang wkwkwk, pada anti vaksin.  Vaxxin info side effect bertahun setelah hampir semua orang udah vaxxin, artinya?  Unvaxxed $sprm ada keunggulan di bidang kualitas generasi",https://x.com/urbecrypto/status/1873762232519258232,1,0,1,2602,,-0.017396212,,True,True,True,False
247,rickasun09,2024-12-30T05:06:49.000Z,Wkwkwk ngakak luar dalam...PKS kok anti vaksin darimana... Bahkan yg paling taat vaksin dan masker. Dimana mana menyuarakan baiknya masker n vaksin atas nama fastabikhul khoirat. Berharap dapat pahala ternyata malah menjerumuskan...,https://x.com/rickasun09/status/1873596583260061806,0,0,3,52,,-0.007240057,,True,True,True,False
248,inorii_yuzuriha,2024-12-30T04:25:49.000Z,Sejak kapan partai vekaes anti vaksin?,https://x.com/inorii_yuzuriha/status/1873586264248869054,3,0,4,353,,0.040320486,,True,True,True,False
249,wegaws91,2024-12-30T03:29:39.000Z,"Apalagi pas jaman Covid. Reputable scientists yang vokal terbagi di kubu2 yang pro dan anti vaksin, lockdown, masker, etc.",https://x.com/wegaws91/status/1873572129457016874,1,0,4,1601,,-0.05601935,,True,False,False,False
250,aphrouditea,2024-12-27T10:16:05.000Z,"Dan tingkat kemiskinan masih tinggi, banyak yg anti kb, anti vaksin, tukang judol, koruptor",https://x.com/aphrouditea/status/1872587246303629535,4,52,1388,9,,0.12002683,,True,True,True,False
251,ibjela,2024-12-27T07:16:34.000Z,"Antara kebodohan geng anti-vaksin adalah bila ada orang kena kanser dia pegi cakap ha tu la pegi lagi cucuk vaksin.  Bodoh lagi bangang.  They MAY be right, the vax MAY be the cause of cancer, but they're still a bunch of dumbfcks if that's how they carry themselves.",https://x.com/ibjela/status/1872542072563261896,4,3,16,2317,,0.006212771,,False,True,False,False
252,daddyyuki,2024-12-26T03:00:26.000Z,"data stastis penduduk Izumiotsu city yg wali kotanya anti vaksin dibanding dengan Osaka city yg wali kotanya suka vaksin. kita lihat data selisih jan, Feb,Mar, Apl 2021 terlihat minis kematian tapi Osaka plus  17 Feb 2021 mulai faksinasi berlangsung. data berbicara vax = mati",https://x.com/daddyyuki/status/1872115225727840629,4,40,65,2513,,0.05503139,,True,True,True,False
253,Mulyono84181737,2024-12-23T10:29:35.000Z,Beta   anti  vaksin......,https://x.com/Mulyono84181737/status/1871141093775192173,0,4,51,17400,,0.027221203,,True,True,True,False
254,daddyyuki,2024-12-28T04:30:38.000Z,Saya update terjemahan karena ada tambahan. cara detox atau memperbaiki kondisi tubuh dari efek samping vaksin.  semogga banyak yg tertolong.,https://x.com/daddyyuki/status/1872862698679239114,2,108,221,5377,,-0.030736834,,True,True,False,True
255,afrkml,2024-12-17T04:01:27.000Z,"Soalnya sebagian besar efek samping vaksin itu ringan, misal nyeri di tempat suntikan atau demam yg biasanya hilang dalam beberapa hari.  Efek samping serius memang ada, tapi sangat jarang terjadi based on data dan pelayanan kesehatan kita bisa manage jika itu terjadi  Karena klo",https://x.com/afrkml/status/1868869090439577687,2,2,23,14400,,0.2015531,,True,True,True,False
256,johnjoct,2024-12-22T12:37:04.000Z,"Dan saya salah satu org bodoh, 2 kali imunisasi anak saya...  Next...sudah aku stop untuk imunisasi selanjutnya...",https://x.com/johnjoct/status/1870810786073096217,0,0,5,79,,0.14162558,,True,True,True,False
257,antaranews,2024-12-19T09:11:03.000Z,Pakar kesehatan ingatkan masyarakat untuk melengkapi imunisasi anak sebagai satu upaya jaga kesehatan mereka termasuk pada masa liburan Nataru 2025.  https://m.antaranews.com/berita/4538622/pakar-kesehatan-ingatkan-warga-lengkapi-imunisasi-anak?utm_source=antaranews&utm_medium=mobile&utm_campaign=latest_category…,https://x.com/antaranews/status/1869671777213014299,0,0,1,375,,0.17378479,,True,True,True,False
258,Clackson19,2024-12-30T12:04:15.000Z,"Klo pun data itu ada & bs di akses publik, yg jelas Bantahan Kipi sdh mrk siapkan.  Simple aja .. Kasus gagal ginjal pd anak usia sekolah. Yg akhirnya sirup2 tertentu dilarang itu loh  Itu boomingnya terjd SEBELUM atau SESUDAH program vaksinasi kopit di lingkungan sekolah..?",https://x.com/Clackson19/status/1873701630543294508,1,0,1,51,,0.15623572,,True,True,True,False
259,MiraninonLita,2024-12-30T11:06:58.000Z,Ini daftar KIPI vaksin covid yg ditulis resmi di Australia. KALAU TERBUKTI  KIPI  (IF ELIGIBLE) bisa dapat kompensasi. Minimal mereka mengakui ada KIPI yg bahaya. Bukannya bersikukuh bilang tidak ada KIPI.,https://x.com/MiraninonLita/status/1873687217987817917,1,5,6,165,,0.04986748,,True,False,False,False
260,itsmuneh,2024-12-30T10:44:21.000Z,Yang kena KIPI biasanya punya ciri ciri yang bagaimana kah,https://x.com/itsmuneh/status/1873681526694801437,2,2,3,173,,0.07773158,,True,False,False,False
261,MiraninonLita,2024-12-30T08:07:58.000Z,"MYOCARDITIS adalah KIPI dari vaksin covid. Seharusnya diberitahukan/INFORMED CONSENT , bahwa walaupun jarang, Myocarditis BISA TERJADI setelah suntik vaksin covid mRNA   https://x.com/MiraninonLita/status/1867648418598007215?t=_HbtvZl4C462tWG0Bi7X7Q&s=19…",https://x.com/MiraninonLita/status/1873642171783602416,0,5,2,70,,0.079657495,,True,False,False,False
262,Maarifa_yaJamii,2024-12-30T05:54:06.000Z,Unataka kipi,https://x.com/Maarifa_yaJamii/status/1873608481045131480,1,0,2,20,,-0.055811048,,True,False,False,False
263,DPe0g,2024-12-30T03:46:32.000Z,ただいまkipiさん！,https://x.com/DPe0g/status/1873576376047141162,1,1,7,1,,-0.06932797,,False,False,False,False
264,MyHEALTHKKM,2025-01-14T21:57:45.000Z,"Bahaya Campak : Fakta & Mitos Yang Perlu Anda Tahu  Sertai TikTok Live di http://tiktok.com/@myhealthkkm pada pukul 3.00 hingga 4.00 petang esok bersama Dr. Muhammad Akmal bin Moh Nor, Pakar Perubatan Keluarga dari Klinik Kesihatan Batu 14, Hulu Langat.  #MalaysiaSihat",https://x.com/MyHEALTHKKM/status/1879286807462093031,0,0,1,755,,0.06708488,,False,True,False,False
265,amrlhsrn,2025-01-14T15:38:50.000Z,Campak jela dalam api Los Angeles budak2 ni,https://x.com/amrlhsrn/status/1879191453626450426,0,0,9,6,,-0.1599367,,True,True,False,True
266,Lenoraxx_,2025-01-14T07:01:28.000Z,Aku bukan jenis mak yang kangkang lepastu campak anak untok orang lain jage.,https://x.com/Lenoraxx_/status/1879061252389150825,0,1,3,615,,-0.021555841,campak_as_throw_object,True,True,False,True
267,TemahUluBanat,2025-01-14T04:34:26.000Z,Tapi aku serius sebenarnya. Senang nak kunci jam. Talipon boleh campak jauh-jauh. Haha.  Atau yang ini. Comel gak.,https://x.com/TemahUluBanat/status/1879024248364400921,1,0,2,99,,-0.17439409,,True,True,False,True
268,HaryAri6,2025-01-11T14:13:47.000Z,@kkpgoid ini apa ceritanya? Kalahkah sama cukong? Kalian menampar muka Pak @prabowo parahhhhh... Min @Gerindra coba min angkat itu Mentri kelautannya campak ke laut... Ga mampu sepertinya mereka. Katanya instruksi presiden tapi presiden @prabowo dilempar tai sama mereka,https://x.com/HaryAri6/status/1878082884063596545,0,7,14,1,,0.059984997,campak_as_throw,True,True,False,True
269,NurulShima_3,2025-01-11T05:01:19.000Z,"Udang Galah Masak Sos, cara saya tau:  1) Tumis 2 sudu besar bawang merah kisar sampai naik bau wangi. 2) Masukkan 4 sudu besar cili kering kisar & 2 tangkai daun kari. Biar ia masak betul, pecah minyak. 3) Masukkan 2 sudu besar sos cili & 1 sudu besar sos tiram.  4) Tuang 1/2",https://x.com/NurulShima_3/status/1877943852813984219,3,11,52,1,,-0.05725608,,True,False,False,False
270,bobereborn,2025-01-09T04:11:54.000Z,CAMPAK LAH SEUNGJAE NI DENGAN SESIAPA PUN HE WILL ALWAYS PERFORM HIS BEST,https://x.com/bobereborn/status/1877206641235350000,0,82,310,8,,-0.088188335,,False,True,False,False
271,ohitsvnna,2025-01-09T03:52:07.000Z,"kita kukus laaa pastu, paling senang sbb campak semua bahan",https://x.com/ohitsvnna/status/1877201659538870623,1,3,7,2,,-0.07224475,,True,True,False,True
272,meowjaehyuk,2025-01-08T05:34:56.000Z,"seludup camera lens pon sampai staff ime tunggu blkg aku 30 minute taknak kasi aku guna  last"" aku campak",https://x.com/meowjaehyuk/status/1876865148285055271,0,0,2,111,,-0.12673603,,True,True,False,True
273,AzfarZA,2025-01-07T16:00:23.000Z,"Masa covid I ingat orang masak maggi, main campak bahan, pastu dah habis, campak periuk apa semua, marah betul",https://x.com/AzfarZA/status/1876660161865253198,1,0,2,64,,-0.14333127,,True,True,False,True
274,namrhly,2025-01-07T06:39:02.000Z,boleh campak jauh dah nota sejarah #spm2024,https://x.com/namrhly/status/1876518891318546699,1,1,2,298,,-0.0827914,,True,True,False,True
275,Icmondrop,2025-01-06T08:24:23.000Z,"another thing humbled me is monyet uia, roommate aku lupa tutup tingkap dia attack kita sedap tengah nap dalam bilik siap rembat pizza roommate 2 lagi  campak campak oren and madu roommate 3.",https://x.com/Icmondrop/status/1876183017477308637,1,0,3,371,,-0.114261195,,False,True,False,False
276,namasayahassan,2025-01-05T07:52:27.000Z,Terpaksa drop liga Pokemon tadi anak dan isteri demam  Baby demam campak  Cornerstone for UBL leshgo,https://x.com/namasayahassan/status/1875812591186145309,2,0,4,401,,-0.02170515,,True,True,True,False
277,buliAFC,2025-01-05T06:26:39.000Z,Ini kalau paper tesis dah lama kena campak,https://x.com/buliAFC/status/1875791000247144595,0,0,0,273,,-0.07304475,,True,True,False,True
278,zahraa_zainal,2025-01-05T04:36:57.000Z,Selalunya monyet berhijrah sbb hutan habitat diorang dah dihuni manusia. So memang manusia punca utama monyet ni bertebaran. So manusia juga kena cari solusi utk kurangkan gangguan monyet.  Sama ada carikan satu port tempat campak makanan utk diorang atau takutkan dgn mercun.,https://x.com/zahraa_zainal/status/1875763394546212957,0,0,4,362,,-0.08302292,,True,True,False,True
279,kilik_panji,2025-01-05T01:05:23.000Z,"Belajar dari kasus Osama bin Laden, beliau dulu adalah alat dari negara adikuasa  setalah tidak di pakai dia di campak kan dan di buru yg akhir nya terbunuh. Kita jgn dulu bangga menjadi alat orang lain utk saling tikam sesama anak bangsa, kelak anda juga akan di campak kan",https://x.com/kilik_panji/status/1875710150105034914,0,0,1,21,,-0.052772895,,True,True,False,True
280,arhmn__,2025-01-04T14:46:41.000Z,"Brader yg dalam video ni penjual racun. Dia buat video utk promote racun yg dia jual, bukan pasal rumah dia kena kacau. Lps dia campak racun² tu, ada dia make sure semua racun² tu dh habis makan? Kalau beruk² tu bawak ice cream racun masuk rumah org lps tu budak kecik makan?",https://x.com/arhmn__/status/1875554449051283717,1,1,6,1,,-0.0838151,,True,True,False,True
281,bumilangit,2025-01-04T05:40:11.000Z,"Pagi tadi pergi pasar tani. Beli ikan cencaru sekor, suruh belah belakang. Kena RM6. Balik tu bilas, pergi belakang rumah ambik daun pisang, lumur pes ikan bakar, balut daun lepas tu campak dalam periuk ajaib, buka api perlahan. Breakfast makan ikan bakar",https://x.com/bumilangit/status/1875416917533716941,1,1,13,1,,-0.17304006,campak_as_throw,False,True,False,False
282,elpicassohombre,2025-01-04T04:47:41.000Z,"siapa yang duk kebun tahu la azab kera, monyet, babun dan seangkatan dengannya. pembiakkan beliau terlalu banyak. sekor kera boleh beranak berpuluh ekor. ada solution untuk kecilkan skala haiwan perosak ni atau ada cara alternatif lain dari campak kampung sebelah?",https://x.com/elpicassohombre/status/1875403707757769028,1,0,12,5,,-0.024801016,,True,True,True,False
283,dyoguma,2025-01-04T03:19:00.000Z,"Hm mazhab lain2 kot. Nenek nismilan duk ajar masak lemak cili api campak sume bahan dgn santan dalam periuk baru letak atas dapur then mgelegak masuk lauk, peraa, siap. Org nismilan setahunya xpakai minyak untuk masak lemak ni",https://x.com/dyoguma/status/1875381390084305320,7,9,154,17,,-0.06543155,,True,True,False,True
284,bumilangit,2025-01-04T02:11:50.000Z,Jangan campak admin bawah bas.,https://x.com/bumilangit/status/1875364484174508470,2,2,11,1,,-0.20663108,,True,True,False,True
285,AqimNizar,2025-01-03T15:17:31.000Z,Kne campak bawah bas sewa,https://x.com/AqimNizar/status/1875199820387979587,3,2,6,24,,-0.20533256,,False,True,False,False
286,sherinuull,2025-01-03T04:58:04.000Z,"2024 teraneh lagi,   masa setelah stase anak aku masuk neuro tbtb kena campak? lebih tepatnya kena virus lah tapi bentuk bentolnya kek campak (susp ketularan adek” di igd)  jadi hampir seminggu aku jaga jarak dan ketat maskeran. ttp jaga malam walau badan myalgia semua",https://x.com/sherinuull/status/1875043931836281235,3,0,9,747,,0.059357703,,True,True,True,False
287,pembasmidhemit,2025-01-11T16:06:58.000Z,"ini yg klo ngaji salah satu isinya anti vaksin. katanya itu proyek dajjal, naro chip di manusia. hahaha... bego! https://x.com/PaijoKhentirr//PaijoKhentirr/status/1878053901381046334…",https://x.com/pembasmidhemit/status/1878111369025007718,0,0,1,99,,0.023319408,,True,True,True,False
288,MiraninonLita,2025-01-09T06:40:08.000Z,"Anti vaksin PEDULI pada korban vaksin. Banyak Dokter menyembuhkan dgn EARLY TREATMENT, tapi dilarang WHO, krn jika pasien BISA DISEMBUHKAN DENGAN BANYAK CARA DAN TANPA VAKSIN,maka mandatory vaksin akan gagal. Dokter2 yg menolak vaksin covid, izin prakteknya dicabut @myletrinh123",https://x.com/MiraninonLita/status/1877243943978463610,3,4,8,580,,0.16973117,,True,False,False,True
289,fakhrulroziii,2025-01-08T06:58:58.000Z,"Itu akun saya cek ternyata anti-vaksin, makanya komennya gitu.",https://x.com/fakhrulroziii/status/1876886294275432694,1,0,1,537,,-0.03534335,,True,True,False,True
290,txtorangjualan,2025-01-07T15:07:38.000Z,"Kayaknya modelan gini satu aliran sama yang  ga ngebolehin cesar, ga boleh kb, anti vaksin, anaknya dr bayik dikasih madu Soalnya tante punya 5 anak gini juga",https://x.com/txtorangjualan/status/1876646887086010382,1,0,31,12,,0.055856213,,True,True,True,False
291,inorii_yuzuriha,2025-01-01T07:55:39.000Z,"Yg saya kritisi dari kebanyakan anti vaksin adalah suka seenaknya memvonis org ga ada kesembuhan  dan semakin menebar ketakutan, padahal plandemit sebenarnya adalah plandemit spritual yaitu dogma ketakutan. Ga ada bedanya mental dgn pemuja vaksin",https://x.com/inorii_yuzuriha/status/1874363846129049749,0,2,9,168,,0.141671,,True,True,True,False
292,S_petualang_pi,2025-01-12T05:25:07.000Z,Founder FB pun dipaksa untuk mentakedown informasi tentang efek samping vaksin,https://x.com/S_petualang_pi/status/1878312230288298111,1,9,28,1,,0.08477196,,True,True,True,False
293,mulkanjabariyan,2025-01-11T07:21:52.000Z,"Kita dr sblm masa vaksin sdh sring mengingatkan ttg efek samping vaksin dn bhayanya, tp selalu dibilang pnyebar hoax",https://x.com/mulkanjabariyan/status/1877979223677374830,1,0,2,202,,0.10918298,,True,True,True,False
294,pureblood_4ever,2025-01-11T00:56:43.000Z,Mark Zuckerberg (pemilik Meta) mengaku dipaksa hapus pembicaraan tentang efek samping vaksin,https://x.com/pureblood_4ever/status/1877882297774710940,9,198,319,20,,0.0045557916,,True,True,True,False
295,ArgubiSaki8524,2025-01-07T13:59:01.000Z,Efek samping vaksin impor ternyata mengerikan y dok.dzolim mereka semua yg sama aja beri racun pd rakyatnya,https://x.com/ArgubiSaki8524/status/1876629615307010479,1,0,9,1,,0.06485459,,True,True,True,False
296,ThatSun510,2025-01-09T00:06:27.000Z,"Kenapa Narasi speak kasus Gagal Ginjal Akut Progresif Atipikal tapi DIAM dgn KIPI vaksin covid dan imunisasi anak?  Cari tahu, #Jadipaham realita seperti hastag mereka. Jadinya, PAHAM MEREKA TIDAK SUARAKAN KEBENARAN!  Gak heran, Narasi dinvest JP Morgan",https://x.com/ThatSun510/status/1877144869929431155,1,2,2,171,,0.052979782,,True,False,False,False
297,sweetbby_el,2025-01-05T05:00:07.000Z,"Baru sadar posyandu siapa, dari tadi mikir masa ka jan debat sama ibu² mau imunisasi anak",https://x.com/sweetbby_el/status/1875769224448373101,1,0,0,76,,0.122506976,,True,True,True,False
298,puputrizahra,2025-01-01T08:01:39.000Z,"Jadi inget kmaren dikasih resep domperidon buat satu bulan sama DSA pas lg imunisasi anak. Pas kontrol ke obgyn, obgynnya blg 3hari aja cukup. Duit melayang :))) Cukup sekali aja ke dokter itu.",https://x.com/puputrizahra/status/1874365354325270823,1,0,5,2,,0.042446405,,True,True,True,False
299,blue_berets7,2025-01-11T16:28:26.000Z,"Padahal kandungan yg sama (PEG) ada di dalam vaksin covid dan vaksin anak anak lainnya  Belum lagi kandungan Thimerosal (turunan merkuri) yg ada dalam vaksinasi anak anak juga kandungan kandungan berbahaya yg lainnya seperti aluminium, formalin, Virus dll",https://x.com/blue_berets7/status/1878116772714553804,0,2,1,218,,0.09963536,,True,False,False,True
300,IsayaMwaki68729,2025-01-14T16:17:24.000Z,kipi bora sasa ????,https://x.com/IsayaMwaki68729/status/1879201156372861190,1,0,14,10,,0.0056026652,,False,False,False,False
301,ejdecency,2025-01-14T09:31:42.000Z,Chama chenu kipi?tunaenda na FAM hadi tuing'oe CCM,https://x.com/ejdecency/status/1879099058691932253,0,1,6,332,,-0.17367317,,False,False,False,False
302,ngwekoo,2025-01-14T07:59:17.000Z,Kama kipi,https://x.com/ngwekoo/status/1879075800462569740,1,0,2,119,,-0.089331545,,True,False,False,False
303,wuvjsjwo0,2025-01-30T12:53:03.000Z,the real campak dalam hutan pun boleh tidur,https://x.com/wuvjsjwo0/status/1884947938641899675,3,0,11,288,,0.023213983,campak_as_throw,True,True,False,True
304,fayyadhjaafar,2025-01-30T10:07:17.000Z,"Goreng daging cincang, campak satu sudu sos tiram, sos ikan, kicap, gula, daun basil, cili padi potong.  Tuang daging tepi nasi. Top nasi ngan teloq goreng mata.  Enjoy.",https://x.com/fayyadhjaafar/status/1884906221020619174,1,2,3,472,,-0.094858214,,False,True,False,False
305,mstaronline,2025-01-29T06:24:27.000Z,"Lepas ‘scan’ terus campak! Suami isteri hilang sabar hadap juruwang ‘moody’, sempat bagi ‘sepatah dua kata’ sebelum beredar  #mstar250129",https://x.com/mstaronline/status/1884487754664534382,0,0,1,263,,0.0052444935,,True,True,True,False
306,detikTravel,2025-01-29T01:55:57.000Z,Pelancong ke Sydney Diimbau Waspadai Penularan Campak https://travel.detik.com/travel-news/d-7753789/pelancong-ke-sydney-diimbau-waspadai-penularan-campak??utm_campaign=detikcomsocmed&utm_medium=oa&utm_source=twitter&utm_content=detiktravel…,https://x.com/detikTravel/status/1884420184972378585,0,0,0,174,,0.12056829,,True,True,True,False
307,KartunisGandum,2025-01-28T06:51:56.000Z,hahahaha campak admin bawah bas...Admin yang salah..hahaha,https://x.com/KartunisGandum/status/1884132281675370521,8,17,42,2,,-0.20544022,,True,True,False,True
308,firdausdahlanm1,2025-01-28T02:26:53.000Z,"Top 10 Lagu Terbaik 2024  1. Diam, Hael 2. Jangan Biar, Ramayan 3. All For Nothing/The Abyss, LUST 4. Campak Bintang, FT x Dato. M Nasir 5. Mungkin Ke, Dayang 6. Kamu, Aina Abdul 7. Aku Ingin, Tuju 8. Rahsia Tuhan, Noh Salleh 9. My Home is In Your Arms, Daiyan 10. Menyala, Stacy",https://x.com/firdausdahlanm1/status/1884065582481563944,3,15,23,2,,-0.079998,,True,True,False,True
309,griffinarks,2025-01-27T03:26:01.000Z,beda campak hei,https://x.com/griffinarks/status/1883718074790224325,0,0,0,24,,-0.053606972,,False,True,False,False
310,mstaronline,2025-01-27T02:52:20.000Z,"Bertengkar dengan kakak, wanita campak bayi sendiri dari tingkat atas rumah  #mstar250127  https://mstar.com.my/global/dunia/2025/01/27/bertengkar-dengan-kakak-wanita-campak-bayi-sendiri-dari-tingkat-atas-rumah…",https://x.com/mstaronline/status/1883709599171375533,0,0,1,208,,0.05847287,campak_as_throw_object,True,True,False,True
311,Astro_Gempak,2025-01-26T14:55:13.000Z,"#GempakLive: Campak lah lagu apa pun dekat @liza_aziz_official , semua beliau boleh makan!   #GegarVaganza2024  Astro Ria, Astro GO & Sooka  Ahad 9 Malam  Undi Bintang CUCKOO Paling Gempak di aplikasi X. Post #GV11XCUCKOO & #GV11<Nama Peserta> di aplikasi X",https://x.com/Astro_Gempak/status/1883529130182169022,2,1,4,864,,-0.1135245,,True,True,False,True
312,DrKhairulAnwar,2025-01-26T13:20:40.000Z,"Seronok campak tahi, cuci tangan, pastu salahkan orang lain.",https://x.com/DrKhairulAnwar/status/1883505334762996093,1,0,2,1,,-0.16668434,,True,True,False,True
313,TemahUluBanat,2025-01-26T06:58:38.000Z,Dia duk lempar handphone ke dinding. Kuat juga bunyinya. Akupun pelik talipon siapa dia campak sebab mereka bukan ada phone.  Rupa-rupanya sedang menguji ketahanan NAZA tu tadi.,https://x.com/TemahUluBanat/status/1883409193656590634,1,0,7,147,,-0.1411032,,True,True,False,True
314,iamjoelee,2025-01-25T10:18:49.000Z,Takpelah.  Cam gitu pun main campak je duit berjuta Ringgit  walaupun main setakat level pakcik2 petang2.,https://x.com/iamjoelee/status/1883097181730771233,0,1,1,198,,-0.18012232,campak_as_throw,True,True,False,True
315,ywdzaa,2025-01-25T09:32:14.000Z,"padahal waktu kecil udah disunyik campak, tapi pas udah besar mazih dicampakan",https://x.com/ywdzaa/status/1883085461419426254,71,0,43,441,,-0.0071097314,,True,True,True,False
316,amirshahmiii_,2025-01-25T08:59:33.000Z,Campak campak dlm bakul nohhh kena beratus,https://x.com/amirshahmiii_/status/1883077234103320618,0,0,2,123,,0.059248507,campak_as_throw,False,True,False,False
317,eykalshirazi,2025-01-25T06:43:08.000Z,pantang nampak dahi licin pakai serban terus anggap orang tu bidadara syurga yang jatuh dari langit… agaknya kalau campak hanjing pakai serban pun di jilat nya jugak geng walaun ni..,https://x.com/eykalshirazi/status/1883042907017654517,0,1,3,2,,-0.12853996,,True,True,False,True
318,notcandylemons,2025-01-25T03:20:59.000Z,Smokey skrng dah suka campak ii barang niii tanda protes ke ni hahahah,https://x.com/notcandylemons/status/1882992032567922870,0,0,3,15,,-0.023686498,,True,True,True,False
319,abcDee____,2025-01-24T16:54:25.000Z,Esok kerja. Belum pack barang. Harap esok sempat after work campak campak terus keluar rumah.,https://x.com/abcDee____/status/1882834353375555874,1,0,6,1,,-0.051517487,,True,True,False,True
320,walapil,2025-01-24T14:14:45.000Z,allegation bulu dada boleh campak jauh,https://x.com/walapil/status/1882794171205079544,0,0,4,269,,0.0029536784,,True,True,True,False
321,dirty_kukie,2025-01-24T06:43:03.000Z,Patut campak owner account dari KLCC..,https://x.com/dirty_kukie/status/1882680496574091688,0,0,1,29,,-0.0888762,,True,True,False,True
322,kiewspac3,2025-01-23T17:12:40.000Z,Celebrate habis kuarantin campak (?),https://x.com/kiewspac3/status/1882476555336904858,0,0,2,143,,0.06532779,,True,True,True,False
323,MrLee6541,2025-01-22T02:25:08.000Z,Wayanggg. Sendiri campak cat. Ini cat cat merah selalu geng ah long yg buat. Hahaha,https://x.com/MrLee6541/status/1881890814286250049,0,0,2,24,,-0.11163794,,True,True,False,True
324,tolakrasuah,2025-01-21T11:00:10.000Z,"Benih baik, campak ke laut jadi pulau. Betullah pepatah melayu",https://x.com/tolakrasuah/status/1881658036349243783,0,0,1,45,,0.0816375,campak_as_throw,True,True,False,True
325,nas_nobody,2025-01-20T13:02:43.000Z,Campak aja dlm laut,https://x.com/nas_nobody/status/1881326489620324539,0,0,0,16,,-0.08200687,,False,True,False,False
326,anajohar,2025-01-20T03:30:54.000Z,"Oh wow! Macam ni pemikiran pun ada ye. Kak, terajang di kepala, campak mee pedas di mata, all okay for you sebagai pengajaran kehidupan? Esok kalau anak akak kena begini, jangan pusing cakap lain pula.",https://x.com/anajohar/status/1881182587164762549,0,0,2,37,,0.03445208,,True,True,True,False
327,djk0vk,2025-01-19T05:28:50.000Z,Ini campak atau apa ya…,https://x.com/djk0vk/status/1880849881394516223,6,0,0,22500,,0.125391,,True,True,True,False
328,daboella,2025-01-18T09:42:16.000Z,"""gaji pun bayar pakai cheque""   whatever dude, kalau dah gaji minimum pun $15, dia campak atas lantai pun aq gembira",https://x.com/daboella/status/1880551271712817473,0,0,3,974,,-0.16441163,campak_as_throw,True,True,False,True
329,BloombergTZ,2025-02-17T03:35:24.000Z,"Kasus Campak Menyebar Pesat di AS, Pasien Terbanyak Anak-anak",https://x.com/BloombergTZ/status/1891330580249276910,0,0,1,69,,0.36092022,,True,True,True,False
330,DillSnelling,2025-03-13T22:04:33.000Z,Campak idiot ni dulu baru sembang,https://x.com/DillSnelling/status/1900307015731470443,0,0,11,1250,,-0.06445888,,True,True,False,True
331,ikramazlan,2025-03-13T17:55:46.000Z,Campak sini.,https://x.com/ikramazlan/status/1900244409696067911,0,0,3,67,,-0.12696646,,True,True,False,True
332,alimzazaz,2025-03-13T12:28:33.000Z,"Dan pengajaran buat warga netizen, jangan campak minyak ke api. Jangan laga2kan mereka. Bagi ruang mereka bertaubat.  Sementara kita ingatkan sesama kita bahawa kerana pergaulan bebas, mabuk relationship tergadai maruah dan harga diri.",https://x.com/alimzazaz/status/1900162062418141556,0,0,2,149,,-0.02879925,,True,True,True,False
333,mstaronline,2025-03-13T10:47:49.000Z,"Angkara cemburu, lelaki campak teman wanita dari kondo sebelum terjun  #mstar250313",https://x.com/mstaronline/status/1900136709784035724,0,0,0,276,,-0.050471663,,True,True,False,True
334,tiwikerama,2025-03-12T23:29:08.000Z,Sebagaimana kita boleh tumbangkan Kerajaan BN yg bertapak berpuluh2 tahun. Apalah sangat Kerajaan setahun jagung ini. Let's do it again next election. We don't condone corrupt leaders. Let's campak Pakatan Haprak.,https://x.com/tiwikerama/status/1899965916240322699,121,114,458,36700,,-0.03205511,,True,True,False,True
335,AqimNizar,2025-03-12T12:28:37.000Z,Mael mmg kne campak bawah bas ni,https://x.com/AqimNizar/status/1899799692554457484,1,1,6,92,,-0.13418852,,False,True,False,False
336,adobubble,2025-03-12T10:08:15.000Z,"Campak ke org, jadi husband  Eh",https://x.com/adobubble/status/1899764367937482975,5,0,18,820,,-0.059958935,campak_as_throw,False,True,False,False
337,voaindonesia,2025-03-12T10:00:16.000Z,"Wabah campak di wilayah Texas barat dan New Mexico kini mencapai lebih dari 250 kasus, dan dua orang yang tidak divaksinasi telah meninggal karena gejala-gejala terkait campak.",https://x.com/voaindonesia/status/1899762355883622742,0,0,0,295,,0.36333492,,True,True,True,False
338,WadieAzman,2025-03-12T08:42:13.000Z,"Perap dgn gohujang, bawang putih, perasa sikit. Lepas tu campak dlm air fryer. Gerenti surrr...",https://x.com/WadieAzman/status/1899742713475703259,1,0,2,27,,-0.0727981,campak_as_throw,True,True,False,True
339,zee_yusoff,2025-03-12T01:07:17.000Z,Typical Walaun. Mesti kena campak ke Borneo. Lepas tu buat perangai sini. Dupang,https://x.com/zee_yusoff/status/1899628228492599307,0,1,54,12500,,-0.0671823,campak_as_throw,True,True,False,True
340,mstaronline,2025-03-11T23:34:31.000Z,"Wendy Williams campak nota melalui tingkap, lambai tangan minta bantuan",https://x.com/mstaronline/status/1899604882044420463,0,0,0,207,,-0.04355842,,True,True,False,True
341,pinggu_pinggu,2025-03-11T16:45:49.000Z,Sbb tu la Gyu campak dia kena handle masalah Yon dgn Yeol tu,https://x.com/pinggu_pinggu/status/1899502031351775385,1,0,3,74,,-0.06541327,,False,True,False,False
342,daddydon65,2025-03-11T07:57:59.000Z,Mana geng pengiring serta bodyguard PENGERUSI persatuan peniaga dan penjaja Wilayah Persekutuan tu? Orang penting tu. Kalian selama ni dah makan sedap sekarang campak tua kutuk ni bawah bas? Keputusan terbaik. Nanti boleh jumpa dia yang lusuh bawa tin milo depan masjid India.,https://x.com/daddydon65/status/1899369194589979027,0,3,54,8036,,-0.10644883,,True,True,False,True
343,catchmeupco,2025-03-11T07:07:35.000Z,"Udah dibilangin, vaksin itu penting! Tapi ternyata banyak yang tetap nolak. Sekarang campak merajalela lagi di US.",https://x.com/catchmeupco/status/1899356510393979036,1,8,13,3400,,0.18755952,,True,True,True,False
344,AnuarF2,2025-03-10T23:34:27.000Z,"SOKONG !!   bak kata pepatah .. benih2 baik nie campak ke laut jadi pulau, campak ke darat jadi gunung !!  TQ YB RR !!",https://x.com/AnuarF2/status/1899242476139163698,0,0,5,1962,,-0.018531203,campak_as_throw,True,True,False,True
345,jimmyyummybear,2025-03-10T09:12:02.000Z,Harini masak kuey tiaw goreng campak campak!,https://x.com/jimmyyummybear/status/1899025443325419933,0,0,3,336,,0.03989005,,False,True,False,False
346,NoorNazrie,2025-03-10T05:18:55.000Z,"Setelah kalian ambil suara nya kalian campak kan,",https://x.com/NoorNazrie/status/1898966775494267140,0,0,18,1417,,-0.09331143,,True,True,False,True
347,hanan052020,2025-03-10T00:38:13.000Z,"yg harus jadi pertanyaan sebenarnya adalah seberapa banyak kasus kematian benar2 tereduksi (ie. kemanjuran) oleh vaksinasi campak, dimana death rate nya sudah sangat rendah pada saat pertama kali diberikan ke publik",https://x.com/hanan052020/status/1898896139010908319,0,0,4,53,,0.23811597,,True,True,True,False
348,hanan052020,2025-03-10T00:34:07.000Z,"grafik kedua itu bisa misleading.. karena dalam membanding antara campak Vs. Vax campak harus melalui randomized control.  Knp misleading, karena bisa diberikan argumentasi kematian campak rendah krn tingkat vaksinasi tinggi.. maka hanya bisa dijawab melalui randomized control",https://x.com/hanan052020/status/1898895105446289694,3,0,4,182,,0.21213445,,True,True,True,False
349,ThatSun510,2025-03-10T00:29:40.000Z,"Apapun propagandanya, jadilah masyarakat dunia yg melek kebenaran. Kematian karena campak jauh lebih kecil daripada karena vaksin campak.  Data nyata!!! Case closed, STOP Vaksin!   @StopPlandemit @MiraninonLita",https://x.com/ThatSun510/status/1898893983700684838,3,36,45,2305,,0.17394596,,True,True,True,False
350,batampridee,2025-03-09T14:09:14.000Z,"Eh lu gua lihat lihat sok baik banget sm anak gua kampret, campak laot aja sono",https://x.com/batampridee/status/1898737848020603323,0,1,1,608,,0.01307416,,True,True,True,False
351,twittisz,2025-03-09T11:40:49.000Z,Siap dong... Aku kan udah imunisasi lengkap. Minggu lalu aku baru imunisasi campak biar kamu gak mencampakkan aku,https://x.com/twittisz/status/1898700497802125517,1,0,3,65,,0.15096167,,True,True,True,False
352,CNNIndonesia,2025-03-09T08:26:31.000Z,Kasus Meninggal Akibat Wabah Campak di AS Bertambah,https://x.com/CNNIndonesia/status/1898651602313224400,0,0,2,2189,,0.31365052,,True,True,True,False
353,voaindonesia,2025-03-08T18:11:13.000Z,"Wabah campak di barat daya Amerika Serikat menewaskan dua orang dan menginfeksi lebih dari 200 lainnya, mendorong badan kesehatan di negara itu mengeluarkan peringatan perjalanan.",https://x.com/voaindonesia/status/1898436356885647464,0,0,0,444,,0.2683111,,True,True,True,False
354,ooranium,2025-03-08T12:19:02.000Z,selamat hari perempuan <3 yg bukan perempuan campak laut aja,https://x.com/ooranium/status/1898347728440090655,0,1,2,128,,-0.03442532,,True,True,False,True
355,snowAbjkMRstY,2025-03-08T10:57:37.000Z,Ayam goreng kunyit Sambal penyet Kepah (masak campak²) Kari telur Selamat berbuka everyone!,https://x.com/snowAbjkMRstY/status/1898327237063053406,0,0,15,282,,-0.11007681,,True,False,False,False
356,hppydprss,2025-03-08T07:43:41.000Z,Si bangsat ni elok mati lepastu campak dalam neraka terus,https://x.com/hppydprss/status/1898278433190559907,0,0,2,654,,-0.14623764,campak_as_throw,True,True,False,True
357,kenapagarang,2025-03-08T04:31:55.000Z,Jangan lupa melayu kurma campak molotov dan cubaan membakar kedai.,https://x.com/kenapagarang/status/1898230172937339291,0,0,2,25,,0.03249991,,True,True,True,False
358,hmetromy,2025-03-08T02:25:57.000Z,#Washington Wabak campak yang menular di barat daya AS mengorbankan dua mangsa dan menjangkiti lebih 200 sehingga agensi kesihatan terpaksa mengeluarkan amaran perjalanan.,https://x.com/hmetromy/status/1898198473150976263,0,0,3,749,,0.04937941,,False,True,False,False
359,sicfallacy,2025-03-07T08:09:59.000Z,Campak batu kena kepala datuk lepas tu kena kepala datuk something something.,https://x.com/sicfallacy/status/1897922663882145973,1,9,11,1,,-0.09683048,,True,True,False,True
360,ayam_jihad,2025-03-06T15:16:55.000Z,"Today gonna cook ayam gepuk and ketayap!  Stress gue dengan thesis ni. Campak masuk kuali kan mudah, kalau boleh.",https://x.com/ayam_jihad/status/1897667716611223949,1,0,1,86,,-0.07523559,,True,True,False,True
361,najjihuh,2025-03-05T12:01:28.000Z,My first nasi goreng campak-campak Sedap sangattt Alhamdulillah. Ayam bakar kicap madu pun paduuu. Makan ngan timun cikitt.  Suami puji melambungg hehe malu,https://x.com/najjihuh/status/1897256143984189476,4,1,12,1026,,-0.031604856,,True,True,False,True
362,beritartm,2025-03-03T03:24:49.000Z,"Kennedy, who was recently sworn in as Health Secretary, has previously often made misleading claims regarding the safety of the measles, mumps, and rubella (MMR) vaccine. https://berita.rtm.gov.my/dunia/senarai-berita-dunia/senarai-artikel/robert-f-kennedy-jr-sokong-penggunaan-vaksin-campak…  'Yang sahih di Berita RTM' #RTM #BeritaRTM #MalaysiaMadani #TaatSetia",https://x.com/beritartm/status/1896401348117299611,0,0,0,189,,-0.014790654,,False,True,False,False
363,thisisnyanfams,2025-03-10T21:33:08.000Z,"Di sini banyak bgt yg anti-steril, anti-vet, anti-vaksin.  Giliran beranak terus yaa gitu, dibuangin",https://x.com/thisisnyanfams/status/1899211945309511855,1,1,20,1748,,0.06569868,,True,True,True,False
364,EastMister0822,2025-03-07T03:17:48.000Z,"yang lawaknya dia pun anti vaksin, bukan mufti wajibkan ke? kato taqlid",https://x.com/EastMister0822/status/1897849132779553169,1,0,2,210,,-0.02228722,,True,True,True,False
365,TunggalWar51509,2025-03-03T22:57:52.000Z,"Carolina selatan ada senatornya, si lindsey graham. Dia ne sdh bau tanah tpi zionis sejati dan anti vaksin. Dia juga bilang ""habisi saja  orang Palestine dengan bom nuklir, masalah selesai""",https://x.com/TunggalWar51509/status/1896696554842653145,0,3,8,443,,0.0009251833,,True,True,True,False
366,dr_koko28,2025-03-02T12:05:33.000Z,Puasa-puasa begini di-tag info sesat sama akun2 anti vaksin. Auto block. Maaf saya sedang berpuasa   Kalau anda mau ambil kesimpulan sendiri silakan. Tapi jangan ngajak-ngajak orang lain yang ujungnya bakal bikin mereka potensial untuk lebih rentan sakit.  Mana ngejek pula.,https://x.com/dr_koko28/status/1896170005127172147,2,1,17,1390,,-0.013729066,,True,True,True,False
367,RAKemal,2025-03-01T23:58:27.000Z,Tbh argumen serupa ga bisa dipake kalau konteks anti-vaksin ga sihhhhh  Teringat wabah measles di Amrik.,https://x.com/RAKemal/status/1895987024995528931,2,2,11,6880,,0.17719108,,True,True,True,False
368,HeyIndonesian,2025-03-01T12:14:19.000Z,Gak ada bedanya sama kaum anti-vaksin.,https://x.com/HeyIndonesian/status/1895809825843621921,1,15,128,3738,,0.07374948,,True,True,True,False
369,detikHealth,2025-03-03T12:31:22.000Z,"AS Dihantui Wabah Campak, Vaksinasi Rendah Jadi Biang Keroknya",https://x.com/detikHealth/status/1896538890384941438,0,0,0,350,,0.22149828,,True,True,True,False
370,detikcom,2025-03-02T08:20:00.000Z,"Wabah campak kembali muncul di West Texas, menginfeksi 120 anak dan satu kematian. Skeptisisme vaksin jadi penyebab meningkatnya kasus.",https://x.com/detikcom/status/1896113245993525557,0,0,4,3692,,0.2753419,,True,True,True,False
371,detikHealth,2025-03-02T04:05:40.000Z,"Wabah Campak Menggila di AS, Respons Menkes Kennedy yang 'Antivaksin' Disorot https://health.detik.com/berita-detikhealth/d-7802536/wabah-campak-menggila-di-as-respons-menkes-kennedy-yang-antivaksin-disorot?utm_source=twitter&utm_medium=oa&utm_content=detikhealth&utm_campaign=detikcomsocmed…",https://x.com/detikHealth/status/1896049241535234307,0,0,0,356,,0.17530152,,True,True,True,False
372,BBCIndonesia,2025-03-04T04:32:12.000Z,"Lonjakan kasus campak di Asia Tenggara telah membawa penyakit menular ini masuk ke Australia, yang bertetangga dengan Indonesia, dan memicu peningkatan kasus di sana. Apa itu campak dan bagaimana cara paling efektif untuk menanganinya?",https://x.com/BBCIndonesia/status/1896780693457518945,0,2,3,1733,,0.3282645,,True,True,True,False
373,22KK_krish,2025-03-30T17:34:35.000Z,"Bila kena batang hidung sendiri, terus campak rule of law ke dalam tong sampah.",https://x.com/22KK_krish/status/1906399671058358512,2,16,67,1811,,-0.18256475,,True,True,False,True
374,bharianmy,2025-03-29T08:55:01.000Z,"444 kes campak direkodkan di Texas, New Mexico - Jabatan Kesihatan Negeri  #BHdunia Kebanyakan kes di New Mexico dilaporkan di Lea County.",https://x.com/bharianmy/status/1905906528475050091,0,0,1,874,,0.16010201,,False,True,False,False
375,MalaysiaGazette,2025-03-29T04:58:20.000Z,Lonjakan ketara kes demam campak di AS  #malaysiagazette,https://x.com/MalaysiaGazette/status/1905846966556271032,0,0,0,250,,0.16096917,,False,True,False,False
376,rmol_id,2025-03-29T04:35:14.000Z,"Wabah Campak Mengerikan, Kasus Meledak 20 Persen di Texas dan New Mexico https://rmol.id/dunia/read/2025/03/29/661496/wabah-campak-mengerikan-kasus-meledak-20-persen-di-texas-dan-new-mexico…",https://x.com/rmol_id/status/1905841154479808858,0,0,0,127,,0.2705334,,True,True,True,False
377,rkak90128,2025-03-28T07:56:24.000Z,Memang patut kena buat tindakan sita kedai yang sediakan perkhidmatan buat tayar celup...Yang mana banyak berlaku tayar lori campak keluar dari kenderaan lalu langgar kenderaan lain mahupun orang di sekeliling mereka,https://x.com/rkak90128/status/1905529392219959523,0,0,24,1254,,-0.04176694,,True,True,False,True
378,aldoinblue,2025-03-28T01:30:14.000Z,Leher gua kering bgt sampe bercak merah kyk campak anjjjjj rekomen moisturiser yang LEMBAB BGT pls,https://x.com/aldoinblue/status/1905432207726182689,2,0,4,1471,,-0.06086266,,True,True,False,True
379,iniakunramon,2025-03-28T00:58:46.000Z,TIL Banten masih ada campak dan cacar  Smh,https://x.com/iniakunramon/status/1905424292076290171,0,0,5,471,,0.12586367,,True,True,True,False
380,detikHealth,2025-03-27T22:06:08.000Z,"Anak yang Kena Campak di AS Hadapi Masalah Baru, Keracunan Vitamin A https://health.detik.com/berita-detikhealth/d-7845343/anak-yang-kena-campak-di-as-hadapi-masalah-baru-keracunan-vitamin-a?utm_source=twitter&utm_medium=oa&utm_content=detikhealth&utm_campaign=detikcomsocmed…",https://x.com/detikHealth/status/1905380847316074743,0,1,0,444,,0.20082158,,True,True,True,False
381,shinaruto07,2025-03-27T21:41:53.000Z,sampah campak merata bangsa pengotor tp rasa terpaling bijak terpaling waraq,https://x.com/shinaruto07/status/1905374742225494130,1,0,19,957,,-0.13824472,,True,True,False,True
382,sihir_sains,2025-03-27T15:47:01.000Z,"Banten ni literally isinya orang2 Tangsel doing the heavy lifting on the right tail of the distribution  ga ada Tangsel mana mgkn provinsi yang masi endemik campak sama cacar 1% highest earning family-nya (>$70,000 PPP) taraf konsumsinya setara Northern Europe",https://x.com/sihir_sains/status/1905285436894773442,5,48,182,11,,0.17088985,,False,True,False,False
383,GR94Thomas,2025-03-27T15:00:36.000Z,"Akhir 2022 - awal 2023 pas wabah campak Papua Tengah, dari 8 dokter umum di RSUD, 5 keterima PPDS, walhasil 3 sisa jaganya tingtong ( sampai kena malaria  ), manajemen mau outsource NS, ga bisa karena itu program pusat bukan PTT daerah, ya didongkrak dokmil masuk IGD RSUD",https://x.com/GR94Thomas/status/1905273756097880531,1,3,8,1086,,0.22011659,,True,True,True,False
384,ijat_io,2025-03-27T10:52:22.000Z,"Menjadi kesalahan ke kalau isi minyak petrol dalam botol kaca, nyalakan api pada kain dan campak dekat benda ni?",https://x.com/ijat_io/status/1905211288097280379,0,0,3,290,,-0.13212363,,True,True,False,True
385,saedah789,2025-03-26T13:38:34.000Z,"Ambik penasehat dah nyanyok, orang langkawi dah campak bawah bas, tu sebab gagal",https://x.com/saedah789/status/1904890723637616953,0,2,12,230,,-0.11360982,,False,True,False,False
386,Areisutar,2025-03-26T06:03:20.000Z,"""Pada januari tahun sama juga, seorang remaja lelaki berusia 15 tahun maut selepas ditimpa sebuah kerusi dipercayai dicampak dari tingkat atas bangunan PPR Seri Pantai, Pantai Dalam di ibu negara.""  apa kes duduk ppr jenis suka campak barang keluar rumah, otak b40 ke",https://x.com/Areisutar/status/1904776162783678511,1,67,373,31000,,-0.06845778,campak_as_discard,True,True,False,True
387,luf_ias,2025-03-26T04:35:52.000Z,Kepala hotak la campak basikal. Lepas nie motor plak rasanya.,https://x.com/luf_ias/status/1904754151231197215,3,1,33,2372,,-0.19036743,,False,True,False,False
388,seonshineyou,2025-03-25T11:10:52.000Z,"YAALLAH TAKBIRR konten dazed yg anak2 dongho arin kira udh corrupted, udh ilang filenya, dikira itu kursi cuma buat nunggu giliran photoshoot, udh gada harapan samsek sama dazed ternyata bnrn ada kontennya HWEEEE  dongho arin kalian kl ga sampingan campak kah badannya?",https://x.com/seonshineyou/status/1904491167770882189,3,10,72,1895,,0.019071981,,True,True,True,False
389,akumejile,2025-03-25T03:16:34.000Z,"Biasanya, pada anak-anak mata juling dapat dipicu karena mata yang bekerja lebih berat dalam mengatasi penglihatan. Selain itu, beberapa penyakit seperti campak, diabetes, lumpuh otak, atau faktor genetik juga dapat menyebabkan mata juling pada anak-anak.  Berbeda dengan penyebab",https://x.com/akumejile/status/1904371807098187781,1,0,1,291,,0.20915267,,True,True,True,False
390,buhari_dan76474,2025-03-24T20:01:55.000Z,Kalo campak belakang gimana,https://x.com/buhari_dan76474/status/1904262422871015892,0,0,4,269,,-0.035451576,,True,True,False,True
391,calamanshy,2025-03-24T00:36:08.000Z,"okay kan x separate video dengan photo kan, then kalau kita post dedua dalam satu post, dia campak mana?",https://x.com/calamanshy/status/1903969041930444875,0,0,11,8080,,-0.13869978,,True,True,False,True
392,MissShirleyLIM,2025-03-23T13:12:15.000Z,"Stop semua drama & bullshits. Biar undang2 berjalan, jangan campak minyak.. ""Good fences make good neighbors.""",https://x.com/MissShirleyLIM/status/1903796936790126684,0,1,5,127,,-0.08526486,,True,True,False,True
393,sobershaker,2025-03-23T10:53:32.000Z,Ini orang apa apa isu kaum dia yang tukang campak petrol. Bila dah kecoh. Dia diam. Barua yang sebenar.,https://x.com/sobershaker/status/1903762027568656482,0,0,10,2022,,-0.17792602,,True,True,False,True
394,ohtweet,2025-03-21T10:14:38.000Z,"Hanya Berniaga Guna Motor, Netizen Sedih Tengok Pak Cik Campak Petai Depan Penguatkuasa - https://ohmedia.my/ohtidak/pak-cik-jual-petai-naik-motor-berang/… #Featured #mppd #ohtidak #pakcik",https://x.com/ohtweet/status/1903027463753699821,1,2,4,1537,,-0.04966633,,True,True,False,True
395,aizfirr,2025-03-21T04:23:35.000Z,"si zionist suka shade orang. nnti kalau kena balik dia terpaling campak batu sembunyi tangan. macam sial perangai, dah lah hodoh bodoh pulak tu.",https://x.com/aizfirr/status/1902939119925530878,0,3,5,248,,-0.0729433,,True,True,False,True
396,THE_BLACKBIBLE,2025-03-20T06:50:58.000Z,"Campak aja bisa dicegah, tapi dicampakkan? Dokter pun angkat tangan.",https://x.com/THE_BLACKBIBLE/status/1902613822420238417,0,0,2,13,,0.18805498,,True,True,True,False
397,ethereallydaisy,2025-03-20T03:22:37.000Z,"Okayy dah boleh campak jauh-jauh pimple patches mahal-mahal tu lepas ni! Baik pakai hydrocolloid patch ni, murah pun ya function teruks pun ya",https://x.com/ethereallydaisy/status/1902561387966296384,2,123,390,29000,,-0.14357622,,True,True,False,True
398,detikHealth,2025-03-19T12:52:51.000Z,"Campak 'Menggila' di AS, Catat Rekor Kasus Baru-Kematian Pertama Sejak 2015 https://health.detik.com/berita-detikhealth/d-7831756/campak-menggila-di-as-catat-rekor-kasus-baru-kematian-pertama-sejak-2015?utm_source=twitter&utm_medium=oa&utm_content=detikhealth&utm_campaign=detikcomsocmed…",https://x.com/detikHealth/status/1902342505305403657,0,0,0,341,,0.15977272,,True,True,True,False
399,multabolot,2025-03-16T18:17:05.000Z,"Yaa karena kritik mereka waktu itu tolol dan gak sesuai realita. Yaa antek PKI lah, Ibu kandung palsu lah, anti vaksin lah, antek aseng lah, belom lagi sentimen anti Tionghoa.   Yaa jelas ga ada nganggap mereka serius akhirnya",https://x.com/multabolot/status/1901336937991995473,0,3,9,1056,,0.058544084,,True,True,True,False
400,daddyyuki,2025-03-29T07:33:33.000Z,"Di Jepang juga, tahun demi tahun efek samping dari makan pecel Lele terus bertambah   ※ Ginjal para rusak karena efek samping vaksin.  Otot larut dalam darah, menyumbat dan memberi tekanan pada ginjal dan menyebabkan gagal ginjal.",https://x.com/daddyyuki/status/1905886029321740770,3,3,11,563,,0.01802376,,True,True,True,False
401,matchaIuv,2025-03-26T10:08:46.000Z,"setuju. cowo merasa sangat pusing & marah"" ke cewe krn merasa tanggungan nafkah seumur hidup ada di dia. padahal otak cewe jg ga kalah semrawutnya, mikir atur keuangan, cari tambahan, mikir kerjaan, mikir besok makan apa, mikir kapan imunisasi anak. otak cowo ga sekompleks itu",https://x.com/matchaIuv/status/1904837926066020455,0,0,7,262,,0.03680384,,True,True,True,False
402,valiisaa,2025-03-24T19:10:29.000Z,"Langkah besar berikutnya dateng di akhir abad 19. Sekitar 1890 Emil von Behring ilmuwan Jerman yang juga nemuin vaksin difteri, kembangkan toksoid tetanus-racun tetanus yang dilemahin supaya bisa latih sistem imun tanpa bikin sakit.   Awalnya, toksoid ini dipake buat ngelindungin",https://x.com/valiisaa/status/1904249479680913710,21,1,21,2927,,0.0037215054,,True,False,False,False
403,detikHealth,2025-03-20T07:00:00.000Z,Burundi tercatat sebagai negara ke-18 yang memasukkan vaksin malaria ke dalam program imunisasi anak nasional. Dalam tahap pertama vaksinasi malaria ini menyasar 25 distrik dengan target memvaksinasi 250 ribu anak di tahun 2025.,https://x.com/detikHealth/status/1902616093866312015,0,2,2,351,,0.20957962,,True,True,True,False
404,detikHealth,2025-03-19T14:29:55.000Z,Video: Vaksin Malaria Masuk Program Imunisasi Anak Nasional Burundi,https://x.com/detikHealth/status/1902366932390834358,0,0,0,399,,0.16113889,,True,True,True,False
405,tjhoea315,2025-05-08T14:39:20.000Z,"Di sini udah vaksin aja tetep kena TBC, cacar  campak rubella.",https://x.com/tjhoea315/status/1920488697079730418,1,1,36,3613,,0.1509211,,True,True,True,False
406,nawhcas21769,2025-05-14T21:22:14.000Z,"Yg harus di vaksin di mulai dari DPR/MPR, Presiden  hingga seluruh jajaran dan paling buncit RT serta hansip nya, kemudian si penghianat pemilik ijazah palsu dan seluruh keturunan serta pendukung nya.kalau gua ogah Krn gua anti vaksin sejak sejak 19 lalu.",https://x.com/nawhcas21769/status/1922764413464990125,1,4,104,5789,,0.0012151003,,True,True,True,False
407,Voljinyy,2025-05-14T08:14:03.000Z,"Kelompok oposisi kok sekarang kritiknya ke pemerintah banyak yg (makin) jelek ya?? Sekarang malah banyak yg pada anti vaksin & anti sains. Sama aja fasis kaya rezim, cuma beda kubu doang",https://x.com/Voljinyy/status/1922566063264297303,4,13,46,1562,,0.07992767,,True,True,True,False
408,AsepKurnia2810,2025-05-11T05:56:56.000Z,"Gw paling anti vaksin,bahkan Semua anak gw gak ada yg imunisasi,kalo di sekolah ada imunisasi gw suruh libur sekolah",https://x.com/AsepKurnia2810/status/1921444391056453665,1,0,2,231,,0.115122646,,True,True,True,False
409,BosPurwa,2025-05-09T11:15:21.000Z,Soalnya menteri kesehatan disana jebolan aktivis anti vaksin :),https://x.com/BosPurwa/status/1920799747041857952,2,43,120,4957,,0.06780028,,True,True,True,False
410,NayDonuts,2025-05-09T10:14:24.000Z,"Vaksin BCG bisa cegah TBC sejak bayi, tapi gara2 hoaks anti-vaksin, cakupannya menurun drastis. Bukannya bersyukur George Foundation mau bantu pembiayaan vaksin TBC, ini malah diplintir seolah2 rakyat mau dijadikan kelinci percobaan. GBLK!",https://x.com/NayDonuts/status/1920784411496153242,1,2,3,231,,0.06482497,,True,False,False,False
411,negativisme,2025-05-09T09:34:36.000Z,"Itu yg anti vaksin pikirannya gimana dah? Vaksin hasil uji ilmiah gak percaya, kencing unta percaya",https://x.com/negativisme/status/1920774395536060801,6,5,22,1,,-0.02708757,,True,True,True,False
412,RezaUnscripted,2025-05-09T09:09:50.000Z,"Kampanye anti-vaksin justru menurunkan cakupan pelaksanaan vaksin BCG pada bayi. Lalu saat dewasa, menjadi rentan. Masalahnya saat dewasa mrk selain  rentan juga bisa menjadi carrier - pembawa. Bakteri Mycobacterium tuberculosis. belum lagi dengan kebiasaan merokok. Makin rentan",https://x.com/RezaUnscripted/status/1920768160749199843,0,3,4,326,,0.1639893,,True,False,False,True
413,RezaUnscripted,2025-05-09T09:07:27.000Z,"TBC sebenarnya bisa dicegah dengan Vaksin BCG pada bayi. Maksimal sebelum berumur 1 bulan tapi karena ada kaum anti-vaksin. Banyak bayi ga dapat Vaksin BCG. Shg saat dewasa rentan terkena TBC. Masalahnya, belum ada Vaksin TBC utk dewasa",https://x.com/RezaUnscripted/status/1920767562339484155,1,5,6,654,,0.1564489,,True,False,False,True
414,RezaUnscripted,2025-05-09T09:05:07.000Z,"Di Indonesia ada lebih dari 1 juta penderita baru setiap tahun. Setiap 4 menit, ada 1 orang meninggal.  1 juta kasus TBC dgn  125.000 kematian /tahun. Saat ini, Indonesia menempati peringkat 2 kasus TBC terbanyak di dunia.  Akibat kampanye Anti-Vaksin, shg bayi ga divaksin BCG",https://x.com/RezaUnscripted/status/1920766975187243464,1,18,16,5363,,0.25314918,,True,False,False,True
415,Azis_abuHamzah,2025-05-09T01:44:33.000Z,Bukan anti vaksin ... Boleh jadi pasar vaksin TB ...  Tp janganlah kita serendah itu hingga mau jadi tikus percobaan vaksin ...  Nangis Pak Karno kalau hidup lagi dan melihat bangsa nya begitu direndahkan seperti ini ...,https://x.com/Azis_abuHamzah/status/1920656103362236846,4,0,4,966,,0.09240189,,True,True,True,False
416,RAKemal,2025-05-08T17:57:48.000Z,"Mau ngurus visa Inggris, cek tuberkulosis aktif.  Udah sampai di Inggris, dapat panggilan untuk cek tuberkulosis laten.  Sentimen negatif ke uji klinis vaksin TB karena anti-vaksin/anti-sains atau ga percaya pemerintah? Arah diskusinya beda.",https://x.com/RAKemal/status/1920538642549792899,15,164,858,33400,,0.08814934,,True,True,True,False
417,BrdKelima,2025-05-08T15:46:41.000Z,Anti vaksin yang sedang menyebar hoax. Coba cari tau pendapat IDI soal vaksin TBC ini. Penderita TBC di Indonesia  saat ini no 2 terbanyak di dunia. Selama bertahun2 selalu ada di tiga besar terbanyak penderitanya di dunia. Target global eliminasi TBC tahun 2030 termasuk RI,https://x.com/BrdKelima/status/1920505645494583754,0,0,2,100,,0.18949565,,True,True,True,False
418,DakotaGeorgy,2025-05-08T11:39:34.000Z,"Walau tagarnya udah reda  yg masih niat #kaburajadulu dan anggap Indonesia gelaps saran: bersihkan medsosmu dari postingan aktifis aktifisan  anti vaksin dll. pahami, dimanapun kalian berada pasti ADA yg gag kalian sukai. Jangan bawa Kebiasaan hujat gov. As an imigran ya",https://x.com/DakotaGeorgy/status/1920443454733099273,1,3,5,495,,0.076033086,,True,True,True,False
419,RAKemal,2025-05-07T12:18:27.000Z,"Komentarin berita ini harus dibagi antara populasi anti-vaksin atau pro-vaksin.  Kalau anti-vaksin mah ada aja alasannya nolak.  Utk yg pro-vaksin, perlu kita ingat bahwa uji klinis harus memenuhi kaidah etik internasional. Jadi ga perlu terlalu paranoid. Tapi … -cont https://x.com/jackjackparrr//jackjackparrr/status/1919993405335093558…",https://x.com/RAKemal/status/1920090851058884756,1,4,13,977,,0.048879534,,True,True,True,False
420,anakpelikan,2025-05-07T05:06:31.000Z,"Aku abis lahiran sigap memasang KB IUD 8th, itu aja masih takut kalo tbtb IUD geser, nanti kebobolan. Tapi gapapa sih anti kb selama dia mampu mah nder. Kalo anti vaksin aneh, kasian anaknya",https://x.com/anakpelikan/status/1919982151740576197,0,0,6,1044,,0.15496373,,True,True,True,False
421,dalbichu,2025-05-06T07:35:13.000Z,"Wkwkwk anti kimia padahal di tubuh mereka dari lahir juga ada kimia  jangan lupa selain anti dokter, anti kimia, pasti anti sains dan anti vaksin juga",https://x.com/dalbichu/status/1919657185157775795,0,0,8,213,,0.0265387,,True,True,True,False
422,valiisaa,2025-05-06T00:40:36.000Z,"Perkembangan Terkini: Gardasil 9 dan Tantangan  Di 2014, Merck ngeluarin Gardasil 9, versi upgrade yang nargetin 9 tipe HPV (6, 11, 16, 18, 31, 33, 45, 52, 58). Ini ngecover 90% penyebab kanker serviks dan 85% kutil kelamin. Formulasi dan adjuvannya mirip Gardasil, tapi dosis",https://x.com/valiisaa/status/1919552843452973498,2,7,32,20300,,-0.08022791,,True,False,False,False
423,valiisaa,2025-05-06T00:40:31.000Z,"Uji Klinis: Bukti di Lapangan  Setelah VLP berhasil dibikin, masuk tahap uji klinis di akhir 1990-an sampe awal 2000-an. Ini fase yang bikin deg-degan, soalnya harus buktiin vaksin aman dan efektif. Merck dan GSK ngadain uji klinis gede-gedean  - Gardasil Uji klinis FUTURE I dan",https://x.com/valiisaa/status/1919552822548562312,2,9,40,16300,,-0.08498198,,True,True,False,True
424,bangherwin,2025-05-10T06:35:51.000Z,"Uji klinis tahap 3 = manusia dijadikan subjek untuk melihat efektivitas & efek samping vaksin.   Indonesia = salah satu lokasi uji itu, sejak akhir 2024.  Jadi secara fakta medis, ya: Indonesia memang ikut jadi tempat uji coba. Mau dibungkus narasi apapun, itu realitanya.",https://x.com/bangherwin/status/1921091798287454298,0,0,3,42,,0.0030270517,,True,True,True,False
425,tweetxsi,2025-05-08T07:17:55.000Z,Efek samping vaksin itumah,https://x.com/tweetxsi/status/1920377609994842127,0,0,2,149,,0.099672616,,True,True,True,False
426,jeffgoingout,2025-05-08T06:30:26.000Z,Efek samping vaksin emang begitu. Yang penting sehat kan?,https://x.com/jeffgoingout/status/1920365657989709843,0,0,7,335,,0.06813595,,True,True,True,False
427,UmaSpriadi,2025-05-08T04:46:16.000Z,"Ngga memikirkan efeknya kah,.. Ini vaksin uji coba lhoo bukan vaksin yg sudah teruji keampuhannya. Siapa yg bertanggung jawab kalau jatuh korban akibat efek samping vaksin????",https://x.com/UmaSpriadi/status/1920339445305241613,0,0,3,228,,0.10318506,,True,True,True,False
428,daddyyuki,2025-05-07T13:09:28.000Z,Pemerintah maunya apa sih apa kurang banyak korban efek samping vaksin Apa kurang banyak anak² Indonesia yang Autis karena Vaksinmau dibuat berapa banyak lagi muda mudi Indonesia menjadi mandul mau kurangin penduduk berapa banyak lagi,https://x.com/daddyyuki/status/1920103690997825944,1,25,27,702,,0.20013896,,True,True,True,False
429,shaiillendra,2025-05-14T15:24:30.000Z,Terimakasih @ElternHospi  Another immunization session with dokter @Midgyu yang kali ini ditemani ners @everyoungenz  Selalu mantap sekali pelayanannya!   Ayo imunisasi anak kalian di Eltern! @markvllouse @minhqyng @urjavis @minthyvng @marvqee,https://x.com/shaiillendra/status/1922674389352411216,1,1,3,247,,0.08500141,,True,True,True,False
430,Harian_Jogja,2025-05-07T04:57:20.000Z,Bill Gates Sebut Pelaksanaan Vaksinasi Anak di Indonesia Bisa Jadi Contoh Dunia https://news.harianjogja.com/read/2025/05/07/500/1212748/bill-gates-sebut-pelaksanaan-vaksinasi-anak-di-indonesia-bisa-jadi-contoh-dunia…,https://x.com/Harian_Jogja/status/1919979842277114343,0,1,0,173,,0.07747427,,True,True,True,False
431,FaiNomady,2025-05-06T03:07:25.000Z,"Banyak org anggap BG sbg pilantropis (dermawan) sejati. Padahal dia sumbang uang utk dapatkan ""uang"" lebih banyak lagi. Dia support MBG utk apa? Dia akan dompleng program vaksinasi anak  #Bioweapons akan buat  lemah. @TedInvestigasi",https://x.com/FaiNomady/status/1919589793161183641,7,31,39,6,,0.05520293,,True,True,True,False
432,susuu_haciss,2025-05-13T18:46:47.000Z,(Emir kipi),https://x.com/susuu_haciss/status/1922362905225224193,0,0,2,503,,-0.06618864,,True,False,False,False
433,detikcom,2025-05-13T07:45:00.000Z,Menkes ikut soroti wabah campak yang 'menggila' di AS. Jumlah kasus campak sudah melampaui 1.000 kasus untuk pertama kalinya dalam lima tahun di AS.,https://x.com/detikcom/status/1922196363158196410,0,1,2,3290,,0.35361058,,True,True,True,False
434,detikHealth,2025-05-13T05:10:09.000Z,Menkes Buka-bukaan Alasan Wabah Campak 'Menggila' di AS,https://x.com/detikHealth/status/1922157396350402917,0,1,0,316,,0.18563071,,True,True,True,False
435,officialinews_,2025-05-13T03:23:40.000Z,"Menkes Budi Gunadi Soroti Wabah Campak di AS, Sebut Sebagai Dampak Antivax",https://x.com/officialinews_/status/1922130596970533266,0,0,0,97,,0.15711,,True,True,True,False
436,detikHealth,2025-05-12T12:05:47.000Z,"Video Menkes Budi Soroti Wabah Campak di AS, Sebut Sebagai Dampak Antivax",https://x.com/detikHealth/status/1921899602946777121,0,1,1,431,,0.1358954,,True,True,True,False
437,hariankompas,2025-05-12T11:49:42.000Z,Wabah campak dilaporkan meningkat di sejumlah negara di dunia. Langkah antisipasi pun harus dilakukan untuk memastikan wabah tersebut tidak meluas di Indonesia. #Humaniora #Kompas60,https://x.com/hariankompas/status/1921895555610849675,0,0,1,447,,0.34475282,,True,True,True,False
438,hariankompas,2025-05-12T00:49:53.000Z,Dalam beberapa tahun terakhir kasus campak di sejumlah negara maju melonjak akibat rendahnya cakupan imunisasi. #Humaniora #Kompas60,https://x.com/hariankompas/status/1921729509516034325,0,0,0,435,,0.39336753,,True,True,True,False
439,faridaffy,2025-05-30T07:40:49.000Z,"Cara check gaji sehari dan gaji sejam:  Contoh gaji sebulan : RM2800 Gaji Sehari (ORP) : RM2800/26 hari = RM107.69 sehari Gaji Per Jam (HRP) : RM107.69/8 jam = RM13.50 sejam  Belum ada kerja, boleh try campak resume sini: https://bit.ly/451AOOr   Ada soalan? Boleh DM aku",https://x.com/faridaffy/status/1928355905361396145,2,5,12,1,,-0.14124772,,True,True,False,True
440,ppodongh,2025-05-30T03:32:24.000Z,Allahu kesian anak kena campak   TREASURE Brings The YELLOW #TREASUREWelcomeBackToMalaysia #BricewithTREASURE  #TREASUREinMY @treasuremembers,https://x.com/ppodongh/status/1928293386743628236,0,13,117,18,,0.15952837,,False,True,False,False
441,mstaronline,2025-05-29T23:28:11.000Z,"Isteri campak bantal luar rumah, halau pasangan waktu malam… Rupanya cemburu rakan sekerja panggil suami ‘baby’",https://x.com/mstaronline/status/1928231929037390336,0,0,0,236,,-0.02415166,,True,True,True,False
442,nuha_jick,2025-05-29T06:27:35.000Z,"Cib baikkk. Kalau plot twist masa 20-12 tadi, aku campak fon #SingaporeOpen2025",https://x.com/nuha_jick/status/1927975086042034610,0,0,2,238,,-0.12676305,,True,True,False,True
443,Pascakapmelayu,2025-05-28T23:29:39.000Z,"Saya pilih padanan anjung pencampakan untuk machicholation agar seirama dengan leksikon ""anjung peranginan"". Saya pun pilih perkataan ""campak"" sebab lebih sering diguna dalam peribahasa dan leksikon² Melayu.",https://x.com/Pascakapmelayu/status/1927869911709241357,0,0,4,452,,-0.014274836,,True,True,True,False
444,leeknowcovr,2025-05-28T13:21:14.000Z,siapa angkat phone tinggi2 aku campak phone dia,https://x.com/leeknowcovr/status/1927716796884283607,0,0,6,212,,-0.086160794,,True,True,False,True
445,hariszam,2025-05-28T09:51:21.000Z,"Benih yang baik, campak ke tanah jadi gunung. Campak ke lautan, jadi pulau. All the best YB.",https://x.com/hariszam/status/1927663980476260811,0,1,3,187,,0.10835016,campak_as_throw,True,True,False,True
446,neykehcni_,2025-05-28T05:28:10.000Z,jangan di campak Rinov ke Lisa sudah lah ya ampun...,https://x.com/neykehcni_/status/1927597745541370171,0,0,5,60,,-0.18101108,,True,True,False,True
447,Aziraaalah,2025-05-28T01:18:18.000Z,"Aku dulu pun baran, kalau marah akan campak barang2 yang ada depan mata aku. Aku berubah selepas ada someone special masa tu tegur aku dengan baik. Terus berubah sampai sekarang.",https://x.com/Aziraaalah/status/1927534866918252916,1,0,2,414,,-0.19065432,,True,True,False,True
448,edgaff_,2025-05-28T00:43:53.000Z,"in other word siti ni suara iklan,campak la lagu untuk kempen/business apa pun,memang sedap and bagi impact",https://x.com/edgaff_/status/1927526205999194551,1,0,7,454,,-0.070834234,,True,True,False,True
449,archasm,2025-05-27T08:17:41.000Z,Nampak ex manager post kata busy teruk. Dulu semua kerja campak to me dengan alasan “for training” pastu member duk goyang kaki. Sekarang rasain lo.,https://x.com/archasm/status/1927278017157460138,0,0,3,57,,-0.257654,,True,True,False,True
450,SinarOnline,2025-05-27T01:56:45.000Z,"Marah disembur pistol air, guru nyaris campak murid dari tingkap  Baca artikel penuh:",https://x.com/SinarOnline/status/1927182155039252823,0,0,1,374,,0.03943962,,True,True,True,False
451,SinarOnline,2025-05-27T01:56:33.000Z,"Marah disembur pistol air, guru nyaris campak murid dari tingkap  BEIJING - Seorang guru di China berdepan kecaman hebat selepas didakwa menampar dan mengugut mahu mencampak muridnya keluar dari tingkap tingkat tiga bangunan sekolah gara-gara disembur pistol air.  Insiden",https://x.com/SinarOnline/status/1927182103118053573,2,0,1,661,,0.05934471,,True,True,True,False
452,SinarOnline,2025-05-26T23:42:45.000Z,"Marah disembur pistol air, guru nyaris campak murid dari tingkap  Guru dikecam selepas ugut campak murid dari tingkap sekolah. #SinarHarian #guru #campakmurid #dikecam",https://x.com/SinarOnline/status/1927148431673278921,1,0,0,304,,0.07235724,,True,True,True,False
453,ZakiHafifi,2025-05-26T04:56:06.000Z,"Budak budak bag kepit ni mana rasa kepala koyak kena canister can campak dari atas bangunan, water cannon depan muka. Bulu jembut pun belum tumbuh la masa tu.",https://x.com/ZakiHafifi/status/1926864902678855863,0,0,1,357,,-0.12034474,campak_as_throw,True,True,False,True
454,Juragann_muda2,2025-05-26T00:44:30.000Z,"ayolah Doc jangan kek gini, nanti yang gak mau vaksin tambah banyak, campak aja di jawa barat masih tinggi, mau sampe kapan kasih info sesat sampe komunitas di negara ini akhirnya berkutat terus dengan penyakit yang sebenernya sudah ada vaksinnya. dan di negara lain hampir punah.",https://x.com/Juragann_muda2/status/1926801583259419046,11,0,2,9,,0.19752774,,True,True,True,False
455,247yuya,2025-05-25T17:06:59.000Z,jom la kita terbang utk campak dia,https://x.com/247yuya/status/1926686447353880581,1,0,1,13,,-0.09207475,,False,True,False,False
456,sowhoismike,2025-05-24T07:09:49.000Z,aku taktahula kenapa dengan aku arini.. tanggal baju bukan campak dalam mesin basuh tapi dalam tong sampah,https://x.com/sowhoismike/status/1926173774447001931,2,0,5,907,,-0.20671605,campak_as_throw,True,True,False,True
457,tiwikerama,2025-05-24T04:32:10.000Z,Campak buang terus.,https://x.com/tiwikerama/status/1926134103092453598,1,0,15,2,,-0.15536761,,True,True,False,True
458,muhdiszkandar,2025-05-24T04:31:26.000Z,kalau nama ali or bakar aku terima lagi kalau nama rayyan or danish elok campak ke laut,https://x.com/muhdiszkandar/status/1926133918584979479,0,0,37,4,,-0.14783719,campak_as_throw,True,True,False,True
459,DillSnelling,2025-05-24T03:22:02.000Z,Campak ke kasi relax sblm jadi next boss SPRM,https://x.com/DillSnelling/status/1926116451393397234,0,0,1,253,,-0.1483961,campak_as_throw,True,True,False,True
460,zAch_nOrDiN,2025-05-24T00:25:41.000Z,"Habis madu sepah dibuang. Inilah nasib Raf, jadi kuda tunggang. Bila dah dpt kuasa, kena campak tepi. Oh malaysiaku",https://x.com/zAch_nOrDiN/status/1926072071739580886,1,1,19,4,,-0.1231509,,False,True,False,False
461,saiful_msi,2025-05-23T17:25:16.000Z,Saya akan rangkul kemudian campak dlm gaung,https://x.com/saiful_msi/status/1925966271335612448,0,0,5,424,,-0.12217514,campak_as_throw,True,True,False,True
462,KhairiShaffie,2025-05-23T15:11:24.000Z,puii.. terua meluat dengarnya.. insan spt rafizi yg dah berjuang untuk kamu.. kamu campak dier bila dah dapat kuasa.. Hidup Nepotisme...!!!,https://x.com/KhairiShaffie/status/1925932583436620245,0,3,107,2,,-0.049581245,,True,True,False,True
463,LofiRamli,2025-05-22T22:33:33.000Z,Budi kongsi duit sauk  Bnyk ke rosmah campak duit dulu?,https://x.com/LofiRamli/status/1925681467624984740,0,1,8,423,,-0.14314806,,True,True,False,True
464,TiraSahar,2025-05-22T00:40:32.000Z,"This part was intense, aku pandang laki aku, laki aku pandang aku and were like “CAMPAK BETUL WEHH”",https://x.com/TiraSahar/status/1925351034601578755,0,0,6,1475,,-0.02830328,,False,True,False,False
465,ZarithZhinnoz,2025-05-22T00:23:43.000Z,"Keje overnight shift,bengang sampai campak stand phone sampai TL tegur,kecewa gila.Kalah sebab concede goal bodo.Dah brapa kali Shaw barai main CB,tapi still main gak,patut mount masuk second half,maintain ugarte-casemiro.Haih koyak, tak tidur lagi ni dari semalam.",https://x.com/ZarithZhinnoz/status/1925346801374437615,1,0,13,444,,-0.20606893,,True,True,False,True
466,gonoxxx,2025-05-20T13:32:28.000Z,"Ayam guring berlado, labu masak lemak ft tempe guring dan salad versi 30 minit campak campak siappp.  @withgracemomai #randomTuesday",https://x.com/gonoxxx/status/1924820520526311686,1,0,1,108,,-0.057258338,,True,True,False,True
467,tutulipsync,2025-05-20T10:11:27.000Z,Please chokehold the guy in the red shirt. Kasi pengsan sekejap lepas tu campak aje ke back seat,https://x.com/tutulipsync/status/1924769936381247577,0,0,20,1,,-0.17717096,,False,True,False,False
468,Beritasatu,2025-05-20T09:44:26.000Z,"Kasus Campak Meningkat di Asia Tenggara, Jadi Ancaman Baru?",https://x.com/Beritasatu/status/1924763135778427365,0,0,0,396,,0.37140474,,True,True,True,False
469,UMonline,2025-05-20T08:07:27.000Z,Dahulu takut kalau datang lambat. Pelakon kena campak skrip pun ada. – Fizz Fairuz  https://utusan.com.my/nasional/2025/05/dahulu-takut-kalau-datang-lambat-pelakon-kena-campak-skrip-pun-ada-fizz-fairuz/…,https://x.com/UMonline/status/1924738728414847263,0,0,1,298,,-0.068097964,,True,True,False,True
470,truthspace_,2025-05-27T13:10:05.000Z,Kalau ini mah mau bikin sistem kredit sosial dan gak bakal ada privasi kayak negara sono.  Yang anti vaksin dan ngak tunduk sama dajjal bakal siap2 ditracking dimanapun. @wannafigh @daddyyuki @StopPlandemit,https://x.com/truthspace_/status/1927351605470372161,2,1,4,208,,0.015470639,,True,True,True,False
471,DakotaGeorgy,2025-05-26T05:39:15.000Z,Aku denger ini uda lama kak    sejal doi triak2 anti vaksin,https://x.com/DakotaGeorgy/status/1926875758925914262,0,0,1,31,,-0.040065944,,True,True,False,True
472,inganggita,2025-05-24T16:22:20.000Z,"Ebuset gw dituduh mengacaukan dan ngada2 supaya orang jadi anti vaksin TB yg mau diujicobakan.  Justru gw suka ngata2in orang2 yg sok anti vaksin TB sbg orang FOMO yg penting anti pemerintah aja dulu, mikirnya belakangan",https://x.com/inganggita/status/1926312822381682942,0,3,8,402,,0.06301668,,True,True,True,False
473,DakotaGeorgy,2025-05-24T00:53:38.000Z,Doi akticis ANTI VAKSIN  PBB mana suka sama orang kek gitu  Sekarang aja ngadu2 ke PBB  Ya olo konsep hidupnya brantakan banget,https://x.com/DakotaGeorgy/status/1926079106438857128,1,0,4,1,,-0.019868404,,True,True,True,False
474,littlesemongko,2025-05-23T17:00:46.000Z,Memang kampret lah. Ternyata memang benar yang dibilang anti vaksin. Jangan-jangan bumi beneran datar.,https://x.com/littlesemongko/status/1925960106757194028,1,4,22,6,,0.019116819,,True,True,True,False
475,law20956,2025-05-22T11:37:42.000Z,Wkwkwkwkwk kok sama Mak Aku jg memposting tentang bahaya vaksin ini malah dikatain bhkn disumpah kena TBC  Malah nyebut aku kurang wawasan Krn mengkampanyekan anti vaksin,https://x.com/law20956/status/1925516416364806171,1,1,3,107,,0.117450565,,True,True,True,False
476,tagarabak,2025-05-21T11:58:16.000Z,"Centang biru tapi goblok dan jahat. Orang sedang berduka malah ditunggangi buat kampanye anti vaksin. Bedain Dokter sm Doktor aja ga bisa, monyet.",https://x.com/tagarabak/status/1925159202118598881,2,5,33,2032,,0.06174028,,True,True,True,False
477,ALTheDiscreet,2025-05-18T00:23:43.000Z,"Ini. Hehehe.  Tapi kalo misalkan warga masih pengen berjembatan ria dengan konservatif kanan mentok (yang juga pada anti vaksin TBC) yaa silahkan. Namanya proses belajar. Tapi fyi aja, harganya mahal.  Udah pada gede, kan?",https://x.com/ALTheDiscreet/status/1923897251371606473,0,0,2,210,,-0.0379263,,True,False,False,False
478,worchestersire,2025-05-16T10:36:37.000Z,"Ini tuh karna kepercayaan ke pemerintah udah bener2 rendah. Yang pro vaksin sangsi karna pemerintahnya ya begitulah, di sisi lain ya masih banyak juga masyarakat yang anti vaksin.",https://x.com/worchestersire/status/1923326715289371066,1,5,11,298,,0.11812651,,True,True,True,False
479,MariaAlkaff_,2025-05-25T01:14:42.000Z,"Yang bilang aman, orang yang sama bilang bahwa vaksin covid Astrazaneca aman, dan ternyata perusahaannya sendiri yang bilang bahwa efek samping vaksin cukup fatal, bahkan mematikan.  —-  Jangan lupa @KemenkesRI harus tanggungjawab jika di kemudian terjadi efek samping terhadap",https://x.com/MariaAlkaff_/status/1926446797540528374,46,232,373,21,,0.07140413,,True,False,False,False
480,Xiephong69,2025-05-23T20:37:16.000Z,"Gw jg dulu sempet jd org yg percaya sama antivac. Tapi setelah ngalamin kehilangan anggota keluarga krn covid delta akhirnya jd percaya sama vaksin sampe booster 2x. Malah lebih mikirnya ini krn efek samping vaksin yg terlalu terburu"" dibikin krn urgensinya saat itu.",https://x.com/Xiephong69/status/1926014590594224198,2,1,18,1,,0.10004547,,True,False,False,True
481,abyts_,2025-05-23T15:01:13.000Z,Sebenernya kalo diliat dari virusnya aja covid itu nyerang ga cuma sistem pernapasan tp jg organ dan sistem organ yg cukup rentan. Jd kemungkinan efek samping vaksin kemarin cukup banyak apalagi dengan tuntutan urgensi secepet itu sehingga efek jangka panjangnya belum terlihat...,https://x.com/abyts_/status/1925930022134517905,1,0,3,208,,0.07434723,,True,False,False,False
482,azstilllearning,2025-05-23T14:26:37.000Z,"Efek samping vaksin itu beda beda tiap orang karena imunitas tubuhnya gak sama. Org yg kena komplikasi di jantung dan orang yg kena komplikasi paru bisa jadi penyebabnya dari vaksin, krn dia menyerang organ tubuh yg paling lemah. Makanya gak rame, krn nyari causalitynya susah",https://x.com/azstilllearning/status/1925921313861865896,0,5,40,3,,0.09230709,,True,True,True,False
483,penempaan,2025-05-23T13:25:46.000Z,"Di luar negeri, efek samping vaksin diakui dan diberi ganti rugi. Kok di Indonesia malh disangkal?",https://x.com/penempaan/status/1925906000382427469,7,8,65,4,,-0.0028662384,,True,True,True,False
484,Forawhile_ss,2025-05-21T09:29:47.000Z,Betul efek samping vaksin juga sama ke ayahku beliau diabetes tapi masih kayak orang sembuh pada umumnya atau tidak parah. Parahnya semenjak setelah vaksin itu sampai ke stroke mudah kambuh alias ngedrop kesehatannya,https://x.com/Forawhile_ss/status/1925121836842668298,0,0,2,603,,0.13581803,,True,True,True,False
485,harjonoabi,2025-05-21T01:41:39.000Z,"Artinya kasus tertentu saja ya, misal dari 1 Juta yang terima Vaksin kalau cuma 1 atau 2 orang yg terkena Stroke berarti efek samping vaksin tidak menyasar ke mayoritas pengguna?",https://x.com/harjonoabi/status/1925004025986203697,4,0,59,73,,0.17114332,,True,True,True,False
486,blue_berets7,2025-05-20T08:24:09.000Z,"Bukti inovatif dengan jelas menunjukkan efek samping vaksin Covid hadir, dibungkam, dan diabaikan.",https://x.com/blue_berets7/status/1924742932172771656,0,53,103,1380,,0.050466985,,True,False,False,False
487,nurfajar_banser,2025-05-19T06:58:53.000Z,Efek samping vaksin covid menyebabkan HIV,https://x.com/nurfajar_banser/status/1924359086352818450,0,2,2,6293,,0.08013952,,True,False,False,True
488,Koramil03seren1,2025-05-27T03:24:52.000Z,Babinsa Kelurahan Jayengan Koramil 03 Serengan Kodim 0735/Surakarta Serka Rohmad  melaksanakan Pemantauan Imunisasi Anak Balita di UPTD Puskesmas Jayengan Jl.Wirotantama Kelurahan Jayengan Kecamatan Serengan,https://x.com/Koramil03seren1/status/1927204330832097383,0,0,2,33,,0.15141574,,True,False,False,True
489,CakTainKomari,2025-05-25T18:07:00.000Z,"Setuju dok... Vaksin apapun harusnya tidak boleh dipaksakan. Selain jangan dijadikan syarat penerbangan, juga jangan dijadikan syarat dapat BLT, PKH dll bagi rakyat miskin. Kalo sudah gitu banyak yg terpaksa harus vaksin, sbgmana vaksin covid19 dulu.. termasuk imunisasi anak",https://x.com/CakTainKomari/status/1926701551344632067,0,0,4,447,,0.14373878,,True,False,False,True
490,sawitridyanti,2025-05-17T11:06:06.000Z,Sebel sama pemerintah boleh aja gue juga kesel bgt ko tp jgn asbun. Gue bolak balik imunisasi anak dari tahun kmrn udh diwanti2 org2 sekitar bayi jgn ada yg TB karna angkanya lg meningkat apalagi nularin ke bayi.,https://x.com/sawitridyanti/status/1923696523608719688,0,0,2,171,,0.16705027,,True,True,True,False
491,UMonline,2025-07-30T06:12:44.000Z,Tuan Ibrahim ganti Abdul Hadi naratif ‘campak pukal’,https://x.com/UMonline/status/1950439398568235215,0,0,0,272,,0.0055494756,,False,True,False,False
492,Andros789,2025-07-29T13:49:44.000Z,Our Captain   Terus campak weyh,https://x.com/Andros789/status/1950192016790319351,0,0,2,206,,-0.056295782,,False,True,False,False
493,MyHEALTHKKM,2025-07-29T01:35:13.000Z,"Yok, Saksikan Facebook Live Wellness Hub Batu Pahat https://facebook.com/WellnessHubBatuPahat/… HENTIKAN CAMPAK - LINDUNGI ANAK KITA 29.07.2025 (selasa) 3.00 PETANG Jangan lupa  saksikan live ini kerana pelbagai info untuk anda dan e-sijil juga disediakan ya!  #WellnessHubBP #MalaysiaSihatSejahtera",https://x.com/MyHEALTHKKM/status/1950007172017840603,0,0,0,629,,-0.0015941262,,False,True,False,False
494,5y41414,2025-07-28T16:01:53.000Z,"Sekolah agama kebanyakan memang palat pun. Tempat buangan budak bermasalah. Yang perangai setan campak sekolah agama. Makpak baghal malas jaga, cuci tangan tunggu kena tarik masuk syurga katanya",https://x.com/5y41414/status/1949862885926338668,2,0,2,863,,0.030828461,,True,True,True,False
495,NuraaAisyah,2025-07-27T15:30:58.000Z,"Used to have friend terpaling masalah hidup suka associate diri with manusia yang clearly jahat lepastu kecewa then balik rumah emo campak barang,hempas bantal everywhere.I finally stepped out from that friendship and tuhan ja tau betapa tenangnya hidup I sekarang",https://x.com/NuraaAisyah/status/1949492716653666693,0,1,5,410,,-0.09702203,campak_as_throw_object,False,True,False,False
496,Lychee_rj,2025-07-26T05:56:29.000Z,"tuhkan army nih lebih gampang dikibulin, disetir, diadu domba sama akun macam si campak ini",https://x.com/Lychee_rj/status/1948985755441005055,0,0,2,153,,-0.06959133,,True,True,False,True
497,Lychee_rj,2025-07-26T01:37:00.000Z,"moots sorry banget. kalian punya kendali atas akun kalian, kalian punya hak buat follow akun siapa aja. yang follow akun si campak ini tolong bub aku ya https://t.co/JW2QqOq6v3",https://x.com/Lychee_rj/status/1948920455345438915,1,0,9,749,,-0.10120969,,True,True,False,True
498,SinarOnline,2025-07-25T12:58:41.000Z,BACA LANJUT: Wanita campak bayi baru lahir dari tingkap apartmen menangis di mahkamah,https://x.com/SinarOnline/status/1948729619081015736,0,0,0,347,,0.11738956,campak_as_throw_object,True,True,False,True
499,SinarOnline,2025-07-25T12:58:40.000Z,"Kes campak bayi baru lahir dari tingkap apartmen, wanita menangis teresak-esak di mahkamah  Tertuduh tidak dapat menahan emosinya setelah ditunjukkan gambar bayi dan barang-barang kes.  Artikel: https://sinarharian.com.my/article/740310/berita/semasa/wanita-campak-bayi-baru-lahir-dari-tingkap-apartmen-menangis-di-mahkamah…  #SinarHarian #beritaterkini #bunuh",https://x.com/SinarOnline/status/1948729615473914093,1,0,1,590,,0.13452995,campak_as_throw_object,True,True,False,True
500,Ozzywindu,2025-07-25T09:40:30.000Z,"I remember dulu kecik my datuk would wrap it daun pisang and aluminium foil, then just campak dalam api... and of course makan with kicap cili padi.",https://x.com/Ozzywindu/status/1948679742749577349,0,0,3,1063,,-0.054916292,campak_as_throw,False,True,False,False
501,SinarOnline,2025-07-25T08:27:18.000Z,BACA LANJUT: Wanita campak bayi baru lahir dari tingkap apartmen menangis di mahkamah,https://x.com/SinarOnline/status/1948661323920757044,0,0,0,337,,0.11738956,campak_as_throw_object,True,True,False,True
502,SinarOnline,2025-07-25T08:27:17.000Z,Wanita campak bayi baru lahir dari tingkap apartmen menangis di mahkamah  Tertuduh dilihat menangis teresak-esak dan terpaksa ditenangkan oleh peguam dan ahli keluarganya   Artikel: https://sinarharian.com.my/article/740310/berita/semasa/wanita-campak-bayi-baru-lahir-dari-tingkap-apartmen-menangis-di-mahkamah…  #SinarHarian #beritaterkini #bunuh,https://x.com/SinarOnline/status/1948661319772897670,1,0,1,434,,0.12876567,campak_as_throw_object,True,True,False,True
503,SinarOnline,2025-07-25T06:43:34.000Z,Wanita campak bayi baru lahir dari tingkap apartmen menangis di mahkamah  Tertuduh dilihat menangis teresak-esak dan terpaksa ditenangkan oleh keluarga dan peguamnya.  #SinarHarian #CampakBayi #Mahkamah,https://x.com/SinarOnline/status/1948635219231473966,0,2,1,539,,0.1681402,campak_as_throw_object,True,True,False,True
504,serambinews,2025-07-25T02:58:14.000Z,"Waspada Campak di Aceh Jaya: 45 Kasus Suspek, Imunisasi Jadi Kunci Pencegahan  Februari dan Maret menjadi bulan paling rawan, dengan jumlah kasus yang melonjak tajam.  #WaspadaCampak #Campak #Aceh #Serambinews",https://x.com/serambinews/status/1948578511780020726,0,0,0,64,,0.21584958,,True,True,True,False
505,MohdJamie,2025-07-25T02:27:40.000Z,Sy layan masa zaman Playstation. Baru tahu buat skills gusti tekan buttons L2 + < >.   Batak masa ni kalahkan adik beradik yg tahu buat skills. Last2 bergaduh la kami campak console.,https://x.com/MohdJamie/status/1948570816926679269,0,0,2,239,,-0.027964339,,True,True,True,False
506,MalaysiaGazette,2025-07-24T15:33:12.000Z,"Kekal dipenjara 35 tahun, culik dan campak mayat wanita dari jambatan  #malaysiagazette",https://x.com/MalaysiaGazette/status/1948406114808381514,0,4,2,510,,-0.02332154,,False,True,False,False
507,detikHealth,2025-07-24T05:14:46.000Z,"Campak Mendadak Naik di Singapura, Inikah Pemicunya?",https://x.com/detikHealth/status/1948250481157091570,0,0,0,349,,0.22049418,,True,True,True,False
508,bungaaranika,2025-07-23T12:51:17.000Z,kesiannya banyak kali kena campak tapi comel sangat la scoups,https://x.com/bungaaranika/status/1948002980089004039,0,0,4,187,,-0.057557374,,True,True,False,True
509,faqihsyakiran,2025-07-22T22:58:05.000Z,"ni bukan awal tau, tapi terpaling awal . Kerja gomen bole la. klau swasta ni OT pon x bayar campak laut jelah teladan ni.",https://x.com/faqihsyakiran/status/1947793299143856623,0,0,2,131,,-0.14987087,,True,True,False,True
510,lemujumarkosa,2025-07-21T03:14:04.000Z,"Sejak ada anak kecik, masa makan memang bersepah macam ni. Tapi aku dengan wife sendiri akan kutip nasi yang tumpah dan segala jenis dia campak-campak. Bagi aku benda ni kita buat dalam masa sama kita tunjuk contoh yang baik pada anak.",https://x.com/lemujumarkosa/status/1947132944478609436,0,0,3,192,,0.02886808,,True,True,True,False
511,KODIM_1409,2025-07-20T03:53:35.000Z,"Komitmen TNI dalam mendukung kesehatan masyarakat kembali terlihat nyata. Babinsa Koramil 04/Tinggimoncong, Aktif melaksanakan pemantauan kegiatan imunisasi Campak Rubella (MR) di wilayah binaannya, di Posyandu Lingkungan Biroro, Kel. Bontolerung, Kec. Tinggimoncong, Kab. Gowa.",https://x.com/KODIM_1409/status/1946780500213092499,0,0,9,56,,0.11825201,,True,True,True,False
512,skumar176,2025-07-20T00:36:15.000Z,Trained hanya untuk terima wang Ikhsan dan expired hampers ! They miss all these “Najibnomics “ hadiah hadiah percuma ! NR rompak berbillion campak ratus ratus ….they miss this golden era of NR ! Cronies ramai lagi diluar dgn harta bermillions juga ….masih untouchable!,https://x.com/skumar176/status/1946730842317115695,0,0,6,60,,-0.09351851,,True,True,False,True
513,hadyflex05,2025-07-19T18:46:17.000Z,"Bang GDRAGON awal anda campak botol air, takut terkejar kejar lagi ker bila start lagu Too Bad hehehe  #GDRAGONinKL #GDinKL #ÜbermenschInKL #GDRAGON #BIGBANG #UbermenschinKL #GD #Ubermensch #권지용 #지드래곤",https://x.com/hadyflex05/status/1946642768610345452,0,3,13,951,,-0.054616645,campak_as_throw_object,False,True,False,False
514,azmi284,2025-07-19T11:34:01.000Z,"sendiri atur anak jadi TP, sendiri atur susun ahli parti sendiri, sendiri campak parti yg dah stabil jadi taik, sendiri buat imej jadi hina pada pandangan rakyat marhen, tetibe dugaan, apa punya retard, menjilat pun jgn over sgt bang, kesian pulak tgk",https://x.com/azmi284/status/1946533983959064647,0,0,4,157,,-0.017994404,,True,True,True,False
515,SinarOnline,2025-07-18T23:39:26.000Z,"""Eh, kalau dah ditolak akar umbi dan tidak ada pengaruh, baguslah campak jauh-jauh, bukan ada kesan pun.",https://x.com/SinarOnline/status/1946354156035588517,1,0,1,444,,0.07198039,,True,True,True,False
516,aniskimchi,2025-07-18T11:38:52.000Z,#JusticeForZaraQairina !!!!!!!! Apa lagi campak Henry Gurney semua tu!!!!!! https://x.com/IntanGraceva/s/IntanGraceva/status/1945905313389158489…,https://x.com/aniskimchi/status/1946172815528591673,0,0,3,2,,-0.0067350566,,True,True,True,False
517,mediaindonesia,2025-07-17T12:40:00.000Z,"SAMPAI saat ini, tidak sedikit orang yang masih menganggap bahwa campak adalah penyakit yang hanya menyerang anak-anak.",https://x.com/mediaindonesia/status/1945825813666136395,0,0,0,414,,0.29203352,,True,True,True,False
518,sopianraza5124,2025-07-17T09:00:49.000Z,Siapa Yang campak teoh?,https://x.com/sopianraza5124/status/1945770654810440116,0,0,2,113,,0.04517615,,True,True,True,False
519,mediaindonesia,2025-07-17T04:41:10.000Z,"SAMPAI saat ini, tidak sedikit orang yang masih menganggap bahwa campak adalah penyakit yang hanya menyerang anak-anak.",https://x.com/mediaindonesia/status/1945705311014428953,1,0,2,503,,0.29203352,,True,True,True,False
520,starlightqeen,2025-07-17T02:57:48.000Z,Berlumut ekk otakkalau sy smpai dah berkaratApapun kita enjoy n kasi hype dulu yg sekarang ni..haters semua campak jauh2,https://x.com/starlightqeen/status/1945679299241288144,1,0,5,58,,-0.20961207,,True,True,False,True
521,isspeasy,2025-07-23T15:09:32.000Z,Japan politics just got spicier.  Dewi Sukarno ngetweet ttg Sanseito (参政党) yg menang besar di pemilu Jepang dan nyebut sbg awal perubahan.  Sanseito ini partai populis-nasionalis yang anti-vaksin & kontroversial.,https://x.com/isspeasy/status/1948037774516662393,1,0,8,1,,-0.0010208786,,False,True,False,False
522,MalaysiaGazette,2025-07-21T07:09:32.000Z,Britain memerangi maklumat salah anti-vaksin selepas kematian kanak-kanak  #malaysiagazette,https://x.com/MalaysiaGazette/status/1947192202557624643,0,0,1,273,,0.06668815,,False,True,False,False
523,desemmmber,2025-07-16T08:53:53.000Z,"Lucu ya, nyinyir banget sama Paket A/B/C dan kuliah karyawan. Padahal yang lulus jalur formal juga banyak yang gak bisa bedain opini dan fakta, percaya hoaks, anti vaksin, takut angin malam, nyalahin setan kalau sakit. Tapi merasa paling berpendidikan.",https://x.com/desemmmber/status/1945406523775262896,1,1,18,526,,0.050536454,,True,True,True,False
524,antaranews,2025-07-29T04:07:53.000Z,Kemenkes menggelar Bulan Imunisasi Anak Sekolah (BIAS) 2025 pada Agustus-November guna melindungi anak-anak dari penyakit menular yang dapat mengganggu tumbuh kembang mereka.  Laman #infografik: https://antaranews.com/infografik/4998293/imunisasi-anak-cegah-penyakit-menular…,https://x.com/antaranews/status/1950045588491210797,0,0,1,379,,0.17728728,,True,True,True,False
525,MyHEALTHKKM,2025-07-16T23:55:02.000Z,Ada apa dengan Demam Campak (Measles) ? Sedarkah anda bahawa demam campak bukan biasa-biasa. Ia boleh menjadi mudarat dan menyebabkan komplikasi yang lebih teruk.    Patuhi jadual imunisasi anak anda. Imunisasi boleh mengurangkan risiko komplikasi demam campak yang lebih teruk.,https://x.com/MyHEALTHKKM/status/1945633306131005822,0,6,3,1695,,0.23599902,,True,True,True,False
526,MiraninonLita,2025-07-22T23:45:22.000Z,(Terjemahan) TERKINI : Robert Kennedy Jr. telah menghapus vaksin Covid dari jadwal vaksinasi anak. Seharusnya ini tidak ada dalam daftar sejak awal. Ini bukan tentang sains. Ini tentang keuntungan dan kontrol.,https://x.com/MiraninonLita/status/1947805199718092895,0,3,5,101,,0.051810145,,True,False,False,False
527,IsackIlamlila,2025-07-30T09:29:57.000Z,Unazungumzia kitumbua kipi labda? Tuanzie hapo,https://x.com/IsackIlamlila/status/1950489030564708424,1,0,2,75,,0.01181528,,False,False,False,False
528,kebunraya_id,2025-07-30T06:15:54.000Z,"Callicarpa rubella adalah spesies semak berbunga dari suku Lamiaceae (keluarga lavender-lavenderan) yang berasal dari Himalaya timur, Cina Selatan, hingga Malesia.   Tumbuhan ini dikenal karena keindahan bunganya yang berwarna merah muda hingga ungu, serta buah beri ungu tua yang",https://x.com/kebunraya_id/status/1950440194928497023,0,2,11,452,,0.11126907,,True,True,True,False
529,tekanplay,2025-08-14T07:40:58.000Z,#AIM24 Best Vocal Duo  1. Adira Suhaimi & Khai Bahar / Pejam 2. Akim Ahmad & Stacy Anam / Ritma & Rima 3. Faizal Tahir & Dato’ M.Nasir / Campak Bintang 4. Hafiz Hamidun & Ruffedge / Batu Hitam 5. Ustaz 3 Beradik & Fadzli Far East / Putusnya Butir Tasbihku,https://x.com/tekanplay/status/1955897418987528401,0,9,5,989,,-0.08982354,,True,True,False,True
530,Lforyourlove,2025-08-13T19:56:06.000Z,"Aku biasanya sama dr. Saskia Nder, sgt komunikatif. Beliau juga ramah banget, dan inget pasiennya gmn, minum obat apa. Aku pas campak kan bolak balik medcen ya, nah beliau juga kasih aku saran dan support yang sangat baikk. Ini objektif sih, beliau suka wanpis jd ak sgt respect",https://x.com/Lforyourlove/status/1955720036607291692,1,2,41,3552,,0.05034545,,True,True,True,False
531,ekstensialsial,2025-08-13T12:15:30.000Z,"DARAH DAN REFORMASI  The ultimate price for freedom is blood. Sebenarnya aku agak terkesan dengan apa yang berlaku kepada YB @rafiziramli   Baru saja minggu lepas dalam sesi santai, aku, @amer7211 dan @sruliam  dengar perkongsian beliau mengenai Deng Xiao Ping.  Deng Xiao Ping",https://x.com/ekstensialsial/status/1955604120578256936,4,28,62,1793,,-0.14339247,,True,False,False,False
532,kumparan,2025-08-12T04:09:31.000Z,Ada Imunisasi Campak Hingga HPV Serentak Bagi Siswa SD dan SMP di Surabaya,https://x.com/kumparan/status/1955119433535435130,0,0,0,826,,0.13596028,,True,True,True,False
533,parkgymho,2025-08-11T03:09:12.000Z,pastu hukuman campak ke sekolah pondok,https://x.com/parkgymho/status/1954741862490845610,0,0,3,113,,0.11355665,campak_as_throw,True,True,False,True
534,swacinta,2025-08-10T15:13:47.000Z,"Dalam relationship, yang penting saling faham — bukan ego. Kalau dia merajuk, pujuk, jangan biarkan. Kalau busy, beritahu supaya dia faham. Kalau bergaduh, slow talk. Campak ego jauh-jauh, barulah hubungan bahagia.",https://x.com/swacinta/status/1954561822834757879,0,28,54,2120,,-0.13932553,,True,True,False,True
535,my_sejahtera,2025-08-10T05:11:36.000Z,"Tahukah Anda Bagaimana Measles (Demam Campak) Merebak?  Jangan tunggu sehingga dijangkiti. Bertindak segera. Tempah slot imunisasi Measles Rubella (MR) untuk perlindungan tambahan anak anda (umur 6 bulan hingga 59 bulan) PERCUMA, hanya di MySejahtera!  #KKMPrihatin #MySejahtera",https://x.com/my_sejahtera/status/1954410279380693018,0,10,11,2735,,0.20088485,,False,True,False,False
536,IamBrandiCarlil,2025-08-09T14:25:45.000Z,"I malem malem badan greges banget dan ternyata paginya ruam campak muncul. Disitu, dia ngajak buat staycation di monop tapi I tolak karena campak dan ternyata dia pesen kamar sebelum bilang jadi kamarnya udah kepesen dan jadinya dia ke monop tanpa I. -",https://x.com/IamBrandiCarlil/status/1954187349208019369,1,0,4,2110,,-0.0647383,,True,True,False,True
537,MalaysiaGazette,2025-08-09T02:04:02.000Z,Campak Ganja Ke Laut Selepas Dikejar Pasukan Polis Marin #MGFlash,https://x.com/MalaysiaGazette/status/1954000690004828234,0,0,2,210,,0.062033296,,True,True,True,False
538,MalaysiaGazette,2025-08-08T13:43:01.000Z,"Kanak-kanak lelaki didakwa bunuh anak kucing, campak dari tempat tinggi",https://x.com/MalaysiaGazette/status/1953814205762503103,0,0,0,360,,-0.06646252,campak_as_throw,False,True,False,False
539,MalaysiaGazette,2025-08-08T11:09:31.000Z,"Remaja Campak Bayi Dari Tingkat 13 Didenda RM10,000 #MGFlash   Seorang remaja, 19 tahun yang mengemparkan negara selepas bertindak mencampak bayi yang baru dilahirkan dari tingkat 13 kediammnya, pada tahun 2020, dikenakan hukuman penjara tiga bulan dan denda RM10,000.",https://x.com/MalaysiaGazette/status/1953775575191195766,5,4,0,803,,0.011643767,campak_as_throw_object,True,True,False,True
540,AyoSehatKemkes,2025-08-08T09:54:54.000Z,"Tau ngga sih, campak itu sangat menular, lewat batuk, bersin, atau barang yang kena virusnya?  Kalau tidak segera ditangani dengan tepat, penyakit ini bisa berakibat fatal lho. Bahkan jika ditemukan ada 2 kasus campak yang saling berhubungan, sudah bisa dikatakan KLB..",https://x.com/AyoSehatKemkes/status/1953756798638555537,4,3,4,699,,0.24276996,,True,True,True,False
541,MalaysiaGazette,2025-08-08T08:02:10.000Z,"MGPerak: Lelaki Dihukum Gantung Bunuh, Campak Mayat Pekerja Bangladesh Dalam Sungai   Seorang lelaki dijatuhi hukuman gantung sampai mati oleh Mahkamah Tinggi Ipoh, pada Jumaat kerana membunuh seorang lelaki warga Bangladesh dengan mayat dijumpai di Sungai Kinta dalam keadaan",https://x.com/MalaysiaGazette/status/1953728426499846324,0,1,0,449,,-0.052525133,,True,True,False,True
542,bharianmy,2025-08-08T06:52:26.000Z,"Bekas pelajar campak bayi baru lahir dari tingkat 13 didenda RM10,000   #BHkes Mahkamah berpendapat pendekatan pemulihan lebih baik berbanding hukuman berbentuk punitif",https://x.com/bharianmy/status/1953710880899969463,0,4,1,1141,,0.081000745,campak_as_throw_object,True,True,False,True
543,xatyrosdi,2025-08-08T06:07:26.000Z,"Walaupun resepi campak-campak, mee goreng bodoh pun husbae puji sedap.",https://x.com/xatyrosdi/status/1953699555817795695,1,0,11,832,,0.0070408583,,True,True,True,False
544,KemnakerRI,2025-08-08T04:58:01.000Z,"Imunisasi itu tameng super bagi anak!  Melindungi dari campak, rubela, difteri, tetanus, hingga kanker leher rahim. BIAS hadir tiap Agustus & November di sekolah, puskesmas, atau posyandu. Jangan lewatkan, biar anak bebas bermain & tumbuh sehat  #GenBerI",https://x.com/KemnakerRI/status/1953682084976898164,6,0,1,1302,,0.15990692,,True,True,True,False
545,fmtoday,2025-08-08T04:34:59.000Z,"Pelajar kolej campak bayi baru lahir didenda RM10,000 #FMTNews #FMTBerita",https://x.com/fmtoday/status/1953676290227380482,0,0,0,826,,0.075782955,campak_as_throw_object,True,True,False,True
546,health_malaysia,2025-08-06T16:27:56.000Z,"Itulah vaksin MR melindungi dari Measles (Campak) dan Rubella. .  “Tapi saya risau kesan vaksin…”  Jangan risau. Vaksin ini sama seperti yang anak pernah terima sebelum ini.Kalau sebelum ini tiada apa-apa yang buruk berlaku,  InshaAllah kali ini pun begitu.",https://x.com/health_malaysia/status/1953130931772117351,1,0,2,332,,0.09400785,,True,True,True,False
547,PelitaRaya2,2025-08-06T04:56:54.000Z,Bapa Macam Ni Lebih Baik Campak Dlm Kandang Buaya,https://x.com/PelitaRaya2/status/1952957026914754829,0,0,4,1206,,-0.0348728,campak_as_throw,True,True,False,True
548,AfralAbdullah,2025-08-06T01:39:23.000Z,Malu lah kalau sebagai Puteri Perang yg baru dia campak  Permatang Pauh 'kerusi keluarga' bawah bas hanya untuk mengejar kerusi selamat untuk menjadi MP. No?,https://x.com/AfralAbdullah/status/1952907322218713440,0,1,2,65,,-0.097764805,,True,True,False,True
549,officialinews_,2025-08-06T01:03:00.000Z,"12 Daerah di Sumut Berstatus KLB Campak, Kasus Terbanyak di Medan",https://x.com/officialinews_/status/1952898165394555061,0,0,0,163,,0.3179835,,True,True,True,False
550,alif_haidar,2025-08-05T16:28:28.000Z,Aku ni layan orang RL memang baik…   Tapi anney ni campak sambal atas Roti Canai macam aku pernah maki2 die pulak…,https://x.com/alif_haidar/status/1952768680653406695,0,1,4,202,,-0.1854196,,True,True,False,True
551,MyHEALTHKKM,2025-08-05T07:35:15.000Z,"Bersama kita pastikan anak-anak membesar dalam persekitaran sihat dan ceria. Hentikan demam campak, lindungi anak kita.   #hentikandemamcampaklindungianakkita #MySejahtera #KKMPrihatin",https://x.com/MyHEALTHKKM/status/1952634492864037011,0,1,1,502,,0.15473807,,False,True,False,False
552,haetteok,2025-08-13T10:18:22.000Z,"gedeg banget kalo ada emak2 anti vaksin yg ngeinfluence yg jelek2, sampe suplementasi vit a aja dikata bisnis kesehatan astagaaaa. klo ga sekolah di bidangnya jangan sotoy gitulo. kalo anak lo sehat2 aja karena ga vaksin ya syukurlah, lingkungan berhasil bentuk imun ke anak lo",https://x.com/haetteok/status/1955574642745422146,1,0,8,281,,0.06744993,,True,True,True,False
553,hariankompas,2025-08-12T07:15:52.000Z,"Sebelum menjadi Menteri Kesehatan, Robert F Kennedy Jr dikenal sebagai tokoh anti-vaksin di Amerika Serikat. Pernyataannya dianggap membelah opini publik.  #Internasional #AdadiKompas",https://x.com/hariankompas/status/1955166329322844638,1,0,1,271,,0.08387393,,True,True,True,False
554,drmusanordin,2025-08-08T10:17:01.000Z,"Dakwaan tular di media sosial kononnya vaksin moden mengandungi virus SV40 yang boleh menyebabkan barah adalah tidak benar! Ia dimanipulasi oleh golongan anti-vaksin menyebarkan disinformasi, sekali gus menggugat kepercayaan masyarakat terhadap vaksin.",https://x.com/drmusanordin/status/1953762362961297505,5,4,12,708,,0.11892572,,True,True,True,False
555,shahnonsalleh,2025-08-07T06:15:52.000Z,Nasiblah dapat Setiausaha Kesihatan anti-vaksin. Lol,https://x.com/shahnonsalleh/status/1953339288847827444,0,0,2,113,,-0.036906242,,False,True,False,False
556,kikintsugi,2025-08-03T11:05:23.000Z,Dee lestari wokatron 3000? Yg betul?  perasaan dulu prnh liat tweet dia yg anti vaksin. Dah lama sih,https://x.com/kikintsugi/status/1951962599035408779,0,0,2,598,,-0.025057971,,True,True,True,False
557,eufonitann,2025-08-03T09:23:14.000Z,"twt terakhir “anti vaksin” nya aja udah sedekade lebih bjir, yall just trying to hate people atp",https://x.com/eufonitann/status/1951936892045263078,0,0,2,285,,0.0029700398,,True,True,True,False
558,iniinainuin,2025-08-03T08:54:02.000Z,Kirain yang anti vaksin atau pro vaccine safe atau apapun istilahnya itu cuma dari kalangan konservatif.,https://x.com/iniinainuin/status/1951929540332212556,0,1,9,2156,,0.04989186,,True,True,True,False
559,ulil,2025-09-17T14:11:50.000Z,"Utas menarik tentang kenapa marak gejala anti-sains di Amerika dlm bentuk sentimen anti-vaksin di era Robert F. Kennedy Jr saat ini.   Menurut Malcolm Clark, penulis utas ini, merosotnya kepercayaan publik di AS pada sains, antara lain, dipicu oleh dukungan sebagian saintis di",https://x.com/ulil/status/1968316972158074910,61,15,58,33,,-0.010536283,,True,True,True,False
560,thoriqmm,2025-09-17T05:21:24.000Z,Siapa yg masih inget kampanye tolol anti vaksin asal Cina jaman COVID dulu? Di sini sekelas profesor dan ((ahli pandemi)) aja percaya.,https://x.com/thoriqmm/status/1968183483999850805,1,16,23,2,,0.07330498,,True,False,False,False
561,oryoism,2025-09-16T06:12:39.000Z,"ni partai udah anti imigran, sekarang anti vaksin dan gue liat dia foto sama charlie kirk.....kmarin dapet banyak suara pula.  oh hell we're doomed",https://x.com/oryoism/status/1967833993015070782,2,1,20,1509,,-0.0085282475,,True,True,True,False
562,Harian_Jogja,2025-09-21T12:15:32.000Z,Bulan Imunisasi Anak Sekolah di Gunungkidul Capai 93 Persen https://jogjapolitan.harianjogja.com/read/2025/09/21/513/1228988/bulan-imunisasi-anak-sekolah-di-gunungkidul-capai-93-persen…,https://x.com/Harian_Jogja/status/1969737255083180217,0,0,0,158,,0.12961945,,True,True,True,False
563,Harian_Jogja,2025-09-20T23:37:00.000Z,"Imunisasi Anak Belum Optimal, IDAI Dorong Edukasi Diperluas",https://x.com/Harian_Jogja/status/1969546363823407580,0,0,0,118,,0.1757128,,True,True,True,False
564,Harian_Jogja,2025-09-20T16:37:00.000Z,Demam Ringan Setelah Imunisasi Anak Bisa Ditangani di Rumah,https://x.com/Harian_Jogja/status/1969440667626566103,0,0,0,162,,0.21469274,,True,True,True,False
565,Harian_Jogja,2025-09-20T14:55:48.000Z,Demam Ringan Setelah Imunisasi Anak Bisa Ditangani di Rumah https://leisure.harianjogja.com/read/2025/09/20/508/1228905/demam-ringan-setelah-imunisasi-anak-bisa-ditangani-di-rumah…,https://x.com/Harian_Jogja/status/1969415201586872718,0,0,0,165,,0.22452661,,True,True,True,False
566,Harian_Jogja,2025-09-20T13:15:03.000Z,"Imunisasi Anak Belum Optimal, IDAI Dorong Edukasi Diperluas https://news.harianjogja.com/read/2025/09/20/500/1228897/imunisasi-anak-belum-optimal-idai-dorong-edukasi-diperluas…",https://x.com/Harian_Jogja/status/1969389846020968795,0,0,0,143,,0.17817858,,True,True,True,False
567,tekidnyali77792,2025-09-27T19:43:38.000Z,Bana kimse zorla bişey yaptıramaz yapıyorsam da kesın berbat yapıyorum onu oyuzden emir kipi degıl rica …!,https://x.com/tekidnyali77792/status/1972024351970283930,0,0,3,66,,-0.088369526,,False,False,False,False
568,antaranews,2025-09-25T07:16:56.000Z,Anggota Komisi IX DPR RI Nurhadi mengingatkan pemerintah untuk memperkuat sistem deteksi dini sebagai langkah mengendalikan kasus campak,https://x.com/antaranews/status/1971111664201388367,0,0,0,319,,0.21468589,,True,True,True,False
569,wingerbbqkfc,2025-09-23T02:57:59.000Z,"Kuliahnya turun lapangan di Madura buat penyelidikan kasus campak nih min, ditemenin bocil2",https://x.com/wingerbbqkfc/status/1970321720583369126,2,0,3,679,,0.11042145,campak_as_throw,True,True,False,True
570,BeritaJakarta,2025-09-19T02:40:02.000Z,Suku Dinas Kesehatan Jakarta Selatan bergerak cepat dalam menangani kasus campak dan rubella yang tersebar di beberapa wilayah.  #BacadiBJ #beritajakarta #dkijakarta #JAKI #WeLoveJakarta,https://x.com/BeritaJakarta/status/1968867652350173644,1,0,0,596,,0.24028471,,True,True,True,False
571,BeritaJakarta,2025-09-16T02:31:06.000Z,Sudinkes Jakut Gercep Tangani Kasus Campak di Semper Barat  #BacadiBJ #beritajakarta #dkijakarta #JAKI #WeLoveJakarta,https://x.com/BeritaJakarta/status/1967778240627609611,0,0,0,511,,0.15600449,,True,True,True,False
572,LimYiWei4MY,2025-09-29T08:55:56.000Z,"Imunisasi Measles & Rubella (MR) PERCUMA!   5 Oktober 2025 (Ahad)  8AM - 12PM Dewan Serbaguna MBPJ SS3, Petaling Jaya (https://share.google/ZZCRBcTjmL6NTPIcu…)",https://x.com/LimYiWei4MY/status/1972586129896722556,1,0,2,304,,0.14195183,,True,True,True,False
573,JaPenWPKL,2025-09-29T06:30:27.000Z,9. Pharmacy Integrated Community Care (PICC) 10. Vaksinasi Solusi Penularan Penyakit Berjangkit 11. Aktiviti Imunisasi Tambahan Measles Dan Rubella Kepada Kanak-Kanak 12. Penghargaan SARA: Bantuan Tunai RM100 one-off 13. Manfaat Rakyat BUDI MADANI RON 95,https://x.com/JaPenWPKL/status/1972549517900988609,1,0,2,96,,0.14264333,,False,True,False,False
574,JaPenWPKL,2025-09-28T06:18:12.000Z,8. Drug Information For Deaf Community (DIDCOM) 9. Pharmacy Integrated Community Care (PICC) 10. Vaksinasi solusi penularan penyakit berjangkit 11. Aktiviti Imunisasi Tambahan Measles dan Rubella kepada kanak-kanak 12. Penghargaan SARA: Bantuan tunai RM100 one-off,https://x.com/JaPenWPKL/status/1972184044533436426,1,0,2,33,,0.08466995,,False,True,False,False
575,JaPenWPKL,2025-09-28T05:56:10.000Z,9. Pharmacy Integrated Community Care (PICC) 10. Vaksinasi solusi penularan penyakit berjangkit 11. Aktiviti Imunisasi Tambahan Measles dan Rubella kepada kanak-kanak 12. Penghargaan SARA: Bantuan tunai RM100 one-off 13. Manfaat rakyat BUDI MADANI RON 95,https://x.com/JaPenWPKL/status/1972178500879880512,1,0,2,61,,0.14264333,,False,True,False,False
576,secebisan,2025-10-14T15:06:47.000Z,"Campak campak, siap.",https://x.com/secebisan/status/1978115272046158131,1,1,6,649,,0.14848098,,False,True,False,False
577,starryhannoah,2025-10-13T08:35:29.000Z,Klw keje senang cari dh lama aku campak surat..,https://x.com/starryhannoah/status/1977654413406998931,0,0,5,75,,-0.17895623,,True,True,False,True
578,ASTROARENA,2025-10-12T04:51:07.000Z,"Kelayakan Piala Dunia: Penyokong Indonesia nangis, campak botol dalam padang",https://x.com/ASTROARENA/status/1977235560009023878,8,33,92,11300,,0.016642064,campak_as_throw_object,True,True,False,True
579,AKUANAKWATAN,2025-10-12T04:02:40.000Z,"Barang siapa yg redha dgn puak2 sokong arak demi politik  , dia adalh golongan sesat tersebut. Sesungguhnya orang munafik lebih awal di campak masuk Jahannam drpd org kafir",https://x.com/AKUANAKWATAN/status/1977223367980920990,0,0,2,59,,-0.03829661,,True,True,False,True
580,Beritasatu,2025-10-11T06:01:03.000Z,"Kasus Campak Naik Lagi, Pakar UGM Ingatkan Pentingnya Imunisasi",https://x.com/Beritasatu/status/1976890770448605475,0,0,0,684,,0.24082148,,True,True,True,False
581,azolkipli,2025-10-10T14:05:12.000Z,badan cepat panas kalau lepas kena campak kebawah bas.,https://x.com/azolkipli/status/1976650224736383174,0,0,3,304,,-0.0040047765,,True,True,True,False
582,mustovtwit,2025-10-10T04:22:56.000Z,"nanti kl trjd lg KLB campak bbrp tahun kemodian, ya ndak usah diributkan. aksi&konsekuensi.",https://x.com/mustovtwit/status/1976503690673651904,0,0,8,1586,,0.078460306,,True,True,True,False
583,kompascom,2025-10-10T04:00:39.000Z,"Kematian beberapa anak akibat campak di Sumenep, Madura, membuat penyakit ini kembali jadi sorotan publik.   Baca di sini: https://kompas.com/tren/read/2025/10/10/103000665/kasus-campak-di-sumenep-melonjak-ahli-ugm-sebut-cara-pencegahannya-mirip…  ~KN #Campak #Sumenep #pencegahan",https://x.com/kompascom/status/1976498082452996559,1,1,0,2013,,0.19928655,,True,True,True,False
584,rosli_ramlah,2025-10-09T08:12:20.000Z,Muka x tahu malu...sepatutnya campak jea dia nie dalam laut.,https://x.com/rosli_ramlah/status/1976199033397051524,1,0,2,29,,-0.14774516,,True,True,False,True
585,FaisalalRahman4,2025-10-07T06:32:40.000Z,Rela jadi tunggul Rela jadi patung Tunggu dilelong Suruh angguk-angguk Suruh geleng-geleng  Oh puji lah aku Ampu lah aku Senang hidupmu Ada tangan tadah Ada maruah campak  Pandir Oooh pandir,https://x.com/FaisalalRahman4/status/1975449175597928879,1,1,2,104,,-0.08495874,,True,True,False,True
586,hasifx63,2025-10-07T01:37:07.000Z,"Resign, deny citizenship, deny segala elaun mak nenek pencen la pinggan mangkuk apa semua. Campak gi pulau babi besar",https://x.com/hasifx63/status/1975374798672007253,0,0,12,3705,,-0.032198355,,True,True,False,True
587,MyHEALTHKKM,2025-10-07T01:35:51.000Z,https://youtube.com/watch?v=0P3m08PeUac…  Saksikan perkongsian mengenai Jom Cegah Penyakit Demam Campak dan Rubella melalui rakaman sesi TikTok Live MyHEALTHKKM yang telah diadakan pada 1 Oktober 2025 lalu. #MalaysiaSihat #SihatItuSaya,https://x.com/MyHEALTHKKM/status/1975374481230373318,0,0,1,1254,,0.009516567,,False,True,False,False
588,HjRajit,2025-10-06T10:07:37.000Z,KEMUT TORTILEY otw ke Gaza Campak jargon dlm kapal ni,https://x.com/HjRajit/status/1975140881268379662,0,0,2,630,,-0.06427941,,False,True,False,False
589,inoko0202,2025-10-04T17:16:44.000Z,Tolong campak beruk ni sungai yg ada buaya please,https://x.com/inoko0202/status/1974524096533971313,0,0,32,2,,-0.21288799,,True,True,False,True
590,k_izzuddin,2025-10-04T14:34:18.000Z,Patut campak ke laut jah ni,https://x.com/k_izzuddin/status/1974483221640519721,1,0,8,11,,-0.15798546,campak_as_throw,False,True,False,False
591,danimeiosis,2025-10-03T14:57:50.000Z,Wow diorg campak aku masuk group ngan laki!!! Sampai hati!!!,https://x.com/danimeiosis/status/1974126755020771712,1,0,4,137,,-0.052842796,,True,True,False,True
592,ikhwzul325,2025-10-03T14:37:08.000Z,Resepi Sotong Goreng Tepung.  Bahan-bahan:  1. Tepung 2. Rizalman  Cara masak:  - Campak Rizalman dalam tepung - Goreng sampai rangup,https://x.com/ikhwzul325/status/1974121546974392364,1,1,4,570,,-0.07770223,,True,True,False,True
593,antaranews,2025-10-03T10:04:00.000Z,Kanada mencatat kematian kedua akibat campak setelah penyakit tersebut mulai mewabah pada Oktober 2024.   https://m.antaranews.com/berita/5151433/kanada-catat-kematian-kedua-akibat-campak-sejak-oktober-2024…,https://x.com/antaranews/status/1974052810703462491,0,0,0,241,,0.17232707,,True,True,True,False
594,ksopkalianget,2025-10-03T07:14:08.000Z,Kantor Kesyahbandaran dan Otoritas Pelabuhan (KSOP) Kelas IV Kalianget mendampingi Balai Besar Kekarantinaan Kesehatan (BBKK) Surabaya dalam kegiatan Pengawasan Pelaku Perjalanan di Daerah KLB Campak di Terminal Penumpang Pelabuhan Pelindo Kalianget.,https://x.com/ksopkalianget/status/1974010061379846316,0,0,2,70,,0.16142073,,True,True,True,False
595,hmetromy,2025-10-03T00:25:59.000Z,"#Montreal Pada Jun lalu, seorang bayi pramatang yang menghidap campak meninggal dunia di Kanada, tetapi pihak berkuasa berkata bayi itu mempunyai komplikasi perubatan lain dan tidak mengesahkan punca sebenar kematian.",https://x.com/hmetromy/status/1973907347857658223,0,0,1,875,,0.23355487,,False,True,False,False
596,asmuifaizz,2025-10-02T16:37:51.000Z,"Bio tulis ""membaca"" ceehh, do some research first dude, bawak bertaubat campak fitnah tu",https://x.com/asmuifaizz/status/1973789538473697343,0,0,13,582,,-0.057047352,,True,True,False,True
597,HobinJangHobin_,2025-10-02T15:35:24.000Z,"Lepas AS batalkan visa Presiden Columbia, Gustavo Petro,  Menteri Luar dan Menteri Kewangan pun 'campak buang' visa mereka sebagai tanda solidairiti kepada Mr Presiden.  Hubungan diplomatik Columbia - AS semakin tegang.  The real 'NARCOS'",https://x.com/HobinJangHobin_/status/1973773820600402093,1,18,55,7,,0.03701137,,True,True,True,False
598,_JaeLicious_,2025-10-02T15:23:05.000Z,"Dengan izin Allah, segala bantuan yang mereka sempat campak ke laut sampai ke pantai di Gaza, amin",https://x.com/_JaeLicious_/status/1973770720829374544,0,3,6,88,,0.041805267,campak_as_throw,True,True,False,True
599,CNNIndonesia,2025-10-02T09:10:01.000Z,"Pemprov DKI Jakarta kembali menggelar program Bulan Imunisasi Anak Sekolah (BIAS) untuk melindungi anak usia sekolah dari penyakit berbahaya yang dapat dicegah dengan imunisasi.  Program ini menyasar siswa Sekolah Dasar (SD) kelas 1, 2, dan 5. Pada Agustus, siswa kelas 1",https://x.com/CNNIndonesia/status/1973676836002713984,0,1,3,2,,0.22002724,,True,True,True,False
600,kompascom,2025-10-02T09:01:17.000Z,"KLB Campak di Sumenep Berisiko Terulang, Imunisasi Jadi Kunci http://dlvr.it/TNQVmq",https://x.com/kompascom/status/1973674636404838774,0,0,1,1,,0.19426605,,True,True,True,False
601,MalaysiaGazette,2025-10-02T05:39:50.000Z,"Tenang, Senyum! Aktivis GSF Campak Handphone Ke Laut Sebaik Tentera IDC Ceroboh Naik  #malaysiagazette",https://x.com/MalaysiaGazette/status/1973623939625787715,0,0,1,253,,-0.043222383,,False,True,False,False
602,MalaysiaGazette,2025-10-02T05:28:18.000Z,"Tenang, Senyum! Aktivis GSF Campak Handphone Ke Laut Sebaik Tentera IDC Ceroboh Naik  . . . #GSF #GlobalSumudFlotilla",https://x.com/MalaysiaGazette/status/1973621040397033607,0,0,1,311,,-0.016986936,,True,True,True,False
603,allebarraalleb,2025-10-01T18:28:12.000Z,hilang terus. Last dia akn campak phone dlm laut.,https://x.com/allebarraalleb/status/1973454917630304592,0,3,24,5,,-0.22632153,,True,True,False,True
604,taRRkam,2025-10-01T08:58:01.000Z,"ternyata kena campak ges, mohon maap buat temen2 yang sempet kontak langsung dengan saya (ape) pas di santafest sabtu lalu. semoga gak ada yang tertular ya.",https://x.com/taRRkam/status/1973311429353807985,4,5,17,2,,0.1250003,,True,True,True,False
605,e100ss,2025-10-01T07:41:12.000Z,"Ahli Ingatkan Campak Bukan Flu Biasa, Komplikasi Bisa Menjurus ke Kematian",https://x.com/e100ss/status/1973292098385576041,0,0,1,1,,0.2531683,,True,True,True,False
606,f4kr0ls00d,2025-10-01T04:51:06.000Z,Kesian azmin. Dgn pkr 21 tahun. Bila dgn bersatu baru 5 tahun dah kena campak bawah bas.,https://x.com/f4kr0ls00d/status/1973249289859244489,11,13,82,2,,-0.023839176,,True,True,True,False
607,SinarOnline,2025-10-04T09:40:44.000Z,"Sambil beli buku, dapatkan suntikan vaksin tambahan MR  Klinik Kesihatan Seksyen 7 tawar 30–50 dos vaksin MR percuma untuk kanak-kanak 6 bulan–5 tahun sempena Jualan Gudang Karangkraf 2025. #sinarharian #JualanGudang #Karangkraf",https://x.com/SinarOnline/status/1974409343413223462,0,1,2,575,,-0.05371207,,False,True,False,False
608,TrooperPool95,2025-10-14T11:11:18.000Z,Tp mak pak yg anti vaksin camne lak tok?,https://x.com/TrooperPool95/status/1978056011618361785,1,0,2,24,,0.09089133,,True,True,True,False
609,Ninamaaaaaaa,2025-10-11T14:57:03.000Z,Eeh kok sama ya... Ane jg anti vaksin.. Nd gk ada vaksin Cupid yg masuk kebdn ane... Pembodohan yg hakiki tu fucksin,https://x.com/Ninamaaaaaaa/status/1977025661203366339,1,0,2,29,,0.03935185,,True,True,True,False
610,Acadhakim,2025-10-06T12:28:33.000Z,Teringat dlu2 anti vaksin ckp siapa amek vaksin bakal jadi zombi lagi 2 tahun  Ada sesiapa dh jadi Zombi ke? Ke dh naik train gi memane,https://x.com/Acadhakim/status/1975176348407865769,0,1,7,475,,0.047249377,,True,True,True,False
611,dafinabalqis,2025-10-13T07:33:19.000Z,"Setelah hampir empat minggu melalui sakit, sembuh, sakit, sembuh, vaksin, lalu dilanjut KIPI, berat badan anak-anak turun. Tentu zajaaa mamanya emosiiiii ngasih makan.  Akhirnya, alhamdulillah hari ini dua sesi makan berhasil, snack BB booster-nya juga berhasil dimakan",https://x.com/dafinabalqis/status/1977638767667429411,3,0,2,242,,-0.014627993,,True,True,True,False
612,JanackovicDejan,2025-10-13T05:37:44.000Z,Kipi..,https://x.com/JanackovicDejan/status/1977609681167401423,1,0,3,28,,-0.07181565,,True,False,False,False
613,VIVAcoid,2025-10-30T15:13:08.000Z,Gawat! Empat Kecamatan di Cilegon KLB Penyakit Campak,https://x.com/VIVAcoid/status/1983915079512027381,0,0,5,5,,0.30433357,,True,True,True,False
614,queequeg510,2025-10-30T05:35:27.000Z,"Pembangkang penakut!! Berani dlm medsos aje tapi bila diajak berdepan, menikus/menghilangkan diri. Mana pergi telo aok sume? Dah hilang kena campak masuk laut Khalzum?",https://x.com/queequeg510/status/1983769697800876293,0,0,24,1,,-0.06567453,,True,True,False,True
615,infoPKU,2025-10-30T04:32:21.000Z,"Sebagai tindak lanjut, Dinkes Riau mulai melaksanakan imunisasi tambahan campak di Kota Pekanbaru sejak 27 Oktober hingga 10 November 2025.  Selengkapnya",https://x.com/infoPKU/status/1983753818249789697,0,0,0,186,,0.21202868,,True,True,True,False
616,cnbcindonesia,2025-10-29T07:05:08.000Z,"Aqua Cs Jadi Sorotan- Kasus Campak, Lockdown Mengintai Kanada",https://x.com/cnbcindonesia/status/1983429879279562882,0,0,0,244,,0.06555995,,True,True,True,False
617,mstaronline,2025-10-29T01:38:29.000Z,"Budak umur 5 tahun campak adik dari tingkat 4, saksi lemah lutut tengok mayat bayi berusia 21 hari",https://x.com/mstaronline/status/1983347675941745037,0,0,0,277,,-0.019489676,,True,True,True,False
618,cnbcindonesia,2025-10-28T22:35:08.000Z,"Ribuan Kasus Campak Guncang Kanada, Lockdown Mengintai",https://x.com/cnbcindonesia/status/1983301535422672910,0,0,0,354,,0.14370808,,True,True,True,False
619,Marchfoward,2025-10-28T14:28:20.000Z,"Israel kini sedang dilanda Wabak Campak   8 bayi disahkan meninggal dunia dan lebih 5,000 kes ketika ini dan telah merebak ke 9 kawasan seluruh negara haram itu  Sebelum ini jangkaan Kementerian Kesihatan Israel bahawa wabak ini akan tersebar di kawasan vaksinasi rendah di Baitul",https://x.com/Marchfoward/status/1983179029042860284,7,541,1248,45,,0.20814237,,False,True,False,False
620,baebeejeong,2025-10-28T09:21:03.000Z,Saya boleh tolong campak dia masuk gaung @twicetional,https://x.com/baebeejeong/status/1983101696160223587,2,0,2,607,,-0.148008,,True,True,False,True
621,hmetromy,2025-10-28T06:11:46.000Z,#baitulmaqdis #Global  Israel kini berdepan dengan wabak campak yang meragut nyawa lapan bayi ketika pihak berkuasa berusaha mengekang penularan virus yang sangat mudah berjangkit itu.,https://x.com/hmetromy/status/1983054064134021199,0,3,6,1,,0.13050362,,False,True,False,False
622,EncikSood,2025-10-27T12:33:17.000Z,cannot cane? so just campak him dalam kandang buaya lah. free feed,https://x.com/EncikSood/status/1982787687560990935,1,3,17,830,,-0.14832525,,True,True,False,True
623,DeathtoKoruptor,2025-10-27T10:14:54.000Z,"Ini betul2 politik najis wei..  Sampai anak, cucu org tu dia petik dan campak sekali dlm loji kumbahan....",https://x.com/DeathtoKoruptor/status/1982752859486900342,0,2,5,200,,0.0025680661,,True,True,True,False
624,teesqaa,2025-10-27T08:54:34.000Z,Gue kena campak,https://x.com/teesqaa/status/1982732645311324293,4,0,3,2,,0.09112099,,True,True,True,False
625,gregorybudiman,2025-10-25T16:48:18.000Z,Beda Campak dan Demam Chikungunya #drgregopinion,https://x.com/gregorybudiman/status/1982127087025611033,0,1,3,447,,0.1344401,,True,True,True,False
626,gregorybudiman,2025-10-25T16:48:09.000Z,Beda Campak dan Demam Chikungunya #drgregopinion,https://x.com/gregorybudiman/status/1982127048479908195,1,2,7,332,,0.1344401,,True,True,True,False
627,JLantak,2025-10-25T08:56:26.000Z,Campak bawah meja gitu jer..hahaha.. walaun pon dah x rindu abahdin bace doa.. dorg duk sibuk angkat ATOK SAKA lg..hahaha,https://x.com/JLantak/status/1982008339682005216,0,0,4,518,,-0.15029034,,True,True,False,True
628,shangjueqian,2025-10-25T08:01:54.000Z,"Lebih parah dulu make nya koransedangkan nenek moyang kita make air makanya di indo banyak sumur ya buat pupita,mandi,cuci baju makanya gada sejarah nusantara kena virus blackdeath ada juga paling campak,dbd,tipes",https://x.com/shangjueqian/status/1981994615986442718,0,0,2,662,,0.07661325,,True,True,True,False
629,razinsenpai,2025-10-23T11:15:54.000Z,"Aku tiap minggu buat Doq untuk bekal aku buat pergi kerja. Panaskan minyak, potong kobis, gaul sikit dengan garam, campak dalam minyak dalam 15-20 minit. Setel.",https://x.com/razinsenpai/status/1981318660619968827,3,0,10,14,,-0.25058627,campak_as_throw,True,True,False,True
630,bharianmy,2025-10-23T04:59:56.000Z,"AS catat kes campak tertinggi sejak 1992  #BHDunia Sebanyak 1,595 kes dilaporkan di 42 wilayah dalam negara, manakala 23 kes membabitkan pelawat antarabangsa ke AS, menurut Pusat Kawalan dan Pencegahan Penyakit (CDC) AS.",https://x.com/bharianmy/status/1981224046638592120,0,0,0,692,,0.15943912,,True,True,True,False
631,OHeyaroslie,2025-10-23T00:36:09.000Z,Hari ni mmg hampir semua dia campak ke C3 and C4 ehh,https://x.com/OHeyaroslie/status/1981157660780351561,0,0,2,53,,-0.04225406,campak_as_throw,True,True,False,True
632,IchiXIV,2025-10-22T10:50:53.000Z,"Eja bodoh, tapu tiap hari meratib lib***d lib'x*d. Bukan setakal hafalan, moral dia pun dah campak tong sampah.",https://x.com/IchiXIV/status/1980949975623512280,1,1,5,88,,-0.16506246,,True,True,False,True
633,ggyuluvr,2025-10-21T08:01:19.000Z,i dah bagitau my friends if anyone angkat phone tinggi im gonna campak macam soobin did,https://x.com/ggyuluvr/status/1980544917341610220,1,0,3,1,,-0.02428925,,True,True,True,False
634,e100ss,2025-10-20T11:33:33.000Z,Status KLB Masih Berlaku Walau Wabah Campak di Sumenep Sudah Landai,https://x.com/e100ss/status/1980235937696379223,0,0,2,1,,0.30197296,,True,True,True,False
635,TirtoID,2025-10-20T10:50:00.000Z,Sumenep Masih Berstatus KLB Campak Meski Laporan Kasus Melandai,https://x.com/TirtoID/status/1980224978189754652,0,0,2,1,,0.1871868,,True,True,True,False
636,pyoyot28,2025-10-20T00:13:52.000Z,"Sama kasus kek yg bilang vaksin campak haram, al hasil metong semua",https://x.com/pyoyot28/status/1980064891815051342,0,0,146,4,,0.060419083,,True,True,True,False
637,sheilaanin_,2025-10-19T12:36:31.000Z,imunisasi dl coba biar ngga kena campak wkwk,https://x.com/sheilaanin_/status/1979889398629167326,0,0,4,142,,0.14299029,,True,True,True,False
638,meutiafaradilla,2025-10-19T08:31:30.000Z,"Ngekos pertama kali, keracunan makanan --> sendirian. Untung ada mbak kos, bisa titip beli bubur.   Ngekos kedua kali, kena: covid, diare berkepanjangan (karena stress), dan campak. Sendirian juga. Thanks to abang gofood. Boncos, boncos dah gw",https://x.com/meutiafaradilla/status/1979827736849056104,1,0,3,319,,-0.10390629,,True,True,False,True
639,aminfuad_10,2025-10-17T07:20:28.000Z,FAM kena campak bawah bas,https://x.com/aminfuad_10/status/1979085084771672574,1,8,14,1,,-0.057430148,,True,True,False,True
640,jeophyte,2025-10-16T23:53:31.000Z,"emak gue sepagi ini  : dek kamu kalo ada vaksin campak, vaksin aja : kenapa? biar ga dicampakan? : hais! kamu tuh belom pernah campak dan cacar tau : dicampakan aja udah sih ma",https://x.com/jeophyte/status/1978972606666555400,3,0,1,629,,0.13925728,,True,True,True,False
641,myoongispaces,2025-10-16T09:28:15.000Z,"“aku meme minak ko ore tino, namun ku bukey boyo” dia ni kalau campak mana pun hidup nok. semua dia bedal",https://x.com/myoongispaces/status/1978754855607959955,1,0,3,294,,-0.176258,,True,True,False,True
642,gregorybudiman,2025-10-16T02:02:35.000Z,"Apa betul IGD2 di RS wilayah Tangerang pada penuh? Ada cerita pasien anak dg campak, KU jelek sudah dibawa ke 3 RS ditolak semua krn penuh dan akhirnya ditangani di Puskesmas tapi tidak tertolong.",https://x.com/gregorybudiman/status/1978642699919241279,0,0,3,263,,0.26344338,,True,True,True,False
643,arvkevin,2025-11-27T23:13:16.000Z,Ini sangat whataboutism tapi pendekatan serupa juga terjadi pada (paling tidak) kasus campak yang merebak. Belum ada deklarasi KLB karena............   Semoga Allah segera angkat orang2 yang membiarkan bencana ini terjadi.,https://x.com/arvkevin/status/1994182766288593251,2,6,14,1,,0.16803521,,True,True,True,False
644,masnshne_,2025-12-13T05:53:22.000Z,Wow livenation buat body scan. Ada kena campak keluar,https://x.com/masnshne_/status/1999719275175772560,4,1,5,705,,0.07972443,,False,True,False,False
645,amer7211,2025-12-12T23:57:37.000Z,Kita tengok nanti fencesitter campak PKR atau PH bawah bas.,https://x.com/amer7211/status/1999629745944953308,1,0,6,78,,-0.0026875138,,True,True,True,False
646,AR7IANO,2025-12-12T19:10:47.000Z,Campak,https://x.com/AR7IANO/status/1999557562052550947,0,4,41,1359,,0.08344188,,True,True,True,False
647,bi_bbile,2025-12-12T00:13:13.000Z,"campak ternyata luar biasa sakit nya  badan, sendi, tulang sakiit bgt demam, pusing ruam/bintik merah smpe ke muka",https://x.com/bi_bbile/status/1999271286300901737,1,0,4,698,,0.2351175,,True,True,True,False
648,AqimNizar,2025-12-11T12:47:53.000Z,Tuan ibharim campak mahiaddin bawah bas ka ni,https://x.com/AqimNizar/status/1999098815455097005,2,4,14,1,,-0.066125765,,True,True,False,True
649,SenjuShinju,2025-12-10T14:34:07.000Z,"Campak an se lah lai, mati karancak an ma baruk tu",https://x.com/SenjuShinju/status/1998763162313855417,1,0,15,1,,-0.08914542,,True,True,False,True
650,AqimNizar,2025-12-10T07:20:14.000Z,Berita april tu  Sekarang salah kne campak bawah bas,https://x.com/AqimNizar/status/1998653969552519663,2,1,2,70,,-0.13921882,,True,True,False,True
651,alphatraa,2025-12-08T18:36:29.000Z,disaat bnyk pilihan knpa gua ttp milih dia idk why walaupun gua udh di campak kan i know im crazy,https://x.com/alphatraa/status/1998099380545655066,2,0,13,3772,,-0.062248662,,True,True,False,True
652,BPJSKesehatanRI,2025-12-08T11:03:57.000Z,"Salam. Dijamin ya Sahabat. Perihal imunisasi yang ditanggung BPJS Kesehatan adalah Vaksin BCG, Hepatitis B, DPT, dan Polio dan Campak dan pelayanan dapat dilakukan di Faskes Tingkat I terdaftar. Silakan dapat melakukan konfirmasi ke Faskes terdaftar, ya. Terima kasih. :) -lia",https://x.com/BPJSKesehatanRI/status/1997985495406817471,0,0,0,162,,0.097623825,,True,True,True,False
653,AqimNizar,2025-12-08T07:23:53.000Z,Rasanya siapa yg betul2 kne campak bawah bas tu?,https://x.com/AqimNizar/status/1997930114143916219,1,1,3,41,,-0.07099515,,True,True,False,True
654,AzizulMuslim,2025-12-07T22:06:21.000Z,corner campak towel? memang teruk betul tu.,https://x.com/AzizulMuslim/status/1997789807720948034,0,0,4,1,,-0.07003805,,True,True,False,True
655,jllmisai,2025-12-06T14:58:44.000Z,Kesian member kena campak bawah bas..,https://x.com/jllmisai/status/1997319802990596500,0,10,36,7178,,-0.10094373,,True,True,False,True
656,nase_shi,2025-12-02T00:20:00.000Z,"Pengen nangis banget ini kakiku bengkak karena campak, dibawa jalan sakit, lututku juga ngilu kalo nekuk banget kayak duduk simpu atau duduk sila sedangkan aku streaming duduknya lesehan, ini mau kerja pun harus nahan ngilu jalan dari parkiran ke kantor",https://x.com/nase_shi/status/1995649112180662362,2,0,5,248,,0.010291606,,True,True,True,False
657,cnbcindonesia,2025-12-01T12:27:14.000Z,"Kasus Campak Meledak di Seluruh Dunia, WHO Ungkap Pemicunya",https://x.com/cnbcindonesia/status/1995469739444113645,0,0,0,193,,0.31630525,,True,True,True,False
658,detikcom,2025-12-01T09:47:00.000Z,"IDAI mendesak pembentukan posko imunisasi darurat di daerah bencana untuk mencegah lonjakan penyakit, terutama campak, akibat rendahnya cakupan imunisasi.",https://x.com/detikcom/status/1995429413954220127,0,1,1,1943,,0.29824623,,True,True,True,False
659,detikHealth,2025-12-01T09:20:00.000Z,"IDAI mendesak pembentukan posko imunisasi darurat di daerah bencana untuk mencegah lonjakan penyakit, terutama campak, akibat rendahnya cakupan imunisasi. https://health.detik.com/berita-detikhealth/d-8237584/anak-anak-korban-bencana-sumatera-dihantui-risiko-campak-imbas-imunisasi-rendah?utm_campaign=detikcomsocmed&utm_medium=oa&utm_source=twitter&utm_content=detikhealth…",https://x.com/detikHealth/status/1995422619198177544,0,0,0,397,,0.2811399,,True,True,True,False
660,IbnuGhouse,2025-12-01T06:36:04.000Z,"Rca-campak RR bawah bas,hasilnya pkr terbabas",https://x.com/IbnuGhouse/status/1995381366662611217,0,2,3,350,,-0.058698982,,True,True,False,True
661,gregorybudiman,2025-12-13T15:04:25.000Z,Penyesat2 di bidang kesehatan:  1. Anti vaksin 2. Anti karbohidrat tidak setuju Gizi seimbang 3. Anti aerobik (fanatik ke weight training) 4. Anti farmakoterapi diganti dg vitamin/suplemen megadose.,https://x.com/gregorybudiman/status/1999857950127735103,0,1,3,235,,0.05386421,,True,True,True,False
662,blue_berets7,2025-12-02T12:03:02.000Z,"""ID DIGITAL AKAN MENGHAPUS ANTI-VAKSIN""",https://x.com/blue_berets7/status/1995826038157574519,0,5,9,335,,0.07268757,,False,True,False,False
663,nurfajar_banser,2025-12-13T09:12:56.000Z,Efek samping vaksin covid menyebabkan terjadinya kerusakan jantung,https://x.com/nurfajar_banser/status/1999769497591599396,0,0,2,333,,0.0867016,,True,False,False,True
664,onim_moni,2025-12-13T15:21:09.000Z,Bana bir defa emir kipi kullanarak konuşmak = benle bi daha konuşamamak,https://x.com/onim_moni/status/1999862161401885143,0,0,2,85,,-0.06484403,,False,False,False,False
665,LilbunGoozu,2025-12-14T20:48:45.000Z,Meet Rubella!,https://x.com/LilbunGoozu/status/2000306990682435994,2,1,4,200,,0.1241281,,True,True,True,False
666,saedah789,2025-12-30T05:19:58.000Z,Sikit hari lagi Bersatu Akan campak lebai2 semua bawah bus,https://x.com/saedah789/status/2005871463044354176,1,1,13,838,,-0.10248084,,True,True,False,True
667,bharianmy,2025-12-29T15:56:59.000Z,Dr Afifah dakwa Nubhan campak barang dari rumah dihuni dengan anak-anak  #BHHiburan Bekas isteri Nubhan buat pendedahan di platform Threads mengenai penyanyi itu yang didakwa bawa keluar barang-barang dari rumah tanpa notis.,https://x.com/bharianmy/status/2005669383339987255,1,0,0,1075,,-0.030655056,campak_as_throw_object,True,True,False,True
668,apanakdikato,2025-12-29T14:19:24.000Z,Walaun kata hadi awang campak 1 batu kena 7 burung  Akhirnya terkena burung sendiri,https://x.com/apanakdikato/status/2005644827246105058,0,4,25,560,,-0.07703909,,True,True,False,True
669,Skits0v,2025-12-29T02:57:40.000Z,150 cm ni kalau gaduh senang campak kan?,https://x.com/Skits0v/status/2005473263225561283,0,0,2,228,,-0.00823316,,True,True,True,False
670,2l3y20,2025-12-28T15:11:42.000Z,Ada laa no 5 sebelum tj campak raket,https://x.com/2l3y20/status/2005295602385727629,0,0,2,137,,-0.023464084,,True,True,True,False
671,lantip,2025-12-28T13:26:09.000Z,"kalau belajar sejarah,  sejak 60-an itu seluruh anak di indonesia hampir dipastikan sudah diimunisasi campak.  tp kok sampai sekarang rakyat masih tercampakkan :|",https://x.com/lantip/status/2005269040420503648,3,22,67,3092,,0.20502485,,True,True,True,False
672,mstaronline,2025-12-28T07:44:57.000Z,"Tampar, campak, pijak! Pengasuh ditahan bantu siasatan kes dera bayi di taska  #mstar251228",https://x.com/mstaronline/status/2005183171760189946,0,1,1,778,,0.12529457,,True,True,True,False
673,BPJSKesehatanRI,2025-12-26T07:53:39.000Z,"Salam. Mohon maaf, BPJS Kesehatan memberikan atau menanggung imunisasi dasar kepada bayi atau balita. Imunisasi dasar yang ditanggung: - Vaksin BCG - Hepatitis B - DPT - Polio dan Campak. Pelayanan dilakukan di FKTP terdaftar di kartu peserta. Terima kasih. :) -alin",https://x.com/BPJSKesehatanRI/status/2004460586592350652,0,0,0,213,,0.17758921,,True,True,True,False
674,AKUANAKWATAN,2025-12-25T04:13:29.000Z,Salute too to macai barua @KEADILAN still support bekas 'banduan' . Semua manifesto campak masuk dlm lubang jamban & macai2 barua @pakatanharapan_ setia di kencing tanpa henti² .,https://x.com/AKUANAKWATAN/status/2004042790314078504,2,1,2,430,,-0.012733772,,True,True,True,False
675,md_zuwairi,2025-12-24T16:04:04.000Z,"Apa citer ni wei HADI AWANG campak 3 ADUN PAS PERLIS bawah bas ni,kahkahkah",https://x.com/md_zuwairi/status/2003859229191627259,0,0,2,148,,-0.086699754,,True,True,False,True
676,dabo1y,2025-12-24T09:34:38.000Z,"@jntexpressid eh pukimak kau, paketku dah 2 minggu gak sampe sampe tiba sampe mau diantar kerumah di cancel pas mau ku pick up langsung malah kata orang jnt nya di retur ke pusat kan kontol kali, dah gitu awak di campak campak pulak ke 3 tempat jnt babi",https://x.com/dabo1y/status/2003761223717007458,1,0,4,4575,,-0.1408188,,True,True,False,True
677,suiatie,2025-12-24T06:13:18.000Z,Penampakan campak,https://x.com/suiatie/status/2003710557820715269,1,0,0,179,,0.19638233,,True,True,True,False
678,intrapanko,2025-12-23T09:37:01.000Z,Aku campak 100 ruble atas meja dia jadi direct candidate BN hahaha,https://x.com/intrapanko/status/2003399437528498251,0,0,3,370,,-0.06501654,,True,True,False,True
679,znfkun,2025-12-22T13:46:52.000Z,#ResepiCampakZanif  Aku lapar so campak jela apa yang ada. Hasilnya spiral goreng,https://x.com/znfkun/status/2003099925689864576,1,0,3,140,,0.025061697,,True,True,True,False
680,AqimNizar,2025-12-22T11:03:57.000Z,Sanggup ke syahir campak tuan presideng dia bawah bas,https://x.com/AqimNizar/status/2003058926850597036,1,3,4,142,,-0.13191481,,True,True,False,True
681,bernamadotcom,2025-12-22T10:49:09.000Z,[Dunia] Kes campak di Australia hampir tiga kali ganda berbanding 2024   https://bernama.com/bm/dunia/news.php?id=2505324…  #BernamaNews,https://x.com/bernamadotcom/status/2003055199058039010,0,0,0,586,,0.11929163,,False,True,False,False
682,AqimNizar,2025-12-22T10:44:39.000Z,Sanggup ke campak presideng bawah bas,https://x.com/AqimNizar/status/2003054069955613001,3,7,33,3418,,-0.073654905,,True,True,False,True
683,hazwanifaizul,2025-12-21T14:07:40.000Z,Si atuu ni campak mana pon dia menghiburkan la ekk? Hahahahahahaa pecahh perottt!! Hahahahahahahaha.. 2 kali jadi binate.   #GegarVaganza2025 #GegarVaganza12 #Vaganzers #GVVerse,https://x.com/hazwanifaizul/status/2002742769547448706,0,0,2,339,,-0.11586739,,False,True,False,False
684,oceanima_,2025-12-19T19:02:17.000Z,nih liat adek gua tb” laporan campak modal gugel,https://x.com/oceanima_/status/2002092137773740362,0,0,4,1853,,-0.018251523,,True,True,True,False
685,hariankompas,2025-12-19T12:17:22.000Z,Petugas kesehatan menemukan korban bencana yang terjangkit penyakit campak. Penyakit ini dikhawatirkan mudah menular ke pengungsi lain. #Kesehatan #AdadiKompas,https://x.com/hariankompas/status/2001990237384327493,0,0,0,189,,0.34921682,,True,True,True,False
686,arciimcs,2025-12-19T10:37:48.000Z,gyus sorry belum bisa update.. aku lagi kena campak :(,https://x.com/arciimcs/status/2001965181891719410,18,1,62,4076,,-0.1061745,,True,True,False,True
687,Ndrewstjan,2025-12-19T08:22:36.000Z,"“Jadi rata2 relawan luar kalau masuk agak kedalam, itu kayak sengaja mau melihat benar gak ini kota zombie. Jadi ngasih tarik ulur tarik ulur supaya kita mengejar”  “Kami bilang jangan kayak gtu bang, kami manusia. Abang campak aja gak kami kejar gak apa2 kami bilang. Gak",https://x.com/Ndrewstjan/status/2001931156485476721,1,1,1,132,,-0.08755522,,True,True,False,True
688,itssissabella,2025-12-19T04:15:21.000Z,fak kena marah ngan nurse. astu campak jela iqms tu dalam recycle bin. heh,https://x.com/itssissabella/status/2001868935122293224,0,0,5,977,,-0.061477393,,True,True,False,True
689,adamyusuf88,2025-12-18T14:35:07.000Z,@scheekeong ni campak ke mana pun insyaallah perform    Hidup DAP!   PAS kena belajar dengan cara kerja DAP ni.  Cc @abdulhadiawang @SanusiMNor,https://x.com/adamyusuf88/status/2001662515563155464,5,8,27,714,,-0.13226788,campak_as_throw,True,True,False,True
690,SokongBawaRebah,2025-12-18T11:59:21.000Z,"PMX boleh kekal lepas PRU16?  Jawapannya bukan di ceramah atau medsos, tapi PETI UNDI -tempat semua kuasa mati pucuk.  Kita boleh spin naratif atau campak laut setiap isu panas, tapi bila rakyat bising selalunya tanda hukuman sedang menunggu.  Kuasa Rakyat Kuasa Keramat.",https://x.com/SokongBawaRebah/status/2001623313781780674,6,16,38,1065,,0.006686911,,True,True,True,False
691,aamrhzf,2025-12-18T09:29:42.000Z,Benih baik campak mana pun jadi pulau,https://x.com/aamrhzf/status/2001585654296453182,0,0,2,109,,0.14150104,,True,True,True,False
692,sunlitseptember,2025-12-18T05:21:30.000Z,"resipi tutup satu mata campak ramuan saja ni.. I letak apa yang ada di dapur: halia, goji berries dan Shaoxing wine.",https://x.com/sunlitseptember/status/2001523195372015771,0,0,2,41,,-0.10838477,,True,True,False,True
693,24m7n,2025-12-17T08:13:43.000Z,"Ade pmimpin kaya gini , mending campak kan aja c4 ledak di muka nya",https://x.com/24m7n/status/2001204146985173238,0,0,2,189,,-0.032047078,,True,True,False,True
694,mynewshub,2025-12-17T06:23:00.000Z,Masak la kartunis sampah tua yang dah hilang arah tuju.....  Nasihat kepada kerajaan dan PDRM...jangan biarkan institusi DiRaja kita jadi bahan mainan dan hinaan seorang sampah....  Memalukan seekor kartunis washed out atau pudar duk mempersendakan PM dan institusi Raja kita,https://x.com/mynewshub/status/2001176282038722959,5,17,37,7931,,-0.15935344,,True,False,False,False
695,pznicakl,2025-12-17T02:59:35.000Z,Pukimak ko fikir hati org ni ko boleh campak ii ke babi,https://x.com/pznicakl/status/2001125092890436085,1,0,9,480,,-0.0057454407,,True,True,True,False
696,501Awani,2025-12-16T21:18:39.000Z,"Dalam tempoh 24 jam lepas, sebanyak 24 kes campak baharu dilaporkan di lima daerah, menjadikan jumlah kumulatif kes yang dilaporkan kepada 505.  #AWANInews #AWANIpagi",https://x.com/501Awani/status/2001039294555701507,0,1,2,1394,,0.14420936,,True,True,True,False
697,mudin001,2025-12-16T21:00:56.000Z,"All the best di KUSKOP nanti YB. You are a good minister, campak mana pun mesti menjadi. Jalan teruih.",https://x.com/mudin001/status/2001034835159068841,0,1,15,437,,-0.066073954,,True,True,False,True
698,The_Mamu,2025-12-16T17:13:01.000Z,"What sort of pressure yang ada di KL-FT sampai menteri kena drop dan datuk bandar kena campak ke Petronas, n suddenly Hanayo shuffled to take over pejabat yang punyalah sarat krisis dan masalah? Pillow talk topic.  G'nite.",https://x.com/The_Mamu/status/2000977478798729618,4,25,75,5524,,-0.027704254,campak_as_throw,True,True,False,True
699,into_you23,2025-12-16T13:22:20.000Z,Jangan sampai i keluarkn video chenle campak banner kita n we're still okay with that but klau fans sebelah maybe dh bising,https://x.com/into_you23/status/2000919422777876701,0,0,4,625,,-0.11479445,,False,True,False,False
700,AliAhme70978158,2025-12-16T09:14:20.000Z,*campak ke DARAT menjadi gunung,https://x.com/AliAhme70978158/status/2000857010712302033,0,1,7,637,,0.0028606951,campak_as_throw,True,True,False,True
701,Mat_Jaket,2025-12-16T08:53:24.000Z,Anwar ni suka sangat campak menteri yang perform bagus ke kementerian lain. Siapalah penasihat bingai dia ni.,https://x.com/Mat_Jaket/status/2000851743618519424,12,19,118,3093,,-0.07210858,,True,True,False,True
702,bumilangit,2025-12-16T07:51:45.000Z,"Steven Sim ke KUSKOP, kementerian yang terlalu mandom dan ramai taktahu wujud selama ini.   Aku yakin dia akan teruskan kecemerlangan di tempat baru. Campak ke laut jadi pulau, campak ke bukit jadi gunung! Jalan Teruih @scheekeong !!!",https://x.com/bumilangit/status/2000836227784982857,19,102,485,17300,,-0.017143235,campak_as_throw,True,True,False,True
703,KhairulAqmal,2025-12-16T07:42:03.000Z,Damn Hannah Yeoh kena campak JPM.,https://x.com/KhairulAqmal/status/2000833789682229449,2,2,9,1953,,-0.05004421,,True,True,False,True
704,RAKemal,2025-12-26T22:56:25.000Z,"Uji klinis vaksin tuberkulosis jadi salah satu uji klinis yang akan jadi penentu di 2026, tapi warga Indonesia sempat kemakan hoaks anti-vaksin   https://nature.com/articles/s41591-025-04083-x…",https://x.com/RAKemal/status/2004687775552196937,0,0,2,173,,0.08956972,,True,True,True,False
705,hg1394,2025-12-21T11:02:12.000Z,Kenapa khalid ni tetiba relevan balik dekat X / Twitter ni? Ingat dulu lepas kena belasah debat anti vaksin dah hilang sunyi dah. Tetiba comeback pulak,https://x.com/hg1394/status/2002696096779489351,0,2,4,108,,-0.061210394,,True,True,False,True
706,gitzzn,2025-12-30T06:37:26.000Z,3 dosis hpv gardasil 9  alhamdulillah kelar rangkaian vaksin ini sebagai salah satu bentuk ikhtiar. makin nambah dosis makin nyeri pas suntik. kipi nya standart aja nyeri di area suntik dan masih aman. yang kerasa bgt sih boncoooos duitnya,https://x.com/gitzzn/status/2005890957200482544,1,0,2,468,,-0.05182168,,True,False,False,False
707,ThatSun510,2025-12-29T06:46:23.000Z,Yoi.. Sakti2...  Tp mereka gk sanggup conecting the dot urusan KIPI vaksin ataupun badut2 di pemerintah dan partai2  yg jadi budak oligarki globak.,https://x.com/ThatSun510/status/2005530820367564922,1,1,2,187,,-0.017549098,,True,True,True,False
708,ThatSun510,2025-12-28T23:39:31.000Z,"Waktu dia ngurusin, katanya nunggu cek keamanan dr bpom dan halal. Setelah semua aman, alasan buat rakyat dulu. Mereka2 akhirnya pakai vaks nusantara.   Jokowi doang keknya yg jd pilot project. Makanya kulitnya sakit sekarang. KIPI itu nyata.",https://x.com/ThatSun510/status/2005423398420451631,0,2,3,110,,-0.015145868,,True,False,False,False
709,AqimNizar,2026-02-10T23:53:58.000Z,TB menular ni sbb anti vaksin dan/atau warga asing? @KKMPutrajaya,https://x.com/AqimNizar/status/2021372097961001349,0,1,2,38,,0.07992545,,False,True,False,False
710,intanriia,2026-02-10T02:20:23.000Z,Inget mbak ini anti vaksin trs suka nyerang salah satu dsa terkenal di IG wkwk,https://x.com/intanriia/status/2021046560436650123,3,0,4,2094,,0.058156163,,True,True,True,False
711,williamg1808,2026-02-05T09:17:17.000Z,"Awalnya  liat usaha influencer promosiin vaksin covid kemarin, keliatan niatnya ""membantu"", sekarang  karena udah hampir 4 tahun ga ada yg riset tentang efek samping vaksin secara jelas, padahal di LN Pfizer uda dituntut kiri kanan, ditambah file epstein kemarin",https://x.com/williamg1808/status/2019339533750530307,0,1,12,4075,,-0.006770253,,True,False,False,False
712,williamg1808,2026-02-02T04:34:40.000Z,"Dia ngeliat Epstein file, bingung sebagai influencer yg getol promote vaksin kemaren, gimana kalo si dharma pongrekun bener selama ini terus gimana efek samping vaksin itu sendiri ini menurut gua ya",https://x.com/williamg1808/status/2018181250264293513,0,0,16,3252,,-0.031689286,,True,False,False,False
713,magneticmoonic,2026-02-02T15:49:39.000Z,"Aku juga jadi trust issue. Jadi setiap jadwal imunisasi anak wajib riset sendiri tiap vaksinnya, baca2 paper yg ada, cari tau resiko apa jika ga divaksin dan resiko apa yg bisa terjadi kalo di vaksin, cari kasus2 yg pernah terjadi, lalu bandingin antar merek.",https://x.com/magneticmoonic/status/2018351115914596751,1,0,5,4655,,0.061007082,,True,True,True,False
714,FemmerWeb3,2026-02-14T21:13:14.000Z,#kipi,https://x.com/FemmerWeb3/status/2022781203246444640,1,1,3,502,,-0.022133991,,True,False,False,False
715,detikHealth,2026-02-09T15:06:19.000Z,"Wabah Campak Meluas di Meksiko, Warga Serempak Divaksin",https://x.com/detikHealth/status/2020876925322010668,0,0,0,262,,0.27912152,,True,True,True,False
716,hariankompas,2026-02-09T09:10:42.000Z,"Lebih dari 1.000 kasus campak terkonfirmasi di Guadalajara, salah satu kota tuan rumah untuk Piala Dunia FIFA 2026. #Internasional #AdadiKompas",https://x.com/hariankompas/status/2020787430547227089,0,0,0,151,,0.19223282,,True,True,True,False
717,RadioElshinta,2026-02-27T17:30:00.000Z,"Dua bulan campak serang 8.224 jiwa, Komisi IX DPR RI desak intervensi imunisasi massal",https://x.com/RadioElshinta/status/2027436065527898328,0,1,0,484,,0.21458822,,True,True,True,False
718,detikHealth,2026-02-27T15:34:59.000Z,Video Kemenkes soal Kronologi 2 Kasus Campak WN Australia yang Sempat ke RI,https://x.com/detikHealth/status/2027407121122545760,0,0,0,309,,0.157249,,True,True,True,False
719,detikHealth,2026-02-27T14:23:30.000Z,"Video: Rincian Sebaran KLB Campak Awal 2026, Terbanyak di 5 Provinsi Ini",https://x.com/detikHealth/status/2027389129189917083,0,0,1,254,,0.30332336,,True,True,True,False
720,mediaindonesia,2026-02-27T14:10:00.000Z,"Pada periode tersebut, terjadi 21 KLB suspek campak dan 13 KLB campak terkonfirmasi laboratorium yang tersebar di 17 kabupaten/kota pada 11 provinsi.",https://x.com/mediaindonesia/status/2027385732411654647,0,0,0,261,,0.26544836,,True,True,True,False
721,SINDOnews,2026-02-27T10:30:00.000Z,"Campak kembali menjadi ancaman kesehatan global, dan Indonesia meningkatkan kewaspadaan nasional untuk mencegah penyebaran lebih luas.  Kementerian Kesehatan mencatat puluhan ribu kasus suspek campak dalam beberapa tahun terakhir, dengan sejumlah Kejadian Luar Biasa (KLB) masih",https://x.com/SINDOnews/status/2027330370065305654,0,1,0,758,,0.3447595,,True,True,True,False
722,detikHealth,2026-02-27T07:38:48.000Z,"Buntut Laporan di Australia, Kemenkes Percepat Imunisasi Campak Pekan Depan",https://x.com/detikHealth/status/2027287282982752466,0,0,0,199,,0.18117806,,True,True,True,False
723,weakforwin,2026-02-27T06:35:06.000Z,"Waspada campak gaes! Tiap jaga, hampir selalu dapet pasien campak. Yg punya anak, jgn lupa imunisasi!",https://x.com/weakforwin/status/2027271255892906008,2,3,11,1215,,0.22239986,,True,True,True,False
724,antaranews,2026-02-27T06:08:08.000Z,Kemenkes mengambil langkah cepat guna mencegah penularan campak lebih luas usai mendapat notifikasi adanya turis Australia tertular campak dengan riwayat perjalanan dari Indonesia pada Februari 2026.   Laman #infografik: https://m.antaranews.com/infografik/5439802/mencegah-penularan-campak-lebih-luas…,https://x.com/antaranews/status/2027264469634863372,0,0,0,327,,0.22630808,,True,True,True,False
725,mediaindonesia,2026-02-27T05:53:34.000Z,"Pada periode tersebut, terjadi 21 KLB suspek campak dan 13 KLB campak terkonfirmasi laboratorium yang tersebar di 17 kabupaten/kota pada 11 provinsi.",https://x.com/mediaindonesia/status/2027260803515322664,0,0,0,114,,0.26544836,,True,True,True,False
726,detikHealth,2026-02-27T05:36:02.000Z,"Menkes Wanti-wanti Kasus Campak Lagi Naik, Terbanyak di 5 Provinsi Ini",https://x.com/detikHealth/status/2027256391132758042,0,0,0,311,,0.2761484,,True,True,True,False
727,hariankompas,2026-02-27T05:09:15.000Z,"Akun Tiktok @hariankompas dalam #AADK edisi Jumat, 27 Februari 2026 mengulas tentang penemuan kasus campak di Indonesia dilaporkan meningkat sejak 2024. Peningkatan tersebut dikaitkan dengan cakupan imunisasi yang menurun. #AdadiKompas   http://tiktok.com/@hariankompas",https://x.com/hariankompas/status/2027249648411504770,0,0,0,146,,0.22732207,,True,True,True,False
728,KemenkesRI,2026-02-27T04:01:57.000Z,"#RilisSehat  Imunisasi Jadi Kunci Pencegahan Campak, Kemenkes Fokus Tutup Kantong Rentan @KemenkesRI   https://kemkes.go.id/id/imunisasi-jadi-kunci-pencegahan-campak-kemenkes-fokus-tutup-kantong-rentan…",https://x.com/KemenkesRI/status/2027232714597032355,0,1,0,599,,0.23092347,,True,True,True,False
729,antaranews,2026-02-27T02:08:05.000Z,"Kemenkes mengatakan pihaknya menggencarkan imunisasi measles atau campak dan rubella (MR) bagi anak PAUD dan TK mulai pekan depan, sebagai satu upaya merespons notifikasi Australia terkait kasus campak WNA yang berpergian ke Indonesia.  ""Jadi penguatan imunisasi kita lakukan",https://x.com/antaranews/status/2027204058386510149,0,3,1,343,,0.23489729,,True,True,True,False
730,haedalzkoomin,2026-02-27T01:36:27.000Z,"Ini yang bikin ngeri: campak bukan cuma “demam + bintik merah lalu selesai”. Ensefalitis bisa langsung bikin kejang-koma, SSPE-nya malah dateng belasan tahun kemudian dan hampir pasti fatal.   Di Indo sekarang aja udah ribuan kasus lagi naik, banyak daerah KLB, dan coverage",https://x.com/haedalzkoomin/status/2027196097458995513,0,0,3,496,,0.19607446,,True,True,True,False
731,officialinews_,2026-02-27T01:30:00.000Z,"Waspada Campak, Kemenkes Catat 63.769 Suspek di 2025 dan 21 Kejadian Luar Biasa Awal 2026",https://x.com/officialinews_/status/2027194471822037425,0,0,0,72,,0.28724262,,True,True,True,False
732,detikHealth,2026-02-27T00:09:04.000Z,Kondisi Terkini Penumpang Penerbangan asal Jakarta yang Positif Campak di Australia,https://x.com/detikHealth/status/2027174104072323454,0,0,1,340,,0.11668056,,True,True,True,False
733,SimonSays_119,2026-02-26T21:52:08.000Z,"Dok kenapa waktu aku kecil campak tuh kaya dianggep lebih aman dan mendingan dibandingin cacar? Aku inget bgt pas SD pernah demam dan ruam merah2 terus dibawa ke puskesmas, yg aku tangkap dari obrolan ortu tuh ""gapapa, cuma tampek aja bukan cacar air""",https://x.com/SimonSays_119/status/2027139647240126724,0,0,5,817,,0.16165224,,True,True,True,False
734,Pisanggoreng513,2026-02-26T19:55:25.000Z,"Lihat postingan soal campak ini d fb, komennya ngeri. Kebanyakan yg komen antivaks.",https://x.com/Pisanggoreng513/status/2027110273866428543,0,0,1,515,,0.15330085,,True,True,True,False
735,rvdyardian,2026-02-26T17:54:45.000Z,"Bayi punya kekebalan imun dari campak mulai dr lahir sampai umur 6 bulan, dengan syarat orang tua pernah dapat imunisasi MR sejak bayi. Kasus yg terjadi belakangan krn terlalu banyaknya anak terinfeksi campak di lingkungan",https://x.com/rvdyardian/status/2027079906279162312,1,1,2,338,,0.31387255,,True,True,True,False
736,cnbcindonesia,2026-02-26T15:30:33.000Z,"Suspek Campak RI Melonjak di Januari, Kemenkes Minta Warga Waspada",https://x.com/cnbcindonesia/status/2027043617211302282,0,0,0,261,,0.2035161,,True,True,True,False
737,KemenkesRI,2026-02-26T15:19:57.000Z,#RilisSehat  Kemenkes Waspadai Dinamika Campak Nasional dan Global @KemenkesRI   https://kemkes.go.id/id/kemenkes-waspadai-dinamika-campak-nasional-dan-global…,https://x.com/KemenkesRI/status/2027040946920329478,1,6,8,1635,,0.21786731,,True,True,True,False
738,hariankompas,2026-02-26T14:37:12.000Z,Penemuan kasus campak di Indonesia dilaporkan meningkat sejak 2024.  Peningkatan tersebut dikaitkan dengan cakupan imunisasi yang menurun. #Kesehatan #AdadiKompas,https://x.com/hariankompas/status/2027030192401584204,0,0,0,300,,0.4085338,,True,True,True,False
739,nyonyakaya_,2026-02-26T14:27:30.000Z,"Awal bulan kena campak barengan sm suami. Gile demam tinggi, lemes, badan sakit semua, lidah pait, tenggorokan sakit abis demamnya turun merah2 semua 1 badan. Baru bener2 sehat setelah seminggu lebih. Ga kebayang kalo sampe kena balita/anak-anak",https://x.com/nyonyakaya_/status/2027027748003500440,1,0,5,7688,,0.09205541,,True,True,True,False
740,ko16ala,2026-02-26T14:21:34.000Z,"Jadi takut pas lebaran  ngajak bocil keluar buat jalan2. Soalnya belum divaksin campak, belum 9bulan.",https://x.com/ko16ala/status/2027026255993029117,0,0,2,467,,-0.008758128,,True,True,True,False
741,LiaA10150067756,2026-02-26T13:22:07.000Z,"Kl pasien anak, sekarang lagi banyak bgt campakk dan di tmptku 100% pasien campak itu gak divaksin sm ortunya. Campaknya bukan yg ruam doang ya, biasa +demam bapil, dehidrasi, ada yg sampe pneumonia jg",https://x.com/LiaA10150067756/status/2027011293295882408,0,0,5,1212,,0.31755984,,True,True,True,False
742,3rdyoori,2026-02-26T12:59:56.000Z,"Buset, baru kemarin nama Indonesia kena mention di leksia perihal kasus TBC tinggi. Ngga kocak kalau next leksia bakal bahas vaksin + kasus campak dan Indonesia sebagai contoh buruk",https://x.com/3rdyoori/status/2027005714003046506,2,1,28,3505,,0.12434882,,True,True,True,False
743,meyblue666,2026-02-26T12:31:26.000Z,"zahwa lau cakep bgd bjir, pen warnain rambut warna ini, terus pake yg di hidung itu wkwk, mampus abis itu aku kena campak sm mamak aing",https://x.com/meyblue666/status/2026998541516984414,0,0,2,1849,,-0.04757689,,True,True,False,True
744,heavenothell,2026-02-26T11:52:24.000Z,ni campak lagi banyak banget di rs. dan pas gw visit juga banyak yg ga pada imunisasi plss... campak bisa fatal ya guys kalo anaknya ga dikasih imunisasinya. jangan percaya sama yg bilang imunisasi bahaya!! semua anak deserves dapet imunisasi lengkap!!!,https://x.com/heavenothell/status/2026988715441345000,0,0,2,245,,0.27537182,,True,True,True,False
745,detikHealth,2026-02-26T11:09:00.000Z,"Suspek Campak RI Ngegas di Januari, Naik 3 Kali Lipat Lebih dalam Tiga Tahun Terakhir https://health.detik.com/berita-detikhealth/d-8374457/suspek-campak-ri-ngegas-di-januari-naik-3-kali-lipat-lebih-dalam-tiga-tahun-terakhir??utm_source=twitter&utm_medium=oa&utm_content=detikhealth&utm_campaign=detikcomsocmed…",https://x.com/detikHealth/status/2026977793918328838,0,0,0,255,,0.09646526,,True,True,True,False
746,AdamPrabata,2026-02-26T09:17:52.000Z,"Pantesan pas tadi pagi saat sedang ronde keliling di RS, ada dokter spesialis yang nanyain   Spesialis (S): Udah denger belum ada notifikasi dari Australia untuk Indonesia tentang campak? Adam (A): Hah? belum dok. Spesialis (S): Ah lo ketinggalan berita, canggih tuh diperiksanya",https://x.com/AdamPrabata/status/2026949827972751717,43,431,2082,283700,,0.12572086,,True,True,True,False
747,detikHealth,2026-02-26T07:06:21.000Z,"Lonjakan Kasus Campak, Petugas Kesehatan Genjot Vaksinasi di Chiapas",https://x.com/detikHealth/status/2026916732468908167,0,0,0,161,,0.19735467,,True,True,True,False
748,mudahsinyal,2026-02-26T06:00:39.000Z,horor sekali ini kasus campak krn sdh makan korban nyawa cukup banyak.,https://x.com/mudahsinyal/status/2026900196702232673,0,0,2,83,,0.25320336,,True,True,True,False
749,dandelliownies,2026-02-26T05:21:55.000Z,"Anakku umur 28 bulan masih bisa vaksin campak (MR) lanjutan ga ya? Dulu biasanya vaksin di posyandu, tp semenjak pindahan belum sempat ke puskesmas lagi, karena posyandu di domisili baru tidak ada program imunisasi.",https://x.com/dandelliownies/status/2026890447826858394,3,0,5,5064,,0.25106183,,True,True,True,False
750,riadneJusticiar,2026-02-26T03:49:05.000Z,"Sepupuku kena. Pas kecil kena campak sampe masuk rs. Didiagnosa epilepsi pas kelas 3, dia bs kerasa bakal kejang. Dkasih obat kejang. Trs pas umur 16 tiba2 lemes lama2 badannya shut down dr kaki ke atas, didiagnosa SSPE. Dr diagnosa itu 2 minggu kmudian meninggal.",https://x.com/riadneJusticiar/status/2026867085947842711,1,7,64,6093,,0.07912049,,True,True,True,False
751,RifkiTahidda,2026-02-26T03:47:49.000Z,"iziin share juga dok :)  Tercatat 550 kasus secara nasional per Februari 2026. Kasus ini memicu peringatan internasional, termasuk pada pelancong dari Indonesia. Campak adalah penyakit yang dapat dicegah dengan vaksinasi. Kesadaran untuk melengkapi vaksinasi adalah satu-satunya",https://x.com/RifkiTahidda/status/2026866765926642168,2,1,6,172,,0.1767163,,True,True,True,False
752,NakesPuskesmas,2026-02-26T02:45:50.000Z,Penularan campak makin mengkhawatirkan,https://x.com/NakesPuskesmas/status/2026851171072405812,0,3,2,308,,0.31773216,,True,True,True,False
753,Tatata3x,2026-02-20T05:35:02.000Z,"Waduh, aku udh kepala 3 lagi hamil dan setau aku blm pernah vaksin campak, karena org tua ga ngerti pervaksinan pada masa itu",https://x.com/Tatata3x/status/2024719423626760234,1,1,17,4612,,0.16960245,,True,True,True,False
754,mldald_5,2026-02-18T15:01:15.000Z,"Babyku pernah kena, dan udah vaksin campak waktu itu. Aku bawa ke DSA cuman dikasih vitamin dan salep buat gatalnya plus obat dari DSAnya. Alhamdulillah demam ga sampai tinggi dan campaknya tidak menyebar dan berhenti 2 hri hilang. Yuk vaksin buibuuuuu",https://x.com/mldald_5/status/2024137141916451161,1,0,7,1,,0.15478086,,True,True,True,False
755,min_hyo,2026-02-18T05:21:00.000Z,Yg lebih deg2an kalau masih punya anak bayi yg belum waktunya u/ di vaksin campak.... takut bngt krn kasus KLB begini sebelum divaksin udh ketularan  duluan,https://x.com/min_hyo/status/2023991114299023845,0,0,4,674,,0.27161875,,True,True,True,False
756,ababilaaaaa,2026-02-18T03:39:11.000Z,Mau ngasih tau ke yang belum terpapar antivak nya si bude wellness kalau vaksin tuh untuk mengurangi penyebaran penyakit. Ih udah vaksin campak tapi tetep kena campak! tapi ga sampe meninggal kan? Banyak yang meninggal saat terpapar hanya karena belum vaksin btw aku bukan nakes https://x.com/maeliani07/sta/maeliani07/status/2023556599353389081…,https://x.com/ababilaaaaa/status/2023965493426548822,0,0,2,705,,0.16437027,,True,True,True,False
757,almiiraarr,2026-02-18T03:07:58.000Z,"Aku kerja di rs ini fakta, tau ga yg kena campak itu bahkan blm kena vaksin campak kek anak umur 4-7 bln ga banyak jg yg 1 tahuna, dtg ke igd demam flare banyakk bgt bahkan sekujur tubuh anak nya juga batuk ke arah pneumoni ksian bgttt, buat yg anti vaks pikir pikir lg deh",https://x.com/almiiraarr/status/2023957634630775199,0,0,1,148,,0.17549095,,True,True,True,False
758,ultima_kawaii,2026-02-17T20:14:37.000Z,"Wah terima kasih mba. Jadi tau nama mba klo ga salah lewat Artikel mba di jurnal Science? Waktu itu nyari referensi terkait alasan keraguan masyarakat untuk vaksin MR, sumber yang paling detail saat itu ya artikel dari mba.",https://x.com/ultima_kawaii/status/2023853611730813316,1,1,2,441,,0.045169696,,True,True,True,False
759,KemenkesRI,2026-02-24T05:42:38.000Z,#RilisSehat  Kemenkes Perkuat Deteksi Dini dan Cakupan Imunisasi Campak @KemenkesRI   https://kemkes.go.id/id/kemenkes-perkuat-deteksi-dini-dan-cakupan-imunisasi-campak…,https://x.com/KemenkesRI/status/2026170886722924893,0,0,1,801,,0.16897866,,True,True,True,False
760,RodriChen,2026-02-23T12:00:42.000Z,"Saat ini, Indonesia teru-menerus dilanda wabah campak. Padahal, pencegahan campak sangat sederhana. Imunisasi campak dua dosis sudah bisa mencegah campak untuk diri sendiri dan orang lain yang tidak bisa diimunisasi. Dan imunisasi campak melindungi seumur hidup.",https://x.com/RodriChen/status/2025903644147933270,1,6,17,568,,0.2749405,,True,True,True,False
761,NakesPuskesmas,2026-02-23T04:15:05.000Z,"Anak yg memperoleh imunisasi campak secara imunitas jauh lebih siap ketika menghadapi virus Measles Morbilivirus penyebab campak. Bukan menjamin tdk terjangkit, namun mengurangi risiko kesakitan. Efeknya gak bikin demam dan dapat diperoleh di Puskesmas/Posyandu secara gratis.",https://x.com/NakesPuskesmas/status/2025786468271305023,1,8,12,13,,0.23516595,,True,True,True,False
762,NakesPuskesmas,2026-02-23T04:15:01.000Z,"Apa yang bisa kita lakukan agar anak/saudara/ponakan kita terhindar dari campak?  1) Berikan Imunisasi Campak/MR Pada umur balita, anak mendapatkan 2 kali imunisasi campak yaitu saat berusia 9 (dosis pertama) dan 18 bulan (booster), dan pada kelas 1 SD (atau sekitar 6-7 tahun).",https://x.com/NakesPuskesmas/status/2025786450181284123,2,12,27,18,,0.18522167,,True,True,True,False
763,cintakudisanahu,2026-02-19T00:32:13.000Z,Keluarga gue anti vaksin… adek gue bahkan ga kelar imunisasi campak… Sudah di edukasi… tapi malah bilang “itu cuma akal akalan elit global”,https://x.com/cintakudisanahu/status/2024280826989727899,1,0,2,550,,0.1577743,,True,True,True,False
764,TetehMumu08,2026-02-17T13:15:13.000Z,"Mba, saya sbgaia ibu sedih bgt lihat postingan dokter Ian suteja (dokter anak), kasus campak meningkat, sehari bisa ada 7 pasien anak kena campak, kasian bgt, dan rata2 mereka gak imunisasi campak.  Rate imunisasi turun, akhirnya campak jadi KLB",https://x.com/TetehMumu08/status/2023748068664029196,3,3,13,2,,0.27530888,,True,True,True,False
765,FerilEd,2026-02-17T10:11:12.000Z,"Dia lupa dengan program imunisasi campak, gondok, polio dan lainnya. Hidup lu gak sepenting itu untuk ditarget elit global buat dipasang chip",https://x.com/FerilEd/status/2023701758481232200,2,0,5,2,,0.028631747,,True,True,True,False
766,waifujohnnyjsuh,2026-02-26T22:14:56.000Z,> bisa ke australi > orang kaya > anti vaksin  Hah??,https://x.com/waifujohnnyjsuh/status/2027145381008830584,5,0,32,8,,0.008600444,,True,True,True,False
767,Tatisekowati1,2026-02-26T15:38:42.000Z,tetangga sblh rumah anaknya 3 anti vaksin no 1 dah kuliah no 2 SMP  no 3 SD kls 6 sp saat ini sehat² aja sih sy tau semua dr lahir sp skrg  adakah resiko dikemudian hari?,https://x.com/Tatisekowati1/status/2027045668330856641,4,0,4,12,,0.062348038,,True,True,True,False
768,jauhari_aries,2026-02-26T11:36:41.000Z,"Semakin banyak yg terprovokasi kaum ""anti vaksin"" dan teori konspirasi semakin berat juga perjuangan tenaga kesehatan mengedukasi masyarakat.  Tragedi 2019 cukup jadi pengingat bahwa ada jiwa manusia yang harus diselamatkan.",https://x.com/jauhari_aries/status/2026984760615289184,1,0,171,20,,0.15272897,,True,True,True,False
769,drnewstwit,2026-02-26T06:50:38.000Z,"Ternyata beberapa orang tua ""berubah jadi anti vaksin"" karena takut kalau vaksin akan membuat anaknya jadi sakit-sakitan, tumbuh-kembang bermasalah, kejang  Maksud hati orang tua baik  Meski sakit-sakitan, tumbuh-kembang bermasalah, kejang tidak terjadi pada si kakak yg di Vaksin",https://x.com/drnewstwit/status/2026912775218540701,1,4,30,2,,0.17488375,,True,True,True,False
770,borabuchanesu,2026-02-18T16:32:10.000Z,"Dokter tp malah bikin masyarakat jd ga yakin sama vaksin. Skrng aja masih bnyk org tua yg ga aware buat vaksin anaknya, malah bnyk jg yg anti vaksin, alhasil anaknya sakit2an. Sbg dokter harusnya menghimbau biar masyarakat mau vaksin. Bukannya nakut2in pake unsur LGBTQ+ beginian.",https://x.com/borabuchanesu/status/2024160020687179908,0,0,1,290,,0.17919698,,True,True,True,False
771,maroshiv,2026-02-18T11:49:26.000Z,Sebelnya tuh akibat dari anti vaksin ini nggak ditanggung sendiri sama orangnya. Tapi anak-anak sehat disekitar kita bisa kena penyakit juga.,https://x.com/maroshiv/status/2024088867473899561,1,0,6,225,,0.09005809,,True,True,True,False
772,santoso_1901,2026-02-18T06:33:36.000Z,"Emang berat banget ya Tugas dokter Dan nakes di Indonesia ini. Pas covid kemarin jadi Garda terdepan,tapi insentif seadanya. Saat sosialisasi vaksin,banyak penolakan Dari Masyarakat. Beban makin nambah karena influencer banyak yang anti vaksin.  Sehat Selalu Nakes di Indonesia..",https://x.com/santoso_1901/status/2024009386314682865,0,1,27,2,,0.07669741,,True,False,False,False
773,jelitaynss,2026-02-18T06:23:48.000Z,emang okb kok dari jualannya soal wellness itu. awalnya pasti ibu-ibu yg bingung cari duit penghasilan tambahan darimana. tp sbg yg sekolah kesehatan kaya jungkir balik nyari duitnya + belajarnya bener2 marah sm ini orang. kalo mau anti vaksin tgg sendiri gausah ke org2 gini.,https://x.com/jelitaynss/status/2024006917517939083,0,1,23,2,,0.026421338,,True,True,True,False
774,nanda_strand,2026-02-18T04:21:43.000Z,"Sudah waktunya pemerintah bikin aturan yg melarang anti vaksin. Kalo uda masuk pandemi, entar kayak pas jaman covid jatuhnya",https://x.com/nanda_strand/status/2023976195470356811,0,0,4,591,,0.081452906,,True,False,False,True
775,RidhaIntifadha,2026-02-18T04:06:45.000Z,Ners  Coba tonton video VOX ini deh  Menceritakan bagaimana kelompok konservatif di Amerika Serikat beralih jadi anti-vaksin karena perkara pemilu/politik.,https://x.com/RidhaIntifadha/status/2023972431137050735,0,3,18,4,,0.11318046,,True,True,True,False
776,feelinlonelyyyy,2026-02-18T03:33:02.000Z,"influencer dengan follower banyak jadi anti vaksin dan ngajak followernya buat jadi anti vaksin, serem sih...  https://x.com/Maeliani07/sta/Maeliani07/status/2023556599353389081…",https://x.com/feelinlonelyyyy/status/2023963945149857992,0,1,17,2,,0.040313274,,True,True,True,False
777,mahentonggg,2026-02-18T02:55:30.000Z,"Anti vaksin gpp, tapi keluarganya didata trus disatuin dlm 1 cluster ga boleh keluar2, sakit ga boleh pake bpjs, dibikinin klinik khusus biar ga ngrepotin orang lain",https://x.com/mahentonggg/status/2023954500726259725,0,0,2,131,,0.14486662,,True,False,False,True
778,skyundocean,2026-02-18T00:28:12.000Z,"Ah itu gak aneh. Sepupu saya, dokter umum, ibunya bidan, dari zaman ibunya dulu, sampai ke generasi cucunya sekarang anti vaksin semua. Ironisnya, sepupu saya ini punya jabatan di RS ibu dan anak.  Yang jd pertanyaan besar, kok bidan dan dokter gak mau vaksin anak mereka?",https://x.com/skyundocean/status/2023917428888269161,6,2,17,4,,0.13336164,,True,True,True,False
779,rollercoasterru,2026-02-17T23:51:05.000Z,"Aku pernah lihat dimana gitu lupa, klo kecilnya vaksin ga lengkap ternyata efeknya bisa timbul baru diumur 20an. Karen dokternya bingung, dokternya nanya ke ortunya apa vaksinnya pas kecil lengkap eh ternyata ortunya anti vaksin.",https://x.com/rollercoasterru/status/2023908088852730019,0,0,43,2,,0.14718881,,True,True,True,False
780,____nca,2026-02-17T23:34:15.000Z,"ini kenapa gw gamau ortu gw terlalu jauh main sosmed. banyak bgt influencers tolol yg bakalan mempengaruhi org org anjir…   ni orang stop lah menyuarakan anti vaksin. dokter bukan, nakes bukan, dia siapa???",https://x.com/____nca/status/2023903854920929596,0,0,3,231,,0.14232454,,True,True,True,False
781,ykvksn,2026-02-17T22:35:50.000Z,Orang anti vaksin tuh kaya nggak inget aja dulu dia juga divaksin sama orang tuanya https://x.com/Maeliani07/sta/Maeliani07/status/2023556599353389081…,https://x.com/ykvksn/status/2023889150660014308,2,0,1,223,,0.11341044,,True,True,True,False
782,karimnas_,2026-02-17T21:48:52.000Z,"Ternyata ada banyak influencer lokal di Instagram yang menyebarkan paham anti-vaksin. Follower mereka puluhan ribu dan terpengaruh untuk tidak mengimunisasi anak-anak mereka. Ini sangat berbahaya, mana intervensi negara?  https://x.com/Maeliani07/sta/Maeliani07/status/2023556599353389081…",https://x.com/karimnas_/status/2023877331715240132,43,640,1809,67,,0.1466159,,True,True,True,False
783,cupidnyamrkhyck,2026-02-17T08:39:07.000Z,"sumpah gue benci bgt sama org org yg anti-vaksin. terutama yg modelan begini nih. nanti wabah penyakit yg tadinya udh mulai menurun, bahkan gaada lagi, muncul. panik. koar koar. trus ntar cara menanggulanginya cuma bs dengan vaksin, digoreng lgi. katanya jualan vaksin. goblok bgt https://x.com/Maeliani07/sta/Maeliani07/status/2023556599353389081…",https://x.com/cupidnyamrkhyck/status/2023678584100126980,0,1,4,302,,0.019163013,,True,True,True,False
784,dokterapin,2026-02-21T13:37:06.000Z,"Dan inilah yang terjadi selama ini. Dalam kajian/investigasi ilmiah oleh PP KIPI dan Komda KIPI, tidak ditemukan KAUSALITAS (hubungan sebab-akibat) antara vaksin dengan berbagai kasus berat yang dianggap KIPI (efek samping vaksin). Ternyata semuanya adalah koinsidens.",https://x.com/dokterapin/status/2025203127721582825,1,10,51,14,,0.09256056,,True,True,True,False
785,sdenta,2026-02-18T12:30:55.000Z,"Persentase yang disampaikan pak Prabowo itu numeratornya sudah terbukti ada. Nah coba dijawab, ada berapa laki jadi feminim dan perempuan jadi maskulin yang terbukti karena efek samping vaksin? Dengan denominator yang jelas kan bisa kehitung risikonya sebesar apa.",https://x.com/sdenta/status/2024099308694344150,2,2,97,70,,0.062772214,,True,True,True,False
786,kelixmann,2026-02-22T02:58:25.000Z,"Thread bagus bangett ini!!  Kelumpuhan bayi yang sering terjadi bersamaan setelah divaksin dan sering dianggap KIPI, ternyata tidak ada hubungan kausalitas dengan vaksinya. Salah satu penyebabnya tumor otak, tetapi memang time framenya sering terjadi di masa-masa imunisasi anak.",https://x.com/kelixmann/status/2025404782786273386,1,6,11,1,,0.17822507,,True,True,True,False
787,NakesPuskesmas,2026-02-21T08:47:46.000Z,"Sepenting itu memang peran ayah. Bahkan dalam imunisasi anak, ayah adalah penentu anaknya diimunisasi atau tdknya",https://x.com/NakesPuskesmas/status/2025130313643700570,0,1,3,1,,0.1823385,,True,True,True,False
788,LambeSahamjja,2026-02-21T02:30:43.000Z,teryata bpjs sepenting itu guys  bisa scaling pake bpjs  bisa cabut gigi pake bpjs  bisa tambal gigi pake bpjs  bisa lahiran dengan dokter spog di rs pake bpjs  bisa imunisasi anak dengan dsa pake bpjs   pokoknya hidup kalian minimal bgt punya bpjs  bisa juga asuransi,https://x.com/LambeSahamjja/status/2025035424398541139,115,276,2908,161,,0.17694798,,True,True,True,False
789,dinaskegelapan,2026-02-20T16:18:15.000Z,"Biaya imunisasi anak di dsa, jujur pemerintah dalam aspek ini bisa ngasih gratis sih gua akuin 1-0",https://x.com/dinaskegelapan/status/2024881294669488558,0,0,2,434,,0.107876,,True,True,True,False
790,dinaskegelapan,2026-02-20T16:16:04.000Z,"Sering liat konten ibu ibu flexing sufor anaknya tapi kenapa jarang liat orang yang flexing imunisasi anak di dsa, pas tau harganya hmmmmmm pantes pada diem ternyata golongan old money",https://x.com/dinaskegelapan/status/2024880743189778645,2,0,5,1,,0.14312387,,True,False,False,True
791,NakesPuskesmas,2026-02-18T05:25:38.000Z,"Kalau hasil tanya-jawab dengan orang tua di Posyandyu, ada beberapa alasan kenapa orang tua menolak anaknya diimunisasi:  1) Takut anaknya demam Ini alasan paling sering karena katanya kalau anaknya demam, orang tuanya bakal kewalahan.   2) Ayah atau neneknya tidak mengizinkan",https://x.com/NakesPuskesmas/status/2023992281674772924,0,1,3,302,,0.25975084,,True,False,False,True
792,ainunnajib,2026-02-20T21:50:41.000Z,"bener ini, waspadai keluarga besar yang anti-vaksinasi anak-anaknya https://x.com/Maeliani07/sta/Maeliani07/status/2024677473527747008…",https://x.com/ainunnajib/status/2024964952411517299,1,1,18,2,,0.14777592,,True,True,True,False
793,ThatSun510,2026-02-27T02:27:40.000Z,"LAGI! Baru dapat kabar tetangga lama di kampung, meninggal dunia (26/2) usia 50 besar. TIDAK PERNAH PUNYA RIWAYAT SAKIT JANTUNG.  Tiba2 lemas & sesak nafas saat bekerja dalam ruangan (bukan pekerja lapangan), meninggal saat dalam perjalanan dibawa ke RS   YTTA! Kipi lagi panen.",https://x.com/ThatSun510/status/2027208985368244337,3,5,17,663,,0.10218173,,True,False,False,True
794,AymanAlatas,2026-02-26T02:25:59.000Z,"Ancaman Serius di Balik Lonjakan Kasus Campak  Peningkatan kasus campak di Indonesia saat ini tidak boleh dipandang sebelah mata hanya sebagai penyakit demam dan ruam biasa, karena virus ini membawa risiko komplikasi saraf yang fatal, mulai dari ensefalitis akut hingga Subacute",https://x.com/AymanAlatas/status/2026846172258906422,40,1186,2191,102,,0.30214703,,True,True,True,False
795,KemenkesRI,2026-02-25T01:13:54.000Z,"#Healthies, pemerintah Indonesia telah menerima notifikasi dari otoritas kesehatan di Australia melaporkan 2 kasus campak dengan riwayat perjalanan dari Indonesia  Menanggapi hal tersebut, @KemenkesRI memberikan penjelasan resmi terkait situasi ini serta langkah kewaspadaan yang",https://x.com/KemenkesRI/status/2026465646092104020,6,9,15,19,,0.15566465,,True,True,True,False
796,mediaindonesia,2026-02-24T23:10:00.000Z,Langkah ini diambil merespons notifikasi dari otoritas kesehatan Australia terkait temuan dua kasus campak pada Warga Negara Asing (WNA) yang memiliki riwayat perjalanan dari Indonesia pada Februari 2026.,https://x.com/mediaindonesia/status/2026434464268587155,0,0,0,185,,0.149201,,True,True,True,False
797,mediaindonesia,2026-02-24T08:10:23.000Z,Kasus campak pertama melibatkan seorang perempuan berusia 18 tahun  dengan riwayat vaksinasi lengkap yang menempuh rute Jakarta-Perth pada  awal Februari.,https://x.com/mediaindonesia/status/2026208070741971279,0,0,0,162,,0.2005988,,True,True,True,False
798,detikHealth,2026-02-24T03:18:17.000Z,"Kemenkes RI Terima Notifikasi dari Australia Terkait 2 Kasus Campak, Ini Kronologinya",https://x.com/detikHealth/status/2026134559247790595,0,0,1,213,,0.14025924,,True,True,True,False
799,mediaindonesia,2026-02-23T08:50:00.000Z,Kemenkes menerima notifikasi resmi melalui mekanisme International Health Regulations (IHR) dari otoritas kesehatan Australia terkait satu kasus campak yang memiliki riwayat perjalanan dari Indonesia.,https://x.com/mediaindonesia/status/2025855650111066265,0,0,0,132,,0.13115948,,True,True,True,False
800,detikHealth,2026-02-21T21:32:51.000Z,Kronologi Australia Temukan Kasus Campak 'Impor' dari Jakarta,https://x.com/detikHealth/status/2025322851927298291,0,0,1,376,,0.19379047,,True,True,True,False
801,dosenkesmas,2026-02-21T05:25:09.000Z,Infectious disease alert!  Kasus Campak kembali Merebak.  dr. Tan: Ga bisa dicegah dengan MBG  Yuk cegah dengan vaksinasi!,https://x.com/dosenkesmas/status/2025079324274295290,22,787,1415,29,,0.17945886,,True,True,True,False
802,anakminiso,2026-02-20T14:47:40.000Z,"Jujur kasus campak serame itu, dan untuk kasus unvaccinated karena keluarga amat “agamis” membuat anaknya terkana symptoms campak yg berat which is ke pernapasan. Jujur kasian banget dan saat di edukasi masih ngeyel anti vax sambil liat anaknya engap engapan.",https://x.com/anakminiso/status/2024858499285762168,1,0,3,723,,0.21957403,,True,True,True,False
803,sunseelly,2026-02-17T22:44:34.000Z,Orang2 antivaks ini dzolim banget gak karuan. Bahkan di threads banyak kasus campak meningkat loh. Dzolim lu sumpah bener2 dzolimmmmm ampuuuunnn https://x.com/Maeliani07/sta/Maeliani07/status/2023556599353389081…,https://x.com/sunseelly/status/2023891348248760412,1,1,5,242,,0.061588198,,True,True,True,False
804,Badbih52,2026-02-17T16:14:14.000Z,"Ni bude2 kynov sama yg philopirate itu bener2 dah mana engagementnya tinggi bgt, pas bgt influencer modelan naik kasus campak meningkat drastis karna ga divaksin",https://x.com/Badbih52/status/2023793119150698994,0,0,5,3,,0.07066238,,True,True,True,False
805,RidhaIntifadha,2026-02-17T14:08:04.000Z,"Narasi antivaksin ini mulai meningkat signifikan bukan cuma di Indonesia, tetapi di berbagai belahan dunia, khususnya Amerika.  Kalau di sana, pengaruhnya agak politis sih, terlebih diperkuat situasi pandemi Covid-19.  Jadi gini, menurut laporan VOX, situasi pandemi Covid-19 dan https://x.com/Maeliani07/sta/Maeliani07/status/2023556599353389081…",https://x.com/RidhaIntifadha/status/2023761367132762124,1,3,13,994,,0.08588524,,True,False,False,True
806,Harian_Jogja,2026-04-14T10:57:59.000Z,Kasus Campak di Jepang Melonjak Tajam dalam Hitungan Pekan,https://x.com/Harian_Jogja/status/2044007254681170154,0,0,0,49,,0.26461568,,True,True,True,False
807,serambinews,2026-04-14T08:16:38.000Z,"Kasus Campak di Aceh Menurun, Dinkes: KLB Masih Terjadi Akibat Rendahnya Imunisasi   Dinas Kesehatan Aceh mencatat trend kasus campak mulai menurun pada 2026, setelah sempat melonjak tinggi pada awal 2025.   #DinasKesehatanAceh #penyakitCampak #Imunisasi",https://x.com/serambinews/status/2043966646067626462,0,0,0,119,,0.35943636,,True,True,True,False
808,kompascom,2026-04-13T13:43:28.000Z,"Dinkes Temukan 73 Kasus Campak di Palopo, Sebut Belum Masuk Kriteria KLB  Klik untuk baca:",https://x.com/kompascom/status/2043686509845545045,1,0,0,1,,0.29504862,,True,True,True,False
809,keuangannews_id,2026-04-11T01:48:42.000Z,Lonjakan Kasus Campak Picu Kebijakan Baru: Dewasa Kini Bisa Divaksin https://keuangannews.id/lonjakan-kasus-campak-picu-kebijakan-baru-dewasa-kini-bisa-divaksin/… lewat @Keuangan News,https://x.com/keuangannews_id/status/2042781857239175336,0,1,1,160,,0.18962887,,True,True,True,False
810,TirtoID,2026-04-10T11:40:00.000Z,"Kemenkes: Kasus Campak di Indonesia Turun, Tinggal 195 Kasus",https://x.com/TirtoID/status/2042568274110566424,1,0,0,908,,0.39522937,,True,True,True,False
811,kemenkopmk,2026-04-09T04:05:54.000Z,"Akhir-akhir ini, kasus campak kembali ramai diperbincangkan. Meski sering dianggap penyakit biasa, campak sebenarnya bisa berbahaya jika tidak ditangani dengan baik. Dalam kondisi tertentu, campak dapat berkembang menjadi komplikasi serius seperti radang paru, radang otak, hingga",https://x.com/kemenkopmk/status/2042091607848329679,1,0,1,308,,0.29404464,,True,True,True,False
812,Beritasatu,2026-04-08T14:00:48.000Z,Kepala BPOM Taruna Ikrar menyebut keputusan ini mulai berlaku pada 7 April 2026 dengan vaksin produksi Bio Farma. Langkah ini diharapkan dapat memperkuat upaya pencegahan dan pengendalian kasus Campak di Indonesia.  Nikmati pengalaman membaca berita yang lebih nyaman dan,https://x.com/Beritasatu/status/2041878933839474798,2,1,5,778,,0.13607374,,True,True,True,False
813,antaranews,2026-04-08T08:05:48.000Z,"Kemenkes mengatakan pihaknya memprioritaskan vaksinasi campak bagi 39.212 tenaga medis dan 223.150 nakes di 14 daerah dengan kasus campak tertinggi, sebagai upaya melindungi orang dewasa yang rentan kena campak.  ""Kemudian juga ditambah dengan 28.321 dokter umum dan dokter gigi",https://x.com/antaranews/status/2041789592781967418,0,0,1,297,,0.29162604,,True,True,True,False
814,Harian_Jogja,2026-04-08T08:03:43.000Z,"Kasus Campak Naik, Nakes di Daerah Rawan Diprioritaskan Vaksin https://news.harianjogja.com/read/2026/04/08/500/1251881/kasus-campak-naik-nakes-di-daerah-rawan-diprioritaskan-vaksin…",https://x.com/Harian_Jogja/status/2041789070909604134,0,0,0,80,,0.24143293,,True,True,True,False
815,GesuriID,2026-04-08T07:26:22.000Z,"Kasus Campak di Banten Melonjak, Yeremia Mendrofa Desak Dinkes Bergerak Agresif",https://x.com/GesuriID/status/2041779669704602096,0,0,0,29,,0.33710584,,True,True,True,False
816,kumparan,2026-04-08T07:25:44.000Z,"Badan Pengawas Obat dan Makanan (BPOM) resmi memperluas izin penggunaan vaksin campak yang sebelumnya difokuskan untuk anak-anak, kini juga diberikan kepada kelompok usia dewasa.  Kebijakan ini dilakukan di tengah meningkatnya perhatian terhadap kasus campak, termasuk belakangan",https://x.com/kumparan/status/2041779511822516335,1,8,13,1,,0.26753142,,True,True,True,False
817,changumss,2026-04-08T02:20:12.000Z,"Sampai saat ini lonjakan kasus campak masih berlanjut. Banyak juga orang tua yg mulai aware perihal imunisasi, bahkan ada ibu yang punya bayi usia 5 bulan pengen cepet-cepet anaknya di imunisasi campak.  Padahal idealnya pemberian vaksin campak itu di usia 9 bulan. Di buku pink",https://x.com/changumss/status/2041702621816426536,0,5,8,1,,0.24084827,,True,True,True,False
818,pikiran_rakyat,2026-04-07T23:27:17.000Z,"Selamat Pagi Sobat PR!  Hari ini Koran Pikiran Rakyat membahas percepatan energi listrik dari sampah, kasus campak melonjak di Garut, darurat kekerasan seksual di dunia pendidikan, hingga KPK akan telisik aliran dan proyek Bekasi.  Untuk pembahasan lengkapnya baca di Koran Harian",https://x.com/pikiran_rakyat/status/2041659104675221746,0,0,2,225,,0.049271986,,True,True,True,False
819,kompascom,2026-04-07T13:26:47.000Z,"Kasus Campak di Banten Naik Hampir 3 Kali Lipat, Tangsel Tertinggi ~TR  Klik untuk baca:",https://x.com/kompascom/status/2041507984866680944,1,2,3,1,,0.30742237,,True,True,True,False
820,CKumplang,2026-04-07T12:04:29.000Z,Kondisi ini harus jadi alarm bagi pemerintah.” — Puan Maharani soal maraknya kasus campak di Indonesia. Evaluasi program imunisasi jadi harga mati untuk cegah lebih banyak korban.   #UpdateKesehatan #PuanMaharani #bbvipal5 #StarAcademy #Vina2026,https://x.com/CKumplang/status/2041487272332370051,0,3,3,613,,0.10891348,,True,True,True,False
821,KangDien_Wae,2026-04-07T11:59:16.000Z,"Kasus campak kembali makan korban, Puan Maharani tegaskan ini 'alarm keras' bagi pemerintah.  Program imunisasi harus dievaluasi total demi lindungi balita & orang dewasa. Setuju?   #PuanMaharani #Campak #kesehatan",https://x.com/KangDien_Wae/status/2041485961394307547,1,12,14,2,,0.15915477,,True,True,True,False
822,tijabar,2026-04-06T23:12:00.000Z,"Data terkini Dinkes Jawa Barat menunjukkan bahwa kasus campak di Jabar pada periode Januari-Februari 2026 tercatat 257 kasus positif dan 1.100 kasus suspek. Jika dibandingkan dengan tahun 2025, total kasus campak mencapai 1.785, melonjak drastis dari tahun sebelumnya yang hanya",https://x.com/tijabar/status/2041292869974323480,0,0,3,1,,0.37699157,,True,True,True,False
823,KemenkesRI,2026-04-06T15:36:04.000Z,Kecepatan penanganan menjadi kunci utama saat terjadi Kejadian Luar Biasa atau KLB  Oleh karena itu @KemenkesRI melaksanakan Outbreak Response Immunization (ORI) di 10 wilayah dengan kasus campak tertinggi,https://x.com/KemenkesRI/status/2041178129897861148,1,0,1,481,,0.25500038,,True,True,True,False
824,IDNTimes,2026-04-06T12:51:36.000Z,"Kasus Campak Turun, Anggota DPR PDIP Ingatkan Tetap Waspada",https://x.com/IDNTimes/status/2041136742439477561,0,0,0,92,,0.20448247,,True,True,True,False
825,GesuriID,2026-04-06T06:56:34.000Z,"Kasus Campak Turun 93 Persen, Edy Wuryanto Ingatkan Jangan Lengah Karena Akar Masalah Belum Tuntas",https://x.com/GesuriID/status/2041047396231360879,0,0,0,32,,0.27460477,,True,True,True,False
826,mediaindonesia,2026-04-06T05:40:00.000Z,Lonjakan kasus campak yang terjadi belakangan ini menjadi alarm serius bagi kesehatan publik. Sifatnya yang sangat menular membuat satu orang terinfeksi mampu menyebarkan virus kepada belasan orang lainnya yang belum memiliki kekebalan.,https://x.com/mediaindonesia/status/2041028125350359528,0,1,1,176,,0.28128716,,True,True,True,False
827,mediaindonesia,2026-04-06T05:40:00.000Z,Lonjakan kasus campak yang terjadi belakangan ini menjadi alarm serius bagi kesehatan publik. Sifatnya yang sangat menular membuat satu orang terinfeksi mampu menyebarkan virus kepada belasan orang lainnya yang belum memiliki kekebalan.,https://x.com/mediaindonesia/status/2041028125312917708,0,0,0,155,,0.28128716,,True,True,True,False
828,RadioElshinta,2026-04-05T18:30:00.000Z,Dinkes: Ratusan kasus campak ditemukan di Subang,https://x.com/RadioElshinta/status/2040859514275303510,0,0,0,511,,0.30430302,,True,True,True,False
829,Harian_Jogja,2026-04-05T17:14:21.000Z,"Tiga Kasus Campak Ditemukan di Boyolali Awal 2026, Ini Imbauan Dinkes https://jateng.harianjogja.com/read/2026/04/05/648/1251592/tiga-kasus-campak-ditemukan-di-boyolali-awal-2026-ini-imbauan-dinkes…",https://x.com/Harian_Jogja/status/2040840475553222677,0,0,0,130,,0.21152899,,True,True,True,False
830,nu_online,2026-04-05T07:07:10.000Z,"20 kasus campak di Pati picu KLB Jateng, mayoritas anak belum imunisasi, Dinkes siapkan vaksinasi massal. https://nu.or.id/jateng/20-kasus-ditemukan-pati-tetapkan-klb-campak-k3lUi?utm_source=dlvr.it&utm_medium=twitter…",https://x.com/nu_online/status/2040687674332438743,0,0,0,616,,0.21511135,,True,True,True,False
831,RayapWatu,2026-04-05T02:10:17.000Z,"Masih munculnya kasus campak yang seharusnya bisa dicegah memakan korban jiwa di Indonesia, dari balita hingga tenaga kesehatan.  Ketua DPR @puanmaharani_ri menegaskan bukan sekadar angka statistik tapi alarm keras bagi negara, pemerintah jangan lengah.",https://x.com/RayapWatu/status/2040612961480511705,1,11,13,2926,,0.22300816,,True,True,True,False
832,_Rizmaya__,2026-04-04T10:53:28.000Z,"Ketua DPR RI, Puan Maharani, mengeluarkan pernyataan tegas yang meminta Pemerintah segera mengevaluasi program imunisasi nasional menyusul lonjakan kasus campak yang menyebabkan korban jiwa di awal tahun 2026. Ia menekankan bahwa kematian akibat campak harus menjadi ""alarm"" atau",https://x.com/_Rizmaya__/status/2040382236646850595,10,24,33,1243,,0.15926132,,True,True,True,False
833,GesuriID,2026-04-03T13:13:12.000Z,"Kasus Campak Marak, Puan Maharani: Alarm Pemerintah Segera Evaluasi Program Imunisasi",https://x.com/GesuriID/status/2040055015361175974,0,0,0,70,,0.16429329,,True,True,True,False
834,seruanhl,2026-04-03T05:00:08.000Z,"Tanggapi masih munculnya kasus campak yang memakan korban jiwa di Indonesia, Ketua DPR RI Puan Maharani mengatakan bahwa situasi ini bukan sekadar angka statistik, tapi ini alarm keras bagi negara.  Mbak Puan menegaskan pentingnya kehadiran negara hingga tingkat komunitas. Bukan",https://x.com/seruanhl/status/2039930929091686658,8,25,27,953,,0.18223912,,True,True,True,False
835,kompascom,2026-04-03T00:10:22.000Z,"Kasus Campak RI Melonjak di Banyak Wilayah, Ini Daerah Paling Terdampak ~WR  Klik untuk baca:",https://x.com/kompascom/status/2039858008524837346,0,1,0,661,,0.37009278,,True,True,True,False
836,liputan6dotcom,2026-04-02T07:15:12.000Z,"Kasus Campak Naik di 2026, Guru Besar FKUI Ungkap Penyebab yang Bikin Khawatir http://dlvr.it/TRqhrq #Health",https://x.com/liputan6dotcom/status/2039602534676070723,0,0,0,494,,0.24077818,,True,True,True,False
837,mediaindonesia,2026-04-02T07:10:00.000Z,Kasus campak kembali menjadi perhatian setelah Kementerian Kesehatan Republik Indonesia mengingatkan bahwa bayi berusia di bawah 9 bulan sangat berisiko terinfeksi.,https://x.com/mediaindonesia/status/2039601223163097432,0,0,0,205,,0.32479614,,True,True,True,False
838,KakekHalal,2026-04-02T06:59:44.000Z,"Ketua DPR RI, Puan Maharani, angkat suara soal masih munculnya kasus campak yang memakan korban jiwa di Indonesia. Dari balita hingga tenaga kesehatan, penyakit yang seharusnya bisa dicegah ini justru kembali menghantui.   Puan menegaskan, situasi ini bukan sekadar angka",https://x.com/KakekHalal/status/2039598641028235651,2,10,20,515,,0.18724206,,True,True,True,False
839,GesuriID,2026-04-02T06:54:10.000Z,"Kasus Campak di Lampung Meroket, Budhi Condrowati Desak Dinkes Jemput Bola",https://x.com/GesuriID/status/2039597237953851552,0,0,0,37,,0.30909416,,True,True,True,False
840,AllianzID,2026-04-02T06:01:55.000Z,"Baru-baru ini, kita kembali diingatkan dengan bahaya penyakit campak.  Per Maret 2026, terdapat 8.000-an kasus campak yang telah terkonfirmasi. Dan bukan mau nakut-nakutin, tapi 1 orang dengan campak bisa menularkan ke 12-18 orang.   Oleh karena itu, yuk, kenalan singkat biar",https://x.com/AllianzID/status/2039584089242820808,1,1,4,354,,0.2819969,,True,True,True,False
841,PRFMnews,2026-04-01T23:29:10.000Z,"Kasus Campak Meningkat, Pemkot Bandung Gencarkan Vaksinasi Mingguan",https://x.com/PRFMnews/status/2039485250037022845,0,0,1,589,,0.27613708,,True,True,True,False
842,kompascom,2026-04-01T16:18:24.000Z,Penurunan cakupan imunisasi membuat kasus campak kembali meningkat dan membuka risiko wabah yang lebih luas di masyarakat.,https://x.com/kompascom/status/2039376845238681630,0,1,2,1098,,0.36779663,,True,True,True,False
843,kompascom,2026-04-01T15:48:23.000Z,"Kasus campak kembali meningkat secara global, dan Indonesia kini masuk peringkat dua dunia di tengah risiko komplikasi yang tidak bisa dianggap ringan",https://x.com/kompascom/status/2039369292081504392,2,4,2,1175,,0.38652626,,True,True,True,False
844,phamtylia,2026-04-14T07:23:43.000Z,"sisihin duit buat tes TORCH guys klo emg langsung mau punya anak, kakel ak pas hamil dlu bru belakangan ketahuan positif rubella, jd anaknya lahir punya penyakit jantung bawaan, di situ ujian dia sbg seorang ibu muda bner-bner ga ada yg nyangka, sampe sekarang anaknya pake NGT..",https://x.com/phamtylia/status/2043953332130329041,0,0,3,34,,0.1015757,,True,True,True,False
845,WajoKodim,2026-04-14T06:23:33.000Z,Babinsa Koramil 1406-01/Tempe Dampingi Kegiatan Imunisasi Campak Rubella #tniad #dispenad #puspentni #Kodam Hasanuddin #Korem 141 Toddopuli,https://x.com/WajoKodim/status/2043938189648507192,0,0,2,64,,0.15954891,,True,True,True,False
846,aulyamay,2026-04-13T00:51:40.000Z,"ini aku yg sudah menikah ya, sangat menyarankan utk cek kesehatan cewek dan cowok, selain minum vitamin2, cek torch, rubella, dll itu jg penting yahh",https://x.com/aulyamay/status/2043492281509204096,0,0,5,4313,,-0.03531155,,True,True,False,True
847,dr_rawana_a,2026-04-12T20:49:54.000Z,Is it rubella?,https://x.com/dr_rawana_a/status/2043431436435263971,1,0,2,250,,0.21440215,,True,True,True,False
848,sheisamonsta2,2026-04-12T07:56:14.000Z,"Beberapa anak kena campak, rubella, cacar... Gurunya stress (saya)  Banyakin amunisi vitamin iniii  Semangat mau ketemu monek",https://x.com/sheisamonsta2/status/2043236738735452620,2,0,3,276,,0.13733652,,True,True,True,False
849,mediaindonesia,2026-04-12T02:45:00.000Z,Pemerintah terus mempercepat pemberian imunisasi campak dan rubella bagi anak-anak sebagai langkah preventif menghadapi lonjakan kasus di sejumlah daerah.,https://x.com/mediaindonesia/status/2043158412377391118,1,0,0,280,,0.31009537,,True,True,True,False
850,mediaindonesia,2026-04-11T17:15:00.000Z,"Program imunisasi campak dan rubella yang diadakan oleh Rutan Kelas I Surakarta tidak hanya didukung penuh oleh semua pihak Rutan, tetapi juga melibatkan tenaga kesehatan dari Puskesmas Gajahan.",https://x.com/mediaindonesia/status/2043014967398461833,1,0,0,463,,0.22960606,,True,True,True,False
851,yuminaadra,2026-04-29T13:18:37.000Z,"takut ya tengok game ni, bukan takut kalah, takut injured first game dia meletop second game dia campak diri ke sana sini takut la eh",https://x.com/yuminaadra/status/2049478463384625251,0,4,24,1119,,-0.044138655,,True,True,False,True
852,Generali_ID,2026-04-29T13:00:58.000Z,"Yuk, tingkatkan awareness dan lindungi orang-orang tersayang hanya di GENTalks: Campak Menyerang, Imun Harus Menang! Saatnya paham gejala & pencegahannya bersama dr. Ria Yoanita, Sp.A   Jum'at, 08 Mei 2026   16.00 – 17.30 WIB   Zoom Webinar",https://x.com/Generali_ID/status/2049474020324880857,1,1,8,125,,0.09238258,,True,True,True,False
853,Generali_ID,2026-04-29T13:00:54.000Z,"Kasus campak di Indonesia kembali meningkat di awal 2026. Berdasarkan data Kementerian Kesehatan RI, hingga minggu ke-7 tercatat 8.224 kasus suspek campak, dengan ratusan kasus terkonfirmasi dan KLB di berbagai wilayah.",https://x.com/Generali_ID/status/2049474005661602144,1,2,14,233,,0.40578762,,True,True,True,False
854,bernamadotcom,2026-04-29T11:15:52.000Z,Wanita campak bayi dari tingkat 38 dipenjara dua tahun   https://bernama.com/bm/jenayah_mahkamah/news.php?id=2550974…   #BernamaNews,https://x.com/bernamadotcom/status/2049447572948008992,0,0,1,407,,0.07707438,campak_as_throw_object,False,True,False,False
855,bharianmy,2026-04-29T10:47:59.000Z,"Campak bayi baru dilahirkan dari tingkat 38, wanita dipenjara dua tahun  #BHkes Hakim Datuk Aslam Zainuddin menjatuhkan hukuman itu terhadap Lua Mei Zhu, 24, dan memerintahkan hukuman itu bermula dari tarikh tangkap pada 27 Februari 2025.",https://x.com/bharianmy/status/2049440554916753777,0,2,2,777,,0.030900955,campak_as_throw_object,True,True,False,True
856,SinarOnline,2026-04-29T10:43:18.000Z,"Wanita campak bayi baru lahir dari tingkat 38 menangis dijel dua tahun  Mengikut pertuduhan, dia didakwa menyebabkan kematian bayi yang baru dilahirkan.   #sinarharian #beritaterkini #buangbayi",https://x.com/SinarOnline/status/2049439375050891721,2,20,16,2879,,0.17029908,campak_as_throw_object,True,True,False,True
857,nals0ul_,2026-04-29T08:44:53.000Z,SAMPAI HATI CAMPAK THE GIRLS DENGAN CHINA,https://x.com/nals0ul_/status/2049409575808643266,0,0,8,510,,-0.027395815,,False,True,False,False
858,hazeemdin,2026-04-29T08:40:12.000Z,Dia dah maiii dah acah2 buka Epstein files.    Koyak habis keee tuuuuu  Habis DSM kena campak bas. Huhuhuhu,https://x.com/hazeemdin/status/2049408394721939831,3,8,21,2704,,-0.20955037,,True,True,False,True
859,kudanielbintik,2026-04-29T06:40:07.000Z,"Buat ortu/yang mendampingi anak, tolong lebih terbuka yaa pada orang yang akan handle anak selanjutnya kalo memang akan ""dititipkan"". Flu Singapur & Campak ini kan menular.   Kalau sedang sakit apalagi sudah 3 harian belum sembuh, ada perkembangan gejala, jangan dipaksakan",https://x.com/kudanielbintik/status/2049378175218765993,4,6,18,1118,,0.2193676,,True,True,True,False
860,namtab777,2026-04-29T01:02:15.000Z,"Skarang lagi musim campak nder, segera cek dokter kalau ada bercak kemerahan ya Salam ke harmono mudahmudahan cepet sehat",https://x.com/namtab777/status/2049293147579265310,1,0,25,4792,,0.10035783,,True,True,True,False
861,NakesPuskesmas,2026-04-28T08:03:06.000Z,"Iyaa bener kak, penyampaian dari dokter spesialis anak tadi gitu, dia sempat nyinggung itu pas peserta nanya tentang tatalaksana kasus campak. Tp gak tahu jg kalau di daerah lain sih",https://x.com/NakesPuskesmas/status/2049036670100725865,1,0,1,583,,0.18122354,,True,True,True,False
862,aiigoooooooo,2026-04-28T07:53:23.000Z,"Berapa memangnya beda klaim kalau ada lab campak dan tanpa campak? Kayak astaga bukannya bakal nambah berjuta-juta kan? Adalah sezalim-zalimnya badan sosial itu @BPJSKesehatanRI. Pegawainya apa gak makan uang haram ya, duitnya dari menekan faskes dan nakes?",https://x.com/aiigoooooooo/status/2049034226100781302,0,4,4,192,,0.13970134,,True,True,True,False
863,0Sudo,2026-04-28T05:47:17.000Z,"jakarta dan jogja banyak univ kedokteran jadi wajar oversupply, tapi memang banyak daerah perlu diratakan jumlah nakesnya biar ngga ada insiden dokter meninggal karena campak lagi  https://eplanning-ditjennakes.kemkes.go.id/indikator/user/rasio_populasi/?nakes=1…",https://x.com/0Sudo/status/2049002492688810310,0,0,2,170,,0.17931983,,True,True,True,False
864,abahof4sya,2026-04-28T05:42:04.000Z,Dah tu...Yam tuan besar punya titah tu campak lautkah?,https://x.com/abahof4sya/status/2049001180496593082,1,0,2,47,,-0.02414985,,True,True,True,False
865,cyuttsoo,2026-04-27T12:50:11.000Z,demam hari ke-6 ternyata kena campak baru muncul ruam kemerahan kemarin mlm di hari ke-5 kasus campak emang lagi meningkat banget di bangsal anak kemarin minta doanya yaaa biar aku cepat pulih,https://x.com/cyuttsoo/status/2048746531432591569,0,0,2,177,,0.1818861,,True,True,True,False
866,keitavocal,2026-04-27T11:14:30.000Z,Dia baru vaksin campak kemarin sore buu,https://x.com/keitavocal/status/2048722450138218514,0,0,4,79,,0.078641176,,False,True,False,False
867,rsbpalangkaraya,2026-04-27T08:51:57.000Z,"Di podcast kali ini, kami berbincang langsung dengan dr. Dessy Adeliana, Sp.A untuk mengupas tuntas tentang campak mulai dari gejala awal, cara penularan, hingga langkah pencegahan yang tepat, termasuk pentingnya imunisasi.  #kopikara #podcast",https://x.com/rsbpalangkaraya/status/2048686576755208253,0,0,2,174,,0.16315392,,True,True,True,False
868,Noviansy_,2026-04-27T03:19:43.000Z,"Jum’at lalu, tetangga ku meninggal karena campak. Anak terakhirnya masih bayi, seumuran anakku. Ibu yang meninggalpun, seumuran aku",https://x.com/Noviansy_/status/2048602968304558336,5,0,6,194,,0.1630022,,False,True,False,False
869,Smmm66311282,2026-04-27T00:27:25.000Z,"Dalam praktik sehari-hari, ruam pada kulit anak sering terlihat ringan di awal, namun bisa berkembang menjadi indikasi kondisi seperti campak yang memiliki tingkat penularan tinggi. Tidak semua kasus langsung terdiagnosis di tempat pertama anak diperiksa.  Tenaga pendamping anak,",https://x.com/Smmm66311282/status/2048559608378364200,0,1,2,224,,0.28244683,,True,True,True,False
870,sunk1ssted,2026-04-26T14:17:35.000Z,"Bulan depan anakku lulus vaksin, dpt dan campak boosters",https://x.com/sunk1ssted/status/2048406139440976146,0,0,2,243,,0.063747466,,True,True,True,False
871,atsara_nia,2026-04-26T13:53:52.000Z,"Jangan lupa selain campak, flu Singapore mengintai anak-anak karena ada ortu yang merasa anaknya udah ga demam jadi santai aja pergi ke tempat umum, padahal ruam di badannya masih nyebar.   Horor banget ngajak anak ke tempat umum itu sekarang mah.",https://x.com/atsara_nia/status/2048400170753413531,1,0,2,432,,0.18953112,,True,True,True,False
872,detikHealth,2026-04-26T12:42:13.000Z,"Wabah Campak Melonjak, Rumah Sakit Kewalahan",https://x.com/detikHealth/status/2048382137150366075,0,0,0,349,,0.35849944,,True,True,True,False
873,Cielodulcee,2026-04-26T10:10:38.000Z,Singkatnya aku pernah menyayanginya tapi aku dicampakkan  Vaksin kali ah campak,https://x.com/Cielodulcee/status/2048343992669192330,0,0,4,210,,0.115074396,campak_as_discard,True,True,False,True
874,babypink1108,2026-04-26T08:55:52.000Z,"Padahal pas kecil udah di suntik campak, tapi pas gede masih aja dicampakin.",https://x.com/babypink1108/status/2048325175381516593,10,2,13,1262,,0.17481944,,True,True,True,False
875,J0YCELLINE,2026-04-26T06:17:15.000Z,"Ini serius nih orang kek gitu masih aja bertebaran bebas, ga dikenai hukuman apapun,seret pake pasal hoax kek apa kek. Gedeg banget liatnya. Makanya penyakit2 yang dulu udah hampir 0 kasus sekarang merebak lagi, kaya polio sama campak kemarin, hiv ngebludak juga, ya salah 1 nya",https://x.com/J0YCELLINE/status/2048285257544384702,1,0,8,381,,0.036854,,True,True,True,False
876,kudanielbintik,2026-04-26T04:01:45.000Z,"Iya hiks kadang orangtua suka ngerasa ""sayang"" melewatkan sesi padahal kalau lagi sakit yang menular kaya bapil berat, campak gini mendingan istirahat aja di rumah anaknyaaa. Takut nularin anak lain juga masalahnya...",https://x.com/kudanielbintik/status/2048251158905643116,1,1,8,2364,,0.18914056,,True,True,True,False
877,blinkerss,2026-04-26T03:59:03.000Z,Siap2 itu bayi bakalan di fitnah punya penyakit bawaan:  - diabetes - gagal ginjal - asam urat - darah tinggi - darah rendah - saraf kejepit - lupus - cikunguya - kaki gajah - gerd - polio - campak - tetanus - meningitis - ebola - covid-26,https://x.com/blinkerss/status/2048250478560211285,3,0,43,1276,,0.13225576,,True,True,True,False
878,tandaglobalnews,2026-04-26T03:54:48.000Z,"Indonesia Siaga Campak!  Hingga minggu ke-11 tahun 2026, tercatat 58 Kejadian Luar Biasa (KLB) di 14 Provinsi. Satu orang terinfeksi bisa menularkan ke 18 orang lainnya!  Indonesia Siaga Campak! https://tandaglobalnews.blogspot.com/2026/04/waspada-58-klb-campak-terdeteksi-di-39.html…   #Campak #KLBCampak #KesehatanIndonesia #TandaGlobalNews",https://x.com/tandaglobalnews/status/2048249407532130371,0,2,2,8,,0.28740123,,True,True,True,False
879,kudanielbintik,2026-04-26T03:00:02.000Z,"Manteman nakes dan named (terutama rekan sejawat Psikolog Anak), hati-hati ya.   Sudah beberapa minggu ini aku concern juga soal campak ini. Setiap ada anak yang kelihatannya ada ruam-ruam merah/bintik-bintik (misal di pipi atau tangan yg keliatan), dll. Selalu aku cek",https://x.com/kudanielbintik/status/2048235624994615652,18,565,1369,63,,0.069123834,,True,True,True,False
880,Forivcs,2026-04-26T01:11:39.000Z,"Sempet survey buat project renovasi dan redesign sekolah-sekolah di daerah desa-desa di jawa.   Berujung dengan salah satu anggota tim survey yang terinfeksi campak juga, yaps terinfeksi nya sekolah-sekolah ini.   Kita semua yang udah vaksin pun bisa possible kena karena turun",https://x.com/Forivcs/status/2048208352573088128,1,1,4,1,,0.16134396,,True,True,True,False
881,MSMYLFT,2026-04-25T15:41:24.000Z,"Masak pun main agak-agak dan campak-campak ja. Hasilnya, tetap sedap.",https://x.com/MSMYLFT/status/2048064842217754738,0,0,2,60,,-0.09481807,,True,True,False,True
882,501Awani,2026-04-25T14:28:04.000Z,"Selain vaksin polio, sebanyak 16.6 juta dos vaksin campak dan 1.6 juta dos vaksin Penta-3 turut diberikan dalam tempoh sama.  #AWANInews #AWANI745",https://x.com/501Awani/status/2048046388530032688,0,0,0,1383,,0.050397396,,True,True,True,False
883,md_zuwairi,2026-04-25T14:10:45.000Z,JENERAL ISWARDY dedah apa jadi siang tadi.Seorang WANITA yg pasang MERCUN tersebut kemudian dia campak dan lari masuk ke dalam SOGO https://youtube.com/watch?v=4jTKH_XgyGw…,https://x.com/md_zuwairi/status/2048042029154963733,0,1,2,1177,,-0.07947518,,True,True,False,True
884,md_zuwairi,2026-04-25T14:00:13.000Z,JENERAL ISWARDY dedah apa jadi siang tadi.Seorang WANITA yg pasang MERCUN tersebut kemudian dia campak dan lari masuk ke dalam SOGO https://youtube.com/watch?v=4jTKH_XgyGw…    cc @rafiziramli @FaizalR98528 @Rodziah_Ismail @zahirhassan,https://x.com/md_zuwairi/status/2048039378732425576,1,1,3,654,,-0.0559334,,True,True,False,True
885,bharianmy,2026-04-25T12:49:49.000Z,WHO gesa Bangladesh percepat vaksinasi susulan risiko campak masih tinggi  #BHdunia  Pertubuhan itu mengesyorkan supaya liputan sekurang-kurangnya 95 peratus bagi kedua-dua dos vaksin campak dicapai di semua kawasan perbandaran,https://x.com/bharianmy/status/2048021662684287460,0,0,0,513,,0.19446504,,True,True,True,False
886,Beritasatu,2026-04-25T07:45:00.000Z,"Hindari Penularan, Lima Belas Ribu Lebih Tenaga Medis di Aceh Diimunisasi Vaksin Campak #BNetwork https://beritasatu.com/network/popularitas/828804/hindari-penularan-lima-belas-ribu-lebih-tenaga-medis-di-aceh-diimunisasi-vaksin-campak…",https://x.com/Beritasatu/status/2047944952043405760,0,0,1,455,,0.1291618,,True,True,True,False
887,NakesPuskesmas,2026-04-25T04:42:13.000Z,"Ada hal unik yang saya analisa pribadi di balik penanganan penyakit menular di Indonesia, baik waktu Covid-19 lalu dan Campak saat ini.  Polanya hampir sama. Ketika Vaksinasi mulai diperluas, maka secara perlahan tracing kontak erat yang melalui pemeriksaan laboratorium akan",https://x.com/NakesPuskesmas/status/2047898955141579069,1,4,4,725,,0.15730977,,True,True,True,False
888,Metro_TV,2026-04-23T11:41:59.000Z,Kasus campak kembali menjadi perhatian serius setelah terjadi peningkatan jumlah penderita di sejumlah daerah. Pemerintah mengingatkan masyarakat untuk segera melengkapi vaksinasi guna mencegah penularan yang lebih luas.  Kementerian Kesehatan mencatat hingga pertengahan Maret,https://x.com/Metro_TV/status/2047279818040021159,0,2,6,1529,,0.33280572,,True,True,True,False
889,inilahdotcom,2026-04-21T07:59:53.000Z,"Kepala Badan Pengawasan Obat dan Makanan (BPOM) Taruna Ikrar menyatakan vaksin campak yang selama ini diberikan untuk anak-anak, kini akan diberikan kepada orang dewasa. Langkah ini dilakukan usai terjadinya kasus luar biasa (KLB) virus campak tersebut.  -  Selengkapnya kunjungi",https://x.com/inilahdotcom/status/2046499145503183168,0,0,0,215,,0.18623286,,True,True,True,False
890,Metro_TV,2026-04-19T05:48:41.000Z,BPOM resmi menerbitkan izin penggunaan vaksin campak untuk orang dewasa. Langkah ini menjadi angin segar di tengah status Kejadian Luar Biasa (KLB) campak yang melanda Indonesia sejak awal tahun 2026. Gimana tanggapan kalian?  #Campak #BPOM #MetroTV,https://x.com/Metro_TV/status/2045741354874229186,1,1,4,1111,,0.21208337,,True,True,True,False
891,KemenkesRI,2026-04-16T13:03:44.000Z,"#Healthies, BPOM resmi menyetujui penggunaan vaksin campak untuk orang dewasa. Ini jadi langkah penting di tengah situasi KLB saat ini   Menindaklanjuti hal ini, @KemenkesRI menetapkan tenaga medis dan tenaga kesehatan sebagai prioritas awal.   Kenapa mereka didahulukan?",https://x.com/KemenkesRI/status/2044763672560726311,4,6,15,2363,,0.20747921,,True,True,True,False
892,NisshaNasir,2026-04-16T10:06:48.000Z,"Anak gue usia 8 bulan hari ini demam dan ruam seluruh badan. 2 hari lagi seharusnya vaksin campak.   Seriously anti vax, you should die.   Sementara gue lagi jaga CVCU hari ini. Lagi dibawa berobat sama neneknya. Mau nangis rasanya",https://x.com/NisshaNasir/status/2044719147851112468,0,4,10,773,,0.053110003,,True,True,True,False
893,hisayaara_,2026-04-29T09:58:58.000Z,"Bangun tidur ga enak badan karna semalem ga bisa tidur. Berangkat kerja baru inget kalo hari ini vaksin MR. Abis vaksin lanjut kerja alhamdulillah full bed jadi lumayan butuh tenaga. Setengah jalan ngrasa mau pingsan, kirain efek vaksin ternyata red day dan berlanjut dismenore",https://x.com/hisayaara_/status/2049428219221418372,0,0,3,115,,0.023514599,,True,True,True,False
894,KemenkesRI,2026-04-16T13:08:56.000Z,"Lalu bagaimana dengan keamanan vaksinnya?  BPOM telah memberikan izin untuk vaksin MR, MMR, dan campak tunggal yang diproduksi Bio Farma, GSK, dan MSD  Seluruhnya sudah melalui kajian ketat, sehingga keamanan dan khasiatnya dipastikan terjamin",https://x.com/KemenkesRI/status/2044764984815833502,1,1,1,426,,0.09310755,,True,True,True,False
895,narkosun,2026-04-16T07:57:25.000Z,"Menjaga jiwa itu kewajiban   Segala hal yang mengandung bahaya harus dihindari, dan segala upaya untuk mencegah bahaya bisa jadi kewajiban.  Para ulama menjelaskan bahwa vaksin MMR pada dasarnya hukumnya mubah, karena merupakan bentuk ikhtiar untuk menjaga jiwa.   Sdh ada fatwa",https://x.com/narkosun/status/2044686585602703421,0,2,5,130100,,0.025385022,,True,True,True,False
896,AikoLeia,2026-04-20T17:09:25.000Z,antivax meresahkan  yg jd korban bayi” yg blm cukup umur bwt dpt imunisasi campak,https://x.com/AikoLeia/status/2046275052992344153,0,0,2,85,,0.27492324,,True,True,True,False
897,tempodotco,2026-04-18T08:30:00.000Z,Antivaksin Muncul di Tengah Wabah  Masyarakat yang enggan memberikan imunisasi campak kepada anaknya bermunculan. Pemerintah menggandeng pemuka agama untuk sosialisasi.  Simak selengkapnya Program Bocor Alus Politik di Channel Youtube Tempodotco dan Spotify  #BocorAlusPolitik,https://x.com/tempodotco/status/2045419561655177520,0,3,10,2596,,0.18829125,,True,True,True,False
898,dydyanaaa,2026-04-16T10:39:18.000Z,"Makanya penting waktu kecil imunisasi campak, biar pas dewasa ga dicampakkan",https://x.com/dydyanaaa/status/2044727326488023154,9,1,7,281,,0.11727795,campak_as_discard,True,True,False,True
899,Pradhana_Adi,2026-04-26T08:24:15.000Z,"Padahal pandemi lalu membuktikan pentingnya kerjasama lintas disiplin ilmu. Bagaimana meyakinkan warga yang anti vaksin atau yang menolak jaga jarak shalat berjamaah, misalnya",https://x.com/Pradhana_Adi/status/2048317218338058290,0,1,13,420,,0.042708695,,True,True,True,False
900,avaraferarisa,2026-04-26T04:20:16.000Z,"Susah juga, makin kesini yang anti vaksin justru makin banyak.",https://x.com/avaraferarisa/status/2048255819826008197,2,1,37,3271,,0.09484321,,True,True,True,False
901,JUL00IE,2026-04-26T01:48:13.000Z,"makanya aku selalu males kalo ada yg jawab kek gitu.  perempuan sekolah ya karna pengen sekolah lah, jadi ibu yg baik ga selamanya aligned with your degrees, there's so many factors involved.  banyak juga ibu² berpendidikan tinggi tpi anti vaksin wkwkwkwk",https://x.com/JUL00IE/status/2048217555685564833,1,0,7,228,,0.02734375,,True,True,True,False
902,MiraninonLita,2026-04-25T04:19:08.000Z,"Ha ha ha, seperti covid !  Malah terjadi ""blessing in disguise"" , malah jadi buuaannyakkk yg jadi anti vaksin. Yg tadinya provaksin jadi berubah menjadi antivaksin. The Rule of Karma bekerja You reap what you sow",https://x.com/MiraninonLita/status/2047893144361136432,0,1,3,64,,0.021517515,,True,False,False,False
903,crankygvrl,2026-04-25T03:00:27.000Z,"buat temen-temen yang belum punya pasangan, mungkin bisa tambah pertanyaan ini sebelum mutusin buat nikah:  ""kamu anti vaksin ga?""",https://x.com/crankygvrl/status/2047873342984921439,2,12,53,9906,,-0.033830076,,True,True,False,True
904,crankygvrl,2026-04-25T02:53:44.000Z,"lagi di puskesmas, ngobrol sama ibu hamil. dia cerita ini hamil anak kedua, terus jarang cek dokter karna suaminya ribet.  ""suami saya mah ribet, ga boleh ini itu. dari anak pertama juga gaboleh imunisasi sama sekali.""  GA BOLEH IMUNISASI............ gue cuma diem karna beneran",https://x.com/crankygvrl/status/2047871654978842933,60,74,755,85900,,0.15186712,,True,False,False,True
905,narkosun,2026-04-23T08:00:47.000Z,"Cerita seoarng ibu yg dulu sempat terpapar hoax dan jadi anti-vaksin.  Awalnya dia pro-vaksin banget.  Punya anak pertama, diberi full vaksin.  Setelah anak kedua, dia menerima omongan2 yg menjurus hoax terkait vaksin. Kemudian berubah dari yg awalnya pro-vaksin menjadi",https://x.com/narkosun/status/2047224147575783880,2,5,11,131600,,0.1711353,,True,True,True,False
906,ALFINMABDILLAH,2026-04-22T16:41:22.000Z,Seengganya menkes yang bukan dokter tapi ga denial Covid kebal untuk orang Indonesia or Menkes yang dokter tapi sukanya teori konspirasi bahkan seolah2 mendukung anti vaksin lol,https://x.com/ALFINMABDILLAH/status/2046992772616556606,0,0,6,2082,,0.070034295,,True,False,False,False
907,palakaobierhoff,2026-04-21T22:37:13.000Z,"Lah itu pertanyaan nya kok bisa sdm nya jadi rendah, sementara dulu penyakit2 tsb teratasi dan gak ada tuh anti-vaksin macam skrg.",https://x.com/palakaobierhoff/status/2046719935125262506,0,0,5,784,,0.030477405,,True,True,True,False
908,someduck_lvr,2026-04-21T10:02:52.000Z,8. Ijasah pendidikan terakhir. Gak mungkinkan kamu mau nikah sama orang yang bodoh. Minimal bisa ngecek kesungguhan pasangan dari studi nya. 9. BPKB kendaraan. Amit amit kena matel pas ngedate. 10. Vaksin Covid19 DLL. Ribet kalo nikah sama orang anti vaksin.,https://x.com/someduck_lvr/status/2046530096186765509,0,3,48,1963,,-0.0022864044,,True,False,False,False
909,litapedia,2026-04-20T02:48:34.000Z,"Aku juga sudah vaksin HPV dosis 2 sekalian Hepatitis B juga dosis 2 penting buat yang mau nikah.  Bedanya aku bayar sendiri, calon suami kayaknya anti vaksin wkwkwk",https://x.com/litapedia/status/2046058415051653392,2,0,5,1630,,-0.04808727,,True,False,False,False
910,OmSange99644,2026-04-17T17:35:37.000Z,Sekarang nga perselingkuhan nga kekerasan pisik semua di bikin video kk. akhlak adab orang Indonesia seperti ini jaman sekarang apa kk.apa efek samping vaksin jadi pada nga ada akal sehat nya orang sekarang KK.,https://x.com/OmSange99644/status/2045194484225577094,0,0,14,5312,,0.04131615,,True,True,True,False
911,jauhari_aries,2026-04-29T08:40:15.000Z,Menurut saya yang paling berat itu bukan cuma rasa sakit fisiknya… tapi capeknya sering nggak kelihatan.  Perempuan itu sering dituntut kuat tanpa sempat diberi ruang buat lelah.  Nangis dibilang drama. Marah dibilang emosian. Capek dibilang kurang bersyukur.  Padahal banyak,https://x.com/jauhari_aries/status/2049408406986088618,2,18,71,1776,,0.0014240593,,True,False,False,False
912,KatinganKominfo,2026-04-24T14:03:49.000Z,"Pastikan si kecil tumbuh sehat dan terlindungi  Sudah cek imunisasi anak hari ini? Lengkapi imunisasi sesuai usia untuk melindungi dari penyakit berbahaya, mencegah komplikasi, dan membentuk kekebalan tubuh yang kuat. Jangan lupa bawa Buku KIA dan datang sesuai jadwal ya!",https://x.com/KatinganKominfo/status/2047677897033547856,0,0,2,31,,0.121540576,,True,True,True,False
913,mediaindonesia,2026-04-23T12:50:41.000Z,"@maudykoesnaedi: Meski Sibuk, Imunisasi Anak Penting  Aktris Maudy Koesnaedi mengaku sangat memperhatikan imunisasi pada anak. Ia mengatakan berbagai imunisasi anak selalu dilakukan untuk memperkuat imunitas dan mencegah terjadinya penyakit di masa yang akan datang.  ""Betapa",https://x.com/mediaindonesia/status/2047297106483028213,1,0,2,269,,0.11075258,,True,True,True,False
914,tb_siswadi,2026-04-21T01:37:55.000Z,"Hari Kartini bukan cuma soal emansipasi. Dari sudut pandang medis, ini juga tentang perjuangan perempuan untuk sehat, hidup, dan didengar.  Ketika Raden Ajeng Kartini memperjuangkan pendidikan untuk perempuan, sebenarnya ia sedang membuka pintu untuk sesuatu yang sangat krusial:",https://x.com/tb_siswadi/status/2046403024302800928,2,3,11,774,,0.008241504,,True,False,False,False
915,estachabie,2026-04-17T21:48:00.000Z,"Ngakak, kejadian sama aku pas antri imunisasi anak ada nenek2 bertanya: anaknya minum susu apa? Cucu saya MORINAGA (dengan penekanan di setiap suku katanya)  bhaaaaaiiiiiik mungkin bagi mereka susu MORINAGA adalah yg paling bergengsi yg bisa mereka dapatkan",https://x.com/estachabie/status/2045257998403350752,1,0,3,289,,0.18348241,,True,True,True,False
916,e100ss,2026-04-25T13:23:53.000Z,MPR Desak Pemerintah Bangun Kesadaran Pentingnya Vaksinasi Anak pada Masyarakat,https://x.com/e100ss/status/2048030238077247504,0,0,0,935,,0.16419289,,True,True,True,False
917,spironolactones,2026-04-29T16:50:49.000Z,Semog ga kipi lah ya,https://x.com/spironolactones/status/2049531866081005627,0,0,2,196,,-0.10753387,,True,False,False,False
918,HansKapella,2026-04-28T21:48:39.000Z,..kipi,https://x.com/HansKapella/status/2049244429525918038,0,0,2,65,,-0.028084114,,True,False,False,False
919,WagimanDeep212_,2026-04-23T09:24:53.000Z,"Belajar dari yg sudah2 skaar...  Wabah campak di Sumenep, Jatim yg menewaskan 17 anak dan menginfeksi hampir 2.000 lainnya selama 8 bulan terakhir Rendahnya cakupan imunisasi di wilayah tsb karena masyarakat jd korban HOAXS ""Vaksin Haram"" sehingga penularan smakin masif.",https://x.com/WagimanDeep212_/status/2047245314231562510,5,27,44,133100,,0.25393552,,True,True,True,False
920,tempodotco,2026-04-20T04:15:00.000Z,Penanganan Wabah Terpengaruh Efisiensi  Presiden Prabowo menerapkan kebijakan efisiensi anggaran. Diduga berpengaruh pada respons penanganan wabah campak di daerah.  Simak selengkapnya Program Bocor Alus Politik di Channel Youtube Tempodotco dan Spotify  #BocorAlusPolitik,https://x.com/tempodotco/status/2046080164497707162,0,5,6,2026,,0.13214648,,True,True,True,False
921,tempodotco,2026-04-18T03:30:00.000Z,Campak yang Merebak  Wabah campak telah merenggut korban jiwa di Indonesia. Sejumlah negara juga menghadapi wabah ini sejak pertengahan tahun lalu.  Simak selengkapnya Program Bocor Alus Politik di Channel Youtube Tempodotco dan Spotify  #BocorAlusPolitik #PodcastBAP,https://x.com/tempodotco/status/2045344064133124355,0,4,10,2280,,0.25236556,,True,True,True,False
922,NarasiNewsroom,2026-04-22T12:07:26.000Z,"Per minggu ke-11 tahun 2026 atau Maret 2026, Kementerian Kesehatan RI mencatat terjadi 58 Kejadian Luar Biasa (KLB) campak di 14 provinsi. Munculnya sentimen antivaksin menjadi salah satu penyebab kasus campak yang tinggi.  Apa sebetulnya efek vaksinasi terhadap penularan campak?",https://x.com/NarasiNewsroom/status/2046923834889273588,2,7,12,2306,,0.31334272,,True,True,True,False
923,serambinews,2026-04-22T04:42:54.000Z,Hal itu juga sebagai upaya untuk menghindari para tenaga medis tertular penyakit campak  dari pasien. Terlebih Aceh menjadi salah satu daerah dengan kasus campak paling tinggi.,https://x.com/serambinews/status/2046811961435017465,0,0,0,68,,0.24879548,,True,True,True,False
924,RadioElshinta,2026-04-20T18:30:00.000Z,"Kasus campak melonjak, BPOM perluas vaksinasi campak untuk dewasa resiko tinggi",https://x.com/RadioElshinta/status/2046295332942741846,0,0,0,391,,0.31120113,,True,True,True,False
925,mediaindonesia,2026-04-19T16:00:01.000Z,"Dinas Kesehatan DIY mencatat 112 kasus campak ditemukan di DIY hingga April 2026. Kepala Dinas Kesehatan DIY, Gregorius Anung Trihadi menyebut, salah satu penyebabnya adalah pergerakan masyarakat yang masif ke Yogyakarta pada masa liburan dan Lebaran",https://x.com/mediaindonesia/status/2045895199465853383,0,0,0,297,,0.30793807,,True,True,True,False
926,Harian_Jogja,2026-04-16T12:33:49.000Z,"Kasus Campak Naik Tipis Seusai Lebaran, DIY Tetap Aman https://jogjapolitan.harianjogja.com/read/2026/04/16/510/1252827/kasus-campak-naik-tipis-seusai-lebaran-diy-tetap-aman…",https://x.com/Harian_Jogja/status/2044756146355945579,0,0,0,67,,0.15924105,,True,True,True,False
927,AirinDatangLagi,2026-04-16T07:27:43.000Z,"Bbrp waktu lalu ad Dokter Meninggal krn Campak  Merebaknya kasus campak di di awal 2026. In hrus mnjdi ALARM bgi msyrkt & pemerintah utk menerapkan pola hidup sehat, dmulai dri lingkungan kluarga sbagai fondasi sistem kesehatan nasional yg kuat  Sumber; IG ( abubakar_Jindan_ )",https://x.com/AirinDatangLagi/status/2044679114360226281,1,3,2,133,,0.2354348,,True,True,True,False
928,seruanhl,2026-04-16T06:54:23.000Z,"Penjelasan yang lugas dan objektif!  Penjelasan terkait vaksinasi ni penting banget untuk disimak, terlebih saat ini kasus campak di berbagai daerah lagi mengalami lonjakan.  Sumber: IG: abubakar_jindan_",https://x.com/seruanhl/status/2044670723755774241,6,23,30,132,,0.18679634,,True,True,True,False
929,forkaikamal_,2026-05-13T11:12:00.000Z,"Lah eman udah dibilang dari awall, tubas itu kalo campak di mana ii kalo sukses ya,  artis yg lain  masuk. Coba gagal? (Kagak si) do hujat habis-habisan njir",https://x.com/forkaikamal_/status/2054520030034092103,0,0,17,1,,-0.0895672,,True,True,False,True
930,HartanahTimur,2026-05-13T09:16:20.000Z,Kena campak bawah bas la kalu lebih cakap...,https://x.com/HartanahTimur/status/2054490920335376413,0,2,3,170,,-0.2133258,,False,True,False,False
931,mengarut_je,2026-05-13T07:32:26.000Z,"Hari ini, Babi Kiasu benci insentif NEP, seperti FELDA, FELCRA, lln.  Sedangkan, satu masa ketika dulu, inilah yg mereka mahukan, halau Melayu masuk hutan.  Masa tu bukan main seronok mereka tgk Melayu kena campak dlm hutan. Hari ini, mereka marah2 sebabnya kejayaan FELDA.",https://x.com/mengarut_je/status/2054464773115519443,3,82,227,6991,,-0.078434646,campak_as_throw,True,True,False,True
932,mediaindonesia,2026-05-12T13:10:00.000Z,"Pemerintah diminta untuk lebih memprioritaskan penanganan penyakit menular yang sudah lama mewabah, seperti campak dan difteri, dibandingkan hantavirus yang belakangan mulai menjadi sorotan.",https://x.com/mediaindonesia/status/2054187334770585766,1,0,0,178,,0.23890156,,True,True,True,False
933,kompascom,2026-05-12T12:16:49.000Z,"Baca selengkapnya: https://surabaya.kompas.com/read/2026/05/12/161240978/viral-anggota-dprd-jember-fokus-bermain-game-dan-memegang-rokok-saat-rapat?utm_source=twitter&utm_medium=social…  Anggota DPRD Jember jadi sorotan usai diduga bermain game sambil merokok saat rapat kesehatan. Aksinya terekam video dan viral di media sosial hingga menuai kritik warganet.  Rapat itu membahas campak, stunting, hingga layanan UHC",https://x.com/kompascom/status/2054173952185098420,1,2,4,1235,,0.104179904,,True,True,True,False
934,501Awani,2026-05-12T08:02:59.000Z,"Senarai wabak sedia ada pada menu Disease Tracker adalah denggi, tuberkulosis (TB), demam campak, penyakit tangan, kaki dan mulut (HFMD), COVID-19, rabies manusia dan rabies haiwan.  #AWANInews  #AWANI745",https://x.com/501Awani/status/2054110073400770887,0,0,1,1011,,0.04544127,,False,True,False,False
935,RadioElshinta,2026-05-12T07:54:14.000Z,"Wakil Menteri Kesehatan RI, Dante Saksono Harbuwono menargetkan Jawa Barat dapat menuntaskan sekitar 67 ribu anak zero dose atau anak yang belum pernah menerima imunisasi dasar sama sekali dalam kurun satu hingga dua tahun ke depan. Hal ini disampaikan oleh Dante usai kegiatan",https://x.com/RadioElshinta/status/2054107870204141590,0,1,1,460,,0.26237443,,True,True,True,False
936,langitygbiru7,2026-05-12T07:36:38.000Z,Achmad Syahri As Siddiqi (Fraksi @Gerindra).  Kejadiannya hari Senin kemarin ini pada saat Rapat Dengar Pendapat (RDP) membahas kasus stunting dan campak di Jember.  Orang Gerindra ini sibuk dengan ponselnya sambil merokok di dalam ruang rapat.,https://x.com/langitygbiru7/status/2054103442533257277,1,3,3,244,,0.065963924,,True,True,True,False
937,langitygbiru7,2026-05-12T07:36:14.000Z,Achmad Syahri As Siddiqi (Fraksi @Gerindra).  Kejadiannya hari Senin kemarin ini pada saat Rapat Dengar Pendapat (RDP) membahas kasus stunting dan campak di Jember.  Orang Gerindra ini sibuk dengan ponselnya sambil merokok di dalam ruang rapat.,https://x.com/langitygbiru7/status/2054103339399577632,10,23,145,10,,0.065963924,,True,True,True,False
938,Paramecwara,2026-05-12T06:29:35.000Z,Achmad Syahri As Siddiqi (Fraksi @Gerindra).  Kejadiannya hari Senin kemarin ini pada saat Rapat Dengar Pendapat (RDP) membahas kasus stunting dan campak di Jember.  Orang Gerindra ini sibuk dengan ponselnya sambil merokok di dalam ruang rapat.,https://x.com/Paramecwara/status/2054086568755986652,12,29,168,12,,0.065963924,,True,True,True,False
939,mommiesdaily,2026-05-12T04:05:09.000Z,"Kementerian Kesehatan (Kemenkes) RI memperluas vaksinasi campak untuk orang dewasa. Lantas, siapa yang mendapat prioritasnya? Yuk, simak berikut ini.",https://x.com/mommiesdaily/status/2054050219701227789,0,0,0,276,,0.23822793,,True,True,True,False
940,INABadminton,2026-05-11T11:18:51.000Z,"Inilah para pemain Indonesia yang akan tampil di ajang Thailand Open 2026.  Ajang dengan level BWF Super 500 ini bergulir pada 12-17 Mei di Nimibutr Arena, Bangkok.  Ganda putra Sabar/Reza batal ikut karena Reza mengalami sakit, begitu juga dengan pasangan Devin/Faathir yang",https://x.com/INABadminton/status/2053796977717194893,9,32,102,19,,-0.09051035,,True,False,False,False
941,SINDOnews,2026-05-10T10:30:30.000Z,"Kematian dr. Mita bukan sekadar angka, melainkan puncak gunung es dari rapuhnya perlindungan bagi dokter muda. Pakar Kesehatan masyarakat Prof. Candra Yoga Aditama mengungkapkan fakta mengejutkan bahwa ada empat dokter internship yang gugur dalam waktu singkat di lokasi berbeda.",https://x.com/SINDOnews/status/2053422420053336378,0,1,2,245,,0.17236134,,True,False,False,True
942,semaniscokl4t,2026-05-10T02:32:19.000Z,"muthe : kalo cacar keluar rumah harus pake jaket, biar ga kena angin. oniel : kalo campak? atin : campaka putih oniel : cempaka.. jessi : cempaka putih.. ribi : …. (masih memahami obrolan) ribi : itu tempatnya aldi taher kan?  KENAPA SIH DIA TUH LUCU BGT?!",https://x.com/semaniscokl4t/status/2053302082124513546,19,303,2809,103,,0.006531507,,True,True,True,False
943,efeksedatif,2026-05-09T17:54:39.000Z,"dari Dinkes nya langsung,dulu mudah dapetin nya,sekali drop bisa puluhan, semenjak efisiensi jadi sulit, jangankan buku KIA, sampling campak aja udh ga bisa skrg,harus berbayar kalau mau",https://x.com/efeksedatif/status/2053171808736878897,2,0,13,1,,0.07919791,,True,True,True,False
944,peiboritiramisu,2026-05-09T10:08:58.000Z,OTOT SEGEDE ENTUH BERKELAHI DENGAN BEKAS SUNTIK CAMPAK NYANG IMUT  OTOT POLKADOT,https://x.com/peiboritiramisu/status/2053054611813200268,1,0,2,163,,0.093439996,,False,True,False,False
945,tribunnews,2026-05-09T09:29:30.000Z,"Kekhawatiran masyarakat terhadap virus hanta terus muncul setelah sejumlah kasus dilaporkan di beberapa negara, termasuk Indonesia.  Namun para ahli menegaskan masyarakat tidak perlu cemas berlebihan karena virus ini memiliki tingkat penularan yang sangat rendah dan berbeda jauh",https://x.com/tribunnews/status/2053044680196272128,0,0,1,865,,0.24202064,,True,False,False,True
946,UMonline,2026-05-09T08:56:36.000Z,Wabak campak terburuk di Bangladesh ragut 300 nyawa kanak-kanak,https://x.com/UMonline/status/2053036402313769316,0,0,1,243,,0.18400988,,False,True,False,False
947,BuletinTV3,2026-05-09T00:29:15.000Z,Wabak campak ragut 336 nyawa kanak-kanak di Bangladesh,https://x.com/BuletinTV3/status/2052908724184809906,0,0,1,298,,0.0920085,,False,True,False,False
948,bharianmy,2026-05-08T16:01:53.000Z,"Wabak campak ragut 336 nyawa kanak-kanak di Bangladesh sejak Mac  #BHDunia Lebih 1,524 jangkitan baharu dilaporkan, menjadikan jumlah keseluruhan kes melebihi 51,700.",https://x.com/bharianmy/status/2052781039186026522,0,2,1,405,,0.14372218,,False,True,False,False
949,KalanaraDika,2026-05-08T11:47:50.000Z,"Ga Perlu Panik, Hantavirus Bukan Ancaman Pandemi.  Hantavirus memang berbahaya, tapi karena cara kerjanya beda total dari COVID, kemungkinan besar dia ga akan membuat pandemi.  Aku udah konfirmasi info ini ke temenku yang lulusan S2 Bioteknologi SITH ITB. Izinkan aku cerita dari",https://x.com/KalanaraDika/status/2052717107419517092,3,39,82,6145,,-0.023392841,,True,False,False,False
950,Astro_Gempak,2026-05-08T09:51:52.000Z,#GempakNews: Komen yang baik kita ambil yang buruk kita campak jauh-jauh,https://x.com/Astro_Gempak/status/2052687920621097275,0,0,1,246,,0.045692116,,True,True,True,False
951,MyCommuNews0624,2026-05-08T05:47:41.000Z,"'JIKA ADA WAKIL RAKYAT DAP CUBA BELOT, SAYA CAMPAK' - ANTHONY LOKE  Setiausaha Agung DAP, Anthony Loke memberi peringatan keras kepada mana-mana wakil rakyat DAP bahawa mereka bakal berdepan tindakan tegas, termasuk disingkirkan daripada barisan kepimpinan sekiranya mereka cuba",https://x.com/MyCommuNews0624/status/2052626473262215604,2,6,9,84,,-0.07071392,,True,True,False,True
952,abyts_,2026-05-08T04:38:13.000Z,"Ya tuh virus sebenernya ga segawat covid, tp negara terutama pemerintah lu ini abainya luar biasa. Makanya gapapa dibikin panik dikit  kemungkinan kita kena hanta tuh jauh lebih kecil daripada kena campak atau tbc  kita yg juara campak tbc aja santainya bukan maen.",https://x.com/abyts_/status/2052608989943435665,0,0,2,91,,0.104803026,,True,True,True,False
953,CorpusAlienumm,2026-05-08T02:38:11.000Z,2 hari ini aku dapet beberapa pasien anak usia sekolah dengan keluhan demam dan bengkak di pipi kaya chipmunk    Yaa ini penyakit jaman dulu yang namanya  MUMPS alias Gondongan [A THREAD]   Apa itu mumps/gondongan??  Gondongan adalah infeksi virus yang membuat pipi anak,https://x.com/CorpusAlienumm/status/2052578780900917271,1,10,55,55,,0.11097172,,True,False,False,True
954,Cravemory,2026-05-08T01:54:13.000Z,"Udah capek capek imunisasi campak waktu kecil, gedenya tetep dicampakkan.",https://x.com/Cravemory/status/2052567716448665917,0,0,2,82,,0.12120077,campak_as_discard,True,True,False,True
955,inorii_yuzuriha,2026-05-07T17:50:18.000Z,Cocok dengan perkiraan saya. Viral exanthem yg org tolol bilang kena campak. Padahal gejala keracunan arsenik @doc_hedo59152,https://x.com/inorii_yuzuriha/status/2052445934576173507,1,2,10,245,,0.16099241,,True,True,True,False
956,afrkml,2026-05-07T13:45:11.000Z,"Ga usah heboh & kemakan fear mongering media gajelas! Ikuti kata nakes/dokter yg edukasi hantavirus ini 1. Kasus terkonfirmasi (baru) 7 2. CFR tinggi, tp laju transmisinya sangat rendah = risiko jd pandemi rendah sekali 3. Moda penularan utama masih paparan lingkungan dari tai &",https://x.com/afrkml/status/2052384252206231559,53,723,2332,78,,0.12567407,,True,False,False,True
957,chayumia,2026-05-07T12:22:01.000Z,"Saya faham perasaan ibu ni, saya single mom, anak saya ASD Level 3 & ADHD. Anak saya macam ni lah cepat triggered sensory issues, hypersensitive. Mengamuk memang rosak barang, campak sana sini, sakitkan diri sendiri. Memang struggle, penat. Semoga kuat ya mommy",https://x.com/chayumia/status/2052363321257623763,0,0,5,2,,0.11451641,,True,True,True,False
958,afrkml,2026-05-07T07:30:57.000Z,"very closed direct contact berarti bener2 intim banget kontak eratnya kak, pasutri contohnya  so far baru gini, semoga gak tbtb berkembang jd selevel campak",https://x.com/afrkml/status/2052290070154297657,2,1,37,6,,0.1195187,,True,True,True,False
959,afrkml,2026-05-07T07:08:02.000Z,"Gini ya Ttg hantavirus akhir2 ini, gw masih yakin klo hantavirus belum (tidak) potensial utk jd the next pandemic macem covid19 krn nature penularannya masih mainly dari paparan lingkungan  Penularan human-to-human yg lg heboh itu sejauh ini lebih banyak trjd melalui kontak lgsg",https://x.com/afrkml/status/2052284306090004826,42,277,1464,114,,0.10283172,,True,False,False,True
960,tempurkonten,2026-05-07T06:05:34.000Z,hantavirus semacam campak kah? Soalnya aku lagi kena,https://x.com/tempurkonten/status/2052268583053640062,8,0,6,365,,0.050971,,True,True,True,False
961,mediaindonesia,2026-05-08T11:01:36.000Z,"""Awal tahun 2026, terjadi kekosongan vaksin MR kurang lebih selama dua bulan pada kami,"" ungkap Sekretaris Dinas Kesehatan Sumut Hamid Rizal, Kamis (7/4).",https://x.com/mediaindonesia/status/2052705473418461492,0,0,0,150,,0.041893333,,True,True,True,False
962,hariankompas,2026-05-06T12:42:36.000Z,Di Surabaya imunisasi campak dilakukan serentak di 153 keluarahan. dan berlangsung hingga akhir Mei. #Kesehatan #AdadiKompas,https://x.com/hariankompas/status/2052006114133258337,0,0,0,137,,0.23035395,,True,True,True,False
963,HumorJonTampan,2026-05-04T03:13:14.000Z,"H U K U M Secara definisi, hukum adalah sekumpulan peraturan, norma, dan sanksi yg dibuat oleh otoritas berwenang utk mengatur tingkah laku manusia, menciptakan ketertiban, keadilan, serta keamanan dalam kehidupan bermasyarakat.   Secara eksplisit, setiap orang memiliki kedudukan",https://x.com/HumorJonTampan/status/2051138049955049847,3,8,20,1194,,0.0024154931,,True,False,False,False
964,antaranews,2026-05-01T08:42:12.000Z,ANTARA -  ANTARA -  Dinkes Fakfak targetkan capaian imunisasi campak rubella 100 persen http://dlvr.it/TSK2P1,https://x.com/antaranews/status/2050133676613308893,0,1,2,201,,0.2135264,,True,True,True,False
965,HumorJonTampan,2026-05-04T02:25:24.000Z,"""Supaya KEBAL DICAMPAKKAN OLEH CEWEK-CEWEK, waktu masih kecil biasanya divaksin CAMPAK/RUBELLA... Nah, supaya KEBAL HUKUM, waktu masih kecil divaksin apa dong?"" #TangkapAdeArmando   #Ngik",https://x.com/HumorJonTampan/status/2051126014622011709,1,1,2,66,,0.030210078,campak_as_discard,True,True,False,True
966,HumorJonTampan,2026-05-04T02:23:31.000Z,"""Supaya KEBAL DICAMPAKKAN OLEH CEWEK-CEWEK, waktu masih kecil biasanya divaksin CAMPAK/RUBELLA... Nah, supaya KEBAL HUKUM, kecilnya divaksin apa dong?"" #TangkapAdeArmando   #Ngik",https://x.com/HumorJonTampan/status/2051125541068325297,0,3,4,76,,0.034930766,campak_as_discard,True,True,False,True
967,HumorJonTampan,2026-05-04T02:22:56.000Z,"""Supaya KEBAL DICAMPAKKAN OLEH CEWEK-CEWEK, waktu masih kecil biasanya divaksin CAMPAK/RUBELLA... Nah, supaya KEBAL HUKUM, kecilnya divaksin apa dong?"" #TangkapAdeArmando   #Ngik",https://x.com/HumorJonTampan/status/2051125393839825365,0,1,2,61,,0.034930766,campak_as_discard,True,True,False,True
968,RAKemal,2026-06-20T10:01:17.000Z,Enaknya jadi anti-vaksin di dunia yang dilindungi vaksin,https://x.com/RAKemal/status/2068272969676185682,0,0,2,118,,0.06268749,,True,True,True,False
969,littledalgi_,2026-06-16T14:35:42.000Z,anti vaksin mana yang startkan rumors ni,https://x.com/littledalgi_/status/2066892479409070529,0,0,2,71,,0.025933385,,True,True,True,False
970,Harian_Jogja,2026-06-25T03:23:07.000Z,"Menyapa Nusantara edisi Kamis, 25 Juni 2026, mengulas tentang Kemenkes Integrasikan CKG dan Imunisasi Anak Sekolah Perluas Cakupan hingga Foto Cerita Membuka Kabut Digital di Papua Pegunungan. (ANTARA)  #menyapanusantara #beritaantara #harianjogja #kabarnusantara",https://x.com/Harian_Jogja/status/2069984707446702359,0,0,0,368,,0.12515247,,True,True,True,False
971,Tadek_8,2026-06-26T10:03:43.000Z,Aż kipi,https://x.com/Tadek_8/status/2070447908122497401,0,0,1,10,,-0.090035185,,True,False,False,False
972,ThatSun510,2026-06-26T09:12:25.000Z,dr gk prnah bahas kipi dah sadar gk media independen…   oposishit aka oplosan asuhan EG,https://x.com/ThatSun510/status/2070434998839378009,0,1,2,84,,0.122381926,,True,False,False,True
973,Generali_ID,2026-06-21T03:37:37.000Z,"Berdasarkan data Kementerian Kesehatan Republik Indonesia, terjadi lonjakan kasus campak pada akhir 2025 hingga awal 2026. Meskipun saat ini sudah menurun, tetapi kematian akibat campak masih cukup tinggi, mencapai 10 kasus yang tercatat sejak awal tahun hingga akhir Maret 2026.",https://x.com/Generali_ID/status/2068538805238501621,1,1,10,222,,0.38551584,,True,True,True,False
974,MarxistInfo,2026-06-29T12:30:00.000Z,"""𝙎𝙢𝙖𝙡𝙡𝙥𝙤𝙭 𝙞𝙨 𝙗𝙞𝙜𝙜𝙚𝙧 𝙩𝙝𝙖𝙣 𝘾𝙤𝙢𝙢𝙪𝙣𝙞𝙨𝙢 𝙫𝙨 𝘾𝙖𝙥𝙞𝙩𝙖𝙡𝙞𝙨𝙢, 𝙍𝙖𝙘𝙚, 𝙍𝙚𝙡𝙞𝙜𝙞𝙤𝙣, 𝘽𝙤𝙧𝙙𝙚𝙧𝙨 𝙤𝙛 𝙂𝙤𝙫𝙚𝙧𝙣𝙢𝙚𝙣𝙩𝙨. 𝙒𝙚 𝙘𝙖𝙣 𝙜𝙤 𝙩𝙤 𝙊𝙪𝙩𝙚𝙧 𝙎𝙥𝙖𝙘𝙚, 𝙗𝙪𝙩 𝙬𝙚'𝙫𝙚 𝙛𝙤𝙧𝙜𝙤𝙩𝙩𝙚𝙣 𝙖𝙗𝙤𝙪𝙩 𝙩𝙝𝙚 𝙋𝙚𝙤𝙥𝙡𝙚 𝙤𝙣",https://x.com/MarxistInfo/status/2071571887923314777,0,2,34,1568,,-0.11500219,,False,False,False,False
975,unnyDami,2024-06-13T09:14:33.000Z,"Menarik, weekends buat meal prep. Boleh tryy",https://x.com/unnyDami/status/1801181353532338327,0,0,3,2,https://x.com/Melati_Hani/status/1801146058711658723,-0.108394474,,True,True,False,True
976,NorizaLokman,2024-06-12T05:41:19.000Z,Benar. Pasni ready untuk dpt jemputan kenduri kawin hahaha,https://x.com/NorizaLokman/status/1800765301455495261,0,0,0,60,https://x.com/NorizaLokman/status/1800762285264449612,-0.17315654,,True,True,False,True
977,btrsyiasya,2024-06-12T01:54:25.000Z,"Orang baik macamni lah, campak dekat mana2 pun makin cantik",https://x.com/zulaikhaaina/status/1800708201769467915/photo/1,2,0,2,363,https://x.com/btrsyiasya/status/1800710927375126764,-0.04769416,,True,True,False,True
978,jllmisai,2024-06-10T09:44:19.000Z,Mohon saksi kejadian tampil bantu keluarga mangsa.. Ada keraguan katanya dalam siasatan punca kematian mangsa ni..,https://x.com/jllmisai/status/1800101682065670322,3,87,89,17,https://x.com/gajuspedas/status/1800110521913667591,0.0048744082,,True,True,True,False
979,bckupacc99,2024-06-09T10:40:32.000Z,"Jum pindah pluto, bumi milik diorang berdua.",https://x.com/bckupacc99/status/1799753437762163172,147,448,814,363,https://x.com/daladom_ms/status/1799780235711529136,-0.21470991,,True,True,False,True
980,ShahnazAzizTT,2024-06-08T00:28:29.000Z,Repost mende ni..   @Sahad1822455 @HamdanRukun @ManPin @NaratifRakyat @rosli_ramlah @BanulataDava @drasyrafwajdi @Kh_yonkhai @MohamadYusofBi6 @NikYahya2 @En_Blue_Bird @datoibrahimali @vinnayusoff97 @MALAYSIAVIRALLL,https://x.com/ShahnazAzizTT/status/1799237022739243249,2,1,4,61,https://x.com/rosli_ramlah/status/1799251980420002136,-0.028721943,,False,True,False,False
981,rosli_ramlah,2024-06-08T00:59:17.000Z,Done...,https://x.com/rosli_ramlah/status/1799244776438694226,1,1,1,21,https://x.com/rosli_ramlah/status/1799251980420002136,-0.068008095,,True,True,False,True
982,tattyhassan,2024-06-06T05:30:41.000Z,"Teringat masa umur i 10 tahun, jumpa a bag of kittens dalam guni, orang naik motor campak gitu je dekat jalan kecik tepi rumah i. Tengah siram pokok nampak guni gerak gerak meow meow. Manusia gila.",https://x.com/kyril_graguks/status/1798588299214520389/photo/1,0,120,256,189,https://x.com/tattyhassan/status/1798696817598894184,-0.054318473,,True,True,False,True
983,MohdAryfen,2024-06-06T12:08:59.000Z,damn mati sia2,https://x.com/MohdAryfen/status/1798688535236755517,0,0,0,72,https://x.com/Enginena/status/1798683177265025478,-0.16617413,,True,True,False,True
984,La_FarEast,2024-06-06T07:18:52.000Z,Bersatu dah kena campak bawah MRT  ke?   Awat x pakai logo PN?   Kah3 https://x.com/naszkeem/statu/naszkeem/status/1798517124065063035…,https://x.com/naszkeem/status/1798517124065063035,4,6,9,686,https://x.com/La_FarEast/status/1798615524412379236,0.008496016,,True,True,True,False
985,Bro2Face,2024-06-06T15:48:10.000Z,Logo PN x laku dah ke?,https://x.com/Bro2Face/status/1798743696034414993,0,0,0,13,https://x.com/La_FarEast/status/1798615524412379236,-0.045688942,,False,True,False,False
986,detikHealth,2024-06-11T07:40:06.000Z,"Gaduh risiko fatal pada pengguna vaksin COVID-19 mRNA, disebut-sebut memicu kematian masif setelah tiga hingga lima tahun. Kemenkes RI angkat bicara.",https://x.com/detikHealth/status/1800432809221165191,23,26,22,20,https://x.com/syaikhkhalid/status/1800670356224737530,0.19132546,,True,False,False,True
987,burningred30,2024-06-14T03:39:21.000Z,Ortunya fomo,https://x.com/burningred30/status/1801459384343740711,0,0,1,21,https://x.com/mr_adityason/status/1801448175255097566,0.12700686,,True,True,True,False
988,liyana_marzuki,2024-06-29T04:45:42.000Z,"PANDIR  Banyak hikayat orang Melayu bercerita mengenai orang dungu: Pak Pandir, Pak Kadok dan Si Luncai.   Ceritera ini wujud sejak berzaman. Memberi amaran kepada orang kita jangan tamak dan haloba, sampai jatuh “dungu” pula.   Saya ikuti kempen di Sungai Bakap. Dan seperti",https://x.com/liyana_marzuki/status/1806911900971839589,27,196,619,70,https://x.com/F83057308/status/1807085227552252096,-0.05375178,,True,True,False,True
989,zhrzainudin,2024-06-29T20:07:04.000Z,Hm kenapa hosp bang,https://x.com/zhrzainudin/status/1807143770502451320,0,0,0,34,https://x.com/hanifzulkifli_/status/1807084966796480952,0.004860282,,False,True,False,False
990,kyunnooo,2024-06-29T09:18:27.000Z,me non oomf,https://x.com/kyunnooo/status/1806980541696049515,1,0,1,297,https://x.com/chocrim/status/1806934520894992682,-0.0067368746,,True,True,True,False
991,hvnnaaaaa,2024-06-29T06:26:23.000Z,AKU,https://x.com/hvnnaaaaa/status/1806937238758150464,1,0,0,288,https://x.com/chocrim/status/1806934520894992682,0.019717753,,True,True,True,False
992,wookiewink,2024-06-29T06:20:42.000Z,WEH SAMAA,https://x.com/wookiewink/status/1806935808777257023,1,0,0,330,https://x.com/chocrim/status/1806934520894992682,-0.0012477934,,True,True,True,False
993,hafizzabid,2024-06-26T17:36:18.000Z,Word.,https://x.com/hafizzabid/status/1806018664686366812,1,0,0,16,https://x.com/iAMazmar/status/1806022968499487064,-0.11381045,,True,True,False,True
994,nrlsyfazhar,2024-06-25T12:02:52.000Z,genius! pasni pengasuh boleh bagi baby main handphone pula nanti baby campak rosak boleh claim dekat mak dia minta ganti phone baru,https://x.com/meinmokhtar/status/1805572364593496085/photo/1,1,0,4,676800,https://x.com/nrlsyfazhar/status/1805580620804112691,0.1099447,,True,True,True,False
995,itsonmytbr,2024-06-25T15:26:55.000Z,Umur dah 40 pon bangang lagi,https://x.com/itsonmytbr/status/1805623717948702879,0,0,0,17,https://x.com/meeayusri/status/1805431379393667417,-0.2706622,,True,True,False,True
996,lia_nmei,2024-06-24T03:05:27.000Z,"Iya ummu, aku dicampakan dongkena campak",https://x.com/lia_nmei/status/1805074732154540073,1,0,1,21,https://x.com/rahmaniarbaftim/status/1804860434681565655,0.088748634,,True,True,True,False
997,Scoopdotmy,2024-06-22T06:54:33.000Z,"BlackRock pegang saham dalam CGS International, @Khairykj pengarahnya, jadi apa cerita ni? soal Pegawai Tugas-Tugas Khas II kepada Menteri Komunikasi, @farhanzulkefly.",https://x.com/Scoopdotmy/status/1804407613041541186,14,38,92,6710,https://x.com/puterae1/status/1804515976270196787,-0.13388632,,True,True,False,True
998,eeyiu,2024-06-22T08:35:54.000Z,Betul ler. Pati dia pun orang guna buat air ikan laga,https://x.com/eeyiu/status/1804433115701772573,1,0,0,31,https://x.com/eeyiu/status/1804431720000696396,-0.15010707,,True,True,False,True
999,sukrisabri,2024-06-22T02:13:25.000Z,"Oh maafkan saya, jawapan sebenar ialah ""bertih"". Bonda saya kata ini nama yg biasa digunakan di Selatan Thai.",https://x.com/sukrisabri/status/1804336862984818995,1,0,2,85,https://x.com/KyaryHime/status/1804339478196293732,-0.031366825,,True,True,False,True
1000,sukrisabri,2024-06-22T04:34:24.000Z,Haaa,https://x.com/sukrisabri/status/1804372341604127092,1,0,1,14,https://x.com/KyaryHime/status/1804339478196293732,-0.0020493418,,True,True,True,False
1001,binblancos,2024-06-21T10:49:48.000Z,Campak ke tong sampah kalau starting XI Real Madrid musim depan gaada Valverde-nya.,https://x.com/a_derll/status/1804104424899420184/photo/1,0,0,5,496600,https://x.com/binblancos/status/1804205373974548719,-0.16414234,campak_as_throw,True,True,False,True
1002,iejaH0sh1s,2024-06-20T03:11:21.000Z,Campak belakang #BMday #Checkthisout #BabyMonster #Baemon #SG,https://x.com/iejaH0sh1s/status/1803626665719013740,1,0,0,289,https://x.com/iejaH0sh1s/status/1803625891672760547,-0.05670613,,False,True,False,False
1003,iejaH0sh1s,2024-06-20T03:13:01.000Z,Campak belakang #BMday #Checkthisout #BabyMonster #Baemon #SG,https://x.com/iejaH0sh1s/status/1803627084587372636,0,0,1,271,https://x.com/iejaH0sh1s/status/1803625891672760547,-0.05670613,,False,True,False,False
1004,ef_hash,2024-06-20T05:07:22.000Z,Syurga dia bawah tapak kaki ibu tapi ibu masuk neraka jsksksjjsjsjskk,https://x.com/ef_hash/status/1803655864135590195,1,0,1,111,https://x.com/ef_hash/status/1803618146424856875,0.0028428435,,True,True,True,False
1005,malaygentleman,2024-06-20T11:11:11.000Z,Ramai pulak burner account budak tahfiz takda tauliah bawah 50 follower triggered kena tegur.,https://x.com/malaygentleman/status/1803747419370492196,0,0,24,16500,https://x.com/malaygentleman/status/1803433920672965102,-0.061099797,,True,True,False,True
1006,Syeikhleebit,2024-06-26T18:22:36.000Z,"Pantes aja banyak nakes yg enggan menanggapi pertanyaan dari orang ky gtu, semakin diladeni, semakin setres  Memang lebih enak klo nakes bikin edukasi secara universal dibanding jadi sesi QnA. Klo emang ada yg gk terima? Ya tinggal abaikan aja dan cukup diam",https://x.com/Syeikhleebit/status/1806030316718653484,1,0,1,41,https://x.com/Syeikhleebit/status/1806029746461159687,0.07426439,,True,True,True,False
1007,Syeikhleebit,2024-06-26T18:24:30.000Z,"Karena mau dikasih source dari jurnal internasional pun, jurnal terbaru pun, ya pasti ada aja alasan ngelesnya mereka  Ya Allah, cukup deh sekali menanggapi orang ky gtu, lain kali mah cukup diemin aja dah, wkwkwk CAPEK",https://x.com/Syeikhleebit/status/1806030795343298779,1,0,1,39,https://x.com/Syeikhleebit/status/1806029746461159687,0.0073737055,,True,True,True,False
1008,jandakembang78,2024-06-23T19:06:46.000Z,"Pabrikannya sdh menghadapi tuntutan hukum, pendukung nya masih denial. Yg kacau siapa ?",https://x.com/jandakembang78/status/1804954269013139656,1,0,0,46,https://x.com/piramidamesir_/status/1804890046149083510,0.11538553,,True,True,True,False
1009,tentanganakofc,2024-06-18T04:26:23.000Z,"Popok Rp300.000 https://s.shopee.co.id/5VAAt8EPSa  1 bulan butuh sekitar 5-6 ball. Dulu waktu newborn popok pasti coba mulai dari yg terbaik & termahal. Makin besar lihat anaknya gak ada riwayat ruam, bisa ganti ke merek yang lebih terjangkau. Bener apa bener Bun?",https://x.com/tentanganakofc/status/1802920773440635220,1,0,0,468,https://x.com/tentanganakofc/status/1802926116757451119,0.10165089,,True,False,False,True
1010,tentanganakofc,2024-06-18T04:30:55.000Z,"Protein Hewani Rp1.000.000  Prioritas rotasi protein hewani untuk tumbuh kembang yang optimal. Setiap hari wajib makan telur (rotasi telur ayam, puyuh, bebek). Selain itu pasti harus stock ikan-ikanan, daging, dan ayam biar menunya gak bosan.",https://x.com/tentanganakofc/status/1802921914987663699,1,0,0,445,https://x.com/tentanganakofc/status/1802926116757451119,0.023046225,,True,False,False,False
1011,tentanganakofc,2024-06-18T04:32:30.000Z,"Susu UHT Rp 360.000 https://s.shopee.co.id/AUYqqOK9pi  Kenapa bukan Sufor? Sesuai rekomendasi WHO, anak 1-3 tahun mengkonsumsi susu hewani seperti susu sapi UHT atau pasteurisasi, karena memiliki kandungan gizi yang mencukupi. Pastikan pilih yg plain dan rendah gula!",https://x.com/tentanganakofc/status/1802922311747788981,2,1,2,643,https://x.com/tentanganakofc/status/1802926116757451119,0.07450637,,True,False,False,False
1012,tentanganakofc,2024-06-18T04:34:35.000Z,"Playground/outdoor activity Rp500.000  Selain stimulasi di rumah, biasanya BunMin ajak anak explore tempat baru setiap 2minggu sekali. Rekomendasi tempatnya bisa cek di sini",https://x.com/tentanganakofc/status/1802922838036558249,1,1,0,561,https://x.com/tentanganakofc/status/1802926116757451119,0.09017983,,True,False,False,True
1013,tentanganakofc,2024-06-18T04:39:19.000Z,"Skincare Rp300.000 https://s.shopee.co.id/pKLtWxBT  Emang Bunda aja yang perlu skincarean? Jaga kulit si Kecil juga penting! Karena kulit anak masih sensitif, BunMin pilih produk yg DSA approved aja deh gak mau coba-coba. Mencegah dan menjaga lebih baik daripada anak gak nyaman.",https://x.com/tentanganakofc/status/1802924025645244534,1,0,0,405,https://x.com/tentanganakofc/status/1802926116757451119,0.090375334,,True,False,False,True
1014,tentanganakofc,2024-06-18T04:43:05.000Z,"Edutools Rp200.000 https://shope.ee/LOmSB3jc3  Apakah AyBun termasuk yg perhitungan kalau beli mainan anak? Kalau BunMin, iya banget Kadang harus sampai list pros cons dulu sebelum beli mainan biar gak mubazir. Di toko ini, banyak banget edutools yg anti mubazir & pasti anak suka!",https://x.com/tentanganakofc/status/1802924977248973188,1,0,2,433,https://x.com/tentanganakofc/status/1802926116757451119,0.033752024,,True,False,False,False
1015,tentanganakofc,2024-06-18T04:49:55.000Z,"Wah ternyata budget 1 anak aja jumlahnya lumayan, ya! Ada budget yang terlewat gak nih Bun kira-kira?  Semoga selalu luas rezekinya untuk usahakan tumbuh kembang optimal untuk si Kecil",https://x.com/tentanganakofc/status/1802926696997531921,1,0,1,694,https://x.com/tentanganakofc/status/1802926116757451119,0.08228791,,True,False,False,True
1016,fajar_muttaqiin,2024-06-16T00:57:13.000Z,"Saya turut berduka cita atas kejadian ini.  Tapi mbok sebelum komen baca² dulu. Emang sebanyak itu kok vaksin di usia 2 bulan.  Medianya juga, bikin misinformasi di caption berita.  Semoga ini bisa dievaluasi dengan baik dan transparan.",https://x.com/fajar_muttaqiin/status/1802143360163180813,13,8,27,6397,https://x.com/dewaputu1970/status/1802462242417598756,0.07697162,,True,True,True,False
1017,pedetxt,2024-08-14T03:23:57.000Z,wkwkw kayanya emang emg pola pikir rendah itu bener adanya. bukan tentang ga bs liat fasilitas pemerintah tp emg pola pikir nya aja huft,https://x.com/pedetxt/status/1823561167685742956,0,0,1,55,https://x.com/kusayangpanda15/status/1823533386495090801,0.09475815,,True,False,False,True
1018,imagoodgurLLL,2024-08-15T03:16:38.000Z,"Blt buat rumah tangga, malah dibeliin baju anjir wkwkqkwk baju gaya buat diri sendiri. Anaknya malah gadikasih apa apa.",https://x.com/imagoodgurLLL/status/1823921715786960990,0,0,0,19,https://x.com/kusayangpanda15/status/1823533386495090801,0.12228915,,True,False,False,True
1019,imagoodgurLLL,2024-08-15T03:15:52.000Z,"Beli tas dengan harga 250k an, kalo skrg mungkin 400k an dengan kualitas kyk tas aku. Dan bener, sampe skrg aja masih bagus tas nya. Masih kubawa, kupake kemana2. Trus w kekurangan jilbab, krn kena setrika, beli lagi, pokonya sisanya baru w kasih ke ibu simpan buat bayar makalah",https://x.com/imagoodgurLLL/status/1823921523348185105,0,0,0,47,https://x.com/kusayangpanda15/status/1823533386495090801,-0.0031022727,,True,False,False,False
1020,imagoodgurLLL,2024-08-15T03:14:08.000Z,"W juga dapet, dari kelas 1 sem. 2 w beli sepatu sekolah warna hitan yg langsung ke harga menengah 300k an. Krn gua mikirin kualitas, sama mikirin pemakaian harus tahan sampe tamat. Soalnya selama smp, ganyampe 1 tahun sepatu w rusak terus. Pas sem. 2, w beli tas-",https://x.com/imagoodgurLLL/status/1823921087274737854,0,0,0,28,https://x.com/kusayangpanda15/status/1823533386495090801,0.030276954,,True,False,False,False
1021,imagoodgurLLL,2024-08-15T03:12:05.000Z,"Inget bgt w waktu sekolah beasiswa yg didapwr sama siswa nya digunain bukan buat keperluan sekolah dan bantuan BLT juga. BS dari sekolah dijadiin buat beli sepatu gaya, ada yg beli baju yg intinya gaada hubungannya dgn sekolah.",https://x.com/imagoodgurLLL/status/1823920572591751250,0,0,0,16,https://x.com/kusayangpanda15/status/1823533386495090801,0.08764258,,True,False,False,True
1022,urlavoca,2024-08-10T12:06:26.000Z,"Gw dulu iship di puskesmas gitu kan, nah waktu itu kebetulan ada bulan imunisasi anak sekolah (BIAS). Diajakin lah gw ke sekolah² SD di wilayah kerja puskesmas tsb buat suntik imunisasi.  Pas di SD anak²nya pada takut disuntik, ada yg nangis, ada yg harus kejar-kejaran dulu https://x.com/Pai_C1/status//Pai_C1/status/1822094550350840142…",https://x.com/Pai_C1/status/1822094550350840142,6,0,11,6919,https://x.com/urlavoca/status/1822243106265182392,0.17531458,,True,False,False,True
1023,RizalAswin1,2024-08-10T14:01:35.000Z,"Jadi inget waktu sakit dulu, mungkin beberapa tahun pas jaman covid, dokternya nyuntik d lengan GK pake alkohol... Gak berasa sakit sama sekali...",https://x.com/RizalAswin1/status/1822272084804035057,1,0,0,78,https://x.com/urlavoca/status/1822243106265182392,0.12015048,,True,False,False,True
1024,urlavoca,2024-08-11T22:26:47.000Z,Enggak sakit sebenarnya,https://x.com/urlavoca/status/1822761610135662957,1,0,0,37,https://x.com/urlavoca/status/1822243106265182392,0.1617926,,True,False,False,True
1025,snovvbear,2024-08-10T14:02:37.000Z,gua tim pas liat mobil puskesmas langsung puter balik pas sekolah dulu,https://x.com/snovvbear/status/1822272342589870465,1,0,0,86,https://x.com/urlavoca/status/1822243106265182392,0.17382905,,True,False,False,True
1026,urlavoca,2024-08-11T22:28:42.000Z,Sekarang udah enggak kan,https://x.com/urlavoca/status/1822762089586561213,0,0,0,27,https://x.com/urlavoca/status/1822243106265182392,0.16929108,,True,False,False,True
1027,ramdhanslats,2024-08-10T13:04:55.000Z,"Jangankan anak sd, yg dewasa juga banyak yg takut disuntik.. pas vaksin covid kemarin contohnya",https://x.com/ramdhanslats/status/1822257824598196729,1,0,0,69,https://x.com/urlavoca/status/1822243106265182392,0.15685102,,True,False,False,True
1028,urlavoca,2024-08-11T22:28:30.000Z,Kamu takut ga,https://x.com/urlavoca/status/1822762040827724052,1,0,0,28,https://x.com/urlavoca/status/1822243106265182392,0.15013847,,True,False,False,True
1029,midfingerupp,2024-08-10T13:34:54.000Z,Anak kecil ngejaranak kecill kwkwk cuteenyaa,https://x.com/midfingerupp/status/1822265368833884329,1,0,0,45,https://x.com/urlavoca/status/1822243106265182392,0.15878382,,False,False,False,False
1030,urlavoca,2024-08-11T22:26:34.000Z,Kok iso isone,https://x.com/urlavoca/status/1822761553705464060,0,0,1,17,https://x.com/urlavoca/status/1822243106265182392,0.17226821,,True,False,False,True
1031,KemenkesRI,2024-08-09T14:55:34.000Z,"Jangan sampai melewatkan program BIAS ya, karena #SetiapAnakBerhak mendapatkan imunisasi   Ayo cek jadwal program BIAS di sekolah atau Puskesmas terdekat Anda!   Salam sehat!   #BIAS2024  #AyoImunisasi",https://x.com/KemenkesRI/status/1821923281684861284,1,0,0,1287,https://x.com/KemenkesRI/status/1821922719266398430,0.14773235,,True,False,False,True
1032,itsme__peter,2024-08-09T14:56:05.000Z,Salam sehat,https://x.com/itsme__peter/status/1821923412635480490,0,0,0,19,https://x.com/KemenkesRI/status/1821922719266398430,0.1307706,,True,True,True,False
1033,KemenkesRI,2024-08-09T07:26:18.000Z,"Bulan ini seru banget karena aku dan teman-temanku dapat imunisasi di sekolah    Kata guruku, kalau imunisasi kita lengkap, kita akan tumbuh sehat dan terlindungi dari penyakit.",https://x.com/KemenkesRI/status/1821810220915683477,2,1,3,1304,https://x.com/KemenkesRI/status/1821810348405735681,0.20488271,,True,False,False,True
1034,KemenkesRI,2024-08-08T02:35:22.000Z,"Jadi, yuk ambil peran aktif untuk memastikan anak, adik, keponakan, cucu, atau tetangga kita semua terlindungi  Ayo Healthies segera konsultasi dan cek jadwal dari Fasilitas Pelayanan Kesehatan tedekat agar tidak terlewat yaa  #GenerasiBeraniImunisasi #ImunisasiItuBaik",https://x.com/KemenkesRI/status/1821374614737764739,0,0,0,897,https://x.com/KemenkesRI/status/1821374383686111417,0.20961109,,True,True,True,False
1035,cemitimas71,2024-08-06T10:32:47.000Z,"Oom, ada yang versi bahasa Inggris?",https://x.com/cemitimas71/status/1820769986031562895,1,0,0,62,https://x.com/TedInvestigasi/status/1819906688742486357,0.1215097,,True,False,False,True
1036,MiraninonLita,2024-08-08T07:49:33.000Z,"7 Aug 2024  SWEEPING PIN POLIO TERCAPAI, Dinkes Bersiap Putaran Kedua.  https://rri.co.id/daerah/884790/sweeping-pin-polio-tercapai-dinkes-bersiap-putaran-kedua…",https://x.com/MiraninonLita/status/1821453682300571966,0,1,0,49,https://x.com/TedInvestigasi/status/1819906688742486357,0.1336922,,True,False,False,True
1037,DenBagusDhewe,2024-08-04T09:53:53.000Z,Mantap Pak,https://x.com/DenBagusDhewe/status/1820035420593565770,0,0,0,135,https://x.com/TedInvestigasi/status/1819906688742486357,0.13586909,,True,False,False,True
1038,3_dis4,2024-08-03T15:35:02.000Z,"kami tidak mau mengikuti yg BIAS, kami hanya mengikuti yg JELAS !!!  PAHAM ???!!!",https://x.com/3_dis4/status/1819758887278711035,0,0,0,17,https://x.com/KemenkesRI/status/1819538676201766966,0.19208327,,True,True,True,False
1039,crimbiliniy,2024-08-03T02:29:55.000Z,"Aduh singkatannya bikin rancu harusnya mari ""bersama sukseskan Bulan Imunisasi Anak Sekolah"" Gituloh",https://x.com/crimbiliniy/status/1819561306435080411,0,0,0,59,https://x.com/KemenkesRI/status/1819538676201766966,0.19318753,,True,True,True,False
1040,KemenkesRI,2024-08-01T12:48:24.000Z,"Ayo cek jadwal imunisasi dari sekolah atau Fasilitas Pelayanan Kesehatan terdekat   Pastikan anak, adik, keponakan atau cucu kita mendapatkan perlindungan yang dibutuhkan     Salam sehat!  #AyoImunisasi",https://x.com/KemenkesRI/status/1818992175142871140,0,1,0,1349,https://x.com/KemenkesRI/status/1818991594063958468,0.1647135,,True,True,True,False
1041,ReezShadows,2024-08-09T16:30:35.000Z,Kami penderita buta warna berhak untuk tidak di diskriminasi kan.,https://x.com/ReezShadows/status/1821947194326282631,0,0,0,36,https://x.com/KemenkesRI/status/1818991594063958468,0.15567356,,True,True,True,False
1042,KemenkesRI,2024-08-01T08:58:03.000Z,"BIAS dilaksanakan pada bulan Agustus & November untuk anak-anak usia kelas 1, 2, 5, atau 6 SD/MI/bentuk lain atau sederajat   Pastikan ya   Kalau anak, adik, keponakan atau cucu kita mengikuti jadwal dari sekolah atau Fasilitas Pelayanan Kesehatan agar tidak terlewat",https://x.com/KemenkesRI/status/1818934206078337249,1,0,0,1064,https://x.com/KemenkesRI/status/1818933787482636351,0.21023697,,True,True,True,False
1043,BBCIndonesia,2024-08-12T10:37:23.000Z,"Liputan ini kami bagi dalam empat tulisan.  Pada tulisan pertama, kami memaparkan kesaksian seorang uskup dan cerita pilu seorang ibu yang kehilangan dua anaknya dalam krisis kesehatan tujuh tahun lalu. https://bbc.com/indonesia/articles/ck7gpj440y3o…",https://x.com/BBCIndonesia/status/1822945468919517371,1,2,7,574,https://x.com/BBCIndonesia/status/1822945465408930010,0.2309564,,True,True,True,False
1044,BBCIndonesia,2024-08-12T10:37:23.000Z,Tulisan kedua menyoroti harapan warga di kawasan terisolasi yang kesulitan mengakses layanan kesehatan.  Baca di sini: https://bbc.com/indonesia/articles/c0kr27ylzl9o…,https://x.com/BBCIndonesia/status/1822945472224600403,1,2,6,499,https://x.com/BBCIndonesia/status/1822945465408930010,0.32081378,,True,True,True,False
1045,BBCIndonesia,2024-08-12T10:37:24.000Z,"Sejak 2017 anak-anak di Asmat menerima bantuan uang Rp200 ribu tiap bulan, dari Dana Otsus Papua demi meningkatkan status gizi anak.   Program ini dihentikan karena dananya digunakan untuk membiayai pembangunan sebagian infrastruktur PON.",https://x.com/BBCIndonesia/status/1822945474590232985,1,5,5,829,https://x.com/BBCIndonesia/status/1822945465408930010,0.22350472,,True,True,True,False
1046,BBCIndonesia,2024-08-12T10:37:25.000Z,"Tulisan terakhir menyoroti tantangan lain, yaitu persoalan sosial budaya masyarakat di pedalaman Asmat.   Baca di sini: https://bbc.com/indonesia/articles/c3gw29ng9y5o…",https://x.com/BBCIndonesia/status/1822945477681459402,1,3,3,2024,https://x.com/BBCIndonesia/status/1822945465408930010,0.27425483,,True,True,True,False
1047,BBCIndonesia,2024-08-12T10:41:43.000Z,Saksikan juga film dokumenternya di YouTube BBC News Indonesia.  Papua: Mengapa masalah gizi buruk masih menghantui Asmat? https://youtu.be/czhH8Fyp1uc?si=jcu7WkKvbfHQGUEk…,https://x.com/BBCIndonesia/status/1822946559614697687,0,5,10,1785,https://x.com/BBCIndonesia/status/1822945465408930010,0.19350007,,True,True,True,False
1048,BBCIndonesia,2024-08-12T10:37:20.000Z,Kasus tahun 2018 menyedot keprihatinan dan kemarahan yang meluas di kalangan publik. Pemerintah Indonesia bahkan menetapkannya sebagai Kejadian Luar Biasa (KLB).   Foto ini adalah salah satu anak yang terdampak saat itu. https://bbc.com/indonesia/articles/ck7gpj440y3o…,https://x.com/BBCIndonesia/status/1822945458735718567,1,2,3,683,https://x.com/BBCIndonesia/status/1822945447239119252,0.17471945,,True,True,True,False
1049,purnomodwias,2024-09-29T02:45:33.000Z,Perih !! Pedih..!!yg terlupakan..!! Yg gak termaafkan oleh Tuhan?Semoga segera ada perbaikan..!! Amien!!,https://x.com/purnomodwias/status/1840221349236879408,0,0,4,13,https://x.com/BBCIndonesia/status/1822945447239119252,0.1430201,,True,True,True,False
1050,Freedom47279722,2024-08-13T00:23:51.000Z,"Apa yg kita mau harap kan negara ini korupsinya luar biasa  perempasan lahan- lahan milik rakyat gencar dilakukan atas nama pembangunan nasional  omongkosong belaka, sumber daya alamnya dikuras rakyat dibiar kelaparan",https://x.com/Freedom47279722/status/1823153456296669655,0,0,1,144,https://x.com/BBCIndonesia/status/1822945447239119252,0.16614446,,True,True,True,False
1051,LeBentonite,2024-08-15T09:09:22.000Z,"Yg penting IKN, bangsat kan!!! Tentukan segera nasib klian sendiri",https://x.com/LeBentonite/status/1824010485588689336,0,0,1,63,https://x.com/BBCIndonesia/status/1822945447239119252,0.15715736,,True,True,True,False
1052,Ziantozi,2024-08-12T11:37:38.000Z,Demi PON perbaikan gizi anak akibat gizi buruk  diabaikan ?...,https://x.com/Ziantozi/status/1822960632985235537,0,0,1,207,https://x.com/BBCIndonesia/status/1822945447239119252,0.15465808,,True,True,True,False
1053,jmcrookston,2024-08-14T14:51:30.000Z,Scarlet fever,https://x.com/jmcrookston/status/1823734198764757312,1,0,7,96,https://x.com/jmcrookston/status/1823734045202899440,0.095201746,,True,True,True,False
1054,faqimifauzi,2024-08-28T05:49:32.000Z,"Faizal Tahir ni dah macam penjawat awam dah.  Setiap tahun, lagu Merdeka mesti lagu dia.   Tahun ni dah berapa lagu patriot dia bikin.",https://x.com/faqimifauzi/status/1828671237431922779,65,3536,12431,379500,https://x.com/awan_conteng/status/1828972012351697001,-0.09912112,,True,True,False,True
1055,muffinchoc_,2024-08-28T20:05:00.000Z,"Bagi aku FT ni, dia mempersembahkan. Bukan menyanyikan. Dia mempersembahkan apa yang ada pada lagu tu, apa yang dia ada.  Kalau perhatikan, suara dia kena dengan lagu patriotik. Macam masyuk jeee. Sedap didengar. Makin tua, makin sedap suara FT. Makin kemas suara dia.",https://x.com/muffinchoc_/status/1828886521241542934,2,8,157,14800,https://x.com/awan_conteng/status/1828972012351697001,-0.1263187,,True,True,False,True
1056,fmtoday,2024-08-28T11:34:27.000Z,‘Raja Bomoh’ tinjau mangsa tanah jerlus Masjid India  #BeritaFMT,https://x.com/fmtoday/status/1828758039530549594,363,1251,820,1000000,https://x.com/rnambiar24/status/1828764034851545392,-0.020698428,,True,True,True,False
1057,geloraco,2024-08-28T00:32:25.000Z,PDIP Kejam Campakkan Anies Baswedan,https://x.com/geloraco/status/1828591432657183111,204,76,254,22800,https://x.com/DS_yantie/status/1828614451354050874,0.07049048,,True,True,True,False
1058,ucuule,2024-08-28T03:35:12.000Z,"Anies gk merasa di campakkan ..yg mau usung Anies awalnya org2 PDIP sendiri.. PDIP gagal usung Anies, Alhamdulillah berarti Allah SWt tdk mengijinkan Anies kerjasama dg Mak lampir   … hiii ngerii bgt marahnya",https://x.com/ucuule/status/1828637431194886555,0,0,9,232,https://x.com/DS_yantie/status/1828614451354050874,0.015974179,,True,True,True,False
1059,HTgpura,2024-08-28T09:51:25.000Z,"aku bersyukur pak anies ga gabung dipartai merah,jangan lupa munculnya mulyono dipermukaan atas perintah siapa°?",https://x.com/HTgpura/status/1828732106396303416,0,0,3,173,https://x.com/DS_yantie/status/1828614451354050874,-0.033563912,,True,True,False,True
1060,SalimVjd,2024-08-28T13:37:21.000Z,"Memang bego mereka , padahal yang mencampakkan Anies adalah PKS.",https://x.com/SalimVjd/status/1828788967065747892,0,0,2,60,https://x.com/DS_yantie/status/1828614451354050874,0.0051912367,,True,True,True,False
1061,Gatotgarislurus,2024-08-28T15:48:25.000Z,Salah mikir apa gak bisa mikir Mbak ???,https://x.com/Gatotgarislurus/status/1828821948450873402,0,0,0,34,https://x.com/DS_yantie/status/1828614451354050874,0.01048398,,True,True,True,False
1062,rikiantonia38,2024-08-28T14:23:33.000Z,Memang lucu. Gak diajak kok ngambek,https://x.com/rikiantonia38/status/1828800591507947542,0,0,0,23,https://x.com/DS_yantie/status/1828614451354050874,-0.08477129,,True,True,False,True
1063,atsule66,2024-08-28T09:42:50.000Z,Tidak mungkinlah air bercampur dengan minyak... kecuali diberi katalisator kuat....,https://x.com/atsule66/status/1828729947487449292,0,0,0,14,https://x.com/DS_yantie/status/1828614451354050874,-0.0650357,,True,True,False,True
1064,Kapono_Putra,2024-08-28T16:46:10.000Z,Agak laen...,https://x.com/Kapono_Putra/status/1828836483836588137,0,0,0,22,https://x.com/DS_yantie/status/1828614451354050874,-0.06769234,,True,True,False,True
1065,JaPrist,2024-08-28T12:50:10.000Z,"Jangan baper mbak, itu mah judul tulisan koran saja.",https://x.com/JaPrist/status/1828777092437475526,0,0,0,46,https://x.com/DS_yantie/status/1828614451354050874,-0.061401486,,True,True,False,True
1066,balya2511,2024-08-28T09:31:23.000Z,"Sudahlah .... intinya Anies terlalu BERSIH ut partai yg penuh koruptor & guru silat Mulyono... hanya karena Mulyono mbalelo aja PeDeiPeh berlagak jadi korban, padahal kemarin kebijakan Mulyono apapun didukung mati matian padahal semua berpihak oligarki",https://x.com/balya2511/status/1828727068160663756,2,0,5,218,https://x.com/DS_yantie/status/1828614451354050874,0.0058034956,,True,True,True,False
1067,TokPerak8,2024-08-27T04:10:22.000Z,Macam tu saja Yanie campak @Ratu_Naga Khinzir bawah bas kahkahkah  Lengan besar dari peha  Ouchhh,https://x.com/lady_bugg11/status/1828283890810920967/photo/1,1,3,50,9612,https://x.com/TokPerak8/status/1828579156281696680,0.020094007,,True,True,True,False
1068,EncekSiputEnsem,2024-08-25T02:13:28.000Z,Lemak cili padi ikan kering sepat in progress.. Semggu sekali main masak2.,https://x.com/EncekSiputEnsem/status/1827529698190225484,6,1,30,430,https://x.com/ChomBieTanjung/status/1827533339437494757,-0.100030825,,True,True,False,True
1069,ChomBieTanjung,2024-08-25T02:50:46.000Z,Sat tunggu Chomb sampai. Mak sihat dah?,https://x.com/ChomBieTanjung/status/1827539083159367920,1,0,0,15,https://x.com/ChomBieTanjung/status/1827533339437494757,-0.09486726,,True,True,False,True
1070,Matrix733,2024-08-23T11:33:03.000Z,Lawan tetap lawan!,https://x.com/Matrix733/status/1826945744747778138,0,0,0,77,https://x.com/LagaCawan/status/1826941834557628645,-0.15164903,,False,True,False,False
1071,FaridAbuTalib,2024-08-24T01:33:52.000Z,Siapa admin?,https://x.com/FaridAbuTalib/status/1827157343836237976,0,0,0,28,https://x.com/LagaCawan/status/1826941834557628645,-0.14021009,,True,True,False,True
1072,kiNk0p,2024-08-24T01:22:44.000Z,good,https://x.com/kiNk0p/status/1827154542762635769,0,0,0,16,https://x.com/LagaCawan/status/1826941834557628645,-0.13933237,,True,True,False,True
1073,WhyBeLiberal,2024-08-22T08:27:51.000Z,"Kisah pro bono yg ditindas. Yg lain2 ambil buat pengajaran.   Orang lain buat kerja, Orang tu yang dapat laba!  Orang lain yang bersusah payah bersengkang mata, Orang tu yang seronok kehulu kehilir melobi melata claim hasil kerja!  Orang lain sibuk susunkan pasukan, Orang tu yang",https://x.com/WhyBeLiberal/status/1826536750250164570,17,95,206,141300,https://x.com/mohd_khairel/status/1826670894506541560,0.006302789,,True,True,True,False
1074,mmudahkoyakk,2024-08-22T12:29:20.000Z,Kenyang duk belakang tu bro.  saka mencari tuan baru ke,https://x.com/mmudahkoyakk/status/1826597521617289661,3,0,17,3449,https://x.com/mohd_khairel/status/1826670894506541560,-0.028489381,,True,True,True,False
1075,mkini_bm,2024-08-22T07:24:04.000Z,Jangan tolak anak jantan ke dinding - Penerangan Bersatu,https://x.com/mkini_bm/status/1826520699558920572,37,8,15,8554,https://x.com/md_zuwairi/status/1826524396535906595,-0.049400225,,True,True,False,True
1076,hayeorieee,2024-08-21T06:53:01.000Z,hahhahahahahahahha eikha tak dapat gak eh?,https://x.com/hayeorieee/status/1826150496429638143,1,0,0,137,https://x.com/hayeorieee/status/1826148495918760066,-0.13303645,,True,True,False,True
1077,orchidpoison,2024-08-21T02:48:03.000Z,aku agak parno soal monkeypox. ada yang udah tau info vaksin nya gak ya? nama vaksin nya apa dan bisa di akses dimana  preventifnya juga apa aja? please infokan stop ngegosip selebgram dulu jujur parno,https://x.com/orchidpoison/status/1826088848268591388,74,4408,26016,1800000,https://x.com/jerengginang/status/1826111818236055785,0.0550929,,True,True,True,False
1078,aan__,2024-08-21T04:03:44.000Z,"Sudah ada kak. Kalau pun sulit atau habis, vaksin cacar air (smallpox/variola) yg generasi terbaru tu dah cukup oke melawan monkeypox (efektivitas sd 85%)",https://x.com/aan__/status/1826107895458775521,27,337,1799,593800,https://x.com/jerengginang/status/1826111818236055785,0.012891531,,True,True,True,False
1079,Bluu_Winsky01,2024-08-21T05:28:29.000Z,Pls aku jg blm pernah kena cacar seumur hidup  jujur takut bangeet,https://x.com/Bluu_Winsky01/status/1826129224371204184,0,0,2,968,https://x.com/jerengginang/status/1826111818236055785,0.07974815,,True,True,True,False
1080,valporatee,2024-08-21T10:04:51.000Z,"Bantu jawab, klo u vaksin cm dari program pemerintah, brti blm vaksin cacar air. Kalo vaksin campak udh dapat pas bayi+ SD (dg cttan ortumu rajin bawa u buat imunisasi).  Vaksin cacar dan campak buat dewasa ada, bisa datang ke rs",https://x.com/valporatee/status/1826198774538195333,0,0,1,580,https://x.com/jerengginang/status/1826111818236055785,0.1362198,,True,True,True,False
1081,Cinko_Rif,2024-08-21T04:37:17.000Z,Santai.. gua kena cacar umur 28,https://x.com/Cinko_Rif/status/1826116338332610857,0,0,0,1129,https://x.com/jerengginang/status/1826111818236055785,0.07429251,,True,True,True,False
1082,wanfayhsal,2024-08-20T12:55:31.000Z,𝐉𝐄𝐋𝐔𝐓𝐎𝐍𝐆 𝐉𝐀𝐍𝐆𝐀𝐍 𝐁𝐈𝐌𝐁𝐀𝐍𝐆! 𝐌𝐀𝐂𝐇𝐀𝐍𝐆 𝐀𝐍𝐀𝐊 𝐉𝐀𝐍𝐓𝐀𝐍 𝐁𝐀𝐁 𝐋𝐀𝐖𝐀𝐍 𝐃𝐀𝐏!  Ahli parlimen DAP dari Jelutong jangan risau - saya anak jantan untuk berdepan dengan puak kamu.   Kamu buat dan sokong usul pihak kerajaan tarik balik penggantungan saya,https://x.com/wanfayhsal/status/1825879337847108016,349,149,281,131000,https://x.com/CakapLepas/status/1825891386920677571,-0.1239638,,True,True,False,True
1083,tanyarlfes,2024-08-17T11:24:05.000Z,beneran jodoh orang tuanya,https://x.com/tanyarlfes/status/1824769162931277899,3305,3475,27477,2500000,https://x.com/girlsteutics/status/1824806784185614733,0.09518972,,True,True,True,False
1084,rahmannear,2024-08-19T06:30:58.000Z,Begitulah wakanda,https://x.com/rahmannear/status/1825420174029476258,0,0,0,39,https://x.com/Jackasstupid/status/1825053228696051889,0.072672635,,True,True,True,False
1085,piyopikavet,2024-08-18T02:18:04.000Z,"Ya orang tuanya zalim. Anaknya sendiri dibiarin kena penyakit, terus nanti nyebarin penyakit ke anak2 lain.  Vaksinasi wajib dari pemerintah udah gratis padahal.  Pegimane mau bersaing sama bangsa lain kalo divaksin aja engga",https://x.com/piyopikavet/status/1824994139458695250,46,576,1573,52,https://x.com/avantegold/status/1825047866332868898,0.15464693,,True,True,True,False
1086,PemakanBurYam,2024-08-18T06:10:39.000Z,Karena mereka kalo belajar agama di telen bulet” kak.. belum lg ape ape “dulu zaman rasul gak ada beginian kayanya aman aja”.. pdhl kan zaman gelah berubah..,https://x.com/PemakanBurYam/status/1825052671147130890,1,0,0,78,https://x.com/avantegold/status/1825047866332868898,0.02791667,,True,True,True,False
1087,avantegold,2024-08-18T06:40:51.000Z,"Dan saya pikir karena banyak pemuka agama (baca : ustaz) yg justru ikut mempropagandakan anti vaksin, dah kayak pakar konspirasi aja.",https://x.com/avantegold/status/1825060271330853333,0,0,1,83,https://x.com/avantegold/status/1825047866332868898,0.09213284,,True,True,True,False
1088,ultima_kawaii,2024-08-18T10:44:39.000Z,"Menurut gua lebih karena ga belajar atau belajarnya salah, sikap pasrah gini aja udah berpotensi ga sesuai dengan rukun Iman.",https://x.com/ultima_kawaii/status/1825121626658083212,0,0,0,42,https://x.com/avantegold/status/1825047866332868898,0.069196075,,True,True,True,False
1089,LMH1640,2024-08-19T01:19:50.000Z,udah antivaxx anti KB pula beranak pinak kek marmut ngelahirin calon umat bodoh + beban negara,https://x.com/LMH1640/status/1825341873575412015,0,0,0,16,https://x.com/avantegold/status/1825047866332868898,0.069339514,,True,True,True,False
1090,OrangeUc1000,2024-08-19T03:35:34.000Z,nah... baru mau bilang tebak agama...,https://x.com/OrangeUc1000/status/1825376030938571255,0,0,0,17,https://x.com/avantegold/status/1825047866332868898,0.030477732,,True,True,True,False
1091,NESVERLAND,2024-08-17T13:03:28.000Z,"jujur masih bingung sama orang yang takut anaknya dapet vaksin, kek kita udah nggak idup di jaman prasejarah yg kebutuhan obat & pengetahuan tentang penyakitnya masih sedikit, apa si salahnya mencegah? virus jaman sekarang ngeri2 banget loh, bisa membahayakan nyawa juga",https://x.com/NESVERLAND/status/1824794172114759923,22,60,1308,117,https://x.com/fairybeingfair/status/1825042630545486246,0.09615347,,True,False,False,True
1092,fairybeingfair,2024-08-17T14:43:22.000Z,Yaaa kannn aplg kmrn yg covid itu sampe byk yg meninggal. Mana katanya kan skrg covid masih ada tp krn org2 uda pd vaksin covid jd uda pd kebal malah covid skrg ky penyakit flu biasa,https://x.com/fairybeingfair/status/1824819312840077773,4,1,3,1,https://x.com/fairybeingfair/status/1825042630545486246,0.06372136,,True,False,False,False
1093,g4suk4_pinokio,2024-08-18T00:51:47.000Z,"halah, gua ga vaksin ya sehat2 aja tuh.",https://x.com/g4suk4_pinokio/status/1824972428503883825,1,0,0,153,https://x.com/fairybeingfair/status/1825042630545486246,0.03428626,,True,False,False,False
1094,g4suk4_pinokio,2024-08-18T05:24:54.000Z,"sampe sekarang aman sih, yg vaksin malah banyak yg letoy",https://x.com/g4suk4_pinokio/status/1825041157698818063,1,0,0,73,https://x.com/fairybeingfair/status/1825042630545486246,0.039365858,,True,False,False,False
1095,g4suk4_pinokio,2024-08-18T05:35:13.000Z,"loe, asli sotoy, dan level sotoy loe tuh parah banget.",https://x.com/g4suk4_pinokio/status/1825043754279157826,1,0,0,70,https://x.com/fairybeingfair/status/1825042630545486246,0.009247631,,True,False,False,False
1096,nowyoucatchme,2024-08-18T18:24:27.000Z,"Faktor kedua karna agama  Adik ipar saya, bapaknya (monmaap) agamanya kenceng. Saking kencengnya ga percaya teknologi tmasuk vaksin. Katanya ada zat2 haram yg terkandung.  Untung adik kandung saya satu lg dokter, dan berhasil mengedukasi adik ipar saya",https://x.com/nowyoucatchme/status/1825237337598771445,1,1,0,332,https://x.com/Mpok_Hanum/status/1825012192875553234,0.10471231,,True,False,False,True
1097,hadilocoboy,2024-08-17T11:28:53.000Z,"Mba, Tuhan udah ngasih Manusia Pikiran,  Harusnya dipake ya pikirannya itu.  info aja...",https://x.com/hadilocoboy/status/1824770371192852510,34,691,22705,405,https://x.com/Pelangi28342329/status/1824839426373283924,0.0118584335,,True,True,True,False
1098,__LDS__,2024-08-17T14:06:26.000Z,"Gw ada nih temen yg begini. Anti banget sma obat. Anaknya ga vaksin, kalo lg sakit jarang dikasih obat, giliran udah parah baru deh ngerengek minta diajak ke igd. Entahlaaah gimana pikirannya. Kalo aliran yg gw anut sih ya, itu namanya dzolim ke anak sendiri, jadi DOSA!!!",https://x.com/__LDS__/status/1824810018916691974,7,2,269,26,https://x.com/Pelangi28342329/status/1824839426373283924,0.060457617,,True,True,True,False
1099,__LDS__,2024-08-17T18:04:54.000Z,"Menanti keajaiban Allah kak. Kan menurut dia Allah akan menyembuhkan anaknya hanya dengan do'a. Tapi dia lupa, kalau Allah selalu memerintahkan hambaNya untuk selalu berusaha, selain berdoa.",https://x.com/__LDS__/status/1824870031018303511,0,0,33,2,https://x.com/Pelangi28342329/status/1824839426373283924,0.0941636,,True,True,True,False
1100,Tan_Mar3M,2024-08-16T09:18:49.000Z,Sampean gak curiga kalo ini bagian dari konspirasi @Nicho_Silalahi ? Skenario menjelek2an nama Dharma.,https://x.com/Tan_Mar3M/status/1824375250957766823,24,40,166,10,https://x.com/AnKiiim_/status/1824403753883341123,0.041727662,,True,True,True,False
1101,Tan_Mar3M,2024-08-16T11:13:14.000Z,Penganut teori konspirasi,https://x.com/Tan_Mar3M/status/1824404043332194703,1,0,3,729,https://x.com/AnKiiim_/status/1824403753883341123,0.0010055006,,True,True,True,False
1102,putrysiregarkak,2024-08-16T06:50:47.000Z,"Mau anti vaksin mau anti kentut, mau dia baik, mau dia apa kek, kalau ketahuan maling gni ya ogah lah ngedukung",https://x.com/achmadnurhdyt/status/1824337997254496631/photo/1,0,1,2,66,https://x.com/putrysiregarkak/status/1824378719294853339,0.0114775,,True,True,True,False
1103,Renjiro_Junichi,2024-08-16T03:23:05.000Z,Mereka mau bikin gitu supaya calon yg mereka usung yang keliatan publik jelek jadi keliatan kurang jelek,https://x.com/Renjiro_Junichi/status/1824285725359214953,0,0,1,59,https://x.com/tilehopper/status/1824277430842036540,0.09111461,,True,True,True,False
1104,racikan_twt,2024-08-18T05:10:09.000Z,"Emak gua bisa bilang gitu karena heran kenapa kok bisa ada anti vaksin. Emak gua bilang tiap ibu lahiran dikasih buku panduan yg isinya lengkap buat liat milestone perkembangan dan gizi anak.  Semua itu diberikan gratis, tinggal ibunya mau belajar aja alias gak malas",https://x.com/racikan_twt/status/1825037444938641840,1,0,0,148,https://x.com/racikan_twt/status/1825036865470091457,0.10195792,,True,True,True,False
1105,racikan_twt,2024-08-18T05:11:33.000Z,"Tapi dari cerita emak gua ini, gue cukup apresiasi pemerintah yang udah bikin buku panduan tersebut ya. Walau itu bare minimum dan PR nya masih panjang banget buat mengedukasi.  Mana skrg edukasi kynya gak dipandang penting padahal itu akar masalah paling banyak yang dihadapi",https://x.com/racikan_twt/status/1825037797948097007,0,0,0,88,https://x.com/racikan_twt/status/1825036865470091457,0.118137434,,True,True,True,False
1106,MinMinCold,2024-08-18T05:31:53.000Z,Tapi skrg kabarnya salah satu syarat masuk TK atau SD gtu harus melampirkan bukti anak udh vaksin kak,https://x.com/MinMinCold/status/1825042914096939425,1,0,0,46,https://x.com/racikan_twt/status/1825036865470091457,0.107455224,,True,True,True,False
1107,racikan_twt,2024-08-18T05:32:27.000Z,syukurlah kalau begitu :) aku dukung,https://x.com/racikan_twt/status/1825043056632254623,1,0,0,46,https://x.com/racikan_twt/status/1825036865470091457,0.105360955,,True,True,True,False
1108,pikarohappy,2024-08-21T14:28:30.000Z,"Kasian. Mana mereka masih kecil, harus dijahatin sama kak ave",https://x.com/pikarohappy/status/1826265122597450053,1,0,0,13,https://x.com/raes_veeans/status/1826242357643313464,0.13878393,,True,True,True,False
1109,raes_veeans,2024-08-22T09:28:43.000Z,"HARUS,  Biar mereka sehat",https://x.com/raes_veeans/status/1826552066640412686,0,0,0,3,https://x.com/raes_veeans/status/1826242357643313464,0.1462861,,False,True,False,False
1110,Bae_myLobu,2024-08-22T02:59:12.000Z,Jd ini canda atau serius mas?,https://x.com/Bae_myLobu/status/1826454044468285786,1,0,0,6,https://x.com/raes_veeans/status/1826242357643313464,0.13427812,,True,True,True,False
1111,raes_veeans,2024-08-22T09:28:04.000Z,Kalo mau diseriusin ya sok atuh dicoba,https://x.com/raes_veeans/status/1826551903984996701,0,0,0,3,https://x.com/raes_veeans/status/1826242357643313464,0.15481624,,True,True,True,False
1112,drowsy_mana,2024-08-30T02:40:22.000Z,waow…,https://x.com/drowsy_mana/status/1829348407523021276,0,0,0,16,https://x.com/suzakuslut/status/1829312550300717069,-0.051828198,,True,False,False,False
1113,melonpanyaaa,2024-09-15T07:41:08.000Z,makasi cisss,https://x.com/melonpanyaaa/status/1835222301580865745,0,0,0,10,https://x.com/melonpanyaaa/status/1835104560513532055,0.052172184,,True,True,True,False
1114,melonpanyaaa,2024-09-15T07:41:57.000Z,makasih rayyyy,https://x.com/melonpanyaaa/status/1835222509580660757,0,0,0,7,https://x.com/melonpanyaaa/status/1835104560513532055,0.03216037,,True,True,True,False
1115,melonpanyaaa,2024-09-15T07:42:59.000Z,makasih akaiii,https://x.com/melonpanyaaa/status/1835222769279418520,1,0,0,10,https://x.com/melonpanyaaa/status/1835104560513532055,0.055039704,,True,True,True,False
1116,Ayahanda_MD,2024-09-13T08:41:49.000Z,Tiada seorg pun nama yg disebut layak utk menjadi peneraju negara. Seorg peneraju perlu cerdik mencari jln mengatasi pemasalahan negara & rakyat serta bijak menjalin hubungan dgn dunia luar! @Alamurni @Bossbm17 @bossku_team @fikhwanBait @mynewshub @zlk69 https://freemalaysiatoday.com/category/bahasa/tempatan/2024/09/13/siapa-kata-pas-parti-lebai-sanusi-afnan-juga-layak-jadi-pm/?utm_source=twitter&utm_medium=share-button…,https://x.com/Ayahanda_MD/status/1834512799759773799,7,6,11,446,https://x.com/Alamurni/status/1834531680226533718,-0.10749237,,False,True,False,False
1117,amer__aljeffrey,2024-09-13T07:56:23.000Z,Alah bodoh nya @RichardPower_ ni.,https://x.com/amer__aljeffrey/status/1834501365915365600,1,1,1,344,https://x.com/mypolitiko/status/1834500643803070904,-0.16461,,True,True,False,True
1118,EEverros,2024-09-13T09:26:10.000Z,Typical walaun,https://x.com/EEverros/status/1834523961004048490,0,1,1,244,https://x.com/mypolitiko/status/1834500643803070904,-0.15766181,,True,True,False,True
1119,md_zuwairi,2024-09-13T07:59:14.000Z,Cari pasal dah MAMAK/BANGLA tu,https://x.com/md_zuwairi/status/1834502081090351332,0,0,0,308,https://x.com/mypolitiko/status/1834500643803070904,-0.21694247,,True,True,False,True
1120,ikanhijo,2024-09-13T05:55:25.000Z,"iya aku adalah pasien rumah sakit jiwa kemarin dengan kasus rencana bunuh diri :) But, aku banyak belajar setelah dari rsj aku harus berbenah diri menjadi lebih baik lagi. Terima kasih hyang widhi masih memberiku kesempatan untuk berubah.",https://x.com/ikanhijo/status/1834470921228484746,20,2,106,9,https://x.com/ikanhijo/status/1834470930116186438,0.10209125,,True,True,True,False
1121,ikanhijo,2024-09-13T05:55:26.000Z,"Setelah pulang dari Surabaya dan balik ke rumah, masih dipercaya untuk menjadi guru les, relawan, bahkan mengulang untuk kuliah.  Aku ngga malu aku dulu seorang pasien, stigma orang masuk rsj bukan orang gila aja, aku menanamkan pikiranku bahwa aku berobat.",https://x.com/ikanhijo/status/1834470925930307977,2,0,2,343,https://x.com/ikanhijo/status/1834470930116186438,0.14021605,,True,True,True,False
1122,ikanhijo,2024-09-13T05:55:28.000Z,"Aku sadar, aku juga butuh teman cerita dan aku juga harus jadi telinga buat mereka.  Aku bangga pada diriku bisa survive 3 minggu di rsj untuk sembuh dan hai aku nanda dengan versi terbaru :)",https://x.com/ikanhijo/status/1834470933513556015,1,0,5,1,https://x.com/ikanhijo/status/1834470930116186438,0.06389102,,True,True,True,False
1123,JsmSelamat25259,2024-09-11T12:16:04.000Z,Terbaiklah Cikpuan Nurul Shima....Terima Kaseh perkongsian nya....,https://x.com/JsmSelamat25259/status/1833841941500576069,1,0,0,211,https://x.com/NurulShima_3/status/1833839247251648669,-0.2224958,,True,False,False,False
1124,Kull_Maestro,2024-09-11T23:46:40.000Z,adoiiiii....kenapa duduk jauh dari kak....ha ha ha,https://x.com/Kull_Maestro/status/1834015738161721745,0,0,0,75,https://x.com/NurulShima_3/status/1833839247251648669,-0.2564463,,True,False,False,False
1125,uzirazo3174,2024-09-12T07:57:07.000Z,Tulang pun tulang la janji boleh gonggong...,https://x.com/uzirazo3174/status/1834139161043116456,0,0,0,19,https://x.com/LofiRamli/status/1833749326444855729,-0.0075394064,,True,True,True,False
1126,ryqallbarbossa,2024-09-11T04:38:36.000Z,jgn seru dorang semua dalm gua tunggu arahan baru,https://x.com/ryqallbarbossa/status/1833726814327607581,0,3,7,193,https://x.com/adamyusuf88/status/1833708635178115377,-0.19134372,,True,True,False,True
1127,ArishClariemira,2024-09-11T03:36:42.000Z,Walaun semua tengah berjuang untuk K.J. dng harapan K.J boleh ganti tempat din cirit dlm PN.,https://x.com/ArishClariemira/status/1833711237936652762,0,1,3,274,https://x.com/adamyusuf88/status/1833708635178115377,-0.0729322,,True,True,False,True
1128,NamizoOzy,2024-09-11T05:31:33.000Z,Peja ada senyum-2 tadi.,https://x.com/NamizoOzy/status/1833740141262987310,0,0,0,56,https://x.com/adamyusuf88/status/1833708635178115377,-0.11016774,,False,True,False,False
1129,kamaruddin_che,2024-09-11T12:09:21.000Z,Auto hancor PN. Kembali kepada Buley balik.,https://x.com/kamaruddin_che/status/1833840251401584827,0,0,0,24,https://x.com/adamyusuf88/status/1833708635178115377,-0.15271576,,True,True,False,True
1130,ayoong82,2024-09-11T05:25:10.000Z,Tukar presiden lah PN..DS Azmin pun boleh bertanding presiden Bersatu...,https://x.com/ayoong82/status/1833738534555120101,0,0,0,95,https://x.com/adamyusuf88/status/1833708635178115377,-0.09416558,,True,True,False,True
1131,manap7071,2024-09-11T05:53:07.000Z,Team B lagi happy tu,https://x.com/manap7071/status/1833745567601856863,0,0,0,36,https://x.com/adamyusuf88/status/1833708635178115377,-0.107806236,,False,True,False,False
1132,PoutyYuxin,2024-09-10T09:53:55.000Z,Hhhhhh yuxin sndiri campak mic then dia jugak yg kutip balik,https://x.com/r_iinxq/status/1833443780395249787/photo/1,1,0,3,702,https://x.com/PoutyYuxin/status/1833450869142249488,-0.023734018,,True,True,True,False
1133,wen_purple_XIN,2024-09-10T10:52:05.000Z,Kesian mic tu  awal2 dah kena campak.,https://x.com/wen_purple_XIN/status/1833458415844397138,0,0,0,16,https://x.com/PoutyYuxin/status/1833450869142249488,-0.041053176,,True,True,False,True
1134,roteesobek,2024-09-10T05:27:48.000Z,Badan sebongsor itu msh digendong mama (aku jg mau),https://x.com/roteesobek/status/1833376810371080589,1,0,10,704,https://x.com/pndglcs/status/1833073820871389212,0.033202946,,True,True,True,False
1135,pndglcs,2024-09-10T05:46:26.000Z,selama mamanya masih kuat akan selalu dia sosor(?),https://x.com/pndglcs/status/1833381498751488008,1,0,4,651,https://x.com/pndglcs/status/1833073820871389212,0.12108886,,True,True,True,False
1136,pndglcs,2024-09-09T10:30:08.000Z,bisa lah diusahakan,https://x.com/pndglcs/status/1833090507368739316,0,0,0,886,https://x.com/pndglcs/status/1833073820871389212,0.083100975,,True,True,True,False
1137,ppinkbiased,2024-09-09T10:05:40.000Z,Bisa ae ni bocah nyari kesempatan  BAPAK MENDING DIEM!,https://x.com/ppinkbiased/status/1833084350906470405,1,0,5,842,https://x.com/pndglcs/status/1833073820871389212,0.0759211,,True,True,True,False
1138,pndglcs,2024-09-09T10:29:49.000Z,u banyak omong atau gw masuk sekali lg (ke perut emak) ??????????????? HUH?????????????????/WKWKWKK,https://x.com/pndglcs/status/1833090425361781002,1,0,9,729,https://x.com/pndglcs/status/1833073820871389212,0.009148836,,True,True,True,False
1139,pndglcs,2024-09-09T10:30:21.000Z,tidak ada kata tidak bisa,https://x.com/pndglcs/status/1833090560686502341,0,0,0,822,https://x.com/pndglcs/status/1833073820871389212,0.090569526,,True,True,True,False
1140,A_Zeanell,2024-09-10T00:27:09.000Z,Vaksin biar ga kena cacar naga juga koh,https://x.com/A_Zeanell/status/1833301149405090170,0,0,0,209,https://x.com/pndglcs/status/1833073820871389212,0.13532507,,False,True,False,False
1141,gelorabiru,2024-09-09T15:50:45.000Z,Nampak sedap,https://x.com/gelorabiru/status/1833171191621935414,0,0,0,10,https://x.com/TemahUluBanat/status/1833008392207818837,-0.10656311,,True,True,False,True
1142,bobougainvillea,2024-09-08T10:48:48.000Z,tolong campak setan setan ni dalam kolam buaya biar diorang kena kokak dengan buaya. https://x.com/scaryyjournal//scaryyjournal/status/1831720423115063613…,https://x.com/scaryyjournal/status/1831720423115063613,0,0,3,73,https://x.com/bobougainvillea/status/1832732816746201187,-0.02516511,,True,True,True,False
1143,tubbirfess,2024-09-06T18:29:59.000Z,orang tua antivax yg gak mau anaknya di-imunisasi kok gak takut ya anaknya kesakitan dan jadi cacat begini,https://x.com/tubbirfess/status/1832124100049039398,23,152,870,33,https://x.com/sdktlpr/status/1832311810374226310,0.20433965,,True,True,True,False
1144,tubbirfess,2024-09-06T18:01:07.000Z,"nanti kalau anaknya kena polio, campak, difteri, hepatitis, tbc dan menyebabkan cacat/meninggal dunia, kan lu tinggal nyalahin rumah sakit dan nakes ya? dasar beban negara. https://x.com/mamatokaivan/s/mamatokaivan/status/1831917790607110658…",https://x.com/mamatokaivan/status/1831917790607110658,16,211,774,31,https://x.com/tubbirfess/status/1832116837137715454,0.20402566,,True,True,True,False
1145,1818http,2024-09-07T02:33:57.000Z,"Ini biasanya pengaruh dr ortu mereka jg g si ka? Kek pasti dibilang ""hala dl ibu y gak vaksin km gpp , sehat toh kamu"" trs nurun temurun",https://x.com/1818http/status/1832245896584830994,0,0,8,911,https://x.com/tubbirfess/status/1832116837137715454,0.20295602,,True,True,True,False
1146,winterholloween,2024-09-07T06:43:46.000Z,Gue ogah bayar BPJS kalo pasien2nya org bodoh susah dikasih tau kayak kaum2 mereka ini  Bebal. Mau berobat bayar pake duitmu sendiri aja sana.,https://x.com/winterholloween/status/1832308761362637041,0,0,6,588,https://x.com/tubbirfess/status/1832116837137715454,0.1936296,,True,True,True,False
1147,hugphobic,2024-09-07T16:29:50.000Z,indonesia bisa ga sih punya sistem cps (child protective services) yg bisa regularly ngecek org tua aneh kayak gini,https://x.com/hugphobic/status/1832456251542008004,0,0,1,100,https://x.com/tubbirfess/status/1832116837137715454,0.17824289,,True,True,True,False
1148,ade_lya92,2024-09-07T01:35:09.000Z,Yg begini lbh nyesek kl nularin ke anak org lain yg imunisasi.. Dia gk imunisasi kl sehat jumawanya setengag mati..,https://x.com/ade_lya92/status/1832231098224668864,1,0,1,437,https://x.com/tubbirfess/status/1832116837137715454,0.21111712,,True,True,True,False
1149,Rueplar,2024-09-07T06:58:23.000Z,Dan penyakit2 yg dibawa ini menular ngeselin nya,https://x.com/Rueplar/status/1832312443814735913,0,0,1,420,https://x.com/tubbirfess/status/1832116837137715454,0.19518045,,True,True,True,False
1150,anapsychee,2024-09-07T04:49:07.000Z,"temen kakak gueehh gini, gk mau lanjutin dpt (?) krn pas dpt (?) 1, anaknya panas tinggi. nah dia males ngurus anaknya pas sakit, begadang gt, bahkan buat beli obat penurun panas aja perhitungan bgtttt. miris gue dengernya.",https://x.com/anapsychee/status/1832279910599065973,0,0,0,704,https://x.com/tubbirfess/status/1832116837137715454,0.19248742,,True,True,True,False
1151,zepegto,2024-09-07T04:28:07.000Z,"bener bgt sih. pernah jg dpt pasien begini, anak sakitnya udh parah bgt pas tau riwayatnya gak diksih imunisasi aku cm bisa melongo",https://x.com/zepegto/status/1832274627177099333,1,0,1,966,https://x.com/tubbirfess/status/1832116837137715454,0.21964285,,True,True,True,False
1152,cheezurin,2024-09-07T07:12:46.000Z,Tim 58% nih,https://x.com/cheezurin/status/1832316060135211250,0,0,0,216,https://x.com/tubbirfess/status/1832116837137715454,0.16960666,,True,True,True,False
1153,spssssxz,2024-09-07T15:28:44.000Z,Bangga ya Belio punya opini tolol begitu wkwkw mau heran tapi warga tt hadeuh,https://x.com/spssssxz/status/1832440873646469462,0,0,0,116,https://x.com/tubbirfess/status/1832116837137715454,0.16645846,,False,True,False,False
1154,vibesooul,2024-09-04T23:52:26.000Z,"Dalam banyak kasus, cerebral palsy juga memengaruhi penglihatan, pendengaran, dan sensasi.   Bell’s palsy akan membuat separuh wajah tampak terkulai. Senyum hanya bisa satu sisi, dan mata di sisi yang terkena menolak untuk menutup. Kondisi ini juga dikenal sebagai kelumpuhan",https://x.com/vibesooul/status/1831480473660629362,1,0,9,202,https://x.com/vibesooul/status/1831480486826512771,0.16525963,,True,True,True,False
1155,vibesooul,2024-09-04T23:52:28.000Z,"Penyebab Bells Palsy  Sampai saat ini penyebab Bells Palsy belum para ahli ketahui secara pasti. Namun, mereka menduga kondisi ini terjadi karena saraf yang mengendalikan otot wajah tertekan atau terganggu.  Selain itu, penyebab kelumpuhan terjadi akibat peradangan infeksi virus,",https://x.com/vibesooul/status/1831480481151644070,1,0,6,215,https://x.com/vibesooul/status/1831480486826512771,0.12495485,,True,True,True,False
1156,vibesooul,2024-09-04T23:52:31.000Z,"Saraf wajah yang bereaksi terhadap infeksi dengan pembengkakan, dapat menyebabkan tekanan di saluran tulang (fallopi) yang dilalui saraf wajah ke sisi wajah.   Peradangan saraf wajah dapat mengurangi aliran darah dan oksigen ke sel-sel saraf. Kerusakan pada saraf kranial dan sel",https://x.com/vibesooul/status/1831480491163492526,1,0,5,146,https://x.com/vibesooul/status/1831480486826512771,0.11888483,,True,True,True,False
1157,vibesooul,2024-09-04T23:52:31.000Z,"Faktor Risiko  Ditemukan adanya kaitan antara migrain dengan kelemahan pada wajah dan anggota gerak.   Sebuah penelitian tahun 2015 mengungkapkan bahwa orang yang mengidap migrain mungkin berisiko lebih tinggi terkena Bells Palsy.  Selain itu, Bells Palsy lebih sering terjadi",https://x.com/vibesooul/status/1831480494774686051,1,0,2,144,https://x.com/vibesooul/status/1831480486826512771,0.11150059,,True,True,True,False
1158,vibesooul,2024-09-04T23:52:33.000Z,"Gejala Bells Palsy  Bells Palsy menimbulkan gejala yang berbeda-beda pada setiap pengidapnya. Gejala kelumpuhan yang terjadi pada satu sisi wajah bisa dibagi menjadi dua jenis, yaitu: •Kelumpuhan sebagian (kelemahan otot ringan). •Kondisi kelumpuhan total (tidak ada gerakan",https://x.com/vibesooul/status/1831480500017623127,1,0,2,168,https://x.com/vibesooul/status/1831480486826512771,0.17352083,,True,True,True,False
1159,vibesooul,2024-09-04T23:52:34.000Z,Berikut adalah gejala yang Bells palsy yang perlu kamu ketahui : •Nyeri telinga pada sisi wajah yang lumpuh. •Telinga yang terpengaruh akan lebih sensitif terhadap suara. •Berdenging di salah satu telinga atau keduanya. •Penurunan atau perubahan pada indra perasa. •Bagian,https://x.com/vibesooul/status/1831480504107078007,1,0,2,686,https://x.com/vibesooul/status/1831480486826512771,0.14557639,,True,True,True,False
1160,vibesooul,2024-09-04T23:52:34.000Z,cr. halodoc,https://x.com/vibesooul/status/1831480507336642571,0,0,2,413,https://x.com/vibesooul/status/1831480486826512771,0.12988153,,True,True,True,False
1161,Tomiceman88,2024-09-04T14:33:22.000Z,Hahaha. Jadi betul dia la dari hamzah?,https://x.com/Tomiceman88/status/1831339779419693420,1,0,3,137,https://x.com/AqimNizar/status/1831341329252823476,-0.08535865,,True,True,False,True
1162,Tomiceman88,2024-09-04T14:39:54.000Z,I see…,https://x.com/Tomiceman88/status/1831341424031432902,1,0,1,82,https://x.com/AqimNizar/status/1831341329252823476,-0.12056203,,True,True,False,True
1163,ayiensr_,2024-09-04T10:50:32.000Z,"Ni kalau dia jaga pemakanan, mekap lebih sikit, dress up baiki sikit, mesti boleh pergi jauh ni, jauh dari universe alam semesta campak masuk black hole https://x.com/MALAYSIAVIRALL/MALAYSIAVIRALLL/status/1831147568484733082…",https://x.com/MALAYSIAVIRALLL/status/1831147568484733082,4,1,9,11,https://x.com/ayiensr_/status/1831283702233763978,-0.08150308,,False,True,False,False
1164,sowhoismike,2024-09-04T10:55:25.000Z,HAHAHAHA THIAL,https://x.com/sowhoismike/status/1831284930766422288,1,0,0,352,https://x.com/ayiensr_/status/1831283702233763978,-0.13726802,,True,True,False,True
1165,ayiensr_,2024-09-04T12:20:42.000Z,Boti tk behave bertudung pulek,https://x.com/ayiensr_/status/1831306389853294867,0,0,0,262,https://x.com/ayiensr_/status/1831283702233763978,-0.134406,,True,True,False,True
1166,Aamnsyq,2024-09-04T12:34:49.000Z,"Jgnlah garunk sangat, cium kangg baru tau",https://x.com/Aamnsyq/status/1831309945507315999,1,0,0,320,https://x.com/ayiensr_/status/1831283702233763978,-0.16059144,,True,True,False,True
1167,hisroyalprince_,2024-09-22T05:49:28.000Z,HAHAHAHAHA,https://x.com/hisroyalprince_/status/1837730916917256699,0,0,0,10,https://x.com/ayiensr_/status/1831283702233763978,-0.13060813,,True,True,False,True
1168,mynewshub,2024-09-03T08:22:05.000Z,Orang yang upload ni cakap... ini bukan kali pertama ...dah banyak kali jiran dia buat camni......,https://x.com/mynewshub/status/1830883952556740838,120,882,2321,684600,https://x.com/itssyers/status/1831142305732116605,-0.19512452,,True,True,False,True
1169,jesuisneef,2024-09-03T07:49:30.000Z,Alhamdulillah murah rezeki puan. Terima kasih atas perkongsian.,https://x.com/jesuisneef/status/1830875752415572208,0,0,5,11000,https://x.com/zahraa_zainal/status/1830874307356160161,-0.1505719,,True,True,False,True
1170,sdenta,2024-10-29T23:47:53.000Z,"Iyaah, ini juga lagi banyak. Dan sayangnya, sama seperti vaksin cacar air, vaksin gondongan juga belum masuk program pemerintah, orang tua mesti harus bayar sendiri. Yok pak Prabowo bisa yok pak!!",https://x.com/sdenta/status/1851410659881472088,21,87,198,23200,https://x.com/sdenta/status/1851645971534655768,0.1333104,,True,True,True,False
1171,sdenta,2024-10-30T15:15:52.000Z,Sampai paling gak 5 hari setelah bengkaknya muncul.,https://x.com/sdenta/status/1851644195657904442,1,0,1,912,https://x.com/sdenta/status/1851645971534655768,0.148884,,True,True,True,False
1172,sdenta,2024-10-30T15:26:19.000Z,"Teorinya begitu, tapi infeksi tetep ada kemungkinan untuk berulang kembali.",https://x.com/sdenta/status/1851646824828092578,1,1,1,3346,https://x.com/sdenta/status/1851645971534655768,0.16030428,,True,True,True,False
1173,sdenta,2024-10-31T04:54:56.000Z,Iya bener banget,https://x.com/sdenta/status/1851850317270544529,0,0,2,1906,https://x.com/sdenta/status/1851645971534655768,0.15943545,,True,True,True,False
1174,kysooyaa,2024-10-30T17:55:51.000Z,"Iya dok, maksudnya kalau skrg 6 tahun dapat MR, nanti pas 7 tahun boleh MMR? Soalnya program dr sekolah cm MR",https://x.com/kysooyaa/status/1851684455448219822,0,0,0,24,https://x.com/sdenta/status/1851645971534655768,0.15362594,,True,True,True,False
1175,odin88,2024-10-30T09:43:48.000Z,Letak marjerin pun ok and some seasoning. Saya mmg team pressure cooker and air fryer. Campak2 siap.,https://x.com/odin88/status/1851560627879514523,0,0,0,119,https://x.com/odin88/status/1851561735251177482,-0.051621452,,False,True,False,False
1176,odin88,2024-10-30T09:48:40.000Z,dah siap masak baru adjust garam or secukup rasa. settle.,https://x.com/odin88/status/1851561853127909537,0,0,0,98,https://x.com/odin88/status/1851561735251177482,-0.09092586,,True,True,False,True
1177,jargon_ulu,2024-10-30T12:01:58.000Z,Kesian mat jargon,https://x.com/jargon_ulu/status/1851595395857891764,0,0,0,27,https://x.com/SaifulAdn/status/1851560870637449443,-0.068905145,,True,True,False,True
1178,nuru_twt,2024-10-29T03:24:45.000Z,Even bangtan was made similar to bb & bap. Tapi kang cakap kuat2 takut kena campak dalam gaung,https://x.com/noraehalge/status/1851102848232427943/photo/1,0,1,6,101400,https://x.com/nuru_twt/status/1851176358644498892,0.038421452,campak_as_throw,True,True,False,True
1179,Naanaanas,2024-10-29T05:57:32.000Z,"Oalaaah, pantesan kemarin periksa kok ketemu mbak-mbak sakit gondong",https://x.com/Naanaanas/status/1851141298088276137,1,0,0,683,https://x.com/oxfara/status/1851069274250686959,0.17620215,,True,True,True,False
1180,ryeotha1015,2024-10-29T04:10:48.000Z,Dok kemarin anak2 baru dapat MR lanjutan yg buat 18bln. Berarti kalo mau diboost pake mmrv atau varicella aja? Blm pernah dapat yg imunisasi gondongan dan varicella,https://x.com/ryeotha1015/status/1851114438331633783,0,0,0,786,https://x.com/oxfara/status/1851069274250686959,0.1914185,,True,True,True,False
1181,ariomalv,2024-10-30T01:09:01.000Z,ngapain vaksin percayakan ke antibodi ciptaan tuhan - kata ortu yang pas kecilnya vaksin komplit dan sekarang membahayakan anaknya demi egonya,https://x.com/ariomalv/status/1851431077916840188,0,0,0,48,https://x.com/oxfara/status/1851069274250686959,0.18253645,,True,True,True,False
1182,koyakoyago,2024-10-29T07:55:22.000Z,bisa didapatkan dimana dok?,https://x.com/koyakoyago/status/1851170950936740171,2,0,0,600,https://x.com/oxfara/status/1851069274250686959,0.19231328,,True,True,True,False
1183,sekarmiira_h,2024-10-29T13:57:22.000Z,"Iya kapan ya MMR dan Varicella di subsidi, lumayan banget harganya 500K utk MMR dan 720K utk Cacar Air",https://x.com/sekarmiira_h/status/1851262050393329664,0,0,0,250,https://x.com/oxfara/status/1851069274250686959,0.17441109,,True,True,True,False
1184,nidahuda,2024-10-29T10:05:22.000Z,Gondongan di salah satu SD Cigadung Bandung juga marak. Dua anak art di rumah kena. Saya punya balita pencegahannya gimana ya dok?,https://x.com/nidahuda/status/1851203664989368670,0,0,0,458,https://x.com/oxfara/status/1851069274250686959,0.20506683,,True,True,True,False
1185,skindamarin,2024-10-29T09:32:45.000Z,Setujuu... Karena vaksin tersebut lumayan mehong yaaa,https://x.com/skindamarin/status/1851195459785875779,0,0,0,213,https://x.com/oxfara/status/1851069274250686959,0.17802915,,True,True,True,False
1186,pipiuwpi,2024-10-29T02:19:40.000Z,Sekarang di sekolah gak ada vaksin?,https://x.com/pipiuwpi/status/1851086469731102978,1,0,0,400,https://x.com/oxfara/status/1851069274250686959,0.17643562,,True,True,True,False
1187,mitarima,2024-10-29T16:01:39.000Z,"Setujuu, maksimal vaksin mmr usia brp ya dok?",https://x.com/mitarima/status/1851293327959961635,0,0,0,81,https://x.com/oxfara/status/1851069274250686959,0.19430837,,True,True,True,False
1188,_oktianokti,2024-10-29T12:30:46.000Z,"Anakku bulan kemarin cacar air, tapi karena aku udah aware langsung ke dokter. Anak aku pisah tidurnya.",https://x.com/_oktianokti/status/1851240257230160172,0,0,0,327,https://x.com/oxfara/status/1851069274250686959,0.19852266,,True,True,True,False
1189,octoputri,2024-10-29T01:21:25.000Z,MR aja di sini banyak yg gak mau.,https://x.com/octoputri/status/1851071809996894239,1,0,0,662,https://x.com/oxfara/status/1851069274250686959,0.20065734,,True,True,True,False
1190,rushdaaaa,2024-10-29T08:57:43.000Z,Emang lagi marak ya gondongen ternyata. Teman anak saya bbrapa waktu yg lalu juga bnyak yg gondongen,https://x.com/rushdaaaa/status/1851186640166977976,0,0,0,579,https://x.com/oxfara/status/1851069274250686959,0.15857768,,True,True,True,False
1191,Jenaharaagysta,2024-10-29T04:46:07.000Z,Anak kedua usia 9 bulan jdwal vaksin MR lusa. Kakaknya usia 4 tahun sudah MR dan MMR waktu usia 15 bulan. Waktunya berulang lagi tdk ya dok untuk kakaknya? Mana sudah masuk paud,https://x.com/Jenaharaagysta/status/1851123326296736139,1,0,0,100,https://x.com/oxfara/status/1851069274250686959,0.17507955,,True,True,True,False
1192,vftells,2024-10-29T15:12:35.000Z,"Mmrv mahal ya dok kmrn pas ke DSA sempet dikasih tau 1,2jt kena nya ternyata. Semoga kedepannya ada kemudahan2 subsidi imunisasi kayak rota pcv gitu bs di puskesmas gretong",https://x.com/vftells/status/1851280981455728765,0,0,0,300,https://x.com/oxfara/status/1851069274250686959,0.19027823,,True,True,True,False
1193,ydelfay,2024-10-29T03:55:54.000Z,@AlifDirgantara2,https://x.com/ydelfay/status/1851110689139741080,1,0,0,333,https://x.com/oxfara/status/1851069274250686959,0.18583056,,False,True,False,False
1194,onzeuss,2024-10-27T09:41:42.000Z,jangan sampai aku campak ko dalam laut,https://x.com/Caedrel/status/1850472934634099051/photo/1,4,0,7,890200,https://x.com/onzeuss/status/1850476946523922443,-0.15342708,,True,True,False,True
1195,onzeuss,2024-10-27T12:15:55.000Z,mari,https://x.com/onzeuss/status/1850511746207003110,0,0,1,17,https://x.com/onzeuss/status/1850476946523922443,-0.23022074,,True,True,False,True
1196,hideonhyeokie,2024-10-27T10:06:37.000Z,"kannn, pergi campak dia dalam laut",https://x.com/hideonhyeokie/status/1850479207383810446,1,0,0,34,https://x.com/onzeuss/status/1850476946523922443,-0.22445898,,True,True,False,True
1197,onzeuss,2024-10-27T10:20:26.000Z,otw-,https://x.com/onzeuss/status/1850482682784096465,0,0,1,32,https://x.com/onzeuss/status/1850476946523922443,-0.24716488,,True,True,False,True
1198,jungchovy,2024-10-27T10:05:08.000Z,hanz pegang kepala yen pegang kaki,https://x.com/jungchovy/status/1850478832777863642,1,0,0,43,https://x.com/onzeuss/status/1850476946523922443,-0.27366042,,True,True,False,True
1199,onzeuss,2024-10-27T10:20:09.000Z,"boleh yen, mana tahu tertanggal sekali kepala nya",https://x.com/onzeuss/status/1850482612999221259,1,0,0,34,https://x.com/onzeuss/status/1850476946523922443,-0.24945182,,True,True,False,True
1200,onzeuss,2024-10-27T12:44:22.000Z,hmm lagi nice,https://x.com/onzeuss/status/1850518905812554106,0,0,0,22,https://x.com/onzeuss/status/1850476946523922443,-0.28248447,,True,True,False,True
1201,IzztAimn,2024-10-26T13:13:37.000Z,Penasihat kewangan berlesen!,https://x.com/IzztAimn/status/1850163878040138196,0,0,1,4164,https://x.com/khairizulfadhli/status/1850061697635189000,-0.073570475,,True,True,False,True
1202,amirulimananuar,2024-10-26T13:46:47.000Z,@sarinaNS #tipskewangan,https://x.com/amirulimananuar/status/1850172226026528946,0,0,0,3903,https://x.com/khairizulfadhli/status/1850061697635189000,-0.05103372,,False,True,False,False
1203,langitiaa,2024-10-27T15:19:15.000Z,"ada satu lagi confirm jahanam. ko cash out semua cc yg ada, bagi alamat rumah sewa pstu ko lari balik kampung. bank hntr surat rumah sewa ko, ko lari balik kampung tanam anggur, hutang tkyh bayar. camsial",https://x.com/langitiaa/status/1850557884146634765,0,0,0,58,https://x.com/khairizulfadhli/status/1850061697635189000,-0.058161825,,True,True,False,True
1204,kumuhaimin11,2024-10-26T05:10:35.000Z,Pergh rumah omputeh,https://x.com/kumuhaimin11/status/1850042320236015784,1,0,0,64,https://x.com/melanistt/status/1850037216350961897,0.08122675,,False,True,False,False
1205,angl3roses,2024-10-26T04:58:24.000Z,nampak sedap lh pulak,https://x.com/angl3roses/status/1850039254317138331,1,0,0,42,https://x.com/melanistt/status/1850037216350961897,-0.00820452,,False,True,False,False
1206,melanistt,2024-10-26T05:49:57.000Z,Semestinyaa,https://x.com/melanistt/status/1850052225789460554,1,0,0,25,https://x.com/melanistt/status/1850037216350961897,0.049082518,,True,True,True,False
1207,Efful32,2024-10-26T04:52:10.000Z,Sedp nye,https://x.com/Efful32/status/1850037682833064097,0,0,0,84,https://x.com/melanistt/status/1850037216350961897,0.048858836,,True,True,True,False
1208,FawaaZen,2024-10-25T11:37:34.000Z,Info vaksin campak karna gw sedang dicampakkan,https://x.com/AymanAlatas/status/1849777319138951479/photo/1,2,0,5,29800,https://x.com/FawaaZen/status/1849783091805462804,0.079146326,campak_as_discard,True,True,False,True
1209,cathazelnute,2024-10-25T13:15:43.000Z,Hahahhaha,https://x.com/cathazelnute/status/1849802018556178584,0,0,0,57,https://x.com/FawaaZen/status/1849783091805462804,0.06270105,,True,True,True,False
1210,AkunBkom,2024-10-26T01:54:10.000Z,"Kak, sebenarnya kakak tuh dicampakkannya 7x.  Tapi karena sudah 2x vaksin, jadi yang dua pertama terhindarkan.  Yang 5x selanjutnya, nasib.",https://x.com/AkunBkom/status/1849992890606551051,3,1,9,6010,https://x.com/Lactococcuss/status/1849779086400639341,0.07799354,,True,True,True,False
1211,Lactococcuss,2024-10-26T03:25:00.000Z,"Tolonglaaaah aku sudah berusaha biar ga terlihat ngenes bangeeet, tapi mengapaa malah kao buka fakta menyakitkannyaaa",https://x.com/Lactococcuss/status/1850015748199997539,1,0,1,524,https://x.com/Lactococcuss/status/1849779086400639341,-0.08754991,,True,True,False,True
1212,Candikedua,2024-10-25T16:02:38.000Z,HAHAHA,https://x.com/Candikedua/status/1849844024209006811,0,0,0,103,https://x.com/Lactococcuss/status/1849779086400639341,0.019706815,,True,True,True,False
1213,kdrama_menfess,2024-10-24T04:24:39.000Z,•kdm•  Family By Choice  Karakter ibu yang paling dibenci di dunia drakor. Akting Kim Hye-eun memang spektakular. Semua membenci karakter ibunya Sanha disini.  Dia juga memerankan karakter ibu yang menyebalkan di Iron Family.,https://x.com/kdrama_menfess/status/1849305985099460794,200,303,2499,127200,https://x.com/bye0nwoose0k/status/1849321633733066887,0.009789929,,True,True,True,False
1214,Luminouslumis,2024-10-25T01:59:19.000Z,"Ngga kak, suami barunya meninggal. Yang nyampakin keluarga suaminya, ga mau urus pas di rs krn ngerasa udh putus hubungan.",https://x.com/Luminouslumis/status/1849631797384184162,0,0,0,182,https://x.com/bye0nwoose0k/status/1849321633733066887,0.01889959,,True,True,True,False
1215,flixyshua,2024-10-24T01:02:54.000Z,HENSEM SANGAATTTTT PLS CAMPAK SAYA KE CHICAGO SKRG,https://x.com/xueishaoo/status/1849255212659486859/photo/1,0,0,4,30000,https://x.com/flixyshua/status/1849259449812455556,-0.1056927,,False,True,False,False
1216,Fifayna,2024-10-23T05:46:23.000Z,kena minat masak juga or paksa diri,https://x.com/Fifayna/status/1848964165161132112,1,0,1,39,https://x.com/farahxnnies/status/1848950115807240440,-0.07939032,,True,True,False,True
1217,farahxnnies,2024-10-23T08:50:10.000Z,lagi minat membeli dari memasak hahaha,https://x.com/farahxnnies/status/1849010414593482927,1,0,1,23,https://x.com/farahxnnies/status/1848950115807240440,-0.11963767,,True,True,False,True
1218,flattends,2024-10-23T04:43:15.000Z,"cepat sembuh nderrr, semangat!",https://x.com/flattends/status/1848948275963171105,0,0,0,57,https://x.com/munvess/status/1848924062321606839,-0.0971117,,True,True,False,True
1219,cIaindestine,2024-10-23T03:12:57.000Z,"aduh kak, gws buat kita berdua ya",https://x.com/cIaindestine/status/1848925549600903613,0,0,0,87,https://x.com/munvess/status/1848924062321606839,-0.11444709,,True,True,False,True
1220,cyptain,2024-10-23T03:07:59.000Z,"Fokus ke kesehatan mental dan fisik dulu nder, rehat cinta-cintaan.",https://x.com/cyptain/status/1848924302567260203,0,0,0,31,https://x.com/munvess/status/1848924062321606839,-0.1145668,,True,True,False,True
1221,eyesyatanuki,2024-10-22T05:40:18.000Z,Roll over boii,https://x.com/eyesyatanuki/status/1848600244247744546,0,0,3,61,https://x.com/markonahajis/status/1848599978329223617,-0.06723125,,True,True,False,True
1222,tanyarlfes,2024-10-22T01:45:10.000Z,"kalian bapil, radang tenggorokan, badan pegel/gatel juga ga. ini krn cuaca apa virus kira""?",https://x.com/tanyarlfes/status/1848541071724236962,499,571,3862,128800,https://x.com/bwelanja/status/1848543084046696557,0.054136306,,True,True,True,False
1223,bwelanja,2024-10-22T12:04:33.000Z,ayok periksain kaa,https://x.com/bwelanja/status/1848696945264730300,0,0,0,72,https://x.com/bwelanja/status/1848543084046696557,0.044493884,,False,True,False,False
1224,sub4li,2024-10-22T01:54:16.000Z,Berair?,https://x.com/sub4li/status/1848543362548437017,1,0,0,152,https://x.com/bwelanja/status/1848543084046696557,0.14197248,,True,True,True,False
1225,AqimNizar,2024-10-20T08:13:44.000Z,Berita2 terkait,https://x.com/AqimNizar/status/1847914080864260450,0,0,0,25,https://x.com/ShoibZahari/status/1847900152071409753,-0.0803051,,False,True,False,False
1226,4L121c0_jm,2024-10-19T02:50:04.000Z,Inikan hari libur  Berarti sarapan jg libur donk,https://x.com/4L121c0_jm/status/1847470240151798131,2,0,5,136,https://x.com/Tulkiyjemm/status/1847435025706602677,0.04463145,,True,True,True,False
1227,Tulkiyjemm,2024-10-20T14:43:58.000Z,Selama masih bernapas masih makan om. Bkn karna liboor..,https://x.com/Tulkiyjemm/status/1848012286646202774,0,0,1,11,https://x.com/Tulkiyjemm/status/1847435025706602677,0.055247605,,True,True,True,False
1228,sagatingteng,2024-10-19T00:36:41.000Z,Udah doong  Matek anak ayam kituu,https://x.com/sagatingteng/status/1847436672675566040,1,0,1,21,https://x.com/Tulkiyjemm/status/1847435025706602677,0.036546826,,True,True,True,False
1229,Tulkiyjemm,2024-10-19T00:47:57.000Z,Mandiii teh. Mentang2 libur..,https://x.com/Tulkiyjemm/status/1847439507555225711,1,0,1,18,https://x.com/Tulkiyjemm/status/1847435025706602677,0.06279811,,False,True,False,False
1230,nasriqul,2024-10-18T05:03:06.000Z,Mesti penuh botol2 tu kan atas counter...kakakakak,https://x.com/nasriqul/status/1847141332684603769,0,0,0,345,https://x.com/surayaror/status/1847141095794528508,-0.120176405,,True,True,False,True
1231,citrasultan,2024-10-17T11:54:03.000Z,Kalo nnt ada disini.. kita bawa spuit dan jarumnya kak pas foto haahhahahahaa,https://x.com/citrasultan/status/1846882362531238397,1,0,0,43,https://x.com/arinprimasari/status/1846877977260564520,0.043544024,,True,True,True,False
1232,arinprimasari,2024-10-17T12:13:29.000Z,Effort ya kak hahahah takut dikira ngobat kita di dalem photobox nya,https://x.com/arinprimasari/status/1846887253974683745,0,0,0,26,https://x.com/arinprimasari/status/1846877977260564520,0.020316899,,True,True,True,False
1233,EmDiNuAnn,2024-10-17T11:48:18.000Z,"Nitip ya dok, jangan sampe nangis pasiennya",https://x.com/EmDiNuAnn/status/1846880918222655530,0,0,0,24,https://x.com/arinprimasari/status/1846877977260564520,0.07547063,,True,True,True,False
1234,afrkml,2024-10-29T04:53:54.000Z,"Cuy penyakit2 yg dulu sudah aman karena ga pernah muncul, skrg perlahan muncul lagi.  Masa cacar air bisa bikin satu sekolah harus belajar di rumah? Tahun 2024 loh??  Pls tolong anakmu divaksin/diimunisasi lengkap! Jangan bandel!",https://x.com/afrkml/status/1851125284504039475,548,3567,15240,1000000,https://x.com/MrWahyuPrasetya/status/1851189939498840071,0.1450893,,True,True,True,False
1235,MrWahyuPrasetya,2024-10-29T06:16:31.000Z,"program imunisasi & vaksinasi gratis apakah masih berjalan ga sih, nurse? Soalnya anaknya temen kantor ada yg diliburkan juga gara2 ada temennya yg kena polio (which is zaman kita kecil ada program imunisasi polio masal)  https://youtu.be/qTNWl06vDBI?si=xSG7Kaq8yhROd17O…",https://x.com/MrWahyuPrasetya/status/1851146072711971218,20,12,85,50900,https://x.com/MrWahyuPrasetya/status/1851189939498840071,0.18737629,,True,False,False,True
1236,Resti1031,2024-10-29T09:25:17.000Z,"Kan situ nanyanya ""program imunisasi & vaksinasi gratis apakah msh berjalan?"" Ya saya jawabnya di puskesmas gratis. Saya gak bilang soal antivaks.  Btw saya ibu yg anaknya udh vaksin lengkap, bukan bro",https://x.com/Resti1031/status/1851193579411997056,1,0,2,401,https://x.com/MrWahyuPrasetya/status/1851189939498840071,0.18644103,,True,False,False,True
1237,V0RFREUDE99,2024-10-29T07:56:52.000Z,"Preventable by vaccine but those parents who are against vaccine caused this.  Vaksin ga hanya melindungi anak kita aja tapi anak orang lain juga. Saling melindungi membuat herd immunity   Sekarang lagi banyak cacar, gondong sampe pasien orchitis",https://x.com/V0RFREUDE99/status/1851171328142999592,1,0,1,105,https://x.com/V0RFREUDE99/status/1851171845342708055,0.13309005,,False,False,False,False
1238,wyusee,2024-10-29T06:58:20.000Z,Mjb kakk. Program imunisasi dasar lengkap dr pemerintah masih adaa ya. Bisa ke puskesmas atau posyanduu,https://x.com/wyusee/status/1851156596648526007,1,4,12,1797,https://x.com/MrWahyuPrasetya/status/1851158982934847583,0.19544044,,True,False,False,True
1239,wyusee,2024-10-29T07:20:43.000Z,Sepertimya iyaa kak. Apalagi akhir2 ini marak narasi anti vax jg di app sebelah,https://x.com/wyusee/status/1851162232178294808,1,0,0,478,https://x.com/MrWahyuPrasetya/status/1851158982934847583,0.09365505,,True,True,True,False
1240,MediocreUnited,2024-10-29T13:06:39.000Z,Jelas. Sampah peradaban tidak mengenal profesi,https://x.com/MediocreUnited/status/1851249286442598765,0,0,0,25,https://x.com/MediocreUnited/status/1851127545233846677,0.083480835,,True,True,True,False
1241,piyopikavet,2024-10-29T02:39:56.000Z,"Inilah pentingnya vaksinasi.  Sudah tahunan kita ga dengar berita model gini karena partisipasi vaksinasi ok, lalu partisipasinya menurun dan boom..",https://x.com/piyopikavet/status/1851091570445205967,144,3238,8580,551900,https://x.com/everynay6/status/1851113581548618032,0.08990416,,True,True,True,False
1242,piyopikavet,2024-10-24T12:33:20.000Z,Pemelihara kucing punya kecenderungan terkena schizophrenia..,https://x.com/piyopikavet/status/1849428964433121409,266,1784,13374,1,https://x.com/arawhovians/status/1849658596013097427,-0.005796075,,True,False,False,False
1243,VejmRVR,2024-10-25T01:53:13.000Z,Penelitian sesat njir  Apalagi klo yg gak paham cara baca datanya,https://x.com/VejmRVR/status/1849630261660746199,1,0,18,28500,https://x.com/arawhovians/status/1849658596013097427,0.038055748,,True,True,True,False
1244,piyopikavet,2024-10-25T02:15:30.000Z,Ga ada penelitian sesat kalo sudah terpublikasi,https://x.com/piyopikavet/status/1849635870237982815,3,1,112,25300,https://x.com/arawhovians/status/1849658596013097427,0.02902329,,True,True,True,False
1245,mulyadi_327,2024-10-22T09:44:57.000Z,"Kalo masih tetap gak setuju dg Dharma Pongrekun, ada referensi dari rapat kerja komisi IX 12 Jan 2021 (soal distribusi vaksin). Dokter Ribka Tjiptaning (fraksi PDIP) dg tegas menolak vaksin. Bahkan siap bayar sanksi u/ anak& cucunya. Kader PDIP loh dan ada background kedokteran.",https://x.com/mulyadi_327/status/1848661815645114713,2,0,1,160,https://x.com/Lightcross/status/1848689559477096699,0.049833775,,True,True,True,False
1246,mulyadi_327,2024-10-22T09:47:51.000Z,Orang pertama di Indonesia yg menolak vaksinasi justru kader PDIP. (sebelum vaksinnya didistribusikan ke seluruh indonesia),https://x.com/mulyadi_327/status/1848662543725916345,3,0,1,85,https://x.com/Lightcross/status/1848689559477096699,0.07237971,,True,True,True,False
1247,ThatSun510,2024-10-22T10:02:34.000Z,"Mardigu dan conie gk perna statement menolak vaksin. Apalagi declare antivax. Tapi bahas2 teori konspirasi, Gk jelas berdiri dimana.   temannya yg serupa ya dedi corbuzier, nulis2 teori konspirasi di majalah dr lama, tp pro vaksin dan menertawakan dharma.",https://x.com/ThatSun510/status/1848666246138761599,2,1,2,95,https://x.com/Lightcross/status/1848689559477096699,0.044575274,,True,True,True,False
1248,Lightcross,2024-10-22T10:49:17.000Z,"Mardigu dulu malah di videonya ngaku punya kenalan dokter luar negeri yg bilang penyakitnya serius blablabla. Kalo drh Indro dr awal sudah firm, hanya sinopak yg bagus. Yg sinopak 2x, kemungkinan besar dosis keduanya astra. Yeah right saat itu stok sinopak abis. Saya jg baru tau.",https://x.com/Lightcross/status/1848678005650166243,1,0,1,48,https://x.com/Lightcross/status/1848689559477096699,-0.01396206,,True,True,True,False
1249,mulyadi_327,2024-10-22T11:52:20.000Z,"Nebak doang, waktu itu pernah nonton yg soal Mardigu bahas soal plasma.   RFK yg antivax itu beneran atau gimmick?   Kalo gak salah pernah diposting e-booknya https://x.com/ThatSun510/status/1832081577318498416…",https://x.com/mulyadi_327/status/1848693870445642010,0,0,1,26,https://x.com/Lightcross/status/1848689559477096699,-0.015162095,,True,True,True,False
1250,ThatSun510,2024-10-22T22:13:23.000Z,Supaya keren,https://x.com/ThatSun510/status/1848850161365356946,0,0,0,20,https://x.com/Lightcross/status/1848689559477096699,-0.021583557,,True,True,True,False
1251,bualfi,2024-10-21T12:40:12.000Z,"Alasan saya semangat  edukasi di ""kandang monyet""",https://x.com/bualfi/status/1848343528847663293,1,0,0,70,https://x.com/arli_ap/status/1848336436292096281,0.0360263,,True,True,True,False
1252,ThatSun510,2024-10-29T05:25:43.000Z,"Ingat, TBC sedang digoreng terus. Waspada pandemi dimainkan lagi.  Kita pegang pengakuan satu ini : Nakes adalah AGEN OBAT (obat2an & vaksin). Jangan frontal kaya Jerinx @SID_Official dulu, sekali bilang kacung, baper mereka.  Makasih pencerannya dok  @StopPlandemit @ch4o5Myth",https://x.com/ThatSun510/status/1851133288955424823,9,48,75,4758,https://x.com/mulyadi_327/status/1851157608943796624,0.07834792,,True,True,True,False
1253,mulyadi_327,2024-10-29T07:00:32.000Z,"Mau nambahin sekalian, soal berita masa lalu. Seperti pola yg terus berulang. Pandemi flu spanyol saat perang dunia 1 (1918), hasil otopsi menunjukkan korban yg meninggal bukan karena ""FLU"" tetapi disebabkan oleh dosis acak dari eksperimen vaksin meningitis. Dicombo sama",https://x.com/mulyadi_327/status/1851157153215889643,2,4,15,432,https://x.com/mulyadi_327/status/1851157608943796624,0.111023664,,True,False,False,True
1254,daddyyuki,2024-10-28T13:40:45.000Z,dalam 2 spd 3 thn berubah tua drastis,https://x.com/daddyyuki/status/1850895479758061752,0,2,6,866,https://x.com/daddyyuki/status/1850891478387863688,0.0358063,,True,False,False,False
1255,XIJhinping,2024-10-29T11:38:42.000Z,Oooo bener ini Tetangga gw juga gini Mendadak jompo   Gw pikir karena umur juga Tapi gak secepat itu,https://x.com/XIJhinping/status/1851227156749435020,1,0,4,528,https://x.com/daddyyuki/status/1850891478387863688,0.04872884,,True,False,False,False
1256,daddyyuki,2024-10-29T15:56:40.000Z,tetangga aku 2 org dan org kantor 3 org... cukup banyak yg tua mendadak. bukti ilmiyah juga ada jadi bukan asal duga.,https://x.com/daddyyuki/status/1851292075712770268,1,3,2,401,https://x.com/daddyyuki/status/1850891478387863688,0.055535823,,True,False,False,False
1257,raynuriyanto,2024-10-30T08:41:31.000Z,Saya juga.. Setelah booster malah kerja di tempat ner AC mempercepat penuaan di wajah. Akhirnya 2 bulan terakhir saya pindah kerja lapangan. Kembali konsumsi rempah-rempah + minyak zaitun.. Sekarang lebih mendingan kembali lebih muda.. Olahraga juga,https://x.com/raynuriyanto/status/1851544953857663235,1,0,0,176,https://x.com/daddyyuki/status/1850891478387863688,-0.03673181,,True,False,False,False
1258,daddyyuki,2024-10-30T10:01:02.000Z,perbanyak jemur di matahari pagi sehingga vitamin D banyak terbentuk di tubuh. perbanyak makan telur dan nanas. ganti garam dapur dgn garam kasar yg asli penuh mineral semogga bisa pulih kembali. saran ini saya dapatkan dari dokter di Jepang yg menangani penserita vaxin.,https://x.com/daddyyuki/status/1851564965335097688,2,1,6,246,https://x.com/daddyyuki/status/1850891478387863688,0.0011811852,,True,False,False,False
1259,dokter_kampung,2024-10-28T22:48:44.000Z,Klo sy malah dicurigai pake penghitam rambut dan setrika wajah akhir² ini.,https://x.com/dokter_kampung/status/1851033386791662014,2,0,9,975,https://x.com/daddyyuki/status/1850891478387863688,0.033872694,,True,False,False,False
1260,AndriRians73379,2024-10-29T04:57:51.000Z,"Betul ,saya jg rambut byk ubanan muka kayak lbh tua",https://x.com/AndriRians73379/status/1851126278189170868,0,0,1,509,https://x.com/daddyyuki/status/1850891478387863688,0.020700186,,True,False,False,False
1261,Lamno422632,2024-10-29T06:01:59.000Z,Cepat Mati lah,https://x.com/Lamno422632/status/1851142415232782715,0,0,1,512,https://x.com/daddyyuki/status/1850891478387863688,0.03142053,,True,False,False,False
1262,cenlung136,2024-10-29T04:28:02.000Z,Sesuatu dengan micin,https://x.com/cenlung136/status/1851118773597811144,0,0,0,565,https://x.com/daddyyuki/status/1850891478387863688,0.038553864,,True,False,False,False
1263,CahyaniNain,2024-10-30T01:08:57.000Z,Tetangga saya juga,https://x.com/CahyaniNain/status/1851431060342784111,0,0,1,221,https://x.com/daddyyuki/status/1850891478387863688,0.02597791,,False,False,False,False
1264,noissz2,2024-10-28T13:43:07.000Z,@t_yokomichi Dia tadaki yokomichi dulu viral waktu publish soal corona di china dia pernah stay disana dan dia pindah ke jepang ke sekarang.. Saya mutualan di facebook,https://x.com/noissz2/status/1850896077345751398,0,0,2,541,https://x.com/daddyyuki/status/1850891478387863688,0.010020345,,True,False,False,False
1265,ThatSun510,2024-10-21T00:53:50.000Z,"GILA! Dalam wawancara dengan Universitas Boston, Budi G Sadikin berkata suksesnya vaksin di Indonesia KARENA EFEK NEGATIF VAKSIN TIDAK TERLALU TEREKSPOSE (TERUNGKAP).  Masih mau bilang teori konspirasi? Menkes sendiri loh yang ngakuin.  @StopPlandemit @MiraninonLita @SumandoGaek",https://x.com/ThatSun510/status/1848165764743954442,54,549,660,84,https://x.com/mritewan/status/1848207605669433394,0.077408254,,True,True,True,False
1266,ThatSun510,2024-10-21T03:44:11.000Z,Fakta2 ajaib lainnya ya,https://x.com/ThatSun510/status/1848208635551510845,1,0,3,1,https://x.com/mritewan/status/1848207605669433394,0.042445958,,True,True,True,False
1267,mritewan,2024-10-21T03:50:41.000Z,"Ajaib & gurih! Ya gimana gak gurih, dana cair klo target vaksin terpenuhi. Yg penting statistik oke dan orangnya dapat sertifikat yg bisa dipake buat syarat ini itu",https://x.com/mritewan/status/1848210269681406261,0,0,2,215,https://x.com/mritewan/status/1848207605669433394,-0.002925545,,True,True,True,False
1268,StopPlandemit,2024-10-21T03:58:28.000Z,Gak perlu capek2 suntik ajib,https://x.com/StopPlandemit/status/1848212228312531154,0,0,3,78,https://x.com/mritewan/status/1848207605669433394,0.048910856,,True,True,True,False
1269,hanan052020,2024-10-21T03:53:27.000Z,di aplikasi peduli lindungi saya bilangnya: lokasi vaksin anda di polres    hayo loh pak pol ngaku,https://x.com/hanan052020/status/1848210966166880289,1,0,4,113,https://x.com/mritewan/status/1848207605669433394,0.06641361,,True,True,True,False
1270,mritewan,2024-10-21T04:06:59.000Z,"Sama, saya mau vaksin di puskesmas tapi dibilang sudah di polres dan disuruh cek peduli lindungi sertifikatnya udah nongol  udah tanya via sosmed polres, bilangnya kesalahan data bang  salah data kok semua keluarga dan tetangga punya sertifikat tanpa vaksin",https://x.com/mritewan/status/1848214371643883762,1,1,1,213,https://x.com/mritewan/status/1848207605669433394,0.10738331,,True,False,False,True
1271,L_minWOOharu,2024-10-30T07:28:27.000Z,intinya berkeluarga ga melulu tentang halal buat bikin anak.. tanggung jawab punya anak besar.. minim penghasilan bulanan 2 dijit untuk suami dan istri.. atau kalau di jumlah bisa jadi 2 dijit..  yaa kalau nikah sama suami yg thp nya up 2dijit kita gausah kerja mah beda cerita ya,https://x.com/L_minWOOharu/status/1851526565311758805,1,0,5,154,https://x.com/L_minWOOharu/status/1851526560786087980,0.12041682,,True,True,True,False
1272,L_minWOOharu,2024-10-30T07:28:28.000Z,tp kenapa istri kerja jg ? yaa selain buat meringankan beban suami + biar bisa belanja ini itu yg sekiranya susah dapet ijin buat beli  hehehe,https://x.com/L_minWOOharu/status/1851526568792981751,0,0,0,155,https://x.com/L_minWOOharu/status/1851526560786087980,0.0740968,,True,True,True,False
1273,bewithruto,2024-10-30T10:22:32.000Z,Ini lebih masuk akal wkwkwk,https://x.com/bewithruto/status/1851570375882342849,1,0,0,94,https://x.com/L_minWOOharu/status/1851526560786087980,0.09745777,,True,True,True,False
1274,lactashare,2024-10-30T08:59:41.000Z,"Masya Allah keren banget lho Kak Alice, kalo full ASI terasa lebih hemat ga bun jadinya?",https://x.com/lactashare/status/1851549523065356767,1,0,0,125,https://x.com/L_minWOOharu/status/1851526560786087980,0.11390486,,True,True,True,False
1275,L_minWOOharu,2024-10-30T09:21:38.000Z,nggak juga ka.. soalnya boosternya ke co keranjang kuning malem malem  hehehe,https://x.com/L_minWOOharu/status/1851555047915798990,0,0,0,110,https://x.com/L_minWOOharu/status/1851526560786087980,0.07742751,,True,True,True,False
1276,L_minWOOharu,2024-10-30T11:25:25.000Z,sebenernya kalau mau di tekan lagi bisa bisa aja an.. ini kyk rata ratanya ajah.. kalau anak 1 masih bisa di tekan separuhnya,https://x.com/L_minWOOharu/status/1851586199468868069,0,0,0,81,https://x.com/L_minWOOharu/status/1851526560786087980,0.12185368,,True,True,True,False
1277,Utatamimi507,2024-10-30T14:33:02.000Z,Salfok sama uang sampah 100k. Mahal bgt yaa uang sampah di kota,https://x.com/Utatamimi507/status/1851633416535756908,1,0,0,52,https://x.com/L_minWOOharu/status/1851526560786087980,0.054813445,,True,True,True,False
1278,L_minWOOharu,2024-10-30T14:47:54.000Z,"di perumahanku segitu ka soalnya pakai truk sampah.. dia ngangkutnya seminggu 2x, jadi sebulan di angkut 8x dimana sekali angkut 12.500 rupiah",https://x.com/L_minWOOharu/status/1851637157183758468,0,0,0,40,https://x.com/L_minWOOharu/status/1851526560786087980,0.07261786,,True,True,True,False
1279,thumbelinana,2024-10-30T15:10:52.000Z,Ijin save kaaa Kayak gini lebih enak itungannya daripada asal beli kalo butuh malah GK kerasa keluarnya banyak,https://x.com/thumbelinana/status/1851642937018577139,1,0,0,57,https://x.com/L_minWOOharu/status/1851526560786087980,0.09561771,,True,True,True,False
1280,L_minWOOharu,2024-10-30T15:19:09.000Z,boleh banget mom  nanti sesuaikan aja sama rumah mom na  yg ini bener bener pengeluaran minimal selama beranak 2 8 bulan ini.. jadi setidaknya untuk rumah tangga anak 2 nanti minim sekian.. kalau bisa kurang yaa lebih baik lg,https://x.com/L_minWOOharu/status/1851645020744651190,0,0,0,48,https://x.com/L_minWOOharu/status/1851526560786087980,0.11221549,,True,True,True,False
1281,L_minWOOharu,2024-10-27T11:20:43.000Z,"nangis bgt  gaji 2jt berkelahi dengan 2 anak  untuk biaya hidup berdua aja udah pasti kurang.. ada baiknya stabil finansial dulu baru beranak  kita gatau kapan anak sakit, kapan kita sakit.. imunisasi anak, biaya sekolah, biaya makan, biaya les...",https://x.com/SoloMenfess/status/1850497852587557132/photo/1,2,0,1,640,https://x.com/L_minWOOharu/status/1851450515466699004,0.06926657,,True,True,True,False
1282,djwhn_,2024-10-30T02:35:25.000Z,iya kak aku bacanya aja pusing cuma gmn ya namanya hidup itu dia sebisa mungkin bertahan kayaknya sedih bgt ya miris maksudku walaupun ga masuk itungan ke kita ga masuk akal tp ada loh orang yg emang hidupnya begitu. gatau knp tp miris bgt liatnya ya,https://x.com/djwhn_/status/1851452820933001310,1,0,0,36,https://x.com/L_minWOOharu/status/1851450515466699004,0.085189685,,True,True,True,False
1283,octoputri,2024-10-22T05:20:56.000Z,"Dengar ibu2 lagi ngobrol katanya ""pas kita sekolah dulu gak begini amat imunisasi"" Langsung saya bilang gini ""Ibu sekolah udah puluhan tahun yg lalu, sekarang ilmu pengetahuan udah maju jadi orang2 berusaha supaya generasi selanjutnya sehat, imunisasi salah satu caranya.""",https://x.com/octoputri/status/1848595373398626586,21,8,1,5,https://x.com/la1laha1llallah/status/1850880557431050329,0.12955806,,True,True,True,False
1284,octoputri,2024-10-28T12:42:14.000Z,"Dih, siapa yg mau imunisasi anak orang?",https://x.com/octoputri/status/1850880757088293020,1,0,0,287,https://x.com/la1laha1llallah/status/1850880557431050329,0.16515109,,True,True,True,False
1285,la1laha1llallah,2024-10-28T12:43:25.000Z,Diih pedagang fucksin ngeles.,https://x.com/la1laha1llallah/status/1850881054229606587,2,1,2,268,https://x.com/la1laha1llallah/status/1850880557431050329,0.06582093,,False,True,False,False
1286,yegebang,2024-10-21T07:37:32.000Z,"Pernah nyari klinik utk imunisasi anak Ternyata banyak keluar akun2 aborsi dan di komennya juga nawarin aborsi Ooo jadi banyak yg nipu ya Yaudah lanjutkan menipu orang2 tolol yg bunting diluar nikah dan mau ngebunuh itu Peras mereka sehabis2nya, sehancur2nya, sekapok2nya  https://x.com/beyondfuck21/s/beyondfuck21/status/1848142287152541860…",https://x.com/beyondfuck21/status/1848142287152541860,0,1,3,1585,https://x.com/yegebang/status/1848267361004216506,0.11406568,,True,False,False,True
1287,kipi_84,2024-10-30T11:34:45.000Z,今日もお疲れさまでした.ᐟ,https://x.com/kipi_84/status/1851588549642256578,108,419,8156,182,https://x.com/RaIfu_0618/status/1851596440864494073,-0.09461124,,False,False,False,False
1288,iyaadarius,2024-11-08T02:03:56.000Z,"china indo nasionalisme, pake nama indo, bahasa indo, bahasa china oun tak paham. beda sama china malay wkwk malayu jdi budak china wkwk",https://x.com/iyaadarius/status/1854706389131969029,1,0,0,105,https://x.com/harimeow_/status/1854705816676581771,-0.017523915,,True,True,True,False
1289,MalaysiaGazette,2024-11-06T10:52:04.000Z,"MGNews: Marah Diganggu, King Sing Cabar Mas Bergaduh Di Luar   Menteri Pelancongan Datuk Seri Tiong King Sing gagal mengawal emosi ketika Ahli Parlimen Masjid Tanah Datuk Mas Ermieyati Samsuddin mendesak jawapan atas beberapa perkara yang dibangkitkan.  #malaysiagazette",https://x.com/MalaysiaGazette/status/1854114521675395471,73,148,239,191,https://x.com/nopartyteam/status/1854154174784762364,-0.04742025,,False,True,False,False
1290,AlyaZhri,2024-11-02T13:09:46.000Z,"saya sangat la adore dengan dia, semua benda dia boleh buat, campak la apa2 pun mesti dia boleh bgi settle, idola ni idola",https://x.com/HoshiCheeks_/status/1852699623418421346/photo/1,1,1,3,835,https://x.com/AlyaZhri/status/1852988104573059240,-0.20121802,,True,True,False,True
1291,AlyaZhri,2024-11-03T14:10:15.000Z,"hahahah sesamaa, klu guna ejaan sama nnti moots confuse  itu la, pouch bongbongie pun tk thu bila boleh ambik",https://x.com/AlyaZhri/status/1853077232677441626,0,0,0,59,https://x.com/AlyaZhri/status/1852988104573059240,-0.25590932,,False,True,False,False
1292,meinmokhtar,2024-11-02T10:44:56.000Z,Harap lepas ni ang tolong laa jaga wife ang. Tanya tanya gak dia ok ka dak. Jangan bagi dia koyak sorang2,https://x.com/meinmokhtar/status/1852663176615309697,24,98,325,40,https://x.com/meinmokhtar/status/1852938793923616980,-0.13646047,,True,True,False,True
1293,kiramisttt,2024-11-03T04:54:22.000Z,hawin tu apa?,https://x.com/kiramisttt/status/1852937341574504684,2,1,5,3,https://x.com/meinmokhtar/status/1852938793923616980,-0.035845965,,True,True,False,True
1294,FidoYendido,2024-11-03T05:18:54.000Z,Taok,https://x.com/FidoYendido/status/1852943513576484924,0,0,0,1,https://x.com/meinmokhtar/status/1852938793923616980,-0.083965,,True,True,False,True
1295,DokterTifa,2024-11-07T11:32:25.000Z,Umat Muslim Indonesia  Silakan baca baik-baik. Jangan hanya judulnya.,https://x.com/DokterTifa/status/1854487065708413312,98,82,401,58,https://x.com/RiniSumaryo/status/1854642880809419137,-0.029426634,,True,True,True,False
1296,sadrisnsya82469,2024-11-08T09:08:32.000Z,"Nda mungkin, israel tetap dibela amerika, namanya juga konco nya dia, mau apa? Mau marah? Marahlah.",https://x.com/sadrisnsya82469/status/1854813242390200756,1,0,0,38,https://x.com/RiniSumaryo/status/1854642880809419137,-0.038701564,,True,True,False,True
1297,RiniSumaryo,2024-11-08T23:38:19.000Z,Marah? Untuk apa? Santuy aja,https://x.com/RiniSumaryo/status/1855032130566602777,0,0,0,9,https://x.com/RiniSumaryo/status/1854642880809419137,-0.011616915,,True,True,True,False
1298,codebwi1,2024-11-06T23:39:35.000Z,"Itu point positifnya dari trump. Tapi point negatifnya juga banyak. Dia yang mengakui ibu kota jerusalem sebagai ibu kota zionis israhell, sejak saat itulah israhell mendapat restu utk memperluas wilayah jajahanya hingga puncaknua di gaza ini. Semua presiden US adl budak zionis.",https://x.com/codebwi1/status/1854307674118336531,3,2,31,7,https://x.com/Denom99474051/status/1854523505158844629,0.03929317,,True,True,True,False
1299,apralzolam,2024-11-03T20:32:13.000Z,"Pentingnya nyari suami yg bener.   ""Anak saya ga imunisasi soalnya ga boleh sama ayahnya. Ini aja saya bawa ke RS td mohon mohon ke suami soalnya anak saya udah lemes bgt dok. Berantem dulu saya baru dibolehin anak saya berobat dok"".  EMANG COWOK GVLK.",https://x.com/apralzolam/status/1853173356268503221,29,240,892,28,https://x.com/progresionalis/status/1853199859832209628,0.10262066,,True,True,True,False
1300,BarisanPemudaRI,2024-11-03T02:13:55.000Z,"Bagi yg pernah disuntik vaksin covid-19, minum segera kunyit + Nanas.... Diingat2 yaaa....jgn sampai lupa....",https://x.com/BarisanPemudaRI/status/1852896960103231915,116,2348,6027,485,https://x.com/danielza333/status/1853241464949776478,0.025137275,,True,False,False,False
1301,lucky_jannah,2024-11-05T17:41:35.000Z,"Pemikiran yg cerdas , klo dokter luar udh meneliti knapa hrs byk fafafififufu",https://x.com/lucky_jannah/status/1853855194079191498,0,0,0,8,https://x.com/danielza333/status/1853241464949776478,0.08789086,,False,False,False,False
1302,lucky_jannah,2024-11-05T17:44:56.000Z,Lihat video ini aja sdh bs bikin kita berpikir dan ambil kesimpulan,https://x.com/lucky_jannah/status/1853856034089234535,0,0,0,5,https://x.com/danielza333/status/1853241464949776478,0.049241543,,True,False,False,False
1303,FaiNomady,2024-11-01T16:46:38.000Z,"Buka wawasan lebih luas. Sadari lebih dalam. Sangat banyak fakta yg disembunyikan tentang kopit. Salah satunya buku yg dianjurkan oleh Bill Gates ""How to Lie with Statistics.""  Plandemic pakai trik tsb. Kalian sudah ditipu elites dgn permainan data & statistik.",https://x.com/FaiNomady/status/1852391812352311300,5,32,61,4,https://x.com/mulyadi_327/status/1852509031564513346,-0.038477212,,True,False,False,False
1304,hanan052020,2024-11-02T00:22:51.000Z,"dari awal sebetulnya persoalan covid itu memang data corruption. berikut: how to treat the disease. Harusnya flu like illness (apapun penyebabnya) ditangani sebagaimana biasanya saja. Orang lagi meler, ini harus dicek dg PCR covid ga itu.. ngawur banget.",https://x.com/hanan052020/status/1852506623962648795,2,3,11,333,https://x.com/mulyadi_327/status/1852509031564513346,0.027826428,,True,False,False,False
1305,hanan052020,2024-11-02T00:38:45.000Z,Yang jelas biaya anggaran protokol2 itu memang besar sekali anggarannya,https://x.com/hanan052020/status/1852510622707261817,2,3,6,235,https://x.com/mulyadi_327/status/1852509031564513346,-0.011024952,,True,False,False,False
1306,mulyadi_327,2024-11-02T00:44:55.000Z,Gokillll  Artinya duit anggaran lebih menggiurkan yah Nyari investor IKN sampe morat-morit tapi ada dana anggaran covid 19 sebesar itu.,https://x.com/mulyadi_327/status/1852512177548312901,2,0,5,232,https://x.com/mulyadi_327/status/1852509031564513346,-0.01001814,,True,False,False,False
1307,bintcang,2024-11-13T09:39:20.000Z,"anw ini hanya 1 kali evebt ya bukan dokter tetap berkelanjutan , so don't worry",https://x.com/bintcang/status/1856632934880755949,0,0,0,119,https://x.com/bintcang/status/1856297406872334464,0.13992134,,True,True,True,False
1308,bintcang,2024-11-14T13:11:54.000Z,lupa cara nyuntiknha bang?,https://x.com/bintcang/status/1857048814521082170,1,0,0,50,https://x.com/bintcang/status/1856297406872334464,0.16114554,,False,True,False,False
1309,syeeunx,2024-11-12T15:39:54.000Z,Meninggalkan jejak,https://x.com/syeeunx/status/1856361285853540511,0,0,0,93,https://x.com/bintcang/status/1856297406872334464,0.17452592,,True,True,True,False
1310,ihwalsenja,2024-11-13T13:09:41.000Z,"[Yang kemarin dokter anak tuh, pak dok gak sih? @InFortnight]",https://x.com/ihwalsenja/status/1856685870201655620,0,1,0,174,https://x.com/bintcang/status/1856297406872334464,0.18123558,,True,True,True,False
1311,KemenkesRI,2024-11-06T13:48:30.000Z,Pernah mendengar mengenai penyakit difteri & tetanus?,https://x.com/KemenkesRI/status/1854158923466702855,3,9,15,2,https://x.com/KemenkesRI/status/1854159314925269240,0.17256916,,True,False,False,True
1312,KemenkesRI,2024-11-06T13:48:34.000Z,"Difteri & tetanus adalah penyakit berbahaya yg turut mengintai anak-anak  Oleh karenanya, perlu dilakukan perhatian & pencegahan terhadap kedua penyakit ini  Salah satu caranya adalah dengan imunisasi lanjutan yaitu imunisasi DT & Td",https://x.com/KemenkesRI/status/1854158940831142344,1,2,3,1,https://x.com/KemenkesRI/status/1854159314925269240,0.15546525,,True,False,False,True
1313,yondunskrrtt,2024-11-01T10:07:49.000Z,ada yang belikah,https://x.com/yondunskrrtt/status/1852291447996781010,0,0,0,80,https://x.com/TXT_13EOMGYU/status/1852277199799488566,0.1317015,,True,True,True,False
1314,tteokkookies,2024-11-01T09:43:02.000Z,JELEK BGT,https://x.com/tteokkookies/status/1852285209107992744,0,0,0,64,https://x.com/TXT_13EOMGYU/status/1852277199799488566,0.17207631,,True,True,True,False
1315,lovqtoris,2024-11-01T09:27:18.000Z,YONGMEONG TU MUKANYA KNP TERTEKAN BGT SIH,https://x.com/lovqtoris/status/1852281251455221885,0,0,0,85,https://x.com/TXT_13EOMGYU/status/1852277199799488566,0.12812927,,True,True,True,False
1316,MOAmiaw_,2024-11-01T09:20:58.000Z,kenapaaa kek abiss mabokk pop ice,https://x.com/MOAmiaw_/status/1852279658282369038,0,0,0,87,https://x.com/TXT_13EOMGYU/status/1852277199799488566,0.13679555,,False,True,False,False
1317,beomgyulllo,2024-11-01T10:06:53.000Z,kaya keracunan,https://x.com/beomgyulllo/status/1852291211899621837,0,0,0,56,https://x.com/TXT_13EOMGYU/status/1852277199799488566,0.18966272,,True,True,True,False
1318,onglytubatu,2024-11-01T09:28:20.000Z,kayak ppulbatu dikasih polosan trs dibuat prakarya sama anak kecil jadi diwarnainya warna warni,https://x.com/onglytubatu/status/1852281511166218746,0,0,0,193,https://x.com/TXT_13EOMGYU/status/1852277199799488566,0.16948462,,True,True,True,False
1319,soobakyoo,2024-11-01T09:15:25.000Z,"Kak, aku ngakak",https://x.com/soobakyoo/status/1852278261616943196,0,0,0,95,https://x.com/TXT_13EOMGYU/status/1852277199799488566,0.1733776,,False,True,False,False
1320,shbrnaakim,2024-11-01T09:28:19.000Z,Kayak habis nelen jamur beracun,https://x.com/shbrnaakim/status/1852281506133413892,0,0,0,77,https://x.com/TXT_13EOMGYU/status/1852277199799488566,0.1470421,,True,True,True,False
1321,staywhittxt,2024-11-01T09:36:16.000Z,Ketumpahan obat gondok itu mah,https://x.com/staywhittxt/status/1852283507663581692,0,0,0,51,https://x.com/TXT_13EOMGYU/status/1852277199799488566,0.1761058,,False,True,False,False
1322,hueniingkaiii,2024-11-01T15:53:12.000Z,WKWKWK,https://x.com/hueniingkaiii/status/1852378366176891322,0,0,0,18,https://x.com/TXT_13EOMGYU/status/1852277199799488566,0.16374627,,True,True,True,False
1323,beomgyucenter,2024-11-01T10:26:21.000Z,keracunan umbi-umbian,https://x.com/beomgyucenter/status/1852296111417147841,0,0,0,51,https://x.com/TXT_13EOMGYU/status/1852277199799488566,0.14147028,,True,True,True,False
1324,HeUsesGom,2024-11-02T05:38:11.000Z,Bjir pada cyanosis kurang O2,https://x.com/HeUsesGom/status/1852585980936827302,0,0,0,5,https://x.com/TXT_13EOMGYU/status/1852277199799488566,0.17331132,,True,True,True,False
1325,draxypll,2024-11-01T09:12:20.000Z,Kak noiii hahaha,https://x.com/draxypll/status/1852277482491195704,0,0,0,126,https://x.com/TXT_13EOMGYU/status/1852277199799488566,0.15650353,,False,True,False,False
1326,tyunz05,2024-11-01T09:49:18.000Z,Kayak kena blawu,https://x.com/tyunz05/status/1852286788695630222,0,0,0,52,https://x.com/TXT_13EOMGYU/status/1852277199799488566,0.1607925,,True,True,True,False
1327,stevchoisme,2024-11-01T09:23:49.000Z,keracunan,https://x.com/stevchoisme/status/1852280374455578969,0,0,0,51,https://x.com/TXT_13EOMGYU/status/1852277199799488566,0.19282332,,True,True,True,False
1328,ardibhironx,2024-12-29T14:45:56.000Z,"Instal clubhouse lagi, ternak ikan cupang lagi, sama ngaduk dalgona lagi.",https://x.com/ardibhironx/status/1873379934087102538,6,26,636,57200,https://x.com/urbecrypto/status/1873762662238335420,-0.06363265,,True,False,False,False
1329,ezash,2024-12-30T00:25:12.000Z,Gegara makan apalagi kali ini? Hadech,https://x.com/ezash/status/1873525712159904056,4,1,108,46600,https://x.com/urbecrypto/status/1873762232519258232,-0.05257082,,True,True,False,True
1330,urbecrypto,2024-12-30T16:08:11.000Z,Telenya ini,https://x.com/urbecrypto/status/1873763021950222684,0,0,0,141,https://x.com/urbecrypto/status/1873762232519258232,-0.033536628,,True,True,False,True
1331,hanan052020,2024-12-30T10:42:01.000Z,Itu artinya pencilan,https://x.com/hanan052020/status/1873680938443608367,1,0,2,40,https://x.com/inorii_yuzuriha/status/1873586264248869054,0.01983574,,True,True,True,False
1332,inorii_yuzuriha,2024-12-30T11:05:27.000Z,Jd ingat nyanyi pensil tembak dor dor dor. Anak libur sekolah itu aja depan rmh d nyanyiin anak tetangga. Ampir aku hafal,https://x.com/inorii_yuzuriha/status/1873686833789612290,0,0,2,42,https://x.com/inorii_yuzuriha/status/1873586264248869054,0.031410545,,True,True,True,False
1333,kakakamri,2024-12-30T05:53:38.000Z,Nah ini seru banget jaman pandemi kemarin,https://x.com/kakakamri/status/1873608363642331276,0,0,0,85,https://x.com/wegaws91/status/1873572129457016874,-0.021005377,,True,False,False,False
1334,tanyarlfes,2024-12-27T10:10:20.000Z,guysss ternyata penduduk Indonesia tu udah mau otw 300 juta penduduk,https://x.com/tanyarlfes/status/1872585798828069339,89,142,2755,80300,https://x.com/aphrouditea/status/1872587246303629535,0.15197161,,True,True,True,False
1335,tinjuberapiace,2024-12-27T12:01:47.000Z,WHO? Siapa?,https://x.com/tinjuberapiace/status/1872613849058484404,0,0,0,100,https://x.com/ibjela/status/1872542072563261896,0.018944621,,True,True,True,False
1336,daddyyuki,2024-12-26T03:52:24.000Z,parah sekali. wali kota izumiotsu city yg tahu rencana globalis ini dengan cepat ambil tindakan dengan cara tdk mengirim kartu vaksinasi ke rakyatnya tapi mengirim penjelasan dan resiko vaksin corona yg masih dalam ujicoba. akan tetapi bila tetap ingin vaksin baru kirin kartunya.,https://x.com/daddyyuki/status/1872128302468767827,1,0,3,115,https://x.com/daddyyuki/status/1872115225727840629,0.077046424,,True,False,False,False
1337,yuzuyuzuru79,2024-12-26T05:51:48.000Z,Dan mayoritas orang2 di sana apakah masih masa bodo/ ga peduli dengan kontrasnya perbandingan data2 ini?,https://x.com/yuzuyuzuru79/status/1872158348881416606,1,0,0,94,https://x.com/daddyyuki/status/1872115225727840629,0.06661999,,True,True,True,False
1338,daddyyuki,2024-12-26T07:55:48.000Z,iya. di izumiotsu city saja yg penduduknya sadar. kota lain hanya yg lihat Twitter X saja yg sadar. sisanya masih setenga sadar selama belum ada statment pemerintah di TV mereka masih setengah².  terbukti di kalangan ibu² muda yg masih membawa bayi nya utk suntik rutin.,https://x.com/daddyyuki/status/1872189556336062772,1,0,1,82,https://x.com/daddyyuki/status/1872115225727840629,0.15207043,,True,True,True,False
1339,DokterTifa,2024-12-23T10:08:20.000Z,Siapa yang tidak Vaksin COVID?  Artinya kalian cerdas!  Ayo absen di sini,https://x.com/DokterTifa/status/1871135744158466419,2399,966,5696,1000000,https://x.com/Mulyono84181737/status/1871141093775192173,0.0067673624,,True,False,False,False
1340,Alfarodes1,2024-12-29T11:01:56.000Z,Saya merokok pakai filter tp rokok hasil lintingan sendiri,https://x.com/Alfarodes1/status/1873323560347004946,0,0,1,82,https://x.com/daddyyuki/status/1872862698679239114,-0.036322623,,True,True,False,True
1341,afrkml,2024-12-17T03:47:59.000Z,"“Tapi kenapa kudu vaksinasi massal juga sih?”  Oke aku jelasin pelan2.  Vaksin cacar kudu dikasih ke seluruh orang, terutama di daerah yg ada kasus smallpox.  Mereka ngejalanin strategi “ring vaccination”, yaitu vaksinasi difokusin di sekitar lingkungan pasien yg terinfeksi biar",https://x.com/afrkml/status/1868865699021742403,1,6,37,23100,https://x.com/afrkml/status/1868869090439577687,0.12648216,,True,True,True,False
1342,afrkml,2024-12-17T03:51:12.000Z,"Ini penting krn klo sebagian besar orang dalam satu komunitas udah divaksin, virus smallpox jadi kehilangan “jalan” buat nyebar.  Krn ketika nyebar dan kenanya ke individu yg telah divaksin, virus ini gbs berkembang dan berhenti di dia.  Begitu seterusnya hingga terbentuklah herd",https://x.com/afrkml/status/1868866508988072324,1,5,42,17500,https://x.com/afrkml/status/1868869090439577687,0.16235957,,True,True,True,False
1343,afrkml,2024-12-17T03:54:30.000Z,"Tidak. Ada lockdown, isolasi, karantina, penggalakan gaya hidup bersih dan sehat, contact tracing, dll.  Tapi dari semua itu, HANYA vaksinasi yang terbukti PALING efektif krn ngasih kekebalan imunitas individu dan herd immunity shgg penyebaran virus bener2 dapat ditekan total.",https://x.com/afrkml/status/1868867338449436859,1,4,33,15800,https://x.com/afrkml/status/1868869090439577687,0.11782846,,True,True,True,False
1344,afrkml,2024-12-17T03:59:43.000Z,Kita ga bisa menyangkal bahwa vaksin punya efek samping dan itu tentu saja sangat wajar.  Semua terapi medis apapun pasti punya efek samping.  Tapi efek samping tsb sebagian besar manageable dan dampak positifnya bagi komunitas jauh jauh lebih besar dibanding efek sampingnya.,https://x.com/afrkml/status/1868868654257045636,1,3,28,14600,https://x.com/afrkml/status/1868869090439577687,0.16893595,,True,True,True,False
1345,Ummu0511,2024-12-17T04:48:19.000Z,"Om Ners, beneran gak sih kalau orang itu pasti/harus kena cacar 1x dalam seumur hidup? Walaupun udah di vaksin?  Anakku dua"" nya alhamdulillah vaksin dasar lengkap. Dan belum pernah kena cacar, aku takut kalau mereka masih bisa kena cacar walau udah vaksin.",https://x.com/Ummu0511/status/1868880883429916862,2,0,1,786,https://x.com/afrkml/status/1868869090439577687,0.18801975,,True,True,True,False
1346,inorii_yuzuriha,2024-12-21T09:58:55.000Z,Saya absen dulu orang bodoh yang ga vaksin anaknya.  Pertama saya sendiri Proff @hanan052020  @StopPlandemit  @junlearnscrypto @z4iks . Ingat ya kita orang bodoh karna ga vaksin anak.,https://x.com/inorii_yuzuriha/status/1870408600247767321,41,22,77,6101,https://x.com/johnjoct/status/1870810786073096217,0.12962845,,True,True,True,False
1347,Clackson19,2024-12-30T04:32:45.000Z,"Klo terjd pd organ spt jantung, otak, ginjal dll itu gimana jadinya..? Bisa rusak & Malfungsi semuanya tuh",https://x.com/Clackson19/status/1873588007892332598,1,0,3,215,https://x.com/Clackson19/status/1873701630543294508,0.15699074,,True,True,True,False
1348,daddyyuki,2024-12-30T04:35:15.000Z,betul. itulah penyebab angka kematian dan gagal ginjal meroket setelah vaksinasi.,https://x.com/daddyyuki/status/1873588637939773684,2,2,3,226,https://x.com/Clackson19/status/1873701630543294508,0.1556707,,True,True,True,False
1349,AdeSPerwiraII24,2024-12-30T11:54:03.000Z,Apakah ada statistik khuhus untuk membandingkan tingkat kematian pasca massal nya suntik vaksain ?..,https://x.com/AdeSPerwiraII24/status/1873699065088884974,2,0,1,63,https://x.com/Clackson19/status/1873701630543294508,0.16218498,,True,True,True,False
1350,daddyyuki,2024-12-30T12:21:20.000Z,menurut info yg aku dapat dari Jurnalis Mr Koshimuzu vaksin mRNA sudah terkontaminasi di vaksin influeza dll sejak sebelum 2016.,https://x.com/daddyyuki/status/1873705931713966548,1,0,1,47,https://x.com/Clackson19/status/1873701630543294508,0.12958214,,True,True,True,False
1351,Clackson19,2024-12-30T14:13:34.000Z,Maksudnya data di sini.. Bukan di Japan,https://x.com/Clackson19/status/1873734177230815606,2,0,1,31,https://x.com/Clackson19/status/1873701630543294508,0.1208545,,True,True,True,False
1352,ThatSun510,2024-12-22T02:38:42.000Z,Tuan dan anjinya. Aka globalis dan badut2nya yg banyak. Ya bolanya banyak. Mereka sudah punya anjing di mana-mana.   Termasuk badut2 Jawa.,https://x.com/ThatSun510/status/1870660202183414182,2,9,76,47300,https://x.com/MiraninonLita/status/1873687217987817917,-0.018224716,,True,False,False,False
1353,ThatSun510,2024-12-22T02:48:00.000Z,"KIPI vaksin sudah waktunya mencapai klimaks. Suddenly death (mati/ meninggal tiba2), terjatuh di tempat umum, dengan tanpa tanda2 sakit sebelumnya. Nampaknya akan jadi tontonan, tidak lama lagi.8",https://x.com/ThatSun510/status/1870662545193017558,10,17,110,34400,https://x.com/MiraninonLita/status/1873687217987817917,0.063317865,,True,False,False,False
1354,grahesa0610,2024-12-30T12:42:57.000Z,"𝙆ejadian 𝙄nvisible dlm 𝙋enipuan 𝙄rrasional  Hanya Khusus Org BODOH, #DUNGU & TOLOL Jika Masih PERCAYA FAK-SIN (Persetan Dengan Dosa) & PERCAYA dgn COVID/ #DIVOC = Hebrew = #dybbuk = Possession of an EVIL Spirit = #KERASUKAN Roh IBLIS/ JAHAT = Kaum PENERIMA Mark of The Beast",https://x.com/grahesa0610/status/1873711372653215901,0,1,6,150,https://x.com/MiraninonLita/status/1873687217987817917,0.07698667,,True,False,False,False
1355,ThatSun510,2024-12-30T13:07:34.000Z,"Banyak case  Negara maju berani buka data. Amerika, jepang, australia, dkk. Jepang bs lihat utas2nya @daddyyuki Non jepang di @MiraninonLita  Di indo: anak2 gagal ginjal, bayi 3bln meninggal. Yg dewasa ispa, cancer, hiv meningkat. Mudah lelah/ sakit. Semua paska vaksin/ imunisasi",https://x.com/ThatSun510/status/1873717566688076098,2,0,4,309,https://x.com/itsmuneh/status/1873681526694801437,0.10335195,,True,True,True,False
1356,itsmuneh,2024-12-30T13:08:58.000Z,Ada detox untuk vacced ?,https://x.com/itsmuneh/status/1873717918644715781,4,2,1,135,https://x.com/itsmuneh/status/1873681526694801437,0.06060654,,True,False,False,False
1357,MiraninonLita,2024-12-30T08:07:58.000Z,"MYOCARDITIS adalah KIPI dari vaksin covid. Seharusnya diberitahukan/INFORMED CONSENT , bahwa walaupun jarang, Myocarditis BISA TERJADI setelah suntik vaksin covid mRNA   https://x.com/MiraninonLita/status/1867648418598007215?t=_HbtvZl4C462tWG0Bi7X7Q&s=19…",https://x.com/MiraninonLita/status/1867648418598007215?t=_HbtvZl4C462tWG0Bi7X7Q&s=19,0,5,2,1169,https://x.com/MiraninonLita/status/1873642171783602416,0.07020047,,True,False,False,False
1358,Maarifa_yaJamii,2024-12-29T12:39:13.000Z,Karibu Tena Tajiri Huna Baya,https://x.com/Maarifa_yaJamii/status/1873348042965045561,1,2,3,521,https://x.com/Maarifa_yaJamii/status/1873608481045131480,-0.03855356,,False,False,False,False
1359,EngMapundajr,2024-12-30T05:44:27.000Z,45,https://x.com/EngMapundajr/status/1873606050576023749,1,0,0,11,https://x.com/Maarifa_yaJamii/status/1873608481045131480,-0.059399456,,True,False,False,False
1360,kipi_84,2024-12-30T11:37:01.000Z,おかえり！,https://x.com/kipi_84/status/1873694780754108852,0,0,1,1036,https://x.com/DPe0g/status/1873576376047141162,-0.108310804,,False,False,False,False
1361,KyaryHime,2025-01-14T04:38:18.000Z,"Tension kak kalau yg camni. Dahlah loceng dia kuat, detak jam dia pun kuat.",https://x.com/KyaryHime/status/1879025221686227318,1,0,0,20,https://x.com/TemahUluBanat/status/1879024248364400921,-0.16997427,,True,True,False,True
1362,TemahUluBanat,2025-01-14T04:39:28.000Z,Ting keding keding ding ting keding keding….,https://x.com/TemahUluBanat/status/1879025515463594065,1,0,0,20,https://x.com/TemahUluBanat/status/1879024248364400921,-0.21126246,,False,True,False,False
1363,NenkMonica,2025-01-11T12:47:28.000Z,Aktivitas Pemagaran Laut oleh Para-para Pekerjanya bahan masih berlanjut hingga video warga ini dibuat,https://x.com/NenkMonica/status/1878061162501464097,129,1543,2428,93000,https://x.com/HaryAri6/status/1878082884063596545,0.06187044,,True,True,True,False
1364,cikiqaz,2025-01-13T02:57:31.000Z,sedapnyaa kak.. heheh,https://x.com/cikiqaz/status/1878637474316230722,0,0,0,36,https://x.com/NurulShima_3/status/1877943852813984219,-0.062677,,False,False,False,False
1365,aiden_crayden,2025-01-07T16:16:15.000Z,ok tu lawak,https://x.com/aiden_crayden/status/1876664155144401278,0,0,2,25,https://x.com/AzfarZA/status/1876660161865253198,-0.14539395,,True,True,False,True
1366,svyfraa,2025-01-07T06:51:32.000Z,dah boleh bakar,https://x.com/svyfraa/status/1876522037214371968,0,0,0,8,https://x.com/namrhly/status/1876518891318546699,-0.10944258,,True,True,False,True
1367,Icmondrop,2025-01-06T02:03:47.000Z,"another thing humbled me is monyet uia, roommate aku lupa tutup tingkap dia attack kita sedap tengah nap dalam bilik siap rembat pizza roommate 2 lagi  campak campak oren and madu roommate 3.",https://x.com/k_izzuddin/status/1876087234228851124/photo/1,1,0,3,1500000,https://x.com/Icmondrop/status/1876183017477308637,-0.075326085,,False,True,False,False
1368,chibisan__,2025-01-05T08:43:00.000Z,gws do,https://x.com/chibisan__/status/1875825312254271595,0,0,0,27,https://x.com/namasayahassan/status/1875812591186145309,-0.024170905,,True,True,True,False
1369,alephkadim,2025-01-05T11:25:57.000Z,Laa dah kawin rupanya. Selame ni ingat bujang,https://x.com/alephkadim/status/1875866322170703892,0,0,0,19,https://x.com/namasayahassan/status/1875812591186145309,-0.047421753,,True,True,False,True
1370,elpicassohombre,2025-01-04T05:37:10.000Z,"selain tembak, apa solusi bunuh terus? kera ni haiwan bijak.",https://x.com/elpicassohombre/status/1875416158779900106,2,0,1,106,https://x.com/elpicassohombre/status/1875403707757769028,-0.029924482,,True,True,True,False
1371,chairmanGLC,2025-01-03T07:40:38.000Z,Ni resipi negeri mana ek. Kalau Nismilan kena tumis bahan dulu tanpa minyak barulah masuk segala yang lain.,https://x.com/chairmanGLC/status/1875084843618566629,34,132,412,223500,https://x.com/dyoguma/status/1875381390084305320,-0.06864351,,True,True,False,True
1372,Fathi_Fatty,2025-01-04T15:46:53.000Z,Ni betul,https://x.com/Fathi_Fatty/status/1875569600441807302,0,0,1,495,https://x.com/dyoguma/status/1875381390084305320,-0.06633161,,True,True,False,True
1373,Junesalman,2025-01-04T15:32:57.000Z,Tah…. Xpernah aku jumpa org masak lemak tumis dulu,https://x.com/Junesalman/status/1875566091063455858,0,0,0,671,https://x.com/dyoguma/status/1875381390084305320,-0.07071118,,True,True,False,True
1374,AqimNizar,2025-01-03T15:11:29.000Z,Steady,https://x.com/AqimNizar/status/1875198303341789577,1,1,8,8041,https://x.com/AqimNizar/status/1875199820387979587,-0.17444645,,True,True,False,True
1375,fie5foe,2025-01-03T15:54:10.000Z,dah tempah byr depo...... last buat tour jln jln KL.....,https://x.com/fie5foe/status/1875209044899856867,0,0,2,14,https://x.com/AqimNizar/status/1875199820387979587,-0.18782066,,False,True,False,False
1376,bandkaid,2025-01-03T05:05:47.000Z,KAK KMU KEREN BGT,https://x.com/bandkaid/status/1875045872326803559,1,0,0,56,https://x.com/sherinuull/status/1875043931836281235,0.07022646,,False,True,False,False
1377,sherinuull,2025-01-03T05:12:58.000Z,"puttt, kamu juga keren bu dokterr, semangat preklin nya yaaa",https://x.com/sherinuull/status/1875047679526629826,1,0,0,55,https://x.com/sherinuull/status/1875043931836281235,0.08070114,,True,True,True,False
1378,pembasmidhemit,2025-01-11T16:06:58.000Z,"ini yg klo ngaji salah satu isinya anti vaksin. katanya itu proyek dajjal, naro chip di manusia. hahaha... bego! https://x.com/PaijoKhentirr//PaijoKhentirr/status/1878053901381046334…",https://x.com/PaijoKhentirr/status/1878053901381046334,0,0,1,100,https://x.com/pembasmidhemit/status/1878111369025007718,0.013665244,,True,True,True,False
1379,MikoSand9,2025-01-08T04:58:16.000Z,Kawanku sekeluarga covid tapi gk lama sehat semua dan kakek ku kena covid tapi emang ada penyakit bawaan dan berakhir meninggal dunia jadi keknya penyebab meninggal waktu covid tuh sebenernya bukan covid tapi penyakit bawaan karna waktu jaman covid gw tetep kerja wfo masih aman,https://x.com/MikoSand9/status/1876855922112262412,2,0,2,645,https://x.com/MiraninonLita/status/1877243943978463610,0.08221045,,True,False,False,True
1380,MikoSand9,2025-01-08T05:38:16.000Z,"1.Kalo covid bener"" ada kenapa waktu perang russia tiba"" tuh virus hilang dari muka bumi ini 2.kalo beneran ada kenapa orang yg nemenin kakek gw di kamar 24jam waktu covid kagak ikut meninggal padahal dia kagak pake alat pelindung bahkan dia masih idup ampe sekarang",https://x.com/MikoSand9/status/1876865986961219723,2,1,3,240,https://x.com/MiraninonLita/status/1877243943978463610,0.11496207,,True,False,False,True
1381,MikoSand9,2025-01-08T07:38:55.000Z,"Asal lu tau aja ya bang/mbk atau siapapun elo,waktu jaman covid gw kerja di tempat yg manusianya bisa ampe ribuan dan buktinya gada tuh yg kena covid apalagi yg mau di buktiin",https://x.com/MikoSand9/status/1876896348424867889,1,2,3,194,https://x.com/MiraninonLita/status/1877243943978463610,0.11423743,,True,False,False,True
1382,MikoSand9,2025-01-08T07:42:51.000Z,Lah orang aneh,https://x.com/MikoSand9/status/1876897341627633804,1,0,0,90,https://x.com/MiraninonLita/status/1877243943978463610,0.15828818,,True,False,False,True
1383,StopPlandemit,2025-01-09T08:10:18.000Z,Sakit biasa penanganannya luar biasa,https://x.com/StopPlandemit/status/1877266636396249271,1,3,2,796,https://x.com/MiraninonLita/status/1877243943978463610,0.1737484,,True,False,False,True
1384,JulianaPutong,2025-01-09T08:55:15.000Z,"Dr awal pandemi jg kn cuma rekayasa, penyebab covid sebenarny pencemaran udara dr cam trail, yg skrg lgi merebak kabut tebal beracun di sebagian negara, menyebabkn ispa gangguan pernafasan, trus kalen percaya itu covid, bnyak yg mati  karna keracunan obat bkn krna covid itusendir",https://x.com/JulianaPutong/status/1877277946961920490,0,1,2,67,https://x.com/MiraninonLita/status/1877243943978463610,0.14440927,,True,False,False,True
1385,zakiberkata,2025-01-07T02:46:33.000Z,Tetap waspada Indonesia,https://x.com/zakiberkata/status/1876460383609008557,37,241,1363,127500,https://x.com/fakhrulroziii/status/1876886294275432694,0.032103628,,False,True,False,False
1386,dhonieaz,2025-01-07T04:14:45.000Z,"Jogja aja yang 5,9 kaya gitu rasanya.  Lah ini di atas 7",https://x.com/dhonieaz/status/1876482579832119678,1,0,15,14900,https://x.com/fakhrulroziii/status/1876886294275432694,-0.07493234,,True,True,False,True
1387,susuubiungu,2025-01-08T13:33:59.000Z,"Oalaah, ternyata dia ga picky sama semua jenis kebodohan.",https://x.com/susuubiungu/status/1876985705630462091,0,0,0,12,https://x.com/fakhrulroziii/status/1876886294275432694,-0.021071404,,True,True,True,False
1388,apralzolam,2025-01-07T06:09:45.000Z,"Teriak teriak ke IGD karena anaknya kejang. Minta tolong ke IGD.   Pas mau kita masukin obat kejang, eh dilarang sama ortunya. Katanya kasian. Dikasih edukasi tetep kekeuh ga boleh.  Anaknya disentuh jg gaboleh  Lah terus harus gue apain?  Gue sembur terus gue bacain mantra?",https://x.com/apralzolam/status/1876511522102690158,539,3742,40730,2200000,https://x.com/txtorangjualan/status/1876646887086010382,0.119562864,,True,True,True,False
1389,AsmoroM22,2025-01-07T15:17:45.000Z,"Oalah... berarti memang ada banyak ya, tetangga dulu sekarat, di tolongin warga berobat ke rs, gak taunya gak mau minum obat, dikasih duit malah buat beli madu.",https://x.com/AsmoroM22/status/1876649429555642723,1,0,0,1073,https://x.com/txtorangjualan/status/1876646887086010382,0.07304636,,True,True,True,False
1390,txtorangjualan,2025-01-07T15:56:03.000Z,"Iya kak. Aku ga ngadi krn dia adik kandung mama ku. Anti bgt sama obat, vaksin, kb, pokoknya nganggep hal2 itu ga baik",https://x.com/txtorangjualan/status/1876659069769154881,1,0,0,906,https://x.com/txtorangjualan/status/1876646887086010382,0.044658393,,True,True,True,False
1391,inorii_yuzuriha,2025-01-01T04:44:27.000Z,"Kita sakit itu tergantung pola respon tubuh kita. Bakteri apapun di sebar jika pola respon tubuh kita baik, lisosom aktif, jiwa waras dan damai tdk ada ketakutan (imun adalah iman) . Tubuh yg cerdas akan mencerna bakteri tersebut menjadi nutrisi sel.",https://x.com/inorii_yuzuriha/status/1874315729039925374,2,15,47,1,https://x.com/inorii_yuzuriha/status/1874363846129049749,0.11763373,,True,True,True,False
1392,positiveconten1,2025-01-01T05:51:30.000Z,kecuali zat kimia..yg akan merusak tubuh dan imun manusia,https://x.com/positiveconten1/status/1874332603186368571,1,1,0,2621,https://x.com/inorii_yuzuriha/status/1874363846129049749,0.13386649,,True,True,True,False
1393,inorii_yuzuriha,2025-01-01T07:51:17.000Z,Artinya mo vonis org sakit seumur hidup klo kalimat seperti itu. Emang zat kimia ga bisa d keluarkan tubuh? Bodoh sekali tubuh d ciptakan Allah?  Imun ga bisa d perbaiki sehingga sepakat dgn sakit autoimun tdk bisa sembuh?,https://x.com/inorii_yuzuriha/status/1874362745807847926,2,1,4,217,https://x.com/inorii_yuzuriha/status/1874363846129049749,0.11735979,,True,True,True,False
1394,inorii_yuzuriha,2025-01-01T07:52:11.000Z,Kesalahan bisa sd buat manusia tp tdk tertutup kemungkinan bisa bertobat dan sembuh. Pemberi kesembuhan adalah Allah dn manusia tdk bisa memvonis tdk ada kesembuhan.,https://x.com/inorii_yuzuriha/status/1874362974045167972,1,1,7,218,https://x.com/inorii_yuzuriha/status/1874363846129049749,0.14691615,,True,True,True,False
1395,DokterTifa,2025-01-12T00:17:37.000Z,"Virus seperti mobil. Setiap lima tahun, ganti cashing  dan facelift.  Lima tahun lalu COVID. Sekarang HMPV.  Begitu aja terus.  ----  Yang harus diperhatikan buat semua orang adalah, apapun Virus,  yang memang selalu mengelilingi hidup manusia, selau jaga imunitas tubuh secara",https://x.com/DokterTifa/status/1878234845698224346,31,183,671,29800,https://x.com/S_petualang_pi/status/1878312230288298111,-0.0013315976,,True,False,False,False
1396,wingkyp,2025-01-12T11:42:42.000Z,Menurut saya sih nggak dipaksa Elon bisa tuh agak bebas di X,https://x.com/wingkyp/status/1878407250437656825,0,0,0,18,https://x.com/S_petualang_pi/status/1878312230288298111,0.06687802,,True,True,True,False
1397,mulkanjabariyan,2025-01-09T12:34:09.000Z,Subhanallah....darah yg terkontaminasi moderna dan Astra jenaka,https://x.com/mulkanjabariyan/status/1877333036917780634,50,342,615,140700,https://x.com/mulkanjabariyan/status/1877979223677374830,0.086289495,,True,True,True,False
1398,Ikhsan57785798,2025-01-11T06:56:17.000Z,Kenapa video ini baru tersebar sekarang? Mestinya saat covid dan saat rakyat dipaksa vaksin.,https://x.com/Ikhsan57785798/status/1877972784971763757,1,0,1,194,https://x.com/mulkanjabariyan/status/1877979223677374830,0.12014738,,True,False,False,True
1399,mindlipstick,2025-01-11T02:12:20.000Z,Itu mah dia cuci tangan. Baik Marc & Biden itu mrk sm² Bajingan. Waktu bersekutu mrk slg dukung & menutupi aib msg². Sekarang mrk cakar²an.,https://x.com/mindlipstick/status/1877901327751156103,0,0,5,311,https://x.com/pureblood_4ever/status/1877882297774710940,-0.045843393,,True,True,False,True
1400,bowo_unicon,2025-01-11T04:43:41.000Z,"Akan banyak pengungkapan kebenaran alam semesta, yg selama ini sembunyikan..UFO, DEW, Free Energy, Med Bed, dll",https://x.com/bowo_unicon/status/1877939413684236535,0,1,5,375,https://x.com/pureblood_4ever/status/1877882297774710940,0.01022239,,True,True,True,False
1401,wannafigh,2025-01-11T03:02:56.000Z,"Yahudi emang culas dan licik. Padahal dia yang implementasi sensor itu dulu pas pihak woke left lagi di atas angin 2020 dulu  Skrng pihak ""sayap kanan"" sudah naik daun dan antisemitisme meningkat drastis, dia ""switch sides"" begitu saja ke pihak yg lagi naik daun",https://x.com/wannafigh/status/1877914059623797030,0,0,3,318,https://x.com/pureblood_4ever/status/1877882297774710940,-0.036271676,,True,True,False,True
1402,achmad_buzrizal,2025-01-11T15:26:36.000Z,Kelakuan mereka sama aja semuanya.,https://x.com/achmad_buzrizal/status/1878101207824421361,0,0,2,165,https://x.com/pureblood_4ever/status/1877882297774710940,-0.0077846944,,True,True,True,False
1403,Theroadinpursue,2025-01-11T22:50:21.000Z,Mark Suckerberg,https://x.com/Theroadinpursue/status/1878212882485379245,0,0,0,115,https://x.com/pureblood_4ever/status/1877882297774710940,-0.013641074,,False,True,False,False
1404,Renz0073,2025-01-11T10:10:07.000Z,Here we go,https://x.com/Renz0073/status/1878021562735161812,0,0,0,252,https://x.com/pureblood_4ever/status/1877882297774710940,0.0044885427,,True,True,True,False
1405,DokterTifa,2025-01-07T13:16:28.000Z,"Postingan ini kelanjutan dari postingan sebelumnya. Silakan baca lengkap agar dapat benang merahnya.  Ketika Dr Terawan memperjuangkan VAKSIN NUSANTARA,  bukan saja tidak didukung oleh Presiden, bahkan beliau dipecat dari jabatannya sebagai Menkes.  Dalam beberapa kali dengar",https://x.com/DokterTifa/status/1876618910738612477,121,683,1803,102600,https://x.com/ArgubiSaki8524/status/1876629615307010479,0.058879554,,True,True,True,False
1406,hendrabudi66517,2025-01-07T14:16:40.000Z,Memang vaksin itu adalah racun,https://x.com/hendrabudi66517/status/1876634059486740896,1,0,0,25,https://x.com/ArgubiSaki8524/status/1876629615307010479,0.051855892,,True,True,True,False
1407,ArgubiSaki8524,2025-01-07T14:29:09.000Z,Racun disini dlm arti efek sampingnya sgt merusak sistem di tubuh kita.ya memang tdk lngsung mematikan.,https://x.com/ArgubiSaki8524/status/1876637201171452132,0,0,0,29,https://x.com/ArgubiSaki8524/status/1876629615307010479,0.04197797,,True,True,True,False
1408,ThatSun510,2025-01-08T23:55:17.000Z,"Stop bodoh! Jangan lagi percaya media2. Mereka cuma cari keuntungan tidak pernah bicara fakta yg sebenar2nya. Kritis untuk goreng issue2 di tingkat lokal (oligarki lokal) tapi tutup mata di tingkat dunia (oligarki global).  Gak heran, tempo diinvest Soros.",https://x.com/ThatSun510/status/1877142059053674755,1,6,4,222,https://x.com/ThatSun510/status/1877144869929431155,0.06436749,,True,False,False,False
1409,ThatSun510,2024-09-15T02:49:01.000Z,"Kenapa Narasi speak kasus Gagal Ginjal Akut Progresif Atipikal tapi DIAM dgn KIPI vaksin covid dan imunisasi anak?  Cari tahu, #Jadipaham realita seperti hastag mereka. Jadinya, PAHAM MEREKA TIDAK SUARAKAN KEBENARAN!  Gak heran, Narasi dinvest JP Morgan",https://x.com/ThatSun510/status/1835148789050405029/photo/2,1,2,2,172,https://x.com/ThatSun510/status/1877144869929431155,0.041135386,,True,False,False,False
1410,ThatSun510,2025-01-09T00:15:21.000Z,Mereka selalu diam jika issuenya sudah terkait Elite Banker Global aka The Global Elite.   Memakai diksi ' hanya Teori Konspirasi' mereka menyembunyikan rapot merah Para Elite (termasuk didalamnya SOROS & JP MORGAN yg investing ke media mereka) tersebut.  https://x.com/ThatSun510/status/1853990350286995703…,https://x.com/ThatSun510/status/1877147110623064483,1,2,2,113,https://x.com/ThatSun510/status/1877144869929431155,0.009720013,,True,False,False,False
1411,ThatSun510,2025-01-09T00:23:14.000Z,"Contoh lain: Terlapor 2023, Indonesia punya 2600Ton cadangan emas. Masuk Top10 global. 2024, hanya tersisa 78Ton, tidak lagi masuk Top global. HILANG kemana CADANGAN EMAS Indonesia?  KENAPA DIAM? TIDAK RAME? Karena HILANGNYA terkait THE ELITE GLOBAL!!!",https://x.com/ThatSun510/status/1877149095350931877,1,2,7,201,https://x.com/ThatSun510/status/1877144869929431155,0.03206253,,True,False,False,False
1412,ThatSun510,2025-01-09T00:32:53.000Z,"Bukti2 KIPI vaksin sangat nyata, mereka diam. Mau ada jurnal, tetap diframing teori konspirasi, karena tidak sejalan dgn agenda The Elite Banker.  Giliran sejalan, seperti plandemi, climate change, SDGs #Agenda2030 mereka akan terdepan ikut mensukseskan.",https://x.com/ThatSun510/status/1877151522649154043,2,6,9,290,https://x.com/ThatSun510/status/1877144869929431155,0.02964656,,True,False,False,False
1413,blue_berets7,2025-01-11T16:27:11.000Z,Menolak lupa  Pada Oktober tahun 2022 ( beberapa bulan setelah vaksinasi covid untuk anak anak diatas 6 tahun) banyak anak anak yg kemudian menderita penyakit gagal ginjal misterius. Kemudian pemerintah menyalahkan obat sirup yg mengandung Etilen glikol sebagai penyebabnya..,https://x.com/blue_berets7/status/1878116456577065063,1,3,4,343,https://x.com/blue_berets7/status/1878116772714553804,0.10715407,,True,False,False,True
1414,asiliasali,2025-01-14T15:06:13.000Z,Mother and son,https://x.com/asiliasali/status/1879183243452481574,134,41,1077,225100,https://x.com/IsayaMwaki68729/status/1879201156372861190,0.010855824,,True,False,False,False
1415,fayyadhjaafar,2025-01-30T12:13:22.000Z,Tengkorak mu chatgpt,https://x.com/fayyadhjaafar/status/1884937950913516005,0,0,0,74,https://x.com/fayyadhjaafar/status/1884906221020619174,-0.081642956,,True,True,False,True
1416,amer7211,2025-01-28T08:23:19.000Z,Macam biasa. Jawapan selamatkan diri.,https://x.com/amer7211/status/1884155282307309591,1,2,8,266,https://x.com/KartunisGandum/status/1884132281675370521,-0.21264383,,True,True,False,True
1417,f4kr0ls00d,2025-01-28T08:01:03.000Z,Belajar dari pas ke ni? @MCAHQ,https://x.com/f4kr0ls00d/status/1884149678431953382,0,0,2,102,https://x.com/KartunisGandum/status/1884132281675370521,-0.23047791,,True,True,False,True
1418,Bro2Face,2025-01-28T07:18:09.000Z,"berkawan dengan lebai, perangai pon maciam lebai jgakkk...",https://x.com/Bro2Face/status/1884138882796773527,0,0,1,71,https://x.com/KartunisGandum/status/1884132281675370521,-0.2136533,,True,True,False,True
1419,Irfanae1988,2025-01-28T13:38:41.000Z,"Taik panjang berjela2 ""tanpa sengaja"".",https://x.com/Irfanae1988/status/1884234646994685969,0,0,0,15,https://x.com/KartunisGandum/status/1884132281675370521,-0.22707099,,True,True,False,True
1420,DofMuar,2025-01-29T03:55:15.000Z,Pengaruh PAS makin kuat dlm MCA,https://x.com/DofMuar/status/1884450206508335465,0,0,0,17,https://x.com/KartunisGandum/status/1884132281675370521,-0.15827906,,True,True,False,True
1421,ciehyo,2025-01-28T11:55:29.000Z,No 9,https://x.com/ciehyo/status/1884208676195754468,0,0,1,66,https://x.com/firdausdahlanm1/status/1884065582481563944,-0.09224824,,True,True,False,True
1422,OrenjiRenOren,2025-01-26T04:32:11.000Z,Hakisan pantai sejak bila jd tanggungjawab Persekutuan???,https://x.com/OrenjiRenOren/status/1883372339276198150,117,581,1940,605200,https://x.com/DrKhairulAnwar/status/1883505334762996093,-0.08313912,,True,True,False,True
1423,BoyChan1238,2025-01-27T02:22:24.000Z,Tu la kelebihan pemimpin2 PAS ni x perlu buat apa2 rakyat sne tetap akan undi mrk.,https://x.com/BoyChan1238/status/1883702065702257090,0,0,0,8,https://x.com/DrKhairulAnwar/status/1883505334762996093,-0.10757236,,True,True,False,True
1424,iamjoelee,2025-01-25T10:17:15.000Z,I don't get the Harimau Malaya jersey just being some lame ass template design.    Tapi barangkali melambangkan team yang ada kot.   Boring. Unimaginative.  Lazy.,https://x.com/iamjoelee/status/1883096787436949618,1,1,3,319,https://x.com/iamjoelee/status/1883097181730771233,-0.16785866,,True,True,False,True
1425,alcholcx,2025-01-25T12:04:29.000Z,Waduhhh kasian banget sih,https://x.com/alcholcx/status/1883123776352829601,0,0,0,4,https://x.com/ywdzaa/status/1883085461419426254,0.022001803,,True,True,True,False
1426,OctoWeb4,2025-01-25T12:39:07.000Z,Kasian banget sih kak,https://x.com/OctoWeb4/status/1883132489859998084,0,0,0,4,https://x.com/ywdzaa/status/1883085461419426254,0.024998695,,True,True,True,False
1427,wayangtl,2025-01-25T10:52:42.000Z,Wkwk beda kasus ini,https://x.com/wayangtl/status/1883105709614858724,0,0,0,4,https://x.com/ywdzaa/status/1883085461419426254,0.043804556,,False,True,False,False
1428,katanazt,2025-01-25T10:18:03.000Z,sering dicampakkan yah nder,https://x.com/katanazt/status/1883096989325517279,0,0,0,16,https://x.com/ywdzaa/status/1883085461419426254,0.013024181,campak_as_discard,True,True,False,True
1429,rlyvolky,2025-01-25T13:25:56.000Z,Masih ada dicampakkan terus,https://x.com/rlyvolky/status/1883144271228023077,0,0,0,-1,https://x.com/ywdzaa/status/1883085461419426254,-0.003016591,campak_as_discard,True,True,False,True
1430,alvianyps,2025-01-25T15:46:53.000Z,salah suntik kayaknya,https://x.com/alvianyps/status/1883179744549827033,0,0,0,12,https://x.com/ywdzaa/status/1883085461419426254,0.02798906,,True,True,True,False
1431,the97seconds,2025-01-25T12:18:30.000Z,Jadi percuma aja ya kak,https://x.com/the97seconds/status/1883127304001569248,0,0,0,1,https://x.com/ywdzaa/status/1883085461419426254,0.027409315,,True,True,True,False
1432,saticsfy,2025-01-25T13:42:47.000Z,Haha anjrlah kata ku,https://x.com/saticsfy/status/1883148514903150925,0,0,0,4,https://x.com/ywdzaa/status/1883085461419426254,-0.007427931,,True,True,True,False
1433,SEMIDANGRINDU,2025-01-25T11:17:27.000Z,sedih banget ya,https://x.com/SEMIDANGRINDU/status/1883111940735832105,0,0,0,3,https://x.com/ywdzaa/status/1883085461419426254,0.021623224,,True,True,True,False
1434,eeich_bi,2025-01-25T10:28:24.000Z,yah ngga manjur tuh suntikan,https://x.com/eeich_bi/status/1883099594567106862,0,0,0,10,https://x.com/ywdzaa/status/1883085461419426254,0.0684759,,True,True,True,False
1435,myailoveyouu,2025-01-25T14:17:35.000Z,Udah gawat banget ini,https://x.com/myailoveyouu/status/1883157272270193053,0,0,0,3,https://x.com/ywdzaa/status/1883085461419426254,0.01743424,,True,True,True,False
1436,RlMBUN,2025-01-25T12:50:55.000Z,tau ni kenapa ya,https://x.com/RlMBUN/status/1883135460257804795,0,0,0,3,https://x.com/ywdzaa/status/1883085461419426254,0.022462815,,True,True,True,False
1437,suckzeter,2025-01-25T13:22:26.000Z,Ada ada ajaa,https://x.com/suckzeter/status/1883143393372684788,0,0,0,4,https://x.com/ywdzaa/status/1883085461419426254,0.0019254684,,True,True,True,False
1438,Daisyarrosa,2025-01-25T13:33:58.000Z,kurang dalem nyuntiknya,https://x.com/Daisyarrosa/status/1883146293612286371,0,0,0,3,https://x.com/ywdzaa/status/1883085461419426254,0.030754596,,True,True,True,False
1439,AbudiAlsagoff,2025-01-24T17:19:44.000Z,Lahhhhh???  Bapak ah walaun semua kena scam jilat jari siap rasanya???,https://x.com/AbudiAlsagoff/status/1882840723906802093,85,1208,3178,500,https://x.com/eykalshirazi/status/1883042907017654517,-0.095566586,,True,True,False,True
1440,alimzazaz,2025-03-13T12:20:23.000Z,"Habis terburai semuanya. You two have some shame and responsibility.  The only way is to nikah. Taubat nasuha dan mulakan kehidupan keluarga dgn ilmu dan akhlak.  Kedua2nya turunkan ego dan ambil tanggungjawab. Selesai masalah bersama, berani meminta dan menerima maaf.",https://x.com/alimzazaz/status/1900160004671345135,1,0,21,3357,https://x.com/alimzazaz/status/1900162062418141556,-0.045193076,,True,True,False,True
1441,alimzazaz,2025-03-13T12:23:29.000Z,"Pujuk keluarga korg supaya menerima ujian yg berat ni. Malu mmg malu, tapi dgn menghalalkan hubinganlah korg boleh tebus malu tu.  Kalau korg bertanggungjawab atas dosa korg dgn ikhlas, nescaya Allah bg pengampunan dan memberkati apa yg korg buat utk selesaikan mslh korg.",https://x.com/alimzazaz/status/1900160787425202339,1,0,1,285,https://x.com/alimzazaz/status/1900162062418141556,-0.041446246,,True,True,False,True
1442,tiwikerama,2026-07-12T23:55:34.000Z,Kenapa CS Shopee pakai Bahasa Indonesia ni?,https://x.com/tiwikerama/status/2076455458026799243,1,0,2,97,https://x.com/tiwikerama/status/1899965916240322699,-0.015024841,,True,True,True,False
1443,asu_haruto,2025-03-13T21:40:58.000Z,Masalahnya PN lagi sampah,https://x.com/asu_haruto/status/1900301083211427941,0,0,4,811,https://x.com/tiwikerama/status/1899965916240322699,-0.10131958,,True,True,False,True
1444,nodiman,2025-03-14T00:19:19.000Z,PH terbaik,https://x.com/nodiman/status/1900340933243097516,0,0,2,178,https://x.com/tiwikerama/status/1899965916240322699,-0.027688831,,True,True,True,False
1445,noraS631256,2025-03-14T08:30:08.000Z,Yg tumbangkan dulu tu pun sama haprak dgn yg ditumbangkan. Yg ada skrg mmg x perfect tp setakat ni mmg yg ada ni yg terbaik.,https://x.com/noraS631256/status/1900464450295271668,0,0,1,101,https://x.com/tiwikerama/status/1899965916240322699,-0.0775481,,True,True,False,True
1446,muhdrajaei,2025-03-14T06:43:00.000Z,Tidak. Sy tidak setuju!,https://x.com/muhdrajaei/status/1900437488180855056,0,0,1,79,https://x.com/tiwikerama/status/1899965916240322699,-0.045592695,,True,True,False,True
1447,AliefMohamad,2025-03-14T07:22:58.000Z,Taknak bye,https://x.com/AliefMohamad/status/1900447548286132441,0,0,1,27,https://x.com/tiwikerama/status/1899965916240322699,-0.059737727,,True,True,False,True
1448,redpulsation,2025-03-12T10:37:44.000Z,Eh?,https://x.com/redpulsation/status/1899771787573158025,1,0,1,31,https://x.com/adobubble/status/1899764367937482975,-0.03181511,,True,True,False,True
1449,adobubble,2025-03-12T13:11:18.000Z,HAHAHAHAHA,https://x.com/adobubble/status/1899810434284429500,0,0,1,25,https://x.com/adobubble/status/1899764367937482975,-0.06588055,,True,True,False,True
1450,alterego_0924,2025-03-12T11:41:44.000Z,lol,https://x.com/alterego_0924/status/1899787890567381213,1,0,1,35,https://x.com/adobubble/status/1899764367937482975,-0.03575538,,True,True,False,True
1451,adobubble,2025-03-12T13:11:12.000Z,HAHAHAHAHAH,https://x.com/adobubble/status/1899810407075959033,0,0,0,26,https://x.com/adobubble/status/1899764367937482975,-0.0662287,,True,True,False,True
1452,adobubble,2025-03-12T13:38:58.000Z,HAHAHAHAHAHA,https://x.com/adobubble/status/1899817393041584157,0,0,1,17,https://x.com/adobubble/status/1899764367937482975,-0.06025982,,True,True,False,True
1453,ima3671,2025-03-12T10:47:37.000Z,Mr Choi ke? Tahniah ado,https://x.com/ima3671/status/1899774273453216122,1,0,0,41,https://x.com/adobubble/status/1899764367937482975,-0.06216182,,False,True,False,False
1454,adobubble,2025-03-12T13:11:05.000Z,Hahahahahahahahah!,https://x.com/adobubble/status/1899810379758285152,0,0,0,25,https://x.com/adobubble/status/1899764367937482975,-0.035951257,,False,True,False,False
1455,wownwhf,2025-03-11T16:48:07.000Z,HAHAHAHAH  tulatuuu,https://x.com/wownwhf/status/1899502606491570481,0,0,1,113,https://x.com/pinggu_pinggu/status/1899502031351775385,-0.07783952,,False,True,False,False
1456,hanan052020,2025-03-09T20:48:39.000Z,"yg harus jadi pertanyaan sebenarnya adalah seberapa banyak kasus kematian benar2 tereduksi (ie. kemanjuran) oleh vaksinasi campak, dimana death rate nya sudah sangat rendah pada saat pertama kali diberikan ke publik",https://x.com/USMortality/status/1898838363777704341/photo/1,0,0,4,102,https://x.com/hanan052020/status/1898896139010908319,0.22545677,,True,True,True,False
1457,ThatSun510,2025-03-10T00:56:41.000Z,"Vaksin measles 1970 selalu dibangga2kan. Overclaim & pembenaran vaksin apapun sampai hari ini.  Padahal Unicef mengakui penyebab measles adalah kemiskinan, TIDAK mendapat nutrisi baik & tidak peduli kesehatan. Gak perlu vaksin kalau akarnya diselesaikan.",https://x.com/ThatSun510/status/1898900783770255438,1,2,5,519,https://x.com/hanan052020/status/1898895105446289694,0.22406027,,True,True,True,False
1458,hanan052020,2025-03-10T01:03:46.000Z,dari semua infectious disease.. mayoritas penderita terbanyak adalah daerah-daerah miskin..   miskin -> rendah pengetahuan -> keliru penanganan -> rendah nutrisi. Paket Komplet,https://x.com/hanan052020/status/1898902567914230171,2,1,5,102,https://x.com/hanan052020/status/1898895105446289694,0.22902897,,True,True,True,False
1459,TedInvestigasi,2025-03-10T01:02:06.000Z,"Betul, sayangnya penelitian yang tepat (sengaja) gak dilakukan. RFK Jr menyoroti itu dalam bukunya, dan berencana untuk melakukan banyak penelitian yang tepat dan independen di bawah FDA & CDC.",https://x.com/TedInvestigasi/status/1898902145862435058,1,0,5,63,https://x.com/hanan052020/status/1898895105446289694,0.12687418,,True,True,True,False
1460,hanan052020,2025-03-10T01:05:44.000Z,"betul.. sorotan sesungguhnya adalah kepada regulasi, mereka yg bertanggung jawab.. sayangnya pada komite disana terikat kuat dg sponsor   https://x.com/MartinKulldorff/status/1898199764421730695…",https://x.com/hanan052020/status/1898903060572975218,0,0,4,45,https://x.com/hanan052020/status/1898895105446289694,0.13157073,,True,True,True,False
1461,MiraninonLita,2025-03-10T01:23:22.000Z,"(COPY)...kedokteran 80an.. mengajari bhw virus hidup dalam vaksin (polio, MMR, Cacar Air/Demam Kuning) dpt menyebabkan penyakit/ringan, PADA ORANG YG IMUNOKOMPETEN, dan sangat kontraindikasi/ABSOLUTELY CONTRAINDICATED pada orang dgn sistem kekebalan lemah  https://x.com/DrJackieStone/status/1788800085767213216?t=m2kBGWwpMXmZhvKgSLTXDw&s=19…",https://x.com/MiraninonLita/status/1898907498234683520,0,7,7,371,https://x.com/ThatSun510/status/1898893983700684838,0.15516886,,True,True,True,False
1462,batampridee,2025-03-09T13:41:29.000Z,"Eh lu gua lihat lihat sok baik banget sm anak gua kampret, campak laot aja sono",https://x.com/llovexnmn/status/1898730865687203931/photo/1,0,1,1,608,https://x.com/batampridee/status/1898737848020603323,0.07430509,,True,True,True,False
1463,twittisz,2025-03-09T01:57:14.000Z,"Selamat pagi kamu ku Selamat beribadah, Tuhan Yesus memberkati kita semua",https://x.com/twittisz/status/1898553633849147775,1,0,5,66,https://x.com/twittisz/status/1898700497802125517,0.12160951,,True,True,True,False
1464,_Ayu_aja,2025-03-09T03:06:46.000Z,Amiinn... Makasih yaa... Baik² ya kamu di sana... Jangan lupa pesan mama.,https://x.com/_Ayu_aja/status/1898571130904203286,2,1,4,63,https://x.com/twittisz/status/1898700497802125517,0.11927089,,True,True,True,False
1465,twittisz,2025-03-09T05:42:24.000Z,Iya mama.... Mama jg baik² ya disana. Jangan nakal & jangan usil. Kalo nakal nanti semesta marah,https://x.com/twittisz/status/1898610300557144183,2,0,4,50,https://x.com/twittisz/status/1898700497802125517,0.12180859,,True,True,True,False
1466,_Ayu_aja,2025-03-09T06:41:59.000Z,"Jangan donk, dirimu yang marah aja aku syedih kok, apalagi semesta",https://x.com/_Ayu_aja/status/1898625293520138363,2,0,4,41,https://x.com/twittisz/status/1898700497802125517,0.11270741,,True,True,True,False
1467,twittisz,2025-03-09T10:56:36.000Z,Diriku selalu siap menemani @_Ayu_aja dlm suka & duka bang,https://x.com/twittisz/status/1898689369558380817,2,0,4,36,https://x.com/twittisz/status/1898700497802125517,0.06250653,,True,True,True,False
1468,_Ayu_aja,2025-03-09T11:46:06.000Z,mana tega aku mencampakkanmu,https://x.com/_Ayu_aja/status/1898701826347749483,2,0,3,34,https://x.com/twittisz/status/1898700497802125517,0.14147863,,False,True,False,False
1469,twittisz,2025-03-09T12:07:11.000Z,Kamu mah gak tegaan ih.... Coba sekali² belajar tega biar dinamika hidup makin uhuy,https://x.com/twittisz/status/1898707131693756820,1,0,3,40,https://x.com/twittisz/status/1898700497802125517,0.114699125,,True,True,True,False
1470,SinarOnline,2025-03-07T08:14:06.000Z,"Dua remaja maut: Unit Forensik Hospital Rembau diselubungi suasana hiba  Unit Forensik Hospital Rembau diselubungi suasana hiba dan pilu ketika dua keluarga menuntut jasad anak masing-masing yang terlibat nahas babit tiga kenderaan pada Khamis, lapor wartawan Sinar Harian,",https://x.com/SinarOnline/status/1897923698906247230,24,1026,2164,388,https://x.com/hppydprss/status/1898278433190559907,0.033705324,,True,True,True,False
1471,JazzEpull,2025-03-07T12:41:18.000Z,Ni ke?,https://x.com/JazzEpull/status/1897990941811917249,9,18,74,28,https://x.com/hppydprss/status/1898278433190559907,-0.10720329,,True,True,False,True
1472,farhanzulkefly,2025-03-06T04:42:10.000Z,"Yang cuba main persepsi kononnya Kerajaan lembik apabila Islam dihina ni guna fakta apa?  1) Kalimah Allah di stokin? Syarikat dan pembekal masing-masing didenda RM60,000",https://x.com/farhanzulkefly/status/1897507978187886928,122,1072,2700,606,https://x.com/kenapagarang/status/1898230172937339291,0.0072676837,,True,True,True,False
1473,sicfallacy,2025-03-07T03:22:26.000Z,Campak batu kena kepala datuk lepas tu kena kepala datuk something something.,https://x.com/bernamadotcom/status/1897850298003341360/photo/1,1,9,11,1331,https://x.com/sicfallacy/status/1897922663882145973,-0.02439341,,True,True,True,False
1474,coffroast,2025-03-08T05:37:27.000Z,Aku ingat lagi video tu hhansgsndg,https://x.com/coffroast/status/1898246667503386875,0,0,0,19,https://x.com/sicfallacy/status/1897922663882145973,-0.08055426,,True,True,False,True
1475,ayam_jihad,2025-03-07T05:21:38.000Z,Idok Dennn,https://x.com/ayam_jihad/status/1897880297372373127,1,0,0,25,https://x.com/ayam_jihad/status/1897667716611223949,-0.09261739,,True,True,False,True
1476,sabrinazhohir,2025-03-05T12:32:24.000Z,tengok pun dah sedap!!!,https://x.com/sabrinazhohir/status/1897263927647723742,1,0,1,34,https://x.com/najjihuh/status/1897256143984189476,-0.06377496,,True,True,False,True
1477,najjihuh,2025-03-05T12:33:34.000Z,terliur pulakkk tengok lagi,https://x.com/najjihuh/status/1897264221303570861,0,0,0,28,https://x.com/najjihuh/status/1897256143984189476,-0.07411778,,False,True,False,False
1478,Asyayang99,2025-03-05T12:08:09.000Z,Sedapnyaaaaa,https://x.com/Asyayang99/status/1897257826613125391,1,0,1,51,https://x.com/najjihuh/status/1897256143984189476,-0.035081193,,True,True,False,True
1479,thisisnyanfams,2025-03-10T10:25:37.000Z,"Edisi kucing buangan lagi~  Dilempar ke sawah gitu trus orangnya pergi, pas aku lewat nih kucing ngejar di belakang. Gak tega banget buat gak ambil dulu daripada ketabrak   Anaknya super clingy, liat dah bahkan dia minta pangku selama naik motor",https://x.com/thisisnyanfams/status/1899043962759102635,79,292,2573,45,https://x.com/thisisnyanfams/status/1899211945309511855,-0.085826635,,True,False,False,False
1480,CuteSunflo73781,2025-03-10T21:22:53.000Z,"kak tetanggaku banyak yang melihara kucing juga tp giliran udah sakit dibuang ke hutan, sumpah ini aku baru tau kemaren, aku selama ini jd naks rantau dan jarang pulang ke rumah, nah si pemilik buang mereka tuh pas aku gaada aku ngiranya mereka ini meninggal aja krna sakit-",https://x.com/CuteSunflo73781/status/1899209367091908764,3,3,19,1,https://x.com/thisisnyanfams/status/1899211945309511855,-0.03976369,,True,False,False,False
1481,CuteSunflo73781,2025-03-10T21:37:02.000Z,"ditempatku yang amat sangat pelosok kampung ini susah kak mau steril & vaksin tuh, gaada drh dan semacamnya hhuu, jadinya si kocheng beranak pinak ga terkendali dan katanya banyak yg dibuang juga pas masih kecil tuh",https://x.com/CuteSunflo73781/status/1899212929519718613,0,0,2,349,https://x.com/thisisnyanfams/status/1899211945309511855,0.036551148,,True,True,True,False
1482,erlanishere,2025-03-03T15:44:27.000Z,Amerika kembali terbakar. Ayo main tebak-tebakan... kapan Amerika kapok biayain Israel dan fokus sama agenda domestiknya sendiri?,https://x.com/erlanishere/status/1896587481438650434,79,567,1919,28,https://x.com/TunggalWar51509/status/1896696554842653145,0.0219222,,True,True,True,False
1483,sugiyonokaren,2025-03-02T12:19:59.000Z,"Dok,,,testimoni banyak orang ke saya,terutama yg sy antar berobat ke RS mereka mengeluhkan kondisi kesehatannya setelah vaksin covid kemarin, Rerata gampang sakit sekarang ,gimana itu dok? Bahkan yg usia muda sekalipun kih dok",https://x.com/sugiyonokaren/status/1896173639105720322,1,0,0,97,https://x.com/dr_koko28/status/1896170005127172147,0.057578146,,True,False,False,False
1484,dr_koko28,2025-03-03T01:34:56.000Z,"Coba temui dokter. Diperiksa dulu. Rontgen dada dll. Efek vaksin jarang yg lama. Kalau lama, ya kemungkinan besar emang kena covid nya.",https://x.com/dr_koko28/status/1896373693888262641,0,1,1,68,https://x.com/dr_koko28/status/1896170005127172147,0.0063877404,,True,False,False,False
1485,thejaer_2007,2025-03-03T00:10:53.000Z,Yang ndak ahli pengen menang mulu dok,https://x.com/thejaer_2007/status/1896352545158930675,1,0,0,29,https://x.com/dr_koko28/status/1896170005127172147,0.026587829,,True,True,True,False
1486,FebyPurnama,2025-03-01T23:52:05.000Z,"Heh, geng gak jelas si paling open minded. Yang punya anak dr. Mesty, ya gimana dr. Mesty nya menentukan apa yang baik buat anaknya dong.",https://x.com/FebyPurnama/status/1895985422771384778,7,42,358,12,https://x.com/RAKemal/status/1895987024995528931,0.12568524,,True,True,True,False
1487,FebyPurnama,2025-03-02T00:03:40.000Z,Beda. Aku tau dr. Mesty orangnya gimana.  Ga bisa disamakan dengan antivaksin.,https://x.com/FebyPurnama/status/1895988339695813101,1,2,7,1,https://x.com/RAKemal/status/1895987024995528931,0.12644547,,True,True,True,False
1488,RobertAlJamedi,2025-03-02T07:08:01.000Z,Mendukung LGBT = Gannguan Jiwa,https://x.com/RobertAlJamedi/status/1896095131897586081,0,0,0,108,https://x.com/HeyIndonesian/status/1895809825843621921,0.088291824,,True,True,True,False
1489,TAHIANTU,2025-03-31T05:23:37.000Z,halahhalahhalah waang,https://x.com/TAHIANTU/status/1906578104505803123,0,0,0,111,https://x.com/22KK_krish/status/1906399671058358512,-0.15862608,,True,True,False,True
1490,ash_juggernaut,2025-03-31T07:20:05.000Z,"Ni jenis kuman seberang nampak, bro.",https://x.com/ash_juggernaut/status/1906607416080478227,0,0,0,104,https://x.com/22KK_krish/status/1906399671058358512,-0.14390497,,True,True,False,True
1491,BuletinTV3,2025-03-28T02:35:24.000Z,"[KEMASKINI] Tayar treler pecah punca 5 maut, pemandu ditahan",https://x.com/BuletinTV3/status/1905448607815533017,129,2507,4231,943800,https://x.com/rkak90128/status/1905529392219959523,-0.046571314,,True,True,False,True
1492,kamaghul,2025-03-27T09:28:35.000Z,Highway dah start jammed harini sebab ramai balik kampung. Ni dah macam camping tepi highway dah,https://x.com/kamaghul/status/1905190201028157632,138,1752,4882,691800,https://x.com/shinaruto07/status/1905374742225494130,-0.18622915,,True,True,False,True
1493,LEOSQUEEN2020,2025-03-28T17:36:58.000Z,"Orang beriman tidak akan buang sampah merata2 sbb kebersihan itu separuh daripada Iman.  So,siapa buang sampah merata2=tidak pentingkan kebersihan=tidak beriman.",https://x.com/LEOSQUEEN2020/status/1905675493573361997,1,0,1,16,https://x.com/shinaruto07/status/1905374742225494130,-0.1252439,,True,True,False,True
1494,shinaruto07,2025-03-28T22:01:14.000Z,puok2 alik sano meme raso demo lah terpaling beriman,https://x.com/shinaruto07/status/1905742001355796643,0,0,1,12,https://x.com/shinaruto07/status/1905374742225494130,-0.11332989,,False,True,False,False
1495,sihir_sains,2025-03-27T10:00:11.000Z,"Banten ni literally isinya orang2 Tangsel doing the heavy lifting on the right tail of the distribution  ga ada Tangsel mana mgkn provinsi yang masi endemik campak sama cacar 1% highest earning family-nya (>$70,000 PPP) taraf konsumsinya setara Northern Europe",https://x.com/anshory72/status/1905198155345625118/photo/1,5,48,182,96300,https://x.com/sihir_sains/status/1905285436894773442,0.15195608,,False,True,False,False
1496,daveorl,2025-03-28T10:39:54.000Z,"Tapi di setiap persentil ini Banten nomor 2 di Jawa lho, kayaknya Tangsel doang harusnya gak cukup kuat untuk ngangkat sampai tinggi di setiap persentil (semisal asumsinya sisanya jeblok)",https://x.com/daveorl/status/1905570536404787358,1,0,0,245,https://x.com/sihir_sains/status/1905285436894773442,0.15492901,,True,True,True,False
1497,immanensi,2025-03-27T19:29:50.000Z,*Bintaro,https://x.com/immanensi/status/1905341510620680367,1,0,0,584,https://x.com/sihir_sains/status/1905285436894773442,0.14844501,,True,True,True,False
1498,Matt_stph,2025-03-28T12:19:13.000Z,Ada Cilegon juga bang.  Lihat aja data-data keekonomiannya,https://x.com/Matt_stph/status/1905595529641558283,1,0,0,174,https://x.com/sihir_sains/status/1905285436894773442,0.1648617,,True,True,True,False
1499,GR94Thomas,2025-03-27T15:02:15.000Z,"Kalau gak collapse, dari 3 dokter umum yang sisa, 2 perempuan, saking overcapacity nya pasien ( bed anak > 60 pasien ) jaga sampai pingsan, saya sendiri  kena malaria terus typhoid juga, jaga masih pakai tiang infus kemana mana , pengalaman sekali seumur hidup.",https://x.com/GR94Thomas/status/1905274172936536177,0,1,4,439,https://x.com/GR94Thomas/status/1905273756097880531,0.23212436,,True,True,True,False
1500,FauzanKhasbi,2025-03-26T10:44:58.000Z,"Yang ni lagi teruk. Esok lusa hospital tu yang pindah sebab kuil makin besar. Sebiji ciri ciri zionis pun, bangsa ni masih kata dia paling tertindas. Pelik betul",https://x.com/FauzanKhasbi/status/1904847038325690837,195,4802,6867,1,https://x.com/ijat_io/status/1905211288097280379,-0.021092609,,True,True,True,False
1501,f4kr0ls00d,2025-03-26T11:42:08.000Z,Bukan ke sg4 ditubuhkan utk berdikari. Siap lantik penasihat bagai,https://x.com/f4kr0ls00d/status/1904861423064539438,15,56,169,7138,https://x.com/saedah789/status/1904890723637616953,-0.11581984,,True,True,False,True
1502,bharianmy,2025-03-26T03:16:09.000Z,Wanita terima 5 jahitan di kepala dihempap basikal dibaling dari tingkat 12 PPR  #BHKes Mangsa tiba-tiba terjatuh dan tidak sedarkan diri dengan kepala berdarah selepas dihempap basikal yang dibuang itu.,https://x.com/bharianmy/status/1904734089149817055,127,3174,4923,535600,https://x.com/Areisutar/status/1904776162783678511,-0.077390015,,True,True,False,True
1503,csc58,2025-03-26T08:46:51.000Z,Lepas itu campak diri ke bawah bukan motor.,https://x.com/csc58/status/1904817309736468755,0,0,0,134,https://x.com/luf_ias/status/1904754151231197215,-0.19223018,,True,True,False,True
1504,rkak90128,2025-03-27T12:48:29.000Z,Campak orang bodoh piang itu ke bawah dari tingkat atas sekali di bumbung atap pangsapuri....Macam mana dia campak basikal ke bawah kena mangsa macam itu juga dia kena,https://x.com/rkak90128/status/1905240508974416369,0,0,0,17,https://x.com/luf_ias/status/1904754151231197215,-0.18742254,,True,True,False,True
1505,whyuniwlndri13,2025-03-25T12:22:47.000Z,"Alhamdulillah, setelah kering kerontang beberapa hari ini",https://x.com/whyuniwlndri13/status/1904509264846283071,1,0,2,102,https://x.com/seonshineyou/status/1904491167770882189,0.009075344,,True,True,True,False
1506,seonshineyou,2025-03-25T12:24:02.000Z,"bukan bbrp hari kak, udh 2 mingguan malah",https://x.com/seonshineyou/status/1904509581134364924,0,0,1,94,https://x.com/seonshineyou/status/1904491167770882189,-0.0064558387,,True,True,True,False
1507,belleunjiya,2025-03-26T06:29:48.000Z,Asli salfok mulu sama itu orang berdua.,https://x.com/belleunjiya/status/1904782823485239406,0,0,0,17,https://x.com/seonshineyou/status/1904491167770882189,0.01882881,,True,True,True,False
1508,akumejile,2025-03-25T03:16:32.000Z,Mengapa Mata Bisa Juling?  Mata juling atau yang sering dikenal dengan istilah strabismus adalah salah satu kelainan pada mata.,https://x.com/akumejile/status/1904371797786800269,200,2,130,1232,https://x.com/akumejile/status/1904371807098187781,0.19202784,,True,True,True,False
1509,akumejile,2025-03-25T03:16:33.000Z,"Salah satu penyebab mata juling adalah karena adanya gangguan koordinasi otot penggerak bola mata. Beberapa pengidap memiliki mata juling sejak lahir, sedangkan beberapa lainnya mengidapnya saat menginjak usia remaja.",https://x.com/akumejile/status/1904371801314250973,1,0,1,277,https://x.com/akumejile/status/1904371807098187781,0.17206185,,True,True,True,False
1510,akumejile,2025-03-25T03:16:35.000Z,Mata juling bisa terjadi pada dua kondisi yang berbeda. Bisa terjadi secara horizontal yaitu satu bola mata mengarah ke dalam dan yang satu mengarah keluar. Ada juga mata juling yang terjadi secara vertikal. Kondisi tersebut membuat salah satu bola mata terlihat lebih tinggi dari,https://x.com/akumejile/status/1904371810835337491,0,0,0,214,https://x.com/akumejile/status/1904371807098187781,0.19627768,,True,True,True,False
1511,aizfirr,2025-03-21T04:15:00.000Z,"si zionist suka shade orang. nnti kalau kena balik dia terpaling campak batu sembunyi tangan. macam sial perangai, dah lah hodoh bodoh pulak tu.",https://x.com/drinklimejuice/status/1902936957568819309/photo/1,0,3,5,35800,https://x.com/aizfirr/status/1902939119925530878,-0.013008252,,True,True,True,False
1512,hanan052020,2025-03-28T09:30:50.000Z,Mang dok.. di singapura ternyata banyak yg doyan pecel lele..,https://x.com/hanan052020/status/1905553156580253886,4,3,14,971,https://x.com/daddyyuki/status/1905886029321740770,0.040557027,,True,True,True,False
1513,hanan052020,2025-03-29T08:22:32.000Z,Pecel lele merajai makanan di dunia sampai jepang,https://x.com/hanan052020/status/1905898356821590157,0,0,1,61,https://x.com/daddyyuki/status/1905886029321740770,0.0038670003,,True,True,True,False
1514,daddyyuki,2025-03-29T10:35:07.000Z,"menurut info yg tersebar dan jurnal² yg beredar adalah,  Methylene Blue bisa membersihkan darah dan memperbaharui cel² yg rusak.  berarti cel² yg rusak karena Cytokine Storm, mengeluarkan zat² kimia dan metal  dll.  disebabkan Vaksin juga otomatis bisa di perbaiki.",https://x.com/daddyyuki/status/1905931719527878805,0,0,0,45,https://x.com/daddyyuki/status/1905886029321740770,-0.002773285,,True,True,True,False
1515,PrijayantoDhony,2025-03-29T08:26:21.000Z,Trus dimana letak salahnya Pecel Lele?,https://x.com/PrijayantoDhony/status/1905899313986965970,1,0,0,30,https://x.com/daddyyuki/status/1905886029321740770,0.017675698,,True,True,True,False
1516,daddyyuki,2025-03-29T10:31:09.000Z,"yg salah bukan pecel lele nya, tapi yang menetapkan bahwa pecel lele lah penyebab gagal ginjal.  yang benar adalah penyebab gagal ginjal di seluruh dunia meningkat adalah vaksin.",https://x.com/daddyyuki/status/1905930724928344499,0,0,2,66,https://x.com/daddyyuki/status/1905886029321740770,0.018540382,,True,True,True,False
1517,AdjieSanPutro,2025-03-26T05:01:58.000Z,"Buat laki2 yg egonya kesenggol tweet ini, yg bilang perempuan nggak bisa mandiri tanpa laki2…  Kenyataannya: Perempuan itu lebih bisa mandiri, hidup sendiri, daripada laki2.  Ketika berpisah, siapa yg lebih nabrak sana sini ngebet punya pasangan lagi? Ya laki2.",https://x.com/AdjieSanPutro/status/1904760718152655285,448,11180,33715,1600000,https://x.com/matchaIuv/status/1904837926066020455,0.025632605,,True,True,True,False
1518,merribluesky,2025-03-26T09:38:21.000Z,"Dosen matkul hukum islamku juga bilang gitu kok, kalau perempuan lebih bisa hidup mandiri daripada laki-laki, dan perempuan lebih kuat secara batin daripada laki-laki. Oh yaa dosenku ini juga laki-laki",https://x.com/merribluesky/status/1904830269812859181,1,0,12,2495,https://x.com/matchaIuv/status/1904837926066020455,0.0019408464,,True,True,True,False
1519,valiisaa,2025-03-24T19:10:31.000Z,"Nama ""tetanus"" sendiri berasal dari bahasa Yunani ""tetanos"", yang artinya ""kaku"" atau ""tegang"", sesuai banget sama gejala utamanya. Dulu, orang takut sama ""paku karatan"", padahal bukan karatnya yang bahaya, tapi bakteri di luka kotor yang gak dibersihin.   Menariknya, meski",https://x.com/valiisaa/status/1904249485376758043,136,1,92,889,https://x.com/valiisaa/status/1904249479680913710,0.014736682,,True,False,False,False
1520,glitecs,2025-03-25T04:33:34.000Z,kena staples pun harus disuntik itu,https://x.com/glitecs/status/1904391181922099369,0,0,0,4,https://x.com/valiisaa/status/1904249479680913710,-0.0029457808,,True,False,False,False
1521,abcdefvckman,2025-03-25T18:30:29.000Z,Ohh gitu yaa,https://x.com/abcdefvckman/status/1904601800843682265,0,0,0,5,https://x.com/valiisaa/status/1904249479680913710,0.0061241984,,True,False,False,False
1522,melenthink,2025-03-25T16:36:29.000Z,keren sih bisa sehebat itu,https://x.com/melenthink/status/1904573111548469561,0,0,0,4,https://x.com/valiisaa/status/1904249479680913710,0.0035125613,,True,False,False,False
1523,kampayland,2025-03-25T02:41:35.000Z,tetanus emang bahaya banget bes,https://x.com/kampayland/status/1904363002792739217,0,0,0,14,https://x.com/valiisaa/status/1904249479680913710,0.027317107,,True,False,False,False
1524,Kokonatwater_,2025-03-24T23:51:26.000Z,Baru tau ternyata gitu .,https://x.com/Kokonatwater_/status/1904320182111338972,0,0,0,10,https://x.com/valiisaa/status/1904249479680913710,0.0059816837,,True,False,False,False
1525,Zaferco_,2025-03-25T02:47:36.000Z,hmm gitu yaa,https://x.com/Zaferco_/status/1904364513614598354,0,0,0,12,https://x.com/valiisaa/status/1904249479680913710,0.003803581,,True,False,False,False
1526,Sapubersih76,2025-03-25T11:16:11.000Z,Keren yah beliau,https://x.com/Sapubersih76/status/1904492504042574046,0,0,0,6,https://x.com/valiisaa/status/1904249479680913710,0.00604254,,True,False,False,False
1527,bibforsure,2025-03-24T22:50:46.000Z,baru tau nih,https://x.com/bibforsure/status/1904304913645191452,0,0,0,17,https://x.com/valiisaa/status/1904249479680913710,0.00013563037,,True,False,False,False
1528,bertoalberto_,2025-03-28T09:48:58.000Z,iya bngt sih,https://x.com/bertoalberto_/status/1905557718108402049,0,0,0,4,https://x.com/valiisaa/status/1904249479680913710,0.008543432,,True,False,False,False
1529,sdenta,2025-05-08T12:47:01.000Z,"Di banyak negara maju, bayi gak wajib vaksin BCG. Vaksin hepB 0 hari juga gak ada. Ya sesimpel karena di sana TBC itu barang langka. Penularan hep B vertikal ibu ke bayi juga jarang. Sementara itu di negeri kita tercinta…",https://x.com/sdenta/status/1920460429379158358,44,616,2050,122800,https://x.com/tjhoea315/status/1920488697079730418,0.18380755,,True,True,True,False
1530,hay_yuning,2025-05-08T23:53:22.000Z,Yakan bukan berarti 100% ga bakal kena tp yg jelas mengurangi keparahan/fatality. Dari tahun ke tahun kok narasi vaksin begini terus padahal jg udah dijelasin,https://x.com/hay_yuning/status/1920628120878555238,1,0,8,242,https://x.com/tjhoea315/status/1920488697079730418,0.10678211,,True,True,True,False
1531,tjhoea315,2025-05-09T00:28:24.000Z,"Aku n anakku vaksin lengkap si. Bahkan aku vaksin hpv. Ngga menentang juga.  Cuma jujur ya kesel juga tetep kena. Apalagi sampe bikin bb anakku stuck. Aku kena rubella, cacar campak sampe 2x pas aku kecil.  Jadi maaf, kalau aku mungkin lebih ke fomo, n males disalahin aja ""oh",https://x.com/tjhoea315/status/1920636938744479969,0,0,1,422,https://x.com/tjhoea315/status/1920488697079730418,0.16496411,,True,True,True,False
1532,RisadAdi,2025-05-15T23:26:46.000Z,Up terus DPR bisa menjadi perwakilan rakyat untuk vaksin,https://x.com/RisadAdi/status/1923158143627882693,0,0,0,25,https://x.com/nawhcas21769/status/1922764413464990125,0.009655058,,True,True,True,False
1533,Voljinyy,2025-05-14T08:15:38.000Z,Ntar dibilang lagi sm para centrist kalo kelompok profresif hobinya mengalienasi kelompok konservatif & far right sehingga mematikan gerakan oposisi— ya masa harus setuju & sekubu sama fasis-fasis itu????,https://x.com/Voljinyy/status/1922566460209066005,1,0,8,233,https://x.com/Voljinyy/status/1922566063264297303,0.047302447,,True,True,True,False
1534,cirlland,2025-05-14T09:08:09.000Z,"Reality hidup di Indo: pemerintah nya fasis, oposisi nya juga fasis. Rakyat mati di tengah2",https://x.com/cirlland/status/1922579678897873159,1,0,3,164,https://x.com/Voljinyy/status/1922566063264297303,0.059382312,,True,True,True,False
1535,Voljinyy,2025-05-14T09:36:01.000Z,Kelompok minoritas dan rentan being squashed violently. Menentang penindasan & menyuarakan hak asasi pun dibilang menyulit konflik horizontal/ngaduk tai sama rombongan mereka🫩,https://x.com/Voljinyy/status/1922586691228827778,1,0,2,132,https://x.com/Voljinyy/status/1922566063264297303,0.10022993,,True,True,True,False
1536,Voljinyy,2025-05-14T09:37:20.000Z,"Keknya sih bukan skill issue ya, mereka (oposisi far right) memang maunya kaya gitu",https://x.com/Voljinyy/status/1922587022079762859,0,0,1,106,https://x.com/Voljinyy/status/1922566063264297303,0.07258868,,True,True,True,False
1537,sibudipaksoy,2025-05-15T04:01:35.000Z,"Sebagaimana sebaiknya mengamati rezim, jangan melulu dilihat sebagai kesatuan. Kesempatan untuk bisa lihat faksi-faksi yang cara mikirnya ngaco.",https://x.com/sibudipaksoy/status/1922864915427008618,1,0,0,63,https://x.com/Voljinyy/status/1922566063264297303,0.06599629,,True,True,True,False
1538,mulkanjabariyan,2025-05-10T23:02:28.000Z,"Masyarakat udh bnyk yg melek kalo selama ini jd obyek penderita, al hasil Ikin jd gusar,  org hbis vaksin bny yg menurun kondisi ksehatannya anda tanggung dosanya jga pak",https://x.com/mulkanjabariyan/status/1921340087419232671,149,114,218,24700,https://x.com/AsepKurnia2810/status/1921444391056453665,0.09214476,,True,True,True,False
1539,_haye_,2025-05-09T11:29:10.000Z,Ya di Amerika juga prevalensi TBC rendah.   Heran ya seneng banget dengan teori yg paling konspiratip.  Namanya juga mengembangkan obat ya harus dicari tempat yg ada penyakitnya. Duh.,https://x.com/_haye_/status/1920803227043319931,1,0,1,154,https://x.com/BosPurwa/status/1920799747041857952,0.101201326,,True,True,True,False
1540,CC_Chen28,2025-05-09T11:11:42.000Z,Intinya tidak ada makan siang yang gratis..,https://x.com/CC_Chen28/status/1920798830141768154,0,0,0,38,https://x.com/NayDonuts/status/1920784411496153242,0.027460217,,True,False,False,False
1541,xquitavee,2025-05-09T11:50:53.000Z,"Dulu jg jaman covid gtu  malah di hoax macem2  haram lah,  ada babi lah   Ujung2 pd di vaksin",https://x.com/xquitavee/status/1920808690212381057,0,0,1,44,https://x.com/negativisme/status/1920774395536060801,0.049937338,,True,False,False,False
1542,tekarok007,2025-05-09T10:12:34.000Z,bingung juga.,https://x.com/tekarok007/status/1920783949539713049,0,0,1,35,https://x.com/negativisme/status/1920774395536060801,0.0024057925,,True,True,True,False
1543,kikooott,2025-05-09T10:36:03.000Z,yg penting dari……..,https://x.com/kikooott/status/1920789860379398191,0,0,1,32,https://x.com/negativisme/status/1920774395536060801,-0.018366516,,True,True,True,False
1544,GhhopesHi,2025-05-09T12:08:16.000Z,"I agree aja sih, tapi ada jaminan gak ini org2 Indo yang diuji coba bakal aman???",https://x.com/GhhopesHi/status/1920813067635429743,1,0,1,37,https://x.com/negativisme/status/1920774395536060801,0.029655248,,True,True,True,False
1545,Fasafif_fam,2025-05-09T15:55:38.000Z,"siapa juga yang percaya kencing unta, kencing sapi",https://x.com/Fasafif_fam/status/1920870285042937947,0,0,0,20,https://x.com/negativisme/status/1920774395536060801,-0.040002882,,True,False,False,False
1546,macroandmicros,2025-05-09T01:50:55.000Z,Kalo negara kita bukan salah satu negara dengan penderita TBC terbesar di dunia gak akan tuh Bill Gates dtg ke sini.,https://x.com/macroandmicros/status/1920657703539454126,0,2,7,179,https://x.com/Azis_abuHamzah/status/1920656103362236846,0.102253824,,True,True,True,False
1547,gabrielnicolas,2025-05-09T05:54:50.000Z,"Semua vaksin ya uji cobanya di wilayah yg banyak penderitanya. Gak cuma di Indo yg peringkat 2 penderita tbc terbanyak, tp juga di India yg peringkat 1.   Nangis Pak Karno kalau hidup lagi dan melihat warganya kurang riset.",https://x.com/gabrielnicolas/status/1920719088478756892,0,0,1,112,https://x.com/Azis_abuHamzah/status/1920656103362236846,0.079138696,,True,True,True,False
1548,MakanyaSekolah,2025-05-09T13:08:48.000Z,Jelasin kepada orang denial dan murni gobloknya kayak kamu emang susah.,https://x.com/MakanyaSekolah/status/1920828300319932600,0,0,0,35,https://x.com/Azis_abuHamzah/status/1920656103362236846,0.07503444,,True,True,True,False
1549,MasQomaru,2025-05-09T04:54:39.000Z,"Penelitianya sudah dilakukan disini sejak 2021 bro, Salahsatunya berkolaborasi dg UI & UNPAD. Krna indonesia terjangkit TBC Terbesar 2 dunia. Jd gak ujaq-ujug jadiin indonesia kelinci percobaan.  Nangis pak karno klo rakyatnya gak mau cari informasi dg benar & gak melek sains.",https://x.com/MasQomaru/status/1920703941915840731,0,0,1,128,https://x.com/Azis_abuHamzah/status/1920656103362236846,0.08133951,,True,True,True,False
1550,RAKemal,2025-05-10T08:59:17.000Z,"""Baru dengar"" mungkin ya. Soalnya uji klinis fase 2b nya udah dari 2015 dan ga lanjut krn ga ada yg mau ngembangin sampai dibantu Gates Foundation. Cmiiw.",https://x.com/RAKemal/status/1921127893641445539,1,0,1,63,https://x.com/RAKemal/status/1920538642549792899,0.041990787,,True,True,True,False
1551,rahmaut,2025-05-09T03:50:46.000Z,Sekarang disuruh retest lagi?,https://x.com/rahmaut/status/1920687864343327094,1,0,0,1123,https://x.com/RAKemal/status/1920538642549792899,0.062004417,,True,True,True,False
1552,RAKemal,2025-05-09T08:29:51.000Z,"Bukan retest, kayaknya lebih tepat tes tambahan. Aku ditelp dan dikirimin surat utk bikin appointment periksa latent TB setelah beberapa bulan di UK. Gatau apakah ini random checking atau emang procedural.",https://x.com/RAKemal/status/1920758101168279980,1,0,4,731,https://x.com/RAKemal/status/1920538642549792899,0.008811325,,True,True,True,False
1553,Tank_tob,2025-05-10T05:51:58.000Z,Trust issue ke bill gates nya bang,https://x.com/Tank_tob/status/1921080754672455940,1,0,0,48,https://x.com/RAKemal/status/1920538642549792899,0.09053379,,False,True,False,False
1554,RAKemal,2025-05-10T09:01:49.000Z,"Nah ini juga salah satu alasan. Kenapa trust issue sama Bill Gates, bang?",https://x.com/RAKemal/status/1921128530181607879,0,0,0,45,https://x.com/RAKemal/status/1920538642549792899,0.08866891,,True,True,True,False
1555,aditya_bp,2025-05-09T04:21:55.000Z,"AFAIK, isu TB terkait warga yg mo ke luar negeri tuh BLM PERNAH KEDENGERAN sblmnya. Ati² aja yg ngetwit kek lu gini dicap bojar bajer.",https://x.com/aditya_bp/status/1920695706928451854,2,0,0,267,https://x.com/RAKemal/status/1920538642549792899,0.081018925,,True,True,True,False
1556,RAKemal,2025-05-10T09:05:54.000Z,Belum pernah karena belum mau pergi ke negara yg mensyaratkan pemeriksaan TB mungkin ya?,https://x.com/RAKemal/status/1921129561145668091,1,0,0,32,https://x.com/RAKemal/status/1920538642549792899,0.07832205,,True,True,True,False
1557,krikinanh,2025-05-09T00:59:50.000Z,I'm all for vaccines and immunizations tapi kebijakannya terlalu jedar jeder dan terkesan jadi nurut iya iya aja setelah diiming imingi sumbangan oleh gates. Alasannya: 1. Ga ada perencanaan penggunaan vaksin gates (earliest news 3 hari lalu) 2. Komunikasi buruk (Kapan sih engga),https://x.com/krikinanh/status/1920644850699153870,3,16,74,2169,https://x.com/RAKemal/status/1920538642549792899,0.08340806,,True,True,True,False
1558,garenk__,2025-05-09T03:39:55.000Z,vaksin TB jadinya buat masyarakat banyak atau masyarakat yang ke inggris aja arah diskusinya udah beda,https://x.com/garenk__/status/1920685134673510610,1,0,6,1094,https://x.com/RAKemal/status/1920538642549792899,0.08367276,,True,True,True,False
1559,her_fnu,2025-05-09T01:25:06.000Z,Ini :,https://x.com/her_fnu/status/1920651207736979562,0,1,0,805,https://x.com/RAKemal/status/1920538642549792899,0.07778868,,True,True,True,False
1560,djoniecash2,2025-05-09T10:13:39.000Z,Cara berpikir mental inlandrer,https://x.com/djoniecash2/status/1920784220248527055,0,0,0,117,https://x.com/RAKemal/status/1920538642549792899,0.06557828,,False,True,False,False
1561,theshiftinpaper,2025-05-09T04:16:06.000Z,Ga percara pemerintah,https://x.com/theshiftinpaper/status/1920694241816203763,0,0,0,547,https://x.com/RAKemal/status/1920538642549792899,0.09197742,,False,True,False,False
1562,Bagoesbagus7,2025-05-09T09:25:59.000Z,"ga percaya pemerintah  apapun bantuan LN yg tujuannya baik, di tangan pemerintah pusat/daerah jadi tidak bermanfaat, bahkan merugikan",https://x.com/Bagoesbagus7/status/1920772224060969139,0,0,0,292,https://x.com/RAKemal/status/1920538642549792899,0.09638035,,True,True,True,False
1563,dean_z12,2025-05-09T08:58:25.000Z,Coba pelajari dulu sentimen kenapa masyarakat ga trust hal begini apalagi dengan fakta kalau ini masih uji coba  ngerti concernnya tapi yaudh lah emng kan masyarakat sengaja dipaksa untuk menerima ketidak adilan biar terbiasa jadi kelinci percobaan. Ga semua yg mistrust anti,https://x.com/dean_z12/status/1920765289219711202,0,0,0,107,https://x.com/RAKemal/status/1920538642549792899,0.06551468,,True,True,True,False
1564,KokoprotKesang,2025-05-09T02:50:16.000Z,Ga penting yg penting kontra pemerintah,https://x.com/KokoprotKesang/status/1920672638424260819,0,0,0,545,https://x.com/RAKemal/status/1920538642549792899,0.08818343,,False,True,False,False
1565,DakotaGeorgy,2025-05-08T11:32:53.000Z,"Walau tagarnya udah reda  yg masih niat #kaburajadulu dan anggap Indonesia gelaps saran: bersihkan medsosmu dari postingan aktifis aktifisan  anti vaksin dll. pahami, dimanapun kalian berada pasti ADA yg gag kalian sukai. Jangan bawa Kebiasaan hujat gov. As an imigran ya",https://x.com/DakotaGeorgy/status/1920441772682936680/photo/1,1,3,5,946,https://x.com/DakotaGeorgy/status/1920443454733099273,0.07989989,,True,True,True,False
1566,fans_mrprabs,2025-05-08T11:51:55.000Z,Yoi,https://x.com/fans_mrprabs/status/1920446561626304713,0,0,0,18,https://x.com/DakotaGeorgy/status/1920443454733099273,0.05115415,,True,True,True,False
1567,RAKemal,2025-05-07T12:18:27.000Z,"Komentarin berita ini harus dibagi antara populasi anti-vaksin atau pro-vaksin.  Kalau anti-vaksin mah ada aja alasannya nolak.  Utk yg pro-vaksin, perlu kita ingat bahwa uji klinis harus memenuhi kaidah etik internasional. Jadi ga perlu terlalu paranoid. Tapi … -cont https://x.com/jackjackparrr//jackjackparrr/status/1919993405335093558…",https://x.com/jackjackparrr/status/1919993405335093558,1,4,13,977,https://x.com/RAKemal/status/1920090851058884756,0.049506187,,True,True,True,False
1568,RAKemal,2025-05-07T13:19:08.000Z,"Kaidah etik menuntut adanya imbal balik bagi populasi yg terlibat dlm uji klinis. Secara umum, transfer teknologi & akses obat/vaksin perlu diberikan. Bagi kelompok placebo, seharusnya diberikan obat/vaksin yg diuji tsb setelah uji klinis menunjukkan hasil efikasi yg baik.  -cont",https://x.com/RAKemal/status/1920106122863583541,1,0,3,173,https://x.com/RAKemal/status/1920090851058884756,0.06151855,,True,True,True,False
1569,RAKemal,2025-05-07T14:31:28.000Z,"Nah yg sangat disayangkan itu adalah kenapa ga produksi di Indonesia? Kenapa malah bangun pabrik di Singapura   Indonesia punya BioFarma lho. Tinggal produksi aja, ga usah bikin pabrik baru.  Ayo, Pak @prabowo, negosiasikan dgn @BillGates   Berita https://nu.or.id/amp/nasional/bill-gates-pilih-indonesia-untuk-uji-coba-vaksin-tbc-pabriknya-dibangun-di-singapura-gvipp…",https://x.com/RAKemal/status/1920124325908120055,2,0,8,860,https://x.com/RAKemal/status/1920090851058884756,0.02860412,,True,True,True,False
1570,tanyakanrl,2025-05-07T03:15:08.000Z,ternyata ga nyangka temen ku dri jaman kuliah sampe 10 thn lbh masih pnya paham antivaksin sama anti kb  kmrin pap poto test pack pdhl anak nya baru aja setaun  gw udh ingetin buat kb biar ga kebobolan ternyata dia gamau  yoweslah,https://x.com/tanyakanrl/status/1919954120636608996,36,5,114,22400,https://x.com/anakpelikan/status/1919982151740576197,0.07120299,,True,True,True,False
1571,Satria_Wijaya87,2025-05-06T07:15:47.000Z,"Kaum anti kimia juga, mereka mikirnya kimia 100% berbahaya dan dilarang dikonsumsi.  Padahal dia tiap hari konsumsi Dihydrogen Monoxide",https://x.com/Satria_Wijaya87/status/1919652294511231299,1,0,17,203,https://x.com/dalbichu/status/1919657185157775795,0.03883052,,True,True,True,False
1572,valiisaa,2025-05-06T00:40:38.000Z,"Biar kamu makin paham sisi farmasinya, ini beberapa poin teknis dari vaksin HPV  Komposisi Gardasil 9 (per dosis 0,5 mL):   - VLP HPV tipe 6 (30 µg), 11 (40 µg), 16 (60 µg), 18 (40 µg), 31 (20 µg), 33 (20 µg), 45 (20 µg), 52 (20 µg), 58 (20 µg).   - Adjuvan: 500 µg AAHS.   -",https://x.com/valiisaa/status/1919552854039396756,2,2,23,15700,https://x.com/valiisaa/status/1919552843452973498,-0.076241344,,True,False,False,False
1573,valiisaa,2025-05-06T01:04:15.000Z,Aamiinsemangat teman teman semoga bisa ada rejeki untuk Vaksin HPV yaa,https://x.com/valiisaa/status/1919558796579635359,1,0,18,16400,https://x.com/valiisaa/status/1919552843452973498,-0.10600585,,True,False,False,False
1574,valiisaa,2025-05-06T07:31:01.000Z,"Alhamdulillah kak, seneng dengernyasemoga yg lain jg bisa nyusul vaksin HPV ya kak",https://x.com/valiisaa/status/1919656131120509316,1,0,11,14900,https://x.com/valiisaa/status/1919552843452973498,-0.089476615,,True,False,False,False
1575,valiisaa,2025-05-06T07:40:27.000Z,So happy for you kak udah vaksin HPV doakan semoga temen temen yg lain bisa ikutan nyusul yaa,https://x.com/valiisaa/status/1919658505050755114,2,0,19,16,https://x.com/valiisaa/status/1919552843452973498,-0.11848499,,True,False,False,False
1576,van_vanprilia,2025-05-06T14:12:53.000Z,alhamdulilah taun lalu udh vaksin paket lengkap gardasil 9 dan spesial karna ini fasilitas kantor,https://x.com/van_vanprilia/status/1919757264942202967,0,0,0,185,https://x.com/valiisaa/status/1919552822548562312,-0.06444001,,True,True,False,True
1577,bangherwin,2025-05-10T06:35:50.000Z,"Menkes Tegaskan Indonesia Bukan Kelinci Percobaan Vaksin TBC Buatan Bill Gates http://liputan6.com/news/read/6018761/menkes-tegaskan-indonesia-bukan-kelinci-percobaan-vaksin-tbc-buatan-bill-gates…  Tapi di kalimat berikutnya: “Uji klinis tahap 3 vaksin TBC sedang berlangsung di Indonesia.”  Jadi... kita ikut uji coba, tapi bukan kelinci percobaan? Gimana tuh logikanya?",https://x.com/bangherwin/status/1921091794286080419,7,2,21,317,https://x.com/bangherwin/status/1921091798287454298,0.021341741,,True,True,True,False
1578,tanyakanrl,2025-05-08T06:10:23.000Z,"CW // Berita Hah uji coba , dih sender mah kagak mau  sumpeh waktu zaman vaksin covid 19 pun efeknya ke tubuh jd lemes dan kdg pala puyeng kyk keleyengan",https://x.com/tanyakanrl/status/1920360613676494962,24,6,33,8875,https://x.com/tweetxsi/status/1920377609994842127,0.07540247,,True,False,False,False
1579,Andiarief__,2025-05-08T04:15:16.000Z,Dukung upaya pemberantasan penyakit TBC yang ditempuh Pak Prabowo termasuk vaksin yang akan diuji coba dalam waktu dekat.,https://x.com/Andiarief__/status/1920331642939527294,194,23,62,13100,https://x.com/UmaSpriadi/status/1920339445305241613,0.06396937,,True,True,True,False
1580,Pascakapmelayu,2025-05-28T23:29:32.000Z,"Maaf bila menyambar ciapan ini  Ini bukan beka Melayu, jadi bukan jati Melayu dan takkan merekabentuk kata baharu. Tapi saya akan cuba padu-padankan terma² dengan tuturan yang pernah atau wujud terakam dalam bahasa Melayu  Bahagian Puri Pertengahan   Bebenang #bahasamelayu",https://x.com/Pascakapmelayu/status/1927869883070697676,1,32,87,4,https://x.com/Pascakapmelayu/status/1927869911709241357,-0.07907696,,True,True,False,True
1581,Pascakapmelayu,2025-05-28T23:29:33.000Z,𝗰𝗼𝗻𝗴𝗸𝗼𝗻𝗴 ; 𝗴𝗮𝗿𝗱𝘂 | 𝘥𝘰𝘳𝘫𝘰𝘯 ; 𝘬𝘦𝘦𝘱 𝗸𝗲𝘀𝘁𝗲𝗿𝗶𝗮𝗻 ; 𝗯𝗮𝗹𝗮𝗶 𝗹𝗮𝗿𝗮𝗻𝗴𝗮𝗻 | 𝘸𝘰𝘮𝘦𝘯'𝘴 𝘢𝘱𝘱𝘢𝘳𝘵𝘦𝘮𝘦𝘯  𝘇𝗮𝘄𝗶𝗮𝘁 ; 𝗯𝗲𝗻𝗱𝗲𝗿𝘀𝗮𝗵 | 𝘤𝘩𝘢𝘱𝘦𝘭 𝘁𝗲𝗹𝗮 ; 𝘁𝗶𝗹𝗮 | 𝘰𝘶𝘵𝘩𝘰𝘶𝘴𝘦 𝗴𝗶𝗹𝗶-𝗴𝗶𝗹𝗶 | 𝘸𝘢𝘭𝘬-𝘸𝘢𝘭𝘬 (1/5),https://x.com/Pascakapmelayu/status/1927869885293396307,1,0,5,325,https://x.com/Pascakapmelayu/status/1927869911709241357,-0.037485883,,False,True,False,False
1582,Pascakapmelayu,2025-05-28T23:29:34.000Z,𝗿𝘂𝗺𝗮𝗵 𝗺𝗼𝗻𝘆𝗲𝘁 | 𝘣𝘢𝘳𝘵𝘪𝘻𝘢𝘯 𝘀𝗲𝘀𝗮𝗻𝗴𝗴𝗮 | 𝘤𝘰𝘳𝘣𝘦𝘭 𝗽𝗮𝗿𝗶𝘁 ; 𝗯𝗲𝗻𝗱𝗮𝗿 | 𝘮𝘰𝘢𝘵 𝗱𝗲𝘄𝗮𝗹𝗮 𝗯𝗲𝗿𝘀𝗲𝗻𝗴𝗸𝘂𝗮𝗽 | 𝘤𝘰𝘷𝘦𝘳𝘦𝘥 𝘣𝘢𝘵𝘵𝘭𝘦𝘮𝘦𝘯𝘵 𝗱𝗶𝗻𝗱𝗶𝗻𝗴 𝘁𝗶𝗿𝗮𝗶 ; 𝗸𝗼𝘁𝗮𝗺𝗮𝗿𝗮 | 𝘤𝘶𝘳𝘵𝘢𝘪𝘯 𝘸𝘢𝘭𝘭 (2/5),https://x.com/Pascakapmelayu/status/1927869889013780630,1,0,3,296,https://x.com/Pascakapmelayu/status/1927869911709241357,-0.03444153,,False,True,False,False
1583,Pascakapmelayu,2025-05-28T23:29:35.000Z,𝘁𝗮𝗻𝗴𝘀𝗶 ; 𝘁𝗮𝗻𝗶 ; 𝗹𝗮𝘄𝗮𝗻𝗴 | 𝘣𝘢𝘳𝘣𝘪𝘤𝘢𝘯 𝗷𝗮𝗺𝗯𝗮𝘁𝗮𝗻 𝘁𝗮𝗿𝗶𝗸 | 𝘥𝘳𝘢𝘸𝘣𝘳𝘪𝘥𝘨𝘦 𝗮𝗻𝗷𝘂𝗻𝗴 𝗽𝗲𝗻𝗰𝗮𝗺𝗽𝗮𝗸𝗮𝗻  | 𝘮𝘢𝘤𝘩𝘪𝘤𝘰𝘭𝘢𝘵𝘪𝘰𝘯  𝗱𝗲𝘄𝗮𝗹𝗮 𝗯𝗲𝗿𝘀𝘂𝗮𝗸 | 𝘣𝘢𝘵𝘵𝘭𝘦𝘮𝘦𝘯𝘵 𝘸𝘪𝘵𝘩 𝘤𝘳𝘦𝘯𝘦𝘭𝘴 (3/5),https://x.com/Pascakapmelayu/status/1927869892574724276,1,0,3,263,https://x.com/Pascakapmelayu/status/1927869911709241357,-0.033261016,,False,True,False,False
1584,Pascakapmelayu,2025-05-28T23:29:36.000Z,𝗹𝘂𝗯𝗮𝗻𝗴 𝗽𝗮𝗻𝗮𝗵 | 𝘢𝘳𝘳𝘰𝘸 𝘴𝘪𝘵  𝗺𝗲𝗻𝗮𝗿𝗮 𝗹𝗮𝗺𝗯𝘂𝗻𝗴 | 𝘧𝘭𝘢𝘯𝘬𝘪𝘯𝘨 𝘵𝘰𝘸𝘦𝘳 𝗴𝗲𝗿𝗯𝗮𝗻𝗴 𝗿𝗲𝗿𝘂𝗷𝗶 | 𝘱𝘰𝘳𝘵𝘤𝘶𝘭𝘭𝘪𝘴  𝘀𝗲𝗸𝗲𝘁𝗲𝗻𝗴 | 𝘨𝘢𝘵𝘦𝘩𝘰𝘶𝘴𝘦 𝗮𝘀𝘁𝗮𝗸𝗮 𝗮𝗴𝘂𝗻𝗴 | 𝘮𝘢𝘪𝘯 𝘣𝘢𝘪𝘭𝘦𝘺 (4/5),https://x.com/Pascakapmelayu/status/1927869897138213115,1,0,3,246,https://x.com/Pascakapmelayu/status/1927869911709241357,-0.031326562,,False,True,False,False
1585,Pascakapmelayu,2025-05-28T23:29:37.000Z,𝗮𝗻𝗮𝗸 𝗮𝘀𝘁𝗮𝗸𝗮 | 𝘭𝘰𝘸𝘦𝘳 𝘣𝘢𝘪𝘭𝘦𝘺  𝗽𝗲𝗿𝗶𝗴𝗶 | 𝘸𝘦𝘭𝘭 𝗯𝗮𝗹𝗮𝗶 𝗷𝗮𝗴𝗮 ; 𝗯𝗮𝗹𝗮𝗶 𝗺𝗮𝗱𝗮𝘁 | 𝘸𝘢𝘵𝘤𝘩𝘵𝘰𝘸𝘦𝘳 𝘁𝗶𝗻𝗴𝗸𝗮𝗽 𝘁𝗮𝗻𝗷𝘂𝗻𝗴 | 𝘰𝘳𝘪𝘦𝘭 𝘸𝘪𝘯𝘥𝘰𝘸 𝗸𝗮𝗰𝗮𝗽𝘂𝗿𝗶 ; 𝗯𝗮𝗹𝗮𝗶 𝗮𝗴𝘂𝗻𝗴 | 𝘨𝘳𝘦𝘢𝘵 𝘩𝘢𝘭𝘭 (5/5),https://x.com/Pascakapmelayu/status/1927869900862935427,1,0,3,228,https://x.com/Pascakapmelayu/status/1927869911709241357,-0.032473862,,False,True,False,False
1586,Pascakapmelayu,2025-05-28T23:29:37.000Z,Banyak perkataan yang saya kutip daripada laman sesawang Sealang. Jadi harap maklum bila beberapa perkataan dah pupus dalam PRPM.,https://x.com/Pascakapmelayu/status/1927869904314675638,1,1,4,208,https://x.com/Pascakapmelayu/status/1927869911709241357,-0.048128262,,True,True,False,True
1587,leeknowcovr,2025-05-28T13:00:02.000Z,siapa angkat phone tinggi2 aku campak phone dia,https://x.com/XHMalaysia/status/1927711463335944497/photo/1,0,0,6,5860,https://x.com/leeknowcovr/status/1927716796884283607,0.024919197,,True,True,True,False
1588,SinarOnline,2025-05-26T23:00:02.000Z,5 fokus utama hari ini . Ikuti berita menarik dan terkini bersama 𝐒𝐢𝐧𝐚𝐫 𝐇𝐚𝐫𝐢𝐚𝐧 di http://jom.sinar.la/2s3ah7ah,https://x.com/SinarOnline/status/1927137681043034115,1,2,3,18,https://x.com/SinarOnline/status/1927148431673278921,0.059346706,,True,True,True,False
1589,SinarOnline,2025-05-26T23:46:44.000Z,Hilang percaya mungkin faktor undi merosot  Kepimpinan PKR perlu melihat isyarat akar umbi secara serius. #SinarHarian #PKR #undi #merosot,https://x.com/SinarOnline/status/1927149435286376899,1,0,0,363,https://x.com/SinarOnline/status/1927148431673278921,0.09939557,,True,True,True,False
1590,SinarOnline,2025-05-27T00:21:09.000Z,"Berang rumah bersepah, ibu tikam anak lelaki tujuh tahun  Wanita tersebut bangun pagi dan mendapati rumah dalam keadaan berselerak meskipun dia telah membersihkannya pada malam sebelumnya. #SinarHarian #ibu #tikam #anak",https://x.com/SinarOnline/status/1927158095039390189,0,0,0,454,https://x.com/SinarOnline/status/1927148431673278921,0.02185148,,True,True,True,False
1591,DrEvaChaniago,2025-05-25T16:38:13.000Z,"Kuman TBC menular melalui udara  Saat penderita TBC batuk, maka tetesan ludah yg mengandung kuman TBC akan menyebar melalui udara, masuk ke saluran napas orang sehat di sekitarnya.  Jadi pencegahan yg utama TBC adalah ; Penderita TBC saat di keramaian, terutama area publik dg",https://x.com/DrEvaChaniago/status/1926679207079252030,577,2247,4157,594,https://x.com/Juragann_muda2/status/1926801583259419046,0.19507536,,True,True,True,False
1592,UnpetitG,2025-05-26T01:18:32.000Z,Mana mungkin seorang dokter ahli paru ternama memberikan informasi sesat? Bahlul ente! Di LN TBC hampir punah sebab mrk punya maners utk menjaga dirinya & lingkungan sekitar dgn menerapkan etika ketika batuk & berdahak dgn benar. Di negara ini? Ngablaak! Buang ludah? Sembarangan!,https://x.com/UnpetitG/status/1926810148309172487,0,0,2,1,https://x.com/Juragann_muda2/status/1926801583259419046,0.1483801,,True,True,True,False
1593,SuharmokoL25810,2025-05-26T11:45:20.000Z,Sebelum anda bicara sebaiknya Anda Googling dulu cari tahu tentang vaksin TBC apa benar2  efektif dokter Efi itu bukan dokter kaleng-kaleng lho dia dokter ahli AHLI PARU Lho dia bicara bkn berdasarkan asumsi tapi berdasarkan fakta&kasus yg pernah ditangani di RS tempatnya bekerja,https://x.com/SuharmokoL25810/status/1926967886335103372,1,0,1,576,https://x.com/Juragann_muda2/status/1926801583259419046,0.17762402,,True,True,True,False
1594,tjok_aps,2025-05-26T22:07:56.000Z,"Kak, udh baca sampe akhir? Mau mastiin aja. Soalnya inkoheren banget pernyataan kamu.",https://x.com/tjok_aps/status/1927124568457593222,0,0,0,253,https://x.com/Juragann_muda2/status/1926801583259419046,0.16600826,,True,True,True,False
1595,Mbull28748201,2025-05-26T21:19:03.000Z,yg membuat sesat itu lo yg bukan dokter tapi seperti orang yg lbh tahu dari dokter.,https://x.com/Mbull28748201/status/1927112267398516975,0,0,0,288,https://x.com/Juragann_muda2/status/1926801583259419046,0.1728479,,True,True,True,False
1596,arozali691701,2025-05-26T05:15:41.000Z,Udah bawa anaknya ke posyandu utk vaksinasi belum?,https://x.com/arozali691701/status/1926869831325774050,0,0,0,801,https://x.com/Juragann_muda2/status/1926801583259419046,0.21274143,,True,True,True,False
1597,HidayatPd1,2025-05-26T15:03:09.000Z,Lu bukan ahli kesehatan kan ?,https://x.com/HidayatPd1/status/1927017670345371714,0,0,0,345,https://x.com/Juragann_muda2/status/1926801583259419046,0.19094089,,True,True,True,False
1598,Mintarag4,2025-05-26T02:23:45.000Z,"jawab yang jujur ya kak, apakah info dari bu dokter @DrEvaChaniago sesat?",https://x.com/Mintarag4/status/1926826561388319167,0,0,0,1,https://x.com/Juragann_muda2/status/1926801583259419046,0.19766659,,True,True,True,False
1599,MocakeId,2025-05-26T02:27:02.000Z,"wkwk ciri2 buzzer emg bgini, sering nama macam tamplete dikit lagi marah2",https://x.com/MocakeId/status/1926827386827399290,1,0,0,1,https://x.com/Juragann_muda2/status/1926801583259419046,0.19844618,,False,True,False,False
1600,AylinMasera172,2025-05-24T11:08:09.000Z,"Sokong.. Tapi tu ler, ramai suh simpan lg benda yg rosak..camno?",https://x.com/AylinMasera172/status/1926233753686327762,0,0,3,331,https://x.com/tiwikerama/status/1926134103092453598,-0.1442529,,True,True,False,True
1601,meinmokhtar,2025-05-23T13:56:42.000Z,Umur 22 aku dah terkejut. Sekarang nama betul dia apa? Jangan sampai aku terkejut lagi,https://x.com/meinmokhtar/status/1925913782221447175,82,592,3267,683,https://x.com/muhdiszkandar/status/1926133918584979479,-0.13848372,,True,True,False,True
1602,mardhea_oi,2025-05-23T12:25:25.000Z,"Dari UMNO dia datang, kepada UMNO dia kembali",https://x.com/mardhea_oi/status/1925890809800319313,25,409,1408,201,https://x.com/zAch_nOrDiN/status/1926072071739580886,-0.21922387,,True,True,False,True
1603,twtmanutd,2025-05-22T00:14:45.000Z,"Selamat pagi warga united, pergi kerja dengan mata merah?",https://x.com/twtmanutd/status/1925344544528507179,16,40,111,7,https://x.com/ZarithZhinnoz/status/1925346801374437615,-0.18795902,,True,True,False,True
1604,gonoxxx,2025-05-21T00:59:56.000Z,Ulalalaaa.,https://x.com/gonoxxx/status/1924993529748848955,0,0,0,29,https://x.com/gonoxxx/status/1924820520526311686,-0.05354689,,True,True,False,True
1605,wannafigh,2025-05-27T14:34:04.000Z,"Kalau Konoha sih ujung2nya cuma ""omon2"" doang. Sistemnya ""ada"", tapi pelaksanannya nol besar  E-KTP misalnya. di China mau apa juga tinggal scan ID beres  di Konoha masih harus pake FOTOKOPIAN  Inkompetensi pejabat2 bangsat itu penyelamat kita dari sistem Dajjal",https://x.com/wannafigh/status/1927372739754578344,1,0,3,38,https://x.com/truthspace_/status/1927351605470372161,-0.03676893,,True,True,False,True
1606,truthspace_,2025-05-27T23:49:04.000Z,Hehehe wkwk. Semoga kayak gini terus sampai perang nuklir yang waktunya kurang dari 5 tahun lagi,https://x.com/truthspace_/status/1927512408471331185,1,0,1,46,https://x.com/truthspace_/status/1927351605470372161,0.021353275,,True,True,True,False
1607,jojo_botak,2025-05-26T05:18:54.000Z,Seriusan nih bu dog @DokterTifa ?,https://x.com/jojo_botak/status/1926870640885166469,1,1,1,151,https://x.com/DakotaGeorgy/status/1926875758925914262,-0.0099211335,,True,True,True,False
1608,jojo_botak,2025-05-26T05:35:40.000Z,Oh beneran yah,https://x.com/jojo_botak/status/1926874857293201565,1,0,2,36,https://x.com/DakotaGeorgy/status/1926875758925914262,-0.058940828,,True,True,False,True
1609,kangdede78,2025-05-24T00:49:32.000Z,"Temen temennya yg selama 10 thn menghina dina bahasa engres Presiden ke 7, terpukul menonton video ini.",https://x.com/kangdede78/status/1926078073633473017,88,54,245,48,https://x.com/DakotaGeorgy/status/1926079106438857128,-0.04986942,,True,True,False,True
1610,Widiatis279,2025-05-24T02:49:16.000Z,"Iyaa bener konsep hidupnya aneh bener, nuduh2 ijasah palsu & sibuk ngurusin kel Pak Jokowi segitu terobsesinya. Kayak ada gangguan kejiwaan sm org ini, seperti halu tingkat dewa or stress berat gitu, mudah2an nanti bisa sembuh & tersadarkan ya kalo udh stay di hotel prodeo",https://x.com/Widiatis279/status/1926108208080331096,0,0,1,94,https://x.com/DakotaGeorgy/status/1926079106438857128,0.013393685,,True,True,True,False
1611,inganggita,2025-05-23T05:30:43.000Z,Siapa yg kemarin dapat Pfizer?,https://x.com/inganggita/status/1925786449296724256,611,2102,8528,2,https://x.com/littlesemongko/status/1925960106757194028,0.038710207,,False,True,False,False
1612,gooenn,2025-05-24T00:04:27.000Z,"ya ga datar juga lah bg. orang-orang anti dgn vaksin karena mereka melihat dan menemukan sisi lain dari vaksin yang tidak banyak diperhatikan orang², yang hanya percaya dengan mudah tentang informasinya selama ini  kalau vaks memang aman, orang² ga ada yg mau jadi anti-vaks kok",https://x.com/gooenn/status/1926066727219052828,0,0,1,156,https://x.com/littlesemongko/status/1925960106757194028,0.07172641,,True,True,True,False
1613,StopPlandemit,2025-05-22T09:46:27.000Z,Dulu jaman kopit juga gitu disumpahin biar kena kopit seriusan deh muak bgt kok bisa ngulang kata2 yg sama.,https://x.com/StopPlandemit/status/1925488419054264650,10,0,29,726,https://x.com/law20956/status/1925516416364806171,0.10167137,,True,True,True,False
1614,StopPlandemit,2025-05-22T12:05:59.000Z,Yakan seneng bgt mrk nyumpahin org Kena penyakit,https://x.com/StopPlandemit/status/1925523534610407563,1,0,1,53,https://x.com/law20956/status/1925516416364806171,0.10780719,,True,True,True,False
1615,AGoeci,2025-05-22T02:20:02.000Z,Centang biru berbayar biar dpt duit.,https://x.com/AGoeci/status/1925376074663530704,0,0,0,49,https://x.com/tagarabak/status/1925159202118598881,-0.00095385313,,True,False,False,False
1616,Gerry007bro,2025-05-21T12:34:58.000Z,"Biasa aja , yg berduka kan keluarga Najwa bukan dia.",https://x.com/Gerry007bro/status/1925168438303146227,0,0,0,123,https://x.com/tagarabak/status/1925159202118598881,0.049859166,,True,True,True,False
1617,worchestersire,2025-05-16T04:14:20.000Z,"Ini tuh karna kepercayaan ke pemerintah udah bener2 rendah. Yang pro vaksin sangsi karna pemerintahnya ya begitulah, di sisi lain ya masih banyak juga masyarakat yang anti vaksin.",https://x.com/RodriChen/status/1923230510102331590/photo/1,1,5,11,110,https://x.com/worchestersire/status/1923326715289371066,0.1117025,,True,True,True,False
1618,canitryyyy,2025-05-17T01:39:57.000Z,nah setuju. kalau pemerinah bener dan ga gila korup mah keknya pd mau2 aj. mslhnya pemerintah indon kek kontol. mbg keracunan aja msh dibilang sukses,https://x.com/canitryyyy/status/1923554045983359434,0,0,0,32,https://x.com/worchestersire/status/1923326715289371066,0.106072366,,True,True,True,False
1619,MariaAlkaff_,2025-05-25T03:24:58.000Z,Detox aja Om…,https://x.com/MariaAlkaff_/status/1926479579822047621,0,0,1,231,https://x.com/MariaAlkaff_/status/1926446797540528374,0.056832194,,True,False,False,False
1620,MariaAlkaff_,2025-05-25T03:24:34.000Z,Iya pastinya karena terpaksa kan?  Detox aja. Kata bu Siti Fadilah Supari dengan konsumsi curcuma (kunyit) dan nanas bisa mendetoks pengaruh vaksin.,https://x.com/MariaAlkaff_/status/1926479479389438015,0,0,1,324,https://x.com/MariaAlkaff_/status/1926446797540528374,0.053421915,,True,False,False,False
1621,senjakelam07,2025-05-25T01:59:38.000Z,Dinda sekali itupun karena syarat naik pesawat,https://x.com/senjakelam07/status/1926458105811935536,1,0,2,301,https://x.com/MariaAlkaff_/status/1926446797540528374,0.07009429,,True,False,False,False
1622,MariaAlkaff_,2025-05-25T03:23:14.000Z,Iya kita gak bisa mengelak karena kondisi terpaksa. Dan itulah target mereka. Mengunci jalan kita berkoneksi dan hanya bisa dilakukan jika sudah vaksin. Mereka pura2 mengkondisikan lock down.,https://x.com/MariaAlkaff_/status/1926479141412438367,0,0,1,243,https://x.com/MariaAlkaff_/status/1926446797540528374,0.060494572,,True,False,False,False
1623,B4n6_H4n5,2025-05-25T13:10:15.000Z,"Semoga saja Pemerintah bertanggung jawab,  dengan segala r3sikonya.",https://x.com/B4n6_H4n5/status/1926626870511927297,1,0,1,64,https://x.com/MariaAlkaff_/status/1926446797540528374,0.07414043,,True,False,False,False
1624,MariaAlkaff_,2025-05-25T23:58:54.000Z,"Supaya gak makin besar resiko, dan yang paling terdampak adalah rakyat, maka Presiden kudu copot menteri ini.",https://x.com/MariaAlkaff_/status/1926790108440568157,0,0,0,40,https://x.com/MariaAlkaff_/status/1926446797540528374,0.080081105,,True,False,False,True
1625,EkoPurwanto001,2025-05-25T13:45:57.000Z,"Kemenkes saya itu siapa ya.. menterinya saja sudah gak jelas seperti itu, bagaimana bisa diharapkan bersedia bertanggung jawab.. ya gak mungkiinn.!",https://x.com/EkoPurwanto001/status/1926635854102921627,1,0,1,50,https://x.com/MariaAlkaff_/status/1926446797540528374,0.070138484,,True,False,False,False
1626,MariaAlkaff_,2025-05-25T23:56:17.000Z,"Sejak c-19 juga gitu. Maunya mandatory, tapi ketika ada korban, gak mau tanggung jawab.",https://x.com/MariaAlkaff_/status/1926789450627002526,0,0,1,28,https://x.com/MariaAlkaff_/status/1926446797540528374,0.07508522,,True,False,False,False
1627,RatunyaTagar,2025-05-25T12:21:45.000Z,"Jika terjadi sesuatu nantinya, jangan banyak alasan ketika dimintai pertanggungjawabannya",https://x.com/RatunyaTagar/status/1926614665515184186,1,0,1,131,https://x.com/MariaAlkaff_/status/1926446797540528374,0.08088943,,True,False,False,True
1628,MariaAlkaff_,2025-05-25T12:33:31.000Z,"Bener, tetap tanggung jawab lah…",https://x.com/MariaAlkaff_/status/1926617627020972407,1,0,0,120,https://x.com/MariaAlkaff_/status/1926446797540528374,0.053581953,,True,False,False,False
1629,mikuroQ,2025-05-25T12:39:05.000Z,Namanya uji coba kan blm pernah teruji Dipikir rakyat kelinci percobaan,https://x.com/mikuroQ/status/1926619025297035525,1,0,1,59,https://x.com/MariaAlkaff_/status/1926446797540528374,0.064389855,,True,False,False,False
1630,MariaAlkaff_,2025-05-26T00:06:37.000Z,Kan ada referensi negara-negara lain yang terdampak akibat propaganda BG. Kita bisa belajar dengan preventif kan. Gak perlu jadi korban dulu untuk membuktikan…,https://x.com/MariaAlkaff_/status/1926792050399162684,1,0,1,42,https://x.com/MariaAlkaff_/status/1926446797540528374,0.078047186,,True,False,False,False
1631,ekologic4,2025-05-25T07:38:13.000Z,"Kabar baiknya bukan cuma astrazeneca, Pfizer dan modernapun tdk aman, kenapa vaksin2 itu tdk aman? Karena digunakan sebelum lolos uji tahap ke 3, sama dengan vaksin TBC, rencananya kita mau dijadikan tikus lab untuk uji tahap ke 3, begitu saudara saudara.",https://x.com/ekologic4/status/1926543312514588929,0,0,1,156,https://x.com/MariaAlkaff_/status/1926446797540528374,0.04155788,,True,False,False,False
1632,Akdjohar,2025-05-25T14:21:27.000Z,"Kasus kasus yg sebelumnya aja cuma menguap doang dn slalu tertimbun dgn Maslah masalah baru,, Lah ini dengan sengaja nyari nyari penyakit..",https://x.com/Akdjohar/status/1926644786443804807,0,0,0,19,https://x.com/MariaAlkaff_/status/1926446797540528374,0.071054995,,True,False,False,False
1633,RRecuit36432,2025-05-25T05:48:39.000Z,"Sudah sudah vaksin covid-19 Sekarang banyak keluhan yg serius, dari sesak nafas,persendian nyeri,sakit kepala,kejang dll yg tidak mempan di kasih obat.Mereka sebelumnya sehat tanpa adanya keluhan  setelah vaksin, lambat laun efeknya terasa sekali.dan mengerikan",https://x.com/RRecuit36432/status/1926515739315384563,0,0,0,133,https://x.com/MariaAlkaff_/status/1926446797540528374,0.08979398,,True,False,False,True
1634,Rombohedron,2025-05-23T16:15:27.000Z,Fvck dl gw paling anti sama orang2 antivaksin. Ternyata konspirasi itu benar adanya.,https://x.com/Rombohedron/status/1925948703199699054,27,44,508,60,https://x.com/Xiephong69/status/1926014590594224198,0.066869676,,True,False,False,False
1635,Xiephong69,2025-05-24T11:52:33.000Z,"Bikin vaksin dan obat itu ga bisa riset dlm waktu singkat, harus liat efek samping jangka panjangnya minimal setahun. Vaksin covid waktu itu dibuat paling dlm jangka waktu 3-5 bulan setelah covid itu ada.",https://x.com/Xiephong69/status/1926244927710564726,0,0,1,60,https://x.com/Xiephong69/status/1926014590594224198,0.049322903,,True,False,False,False
1636,abyts_,2025-05-23T12:10:08.000Z,Sebenernya kalo diliat dari virusnya aja covid itu nyerang ga cuma sistem pernapasan tp jg organ dan sistem organ yg cukup rentan. Jd kemungkinan efek samping vaksin kemarin cukup banyak apalagi dengan tuntutan urgensi secepet itu sehingga efek jangka panjangnya belum terlihat...,https://x.com/karinyoo/status/1925886965913678130/photo/1,1,0,3,885,https://x.com/abyts_/status/1925930022134517905,0.061818928,,True,False,False,False
1637,abyts_,2025-05-23T15:01:14.000Z,Di awal injeksi....  emang penyakit setan.,https://x.com/abyts_/status/1925930025641029840,0,0,0,44,https://x.com/abyts_/status/1925930022134517905,0.04912299,,True,False,False,False
1638,integreet,2025-05-23T13:09:05.000Z,"Gw ga belain vaksin, gw pun vaksin cm sekali. gw cm mau tau proses berpikirnya    1) udah jelas asal penyakit drmn itu gmn ceritanya.  2) vaksin ini kan dikasih ke ratusan juta orang, gw rasa kl proven udah rame. Kasus obat batuk cm ratusan aja rame.",https://x.com/integreet/status/1925901801867386977,4,3,30,34,https://x.com/azstilllearning/status/1925921313861865896,0.07407278,,True,True,True,False
1639,sandiku131,2025-05-23T15:47:53.000Z,Anti kritik,https://x.com/sandiku131/status/1925941763874640062,1,1,0,895,https://x.com/penempaan/status/1925906000382427469,-0.015919566,,True,True,True,False
1640,gooenn,2025-05-23T23:49:59.000Z,"soalnya dicap ANTI-VAKS, HAHAHA HAHAHA HAHAHA",https://x.com/gooenn/status/1926063087372706014,0,0,0,100,https://x.com/penempaan/status/1925906000382427469,0.0030210316,,True,True,True,False
1641,RRDhana,2025-05-23T22:54:34.000Z,Ada yg ikut jualan kayanya wkwkwk,https://x.com/RRDhana/status/1926049140707819879,0,0,1,217,https://x.com/penempaan/status/1925906000382427469,-0.07483578,,True,True,False,True
1642,berliansyuhada_,2025-05-23T16:44:57.000Z,Di indo nyawa rakyat hanya angka,https://x.com/berliansyuhada_/status/1925956124978639224,0,0,1,788,https://x.com/penempaan/status/1925906000382427469,-0.023545027,,False,True,False,False
1643,ayamaselimadu,2025-05-23T16:41:48.000Z,Soalnya kalau disini lgsg dicap anti vaksin kak,https://x.com/ayamaselimadu/status/1925955331756069144,0,0,1,815,https://x.com/penempaan/status/1925906000382427469,0.017101556,,True,True,True,False
1644,kcgkulitasinn,2025-05-23T22:32:16.000Z,"Dia cuma bilang buat cari tau lebih lanjut penyakitnya, apakah memang vaksin atau gaya hidup atau semacamnya. Gue juga gatau karena gue bukan dokter. Hanya menjelaskan maksud komentar di atas",https://x.com/kcgkulitasinn/status/1926043531925172465,1,0,0,171,https://x.com/penempaan/status/1925906000382427469,0.041363418,,True,True,True,False
1645,TedInvestigasi,2025-05-20T13:28:19.000Z,Penyebab kematian suami Najwa Shihab: stroke hemoragik. Kebetulannya di Journal of Clinical Neuroscience baru muncul studi tentang risiko jangka panjang stroke hemoragik akibat vaksin mRNA Covid.,https://x.com/TedInvestigasi/status/1924819477025456645,203,1909,9165,2,https://x.com/Forawhile_ss/status/1925121836842668298,0.11801615,,True,False,False,True
1646,TedInvestigasi,2025-05-21T01:46:12.000Z,Data ilmiah lengkap ada di buku saya. Vaksin Covid ada jauh lebih banyak risiko dari manfaat. https://investigasi.org/baru-gratis-ebook-berisi-data-lengkap-covid-19-dan-vaksinnya/…,https://x.com/TedInvestigasi/status/1925005172042039407,2,25,130,69,https://x.com/harjonoabi/status/1925004025986203697,0.058180004,,True,False,False,False
1647,harjonoabi,2025-05-21T04:55:35.000Z,"Kalau Stroke Hermagonik kan tanda-tandanya jelas om, dan orang dengan latar belakang hipertensi biasanya yang sering mengalami",https://x.com/harjonoabi/status/1925052832392348150,1,0,0,742,https://x.com/harjonoabi/status/1925004025986203697,0.1694724,,True,True,True,False
1648,mangjuh41,2025-05-21T05:55:51.000Z,Saya sekeluarga semua di vaksin dengan m-RNA  meski saya menolak keras tapi ini tuntutan pekerjaan Jika menolak efek nyata dapur gak ngebul lagi Apa boleh buat pasrah saja sama yg kuasa,https://x.com/mangjuh41/status/1925067999528255655,0,0,2,600,https://x.com/harjonoabi/status/1925004025986203697,0.09227672,,True,True,True,False
1649,EmhadyZ,2025-05-21T03:19:00.000Z,Hi @grok tolong kasih pemahaman ada berapa macam/jenis vaksin covid 19? Dan resiko terbesar yang vaksin jenis apa? Berapa yang sudah kena dampak buruk vaksin covid 19 tsb?,https://x.com/EmhadyZ/status/1925028527147200576,1,0,0,936,https://x.com/harjonoabi/status/1925004025986203697,0.15846324,,True,False,False,True
1650,JurnalAkuntansi,2025-05-15T10:43:24.000Z,Minjak tambahin. Tiba-tiba korban TBC berjatuhan. Tiba-tiba RS overload. Tiba-tiba banyak pesohor dan inflencer mengaku kena TBC,https://x.com/JurnalAkuntansi/status/1922966035436646618,317,801,678,2,https://x.com/sawitridyanti/status/1923696523608719688,0.16225079,,True,True,True,False
1651,halilyhaida_,2025-07-28T12:35:32.000Z,aduh smka pulak tu.. merosakkan nama la...,https://x.com/halilyhaida_/status/1949810956772741444,1,0,15,36,https://x.com/5y41414/status/1949862885926338668,0.04328063,,True,True,True,False
1652,anagonana,2025-07-26T03:02:18.000Z,Sama kayak si woobi itu kan mah. Bitter mulu ke seokjin,https://x.com/anagonana/status/1948941922904801407,1,0,0,95,https://x.com/Lychee_rj/status/1948920455345438915,-0.09674896,,True,True,False,True
1653,HezeriSamsuri,2025-07-24T16:47:29.000Z,"Siapa membesar layan dia?  Hulk Hogan, who helped turn pro wrestling into billion-dollar spectacle, dies at 71 -",https://x.com/HezeriSamsuri/status/1948424809962189002,26,14,112,10,https://x.com/MohdJamie/status/1948570816926679269,-0.03425485,,False,True,False,False
1654,lemujumarkosa,2025-07-20T13:52:25.000Z,"Sejak ada anak kecik, masa makan memang bersepah macam ni. Tapi aku dengan wife sendiri akan kutip nasi yang tumpah dan segala jenis dia campak-campak. Bagi aku benda ni kita buat dalam masa sama kita tunjuk contoh yang baik pada anak.",https://x.com/jllmisai/status/1946931200704295239/photo/1,0,0,3,1,https://x.com/lemujumarkosa/status/1947132944478609436,0.049479336,,True,True,True,False
1655,skumar176,2025-07-19T12:27:49.000Z,Harap UMNO Bayar RM 100 Billions kpd MOF dan minta ketua ketua Bahagian ganti NR di penjara - Ketua Ketua Bahagian @umnoonline   mahu @NajibRazak menjalani tahanan di rumah -,https://x.com/skumar176/status/1946547524292194497,8,24,70,1978,https://x.com/skumar176/status/1946730842317115695,-0.11254917,,True,True,False,True
1656,SinarOnline,2025-07-18T23:39:23.000Z,"'Kalau tidak ada pengaruh, macam mana boleh hancurkan parti pula?' - Rafizi  #SinarHarian #RafiziRamli #kuasa #PKR",https://x.com/SinarOnline/status/1946354142630572088,1,0,2,675,https://x.com/SinarOnline/status/1946354156035588517,0.014819354,,True,True,True,False
1657,SinarOnline,2025-07-18T23:39:25.000Z,"SHAH ALAM - Ahli Parlimen Pandan, Datuk Seri Rafizi Ramli menyelar  dakwaan Setiausaha Politik kepada Perdana Menteri, Datuk Azman Abidin  bahawa dirinya ingin menghancurkan Parti Keadilan Rakyat (PKR).",https://x.com/SinarOnline/status/1946354149081367035,1,0,0,81,https://x.com/SinarOnline/status/1946354156035588517,-0.05430098,,True,True,False,True
1658,SinarOnline,2025-07-18T23:39:26.000Z,"Rafizi dengan nada sinis berkata, dirinya kini sudah tidak berpengaruh  dan tuduhan tersebut tidak sepatutnya dilemparkan setelah beliau dilabel  sebagai pemimpin yang ditolak akar umbi serta menjadi beban kepada  parti dan kerajaan.",https://x.com/SinarOnline/status/1946354152441053293,1,0,0,38,https://x.com/SinarOnline/status/1946354156035588517,0.034122974,,True,True,True,False
1659,SinarOnline,2025-07-18T23:39:27.000Z,Baca berita selanjutnya:,https://x.com/SinarOnline/status/1946354159298678992,0,0,2,469,https://x.com/SinarOnline/status/1946354156035588517,0.06533483,,True,True,True,False
1660,aniskimchi,2025-07-18T11:38:52.000Z,#JusticeForZaraQairina !!!!!!!! Apa lagi campak Henry Gurney semua tu!!!!!! https://x.com/IntanGraceva/s/IntanGraceva/status/1945905313389158489…,https://x.com/IntanGraceva/status/1945905313389158489,0,0,3,2336,https://x.com/aniskimchi/status/1946172815528591673,0.029129148,,True,True,True,False
1661,milarianbagja,2025-07-17T04:55:58.000Z,Baru lwt d TL orang dewasa sedang d ruang isolasi kena campak sekujur tubuh merah membara..,https://x.com/milarianbagja/status/1945709035107529190,0,0,0,13,https://x.com/mediaindonesia/status/1945705311014428953,0.3100441,,True,True,True,False
1662,HeriyaniH,2025-07-17T03:35:37.000Z,Berbahagialah sampai orang yang membenci tu makin gila melihat kita bahagia,https://x.com/HeriyaniH/status/1945688817186587102,0,0,3,36,https://x.com/starlightqeen/status/1945679299241288144,-0.16788895,,True,True,False,True
1663,isspeasy,2025-07-22T03:23:37.000Z,Japan politics just got spicier.  Dewi Sukarno ngetweet ttg Sanseito (参政党) yg menang besar di pemilu Jepang dan nyebut sbg awal perubahan.  Sanseito ini partai populis-nasionalis yang anti-vaksin & kontroversial.,https://x.com/dewisukarno/status/1947497735860666582/photo/1,1,0,8,12500000,https://x.com/isspeasy/status/1948037774516662393,0.019245028,,False,True,False,False
1664,isspeasy,2025-07-23T15:18:25.000Z,"Mantan istri presiden Indonesia malah semangat dukung partai anti-imigrasi di Jepang.  Padahal negara tsb udah krisis populasi, tapi masih nganggep imigran itu ancaman.",https://x.com/isspeasy/status/1948040009594065195,1,0,0,198,https://x.com/isspeasy/status/1948037774516662393,0.040015325,,True,True,True,False
1665,isspeasy,2025-07-23T15:20:42.000Z,Partai2 kayak Sanseito bisa dapet suara krn narasi lindungi Jepang dari asing tuh resonate ke warga yg takut perubahan. Padahal realitanya Jepang butuh anak2 muda & pekerja asing biar ekonominya ngga ambruk pelan2.,https://x.com/isspeasy/status/1948040584247308781,1,0,0,259,https://x.com/isspeasy/status/1948037774516662393,0.0024072528,,True,True,True,False
1666,BapaEnte,2025-07-16T04:58:06.000Z,"Masuknya pagi, liburnya bnyk. Ijazah nya mudah didapatkan.  Gak sekolahpun bisa dpt ijazah. Karna masih ada paket A B C. Ijazah sarjana pun barangkali mudah didapat, karna masih ada kuliah kelas karyawan. Kalo sederajat masih dipertahankan, Indonesia terang jauh dari harapan.",https://x.com/BapaEnte/status/1945347185215676866,4,4,256,10000,https://x.com/desemmmber/status/1945406523775262896,0.017512351,,True,False,False,False
1667,desemmmber,2025-07-16T09:22:24.000Z,"Lo pikir Paket itu masalah zaman? Padahal justru sekarang zaman makin maju, pendidikan makin fleksibel. Tapi lo masih terjebak mental elitis yang norak, ngeremehin orang cuma karena jalur pendidikannya beda. Ironis. Katanya sekolah. Cuih!!",https://x.com/desemmmber/status/1945413698853736826,1,0,13,213,https://x.com/desemmmber/status/1945406523775262896,0.05246547,,True,True,True,False
1668,humbleQueen02,2025-07-30T13:46:16.000Z,Hicho hicho tu,https://x.com/humbleQueen02/status/1950553533708689575,1,0,2,84,https://x.com/IsackIlamlila/status/1950489030564708424,-0.0201834,,True,False,False,False
1669,fess10nopember,2025-08-13T10:35:14.000Z,"rek aku tadi barusan ke medcen its untuk berobat di poli umum dan kebetulan aku dapat dokter yang bikin sedikit shock dan bertanya-tanya, ""benerkah dia ini dokter?"" dengan perkaatan dan sikapnya dia, kalau kayak gitu kita bisa memberi laporan kemana yaa? atau ada teman-teman yang",https://x.com/fess10nopember/status/1955578886328401937,23,60,361,55600,https://x.com/Lforyourlove/status/1955720036607291692,0.07778296,,True,True,True,False
1670,amer7211,2025-08-13T14:33:59.000Z,Satu sesi santai yang paling baik pernah aku join. Semakin jelas apa yang Rafizi katakan.,https://x.com/amer7211/status/1955638972711157985,0,6,22,405,https://x.com/ekstensialsial/status/1955604120578256936,-0.15154698,,True,False,False,False
1671,ekstensialsial,2025-08-13T12:27:57.000Z,"EZLN, zapatistas",https://x.com/ekstensialsial/status/1955607254998434047,1,0,1,124,https://x.com/ekstensialsial/status/1955604120578256936,-0.14508829,,False,False,False,False
1672,AkiAndak,2025-08-13T12:21:32.000Z,"""Di depan api, di belakang duri Kita sudah tidak boleh berundur lagi ​Dengan izin-Nya, kita terus mara Menempuh badai, meredah gelora Hingga terlerai segala derita Terbuka pintu kebebasan, tercipta merdeka.""",https://x.com/AkiAndak/status/1955605639180546330,0,2,7,246,https://x.com/ekstensialsial/status/1955604120578256936,-0.13362283,,True,False,False,False
1673,IamBrandiCarlil,2025-08-09T14:25:43.000Z,"Maw cerita dikit. Jadi gue ada deket sama orang di bulan mei walaupun ketemunya emg sekedar fun terus yaudah kelar. Ternyata ini orang getol bgt approach nya sampe akhirnya kita ngedate bareng nonton dll disitu dia menstate bahwa pingin hubungan yg ""ekslusif"".",https://x.com/IamBrandiCarlil/status/1954187340349579618,18,11,244,12600,https://x.com/IamBrandiCarlil/status/1954187349208019369,-0.12182093,,True,True,False,True
1674,IamBrandiCarlil,2025-08-09T14:25:44.000Z,"Anggapan gue ""oh ini orang emg looking for serious relationship. Yaudah mari kita coba buka hati lagi"" sampe dimoment dia jujur kalo habis icikiwir sama orang lain, yaudahlah ya toh baru kenal jadi I ga terlalu mempermasalahkan. Lewat sebulan kita makin intens-",https://x.com/IamBrandiCarlil/status/1954187342824251764,1,0,5,1994,https://x.com/IamBrandiCarlil/status/1954187349208019369,-0.1154502,,True,True,False,True
1675,IamBrandiCarlil,2025-08-09T14:25:46.000Z,- dan terjadilah hal hal itu dia dengan orang lain sampe nyamperin orang ke kuretakeso. Terus lanjut lagi minggu depannya ke monop lagi lanjut sabtu partynder bilangnya sih sama temennya ternyata baru kenal dan sempet icikiwir dulu sebelum party bilangnya sih temennya ini T-,https://x.com/IamBrandiCarlil/status/1954187353238700168,1,1,5,2557,https://x.com/IamBrandiCarlil/status/1954187349208019369,-0.13335425,,True,True,False,True
1676,IamBrandiCarlil,2025-08-09T14:25:47.000Z,- tapi digol juga sama dia. Semua itu gua tau di hari minggunya karena dia jujur kalo begini begitu. Disitu gue ngerasa kok lo ga bisa berpegang sama omongan wkwkwkkw yaudahlah let the game commence. Disitu gue mulai act manipulative & posesif sampe dititik dia kewalahan.,https://x.com/IamBrandiCarlil/status/1954187357399519487,1,0,3,1819,https://x.com/IamBrandiCarlil/status/1954187349208019369,-0.08827633,,True,True,False,True
1677,IamBrandiCarlil,2025-08-09T14:25:48.000Z,"Wajar dong ga bakal ada asep kalo ga ada api. Seletah itu anggepan gue dia mau berubah karena dia apus akun & menstate ""ga bakal gitu lagi"" tapi gue sendiri ga percaya sih hahahhahah. 2 minggu lalu kita staycation bareng disitu gue coba iseng bikin akun bodong",https://x.com/IamBrandiCarlil/status/1954187362164211960,1,0,4,1791,https://x.com/IamBrandiCarlil/status/1954187349208019369,-0.09887686,,True,True,False,True
1678,IamBrandiCarlil,2025-08-09T14:25:49.000Z,"Dan ternyata ada akunnya ""top mentok"" dengan konti yang ga seberapa itu. Gue tau dan yaudah bikin drama lah gue singkat cerita gue tanya ""yaudah maunya apa? Mau open ayo boleh"" dan dia mengiyakan untuk open with tnc applied. Bahkan dengan udah gue kasih kelonggaran masib berulah",https://x.com/IamBrandiCarlil/status/1954187366299811950,1,0,3,1729,https://x.com/IamBrandiCarlil/status/1954187349208019369,-0.110523775,,True,True,False,True
1679,IamBrandiCarlil,2025-08-09T14:25:50.000Z,"Dia niatan mau nonton Lmen malem ini katanya jam 7 mau berangkat biar sampe jam 8.30. Chat sebelumnya dia bilang bentar lagi mau berangkat yaa tapi dia salah kirim chat ke calon eweannya dengan bilang ""udah di lobby"" ya I ber-hah hah dong apa nih. Dia bilang salah kirim",https://x.com/IamBrandiCarlil/status/1954187370749653153,1,0,3,1788,https://x.com/IamBrandiCarlil/status/1954187349208019369,-0.1076597,,True,True,False,True
1680,IamBrandiCarlil,2025-08-09T14:25:52.000Z,Tapi I ga percaya dan akhirnya dia ngaku kalo mau icikiwir dulu di hotel daerah margonda sebelum nonton lmen. Tapi ya I tanya katanya pengen jam 8.30 nyampe sana tapi jam 7.00 baru mau icikiwir? 5 menit crot maksudnya teh?. Sampe akhirnya dia ga jadi main karena ketauan,https://x.com/IamBrandiCarlil/status/1954187375506002419,1,0,2,1870,https://x.com/IamBrandiCarlil/status/1954187349208019369,-0.04477185,,True,True,False,True
1681,IamBrandiCarlil,2025-08-09T14:25:53.000Z,"Dan langsung ke venue lmen. Sampe venue dia nelpon jujur lalala yeyeye akhirnya I tanya ""mau apa lagi? Dikasih kebebasan dengan tnc padahal cuman jujur aja ga bisa"" dan dia ngaku kalo emg omongannya ga bisa dipegang. Jadi dia mendeclare pacaran ternyata cuman 2 minggu",https://x.com/IamBrandiCarlil/status/1954187379884867703,1,0,2,1760,https://x.com/IamBrandiCarlil/status/1954187349208019369,-0.109639555,,True,True,False,True
1682,IamBrandiCarlil,2025-08-09T14:25:54.000Z,"Umurnya. Geleng geleng pala kok bisa yah ada manusia kek gini. Actually, I don't really love him sejak dari omongannya ga ada yg bener,I'm just playing the game that he commenced dan ternyata dia yg lelah duluan.",https://x.com/IamBrandiCarlil/status/1954187384305717314,1,0,5,2617,https://x.com/IamBrandiCarlil/status/1954187349208019369,-0.07074624,,True,True,False,True
1683,haetteok,2025-08-13T10:18:22.000Z,tapi gausah ngeinfluence orang lain buat ga kasih imunisasi ke anak. beneran pengen marah kalo nemu orang anti vaksin tuuhh yaallah,https://x.com/haetteok/status/1955574644939145562,1,0,0,78,https://x.com/haetteok/status/1955574642745422146,0.12935221,,True,True,True,False
1684,SSENTAIBOYHERO,2026-01-29T12:40:35.000Z,"Bertobatlah wahai dokter musa nordin , sebelum ajal menjemputmu",https://x.com/SSENTAIBOYHERO/status/2016853981981823059,0,0,0,9,https://x.com/drmusanordin/status/1953762362961297505,0.07947171,,True,True,True,False
1685,SSENTAIBOYHERO,2026-01-29T11:22:49.000Z,"Kesan sampingan vaksin covid19 adalah pertanda yang baik katamu ?  Buka matamu , itu pertanda yang buruk , dokter masih punya hati nurani tidak ?",https://x.com/SSENTAIBOYHERO/status/2016834412080746799,0,0,0,15,https://x.com/drmusanordin/status/1953762362961297505,0.11748645,,True,False,False,True
1686,SSENTAIBOYHERO,2026-01-29T11:10:17.000Z,Mau sampai kapan kamu memusuhi para pejuang kebenaran ? Sampai dunia kiamat ?,https://x.com/SSENTAIBOYHERO/status/2016831258324848785,0,0,0,10,https://x.com/drmusanordin/status/1953762362961297505,0.12686104,,True,True,True,False
1687,eufonitann,2025-08-03T02:55:08.000Z,"twt terakhir “anti vaksin” nya aja udah sedekade lebih bjir, yall just trying to hate people atp",https://x.com/xathrya/status/1951839222098448642/photo/1,0,0,2,70500,https://x.com/eufonitann/status/1951936892045263078,0.02049148,,True,True,True,False
1688,juday15746,2025-09-18T15:44:41.000Z,Babi lu celleng kontol lu PBNU kek kontol babi,https://x.com/juday15746/status/1968702728843977094,0,0,3,748,https://x.com/ulil/status/1968316972158074910,-0.0024967492,,False,False,False,False
1689,law20956,2025-09-18T11:40:39.000Z,Yg maling Yaqut Yg diframing oleh gerombolan Yaqut adalah KHB Seolah dia yg punya wewenang,https://x.com/law20956/status/1968641313751826559,0,0,1,238,https://x.com/ulil/status/1968316972158074910,-0.0041060746,,True,True,True,False
1690,mukabeton,2025-09-18T23:32:21.000Z,"LOGIKA TOLOL AJA NIH.!!! Tau dong artinya ""We Stand With??""  klo mau pake istilah itu sah banget JIKA orang yg dibela ga kabur, dan berani menghadapi hukum jika memang dia tidak bersalah...SIMPLE",https://x.com/mukabeton/status/1968820420229869770,0,0,1,211,https://x.com/ulil/status/1968316972158074910,0.0110684335,,True,True,True,False
1691,gerehpetekk,2025-09-19T04:57:36.000Z,"tlng di klarisifikasi dlu guss terhadap cuitan ini, dlu kritis dana haji sekarang kok terkesan mbela https://x.com/ulil/status/446236688054882304?s=46…",https://x.com/gerehpetekk/status/1968902272563220972,1,0,1,182,https://x.com/ulil/status/1968316972158074910,0.0021546483,,True,False,False,False
1692,__anomali__,2025-09-18T01:21:11.000Z,SAINS sudah digunakan sebagai Senjata Untuk Menguasai,https://x.com/__anomali__/status/1968485421891076187,0,0,0,557,https://x.com/ulil/status/1968316972158074910,0.011649668,,True,True,True,False
1693,helawwwwww,2025-09-18T15:55:10.000Z,Bacot,https://x.com/helawwwwww/status/1968705366541115754,0,0,0,175,https://x.com/ulil/status/1968316972158074910,-0.0051490664,,True,True,True,False
1694,OtongYuri,2025-09-20T14:14:28.000Z,"Suap-menyuap dibolehkan, asal kebagian.",https://x.com/OtongYuri/status/1969404798337515923,0,0,0,7,https://x.com/ulil/status/1968316972158074910,0.01591006,,True,True,True,False
1695,procuculicausa,2025-09-18T00:18:02.000Z,النساء ٨٢,https://x.com/procuculicausa/status/1968469527764574239,0,0,0,310,https://x.com/ulil/status/1968316972158074910,-0.010170996,,False,True,False,False
1696,OryZiddaN,2025-09-19T00:26:17.000Z,Parah ini orang,https://x.com/OryZiddaN/status/1968833991026397511,0,0,0,17,https://x.com/ulil/status/1968316972158074910,-0.0052428246,,True,True,True,False
1697,nixentric,2025-09-19T09:20:27.000Z,ga usah bacot kalau masih belain koruptor,https://x.com/nixentric/status/1968968421413896669,0,0,0,102,https://x.com/ulil/status/1968316972158074910,-0.0070545673,,True,True,True,False
1698,turupermanen_99,2025-09-19T14:47:27.000Z,Nyocot zionis,https://x.com/turupermanen_99/status/1969050711133409777,0,0,0,35,https://x.com/ulil/status/1968316972158074910,0.015019983,,True,True,True,False
1699,udi_sapys,2025-09-18T09:52:20.000Z,usut pak,https://x.com/udi_sapys/status/1968614055133769858,0,0,0,40,https://x.com/ulil/status/1968316972158074910,-0.006264657,,True,True,True,False
1700,odemade,2025-09-20T02:04:11.000Z,"Bikin utas tetang hal-hal yang dibenci Tuhan dong, misal tentang ""suap"" dan ""sogokan""",https://x.com/odemade/status/1969221016460099836,0,0,0,30,https://x.com/ulil/status/1968316972158074910,0.0006697178,,True,True,True,False
1701,engguhmaulana,2025-09-19T13:51:25.000Z,suap suap,https://x.com/engguhmaulana/status/1969036610801995822,0,0,0,64,https://x.com/ulil/status/1968316972158074910,-0.011166573,,True,True,True,False
1702,padapdap403,2025-09-18T19:01:49.000Z,lil korupsi dana haji gimana menurut lu,https://x.com/padapdap403/status/1968752337058504978,0,0,0,215,https://x.com/ulil/status/1968316972158074910,0.0033568144,,True,False,False,False
1703,thoriqmm,2025-09-17T01:49:25.000Z,Siapa yg masih inget kampanye tolol anti vaksin asal Cina jaman COVID dulu? Di sini sekelas profesor dan ((ahli pandemi)) aja percaya.,https://x.com/KHAMCHANH/status/1968130138694095330/photo/1,1,16,23,504800,https://x.com/thoriqmm/status/1968183483999850805,0.07509348,,True,False,False,False
1704,oryoism,2025-09-16T06:14:54.000Z,"silahkan pulangin semua imigran di jepun, koyakin negaramu itu bisa jalan?? anak mudanya aja gak pada mau bersihin popok lansia dan kerja di pabrik",https://x.com/oryoism/status/1967834560894579143,3,0,10,998,https://x.com/oryoism/status/1967833993015070782,0.05206743,,True,True,True,False
1705,oryoism,2025-09-16T06:22:22.000Z,"jangankan kerja kaigo, kerja engineer ngoding aja pd gak mau wksjsjsks maunya pd kerja ngetik di microsoft word doang anak muda u",https://x.com/oryoism/status/1967836440261533910,1,0,0,673,https://x.com/oryoism/status/1967833993015070782,0.003682822,,True,True,True,False
1706,hae_mawari,2025-09-16T13:03:00.000Z,Mereka nih ngerti gak sih kenapa di negara mereka banyak imigran,https://x.com/hae_mawari/status/1967937263985443116,1,0,0,72,https://x.com/oryoism/status/1967833993015070782,0.015336826,,True,True,True,False
1707,unairmfs,2025-09-23T02:59:07.000Z,menarik nich! panjang umur pejuang kemanusiaan,https://x.com/unairmfs/status/1970322005632393255,1,0,0,561,https://x.com/wingerbbqkfc/status/1970321720583369126,0.10152942,,True,True,True,False
1708,LimYiWei4MY,2025-09-29T08:55:57.000Z,Syarat: 1.⁠ ⁠Kanak-kanak lahir pada 1/8/2020 - 31/1/2025 2.⁠ ⁠⁠Bawa MyKid/MyKad/Passport ibu bapa 3.⁠ ⁠⁠Rekod kesihatan anak (jika ada) 4.⁠ ⁠⁠Terbuka kepada warganegara dan bukan warganegara   Daftar di http://bit.ly/imunisasimrkgt  Kongsikan dan hadir beramai-ramai!,https://x.com/LimYiWei4MY/status/1972586133717676101,0,0,1,214,https://x.com/LimYiWei4MY/status/1972586129896722556,0.1496642,,False,True,False,False
1709,JaPenWPKL,2025-09-29T06:30:28.000Z,14. Sam. Sukan Negara Peringkat WPKLP Edaran Bhn Penerbitan: 1. Risalah Kepengerusian ASEAN 2025 2. Risalah Pindaan Akta Komunikasi &Multimedia 1998 (Akta 588) 3. Risalah Hotline 997 - Pusat Respons Scam Kebangsaan (NSRC),https://x.com/JaPenWPKL/status/1972549520694317231,1,0,2,30,https://x.com/JaPenWPKL/status/1972549517900988609,0.06658584,,True,True,True,False
1710,JaPenWPKL,2025-09-29T06:30:29.000Z,10. Risalah Prinsip Asas Perpaduan 11. Risalah AIFA Chatbot 13. Risalah 8 Tip Internet Selamat 14. Risalah Anda Jadi Mangsa Penipuan Internet - Ambil Tindakan Segera 15. Risalah Buli Siber 16. Risalah Kota MADANI - Perumahan Holistik Untuk Penjawat Awam,https://x.com/JaPenWPKL/status/1972549526604206160,2,0,2,72,https://x.com/JaPenWPKL/status/1972549517900988609,0.09795007,,True,True,True,False
1711,JaPenWPKL,2025-09-29T06:30:31.000Z,Ceramah ringkas oleh Peg. Penerangan Daerah/FO(PPD): 1. BUDI MADANI RON 95 (BUDI95) 2. Kempen Internet Selamat (KIS) 3. Chatbot AIFA (Artificial Intelligence Fact-check Assistant) 4. Langkah Segera Meredakan Kos Sara Hidup #InfoOnWheels,https://x.com/JaPenWPKL/status/1972549534929883475,0,0,2,134,https://x.com/JaPenWPKL/status/1972549517900988609,0.094391525,,True,True,True,False
1712,JaPenWPKL,2025-09-28T06:18:11.000Z,3. AIFA Chatbot  4. Pindaan Akta Komunikasi dan Multimedia 1998 (Akta 588)  5. Notifikasi kosmetik  6. OPS Gasak: Tangani penyelewengan subsidi LPG  7. Semakan semula kadar cukai jualan dan perluasan skop cukai perkhidmatan secara bersasar.,https://x.com/JaPenWPKL/status/1972184040548728967,1,0,2,66,https://x.com/JaPenWPKL/status/1972184044533436426,0.076046854,,True,True,True,False
1713,JaPenWPKL,2025-09-28T06:18:14.000Z,"5.Risalah Negaraku, Kebanggaanku - Etika Semasa Lagu Dimainkan 6.Risalah Prinsip Asas Perpaduan 7.Risalah AIFA Chatbot 8.Risalah 8 Tip Internet Selamat 9. Anda Jadi Mangsa Penipuan Internet - Ambil Tindakan Segera",https://x.com/JaPenWPKL/status/1972184052867436791,1,1,3,64,https://x.com/JaPenWPKL/status/1972184044533436426,0.04491961,,True,True,True,False
1714,JaPenWPKL,2025-09-28T05:56:09.000Z,4. Pindaan Akta Komunikasi dan Multimedia 1998 (Akta 588)  5. Notifikasi kosmetik  6. OPS Gasak: Tangani penyelewengan subsidi LPG  7. Semakan semula kadar cukai jualan dan perluasan skop cukai perkhidmatan secara bersasar.  8. Drug Information For Deaf Community (DIDCOM),https://x.com/JaPenWPKL/status/1972178497570517296,1,0,2,30,https://x.com/JaPenWPKL/status/1972178500879880512,0.11744991,,True,True,True,False
1715,JaPenWPKL,2025-09-28T05:56:12.000Z,#InfoOnWheels,https://x.com/JaPenWPKL/status/1972178509390123132,0,0,2,16,https://x.com/JaPenWPKL/status/1972178500879880512,0.12569436,,True,True,True,False
1716,secebisan,2025-10-08T18:14:39.000Z,"Campak campak, siap.",https://x.com/zacharyebell/status/1975988225102537090/photo/1,1,1,6,2400000,https://x.com/secebisan/status/1978115272046158131,0.22139755,,False,True,False,False
1717,airsupplyx,2025-10-12T08:29:42.000Z,Budaya jawa,https://x.com/airsupplyx/status/1977290569367044370,0,0,1,480,https://x.com/ASTROARENA/status/1977235560009023878,0.01673913,,True,True,True,False
1718,HariyantoSahar,2025-10-12T09:08:02.000Z,Terus lu mau apa ? Ga senggol pada ga makan,https://x.com/HariyantoSahar/status/1977300216165634307,0,1,2,418,https://x.com/ASTROARENA/status/1977235560009023878,0.0006644726,,True,True,True,False
1719,kompascom,2025-10-10T03:14:49.000Z,"Tingginya angka penolakan vaksinasi mengakibatkan 7.779 anak di Pamekasan gagal mendapatkan imunisasi tambahan serentak (ITS) pada Jumat (10/10/2025).   Dari target 60.754 anak yang seharusnya terimunisasi, hanya 52.975 anak yang berhasil mendapatkan vaksinasi. Dengan demikian,",https://x.com/kompascom/status/1976486550767796258,52,110,208,33200,https://x.com/mustovtwit/status/1976503690673651904,0.23775682,,True,True,True,False
1720,ShamTakumi,2025-10-09T01:07:21.000Z,talam 2 muka,https://x.com/ShamTakumi/status/1976092084324139153,3,2,5,305,https://x.com/rosli_ramlah/status/1976199033397051524,-0.13394643,,True,True,False,True
1721,OkinaFitto,2025-10-07T07:51:02.000Z,Sorang sorang makin tunjuk belang,https://x.com/OkinaFitto/status/1975468898851209644,1,0,1,23,https://x.com/FaisalalRahman4/status/1975449175597928879,-0.0911367,,True,True,False,True
1722,FaisalalRahman4,2025-10-07T11:01:40.000Z,Wiiiyyyyyyy,https://x.com/FaisalalRahman4/status/1975516874072047779,0,0,0,9,https://x.com/FaisalalRahman4/status/1975449175597928879,-0.112963066,,True,True,False,True
1723,jasonyew,2025-10-06T03:59:19.000Z,"""Machang jangan jadi lebih Hamas daripada Hamas."" - Timbalan Menteri Luar",https://x.com/jasonyew/status/1975048197103067307,49,137,402,24600,https://x.com/HjRajit/status/1975140881268379662,-0.046997614,,True,True,False,True
1724,k_izzuddin,2025-10-04T13:37:58.000Z,Salah sorang si bodoh,https://x.com/k_izzuddin/status/1974469042422641072,126,518,678,438800,https://x.com/k_izzuddin/status/1974483221640519721,-0.1340785,,True,True,False,True
1725,ArwenmhEvenstar,2025-10-04T14:23:03.000Z,Bongok.,https://x.com/ArwenmhEvenstar/status/1974480388954390636,1,0,5,12300,https://x.com/k_izzuddin/status/1974483221640519721,-0.16611879,,True,True,False,True
1726,Marchfoward,2025-10-01T18:24:56.000Z,TERKINI   Live SOS Puan Ardell Aryana berakhir,https://x.com/Marchfoward/status/1973454097329299651,6,223,400,86200,https://x.com/allebarraalleb/status/1973454917630304592,-0.16666724,,True,True,False,True
1727,shonenxnaifu,2025-10-01T09:10:42.000Z,gws bradddd,https://x.com/shonenxnaifu/status/1973314622011875563,1,0,0,151,https://x.com/taRRkam/status/1973311429353807985,0.06404808,,True,True,True,False
1728,taRRkam,2025-10-01T09:12:09.000Z,aman kak paw,https://x.com/taRRkam/status/1973314983489577347,0,0,0,163,https://x.com/taRRkam/status/1973311429353807985,0.11673114,,True,True,True,False
1729,TokPerak8,2025-10-01T05:36:58.000Z,Dia pun gelojoh sangat,https://x.com/TokPerak8/status/1973260833758257335,1,2,13,539,https://x.com/f4kr0ls00d/status/1973249289859244489,-0.07439217,,True,True,False,True
1730,saedah789,2025-10-01T10:24:29.000Z,"Dengar sangat dengan pujuk rayu atok saka, padan muka dia",https://x.com/saedah789/status/1973333188509573347,0,1,7,199,https://x.com/f4kr0ls00d/status/1973249289859244489,-0.08799076,,True,True,False,True
1731,YunusZol95813,2025-10-01T04:55:42.000Z,Mamat the street cakap lobang dah besar beb.,https://x.com/YunusZol95813/status/1973250446170218677,0,1,3,307,https://x.com/f4kr0ls00d/status/1973249289859244489,-0.08417305,,True,True,False,True
1732,saidinrose1,2025-10-01T09:34:05.000Z,"Belum lagi, selera besar dan tamak jadi macam tu la, banyak muslihat ular tu.",https://x.com/saidinrose1/status/1973320504749822201,0,1,2,160,https://x.com/f4kr0ls00d/status/1973249289859244489,-0.05351694,,True,True,False,True
1733,anabismatli,2025-10-01T14:03:15.000Z,Jemin main cucuk2 belakang bahaya utk kawan dan lawan,https://x.com/anabismatli/status/1973388244248154186,0,0,2,41,https://x.com/f4kr0ls00d/status/1973249289859244489,-0.104614034,,True,True,False,True
1734,TokJoeMY,2025-10-14T09:44:50.000Z,Sikit murid-murid sebelum masuk kawasan sekolah kena lalui body scan dulu.,https://x.com/TokJoeMY/status/1978034251044905038,3,3,42,799,https://x.com/TrooperPool95/status/1978056011618361785,0.038334668,,True,True,True,False
1735,sirsazly,2025-10-14T11:06:44.000Z,Influenza A sedang merebak pantas …,https://x.com/sirsazly/status/1978054865097019471,1,1,6,103,https://x.com/TrooperPool95/status/1978056011618361785,0.050038695,,False,False,False,False
1736,blackshark7890,2025-10-11T14:20:49.000Z,Malam gaes,https://x.com/blackshark7890/status/1977016543180660854,2,1,3,146,https://x.com/Ninamaaaaaaa/status/1977025661203366339,0.020856053,,True,True,True,False
1737,Ninamaaaaaaa,2025-10-11T14:24:23.000Z,Black coffee,https://x.com/Ninamaaaaaaa/status/1977017440895906056,1,0,1,45,https://x.com/Ninamaaaaaaa/status/1977025661203366339,-0.010530353,,True,True,True,False
1738,AbieRakyat,2025-10-11T14:29:12.000Z,Neh....,https://x.com/AbieRakyat/status/1977018653121167567,1,0,2,13,https://x.com/Ninamaaaaaaa/status/1977025661203366339,0.03606975,,True,True,True,False
1739,Ninamaaaaaaa,2025-10-11T14:47:18.000Z,Gk pke gula,https://x.com/Ninamaaaaaaa/status/1977023208051315144,1,0,1,11,https://x.com/Ninamaaaaaaa/status/1977025661203366339,0.047678918,,True,True,True,False
1740,AbieRakyat,2025-10-11T14:50:06.000Z,Ya engga dong....asal minumnya sehari 3x sehari...itu lumyan buat ketahanan tubuh..Alhamdulillah ane msh dp beri nikmat selalu sehat...mskipun dulu ada covad covid..ane tetep trjaga...tanpa d viksin sgla rupa..pembodohan itu...,https://x.com/AbieRakyat/status/1977023913101336668,1,0,2,21,https://x.com/Ninamaaaaaaa/status/1977025661203366339,-0.031057775,,True,False,False,False
1741,Ninamaaaaaaa,2025-10-11T15:00:30.000Z,nyesel dtgnya blakangan klo duluan nmnya pendaftaran,https://x.com/Ninamaaaaaaa/status/1977026527461359683,1,1,2,31,https://x.com/Ninamaaaaaaa/status/1977025661203366339,0.033493936,,True,False,False,False
1742,Acadhakim,2025-10-06T10:30:12.000Z,Teringat dlu2 anti vaksin ckp siapa amek vaksin bakal jadi zombi lagi 2 tahun  Ada sesiapa dh jadi Zombi ke? Ke dh naik train gi memane,https://x.com/NewsBFM/status/1975146564516499797/photo/1,0,1,7,183900,https://x.com/Acadhakim/status/1975176348407865769,0.09038082,,True,True,True,False
1743,rrchmnia,2025-10-13T14:25:54.000Z,Semangaaaaat mama wkwk aku selalu ada monster di kepalaku yang pengen banget nyubit dia sampe nangis kalo gamau makan,https://x.com/rrchmnia/status/1977742595641004042,1,0,2,56,https://x.com/dafinabalqis/status/1977638767667429411,0.002117157,,True,True,True,False
1744,dafinabalqis,2025-10-13T07:37:38.000Z,Emaknya jadi banyak makan,https://x.com/dafinabalqis/status/1977639855153934752,0,0,0,17,https://x.com/dafinabalqis/status/1977638767667429411,-0.012561828,,True,True,True,False
1745,infoPKU,2025-10-30T04:32:20.000Z,"Pelaksana Tugas (Plt) Kepala Dinkes Riau, Widodo mengungkapkan capaian Imunisasi Dasar Lengkap (IDL) di Pekanbaru baru mencapai 36,60 persen dari target 90 persen.   #infoPKU",https://x.com/infoPKU/status/1983753815183781945,2,1,1,386,https://x.com/infoPKU/status/1983753818249789697,0.18533313,,True,True,True,False
1746,kumahukautahu,2025-10-28T14:42:56.000Z,"Dari sudut pandangan islam, yay or nay untuk situasi sebegini?",https://x.com/kumahukautahu/status/1983182701646823451,2,0,8,5975,https://x.com/Marchfoward/status/1983179029042860284,0.1843048,,True,True,True,False
1747,koruwan29778,2025-10-29T10:29:10.000Z,Alhamdulillah.......makbul juga doa Aku......semoga wabak itu merebak lebih Ganas,https://x.com/koruwan29778/status/1983481227564003586,0,0,1,572,https://x.com/Marchfoward/status/1983179029042860284,0.19708136,,False,True,False,False
1748,OwlMillenial34,2025-10-28T19:01:04.000Z,Biblical wrath,https://x.com/OwlMillenial34/status/1983247664566141156,0,0,0,2736,https://x.com/Marchfoward/status/1983179029042860284,0.19898471,,True,True,True,False
1749,baebeejeong,2025-10-28T09:33:39.000Z,Okok saya akan rampas banner tu,https://x.com/baebeejeong/status/1983104869998440515,0,0,0,34,https://x.com/baebeejeong/status/1983101696160223587,-0.12411679,,True,True,False,True
1750,azrie0,2025-10-28T09:33:02.000Z,Sy cuma menyatakan kenyataan,https://x.com/azrie0/status/1983104712422633953,1,0,0,51,https://x.com/baebeejeong/status/1983101696160223587,-0.09041266,,True,True,False,True
1751,baebeejeong,2025-10-28T09:33:55.000Z,Lelaki semua sama eh tiber,https://x.com/baebeejeong/status/1983104936109117476,0,0,0,33,https://x.com/baebeejeong/status/1983101696160223587,-0.17175496,,True,True,False,True
1752,syaif38,2025-10-27T12:04:57.000Z,Isolasi,https://x.com/syaif38/status/1982780554849497492,1,0,0,78,https://x.com/teesqaa/status/1982732645311324293,-0.03169352,,True,True,False,True
1753,teesqaa,2025-10-27T15:00:45.000Z,Sudahhh,https://x.com/teesqaa/status/1982824795533394250,0,0,0,66,https://x.com/teesqaa/status/1982732645311324293,-0.0043092966,,True,True,True,False
1754,NgapakAngler,2025-10-28T14:35:27.000Z,Keknya lagi musim deh,https://x.com/NgapakAngler/status/1983180816915296632,0,0,0,44,https://x.com/teesqaa/status/1982732645311324293,-0.031521976,,True,True,False,True
1755,clexnomit_,2025-10-27T09:53:52.000Z,Waduhhh,https://x.com/clexnomit_/status/1982747566652703059,0,0,0,65,https://x.com/teesqaa/status/1982732645311324293,0.040668845,,True,True,True,False
1756,shangjueqian,2025-10-24T21:56:36.000Z,"Makanya dari kecil kita diajarin sebelum makan CUCI TANGAN MAKE SABUN BUKAN PAS MAU MAKAN DOANG TAPI ANAK2 ASIA TENGGARA KHUSUSNYA INDONESIA DIAJARIN CEBOK PAKAI AIR+Sabun,MANDI 2X SEHARI MAU MUSIM HUJAN YANG DINGIN PUN KITA MANDI YE,LEPEK DIKIT MANDI KURANG HIGENIS APA COBA",https://x.com/shangjueqian/status/1981842285563461648,16,90,1816,35,https://x.com/shangjueqian/status/1981994615986442718,0.07618171,,True,True,True,False
1757,ade_irwansyah13,2025-10-25T04:34:34.000Z,Wkwkwkwk . .. mantap komenannya setuju banget .  Bule bule cebok aja lobang burit cuma dielap tisu doang bangkeee,https://x.com/ade_irwansyah13/status/1981942439180226792,1,0,4,1,https://x.com/shangjueqian/status/1981994615986442718,-0.037430048,,True,True,False,True
1758,hanutaaaaaa,2025-10-23T14:18:31.000Z,20min tu agak lama..sampai kobis tu hangit2 ke? Genuinely curious,https://x.com/hanutaaaaaa/status/1981364618661679424,1,0,0,1,https://x.com/razinsenpai/status/1981318660619968827,-0.24679768,,False,True,False,False
1759,razinsenpai,2025-10-23T14:20:16.000Z,Slow fried. 10 mins dah mula layu. 15 mins ada effect hangit tu.,https://x.com/razinsenpai/status/1981365058853884150,0,0,0,1,https://x.com/razinsenpai/status/1981318660619968827,-0.24931264,,True,True,False,True
1760,saufi_txt,2025-10-24T00:27:04.000Z,Campur gula sikit barua caramel sikit,https://x.com/saufi_txt/status/1981517764247638515,1,0,1,802,https://x.com/razinsenpai/status/1981318660619968827,-0.24492475,,False,True,False,False
1761,markonahajis,2025-10-22T10:48:09.000Z,Haha nanti ada orang eja bodoh sebab kononnya hilang hafalan kalau sebut.  Acik dia,https://x.com/markonahajis/status/1980949289867375030,1,1,4,222,https://x.com/IchiXIV/status/1980949975623512280,-0.105312064,,True,True,False,True
1762,hanbiinbaby,2025-10-21T08:16:07.000Z,Good idea,https://x.com/hanbiinbaby/status/1980548639157285291,0,0,0,1,https://x.com/ggyuluvr/status/1980544917341610220,-0.038325623,,True,True,False,True
1763,namasayalaut,2025-10-19T22:51:12.000Z,"Petugas HIV disini.  Pernah ada beberapa kejadian dimana lakinya nggak mau tes HIV berujung KDRT. Padahal jelas-jelas Istrinya HIV+ cek pas hamil. Terus maksa istrinya nggak boleh ARV, karena katanya ini virus konspirasi :)  Dan akhirnya sekeluarga meninggal",https://x.com/namasayalaut/status/1980044089346470373,279,6185,30842,1,https://x.com/pyoyot28/status/1980064891815051342,0.08426413,,True,True,True,False
1764,sheilaanin_,2025-10-19T11:11:58.000Z,"orang tu ada aja ya celahnya cari salah wkwk tp yg ini lucu, sok tau bgt tp salah:)",https://x.com/sheilaanin_/status/1979868121382199655,2,0,25,959,https://x.com/sheilaanin_/status/1979889398629167326,0.18741152,,True,True,True,False
1765,virgladh,2025-10-19T12:28:51.000Z,dicampakkan,https://x.com/virgladh/status/1979887469517733987,1,0,4,358,https://x.com/sheilaanin_/status/1979889398629167326,0.15630013,,True,True,True,False
1766,meutiafaradilla,2025-10-18T06:50:24.000Z,"Ngekos pertama kali, keracunan makanan --> sendirian. Untung ada mbak kos, bisa titip beli bubur.   Ngekos kedua kali, kena: covid, diare berkepanjangan (karena stress), dan campak. Sendirian juga. Thanks to abang gofood. Boncos, boncos dah gw",https://x.com/OHMYV3NUS/status/1979439904145969378/photo/1,1,0,3,319,https://x.com/meutiafaradilla/status/1979827736849056104,-0.06952123,,True,True,False,True
1767,meutiafaradilla,2025-10-19T08:34:29.000Z,Tambahannya: itu gw nggak nyuci-nyetrika baju sendiri. Jadi bisa fokus istirahat. Nggak kebayang kalau harus nyuci-nyetrika sendiri. Modyar,https://x.com/meutiafaradilla/status/1979828489399542266,0,0,0,43,https://x.com/meutiafaradilla/status/1979827736849056104,-0.14810966,,True,True,False,True
1768,ArmEzwan,2025-10-17T14:09:14.000Z,fam RELA dicampak bawah bas,https://x.com/ArmEzwan/status/1979187955118768526,0,0,0,22,https://x.com/aminfuad_10/status/1979085084771672574,0.009188026,campak_as_discard,True,True,False,True
1769,iyan50034621,2025-10-17T04:26:37.000Z,dengerin kata gw mah itu galama kejadian,https://x.com/iyan50034621/status/1979041335433625846,0,0,0,33,https://x.com/jeophyte/status/1978972606666555400,0.11111385,,True,True,True,False
1770,al3xxandriaaa,2025-10-17T06:54:52.000Z,Wkwkwk,https://x.com/al3xxandriaaa/status/1979078643319214390,0,0,0,20,https://x.com/jeophyte/status/1978972606666555400,0.13244858,,True,True,True,False
1771,j_____im,2025-10-16T23:57:36.000Z,eaaa klo gt mending fuck-sin,https://x.com/j_____im/status/1978973632442597462,0,0,0,43,https://x.com/jeophyte/status/1978972606666555400,0.095749855,,False,True,False,False
1772,myoongispaces,2025-10-15T18:51:51.000Z,"“aku meme minak ko ore tino, namun ku bukey boyo” dia ni kalau campak mana pun hidup nok. semua dia bedal",https://x.com/meikthvs/status/1978534302552928535/photo/1,1,0,3,295,https://x.com/myoongispaces/status/1978754855607959955,-0.07893215,,True,True,False,True
1773,kimminhoon08,2025-10-16T22:44:58.000Z,Not me singing aku memang pencinta wanitaaa namun ku bukan buayaaaa~~,https://x.com/kimminhoon08/status/1978955353854288228,0,0,0,23,https://x.com/myoongispaces/status/1978754855607959955,-0.18402877,,True,True,False,True
1774,arvkevin,2025-11-27T14:00:01.000Z,Ini sangat whataboutism tapi pendekatan serupa juga terjadi pada (paling tidak) kasus campak yang merebak. Belum ada deklarasi KLB karena............   Semoga Allah segera angkat orang2 yang membiarkan bencana ini terjadi.,https://x.com/tempodotco/status/1994043537592340692/photo/1,2,6,14,1076,https://x.com/arvkevin/status/1994182766288593251,0.20810133,,True,True,True,False
1775,afifanharyawan,2025-11-28T23:52:11.000Z,Wah lagi ada KLB campak ya bang. Pantes di rsab harkit kok lagi banyak pasien yg kena,https://x.com/afifanharyawan/status/1994554947757904348,1,2,1,366,https://x.com/arvkevin/status/1994182766288593251,0.23205504,,True,True,True,False
1776,arvkevin,2025-11-29T00:13:05.000Z,Nah KLB itu bukan wewenang individual nakes untuk menetapkan.  Angka campak banyak? Banget. KLB? Belum tentu.,https://x.com/arvkevin/status/1994560209575125497,0,0,0,72,https://x.com/arvkevin/status/1994182766288593251,0.20391801,,True,True,True,False
1777,kipyiksamgong,2025-11-29T03:13:50.000Z,"Baru tau ada KLB campak, itu dimana saja yg penyebaran nya masif?",https://x.com/kipyiksamgong/status/1994605696734957782,0,0,0,21,https://x.com/arvkevin/status/1994182766288593251,0.22650534,,True,True,True,False
1778,lawooskies,2025-12-13T11:55:53.000Z,"sebab haritu day6 kot, diorang letak camera celah kangkang",https://x.com/lawooskies/status/1999810503288467790,1,0,0,100,https://x.com/masnshne_/status/1999719275175772560,-0.08431387,,True,True,False,True
1779,masnshne_,2025-12-13T12:18:11.000Z,EWWW,https://x.com/masnshne_/status/1999816117838291088,0,0,0,80,https://x.com/masnshne_/status/1999719275175772560,0.07064977,,True,True,True,False
1780,yrsyasahi,2025-12-13T05:56:31.000Z,Apa yang kena campak tuuuuu oi,https://x.com/yrsyasahi/status/1999720067991502929,1,0,0,205,https://x.com/masnshne_/status/1999719275175772560,0.113559276,,False,True,False,False
1781,masnshne_,2025-12-13T05:59:11.000Z,Orang la. Ada yang scan bunyi tu. Apa dah nama,https://x.com/masnshne_/status/1999720738832679002,0,0,0,187,https://x.com/masnshne_/status/1999719275175772560,0.0036334991,,True,True,True,False
1782,masnshne_,2025-12-13T07:19:07.000Z,Rasanya ada yang letak camera dalam kasut,https://x.com/masnshne_/status/1999740852751724820,1,0,0,180,https://x.com/masnshne_/status/1999719275175772560,0.027513146,,True,True,True,False
1783,amer7211,2025-12-12T23:02:55.000Z,Ha3. Semua agenda reformasi semuanya ke laut.,https://x.com/amer7211/status/1999615978616033752,1,1,7,68,https://x.com/amer7211/status/1999629745944953308,0.014706194,,True,True,True,False
1784,ArsaGrasena,2025-12-12T00:15:11.000Z,Asli,https://x.com/ArsaGrasena/status/1999271778309562779,0,0,0,64,https://x.com/bi_bbile/status/1999271286300901737,0.22235823,,True,True,True,False
1785,mkini_bm,2025-12-11T10:46:12.000Z,PAS umum Adun Karambunai sokong Hajiji,https://x.com/mkini_bm/status/1999068193244291541,32,34,63,14,https://x.com/AqimNizar/status/1999098815455097005,-0.1025542,,True,True,False,True
1786,idextratime,2025-12-13T05:10:26.000Z,"BREAKING : Oscar telah memutuskan untuk pensiun sebagai pesepak bola profesional di usianya yang ke-34 tahun.   Keputusan diambil karena terkait masalah pada jantungnya, Oscar sempat kolaps saat menjalani tes fisik bersama Sao Paulo beberapa waktu lalu.   @ESPNBrasil",https://x.com/idextratime/status/1999708467263914393,37,32,666,50,https://x.com/nurfajar_banser/status/1999769497591599396,-0.0071228147,,True,False,False,False
1787,MadeInHonoluloo,2025-12-14T23:32:04.000Z,Cutie,https://x.com/MadeInHonoluloo/status/2000348092202430698,0,0,0,66,https://x.com/LilbunGoozu/status/2000306990682435994,0.06813568,,True,True,True,False
1788,TeohPaikLeong,2025-12-30T10:05:14.000Z,Macam Mohamad Salah of Liverpool ??,https://x.com/TeohPaikLeong/status/2005943253837763027,0,0,1,37,https://x.com/saedah789/status/2005871463044354176,-0.09147099,,False,True,False,False
1789,Nazril_Iznil,2025-12-29T07:59:18.000Z,Terlebih bijak,https://x.com/Nazril_Iznil/status/2005549172083265610,3,10,38,1,https://x.com/apanakdikato/status/2005644827246105058,-0.107688054,,True,True,False,True
1790,2l3y20,2025-12-28T15:03:57.000Z,Semua badutss tapi achoddd,https://x.com/2l3y20/status/2005293648720834869,1,0,0,206,https://x.com/2l3y20/status/2005295602385727629,-0.023900568,,False,True,False,False
1791,nals0ul_,2025-12-28T15:05:55.000Z,Tkde gmbr pegang raket masalahnya,https://x.com/nals0ul_/status/2005294147058770202,2,0,4,274,https://x.com/2l3y20/status/2005295602385727629,0.0095380545,,True,True,True,False
1792,essanpupil,2025-12-28T13:37:12.000Z,Kurang “jas merah”,https://x.com/essanpupil/status/2005271821067936172,0,1,0,102,https://x.com/lantip/status/2005269040420503648,0.19972442,,False,True,False,False
1793,harippe,2025-12-28T15:12:50.000Z,Don't jinx it,https://x.com/harippe/status/2005295886222729259,0,0,0,82,https://x.com/lantip/status/2005269040420503648,0.14810723,,True,True,True,False
1794,ubaidzone,2025-12-26T07:37:26.000Z,"@BPJSKesehatanRI min, vaksin hepatitis B untuk dewasa ditanggung BPJS gak?",https://x.com/ubaidzone/status/2004456505618419850,1,0,0,95,https://x.com/BPJSKesehatanRI/status/2004460586592350652,0.18889919,,True,True,True,False
1795,amer7211,2025-12-24T14:52:47.000Z,Cane tu @drakmalsaleh? @drasyrafwajdi?  Camnilah... Apa kata Dr yang keluar UMNO. Baru ada prinsip.,https://x.com/amer7211/status/2003841287120916692,13,24,83,3,https://x.com/md_zuwairi/status/2003859229191627259,-0.115437195,,True,True,False,True
1796,dabo1y,2025-12-24T09:35:37.000Z,"kalo mau di retur minimal kelen telfon atau konfirm ke aku pas ku bilang gaada di telfon kelen bilang udah tapi telfon nya gak aktif, aku 24/7 megang hp pukimak",https://x.com/dabo1y/status/2003761469633306821,0,0,3,4,https://x.com/dabo1y/status/2003761223717007458,-0.12599654,,True,True,False,True
1797,gimmehugplease,2025-12-24T15:26:47.000Z,coba minum sanmol kak,https://x.com/gimmehugplease/status/2003849843463311469,1,0,0,59,https://x.com/suiatie/status/2003710557820715269,0.14818165,,False,True,False,False
1798,suiatie,2025-12-24T17:06:09.000Z,Udahhh,https://x.com/suiatie/status/2003874853561233636,0,0,0,12,https://x.com/suiatie/status/2003710557820715269,0.054777563,,True,True,True,False
1799,syahir,2025-12-23T08:43:37.000Z,Hati kering @imokman ni,https://x.com/syahir/status/2003385995732091000,4,9,52,8,https://x.com/intrapanko/status/2003399437528498251,-0.07565391,,False,True,False,False
1800,syahirnomic,2025-12-22T09:48:22.000Z,"Kepada #UMNO, pintu terbuka luas.  Perpaduan Ummah yang boleh diperkukuh, atau Kerajaan Perpaduan yang semakin rapuh.  Tepuk dada, tanya iman.",https://x.com/syahirnomic/status/2003039904549499138,119,106,126,63,https://x.com/AqimNizar/status/2003058926850597036,-0.10661289,,True,True,False,True
1801,BBerkerak13441,2025-12-22T10:30:19.000Z,Arahan Tuhan ke Syahir?,https://x.com/BBerkerak13441/status/2003050460555665525,2,9,26,2,https://x.com/AqimNizar/status/2003058926850597036,-0.057353914,,True,True,False,True
1802,Hayden_6312,2025-12-22T13:24:10.000Z,Jumpa Mo Salah bawah bas...hahaha,https://x.com/Hayden_6312/status/2003094212531863664,1,0,1,91,https://x.com/AqimNizar/status/2003054069955613001,-0.18078661,,True,True,False,True
1803,tanyakanrl,2025-12-19T10:05:12.000Z,-1 abang soft spoken,https://x.com/tanyakanrl/status/2001956977274990746,73,156,5548,198,https://x.com/oceanima_/status/2002092137773740362,-0.04991609,,True,True,False,True
1804,peonynightt,2025-12-19T14:39:02.000Z,"gapapa kaa, cepet sembuh yaa:'))",https://x.com/peonynightt/status/2002025888200966218,0,0,0,148,https://x.com/arciimcs/status/2001965181891719410,-0.08422011,,True,True,False,True
1805,Pipittttrh,2025-12-21T04:17:44.000Z,"Get well soon ya kak arcii  Kak sorry ya oot, aku tuh mau co Desafio book ver. Kok di shopee sudah tidak ada ya. Apakah bakal cetak lagi kak arcii?",https://x.com/Pipittttrh/status/2002594309850476622,0,0,0,71,https://x.com/arciimcs/status/2001965181891719410,-0.21342152,,True,True,False,True
1806,A_dil_,2025-12-19T22:16:21.000Z,Kirain sibuk uas kak gak papa kak penyembuhan dulu kak syafakillah ya kak,https://x.com/A_dil_/status/2002140976899674356,0,0,0,94,https://x.com/arciimcs/status/2001965181891719410,-0.16052094,,True,True,False,True
1807,haejuuceah,2025-12-19T11:05:47.000Z,gws kakaaa:3,https://x.com/haejuuceah/status/2001972223629013425,0,0,0,104,https://x.com/arciimcs/status/2001965181891719410,-0.14825764,,True,True,False,True
1808,Ndrewstjan,2025-12-19T08:10:44.000Z,"Ini yg saya maksud dengan tangan kanan memberi, tangan kiri “merekam” semuanya  Warga aceh tamiang komplain kepada konten kreator yang datang kesana utk menjadikan bencana disana sebagai bahan konten pribadi mereka.   Mereka tidak suka narasi kota zombie yg diberikan ke kota",https://x.com/Ndrewstjan/status/2001928170912780342,2,9,9,1,https://x.com/Ndrewstjan/status/2001931156485476721,-0.0198939,,True,True,True,False
1809,Ndrewstjan,2025-12-19T08:25:16.000Z,"“Dia buat konten sehingga nanti konten-nya membludak. Sedihlah kalau menghadapi kayak gini.”  “Sampai dibilang kota zombie itu kan berarti kota mati, kita nih mayat yang ngejar2 orang itu untuk cari makanan”.",https://x.com/Ndrewstjan/status/2001931826596844039,1,1,2,271,https://x.com/Ndrewstjan/status/2001931156485476721,-0.10530221,,True,True,False,True
1810,Ndrewstjan,2025-12-19T08:31:18.000Z,"Membantu korban bencana alam itu baik, tapi tolong manusiakan manusia dengan bantuan yang diberikan.  Jangan jadikan korban bencana sebagai bahan konten untuk keuntungan pribadi.",https://x.com/Ndrewstjan/status/2001933348076425241,0,0,2,239,https://x.com/Ndrewstjan/status/2001931156485476721,-0.032776445,,True,True,False,True
1811,Pisangpanaz,2025-12-18T15:52:57.000Z,Campak PAS jadi sampah sarap,https://x.com/Pisangpanaz/status/2001682104002969736,1,0,1,23,https://x.com/adamyusuf88/status/2001662515563155464,-0.11767922,,True,True,False,True
1812,adamyusuf88,2025-12-18T17:58:29.000Z,Campak terus,https://x.com/adamyusuf88/status/2001713695794303064,0,0,0,18,https://x.com/adamyusuf88/status/2001662515563155464,-0.0936033,,True,True,False,True
1813,azizkd997,2025-12-18T15:05:50.000Z,Sebab tu saya bilang Steven Sim ini sebagai seorang turnaround specialist...,https://x.com/azizkd997/status/2001670247636689107,0,0,1,33,https://x.com/adamyusuf88/status/2001662515563155464,-0.13130091,,True,True,False,True
1814,UthRsm,2025-12-19T02:40:27.000Z,"PAS dan DAP jauh beza dari IQ,minda dan tabiat....untuk PAS semua yg mereka buat tu Halal dlm menunggang Agama sendiri",https://x.com/UthRsm/status/2001845049886404882,0,0,0,20,https://x.com/adamyusuf88/status/2001662515563155464,-0.095910326,,True,True,False,True
1815,MrNiceG36859427,2025-12-19T11:23:20.000Z,"Ada sehabat pernah berkata..  ""Dengan jari kita naikkan dia, dengan jari juga kita turunkan dia""",https://x.com/MrNiceG36859427/status/2001976638834352239,2,0,9,92,https://x.com/SokongBawaRebah/status/2001623313781780674,0.0031522363,,True,True,True,False
1816,SokongBawaRebah,2025-12-18T12:18:52.000Z,"S E T U J U  Bila DSAI diangkat sebagai PMX nampak la beliau sedang ""berjuang' untuk pertahan KUASA TAPI kuasa tanpa akauntabiliti → ITU HIPOKRASI",https://x.com/SokongBawaRebah/status/2001628228348432827,1,1,7,52,https://x.com/SokongBawaRebah/status/2001623313781780674,0.0025032908,,True,True,True,False
1817,sunlitseptember,2025-12-18T03:35:56.000Z,cuaca sejuk ni kita ramai-ramai mereneh sup ok?,https://x.com/sunlitseptember/status/2001496627106996390,1,1,6,131,https://x.com/sunlitseptember/status/2001523195372015771,-0.075265035,,True,True,False,True
1818,94one3,2025-12-17T14:57:04.000Z,Pala bapak dia.. time agama kena hina takda plak smpai bnyak mcmtu laporan.,https://x.com/94one3/status/2001305652262560093,2,2,7,332,https://x.com/mynewshub/status/2001176282038722959,-0.14995508,,True,False,False,False
1819,ayeddd775,2025-12-17T05:02:58.000Z,sabar cha,https://x.com/ayeddd775/status/2001156139736818030,0,0,0,18,https://x.com/pznicakl/status/2001125092890436085,-0.060572147,,True,True,False,True
1820,scheekeong,2025-12-16T13:09:35.000Z,"Saya berasa bersyukur atas kepercayaan yang diberikan untuk memimpin KESUMA. Dalam tempoh dua tahun ini, saya telah mencurahkan segala kudrat saya untuk menjalankan amanah yang dipikul.   Terima kasih kepada Timbalan saya di KESUMA, YB Dato' Sri Haji Abdul Rahman bin Haji Mohamad",https://x.com/scheekeong/status/2000916216144175472,29,153,656,21,https://x.com/mudin001/status/2001034835159068841,-0.10525505,,True,True,False,True
1821,KlutzyKucing,2025-12-17T01:38:04.000Z,Mak rasa bukan sekadar isu bazaar Ramadhan ajer,https://x.com/KlutzyKucing/status/2001104578864132413,1,1,17,4,https://x.com/The_Mamu/status/2000977478798729618,-0.03619522,,True,True,False,True
1822,A_ImTweets,2025-12-16T21:15:43.000Z,Hanayo taknak pikir masalah &$*^€>? Tekan DAP jd FT yg mana tradisi nya orang Melayu lepas DAP tekan psl UEC?,https://x.com/A_ImTweets/status/2001038554231976252,0,0,1,579,https://x.com/The_Mamu/status/2000977478798729618,-0.01736492,,True,True,True,False
1823,farhanzahari,2025-12-16T09:52:48.000Z,Punahsihat,https://x.com/farhanzahari/status/2000866693154005426,0,1,1,422,https://x.com/Mat_Jaket/status/2000851743618519424,-0.07977879,,True,True,False,True
1824,aidil_axlan,2025-12-16T15:43:18.000Z,budak2 damai lerr,https://x.com/aidil_axlan/status/2000954897806843976,0,1,0,192,https://x.com/Mat_Jaket/status/2000851743618519424,-0.08014728,,True,True,False,True
1825,CrashPop1,2025-12-17T02:54:36.000Z,Penasihat pulak yang kena. Yg buat keputusan tu maksum ke?,https://x.com/CrashPop1/status/2001123836331520490,0,0,0,15,https://x.com/Mat_Jaket/status/2000851743618519424,-0.08712895,,True,True,False,True
1826,moliqus,2025-12-17T02:25:57.000Z,Aku lagi geram byk sangat kerusi utk umno bingai . Apa hanjing banyak sgt jawatan utk bangsat2 umno tu,https://x.com/moliqus/status/2001116627694444699,0,0,0,43,https://x.com/Mat_Jaket/status/2000851743618519424,-0.08811553,,True,True,False,True
1827,bumilangit,2025-12-16T07:57:43.000Z,Kwwkkwkwkwwk,https://x.com/bumilangit/status/2000837731774292256,0,0,2,1895,https://x.com/bumilangit/status/2000836227784982857,-0.03207265,,True,True,False,True
1828,IlyaniShou,2025-12-16T07:53:16.000Z,"Steven Sim la satu2 nya menteri DAP yg aku salute  Kalau aku pengundi kawasan dia, aku undi beratus kali.",https://x.com/IlyaniShou/status/2000836609797972020,1,1,28,1586,https://x.com/bumilangit/status/2000836227784982857,-0.030142695,,True,True,False,True
1829,MohdAmi99719187,2025-12-16T23:47:23.000Z,betul dia buat kerja,https://x.com/MohdAmi99719187/status/2001076722956165338,0,0,2,196,https://x.com/bumilangit/status/2000836227784982857,-0.04877293,,True,True,False,True
1830,zaihussin,2025-12-16T09:35:30.000Z,InsyaAllah..Jalan teruih YB sim,https://x.com/zaihussin/status/2000862340837990430,0,0,3,614,https://x.com/bumilangit/status/2000836227784982857,-0.025377303,,True,True,True,False
1831,haireyReyZ,2025-12-17T00:47:15.000Z,"Yb steven sim pemimpin serba boleh dan berbakat..ada ciri pemimpin yg baik..dlm parti dap selain anthony,dialah pemimpin yg disenangi rakyat",https://x.com/haireyReyZ/status/2001091790087344535,0,0,2,200,https://x.com/bumilangit/status/2000836227784982857,-0.005467817,,True,True,True,False
1832,UthRsm,2025-12-17T03:55:02.000Z,Campak dia ke tong sampah pun dia  boleh tuka sampah jadi baja kan..,https://x.com/UthRsm/status/2001139044198310171,0,0,1,103,https://x.com/bumilangit/status/2000836227784982857,-0.085469484,,True,True,False,True
1833,IamSya_1125,2025-12-16T11:06:02.000Z,"kerja dah bagus, di tukar.",https://x.com/IamSya_1125/status/2000885122753814718,1,0,1,680,https://x.com/bumilangit/status/2000836227784982857,-0.06104882,,True,True,False,True
1834,HartanahTimur,2025-12-18T08:27:07.000Z,Teghuihhhhh...,https://x.com/HartanahTimur/status/2001569904995287261,0,0,0,13,https://x.com/bumilangit/status/2000836227784982857,-0.023927063,,True,True,True,False
1835,fadzli_muji,2025-12-16T10:28:38.000Z,Jalan teruih,https://x.com/fadzli_muji/status/2000875709221495226,0,0,0,543,https://x.com/bumilangit/status/2000836227784982857,-0.023318127,,True,True,True,False
1836,chococaip,2025-12-30T10:03:02.000Z,Mjb kak. Kamu demam ga setelah vaksin?,https://x.com/chococaip/status/2005942696507068495,1,0,0,47,https://x.com/gitzzn/status/2005890957200482544,-0.02357316,,True,False,False,False
1837,ThatSun510,2025-12-29T03:22:18.000Z,"Pejabat selingkuh, punya ‘Ani-Ani‘, punya istri simpanan, semua itu GAK WOW!!! 1 ketahuan bukan yg lain beda   Yang WOW, netizen jago banget ngupas ginian TAPI gak sanggup ngupas Oligarki Global, gak sanggup ngupas kebohongan Vaksin Safe & Efektif. Wow   @StopPlandemit",https://x.com/ThatSun510/status/2005479463736500732,3,6,15,1384,https://x.com/ThatSun510/status/2005530820367564922,0.004055977,,True,True,True,False
1838,mulkanjabariyan,2025-12-29T04:42:27.000Z,netijen konoha jago bngt cocok²in postingan soal slengki² aku jg heran,https://x.com/mulkanjabariyan/status/2005499631191601480,1,0,0,98,https://x.com/ThatSun510/status/2005530820367564922,0.005782753,,True,True,True,False
1839,mulkanjabariyan,2025-12-29T14:16:49.000Z,butuh pengetahuan yg cukup conecting dot soal tipu² para antek dajjal,https://x.com/mulkanjabariyan/status/2005644178324434988,1,0,1,62,https://x.com/ThatSun510/status/2005530820367564922,-0.01569821,,True,True,True,False
1840,ThatSun510,2025-12-29T23:04:16.000Z,Yup dan puluhan tahun disajikan film isinya horor & perzinahan (termasuk perselingkuhan) Dr era ORBA > beranak dalam kubur (1971) s.d HARI INI > top genre masih perselingkuhan & horor  Rakyat  Dibuat BODOH dgn percaya mistis & suka bahas selangkangan,https://x.com/ThatSun510/status/2005776914980745374,1,3,8,297,https://x.com/ThatSun510/status/2005530820367564922,0.0223618,,True,True,True,False
1841,ch4o5Myth,2025-12-28T11:38:50.000Z,"gak ada yg tanya kenapa luhut gak ambil phizer , modaro , sinivax atau az-zenaka kan ?",https://x.com/ch4o5Myth/status/2005242032617611493,1,2,3,191,https://x.com/ThatSun510/status/2005423398420451631,-0.0042999685,,True,False,False,False
1842,MadaniNomics,2026-02-10T06:36:24.000Z,Kluster tibi di Kota Tinggi: Dr Dzulkefly sahkan penularan di kawasan luar bandar dan Felda.,https://x.com/MadaniNomics/status/2021110986057380221,1,11,16,1192,https://x.com/AqimNizar/status/2021372097961001349,0.08165774,,True,True,True,False
1843,sosmedkeras,2026-02-09T11:12:18.000Z,Hmhmhm,https://x.com/sosmedkeras/status/2020818032898048371,665,699,4255,675700,https://x.com/intanriia/status/2021046560436650123,0.05071807,,True,True,True,False
1844,AldhitamaR,2026-02-09T13:45:53.000Z,Keberatan bio Thread.,https://x.com/AldhitamaR/status/2020856683262546168,31,14,201,34600,https://x.com/intanriia/status/2021046560436650123,0.04505971,,True,True,True,False
1845,cottonmyeony,2026-02-10T06:38:01.000Z,nama doang health & wellness,https://x.com/cottonmyeony/status/2021111395652338061,0,0,0,260,https://x.com/intanriia/status/2021046560436650123,0.037712336,,False,True,False,False
1846,doesntexits,2026-02-10T03:16:23.000Z,Ha? Serius??  padahal nama udah wellness wellness tp kok julid parah,https://x.com/doesntexits/status/2021060653692354683,0,0,0,398,https://x.com/intanriia/status/2021046560436650123,0.019423693,,True,True,True,False
1847,Arie_Kriting,2026-02-05T04:30:46.000Z,Awalnya :   Akhirnya :   Apa saja yang begini?,https://x.com/Arie_Kriting/status/2019267431089467894,51,13,507,199600,https://x.com/williamg1808/status/2019339533750530307,-0.015433252,,True,False,False,False
1848,Damblessed,2026-02-02T03:38:12.000Z,Nunduk liat apa dok,https://x.com/Damblessed/status/2018167037693214829,22,12,654,47800,https://x.com/williamg1808/status/2018181250264293513,-0.011732429,,True,False,False,False
1849,tanyakanrl,2026-02-02T12:17:07.000Z,tw // epstein files buat yang di bidang kesehatan tolong dong pencerahan gimana edukasinya? soalnya kata om aku terbukti ada dokumennya kalau bill gates + epstein yang bikin simulasi pandemi.,https://x.com/tanyakanrl/status/2018297627163410573,65,71,1457,181000,https://x.com/magneticmoonic/status/2018351115914596751,0.08240199,,True,True,True,False
1850,magneticmoonic,2026-02-02T15:52:29.000Z,"Kalo vaksinya sudah teruji bertahun2 dan resiko yg mungkin didapat lebih tinggi apabila ga di vaksin baru yakin utk di vaksin. Tapi kalo vaksin yg baru, ogah deh, anak gue bukan kelinci percobaan. Please jangan paksa anak kami jadi kelinci percobaan.",https://x.com/magneticmoonic/status/2018351825586676180,1,0,0,267,https://x.com/magneticmoonic/status/2018351115914596751,0.044680804,,True,True,True,False
1851,magneticmoonic,2026-02-02T15:56:23.000Z,"Ga percaya dokter? halo, emang yg bikin itu vaksin kalian? kalian cuma tau teorinya kan, yg riset dan buat itu vaksin ya org2 dari industri vaksin, bukan kalian para dokter disini. Kita ga pernah tau motif trsmbunyi apa yg mereka punya, kalian jgn naif, karna ga semua org baik.",https://x.com/magneticmoonic/status/2018352807846486378,1,0,0,265,https://x.com/magneticmoonic/status/2018351115914596751,0.065867335,,True,True,True,False
1852,weakforwin,2026-02-27T07:21:56.000Z,Orang dewasa jg bisa kena. Malah lebih banyak orang dewasa pasienku,https://x.com/weakforwin/status/2027283038913405348,1,0,0,177,https://x.com/weakforwin/status/2027271255892906008,0.22329846,,True,True,True,False
1853,pwinxrv,2026-02-27T06:39:55.000Z,penularan nya lewat apa kak?? Ini yg ruam merah itu kah?,https://x.com/pwinxrv/status/2027272467920949485,1,0,0,178,https://x.com/weakforwin/status/2027271255892906008,0.2372413,,True,True,True,False
1854,weakforwin,2026-02-27T06:56:22.000Z,"Iyaa ruam merah. Nularnya bisa lewat percikan air ludah atau cairan tubuh lain (dahak, ingus, sekret mata) sm kontak langsung atau ke benda yg terkontaminasi  https://ayosehat.kemkes.go.id/topik-penyakit/penyakit-kulit-subkutan/campak…",https://x.com/weakforwin/status/2027276606675542223,1,0,2,203,https://x.com/weakforwin/status/2027271255892906008,0.22446409,,True,True,True,False
1855,hariankompas,2026-02-27T02:23:47.000Z,"Pengadaan ratusan ribu kendaraan niaga melalui impor dapat menekan industri komponen tier 1 hingga tier 3, bahkan memperbesar risiko pengurangan jam kerja dan pemutusan hubungan kerja atau PHK. #Ekonomi #AdadiKompas",https://x.com/hariankompas/status/2027208007634031017,1,0,1,106,https://x.com/hariankompas/status/2027249648411504770,0.2347596,,True,True,True,False
1856,hariankompas,2026-02-27T02:25:12.000Z,Kejaksaan Amerika Serikat menangkap Gerald Eddie Brown (65). Mantan pilot Angkatan Udara Amerika Serikat ini didakwa melatih pilot militer China. #Internasional #AdadiKompas,https://x.com/hariankompas/status/2027208363604623724,1,0,1,150,https://x.com/hariankompas/status/2027249648411504770,0.1618081,,True,True,True,False
1857,hariankompas,2026-02-27T02:29:13.000Z,"Baca juga #AnalisisBudaya oleh Ariel Heryanto berjudul ""Media Sosial"". Ia menulis, dibutuhkan perlindungan data pribadi oleh semua pihak, dari tingkat global hingga tingkat individual, dengan hukum, adab, dan etika. #AdadiKompas",https://x.com/hariankompas/status/2027209376382246959,1,2,5,453,https://x.com/hariankompas/status/2027249648411504770,0.17931294,,True,True,True,False
1858,hariankompas,2026-02-27T04:01:39.000Z,Baca berita lainnya di harian Kompas (http://Kompas.id) dan manfaatkan paket langganan http://Kompas.id 12 bulan dengan harga spesial: http://komp.as/BacaSekarang  #MencerahkanLintasGenerasi #AdadiKompas,https://x.com/hariankompas/status/2027232636553593232,1,0,0,204,https://x.com/hariankompas/status/2027249648411504770,0.11571759,,True,True,True,False
1859,Karung_goni_,2026-02-26T05:43:17.000Z,"Apakah harus tunggu bayi berumur 9 bulan baru bisa vaksin MR ya? Prevalensi meningkatkan seperti ini, rasanya bayi smp 9 bulan itu waktu yg cukup lama",https://x.com/Karung_goni_/status/2026895824442306605,4,1,4,4103,https://x.com/rvdyardian/status/2027079906279162312,0.25930163,,True,True,True,False
1860,Karung_goni_,2026-02-27T00:24:38.000Z,"Ini yg saya maksud kak. Dr umur 6 sampai 9 bulan, berarti masa kritis atau high potential utk terkena campak ya? Krna belom dpt vaksin dan kekebalan dr ibu sudah turun...",https://x.com/Karung_goni_/status/2027178023230038101,0,0,1,199,https://x.com/rvdyardian/status/2027079906279162312,0.2731089,,True,True,True,False
1861,ch4o5Myth,2026-02-26T15:45:17.000Z,salah sendiri ngga vaksin,https://x.com/ch4o5Myth/status/2027047325701665045,2,0,0,460,https://x.com/nyonyakaya_/status/2027027748003500440,0.0940167,,True,True,True,False
1862,BaseFKIK,2026-02-26T11:11:14.000Z,"dok! Kasus terbanyak di IGD RS dokter biasanya apa, dok? Sender masih degdegan, baru masuk stase RS",https://x.com/BaseFKIK/status/2026978359318925784,2,29,28,114600,https://x.com/LiaA10150067756/status/2027011293295882408,0.32114488,,True,True,True,False
1863,TriadeAmarullo2,2026-02-26T18:01:24.000Z,Krn patient zero terbang pake Garuda dari Jakarta... Saya tau krn peristiwanya cuma beda 2-3 hari setelah saya sampe ke Sydney September thn lalu...,https://x.com/TriadeAmarullo2/status/2027081579466776693,0,0,1,1424,https://x.com/AdamPrabata/status/2026949827972751717,0.076906204,,True,True,True,False
1864,metamorf29,2026-02-26T11:47:44.000Z,"Ibunya kemakan hasutan kaum antivax, anak yg jadi korban",https://x.com/metamorf29/status/2026987541132661204,0,0,3,5813,https://x.com/AdamPrabata/status/2026949827972751717,0.18636033,,True,True,True,False
1865,sungjinnny,2026-02-26T12:03:51.000Z,dan presidennya sibuk ngehambur2in duit ngedanain zionis sama ngeracunin anak2 lewat makan gratis yang kaga bergizi,https://x.com/sungjinnny/status/2026991597980897617,0,0,1,2555,https://x.com/AdamPrabata/status/2026949827972751717,0.14143813,,True,True,True,False
1866,wuffiemollie,2026-02-26T17:57:57.000Z,Di aplikasi kesehatan ga ada ya data lengkap kita udh vaksin apa aja pas bayi di posyandu? Jujur gue dan ortu lupa apa aja vaksin yg udh disuntik ke tubuh,https://x.com/wuffiemollie/status/2027080712231481430,0,0,1,1976,https://x.com/AdamPrabata/status/2026949827972751717,0.19638684,,True,True,True,False
1867,karinp00,2026-02-27T00:02:28.000Z,"Kerabat ku ya suaminya nggak ngebolehin vaksin  katanya haram, tapi istrinya tiap jadwal imunisasi sembunyi sembunyi dari suaminya.  Yang kedua tetangga takut anak demam/rewel setelah imunisasi yang munculah bahwa suntik imunisasi bikin anak sakit.",https://x.com/karinp00/status/2027172443954217108,1,0,0,2039,https://x.com/AdamPrabata/status/2026949827972751717,0.18697748,,True,True,True,False
1868,riry_djoe,2026-02-27T00:19:50.000Z,"Itu yg anti2 vaksin otak nya emang tolol aja sih,",https://x.com/riry_djoe/status/2027176813651497056,0,0,0,785,https://x.com/AdamPrabata/status/2026949827972751717,0.11706987,,True,True,True,False
1869,YogautamaK75415,2026-02-27T05:57:02.000Z,Kaum pureblood,https://x.com/YogautamaK75415/status/2027261674735186360,0,0,0,139,https://x.com/AdamPrabata/status/2026949827972751717,0.12869245,,True,True,True,False
1870,LagotSabe,2026-02-26T19:40:21.000Z,"Jangankan orang Indonesia, orang Jerman juga ada yg begitu.. Padahal di Jerman sudah wajib, termasuk salah satu persyaratan boleh masuk sekolah atau kerja.",https://x.com/LagotSabe/status/2027106481993130009,0,0,0,1653,https://x.com/AdamPrabata/status/2026949827972751717,0.14249197,,True,True,True,False
1871,gstvsml,2026-02-26T12:10:27.000Z,"Kalau udah kaya gini, implikasinya apa dok ke Indo?",https://x.com/gstvsml/status/2026993259915120939,0,0,0,4474,https://x.com/AdamPrabata/status/2026949827972751717,0.1352131,,True,True,True,False
1872,yakindongg,2026-02-26T13:43:25.000Z,Tadi pagi di RT sebelah ada balita yang meninggal karena campak,https://x.com/yakindongg/status/2027016654392303850,1,0,0,10200,https://x.com/AdamPrabata/status/2026949827972751717,0.20435423,,True,True,True,False
1873,kodelle_,2026-02-26T14:04:59.000Z,Dari bulan november 2025 banyak banget pasien anak morbilli,https://x.com/kodelle_/status/2027022082161496174,0,0,0,8,https://x.com/AdamPrabata/status/2026949827972751717,0.15951005,,True,True,True,False
1874,hen0ch,2026-03-01T17:23:48.000Z,Ini ada anggarannya gak sih ari @KemenkesRI utk merespons hal ini? Apa termasuk budget yg dikurangi?,https://x.com/hen0ch/status/2028159279279329697,0,0,0,39,https://x.com/AdamPrabata/status/2026949827972751717,0.11313775,,True,True,True,False
1875,sempol99,2026-02-26T18:21:57.000Z,Antivaks sugih,https://x.com/sempol99/status/2027086751198769476,0,0,0,496,https://x.com/AdamPrabata/status/2026949827972751717,0.12838152,,True,True,True,False
1876,JokoSutris85597,2026-02-27T02:52:25.000Z,Kenapa masih ada ortu ug menolak vaksin ya?,https://x.com/JokoSutris85597/status/2027215215583223890,0,0,0,371,https://x.com/AdamPrabata/status/2026949827972751717,0.19268596,,True,True,True,False
1877,akudisinimenung,2026-02-26T12:53:32.000Z,Ini lanjutannya mana?,https://x.com/akudisinimenung/status/2027004101155012928,0,0,0,1616,https://x.com/AdamPrabata/status/2026949827972751717,0.13011378,,True,True,True,False
1878,zanepenjahit,2026-02-26T08:05:09.000Z,Coba cek buku pinknya. Kalau masih kuning harusnya bs dikejar. Klo udah lewat konsul sm dokter di puskesmas dlu.,https://x.com/zanepenjahit/status/2026931528161477116,1,0,3,593,https://x.com/dandelliownies/status/2026890447826858394,0.22168854,,True,True,True,False
1879,dandelliownies,2026-02-26T14:07:22.000Z,Oh iya kak. Siap. Trimakasih infonya,https://x.com/dandelliownies/status/2027022684090220956,0,0,0,316,https://x.com/dandelliownies/status/2026890447826858394,0.24595508,,True,True,True,False
1880,thebelleetoile,2026-02-27T01:21:27.000Z,"bisa Kak, campak ke 2 biasanya umur 2th tapi 2,5th juga masih bisa",https://x.com/thebelleetoile/status/2027192322694467652,1,0,0,33,https://x.com/dandelliownies/status/2026890447826858394,0.23258814,,True,True,True,False
1881,indahsuryani,2026-02-26T13:59:33.000Z,"Bisa. Dulu tetanggaku seumuran anakku jg sering nyusul vaksin krn sering sakit pas jadwal vaksin Yg harusnya selesai usia 18 bulan, tapi tetep dibolehin sama bu bidan meskipun usia lbh dari 2 thn  Semoga anaknya sehat selalu, Kak... Aamiin",https://x.com/indahsuryani/status/2027020714952532097,1,0,0,410,https://x.com/dandelliownies/status/2026890447826858394,0.20949164,,True,True,True,False
1882,mbelekelah,2026-02-26T04:07:09.000Z,Ini menular atau ga bang? Biasanya lewat media apa sih?,https://x.com/mbelekelah/status/2026871631306699110,1,0,0,14,https://x.com/RifkiTahidda/status/2026866765926642168,0.16509917,,True,True,True,False
1883,RifkiTahidda,2026-02-26T04:14:11.000Z,"campak penyakit yang sangat menular bang. Udara, percikan air liur.",https://x.com/RifkiTahidda/status/2026873404322877555,1,0,0,27,https://x.com/RifkiTahidda/status/2026866765926642168,0.17352036,,True,True,True,False
1884,MChoirulA692,2026-02-26T03:51:32.000Z,Berarti yg udah di vaksin aman kan ya? Masih bisa kena lg gak?,https://x.com/MChoirulA692/status/2026867704460873987,1,0,0,21,https://x.com/RifkiTahidda/status/2026866765926642168,0.14863005,,True,True,True,False
1885,RifkiTahidda,2026-02-26T04:02:00.000Z,"Orang yang sudah divaksinasi dan terinfeksi jauh lebih kecil kemungkinannya untuk menderita gejala parah, masuk rumah sakit, atau meninggal dunia dibandingkan orang yang tidak divaksin kak Mengapa? Karena respons kekebalan setiap orang berbeda-beda, dan virus/bakteri bisa",https://x.com/RifkiTahidda/status/2026870339062608351,0,0,0,18,https://x.com/RifkiTahidda/status/2026866765926642168,0.17059848,,True,True,True,False
1886,yourlilbae_,2026-02-18T15:27:15.000Z,"Kak, wta, aku habis baca-baca katanya vaksin campak boleh dikasih di start usia 9 bulan, semisal sebelum usia 9 bulan tapi sudah terkena campak itu gimana ya cara mengatasinya? Apakah di vaksin saat itu juga atau gimana yaa",https://x.com/yourlilbae_/status/2024143682409206170,1,0,0,90,https://x.com/mldald_5/status/2024137141916451161,0.14682013,campak_as_throw,True,True,False,True
1887,mldald_5,2026-02-18T15:34:13.000Z,"Harus dibawa ke RS kak. Atau ke DSA dulu, nnti dikasih obat sama penanganannya.",https://x.com/mldald_5/status/2024145436010016965,0,0,0,69,https://x.com/mldald_5/status/2024137141916451161,0.15280813,,True,True,True,False
1888,AdamPrabata,2026-02-17T12:55:06.000Z,"Setuju, gak ngerti lagi sama influencer berfollower banyak yang mengajak orang jadi antivaksin.  Kalo sampe KLB, mereka mau tanggung jawab emang?  https://x.com/Maeliani07/sta/Maeliani07/status/2023556599353389081…",https://x.com/AdamPrabata/status/2023743007040606219,62,492,1308,229,https://x.com/min_hyo/status/2023991114299023845,0.21526286,,True,True,True,False
1889,ababilaaaaa,2026-02-18T03:39:11.000Z,Mau ngasih tau ke yang belum terpapar antivak nya si bude wellness kalau vaksin tuh untuk mengurangi penyebaran penyakit. Ih udah vaksin campak tapi tetep kena campak! tapi ga sampe meninggal kan? Banyak yang meninggal saat terpapar hanya karena belum vaksin btw aku bukan nakes https://x.com/maeliani07/sta/maeliani07/status/2023556599353389081…,https://x.com/maeliani07/status/2023556599353389081,0,0,2,705,https://x.com/ababilaaaaa/status/2023965493426548822,0.17061874,,True,True,True,False
1890,rochmyaningsih,2026-02-17T21:16:15.000Z,Wah seneng dengernya. Smoga brmanfaat.,https://x.com/rochmyaningsih/status/2023869126125777026,0,0,1,353,https://x.com/ultima_kawaii/status/2023853611730813316,0.03262469,,True,True,True,False
1891,RodriChen,2026-02-23T11:36:24.000Z,"Orang sering anggap enteng campak. Tapi harus tahu, campak menyerang SEMUA selaput lendir. Makanya gejalanya mata merah, radang tenggorokan, diare. Namun, jelek²nya, campak bikin radang otak, kerusakan saraf spt mata dan dengar, bahkan radang paru². Dan bahkan kematian.",https://x.com/RodriChen/status/2025897528924008880,4,137,260,7,https://x.com/RodriChen/status/2025903644147933270,0.26419866,,True,True,True,False
1892,NakesPuskesmas,2026-02-23T04:15:09.000Z,"2) Hindari Risiko Paparan Jika ada anak di sekitar lingkungan yg sakit, kita harus lebih aware karena campak dapat menularkan 4 hari sebelum dan setelah ruam merah muncul. Sebaliknya, jk anak kita yg brgejala, sbaiknya sgera periksakan & mengisolasi anak agar memutus penularan.",https://x.com/NakesPuskesmas/status/2025786484524212429,1,3,8,9598,https://x.com/NakesPuskesmas/status/2025786468271305023,0.21595424,,True,True,True,False
1893,NakesPuskesmas,2026-02-23T04:15:14.000Z,"3) Perkuat Daya Tahan Tubuh Kondisi tubuh anak yang prima, adalah kunci utama mencegah komplikasi campak. Konsumsi menu gizi seimbang, penuhi cairan min.1,2 L perhari, tidur cukup (10-13 jam perhari) dan konsumsi vitamin A yg juga bisa diperoleh di Puskesmas dan Posyandu",https://x.com/NakesPuskesmas/status/2025786504430407996,1,2,9,7495,https://x.com/NakesPuskesmas/status/2025786468271305023,0.21681142,,True,True,True,False
1894,NakesPuskesmas,2026-02-23T04:15:15.000Z,"Jadi, jangan lupa rutin bawa anak kita ke Puskesmas yah  #Campak #Kesehatan #Puskesmas",https://x.com/NakesPuskesmas/status/2025786510017171835,0,1,4,6497,https://x.com/NakesPuskesmas/status/2025786468271305023,0.24019045,,True,True,True,False
1895,AldhitamaR,2026-02-18T04:51:29.000Z,"""Tunjangan kesehatanku tinggi""  ""Berobatnya ke profesor ahli imunologi""  ketikannya kek OKB.",https://x.com/AldhitamaR/status/2023983685255787005,50,372,2169,109,https://x.com/jelitaynss/status/2024006917517939083,0.014313877,,True,True,True,False
1896,sdenta,2026-02-17T13:16:00.000Z,Kalo gak salah orang yang sama juga anti injeksi vitamin K pada bayi baru lahir dan anti program pemberian vitamin A di posyandu ya? Semoga ortu2 Indonesia diberikan kelapangan berpikir jernih demi kesehatan anak2nya Amiin Ya Rabb. https://x.com/Maeliani07/sta/Maeliani07/status/2023556599353389081…,https://x.com/sdenta/status/2023748266295521770,52,637,1716,77,https://x.com/mahentonggg/status/2023954500726259725,0.17338336,,True,False,False,True
1897,Arrazzi9,2026-02-18T02:51:48.000Z,"Iye pertanyaan besar itu, kok bisa sepupulu bisa dapet ijazah dokternya? Kasih tau praktik dimana biar orang2 jangan pade kesitu",https://x.com/Arrazzi9/status/2023953568508899508,0,0,33,808,https://x.com/skyundocean/status/2023917428888269161,0.115440875,,True,True,True,False
1898,memilihviolence,2026-02-18T03:00:10.000Z,"Sama kasih tahu sepupunya kerja dmn kak, biar kita ga berobat kesitu",https://x.com/memilihviolence/status/2023955671826526492,1,2,25,1055,https://x.com/skyundocean/status/2023917428888269161,0.11281794,,True,True,True,False
1899,maulanarifki,2026-02-18T03:27:54.000Z,Sepupu lu kuliah dimana ? Ijazahnya bener lulus ? Bisa2nya lulus stase IKA tapi ga paham imunisasi.,https://x.com/maulanarifki/status/2023962651395588226,0,0,7,646,https://x.com/skyundocean/status/2023917428888269161,0.12894788,,True,True,True,False
1900,T3RIP4NG,2026-02-18T04:06:36.000Z,Spill RS nya dimana? Biar gue hubungin temen2 nakes buat di list RS yg perlu diblacklist krna antivax,https://x.com/T3RIP4NG/status/2023972393010819443,0,1,5,496,https://x.com/skyundocean/status/2023917428888269161,0.12169489,,True,False,False,True
1901,WidyoLita,2026-02-18T07:54:04.000Z,Hadeuh,https://x.com/WidyoLita/status/2024029635776803034,0,0,0,206,https://x.com/skyundocean/status/2023917428888269161,0.1272333,,True,True,True,False
1902,Naufalakbary,2026-02-18T06:43:12.000Z,3 jam ga ada balasan.   Takutnya sepupu mu itu adalah ai haibara.,https://x.com/Naufalakbary/status/2024011803064496612,0,0,0,275,https://x.com/skyundocean/status/2023917428888269161,0.11795217,,True,True,True,False
1903,winygs,2026-02-17T14:44:28.000Z,"kalau vaksin emang “salah”harusnya kita ngga pernah lihat penurunan drastis penyakit polio, campak, atau smallpox secara global lol  vaksin yang jadi intervensi medis berbasis riset dibilang “khilaf”…. yang bener ajeee  framing lo itu misleading, kynov. https://x.com/Maeliani07/sta/Maeliani07/status/2023556599353389081…",https://x.com/winygs/status/2023770528469991774,29,1158,4052,138,https://x.com/rollercoasterru/status/2023908088852730019,0.14410001,,True,True,True,False
1904,____nca,2026-02-17T09:57:23.000Z,"ini kenapa gw gamau ortu gw terlalu jauh main sosmed. banyak bgt influencers tolol yg bakalan mempengaruhi org org anjir…   ni orang stop lah menyuarakan anti vaksin. dokter bukan, nakes bukan, dia siapa???",https://x.com/AldhitamaR/status/2023698281399021790/photo/1,0,0,3,316500,https://x.com/____nca/status/2023903854920929596,0.13502568,,True,True,True,False
1905,ykvksn,2026-02-18T02:03:41.000Z,Orang tua antivaks tu nggak inget aja dulu diimunisasi,https://x.com/ykvksn/status/2023941457627803842,0,0,0,19,https://x.com/ykvksn/status/2023889150660014308,0.121141344,,True,True,True,False
1906,niki_tipaah,2026-02-18T04:42:50.000Z,"padahal pinter dikit, mau nyari tahu bisa dpt insight bagus banget, kemarin di grup seribu chatting puskesmas tempat tinggalku ada juga dikasih pdf jurnal ttg imunisasi, udh aku hapus sayangnya. wkwk nih sering di share gini juga",https://x.com/niki_tipaah/status/2023981510718845058,0,1,11,1,https://x.com/karimnas_/status/2023877331715240132,0.12490603,,True,False,False,True
1907,mamahcing,2026-02-18T02:41:01.000Z,"Tiotif ini otaknya berkerak antivaks, pernah berdebat sama doi, udah kayak journal reading lah sama dia. Tapi dia terlalu ""nggebyah uyah"" apa yg dia baca, nalarnya ngga kayak kita-kira orang normal pada umumnya.",https://x.com/mamahcing/status/2023950855280447534,2,0,6,1634,https://x.com/karimnas_/status/2023877331715240132,0.10476981,,True,True,True,False
1908,purwple,2026-02-18T12:07:40.000Z,"Nonton 2 video bang Radit yg ini deh. Akupun blm nikah dan blm punya anak aja belajar dari sini. Minimal nikahnya gak tau kapan, tp bekal jadi orang tuanya udah ada",https://x.com/purwple/status/2024093456466112735,0,1,3,286,https://x.com/karimnas_/status/2023877331715240132,0.11512315,,True,True,True,False
1909,AriqMuthohhar,2026-02-18T05:41:19.000Z,Ironis nya mereka (antivak) malah yang dari cilik sudah vaksin  . Sekarang koar-koar anti vaksin. Terus kalau ada KLB siapa yg mau tanggung jawab ?,https://x.com/AriqMuthohhar/status/2023996228812329468,0,1,1,367,https://x.com/karimnas_/status/2023877331715240132,0.15095854,,True,True,True,False
1910,horcruxsh,2026-02-18T03:15:38.000Z,"ini tuh kasian buat ibu2 tau. jd pada galau antara mau vaksin anaknya apa nggak. ibu2 tuh gampang overthinking krn selalu jd pihak yg disalahkan kalo anaknya kenapa2, ditambah ada ginian. tolonglah ditertibkan",https://x.com/horcruxsh/status/2023959565230919689,0,0,3,984,https://x.com/karimnas_/status/2023877331715240132,0.19249173,,True,True,True,False
1911,rakabuning,2026-02-18T02:10:54.000Z,Seharusnya dijerat kuhp dan uu ite. Mana nih polisi?,https://x.com/rakabuning/status/2023943274155717086,1,0,2,1949,https://x.com/karimnas_/status/2023877331715240132,0.15528877,,True,True,True,False
1912,ruzqina,2026-02-18T01:15:41.000Z,"Biarin napa sik, kok maksa. Bebas terserah mereka nentuin yg masuk ke badan mereka itu hak mereka. Kok repottt bat lu",https://x.com/ruzqina/status/2023929380792316400,21,3,1,3854,https://x.com/karimnas_/status/2023877331715240132,0.1363822,,True,True,True,False
1913,kakakpembinah,2026-02-18T04:10:43.000Z,Gagal sudah Indonesia bebas polio,https://x.com/kakakpembinah/status/2023973426109554959,0,0,1,417,https://x.com/karimnas_/status/2023877331715240132,0.14995056,,True,False,False,True
1914,alexandraaazx,2026-02-18T16:46:47.000Z,di apk sebelah banyak juga tau kak,https://x.com/alexandraaazx/status/2024163698559111383,0,0,0,43,https://x.com/karimnas_/status/2023877331715240132,0.14195307,,True,True,True,False
1915,sjhswb13767,2026-02-18T11:30:59.000Z,"Pusingggg, apalagi semenjak ada konspirasi chip microsoft dengan si om PDF itu. Gara2 mereka orang makin yakin vaksin tuh gadiperluin",https://x.com/sjhswb13767/status/2024084223406022973,0,0,0,121,https://x.com/karimnas_/status/2023877331715240132,0.14688766,,True,True,True,False
1916,chansanayka2612,2026-02-18T09:09:19.000Z,"Gak penting bagi pemerintahan mbg yang utama  apalagi ini kesehatan lebih gak penting pendidikan aja gak penting, jalankan mbg terus hutang aja mekin gak ngotak nambah terus",https://x.com/chansanayka2612/status/2024048572778602857,0,0,0,179,https://x.com/karimnas_/status/2023877331715240132,0.10858457,,True,True,True,False
1917,nanastorages,2026-03-03T09:10:37.000Z,"Buset gw kira antivaxx dah musnah dari jaman sebelum COVID, lah bisa2nya ada lagi",https://x.com/nanastorages/status/2028759942652735552,0,0,0,17,https://x.com/karimnas_/status/2023877331715240132,0.1251888,,True,False,False,True
1918,maulanarifki,2026-02-18T03:26:43.000Z,"Pemerintah susah2 naikin cakupan imunisasi, orang2 kayak gini yg bikin buyar.. harusnya di panggil sih.",https://x.com/maulanarifki/status/2023962355692937495,0,0,0,549,https://x.com/karimnas_/status/2023877331715240132,0.15934286,,True,True,True,False
1919,FaizalOktaW,2026-02-18T02:41:07.000Z,Lho di FB lebih menjamur lagi tuh. Sarangnya malah,https://x.com/FaizalOktaW/status/2023950877703238037,0,0,0,888,https://x.com/karimnas_/status/2023877331715240132,0.12721546,,True,True,True,False
1920,andrsdwang,2026-02-18T03:46:32.000Z,"Biasa gini emang IRT. Di rumah nganggur, otak kopong, baca artikel bentar di internet langsung berasa jago.",https://x.com/andrsdwang/status/2023967341361721459,0,0,0,439,https://x.com/karimnas_/status/2023877331715240132,0.119233415,,True,True,True,False
1921,dokterapin,2026-02-21T09:50:52.000Z,"Keluhan lain: anaknya jadi lebih sering muntah. Kadang sulit membedakan dengan gumoh wajar. Tapi orangtuanya menyampaikan: ini tidak seperti biasanya. Status gizinya baik. Apa yang membuat bayi yang sebelumnya sehat dan normal perkembangannya, lalu mundur?",https://x.com/dokterapin/status/2025146194968871156,1,5,55,34,https://x.com/dokterapin/status/2025203127721582825,0.17654282,,True,True,True,False
1922,dokterapin,2026-02-21T09:58:30.000Z,"Sebagai dokter saraf anak, saya harus memastikan apakah ada masalah dengan susunan saraf pusatnya (otaknya)? Dari pemeriksaan fisik, saya minta CT scan kepala dilakukan.  Hasilnya: massa tumor cukup besar, memenuhi hampir sepertiga ruang otaknya.",https://x.com/dokterapin/status/2025148114622202026,6,28,190,29,https://x.com/dokterapin/status/2025203127721582825,0.04971695,,True,True,True,False
1923,dokterapin,2026-02-21T10:45:33.000Z,"Lokasinya belum sampai menekan batang otak. Hampir. Sudah menimbulkan sumbatan pada aliran cairan otak, menyebabkan hidrosefalus. Dugaan sementara entah ependimoma, meduloblastoma, atau mungkin glioma. Harus diperiksa lebih lanjut dengan MRI kepala. Juga pasang VP shunt sementara",https://x.com/dokterapin/status/2025159954353799447,1,9,89,28,https://x.com/dokterapin/status/2025203127721582825,0.092526495,,True,True,True,False
1924,dokterapin,2026-02-21T10:50:55.000Z,"Inilah yang namanya KOINSIDENS. Terjadi 2 hal dalam waktu berurutan atau mungkin bersamaan. TIDAK ada hubungan sebab-akibat (kausalitas). Tapi SERING dianggap ada hubungan. Vaksin menyebabkan kelumpuhan otak. Padahal kelumpuhan BUKAN karena vaksin, tetapi karena penyebab lainnya.",https://x.com/dokterapin/status/2025161306815570378,3,199,577,30,https://x.com/dokterapin/status/2025203127721582825,0.09564909,,True,True,True,False
1925,dokterapin,2026-02-21T11:15:04.000Z,"Ini hanyalah salah satu dari sekian banyak KOINSIDENS yang terjadi sebagai ""Kejadian Ikutan Pasca Imunisasi (KIPI)"". Masyarakat seringkali membuat kesimpulan dan narasi sendiri ketika terjadi kondisi berat setelah anak divaksin, dianggap karena vaksinnya. Padahal BUKAN.",https://x.com/dokterapin/status/2025167384211055054,2,53,242,27,https://x.com/dokterapin/status/2025203127721582825,0.19563103,,True,True,True,False
1926,dokterapin,2026-02-21T13:01:44.000Z,Inilah pentingnya INVESTIGASI tiap kali terjadi penyakit/kondisi berat pasca imunisasi. Untuk melihat: apakah vaksin menjadi PENYEBAB kondisi tersebut? Atau memang tidak ada hubungan. Tetapi sudah keburu menjadi asumsi dan opini liar di masyarakat: vaksinlah penyebabnya!,https://x.com/dokterapin/status/2025194224485101728,1,22,87,17,https://x.com/dokterapin/status/2025203127721582825,0.16370118,,True,True,True,False
1927,dokterapin,2026-02-21T13:43:07.000Z,"Pertemuan pembahasan berbagai laporan yang masuk terkait KIPI rutin diadakan, melibatkan Komnas/Komda PP KIPI. Maka jelas sekali apakah kausalitas/koinsidens. Sayangnya di lapangan, cukup banyak kejadian yg tidak disampaikan ke Komda/Komnas PP KIPI dan dibiarkan menjadi asumsi.",https://x.com/dokterapin/status/2025204641651408926,1,5,26,13,https://x.com/dokterapin/status/2025203127721582825,0.12508187,,True,True,True,False
1928,dokterapin,2026-02-21T14:02:58.000Z,"Ini pula yang menjadi ""bahan bakar "" sekelompok orang yang tidak paham kelimuan, bahkan mencoba ""cocokologi"", dan menyebarkan misinformasi bahkan DISINFORMASI alias berita bohong (hoax) terkait vaksin.  Ini terjadi di banyak negara, baik yang tergolong maju, apalagi terbelakang.",https://x.com/dokterapin/status/2025209635935043671,1,9,54,11,https://x.com/dokterapin/status/2025203127721582825,0.16111721,,True,True,True,False
1929,dokterapin,2026-02-21T14:26:22.000Z,"Sebelum menutup utas, saya perkenalkan diri: saya Arifianto, dokter spesialis anak subspesialis neurologi. Penulis buku ""Yakin dengan Vaksin dan Imunisasi?"". Pasien2 saya anak2 dengan berbagai gangguan saraf otak. Salah satunya autisme. Tidak ada hubungan vaksin dengan autisme",https://x.com/dokterapin/status/2025215526184911107,3,9,62,10,https://x.com/dokterapin/status/2025203127721582825,0.1354995,,True,True,True,False
1930,dokterapin,2026-02-21T14:32:11.000Z,"Balik ke kasus yg saya share. Vaksin bukan penyebab tumor otaknya ya. Bukan juga ""bahan yang mengaktifkan "" tumor otak. Benar-benar 2 kondisi yang tidak saling terkait. Kebetulan saja kejadiannya setelah imunisasi. Tidak ada hubungan sama sekali.",https://x.com/dokterapin/status/2025216987706917056,1,9,39,9,https://x.com/dokterapin/status/2025203127721582825,0.14010647,,True,True,True,False
1931,dokterapin,2026-02-21T15:00:51.000Z,"Kasus tumor otak pada bayi memang langka. Kebetulan saja gejalanya baru tampak pada usia 4 bulan lewat tersebut. Tanpa pemeriksaan pencitraan seperti CT scan/MRI, diagnosis tidak akan pernah diketahui. Bayangkan di daerah yang terbatas fasilitas kesehatannya.",https://x.com/dokterapin/status/2025224201666437397,1,7,40,9,https://x.com/dokterapin/status/2025203127721582825,0.14310446,,True,True,True,False
1932,dokterapin,2026-02-21T15:01:55.000Z,"Mungkin ini juga sebab banyak kasus kesehatan tidak tuntas investigasi diagnosisnya.   Saya berdoa kepada Allah, agar mengangkat penyakit bayi ini, dan memberikannya kesembuhan sempurna. Aamiin",https://x.com/dokterapin/status/2025224471406412090,1,3,74,8,https://x.com/dokterapin/status/2025203127721582825,0.13869983,,True,True,True,False
1933,sdenta,2026-02-18T11:05:38.000Z,Gampang aja. Saya kasih contoh sederhana buat yang mau mikir. Tahun 2010 ada sekitar 4 juta anak Indonesia divaksinasi. Ada berapa juta laki2 lebih feminim dan perempuan lebih maskulin usia 15-16 tahun saat ini di Indonesia?,https://x.com/sdenta/status/2024077845375623680,79,443,2724,475,https://x.com/sdenta/status/2024099308694344150,0.11207031,,True,True,True,False
1934,sdenta,2026-02-18T11:41:31.000Z,"Persentase yang disampaikan pak Prabowo itu numeratornya sudah terbukti ada. Nah coba dijawab, ada berapa laki jadi feminim dan perempuan jadi maskulin yang terbukti karena efek samping vaksin? Dengan denominator yang jelas kan bisa kehitung risikonya sebesar apa.",https://x.com/ch4o5Myth/status/2024086874630087036/photo/1,2,2,97,70,https://x.com/sdenta/status/2024099308694344150,0.06968789,,True,True,True,False
1935,ch4o5Myth,2026-02-18T12:47:22.000Z,gimana bisa awam tahu data2 seperti itu jika @KemenkesRI saja menutup data KIPI hingga akhirnya @TedInvestigasi bawa ke pengadilan.  tapi yang jelas kasus pesta seks atau kekerasan seksual sesama jenis dah kek jamur dimusim hujan!!  https://komisiinformasi.go.id/read/02/08/2025/KI-Pusat-Selesaikan-Dua-Sengketa-Informasi-Publik-LSM-YAKIN-dengan-BPOM-dan-Kemenkes…,https://x.com/ch4o5Myth/status/2024103449210548514,1,0,4,822,https://x.com/sdenta/status/2024099308694344150,0.11345413,,True,True,True,False
1936,monkeypowerr,2026-02-18T14:26:28.000Z,"Dok, gak paham mereka   Wkwk",https://x.com/monkeypowerr/status/2024128385568453118,1,0,0,1,https://x.com/sdenta/status/2024099308694344150,0.08696677,,True,True,True,False
1937,kesrempettkuda,2026-02-22T03:06:48.000Z,Terharu melihat user kelixmann akhirnya ngetwit sesuatu yang berhubungan dengan medis setelah kemarin full marah-marah,https://x.com/kesrempettkuda/status/2025406895985717375,1,0,0,99,https://x.com/kelixmann/status/2025404782786273386,0.11860433,,True,True,True,False
1938,kelixmann,2026-02-22T03:07:16.000Z,Ini atmin minggu pagi yg ngtwt,https://x.com/kelixmann/status/2025407012373496205,1,0,0,94,https://x.com/kelixmann/status/2025404782786273386,0.15088055,,False,True,False,False
1939,ronaldhakim_07,2026-02-21T07:56:05.000Z,"BELAJARLAH PARENTING SAMPAI KAMU PAHAM PERAN AYAH  1.Ayah memberi arah dan struktur. 2.Kehadiran ayah menenangkan anak. 3.Sikap ayah membentuk rasa aman. 4.Ketegasan ayah melatih batas. 5.Konsistensi ayah menumbuhkan percaya diri.  → Ayah bukan pelengkap, tapi penopang",https://x.com/ronaldhakim_07/status/2025117308973449391,13,895,2967,52,https://x.com/NakesPuskesmas/status/2025130313643700570,0.12463926,,True,True,True,False
1940,bluecandleway,2026-02-21T02:34:46.000Z,Untuk scaling alurnya gimana?  Ke dokter umum dulu atau langsung cari drg?,https://x.com/bluecandleway/status/2025036443136262185,7,0,0,14,https://x.com/LambeSahamjja/status/2025035424398541139,0.16280752,,True,True,True,False
1941,andyxnora,2026-02-21T05:50:07.000Z,Setahuku imunisasi anak ke DSA ga bisa pake bpjs. Kenapa? Karena udah ada imunisasi gratis di posyandu dan puskesmas jadi imunisasi di DSA itu terhitung umum.,https://x.com/andyxnora/status/2025085606137880879,4,1,0,5,https://x.com/LambeSahamjja/status/2025035424398541139,0.208944,,True,False,False,True
1942,rosyidaa_mm,2026-02-21T14:15:25.000Z,"Wkwkwk tambal gigi di puskesmas ngga dibersihin atau dibor dulu gitu, jadinya jelekk, alhasil ngulang nambal lagi di klinik gigi tanpa bpjs...",https://x.com/rosyidaa_mm/status/2025212768459391203,0,0,1,403,https://x.com/LambeSahamjja/status/2025035424398541139,0.15175223,,True,False,False,True
1943,brightly____,2026-02-21T07:48:09.000Z,Kata temenku yg di kesehatan dia juga bilang sistem bpjs kita tuh sebenernya ok bgt. Krn kita ada faskes I kaya puskesmas atau klinik jd ga numpuk bgt di rs. Walopun nyatanyan untuk spesialis ttp bakalan antri. Tp oke lah dengan harga murah gitu dibanding asuransi kesehatan.,https://x.com/brightly____/status/2025115310525735178,0,0,1,935,https://x.com/LambeSahamjja/status/2025035424398541139,0.12621686,,True,False,False,True
1944,findsbyfii,2026-02-21T10:19:56.000Z,"kak aku masih 21 tahun tapi mempergunakan bpjs buat cabut gigi bungsu, PSA even prosesnys cukup lama cmn sangat berguna untuk tidak membaysr perawatan yg berjuta juta itu",https://x.com/findsbyfii/status/2025153506957758956,0,0,1,593,https://x.com/LambeSahamjja/status/2025035424398541139,0.14493322,,True,True,True,False
1945,fazar_gilang,2026-02-21T08:31:22.000Z,Gak usah terlalu buzzer semua itu harus ada indikasi medis nya dan sesuai rekomendasi dokter Gak tiba-tiba bisa minta tindakan itu begitu saja,https://x.com/fazar_gilang/status/2025126187958473173,0,0,1,392,https://x.com/LambeSahamjja/status/2025035424398541139,0.17149454,,True,True,True,False
1946,rizal_septyan,2026-02-21T08:26:04.000Z,"Pernah nanya ke bagian administrasi faskes bpjs, scalling gak bisa pakai bpjs. Tapi gatau juga di klinik lain bisa atau tidak belum pernah nyoba",https://x.com/rizal_septyan/status/2025124853452603674,0,0,1,482,https://x.com/LambeSahamjja/status/2025035424398541139,0.18381119,,True,False,False,True
1947,xeraxon,2026-02-21T05:37:19.000Z,coba jelasin dimana scaling bisa pake bpjs? ditempatku ditolak mulu tu kecuali mandiri,https://x.com/xeraxon/status/2025082386879578407,0,0,0,687,https://x.com/LambeSahamjja/status/2025035424398541139,0.15103376,,True,True,True,False
1948,amaliaak303,2026-02-21T13:38:25.000Z,Suda 2x perawatan obgyn di RS dibantu BPJS yang kalau dihitung udah puluhan juta.  Bener² itu di luar perkiraan bakal kejadian.,https://x.com/amaliaak303/status/2025203459830808821,0,0,1,154,https://x.com/LambeSahamjja/status/2025035424398541139,0.15961781,,True,True,True,False
1949,Roastedcasheew,2026-02-21T06:02:55.000Z,Dsa mana yg bs pake bpjs untuk vaksin kak? Vaksin gratis posyandu mungkin maksudnya,https://x.com/Roastedcasheew/status/2025088826197323895,0,0,1,418,https://x.com/LambeSahamjja/status/2025035424398541139,0.1756486,,True,True,True,False
1950,Reza_ar2194,2026-02-21T05:45:17.000Z,"tp BPJS lg kurang uang, makanya banyak yg di non-aktifin",https://x.com/Reza_ar2194/status/2025084390280495443,0,0,1,368,https://x.com/LambeSahamjja/status/2025035424398541139,0.1737149,,True,True,True,False
1951,Irsa663282,2026-02-21T07:54:46.000Z,Minimal bgt ga usah percaya sama negara,https://x.com/Irsa663282/status/2025116977162059870,0,0,0,16,https://x.com/LambeSahamjja/status/2025035424398541139,0.15933362,,True,True,True,False
1952,yayyawithlove,2026-02-21T19:37:06.000Z,"Oh iya guys bpjs emg sepenting itu, dulu pernah tmnku gk punya bpjs dann tbtb sakit yg mengharuskan utk dioperasi eh krn ada kesalahan data di KKnya jd gbs urus mendadak ujung2nya hrs mandiri ngeluarin uang puluhan jt jd sebisa mungkin pastiin bpjs kalian aktif yaaa",https://x.com/yayyawithlove/status/2025293722796302724,0,0,0,40,https://x.com/LambeSahamjja/status/2025035424398541139,0.14326128,,True,True,True,False
1953,yayyawithlove,2026-02-21T19:31:26.000Z,"Yashhh bener bangetttt! Dulu pas coolyeah krn jadwalnya fleksibel aku jd bolak-balik puskesmas utk ngerawat gigi, mulai dr scalling, cabut gigi, dan tambal gigi. Inget banget dulu masih jamannya covid jadi tiap hari di rapid test sampe udh biasa rasanya dirapid",https://x.com/yayyawithlove/status/2025292295990641146,0,0,0,181,https://x.com/LambeSahamjja/status/2025035424398541139,0.12504435,,True,False,False,True
1954,conDoriano87,2026-02-21T16:42:31.000Z,Bagaimana cara scaling pake bpjs ?,https://x.com/conDoriano87/status/2025249786270810309,0,0,0,11,https://x.com/LambeSahamjja/status/2025035424398541139,0.16596898,,True,True,True,False
1955,andihiyat,2026-02-20T15:03:28.000Z,Sebutkan satu barang yang kamu pikir murah ternyata harganya mahal banget,https://x.com/andihiyat/status/2024862471840989352,1562,1608,4071,2,https://x.com/dinaskegelapan/status/2024881294669488558,0.022230983,,True,False,False,False
1956,trtrdw,2026-02-20T21:16:45.000Z,"Mantap bgt imunisasi di dsa tuh  Tapi semoga rezekinya selalu dilancarkan, demi anak.",https://x.com/trtrdw/status/2024956413139976432,1,0,0,173,https://x.com/dinaskegelapan/status/2024880743189778645,0.17778575,,True,False,False,True
1957,dinaskegelapan,2026-02-21T00:38:13.000Z,Aamiin aamiin gak kuat ya liat dpt anak demam wkwk,https://x.com/dinaskegelapan/status/2025007114834640942,0,0,0,116,https://x.com/dinaskegelapan/status/2024880743189778645,0.18129352,,True,False,False,True
1958,ghitanaira,2026-02-20T20:55:21.000Z,"aslinya mah semua ibu pengen anak imunisasi di DSA yg anti drama demam jadi gak repot, tapi apa daya",https://x.com/ghitanaira/status/2024951026235969746,1,0,0,177,https://x.com/dinaskegelapan/status/2024880743189778645,0.18425488,,True,False,False,True
1959,dinaskegelapan,2026-02-21T00:38:57.000Z,Bener bener diluar kemampuan nasyarakat indo pada umumnya ye ngeri,https://x.com/dinaskegelapan/status/2025007300294180877,0,0,0,117,https://x.com/dinaskegelapan/status/2024880743189778645,0.12732044,,True,False,False,True
1960,NakesPuskesmas,2026-02-18T02:19:26.000Z,"Kalau hasil tanya-jawab dengan orang tua di Posyandyu, ada beberapa alasan kenapa orang tua menolak anaknya diimunisasi:  1) Takut anaknya demam Ini alasan paling sering karena katanya kalau anaknya demam, orang tuanya bakal kewalahan.   2) Ayah atau neneknya tidak mengizinkan Nyatanya keputusan imunisasi anak tdk seutuhnya berada di tangan ibunya, melainkan izin dari ayah atau bahkan neneknya. Sayangnya kita jarang sekali bsa kontak dengan mereka karena kebanyakan yg bawa anaknya ke posyandu adalah ibunya.  3) Memiliki trauma masa lalu Boleh jadi saat anaknya atau keluarganya ada yg anaknya diimunisasi, mengakibatkan demam panas sampai harus dirawat, membuat sebagian orang tua enggan melanjutkan kembali imunisasi sehingga berakibat putusnya imunisasi. Adapula yang mengatakan takutnya ayahnya murka lagi pasca anaknya demam.  4)Beranggapan anaknya sehat-sehat saja Orang tua seperti ini biasanya menganggap imunisasi tidak penting karena anaknya sehat-sehat saja. Padahal sasaran imunisasi memang untuk anak sehat dan sifatnya untuk pencegahan.  5) Termakan Hoaks Adanya hasutan bahwa imunisasi yang disuntikkan ke anak mengandung bahan berbahaya mengakibatkan sebagian orang tua enggan mengimunisasi anaknya. Sudah bersyukur banget bahkan kalau orang tuanya tetap mau membawa anaknya ke posyandu.",https://x.com/afrkml/status/2023945423124303891/photo/1,0,1,3,303,https://x.com/NakesPuskesmas/status/2023992281674772924,0.23247144,,True,False,False,True
1961,ainunnajib,2026-02-20T21:50:41.000Z,"bener ini, waspadai keluarga besar yang anti-vaksinasi anak-anaknya https://x.com/Maeliani07/sta/Maeliani07/status/2024677473527747008…",https://x.com/Maeliani07/status/2024677473527747008,1,1,18,2183,https://x.com/ainunnajib/status/2024964952411517299,0.13269049,,True,True,True,False
1962,thomaschandra,2026-02-21T01:24:22.000Z,Yang lagi wabah di Surabaya: Cacar air  Flu singapura,https://x.com/thomaschandra/status/2025018729722155270,0,0,1,174,https://x.com/ainunnajib/status/2024964952411517299,0.15162382,,True,False,False,True
1963,mamakchayank,2026-02-27T09:41:05.000Z,"RIP  , btw yg meninggoy sudah buat surat wasiat belum",https://x.com/mamakchayank/status/2027318056788308431,1,0,1,38,https://x.com/ThatSun510/status/2027208985368244337,0.07734802,,True,False,False,False
1964,ThatSun510,2026-02-27T11:26:20.000Z,wah kalau itu gk sampe nanya sejauh itu. yg info jg sodara di sana.,https://x.com/ThatSun510/status/2027344547282632875,0,0,0,31,https://x.com/ThatSun510/status/2027208985368244337,0.096729696,,True,False,False,True
1965,Akujodoh_kamu,2026-02-26T06:36:41.000Z,"Karena apa, ya karena pengaruh sekte antivak",https://x.com/Akujodoh_kamu/status/2026909264036741510,0,0,5,1,https://x.com/AymanAlatas/status/2026846172258906422,0.27430278,,True,True,True,False
1966,wong_clayten,2026-02-26T15:10:43.000Z,Dan apa yg sudah dilakukan negara untuk melindungi WNI ?  Akan segera menaikkan iuran bpjs kesehatan. So amazing.,https://x.com/wong_clayten/status/2027038624353841340,0,0,2,645,https://x.com/AymanAlatas/status/2026846172258906422,0.30213827,,True,True,True,False
1967,LiliSutisna,2026-02-26T05:49:27.000Z,Konsul dengan dokter di Halodoc ya klo ada tanda2 tersebut. Ada potongan harga untuk pembelian obat dan konsul dokter. Silahkan dicek.,https://x.com/LiliSutisna/status/2026897377257533809,0,1,0,1,https://x.com/AymanAlatas/status/2026846172258906422,0.23434317,,True,True,True,False
1968,ghitanaira,2026-02-26T15:35:40.000Z,"dok liat iniii https://vt.tiktok.com/ZSmbdnKhU/  si ibu anti imunisasi dan vaksin dengan berlandaskan kejadian yg menimpa (idk she's a influencer or not) Tiotiff on Instagram yg anaknya mengidap epilepsi dan autism, mencurigai vaksin DPT sebagai penyebabnya... gmn pendapat dokter?",https://x.com/ghitanaira/status/2027044904741048815,1,0,3,1,https://x.com/AymanAlatas/status/2026846172258906422,0.2653832,,True,True,True,False
1969,nyonyakaya_,2026-02-27T03:59:54.000Z,Dok plis jawab.  AKU BARU KENA CAMPAK bulan lalu di usia 20an akhir Pas bayi sih udah vaksin ya kata emak. Apa perlu orang dewasa mengulang vaksin lagi?,https://x.com/nyonyakaya_/status/2027232198605386165,0,0,1,220,https://x.com/AymanAlatas/status/2026846172258906422,0.24003959,,True,True,True,False
1970,vousmeevoye,2026-02-26T17:56:19.000Z,"Betull dan rata2 klo ditanya pas pengkajian banyak yg tidak di imunisasi atau imunisasi nya tidak lengkap, bahkan ada yg sudah imunisasi pun tetap tertular dari saudara nya yang sudah terkena campak",https://x.com/vousmeevoye/status/2027080300023713889,0,0,0,636,https://x.com/AymanAlatas/status/2026846172258906422,0.34038287,,True,True,True,False
1971,NakesPuskesmas,2026-02-26T02:35:59.000Z,"Kayaknya kasusnya ini merata di seluruh daerah ya dok, di wilayah kerjaku jg byk kejadian",https://x.com/NakesPuskesmas/status/2026848690930069669,0,0,1,2,https://x.com/AymanAlatas/status/2026846172258906422,0.29912126,,True,True,True,False
1972,trilesst,2026-02-26T13:12:22.000Z,Baru aja anaknya temenku di rawat karena campak :(((,https://x.com/trilesst/status/2027008842975055940,0,0,0,978,https://x.com/AymanAlatas/status/2026846172258906422,0.2910441,,True,True,True,False
1973,Archi_req,2026-02-27T03:48:17.000Z,"Susah bgt dok, sy pernah diserang gerombolan antivaks sampai sy harus blokir satu2.",https://x.com/Archi_req/status/2027229273896226934,0,0,0,160,https://x.com/AymanAlatas/status/2026846172258906422,0.25975814,,True,True,True,False
1974,DeeMz29429466,2026-02-27T01:00:19.000Z,Gara-gara sekte anti imunisasi pada bayi.,https://x.com/DeeMz29429466/status/2027187005134913806,0,0,0,209,https://x.com/AymanAlatas/status/2026846172258906422,0.294323,,True,True,True,False
1975,Xcrow333,2026-02-26T11:35:16.000Z,"@grok berapa jumlah kasus campak di indonesia, dari yg sedang sampai dengan meninggal dunia?",https://x.com/Xcrow333/status/2026984407547216291,3,0,0,2,https://x.com/AymanAlatas/status/2026846172258906422,0.34897423,,True,True,True,False
1976,kuemochiku,2026-02-26T14:16:38.000Z,"Kalo gatau udah vaksin campak atau blm,sekarang boleh vaksin, dok?",https://x.com/kuemochiku/status/2027025015733199102,0,0,0,772,https://x.com/AymanAlatas/status/2026846172258906422,0.25871477,,True,True,True,False
1977,TataAgnesyp,2026-02-27T03:59:54.000Z,"Ini pernah liat kasusnya org luar, anaknya pas sebelum setahun kena campak, ga parah dan udh sembuh. Pas usia mendekati 20thn, lg aktif2nya jd remaja yaa, tbtb sakit lumpuh. Ditelusuri ternyata pernah kena campak pas bayi",https://x.com/TataAgnesyp/status/2027232196428448216,0,0,0,198,https://x.com/AymanAlatas/status/2026846172258906422,0.30028573,,True,True,True,False
1978,xxxxxxhwi,2026-02-26T12:34:07.000Z,"keponakan baru aja kena dr pesantren jd anaknya dibawa pulang untuk berobat, kasian sampe karantina dikamar sampe 10 hari.",https://x.com/xxxxxxhwi/status/2026999216342720875,1,0,0,2,https://x.com/AymanAlatas/status/2026846172258906422,0.29114863,,True,True,True,False
1979,parkseroching,2026-02-27T03:35:20.000Z,Anak baru 5 bulan blm bisa vaksin campak..takut bgttt,https://x.com/parkseroching/status/2027226016259993991,0,0,0,136,https://x.com/AymanAlatas/status/2026846172258906422,0.29448098,,True,True,True,False
1980,miss_atomy,2026-03-01T12:55:37.000Z,"Gizi lengkapnya yg bagaimana tu pak? Kan sulit utk mengontrol makan kita setiap hr apa sdh gizi lengkap atau kurang.  Makanya diciptakanlah ""nutrisi"" / supplement utk imun oleh perusahaan² di luar negri (Amerika, Cina, Korea, Jepang). Pasti tahan virus deh. Salam, tetap semangat.",https://x.com/miss_atomy/status/2028091790931497082,0,0,0,111,https://x.com/KemenkesRI/status/2026465646092104020,0.1360229,,True,True,True,False
1981,Brutus_Istn2045,2026-02-25T22:29:42.000Z,MENTERI BOTOL  BELI 24T mobil india bisa BAYAR MAKAN BANCAKAN BOROS GRATIS 355T bisa  Masa BPJS GRATIS NGGA BISA?  Jangan KHIANATI BANGSA-MU SENDIRI   https://x.com/i/status/2026567843815501950…,https://x.com/Brutus_Istn2045/status/2026786712844972130,0,0,0,141,https://x.com/KemenkesRI/status/2026465646092104020,0.080602586,,True,True,True,False
1982,misstyameyocom,2026-02-21T18:54:35.000Z,"Aku join komunitas birthclub yang sesuai bulan hpl, dalam 2 bulan terakhir beberapa bayi yang satu angkatan dengan anakku terpapar campak  Ada juga yang kasus dari ibunya kemudian menular ke anak.  Aku khawatir banget anakku kena juga, alhamdulillah minggu lalu udah divaksin MR.",https://x.com/misstyameyocom/status/2025283024880009245,1,1,4,255,https://x.com/dosenkesmas/status/2025079324274295290,0.2477881,,True,True,True,False
1983,155Niaaa,2026-02-21T08:22:09.000Z,mbak-mbak wellnes kemarin tlg dong diketemuin sm dr tan biar disemprot dgn tepat,https://x.com/155Niaaa/status/2025123868755763238,2,0,3,583,https://x.com/dosenkesmas/status/2025079324274295290,0.14242351,,True,True,True,False
1984,ch4o5Myth,2026-02-22T02:05:47.000Z,"gak tahu itu kejadian dimana dan kapan, tapi MSM nasional belum ngangkat sbg berita hangat (terakhir ttg wabah campak di agustus 2025). apakah krn Bill Gates ada di pusaran Epstein files ya? jadi MSM enggan angkat?",https://x.com/ch4o5Myth/status/2025391537266590213,0,1,1,153,https://x.com/dosenkesmas/status/2025079324274295290,0.2423113,,True,True,True,False
1985,metamorf29,2026-02-21T09:10:01.000Z,Ini hasil nyata perjuangan kaum anti vaksin. Mamam tuh dosanya bikin sengsara orang lain..,https://x.com/metamorf29/status/2025135914960539964,1,1,2,448,https://x.com/dosenkesmas/status/2025079324274295290,0.14450547,,True,True,True,False
1986,Akujodoh_kamu,2026-02-21T05:45:22.000Z,Gapapa biar jadi tamparan buat antivak,https://x.com/Akujodoh_kamu/status/2025084409251332456,1,1,1,360,https://x.com/dosenkesmas/status/2025079324274295290,0.14775431,,True,True,True,False
1987,MiraninonLita,2026-02-21T09:54:34.000Z,@grok vaksin MMR (kombinasi) tidak diuji vs placebo inert (seperti saline) di pre-licensing ? dibandingkan dengan vaksin monovalen atau komponen terpisah?,https://x.com/MiraninonLita/status/2025147125445918848,1,1,0,326,https://x.com/dosenkesmas/status/2025079324274295290,0.16685623,,True,True,True,False
1988,c_cassieey,2026-02-21T06:48:11.000Z,"Ini kalo waktu kecil udah vaksin komplit MR + MMR, vaksin lagi apa enggak ya?",https://x.com/c_cassieey/status/2025100220120662132,0,0,2,513,https://x.com/dosenkesmas/status/2025079324274295290,0.18211609,,True,True,True,False
1989,arkanafs,2026-02-21T06:51:36.000Z,Daerah yang merebak campak di mana aja mint?,https://x.com/arkanafs/status/2025101077956493677,1,0,1,778,https://x.com/dosenkesmas/status/2025079324274295290,0.22716293,,True,True,True,False
1990,intanriia,2026-02-21T13:05:35.000Z,Ya Allah mana mau lebaran,https://x.com/intanriia/status/2025195197009973530,0,0,0,126,https://x.com/dosenkesmas/status/2025079324274295290,0.1586222,,True,True,True,False
1991,mayahapsari09,2026-02-21T08:12:01.000Z,Pendukungnya bude wellness mana nihhh?,https://x.com/mayahapsari09/status/2025121316349825027,0,0,0,279,https://x.com/dosenkesmas/status/2025079324274295290,0.17963263,,True,True,True,False
1992,anakminiso,2026-02-19T17:16:58.000Z,"Jujur kasus campak serame itu, dan untuk kasus unvaccinated karena keluarga amat “agamis” membuat anaknya terkana symptoms campak yg berat which is ke pernapasan. Jujur kasian banget dan saat di edukasi masih ngeyel anti vax sambil liat anaknya engap engapan.",https://x.com/JamesTate121/status/2024533682963276057/photo/1,1,0,3,7500000,https://x.com/anakminiso/status/2024858499285762168,0.23360524,,True,True,True,False
1993,anakminiso,2026-02-20T14:47:41.000Z,"mata merah, belekan, bengkak. Badan merah gatal gatal.. kek LOO GA KASIAN LIAT ANAK LO??!! Urghh !!!",https://x.com/anakminiso/status/2024858503656190036,0,0,0,222,https://x.com/anakminiso/status/2024858499285762168,0.21708935,,True,True,True,False
1994,sunseelly,2026-02-17T22:50:19.000Z,"lu kalo mau antivaksin ya monggo, gak ada yang ngelarang, urusan panjenengan. tapi gausah ngajak2 orang lain astagaaa capee",https://x.com/sunseelly/status/2023892798291013692,0,0,0,34,https://x.com/sunseelly/status/2023891348248760412,0.049663633,,True,True,True,False
1995,kemenkopmk,2026-04-09T04:06:12.000Z,"dehidrasi berat.  Gejala awalnya biasanya berupa demam tinggi, batuk, pilek, mata merah, dan muncul ruam di kulit. Penting untuk mengenali tanda-tanda ini sejak dini agar bisa segera ditangani dan tidak berkembang menjadi lebih parah.  Yuk, lebih peduli dengan kesehatan diri dan",https://x.com/kemenkopmk/status/2042091685371637961,1,0,0,130,https://x.com/kemenkopmk/status/2042091607848329679,0.24176475,,True,True,True,False
1996,kemenkopmk,2026-04-09T04:06:42.000Z,"keluarga. Kenali gejalanya, lakukan pencegahan, dan jangan ragu untuk memeriksakan diri ke fasilitas kesehatan terdekat. Lebih cepat ditangani, lebih besar peluang untuk sembuh dengan baik.  Sumber : Kementerian Kesehatan RI",https://x.com/kemenkopmk/status/2042091809971826864,1,0,0,82,https://x.com/kemenkopmk/status/2042091607848329679,0.25316423,,True,True,True,False
1997,kemenkopmk,2026-04-09T04:06:49.000Z,#CegahCampak #VaksinCampak #KesehatanIndonesia #AnakSehat #KemenkoPMK,https://x.com/kemenkopmk/status/2042091840363716798,0,0,0,57,https://x.com/kemenkopmk/status/2042091607848329679,0.30440918,,True,True,True,False
1998,KemenkesRI,2026-04-06T15:37:22.000Z,Langkah imunisasi tambahan tersebut memiliki tujuan krusial dalam memutus rantai penularan.   Detail mengenai kelompok usia sasaran & manfaat perlindungan ekstra bagi buah hati dapat dipelajari pada infografis berikut,https://x.com/KemenkesRI/status/2041178459737845896,1,1,1,277,https://x.com/KemenkesRI/status/2041178129897861148,0.20107654,,True,True,True,False
1999,KemenkesRI,2026-04-06T15:38:38.000Z,Ketentuan ini didasari oleh fakta bahwa hak mandiri dalam memilih pelayanan kesehatan memiliki pengecualian dalam situasi gawat darurat.   Hal tersebut diatur secara spesifik dalam Undang Undang Nomor 17 Tahun 2023 yakni demi keselamatan masyarakat luas,https://x.com/KemenkesRI/status/2041178775703155177,1,0,1,398,https://x.com/KemenkesRI/status/2041178129897861148,0.23146209,,True,True,True,False
2000,KemenkesRI,2026-04-06T15:39:23.000Z,Landasan hukum ini juga mencakup aturan khusus mengenai persetujuan tindakan atau informed consent untuk program kesehatan pemerintah.   Meski tanpa persetujuan tertulis pemerintah tetap memiliki kewajiban untuk menyampaikan informasi yang transparan kepada masyarakat.,https://x.com/KemenkesRI/status/2041178966430802395,1,0,0,669,https://x.com/KemenkesRI/status/2041178129897861148,0.24108428,,True,True,True,False
2001,KemenkesRI,2026-04-07T01:54:38.000Z,Maka dari itu masyarakat dihimbau untuk tetap waspada terhadap informasi yang tidak akurat mengenai pelaksanaan ORI.   Upaya ini murni dilakukan untuk melindungi anak dari risiko kecacatan hingga kematian akibat penyakit menular  #AntiHoaksKesehatan,https://x.com/KemenkesRI/status/2041333798194057484,0,0,0,352,https://x.com/KemenkesRI/status/2041178129897861148,0.20576355,,True,True,True,False
2002,Blenthong1,2026-04-06T13:24:23.000Z,Mbak Puan Maharani menyala,https://x.com/Blenthong1/status/2041144993012916227,1,1,1,4,https://x.com/RayapWatu/status/2040612961480511705,0.17357406,,True,True,True,False
2003,ThexsMit46521,2026-04-04T23:52:41.000Z,Gak bakal di evaluasi mereka fokus di MBG,https://x.com/ThexsMit46521/status/2040578333822652821,0,0,0,15,https://x.com/_Rizmaya__/status/2040382236646850595,0.12176782,,True,True,True,False
2004,kyky887i,2026-04-05T03:31:10.000Z,Ketua DPR ini juga terburuk sejak Indonesia merdeka. Wakil rakyat ga tidak pernah mendengarkan rakyat,https://x.com/kyky887i/status/2040633315687109060,0,0,0,37,https://x.com/_Rizmaya__/status/2040382236646850595,0.1506997,,True,True,True,False
2005,lukito78352249,2026-04-04T14:58:30.000Z,"Hampir ngak ada gunanya orang ini,, tapi diitnya sepertinya makin banyak",https://x.com/lukito78352249/status/2040443901283364944,0,0,0,22,https://x.com/_Rizmaya__/status/2040382236646850595,0.16601643,,True,True,True,False
2006,machimochie,2026-04-05T03:05:36.000Z,Smoga di evaluasi sgera,https://x.com/machimochie/status/2040626884208382265,0,0,0,6,https://x.com/_Rizmaya__/status/2040382236646850595,0.13454083,,True,True,True,False
2007,ch_chotimah2,2026-04-04T14:04:36.000Z,Harus jadi perhatian pemerintah.,https://x.com/ch_chotimah2/status/2040430336795181100,2,0,0,55,https://x.com/_Rizmaya__/status/2040382236646850595,0.16233674,,True,True,True,False
2008,triwul82,2026-04-04T11:03:46.000Z,Lonjakan kasus campak sampai ada korban jiwa adalah bukti sistem kesehatan kita sedang tidak baik-baik saja.,https://x.com/triwul82/status/2040384828890394882,0,0,0,88,https://x.com/_Rizmaya__/status/2040382236646850595,0.16751915,,True,True,True,False
2009,Taufanpanjaita1,2026-04-04T14:39:02.000Z,"Bagus, kita apresiasi Tapi sayang sekali, program MBG, Board of Peace (BOP) si Puan koq ga berani Ngomong minta dievaluasi malah mendukung kayaknya",https://x.com/Taufanpanjaita1/status/2040439003141595157,0,0,0,42,https://x.com/_Rizmaya__/status/2040382236646850595,0.11882383,,True,True,True,False
2010,wibisonoaji2,2026-04-05T08:29:26.000Z,Capresnya pdip wakakakakak,https://x.com/wibisonoaji2/status/2040708379765792894,0,0,0,13,https://x.com/_Rizmaya__/status/2040382236646850595,0.14242932,,True,True,True,False
2011,Urrangawak,2026-04-04T11:44:11.000Z,Menyala ibu Puan,https://x.com/Urrangawak/status/2040394999125410248,0,0,0,24,https://x.com/_Rizmaya__/status/2040382236646850595,0.148482,,True,True,True,False
2012,FairuzitaP65456,2026-04-03T05:46:33.000Z,Mantap bu,https://x.com/FairuzitaP65456/status/2039942611285487619,1,1,3,27,https://x.com/seruanhl/status/2039930929091686658,0.18046904,,True,True,True,False
2013,AntoniusCDN,2026-04-03T05:11:02.000Z,Terus bersuara mbak,https://x.com/AntoniusCDN/status/2039933674473582906,1,1,2,39,https://x.com/seruanhl/status/2039930929091686658,0.17435148,,True,True,True,False
2014,seruanhl,2026-04-03T09:01:35.000Z,Pasti dong,https://x.com/seruanhl/status/2039991691990724714,0,0,0,11,https://x.com/seruanhl/status/2039930929091686658,0.17293862,,True,True,True,False
2015,Urrangawak,2026-04-03T06:37:52.000Z,Trmksh ibu,https://x.com/Urrangawak/status/2039955524004065565,1,1,1,21,https://x.com/seruanhl/status/2039930929091686658,0.18919829,,True,True,True,False
2016,ValentinoF21,2026-04-02T07:04:10.000Z,#PuanMaharani,https://x.com/ValentinoF21/status/2039599757681942885,0,0,0,30,https://x.com/KakekHalal/status/2039598641028235651,0.15140668,,True,True,True,False
2017,muttle9,2026-04-02T11:02:11.000Z,"Gara2 petugas partai, wabah PMK masuk Indonesia lagi setelah 32 tahun BEBAS PMK",https://x.com/muttle9/status/2039659654133993824,1,0,0,45,https://x.com/KakekHalal/status/2039598641028235651,0.19545925,,True,True,True,False
2018,AllianzID,2026-04-02T06:01:56.000Z,"Kenapa kok bisa naik lagi?  Penyakit ini kembali meningkat, salah satunya karena penurunan cakupan imunisasi dasar di beberapa wilayah dalam beberapa tahun terakhir.  Ingat, campak bukan cuma penyakit anak-anak. Orang dewasa yang belum pernah kena atau belum vaksin juga berisiko",https://x.com/AllianzID/status/2039584093042794859,1,1,2,176,https://x.com/AllianzID/status/2039584089242820808,0.31836668,,True,True,True,False
2019,AllianzID,2026-04-02T06:01:57.000Z,"Jangan anggap remeh gejalanya yang mirip flu biasa di awal:   Demam tinggi (bisa sampai 40°C)  Batuk, pilek, mata merah  Bercak putih kecil di dalam mulut  Baru kemudian muncul ruam merah di wajah dan leher  Kalo kamu merasakan gejala ini, please periksakan ke dokter, ya!",https://x.com/AllianzID/status/2039584097505620445,1,1,2,170,https://x.com/AllianzID/status/2039584089242820808,0.2613255,,True,True,True,False
2020,AllianzID,2026-04-02T06:01:58.000Z,"Gak perlu panik, cukup lakuin ini:  1. Cek lagi catatan vaksinasi (MR/MMR) kita atau si kecil. 2. Jaga kebersihan tangan, sesimpel cuci tangan habis dari luar. 3. Pakai masker kalau harus ke luar rumah 4. Makan enak & bergizi. Tubuh yang bahagia itu awal dari imun yang kuat!",https://x.com/AllianzID/status/2039584101204893855,1,1,2,218,https://x.com/AllianzID/status/2039584089242820808,0.19055003,,True,True,True,False
2021,AllianzID,2026-04-02T06:01:58.000Z,"Sehat itu investasi paling berharga, dan proteksi dini adalah kunci ketenangan pikiran.  Yuk, pelajari selengkapnya di sini",https://x.com/AllianzID/status/2039584105260876089,0,1,2,218,https://x.com/AllianzID/status/2039584089242820808,0.24306476,,True,True,True,False
2022,18fesss,2026-04-12T14:25:02.000Z,"18! 4 bulan lagi menikah, perawatan dan hal  apa yg harus udh dimulai ya untuk cewe dan cowok? Rencana gak mau nunda anak. Jgn jwb Mental, keuangan, dan ilmu nikah ya.. itu sedang dipelajari.",https://x.com/18fesss/status/2043334584792707460,109,551,6543,453600,https://x.com/aulyamay/status/2043492281509204096,-0.06982431,,True,True,False,True
2023,shiningstar1ho,2026-04-12T12:31:01.000Z,"Kak syaa campak lagi musim banget emang sedihhh dirumahkan dulu aja anaknya kak soalnya ketiganya cepet menular dan bisa menular dr udara, ludah, keringat yg aku rasa anak² blm fully aware akan penularan jd risiko nularnya tinggi",https://x.com/shiningstar1ho/status/2043305891571863599,1,0,0,47,https://x.com/sheisamonsta2/status/2043236738735452620,0.16002128,,True,True,True,False
2024,sheisamonsta2,2026-04-12T12:50:54.000Z,Iya pada dirumah sampai sembuh bgt Kalo ngga aku pulangin  Mereka juga belum terbentuk imunitasnya  Jdi gampang kena virus,https://x.com/sheisamonsta2/status/2043310893438763444,0,0,0,18,https://x.com/sheisamonsta2/status/2043236738735452620,0.124637544,,True,True,True,False
2025,Fallin_mx,2026-04-12T08:22:53.000Z,kak sya  pake maskerrr jaga kesehatan,https://x.com/Fallin_mx/status/2043243442986492012,0,0,0,25,https://x.com/sheisamonsta2/status/2043236738735452620,0.13218069,,True,True,True,False
2026,Generali_ID,2026-04-29T13:00:57.000Z,"Padahal, campak bukan sekadar ruam dan demam. Jika tidak ditangani dengan tepat, dapat menimbulkan komplikasi serius—terutama pada anak-anak dan individu dengan daya tahan tubuh lemah. Karena itu, penting untuk memahami gejala, penularan, dan langkah pencegahannya sejak dini.",https://x.com/Generali_ID/status/2049474015019082196,1,0,0,61,https://x.com/Generali_ID/status/2049474020324880857,0.14785987,,True,True,True,False
2027,Generali_ID,2026-04-29T13:00:59.000Z,Daftar di sini https://generali.co.id/id/gentalks-cegah-campak…  Sekarang Saatnya Dilindungi Asuransi Generali   PT Asuransi Jiwa Generali Indonesia Berizin dan Diawasi oleh Otoritas Jasa Keuangan  #GeneraliIndonesia #LifetimePartner #PahamiPerlindunganmu,https://x.com/Generali_ID/status/2049474025282535891,0,1,7,99,https://x.com/Generali_ID/status/2049474020324880857,0.09925926,,True,True,True,False
2028,ZizuLAbas,2026-04-30T06:18:10.000Z,"trauma bukan alasan untuk matikan nyawa manusia, apatah lagi seorang bayi...",https://x.com/ZizuLAbas/status/2049735041870446907,0,0,0,152,https://x.com/SinarOnline/status/2049439375050891721,0.1797741,,True,True,True,False
2029,hazeemdin,2026-04-29T09:14:18.000Z,Kelate Tipu2 ni salahkan board ke?,https://x.com/hazeemdin/status/2049416976897053070,2,1,2,1265,https://x.com/hazeemdin/status/2049408394721939831,-0.24173178,,True,True,False,True
2030,hazeemdin,2026-04-29T09:46:39.000Z,Marah dengan FIFA ke tuuuu  HAHAHAHAHA HAHAHAHAHA,https://x.com/hazeemdin/status/2049425118196371708,1,4,6,1910,https://x.com/hazeemdin/status/2049408394721939831,-0.18704663,,True,True,False,True
2031,EchoMelnikova,2026-04-29T08:41:29.000Z,Macam tu ja dapat screenshot perbualan.,https://x.com/EchoMelnikova/status/2049408718522228776,1,0,0,144,https://x.com/hazeemdin/status/2049408394721939831,-0.23662975,,False,True,False,False
2032,hazeemdin,2026-04-29T08:42:45.000Z,Terus rosak mood perbincangan sebegini,https://x.com/hazeemdin/status/2049409037054464363,1,0,0,136,https://x.com/hazeemdin/status/2049408394721939831,-0.2491257,,True,True,False,True
2033,irshadele,2026-04-29T08:57:10.000Z,Fail apa?,https://x.com/irshadele/status/2049412667635564982,1,0,0,108,https://x.com/hazeemdin/status/2049408394721939831,-0.19957484,,True,True,False,True
2034,kudanielbintik,2026-04-29T06:41:43.000Z,"Lupa nyebut om-om (soalnya gue kan tante yang punya ponakan), jgn dirujak dan diplintir jd beban perempuan smw y. Gak. Simply krn gue tante2 aja, jd lupa.",https://x.com/kudanielbintik/status/2049378580065648949,0,0,0,120,https://x.com/kudanielbintik/status/2049378175218765993,0.1694203,,True,True,True,False
2035,tinybilapets,2026-04-29T06:55:40.000Z,"loh, ini kak nelo yg di vid",https://x.com/tinybilapets/status/2049382089305497854,1,0,0,55,https://x.com/kudanielbintik/status/2049378175218765993,0.22262913,,False,True,False,False
2036,kudanielbintik,2026-04-29T06:57:59.000Z,"Bukan, kodok ijo itu.",https://x.com/kudanielbintik/status/2049382673383391390,0,0,0,50,https://x.com/kudanielbintik/status/2049378175218765993,0.19803953,,False,True,False,False
2037,kudanielbintik,2026-04-29T06:57:42.000Z,"Beberapa sih begituu bisa jadi karena gatau juga sih seberapa menular, bisa jadi karena takut ilang sesinya sama aku.",https://x.com/kudanielbintik/status/2049382603283964331,0,0,0,45,https://x.com/kudanielbintik/status/2049378175218765993,0.20570284,,True,True,True,False
2038,itslexxviia,2026-04-29T07:07:44.000Z,Terima kasih kaak nello,https://x.com/itslexxviia/status/2049385127214776505,1,0,0,45,https://x.com/kudanielbintik/status/2049378175218765993,0.19369164,,False,True,False,False
2039,kudanielbintik,2026-04-29T07:11:04.000Z,"Sama2 walau ini info umum aja sih, aku cuma niat mau nyoba ngerekam pake laptop aja kayak gimana",https://x.com/kudanielbintik/status/2049385964313907680,1,0,1,36,https://x.com/kudanielbintik/status/2049378175218765993,0.1436759,,True,True,True,False
2040,Ilhamarfu_04o,2026-04-29T01:07:30.000Z,Mata merah,https://x.com/Ilhamarfu_04o/status/2049294469233860848,0,0,0,72,https://x.com/namtab777/status/2049293147579265310,0.104301065,,True,True,True,False
2041,NakesPuskesmas,2026-04-28T05:17:57.000Z,"Tadi habis ikut in house training Puskesmas dari dokter spesialis obygn dan anak. Dokter anaknya curhat kalau klaim penanganan kasus campaknya belum dibayarkan BPJS dari bulan 9 karena butuh diagnosa klinis via uji lab, sedangkan reagen pemeriksaannya juga terbatas",https://x.com/NakesPuskesmas/status/2048995111686783022,9,77,190,8051,https://x.com/NakesPuskesmas/status/2049036670100725865,0.1778281,,True,True,True,False
2042,calonnMagisterr,2026-04-28T08:00:47.000Z,Wah ini parah banget sih Jadi yang terklaim hanya yg tegak diagnosa via lab aja?   Sedangkan reagennya terbatas sehingga ga semua tegak diagnosanya? Jadi ga semua terklaim ya?  Luarbiasa emg negeri ini,https://x.com/calonnMagisterr/status/2049036087960739842,2,0,10,600,https://x.com/NakesPuskesmas/status/2049036670100725865,0.112621784,,True,True,True,False
2043,zhil_arf,2026-04-28T02:30:00.000Z,"Btw orang pada ga baca artikelnya ya. Tuduhannya melulu ""soshum mau ditutup"". Tapi yang sebenarnya disebut langsung sebagai overpopulasi adalah kedokteran. Sudah ada orang kedokteran yang ngomong?",https://x.com/zhil_arf/status/2048952844963729735,14,20,106,8614,https://x.com/0Sudo/status/2049002492688810310,0.11830959,,True,True,True,False
2044,Noviansy_,2026-04-27T08:29:33.000Z,"Bayi nya gak kena ka, alhamdulillah Cukup lama di RS nya juga karena penyakit penyertanya banyak",https://x.com/Noviansy_/status/2048680940034228491,0,0,0,12,https://x.com/Noviansy_/status/2048602968304558336,0.18487445,,True,True,True,False
2045,tungguteduh,2026-04-27T03:29:33.000Z,Sedih mendengarnya,https://x.com/tungguteduh/status/2048605441006109166,1,0,0,23,https://x.com/Noviansy_/status/2048602968304558336,0.17592362,,True,True,True,False
2046,Noviansy_,2026-04-27T08:32:51.000Z,"Iya ka, sedih banget",https://x.com/Noviansy_/status/2048681771219443805,0,0,0,12,https://x.com/Noviansy_/status/2048602968304558336,0.16005322,,True,True,True,False
2047,Noviansy_,2026-04-27T08:32:16.000Z,"Tolong minta doa yang baik aja ka, supaya saya panjang umur dan sehat. Biar bisa membersamai tumbuh kembang anak saya. Gak enak ka tumbuh tanpa ada sosok Ibu tuh. Cukup di saya aja yang merasakan tumbuh besar tanpa Ibu, anak saya jangan",https://x.com/Noviansy_/status/2048681623789715654,0,0,1,14,https://x.com/Noviansy_/status/2048602968304558336,0.16177922,,True,True,True,False
2048,soursallyye,2026-04-27T03:32:43.000Z,Yhaalah nyeseknya ka,https://x.com/soursallyye/status/2048606238553084301,1,0,0,30,https://x.com/Noviansy_/status/2048602968304558336,0.12425947,,True,True,True,False
2049,Noviansy_,2026-04-27T08:30:05.000Z,Nyesek banget kak,https://x.com/Noviansy_/status/2048681075006930994,0,0,0,16,https://x.com/Noviansy_/status/2048602968304558336,0.13791531,,True,True,True,False
2050,sogalarasartre,2026-04-26T15:52:49.000Z,"kak bener banget, anak aku kemarin kena flu singapur setelah dateng ke posyandu",https://x.com/sogalarasartre/status/2048430103852650522,0,0,0,65,https://x.com/atsara_nia/status/2048400170753413531,0.18720576,,True,True,True,False
2051,rafiziramli,2026-04-25T13:56:43.000Z,"Ini himpunan pertama yang tidak didukung oleh mana-mana parti politik besar. PH, BN atau PN tidak menyokong himpunan kali ini, walaupun ada wakil masing-masing yang hadir.  Himpunan ini juga dianjurkan sepenuhnya oleh anak-anak muda generasi baru. Orang politik tidak terlibat,",https://x.com/rafiziramli/status/2048038499727622419,2,71,274,8389,https://x.com/md_zuwairi/status/2048039378732425576,-0.08155237,,True,True,False,True
2052,rafiziramli,2026-04-25T13:56:45.000Z,"Himpunan kali ini merentasi parti dan ideologi politik.   Ada wakil dan pimpinan dari PH (PKR, DAP, Amanah), BN (MCA), PN (PAS dan Bersatu), PSM, Muda, Urimai dan parti-parti lain.",https://x.com/rafiziramli/status/2048038505453117827,1,33,148,5766,https://x.com/md_zuwairi/status/2048039378732425576,-0.1397948,,True,True,False,True
2053,rafiziramli,2026-04-25T13:56:46.000Z,"Sebahagian besar orang ramai yang hadir tidak berparti dan adalah orang biasa, termasuk anak-anak muda yang jelas tidak biasa menyertai demonstrasi.  Ada dua insiden, di awal dan di akhir.",https://x.com/rafiziramli/status/2048038511438340207,1,27,138,5882,https://x.com/md_zuwairi/status/2048039378732425576,-0.022538438,,True,True,True,False
2054,rafiziramli,2026-04-25T13:56:48.000Z,"Awalnya, ada cubaan sabotaj dengan membakar beberapa kotak bunga api yang dihalakan kepada orang ramai.  Sebelum kemuncak demonstrasi, berlaku ketegangan apabila ada arahan untuk menarik pickup truck yang digunakan sebagai pentas menggunakan tow truck.",https://x.com/rafiziramli/status/2048038518082146565,8,59,191,8074,https://x.com/md_zuwairi/status/2048039378732425576,-0.1280711,,True,True,False,True
2055,sembilanbumi,2026-04-25T09:18:26.000Z,apa fasilitas lab begitu minim sampel Desember baru rilis hari ini  kek bukan prioritas itu kesehatan masyarakat,https://x.com/sembilanbumi/status/2047968467572408770,1,0,0,26,https://x.com/NakesPuskesmas/status/2047898955141579069,0.1624485,,True,True,True,False
2056,NakesPuskesmas,2026-04-25T10:00:20.000Z,Reagennya yg terbatas katanya kak. Terus pengiriman sampelnya ini masih terpusat di lab kemenkes kak,https://x.com/NakesPuskesmas/status/2047979009095655585,0,0,1,26,https://x.com/NakesPuskesmas/status/2047898955141579069,0.15675658,,True,True,True,False
2057,KemenkesRI,2026-04-16T13:11:34.000Z,"Stok vaksin juga dipastikan aman. Saat ini tersedia 9,8 juta dosis yang cukup untuk kebutuhan hingga 5 bulan ke depan  Distribusinya dipantau secara real time melalui SMILE atau Satu Sehat Logistik, sehingga stok di setiap daerah tetap terjaga",https://x.com/KemenkesRI/status/2044765644470858232,1,1,1,525,https://x.com/KemenkesRI/status/2044763672560726311,0.17447352,,True,True,True,False
2058,KemenkesRI,2026-04-16T13:14:17.000Z,"Meski vaksin untuk dewasa sudah tersedia, perlindungan tidak berhenti di sini. Imunisasi rutin anak tetap menjadi benteng utama untuk memutus rantai penularan, jangan sampai terlewat!   Pantau informasi dari kanal resmi @KemenkesRI dan pastikan perlindungan keluarga tetap",https://x.com/KemenkesRI/status/2044766329253888196,0,1,2,478,https://x.com/KemenkesRI/status/2044763672560726311,0.21803334,,True,True,True,False
2059,00011pr,2026-04-17T00:20:39.000Z,"Ada KLB, kapan mulai di vaksin/ siapa yg harus di vaksin? Atau sasaran orang dewasa itu siapa aja? bagaimana jika keluarga/ rekan kerja kita terkena campak misal satu rumah/ satu pekerjaan. Apa yg harus dilakukan orang sehat jika anggota keluarganya terkena campak?",https://x.com/00011pr/status/2044934025882878249,1,0,0,47,https://x.com/KemenkesRI/status/2044763672560726311,0.22011876,,True,True,True,False
2060,KemenkesRI,2026-04-16T13:05:58.000Z,"Sebagai garda terdepan, nakes & named berhadapan langsung dengan pasien setiap hari, sehingga risiko paparan jauh lebih tinggi dibanding kelompok lain.  Karena itu, melindungi nakes & named bukan hanya soal individu, tapi juga memastikan layanan kesehatan tetap berjalan tanpa",https://x.com/KemenkesRI/status/2044764235872522627,2,2,4,532,https://x.com/KemenkesRI/status/2044764984815833502,0.1433982,,True,True,True,False
2061,chrysamoir,2026-04-16T10:52:30.000Z,Kalau dari kecil udah diimunisasi tapi tetep dicampakkan apakah berarti imunisasinya bodong?,https://x.com/chrysamoir/status/2044730649505047012,1,0,1,32,https://x.com/dydyanaaa/status/2044727326488023154,0.17541674,,True,True,True,False
2062,dydyanaaa,2026-04-16T11:34:05.000Z,Berarti campakny udah mengalir dalam DNA kak,https://x.com/dydyanaaa/status/2044741112552989137,0,0,0,13,https://x.com/dydyanaaa/status/2044727326488023154,0.12551564,,True,True,True,False
2063,devartra,2026-04-16T10:48:27.000Z,haha ternyata berpengaruh juga,https://x.com/devartra/status/2044729628129124401,1,0,1,21,https://x.com/dydyanaaa/status/2044727326488023154,0.133878,,True,True,True,False
2064,dydyanaaa,2026-04-16T11:37:54.000Z,Sangat berpengaruh. Udah vaksin campak waktu kecil?,https://x.com/dydyanaaa/status/2044742075103732111,1,0,0,12,https://x.com/dydyanaaa/status/2044727326488023154,0.14839616,,True,True,True,False
2065,DKokkia,2026-04-16T11:49:25.000Z,Hah  Gimana Tadi,https://x.com/DKokkia/status/2044744972155662609,1,0,0,17,https://x.com/dydyanaaa/status/2044727326488023154,0.12311548,,True,True,True,False
2066,dydyanaaa,2026-04-16T11:56:46.000Z,Ini mungkin salah satu contohnya,https://x.com/dydyanaaa/status/2044746821030097027,1,0,1,13,https://x.com/dydyanaaa/status/2044727326488023154,0.15175495,,True,True,True,False
2067,cowosukamatcha,2026-04-16T12:46:09.000Z,wkwkwk sad bgt,https://x.com/cowosukamatcha/status/2044759251093254515,0,0,0,18,https://x.com/dydyanaaa/status/2044727326488023154,0.12405637,,True,True,True,False
2068,Hawavatara,2026-04-26T12:14:05.000Z,Dan masih ngotot anaknya buat sekolah dan main sama temennya  gamau nunggu masa inkubasi.,https://x.com/Hawavatara/status/2048375059145015555,1,0,1,60,https://x.com/avaraferarisa/status/2048255819826008197,0.10459289,,True,True,True,False
2069,kudanielbintik,2026-04-26T13:29:56.000Z,"Nah, yang ini sih yang bikin was-was tuh :') jangankan campak. Flu bapil yang batuknya sampe grokgrokgrok juga masih keluar main tanpa masker :(( Padahal istirahat dulu sih menurutku",https://x.com/kudanielbintik/status/2048394145983815720,0,0,0,52,https://x.com/avaraferarisa/status/2048255819826008197,0.046985447,,True,True,True,False
2070,read2nginisme,2026-04-26T01:57:49.000Z,"Ada juga ibu berpendidikan tinggi tapi suka 'anjing-anjingin' anak yang masih kecil banget. Ga usah ibu-ibu, liat aja bapak-bapak yang sarjana tinggi wkwkk rawat anak aja malas banget.",https://x.com/read2nginisme/status/2048219969113255958,0,0,1,69,https://x.com/JUL00IE/status/2048217555685564833,0.0071215928,,True,False,False,False
2071,ThatSun510,2026-04-24T05:11:50.000Z,"SANGAT BANYAK JURNAL & PENILITIAN EFEK NEGATIF VAKSIN BERBASIS MRNA. Tapi pada cherry pick!  Sejak covid, mRna dijadikan solusi segala hal.   NIH (23/4/26) release Seer Incidence Data. Jelas LONJAKAN CANCER paska vaksinasi covid. Mau bantah SAINS?  @StopPlandemit @MiraninonLita",https://x.com/ThatSun510/status/2047544021619552271,7,11,14,1227,https://x.com/MiraninonLita/status/2047893144361136432,0.0116099715,,True,False,False,False
2072,ThatSun510,2026-04-25T03:51:08.000Z,"Yup. Tapi untungnya 5G indo masih 5G abal2. Indiehome ngasi ganti modem router yg ada 5Gnya, tapi sering gk da signal yg 5G.   Yg kabel aja gk stabil apalagi gsm.   Untungnya tinggal di indo tuh korupsi tidak membuat plan EG maksimal",https://x.com/ThatSun510/status/2047886100149276922,1,0,2,195,https://x.com/MiraninonLita/status/2047893144361136432,-0.013181224,,True,False,False,False
2073,mulkanjabariyan,2026-04-25T04:04:53.000Z,apa ini yg disebut korupsi membawa berkah?,https://x.com/mulkanjabariyan/status/2047889559736987952,2,0,2,38,https://x.com/MiraninonLita/status/2047893144361136432,-0.0062616467,,True,False,False,False
2074,crankygvrl,2026-04-25T02:56:02.000Z,DOK OMELINNNNN PLSSS @tirta_cipeng,https://x.com/crankygvrl/status/2047872233079795962,2,0,12,16900,https://x.com/crankygvrl/status/2047873342984921439,0.0017271489,,False,True,False,False
2075,crankygvrl,2026-04-25T02:58:42.000Z,"jawaban gue cuma begitu sih tadi   ""kasian bgt anaknya""",https://x.com/crankygvrl/status/2047872903170134436,3,3,18,16200,https://x.com/crankygvrl/status/2047873342984921439,0.01600328,,True,True,True,False
2076,Fidifidipooh,2026-04-25T04:13:32.000Z,"Tetanggaku pun ada, Kaaaak. Wkwwkwk",https://x.com/Fidifidipooh/status/2047891736568181148,0,0,2,126,https://x.com/crankygvrl/status/2047873342984921439,-0.06590326,,False,True,False,False
2077,AshaaMW,2026-04-25T13:32:24.000Z,"Pertanyaan wajib satu lagi, ""kalo keseleo penanganannya gimana?"" Kalo doi jawab ke tukang urut, auto bye sih aku",https://x.com/AshaaMW/status/2048032381370777976,0,0,0,76,https://x.com/crankygvrl/status/2047873342984921439,-0.06766491,,True,True,False,True
2078,dhinizahra29,2026-04-25T11:20:40.000Z,"Jdi inget sodara sndri, pdhl lulusan kesehatan, sama suaminya ga di bolehin KB alhasil anaknya 4 jarak Deket dan ga dibolehin imunisasi semua, wow stres sih kalau aku, mana suaminya keliatan ga suka bantuin, anak² di momong sama kakeknya",https://x.com/dhinizahra29/status/2047999226874077231,1,0,4,390,https://x.com/crankygvrl/status/2047871654978842933,0.17136326,,True,False,False,True
2079,twitnyapimma,2026-04-25T04:13:39.000Z,"Pas di pkm dulu, sempat beberapa kali nemu case gini.. bahkan banyak yang ibu2 inidiem2 vaksin anaknya tanpa sepengetahuan suami…   kata salah satu ibu gini “suami sy dok gak izinin kalo anak2 disuntik2 gt.. imunisasi gk dibolein, sy kalo ke posyandu bilang mau timbang aja pdhl",https://x.com/twitnyapimma/status/2047891763348799691,0,0,0,504,https://x.com/crankygvrl/status/2047871654978842933,0.20060983,,True,False,False,True
2080,MelodyAlun44633,2026-04-25T04:28:34.000Z,"Rekan kerjaku juga ada yg anti vaksin. Dia cerita gak pernah ambil vaksin covid, dan milih buat sertifikat palsu",https://x.com/MelodyAlun44633/status/2047895517351526902,0,0,0,87,https://x.com/crankygvrl/status/2047871654978842933,0.15306067,,True,False,False,True
2081,ZioOzigans,2026-04-25T05:34:45.000Z,"jadi keinget film kasusnya sama gini, awalnya nggak ada cuma anaknya yg kena Haemophilus influenza B masalah tapi gurunya jadinya kena padahal anak lainnya nggak apa-apa gegara herd immunity, ""what you really want is for every other kid to be vaccinated so yours can be safe.""",https://x.com/ZioOzigans/status/2047912172894962044,1,0,0,357,https://x.com/crankygvrl/status/2047871654978842933,0.14655495,,True,False,False,True
2082,mirdapus,2026-04-26T01:46:19.000Z,"Banyak deh kak, ya semua memang pilihan ya tapi mereka lebih memilih tidak imunisasi daripada demam 2-3 hari",https://x.com/mirdapus/status/2048217074632364186,0,0,0,107,https://x.com/crankygvrl/status/2047871654978842933,0.15018064,,True,False,False,True
2083,noveedia,2026-04-25T04:33:28.000Z,"Ka aku banyak banget nemu yang begini apalagi di daerah2 kabupaten gitu. Pada ketakutan anaknya sakit kalo di vaksin. Suka sedih dengernya, itu kan hak anak ya padahal",https://x.com/noveedia/status/2047896750267285577,0,0,0,811,https://x.com/crankygvrl/status/2047871654978842933,0.18907523,,True,False,False,True
2084,alihi_dayat,2026-04-25T04:23:21.000Z,Ada temen juga antivaksin anaknya. Dan dia cerita suka panik kalau ada kabar ga baik tentang anaknya karena punya riwayat 8X dirawat di RS.,https://x.com/alihi_dayat/status/2047894205289439325,0,0,0,329,https://x.com/crankygvrl/status/2047871654978842933,0.17332888,,True,False,False,True
2085,urya_suryana,2026-04-25T04:51:41.000Z,"Minimal kalau nggak mau kasih imunisasi, kasih anaknya asuransi yang limitnya Milyaran.  Jangan cuma modal ribet tapi kalau anak kena polio atau campak yang disalahin takdir, bukan diri sendiri.",https://x.com/urya_suryana/status/2047901337296494945,0,0,0,88,https://x.com/crankygvrl/status/2047871654978842933,0.18498513,,True,True,True,False
2086,craftedwithblue,2026-04-25T08:17:26.000Z,Itu lah makanya jangan nikah sm cowo bego+miskin,https://x.com/craftedwithblue/status/2047953115010445340,0,0,0,33,https://x.com/crankygvrl/status/2047871654978842933,0.13580793,,True,False,False,True
2087,pcjlffff_,2026-04-25T22:55:54.000Z,"Kakak sepupuku, anaknya udah 2. Dan kedua nya gak ada yang diimunisasi sama sekali",https://x.com/pcjlffff_/status/2048174190063489336,0,0,0,25,https://x.com/crankygvrl/status/2047871654978842933,0.15054107,,True,False,False,True
2088,fntskinjournal_,2026-04-25T03:45:29.000Z,"Rill beneran ada yang kek gt di deket rumah Nenekku, lucunya suaminya ini lulusan top uni. Nenekku sampe speechless pas denger cerita si istrinya ini soalnya si anak2nya imunnya kek lemah gt jadi gampang sakit(?) & keliatan loyo ga kek anak2 kecil disana gt((:",https://x.com/fntskinjournal_/status/2047884678502449562,0,0,0,836,https://x.com/crankygvrl/status/2047871654978842933,0.15781331,,True,False,False,True
2089,thathaechan,2026-04-25T04:53:52.000Z,Anak pertama gak boleh imunisasi kok mau2nya hamil lagi,https://x.com/thathaechan/status/2047901884900651131,0,0,0,343,https://x.com/crankygvrl/status/2047871654978842933,0.15672359,,True,False,False,True
2090,soheelysm,2026-04-25T07:32:31.000Z,"Keluarga ku ngga antivax, tapi keluarga suami antivax, aku juga pengennya anaku imunisasi lengkap tapi kemarin baru bcg & polio terus demam semangat in aku dong buat bulan depan DPT jujur ga tega liat bayi demam",https://x.com/soheelysm/status/2047941810128130179,0,0,0,123,https://x.com/crankygvrl/status/2047871654978842933,0.16279045,,True,False,False,True
2091,ylilnourav,2026-04-25T23:05:43.000Z,Kasian bgt anaknya punya ortu modelan gini,https://x.com/ylilnourav/status/2048176659665416321,0,0,0,13,https://x.com/crankygvrl/status/2047871654978842933,0.14972073,,True,False,False,True
2092,nuguyaaaaa_,2026-04-25T14:41:39.000Z,"Maaf gabawa agama atau suatu kaum. Tapi kawan ku memang ada yg kayaknya anti vaksin begini. Dari menikah juga dia g sunti tetanus, kebetulan memang beliau dan suami sama sama syar'i gtu Gua pun bingung kdg dengan jawabannya Cuma iyain aja",https://x.com/nuguyaaaaa_/status/2048049808489992304,0,0,0,235,https://x.com/crankygvrl/status/2047871654978842933,0.15986189,,True,False,False,True
2093,MiraninonLita,2026-04-23T09:02:49.000Z,"@SumandoGaek @z4iks @StopPlandemit @_Banyoe @ThatSun510 @pureblood_4ever @Faraz_kepri  7BAYI INDONESIA MENINGGAL SETELAH VAKSIN? Kenzie(Jun2024),  Rihana(Jul2024),  Domanita(Aug 2024),  Rayaz(Sep2024),  Adiba(Des2023),  Clara(Sep2024), Trenggalek(Mar 2023)",https://x.com/MiraninonLita/status/2047239760889151880,0,3,4,68,https://x.com/narkosun/status/2047224147575783880,0.15107548,,False,True,False,False
2094,seruanhl,2026-04-23T09:03:22.000Z,Untung ibu nya langsung menyadari,https://x.com/seruanhl/status/2047239899347341469,0,0,1,78,https://x.com/narkosun/status/2047224147575783880,0.16854244,,True,True,True,False
2095,allawi_much,2026-04-21T09:27:29.000Z,"5. SKCK, siapa tau pasangan anda buronan 6. Silsilah keluarga. Termasuk paman dan bibi. Biasanya salah satu sumber masalah adalah keluarga 7. Kontrak masa percobaan 2 tahun jangan mau punya anak. Kalau udah merasa cocok, tahun ke 3 program bayi atau dibicarakan lagi",https://x.com/allawi_much/status/2046521193675833664,3,18,323,23,https://x.com/someduck_lvr/status/2046530096186765509,0.030116469,,True,False,False,False
2096,nanaspineapel,2026-04-20T04:38:32.000Z,Hihi gapapa udah keren bgt semangaat kak! Sehat2 terusss,https://x.com/nanaspineapel/status/2046086087970615764,1,0,1,984,https://x.com/litapedia/status/2046058415051653392,-0.055440694,,True,False,False,False
2097,litapedia,2026-04-20T05:04:39.000Z,"Terimakasih kak, kita sama-sama di ngabila cuma aku di SBY nambah 50. Jadi 450.",https://x.com/litapedia/status/2046092660876960073,0,0,0,110,https://x.com/litapedia/status/2046058415051653392,-0.06286928,,True,False,False,False
2098,miemie21_,2026-04-20T02:56:20.000Z,Habis berapa kak?,https://x.com/miemie21_/status/2046060370142597595,1,0,0,65,https://x.com/litapedia/status/2046058415051653392,-0.05335453,,True,False,False,False
2099,litapedia,2026-04-20T05:04:02.000Z,"Vaksin HPV 450 per dosis, dan Hepatitis B 250 per dosis kak.  Nanti sampai 3 dosis, aku baru 2 dosis. Nanti Juli baru mau suntik yang dosis 3 terakhir",https://x.com/litapedia/status/2046092505192808854,0,0,0,166,https://x.com/litapedia/status/2046058415051653392,-0.06571627,,True,False,False,False
2100,tb_siswadi,2026-04-28T23:48:08.000Z,"Men to men.  Kita harus sepakat kalau perempuan manusia terkuat di dunia   Kenapa?  Karena banyak hal yang mereka jalani… kita bahkan belum tentu sanggup: - Nyeri haid tiap bulan - Hamil 9 bulan - Melahirkan, dengan risiko nyawa - Menyusui (kurang tidur, puting lecet itu real)",https://x.com/tb_siswadi/status/2049274497036087379,77,1682,5017,94,https://x.com/jauhari_aries/status/2049408406986088618,0.031225473,,True,False,False,False
2101,tb_siswadi,2026-04-29T09:09:28.000Z,"setuju pak, memang sebagai laki - laki harus peka bahwa wanita nya hanya ingin didengar rasa lelah nya juga.",https://x.com/tb_siswadi/status/2049415760133619999,0,0,4,1,https://x.com/jauhari_aries/status/2049408406986088618,-0.017108493,,True,False,False,False
2102,Aryanis17917,2026-04-30T12:08:44.000Z,Sebagai istri kl suami selingkuh krn ga dandan pdhl repot kerjakan semua Sebagai ibu kl anak kenapa2 pasti yg disalahin ibunya pdhl bs jd ibunya sdh wafat tp yg tny ga tau dan ga tanyain si bpknya gmn jaga anaknya sampe ky gy,https://x.com/Aryanis17917/status/2049823263057191017,0,0,0,27,https://x.com/jauhari_aries/status/2049408406986088618,0.052687556,,True,False,False,False
2103,a_doni95,2026-04-24T08:17:07.000Z,jika Maudy Koesnadi  sepertinya  imunisasi cucu  wanita seumuran Maudy Koesnadi kemungkinan besar udah punya cucu   betul ?,https://x.com/a_doni95/status/2047590645771194788,0,0,0,5,https://x.com/mediaindonesia/status/2047297106483028213,0.118674666,,True,True,True,False
2104,asdf_logs,2026-04-21T01:55:56.000Z,emansipasi bukan cuma soal karier ternyata.,https://x.com/asdf_logs/status/2046407554927063515,1,0,0,20,https://x.com/tb_siswadi/status/2046403024302800928,0.0045891553,,True,False,False,False
2105,urya_suryana,2026-04-21T01:44:08.000Z,"Setuju, ibu d rumah adalah kartini kartini yg menjadi madrasah pertama dan terbaik",https://x.com/urya_suryana/status/2046404587058504020,1,0,0,18,https://x.com/tb_siswadi/status/2046403024302800928,0.03539948,,True,False,False,False
2106,tb_siswadi,2026-04-21T02:04:50.000Z,"betul ibu di rumah itu kartini yang sering nggak terlihat. dari ibu anak belajar nilai, cara berpikir, sampai cara menghadapi hidup.",https://x.com/tb_siswadi/status/2046409795985703139,0,0,1,33,https://x.com/tb_siswadi/status/2046403024302800928,0.04811649,,True,False,False,False
2107,AdamPrabata,2026-04-17T09:36:20.000Z,"HADUH! ANEH-ANEH AJA NIH! Susu formula itu gak bisa asal kontra-kontra aja. Ada indikasi di mana susu formula dibutuhkan loh, misalnya di kondisi ASI gak cukup atau berisiko berbahaya untuk bayi dan anak.  Izin gue jelaskan ya! (Maaf sambil marah-marah, karena bisa berisiko untuk",https://x.com/AdamPrabata/status/2045073867404947770,220,1082,2831,253,https://x.com/estachabie/status/2045257998403350752,0.1794065,,True,True,True,False
2108,Erico_Balat,2026-04-17T09:59:27.000Z,"Mengutamakan ASI bukan berarti menolak Sufor ...   Tapi maaf dok, di beberapa daerah, Sufor itu dianggep yg paling bagus. Sekalipun ibunya keluar ASI cukup dan  bayi tidak ada indikasi butuh sufor, tetep dikasih sufor ama ibunya.   Banyak yg pamer sufor apa yg dibeli, sudor siapa",https://x.com/Erico_Balat/status/2045079684946461145,8,6,89,14,https://x.com/estachabie/status/2045257998403350752,0.18101928,,True,True,True,False
2109,Erico_Balat,2026-04-17T21:57:01.000Z,Beneran buat Pamer kan ...   Emang kurang dapet Edukasi masyarakatnya ..,https://x.com/Erico_Balat/status/2045260265361686643,0,0,0,191,https://x.com/estachabie/status/2045257998403350752,0.1571782,,True,True,True,False
2110,adekmendala1,2026-04-23T17:57:58.000Z,Duh semoga cepat teratasi,https://x.com/adekmendala1/status/2047374435582407076,0,0,1,18,https://x.com/WagimanDeep212_/status/2047245314231562510,0.2581242,,True,True,True,False
2111,seruanhl,2026-04-23T09:33:33.000Z,"Nah bener banget guys, jangan sampe terpengaruh dengan hoaks!",https://x.com/seruanhl/status/2047247494070047034,0,0,1,31,https://x.com/WagimanDeep212_/status/2047245314231562510,0.20805046,,True,True,True,False
2112,groobaag,2026-04-23T10:11:06.000Z,"lha sangar gitu bib, campak plus panas matahari, gawat",https://x.com/groobaag/status/2047256945959325708,0,0,0,23,https://x.com/WagimanDeep212_/status/2047245314231562510,0.2305496,,True,True,True,False
2113,seruanhl,2026-04-16T07:48:55.000Z,Wah info penting nih,https://x.com/seruanhl/status/2044684446826418207,0,0,0,34,https://x.com/AirinDatangLagi/status/2044679114360226281,0.24762627,,True,True,True,False
2114,KangManto123,2026-04-16T07:42:03.000Z,Thanks infonya bang,https://x.com/KangManto123/status/2044682721923153921,1,1,1,27,https://x.com/seruanhl/status/2044670723755774241,0.18747672,,True,True,True,False
2115,seruanhl,2026-04-16T08:03:46.000Z,Smsm bg,https://x.com/seruanhl/status/2044688187021557860,0,0,0,18,https://x.com/seruanhl/status/2044670723755774241,0.18415418,,True,True,True,False
2116,KangDien_Wae,2026-04-16T07:28:13.000Z,"Okey baik, jika begitu!",https://x.com/KangDien_Wae/status/2044679240894038339,1,1,1,18,https://x.com/seruanhl/status/2044670723755774241,0.18629298,,False,True,False,False
2117,seruanhl,2026-04-16T08:03:58.000Z,Gaskeunn,https://x.com/seruanhl/status/2044688236849815869,0,1,1,17,https://x.com/seruanhl/status/2044670723755774241,0.1765889,,True,True,True,False
2118,seruanhl,2026-04-16T08:26:31.000Z,Yups,https://x.com/seruanhl/status/2044693910900121675,0,0,1,10,https://x.com/seruanhl/status/2044670723755774241,0.18191051,,True,True,True,False
2119,Anak__Ogi,2026-04-16T11:02:47.000Z,Info bagus,https://x.com/Anak__Ogi/status/2044733235234738426,2,1,1,38,https://x.com/seruanhl/status/2044670723755774241,0.15516177,,True,True,True,False
2120,seruanhl,2026-04-16T12:09:21.000Z,Yups,https://x.com/seruanhl/status/2044749988933369905,0,0,0,9,https://x.com/seruanhl/status/2044670723755774241,0.18191051,,True,True,True,False
2121,seruanhl,2026-04-16T08:28:49.000Z,Betul,https://x.com/seruanhl/status/2044694490024440220,0,0,0,14,https://x.com/seruanhl/status/2044670723755774241,0.17876971,,True,True,True,False
2122,AntoniusCDN,2026-04-16T06:56:52.000Z,Gitu ya bang,https://x.com/AntoniusCDN/status/2044671349478896105,1,1,1,26,https://x.com/seruanhl/status/2044670723755774241,0.18796688,,True,True,True,False
2123,seruanhl,2026-04-16T07:00:23.000Z,Ia dong,https://x.com/seruanhl/status/2044672232593703233,0,0,0,18,https://x.com/seruanhl/status/2044670723755774241,0.17962793,,True,True,True,False
2124,MillenniumIDOL_,2026-05-13T09:42:57.000Z,Lebih ke uji coba gk si?   Soalnya txt itu kan grup kelinci percobaan agensi + label bangsat itu,https://x.com/MillenniumIDOL_/status/2054497619851034954,1,3,74,2,https://x.com/forkaikamal_/status/2054520030034092103,-0.08820441,,True,True,False,True
2125,jmelive,2026-05-12T23:47:45.000Z,Gerindra lagi gerindra lagi pemimpin nya aje idiot apa lagi anak buah nya idiotic,https://x.com/jmelive/status/2054347831469920675,0,0,0,3,https://x.com/kompascom/status/2054173952185098420,0.11178662,,True,True,True,False
2126,hope_emak,2026-05-12T05:59:22.000Z,Emang boleh lagi rapat main game sama merokok,https://x.com/hope_emak/status/2054078964583604479,39,84,129,4936,https://x.com/langitygbiru7/status/2054103442533257277,0.06064333,,True,True,True,False
2127,menuembegejelek,2026-05-12T06:02:54.000Z,"Hehehehehehehe  Merokok  Main game  Bekerja  Menyimak rapat   Warga Jember, inilah kualitas anggota parlemenmu. Sudi ya diwakili orang seperti ini?  Hehehehehehehe",https://x.com/menuembegejelek/status/2054079851024523514,681,5975,14848,460,https://x.com/langitygbiru7/status/2054103339399577632,0.039907694,,True,True,True,False
2128,langitygbiru7,2026-05-14T23:24:15.000Z,Astagfirullah,https://x.com/langitygbiru7/status/2055066690694910205,0,0,0,11,https://x.com/langitygbiru7/status/2054103339399577632,0.062996,,True,True,True,False
2129,DodySweet3676,2026-05-12T07:54:30.000Z,ooh pantes wong koyo penderita stunting,https://x.com/DodySweet3676/status/2054107938755903931,0,0,9,315,https://x.com/langitygbiru7/status/2054103339399577632,0.052963406,,False,True,False,False
2130,Alan123wkwkwkw,2026-05-12T17:30:10.000Z,Jelek bet anj*Ng kayak kontol sapi tapi lebih bagus kontol sapi deh,https://x.com/Alan123wkwkwkw/status/2054252808795553899,0,0,7,225,https://x.com/langitygbiru7/status/2054103339399577632,0.027117416,,True,True,True,False
2131,GoonBobby79,2026-05-12T09:07:10.000Z,@prabowo ngurus kader aja gak bisa. mau ngurus negara lu wok wok..,https://x.com/GoonBobby79/status/2054126226072281184,0,0,2,300,https://x.com/langitygbiru7/status/2054103339399577632,0.07318057,,True,True,True,False
2132,coboymukidi88,2026-05-13T06:17:27.000Z,ini manusia ?,https://x.com/coboymukidi88/status/2054445901998113123,0,0,1,105,https://x.com/langitygbiru7/status/2054103339399577632,0.06859812,,True,True,True,False
2133,haloiniakuntwt,2026-05-12T12:38:15.000Z,Emang mukanya merah kek abis digebukin gitu ya?,https://x.com/haloiniakuntwt/status/2054179346798321887,0,0,1,237,https://x.com/langitygbiru7/status/2054103339399577632,0.052535966,,True,True,True,False
2134,GoonBobby79,2026-05-12T09:07:16.000Z,tai lu wok,https://x.com/GoonBobby79/status/2054126248797110537,0,0,0,288,https://x.com/langitygbiru7/status/2054103339399577632,0.05989255,,True,True,True,False
2135,Aprazalcha,2026-05-13T01:11:05.000Z,Anggota DPR sehat jasmani dn rohani  ?,https://x.com/Aprazalcha/status/2054368801870016971,0,0,0,159,https://x.com/langitygbiru7/status/2054103339399577632,0.058563307,,True,True,True,False
2136,xendless_s,2026-05-12T03:23:38.000Z,"Anak mantan anggota DPR RI beristri empat dilantik jadi wakil rakyat termuda di Jember, kelakuannya masih bocah bangett, turunin woyy",https://x.com/xendless_s/status/2054039771916411185,524,1223,3239,229,https://x.com/Paramecwara/status/2054086568755986652,0.046173826,,True,True,True,False
2137,mahgiana_14,2026-05-12T06:43:26.000Z,Lah kepala burung ternyata,https://x.com/mahgiana_14/status/2054090053237006487,1,0,0,830,https://x.com/Paramecwara/status/2054086568755986652,0.059175298,,True,True,True,False
2138,Paramecwara,2026-05-12T07:41:51.000Z,Aduhhh koq kepala burung,https://x.com/Paramecwara/status/2054104755430171062,0,0,0,557,https://x.com/Paramecwara/status/2054086568755986652,0.05565448,,True,True,True,False
2139,aysaput_,2026-05-12T06:53:43.000Z,"aduh, partai ini lagi, dah ga mungkin dapet efek jera, busuk semua",https://x.com/aysaput_/status/2054092641990812066,1,1,1,757,https://x.com/Paramecwara/status/2054086568755986652,0.054991797,,True,True,True,False
2140,shogun_blue,2026-05-12T08:15:49.000Z,Dia disitu buat jadi contoh stuntingnya keknya,https://x.com/shogun_blue/status/2054113303975301543,0,0,3,357,https://x.com/Paramecwara/status/2054086568755986652,0.038784206,,True,True,True,False
2141,hszajast,2026-05-12T14:07:40.000Z,Dia contoh nyata dampak anak stunting pdhl,https://x.com/hszajast/status/2054201847943254089,0,0,1,100,https://x.com/Paramecwara/status/2054086568755986652,0.08682613,,False,True,False,False
2142,hajimastedokoni,2026-05-12T06:53:05.000Z,"pantesan aja, gerindra tau nya",https://x.com/hajimastedokoni/status/2054092483693625826,0,0,1,527,https://x.com/Paramecwara/status/2054086568755986652,0.05670996,,False,True,False,False
2143,cintasejatiyou,2026-05-12T12:51:49.000Z,Harusnya begini partai nya gercep dong Pecattt,https://x.com/cintasejatiyou/status/2054182760743682419,0,0,0,108,https://x.com/Paramecwara/status/2054086568755986652,0.045245826,,True,True,True,False
2144,muthia43644354,2026-05-11T11:21:20.000Z,Good..berarti gak ada yg WDN selain yg emang udah WDN terlebih dahulu,https://x.com/muthia43644354/status/2053797599250169920,0,0,0,635,https://x.com/INABadminton/status/2053796977717194893,-0.10093495,,True,False,False,False
2145,yulianekaputra,2026-05-11T12:14:10.000Z,Ginting belum selesai,https://x.com/yulianekaputra/status/2053810898985508940,0,0,0,325,https://x.com/INABadminton/status/2053796977717194893,-0.07685074,,True,False,False,False
2146,widodocahblora,2026-05-11T15:09:07.000Z,Ginting masih menjadi andalan indonesia untuk olimpiade dan thomas cup 2028,https://x.com/widodocahblora/status/2053854923041931446,0,0,0,271,https://x.com/INABadminton/status/2053796977717194893,-0.09027563,,True,False,False,False
2147,ariseptaa,2026-05-11T14:05:34.000Z,trs si ara/sarah? pasti mau didegra mkny ga disebutin alesan knp tbtb mereka batal ikut.,https://x.com/ariseptaa/status/2053838931037409745,0,0,0,289,https://x.com/INABadminton/status/2053796977717194893,-0.07371922,,True,False,False,False
2148,semaniscokl4t,2026-05-10T03:17:09.000Z,colek dulu mommynya @C_IndahJKT48,https://x.com/semaniscokl4t/status/2053313362566729787,0,1,140,9,https://x.com/semaniscokl4t/status/2053302082124513546,0.0032436252,,False,True,False,False
2149,semaniscokl4t,2026-05-10T06:06:11.000Z,wkwkw iyaa,https://x.com/semaniscokl4t/status/2053355903211225220,0,1,12,3,https://x.com/semaniscokl4t/status/2053302082124513546,0.010667652,,True,True,True,False
2150,kupingnyajewel,2026-05-10T03:15:11.000Z,"moal aya deui nu jiga ribi, lucu na teh natural teu kudu diatur!",https://x.com/kupingnyajewel/status/2053312869224313250,0,1,29,4,https://x.com/semaniscokl4t/status/2053302082124513546,0.014467806,,False,True,False,False
2151,yoon_iesmee,2026-05-10T04:24:07.000Z,Dan gen 12 udh puas dibikin ketawa ngik ngik sm asbunnya Dy. Nular pula yg ke laen. Nurun dr Oniel kocaknya tpi nyelekit asbunnya dr indah. Fix bungsunya Ondah,https://x.com/yoon_iesmee/status/2053330219306770912,0,1,27,3,https://x.com/semaniscokl4t/status/2053302082124513546,-0.017519683,,True,True,True,False
2152,my_Jflaa,2026-05-10T03:37:27.000Z,Bungsunya boleh aku karungin gak mom??  @C_IndahJKT48,https://x.com/my_Jflaa/status/2053318471862411384,0,1,18,3,https://x.com/semaniscokl4t/status/2053302082124513546,0.015202433,,True,True,True,False
2153,kenmuamaaa,2026-05-10T04:03:50.000Z,Anak kalau diajak bapaknya main ke tongkrongannya,https://x.com/kenmuamaaa/status/2053325114566115652,1,1,10,2,https://x.com/semaniscokl4t/status/2053302082124513546,0.039991945,,True,True,True,False
2154,Kiraniacuyy,2026-05-10T03:20:41.000Z,Ngantuk tuh dia wkwkw,https://x.com/Kiraniacuyy/status/2053314253072035890,0,1,7,2,https://x.com/semaniscokl4t/status/2053302082124513546,0.004950553,,True,True,True,False
2155,anyagilardine,2026-05-10T04:54:16.000Z,awowkwkwkw,https://x.com/anyagilardine/status/2053337804353274050,0,0,0,1,https://x.com/semaniscokl4t/status/2053302082124513546,0.010137439,,True,True,True,False
2156,axceljsahu,2026-05-10T04:12:04.000Z,Wkwkwk Ribka  Anak bungsunya Indah emang dah,https://x.com/axceljsahu/status/2053327184329404843,0,0,0,1571,https://x.com/semaniscokl4t/status/2053302082124513546,0.02947563,,True,True,True,False
2157,pakegunting,2026-05-10T23:58:15.000Z,masih lucuan yang lepas susuk wkwkw,https://x.com/pakegunting/status/2053625697189671206,0,0,0,192,https://x.com/semaniscokl4t/status/2053302082124513546,-0.011187732,,True,True,True,False
2158,bbyhangyodon,2026-05-10T06:55:39.000Z,selalu asbunan dia tuh suka gong di antara para senior,https://x.com/bbyhangyodon/status/2053368353369333788,0,0,0,1432,https://x.com/semaniscokl4t/status/2053302082124513546,-0.043652892,,True,True,False,True
2159,wahidhasyim382,2026-05-10T05:10:40.000Z,Sanity gw berkurang 10,https://x.com/wahidhasyim382/status/2053341931745538191,0,0,0,942,https://x.com/semaniscokl4t/status/2053302082124513546,-0.019401044,,True,True,True,False
2160,saltytimlo,2026-05-09T10:49:20.000Z,Dari dulu merasa design language Kemenkes itu salah satu yang paling cakep,https://x.com/saltytimlo/status/2053064772992770379,53,1142,10786,295700,https://x.com/efeksedatif/status/2053171808736878897,0.081578046,,True,True,True,False
2161,efeksedatif,2026-05-09T16:51:00.000Z,"Sad fact,buku KIA sekarang udh susah dapetinnya, alhasil ibu yg baru hamil terpaksa pake fotokopian,ga kaya dulu begitu periksa pertama langsung dapet buku KIA",https://x.com/efeksedatif/status/2053155790887030985,7,7,144,10600,https://x.com/efeksedatif/status/2053171808736878897,0.08384761,,True,True,True,False
2162,teapotjoy,2026-05-09T18:14:30.000Z,"terima kasih insightnya yaa kak, sedih bgt dampaknya parah bgttt",https://x.com/teapotjoy/status/2053176801900536017,0,0,0,573,https://x.com/efeksedatif/status/2053171808736878897,0.07739502,,True,True,True,False
2163,peiboritiramisu,2026-05-09T11:58:09.000Z,MFF KEPIKIRAN,https://x.com/peiboritiramisu/status/2053082090443538539,0,0,0,6,https://x.com/peiboritiramisu/status/2053054611813200268,0.09720026,,True,True,True,False
2164,saelililili,2026-05-08T11:56:46.000Z,Tpi kok bisa menularkah di kapal pesiar? apa mereka visit ke tempat yg daerahnya banyak carrier virusnya gtu?,https://x.com/saelililili/status/2052719355646050446,1,0,0,227,https://x.com/KalanaraDika/status/2052717107419517092,0.04629895,,True,False,False,False
2165,KalanaraDika,2026-05-08T11:59:56.000Z,"Itu di awal aku udah jelasin kalau beberapa penumpang habis birdwatching di pembuangan sampah yang banyak tikusnya. Terus di tengah aku juga tulis kalau kapal tuh kondisi ideal buat penularan: banyak orang, ruang sempit, buffet bareng, sirkulasi udara terbatas.",https://x.com/KalanaraDika/status/2052720151410462930,1,0,1,236,https://x.com/KalanaraDika/status/2052717107419517092,-0.025781512,,True,False,False,False
2166,UTDFadil,2026-05-08T11:48:39.000Z,dan syukurnya dokter2 influencer yg ada di X jg sudah pada nginfoin,https://x.com/UTDFadil/status/2052717310079897618,0,0,2,208,https://x.com/KalanaraDika/status/2052717107419517092,-0.009656191,,True,False,False,False
2167,MyCommuNews0624,2026-05-08T05:47:42.000Z,"2. mengkhianati mandat atau menggugat kestabilan Kerajaan Perpaduan.  Amaran tersebut dikeluarkan susulan situasi terkini pentadbiran Negeri Sembilan, sambil beliau turut menegaskan, Kerajaan Perpaduan di negeri itu kini kekal stabil selepas Barisan Nasional (BN) dan",https://x.com/MyCommuNews0624/status/2052626476244333020,1,0,0,13,https://x.com/MyCommuNews0624/status/2052626473262215604,-0.06356307,,True,True,False,True
2168,MyCommuNews0624,2026-05-08T05:47:43.000Z,"3. Pakatan Harapan (PH) mencapai persefahaman penuh untuk mempertahankan pentadbiran sedia ada di bawah Menteri Besar, Datuk Seri Aminuddin Harun.  Menurutnya lagi,  semua pimpinan dan wakil rakyat dalam gabungan perlu kekal berdisiplin serta tidak mengambil kesempatan terhadap",https://x.com/MyCommuNews0624/status/2052626479872364893,1,1,4,33,https://x.com/MyCommuNews0624/status/2052626473262215604,-0.08438081,,True,True,False,True
2169,MyCommuNews0624,2026-05-08T05:47:44.000Z,4. sebarang situasi politik yang boleh menjejaskan kestabilan kerajaan.  #MyCommunityNews #MCN #MalaysiaMADANI #AnthonyLoke #DAP,https://x.com/MyCommuNews0624/status/2052626484175732807,0,1,4,49,https://x.com/MyCommuNews0624/status/2052626473262215604,-0.0704123,,False,True,False,False
2170,CorpusAlienumm,2026-05-08T02:42:20.000Z,"Kalau udah terlanjur kena, pengobatannya gimana?  Karena penyakit ini adalah penyakit akibat virus yang sebenarnya self-limiting alias bisa sembuh sendiri, maka prinsip pengobatannya adalah supportive care   Dengan cara: •  Istirahat total — di rumah minimal 5–7 hari",https://x.com/CorpusAlienumm/status/2052579826595422213,1,0,4,2737,https://x.com/CorpusAlienumm/status/2052578780900917271,0.12562373,,True,False,False,True
2171,inorii_yuzuriha,2026-05-07T12:09:32.000Z,Cocok dengan perkiraan saya. Viral exanthem yg org tolol bilang kena campak. Padahal gejala keracunan arsenik @doc_hedo59152,https://x.com/Kapteng3/status/2052360180441178484/photo/1,1,2,10,562,https://x.com/inorii_yuzuriha/status/2052445934576173507,0.19009337,,True,True,True,False
2172,doc_hedo59152,2026-05-08T06:17:33.000Z,Arsenik bisa di sebar di udara dlm bentuk koloid atau nanopartikel bahkan di air PAM juga . kalau terkondensasi di air hujan lebih tinggi konsentrasi pH nya.,https://x.com/doc_hedo59152/status/2052633987357773980,0,1,1,93,https://x.com/inorii_yuzuriha/status/2052445934576173507,0.098459154,,True,True,True,False
2173,trianggaprabowo,2026-05-07T17:46:44.000Z,nih info HANTAVIRUS dari WHO,https://x.com/trianggaprabowo/status/2052445038559518989,4,8,18,1348,https://x.com/afrkml/status/2052384252206231559,0.11640918,,True,False,False,True
2174,zugag,2026-05-07T15:04:44.000Z,"ulah...  Note bang, gerakan cuci tangan dan masker masih berlaku di anak2 muda, uda jadi kebiasaaan yang bagus pasca COVID kemarin.. Dan lagi netijen uda banyak belajar dri kasus kmren, tenang kan pikiran, jaga cara pikirnya",https://x.com/zugag/status/2052404270440517731,0,0,3,650,https://x.com/afrkml/status/2052384252206231559,0.081060976,,True,False,False,True
2175,nervinette,2026-05-07T13:51:07.000Z,Emang ga boleh panik tp biar ttp aware aja,https://x.com/nervinette/status/2052385743990034442,0,0,1,611,https://x.com/afrkml/status/2052384252206231559,0.119800866,,True,False,False,True
2176,callmetsuga,2026-05-07T14:23:31.000Z,Belajar dari dokter terawan bang. Lebih baik aware karena kita sbg orang awam yg pny trauma kehilangan sodara nya karena covid.,https://x.com/callmetsuga/status/2052393895783473604,0,0,1,532,https://x.com/afrkml/status/2052384252206231559,0.09645614,,True,False,False,True
2177,itemputi,2026-05-07T17:51:49.000Z,"fear mongering apa emang suruh melek? Dulu covid juga disepelein lho. Please lah mikir ini juga bang, dulu nyepelein covid banget ujung ujungnya keteteran juga rumah sakit.",https://x.com/itemputi/status/2052446318950568074,1,1,2,73900,https://x.com/afrkml/status/2052384252206231559,0.07483375,,True,False,False,False
2178,General_Kancil,2026-05-07T15:05:41.000Z,"Dulu juga gini bang, tenang virus Corona tidak tahan dengan cuaca di Indonesia...said some menteri",https://x.com/General_Kancil/status/2052404511080394791,0,0,0,295,https://x.com/afrkml/status/2052384252206231559,0.09044331,,True,False,False,True
2179,RPurnama37947,2026-05-07T16:15:38.000Z,"Aku ga tau apa berita ini seperti sengaja diberitakan tiba2 sekarang ini, di tengah masalah Indonesia yang menumpuk. Bukan apa2 ya, semua hewan punya bisa beracun dan sumber penyakit. Dan  tikus juga. Kucing juga. Yang penting kan jaga kebersihan dan bagaimana membasmi tikusnya.",https://x.com/RPurnama37947/status/2052422114439987295,0,0,1,1267,https://x.com/afrkml/status/2052384252206231559,0.035141647,,True,False,False,False
2180,PutraAdika51986,2026-05-07T15:35:59.000Z,"Tenang, kalem, jangan panik, tau² muncul di Depok",https://x.com/PutraAdika51986/status/2052412132592074902,0,0,0,1414,https://x.com/afrkml/status/2052384252206231559,0.11309755,,True,False,False,True
2181,Maehdyroth,2026-05-07T15:21:29.000Z,(REDACTED),https://x.com/Maehdyroth/status/2052408484894040344,0,0,0,169,https://x.com/afrkml/status/2052384252206231559,0.11908242,,True,False,False,True
2182,TaufanMaul89,2026-05-07T13:59:49.000Z,Dulu dr terawan juga gitu bang? Semoga aman2 aja y,https://x.com/TaufanMaul89/status/2052387932955349068,0,0,0,704,https://x.com/afrkml/status/2052384252206231559,0.10398561,,True,False,False,True
2183,sndh1616,2026-05-07T14:43:10.000Z,Hantavirus : saatnya bermutasi,https://x.com/sndh1616/status/2052398843409666324,0,0,0,353,https://x.com/afrkml/status/2052384252206231559,0.12279576,,True,False,False,True
2184,depri_irawati,2026-05-07T16:27:15.000Z,Makasih dok informasinya,https://x.com/depri_irawati/status/2052425036888502284,0,0,0,47,https://x.com/afrkml/status/2052384252206231559,0.12174976,,True,False,False,True
2185,Mr_Sobirin,2026-05-07T15:13:15.000Z,"Apakah ini elite global mau jualan vaksin lagi? Apapun itu mencegah lebih baik daripada mengobati, jangan sampai mereka jualan vaksin di negara kita melalui para pengkhianat bangsa yang jadi sales kepentingan elite global",https://x.com/Mr_Sobirin/status/2052406415181128059,0,0,0,605,https://x.com/afrkml/status/2052384252206231559,0.09678674,,True,True,True,False
2186,WanokuniID,2026-05-07T13:51:15.000Z,Oke siap bang. Makasi sudah ingatkan hehe,https://x.com/WanokuniID/status/2052385777938805142,0,0,0,695,https://x.com/afrkml/status/2052384252206231559,0.10543424,,True,False,False,True
2187,p_o_berubah,2026-05-08T02:31:02.000Z,[Redacted] itu temennya prabowo ya kan,https://x.com/p_o_berubah/status/2052576984795140537,0,0,0,11,https://x.com/afrkml/status/2052384252206231559,0.08225089,,False,False,False,False
2188,roy1alien,2026-05-07T07:22:47.000Z,"Kontak langsung yg dekat & intens, berarti tinggi kemungkinan penularannya di kawasan kumuh yg sempit gitu ya? Soale msh byk pedagang yg tidur di kios pasar rakyat, bahkan perkampungan kumuh sesak sempit di jkt byk loh  Amit2 klu masuk indo, bisa spread masif ini",https://x.com/roy1alien/status/2052288015322722612,2,0,9,7373,https://x.com/afrkml/status/2052290070154297657,0.08070405,,True,True,True,False
2189,afrkml,2026-05-07T08:03:02.000Z,"Cari sumber lain aja kak. Soalnya itu redaksinya ga jelas. Judulnya suspected, alias masih diduga",https://x.com/afrkml/status/2052298147993649217,0,0,5,341,https://x.com/afrkml/status/2052290070154297657,0.013496101,,True,True,True,False
2190,nightswalk,2026-05-07T08:58:32.000Z,"Kalau pasutri wajar sih, tapi kalau yang terdampak itu penumpang lain kira-kira intensnya tuh gimana ya bisa terpaparnya? Apakah kayak bersalaman atau cipika cipiki?",https://x.com/nightswalk/status/2052312111494418677,1,0,0,912,https://x.com/afrkml/status/2052290070154297657,0.09385489,,True,True,True,False
2191,afrkml,2026-05-07T09:49:17.000Z,Prolonged kata kuncinya  Ttg itu kita tunggu investigasi lebih lanjut dulu,https://x.com/afrkml/status/2052324882554536006,1,0,8,926,https://x.com/afrkml/status/2052290070154297657,0.047144234,,True,True,True,False
2192,afrkml,2026-05-07T08:10:51.000Z,Covid itu turunan dari SARS yg emang SARS sendiri kan laju transmisinya tinggi,https://x.com/afrkml/status/2052300111859118589,0,0,8,2915,https://x.com/afrkml/status/2052284306090004826,0.053848565,,True,False,False,False
2193,glxxydea,2026-05-07T07:40:28.000Z,Takut bgt pas baca kefatalan virus ini 40% daripada covid yg cuma 1%,https://x.com/glxxydea/status/2052292464959279450,1,0,0,2472,https://x.com/afrkml/status/2052284306090004826,0.095143944,,True,False,False,True
2194,afrkml,2026-05-07T08:03:32.000Z,Itu kalau udah kena yaa sementara transmission rate-nya lebih rendah,https://x.com/afrkml/status/2052298272174448805,0,0,4,2058,https://x.com/afrkml/status/2052284306090004826,0.116236955,,True,False,False,True
2195,Jikrey02,2026-05-07T11:02:00.000Z,Jadi ganas terus jadi Wabah Black Death gimana ?serem ngga? Black death juga dari tikus.,https://x.com/Jikrey02/status/2052343185142321161,1,0,0,985,https://x.com/afrkml/status/2052284306090004826,0.09074059,,True,False,False,True
2196,afrkml,2026-05-07T13:34:27.000Z,"Beda atuh sama black death meski sama2 dari tikus penularannya   Penyakit2 yg penularannya dari tikus tuh banyak, bukan berarti semua penyakit2 tsb sama karakteristiknya",https://x.com/afrkml/status/2052381549354770787,1,0,2,709,https://x.com/afrkml/status/2052284306090004826,0.11852279,,True,False,False,True
2197,williamtjoei1,2026-05-07T08:28:05.000Z,Tetap waspada aja copid awal” juga banyak yg pandang enteng,https://x.com/williamtjoei1/status/2052304448924561571,1,0,0,1633,https://x.com/afrkml/status/2052284306090004826,0.046239883,,True,False,False,False
2198,afrkml,2026-05-07T08:37:22.000Z,"Covid soalnya turunan SARS, jd waspada sejak awal ada penyebaran jd masuk akal bang   Waspada boleh, cemas berlebihan jangan",https://x.com/afrkml/status/2052306784434704581,0,0,7,1446,https://x.com/afrkml/status/2052284306090004826,0.047739536,,True,False,False,False
2199,Far_away90,2026-05-07T08:03:46.000Z,katanya vaksinnya udh ada dari Moderna ya ners?,https://x.com/Far_away90/status/2052298329288307041,1,0,0,1628,https://x.com/afrkml/status/2052284306090004826,0.095484465,,True,False,False,True
2200,afrkml,2026-05-07T08:15:54.000Z,kurang tau,https://x.com/afrkml/status/2052301383488159882,0,0,0,1403,https://x.com/afrkml/status/2052284306090004826,0.101204455,,True,False,False,True
2201,bekasizen,2026-05-07T08:01:11.000Z,"Di Jabar jg pernah ada yg (+)  Tapi, ketika media barat nyiarin rame2, bisa jadi ada yg lg bikin vaksin baru sih.",https://x.com/bekasizen/status/2052297680727257337,0,0,1,1050,https://x.com/afrkml/status/2052284306090004826,0.08988723,,True,False,False,True
2202,flsvnn,2026-05-07T12:24:09.000Z,duhh mana tikus susah bgt diusir lagi yaa,https://x.com/flsvnn/status/2052363856509583738,0,0,1,275,https://x.com/afrkml/status/2052284306090004826,0.059393555,,True,False,False,False
2203,sotoshisukasoto,2026-05-07T08:07:51.000Z,"Mungkin semacam wabah tipes, ini virus juga bukan virus kemarin sore. Kitanya memang masih trauma covid dulu...",https://x.com/sotoshisukasoto/status/2052299356775301610,0,0,1,718,https://x.com/afrkml/status/2052284306090004826,0.0931685,,True,False,False,True
2204,0x2dwi,2026-05-07T07:54:31.000Z,ask him bang,https://x.com/0x2dwi/status/2052296000556171472,0,0,1,822,https://x.com/afrkml/status/2052284306090004826,0.08259392,,True,False,False,True
2205,0xAizek,2026-05-07T08:15:44.000Z,Semoga aja ga nyebar luas,https://x.com/0xAizek/status/2052301343482859593,0,0,0,212,https://x.com/afrkml/status/2052284306090004826,0.09273353,,True,False,False,True
2206,0xnunibigwin,2026-05-07T14:08:20.000Z,"Kemarin habis ngeracuni tikus, yg awalnya aku kira ada 3 deehh dapat 6",https://x.com/0xnunibigwin/status/2052390077188489466,0,0,0,128,https://x.com/afrkml/status/2052284306090004826,0.052776903,,True,False,False,False
2207,The25thSykes,2026-05-07T06:16:00.000Z,"gatau by, virus apalagi ini emg beneran?",https://x.com/The25thSykes/status/2052271211925868929,1,0,0,38,https://x.com/tempurkonten/status/2052268583053640062,0.05530864,,True,True,True,False
2208,tempurkonten,2026-05-07T06:39:07.000Z,Iya lagi heboh di amerika ni mulai menyebar,https://x.com/tempurkonten/status/2052277027902984325,0,0,0,33,https://x.com/tempurkonten/status/2052268583053640062,0.061204106,,True,True,True,False
2209,diora_anr,2026-05-08T10:24:11.000Z,"semoga cepat sembuh, virus memang merepotkan.",https://x.com/diora_anr/status/2052696054085431339,0,0,0,15,https://x.com/tempurkonten/status/2052268583053640062,0.035733163,,True,True,True,False
2210,xahobluu,2026-05-08T10:33:11.000Z,duh lekas sembuh kaa,https://x.com/xahobluu/status/2052698319139545258,0,0,0,12,https://x.com/tempurkonten/status/2052268583053640062,0.018160075,,True,True,True,False
2211,just_dstwn,2026-05-07T08:51:58.000Z,"gejalanya pusing, sesak nafas",https://x.com/just_dstwn/status/2052310461425811947,0,0,0,10,https://x.com/tempurkonten/status/2052268583053640062,0.11209652,,True,True,True,False
2212,Ajierz,2026-05-07T06:12:07.000Z,@grok apakah hantavirus sama dengan campak ?,https://x.com/Ajierz/status/2052270231951970385,1,0,0,48,https://x.com/tempurkonten/status/2052268583053640062,0.13768825,,True,True,True,False
2213,XTAHD,2026-05-07T06:21:21.000Z,"duh hati hati ya kak, tapi beda deh kek nya mah",https://x.com/XTAHD/status/2052272557223792791,0,0,0,28,https://x.com/tempurkonten/status/2052268583053640062,-0.06897223,,True,True,False,True
2214,wewkarin,2026-05-09T10:25:40.000Z,kurang tauuu updateannya by,https://x.com/wewkarin/status/2053058818561482840,0,0,0,6,https://x.com/tempurkonten/status/2052268583053640062,-0.07967803,,True,True,False,True
2215,Ceysa_ku,2026-05-04T04:51:35.000Z,Hukum di negara kita kan memang bisa dibeli,https://x.com/Ceysa_ku/status/2051162803155997161,1,0,1,16,https://x.com/HumorJonTampan/status/2051138049955049847,-0.03392671,,True,False,False,False
2216,mohamad82583073,2026-05-04T03:21:49.000Z,bila benar hukum ditegakan maka penjara akan dioenuhi para politisi bukan orang miskin,https://x.com/mohamad82583073/status/2051140210814279776,1,0,1,29,https://x.com/HumorJonTampan/status/2051138049955049847,0.04843062,,True,False,False,False
2217,KawitSaja87137,2026-05-04T15:45:26.000Z,Haaa...haaa...haaa... Tumben lempeng sampean.,https://x.com/KawitSaja87137/status/2051327349145362483,0,0,1,10,https://x.com/HumorJonTampan/status/2051138049955049847,-0.019582763,,False,False,False,False
2218,FirzaHusain,2026-05-04T01:01:00.000Z,"Ade Armando ga kapok2 karena merasa kebal hukum, makanya dia akan mengulangi kejahatannya terus, yuk polisi gercep, seret orang ini ke penjara",https://x.com/FirzaHusain/status/2051104772569407715,4,12,16,517,https://x.com/HumorJonTampan/status/2051126014622011709,-0.029749066,,True,True,True,False
2219,FirzaHusain,2026-05-04T01:00:34.000Z,"Ade Armando 2017 jadi tersangka karena menista ulama, kog sampai sekarang bebas melenggang, semoga kali ini masuk tuh barang  #TangkapAdeArmando",https://x.com/FirzaHusain/status/2051104665161621654,21,54,55,1607,https://x.com/HumorJonTampan/status/2051125541068325297,-0.041063935,,True,True,False,True
2220,FirzaHusain,2026-05-04T01:00:04.000Z,"Orang kayak gini klu ga dijebloskan ke penjara ga bakalan kapok, selalu bikin gaduh, Ade Armando sudah jadi tersangka dari 2017, malah jadi komisaris BUMN PLN 2025  #TangkapAdeArmando",https://x.com/FirzaHusain/status/2051104540561482185,124,143,155,1737,https://x.com/HumorJonTampan/status/2051125393839825365,-0.012174338,,True,True,True,False
2221,indrakusuma,2026-06-20T02:34:15.000Z,Program vaksinasi HPV untuk usia 12-13 tahun di inggris berhasil menurunkan kematian akibat kanker serviks perempuan usia <30 tahun pada periode 23 tahun terakhir  Saya masih ingat HPV jadi program nasional tahun 2023 dan jadi kontroversi. Infeksi HPV yg berujung kanker serviks,https://x.com/indrakusuma/status/2068160471799382246,1,5,5,643,https://x.com/RAKemal/status/2068272969676185682,-0.016661286,,True,False,False,False
2222,Harian_Jogja,2026-07-14T16:24:25.000Z,"3,7 Juta Konten Judi Online Ditakedown, 32.500 Rekening Ditutup",https://x.com/Harian_Jogja/status/2077066698486624714,0,0,0,97,https://x.com/Harian_Jogja/status/2069984707446702359,0.11654478,,False,True,False,False
2223,Tadek_8,2026-06-26T02:57:05.000Z,Twarz sukcesu,https://x.com/Tadek_8/status/2070340544102801446,1,0,3,19,https://x.com/Tadek_8/status/2070447908122497401,-0.043230407,,True,False,False,False
2224,Antytusk3,2026-06-26T09:22:09.000Z,Duma.,https://x.com/Antytusk3/status/2070437449688379461,1,0,1,7,https://x.com/Tadek_8/status/2070447908122497401,-0.092200615,,True,False,False,False
2225,mulkanjabariyan,2026-06-26T08:47:09.000Z,edann...,https://x.com/mulkanjabariyan/status/2070428641230508530,1,0,3,83,https://x.com/ThatSun510/status/2070434998839378009,0.08342074,,True,False,False,True
2226,Generali_ID,2026-06-21T03:38:00.000Z,"Campak adalah penyakit akibat infeksi virus dan dapat menyebabkan komplikasi pada berbagai organ serta menurunkan imun, sehingga tubuh menjadi lebih rentan terserang penyakit. Namun, dengan pencegahan yang tepat kamu bisa mengurangi risiko terserang virus ini.",https://x.com/Generali_ID/status/2068538900570898815,1,0,6,129,https://x.com/Generali_ID/status/2068538805238501621,0.32661986,,True,True,True,False
2227,Generali_ID,2026-06-21T03:38:01.000Z,PT Asuransi Jiwa Generali Indonesia Berizin dan Diawasi oleh Otoritas Jasa Keuangan  #GeneraliIndonesia #LifetimePartner #PahamiPerlindunganmu,https://x.com/Generali_ID/status/2068538905813766279,0,0,5,76,https://x.com/Generali_ID/status/2068538805238501621,0.33389765,,True,True,True,False
