index,account,page,postdate,tweet,link,comments,retweets,likes,views,replysource
1,"Diskusi dan Sharing Seputar Bayi","","unknown","Vaksin campak sama ipv itu d suntikny memang 1x kah? Aku searching d google dan liat VT org2 ko 2x ya bun paha kanan kiri Aku kecolongan bun, anaku waktu usia 9bln imunisasi tulisan dokter campak+ipv.. Tapi perawatnya cuma suntik 1x campak saja aku ingt betul, d bagian tulisan imunisasi jga cuma tulis campak. Kebetulan buku KIA yg lama, jd ipv ny gak ada kolomny Stelah d konfirmasi ke terkait.. Mereka malah bilang sudah 1paket Lihat Lebih Sedikit Vaksin campak sama ipv itu d suntikny memang 1x kah? Aku searching d google dan liat VT org2 ko 2x ya bun paha kanan kiri Aku kecolongan bun, anaku waktu usia 9bln imunisasi tulisan dokter campak+ipv.. Tapi perawatnya cuma suntik 1x campak saja aku ingt betul, d bagian tulisan imunisasi jga cuma tulis campak. Kebetulan buku KIA yg lama, jd ipv ny gak ada kolomny Stelah d konfirmasi ke terkait.. Mereka malah bilang sudah 1paket Lihat Lebih Sedikit","https://www.facebook.com/groups/759878459543655/",0,0,0,-1,"NaN"
2,"Diskusi dan Sharing Seputar Bayi","","unknown","Mau tanya bunda2 vaksin campak itu bikin demam ap tidak?Mau tanya bunda2 vaksin campak itu bikin demam ap tidak?","https://www.facebook.com/groups/759878459543655/",0,0,0,-1,"NaN"
3,"Diskusi dan Sharing Seputar Bayi","","unknown","Lagi banyak bahas nolak vaksin, alhamdulillah anak aku uda sampai campak. Penting bismillahirrahmanirrahim ajaLagi banyak bahas nolak vaksin, alhamdulillah anak aku uda sampai campak. Penting bismillahirrahmanirrahim aja","https://www.facebook.com/groups/759878459543655/",0,0,0,-1,"NaN"
4,"Diskusi dan Sharing Seputar Bayi","","unknown","Mau nanya ke bunda2 yang cantik dan baik hati yang anak nya sudah vaksin campak anak nya demam ga bun bekas suntikan nya sakit ga bun tolong di bantu sekilas info nya ya bun maklum anak saya bulan depan mau vaksin campak","https://www.facebook.com/groups/759878459543655/",0,0,0,-1,"NaN"
5,"SENSASI DUNIA MAYA","","unknown","Dulu waktu masih kecil pernah di vaksin CAMPAKTapi giliran udah gede masih aja di CAMPAKanDulu waktu masih kecil pernah di vaksin CAMPAKTapi giliran udah gede masih aja di CAMPAKan","https://www.facebook.com/groups/1349434769246694/",17,0,0,-1,"NaN"
6,"Diskusi dan Sharing Seputar Bayi","","unknown","Assalamualaikum.... Adakah bunda² anak nya yg belum vaksin campak tapi sudah terpapar, bagi pengalamannya dan cara pencegahannya bunda², anakku umur nya 8bln bulan depan baru mau imunisasi campak. Sekarang lagi terpapar virus tersebut#shering #Campak Assalamualaikum.... Adakah bunda² anak nya yg belum vaksin campak tapi sudah terpapar, bagi pengalamannya dan cara pencegahannya bunda², anakku umur nya 8bln bulan depan baru mau imunisasi campak. Sekarang lagi terpapar virus tersebut #shering #Campak","https://www.facebook.com/groups/759878459543655/",0,0,0,-1,"NaN"
7,"Diskusi dan Sharing Seputar Bayi","","unknown","Demam setelah vaksin campak‑rubela memang sering terjadi karena tubuh sedang merespon vaksin. Berikut beberapa langkah yang dapat Anda lakukan untuk membantu anak tetap nyaman sekaligus memantau keadaannya:1. *Pastikan anak cukup istirahat*Beri ia waktu untuk tidur dan hindari aktivitas yang terlalu berat.…  Demam setelah vaksin campak‑rubela memang sering terjadi karena tubuh sedang merespon vaksin. Berikut beberapa langkah yang dapat Anda lakukan untuk membantu anak tetap nyaman sekaligus memantau keadaannya: 1. *Pastikan anak cukup istirahat* Beri ia waktu untuk tidur dan hindari aktivitas yang terlalu berat.…","https://www.facebook.com/groups/759878459543655/",0,0,0,-1,"NaN"
8,"Diskusi dan Sharing Seputar Bayi","","unknown","Ngerasa bersalah banget anakku yang pertama pas 9 bulan ga imunisasi campak . karna dlu anak nya kalo pas mau imunisasi pasti aja lagi sakit kalo ga batuk pilek akhirnya malah jadi mundur terus imunisasi nya . Dan sampai akhirnya aku abai sampe ga imunisasi yang campak 9 bulan itu karna udah kelewat berbulan bulan dari jadwal nya . Di beranda ku lagi banyak banget bersliweran penyakit campak yang fatal akibat nya kalo sebelumnya ga di vaksin campak . Malah makin bikin worry dan ngerasa bersalah banget banget ,Sekarang anak nya udah 3 tahun lebih , bunda bunda apakah masih bisa susulan kah kalo imunisasi campak ? Lihat Lebih Sedikit","https://www.facebook.com/groups/759878459543655/",0,0,0,-1,"NaN"
9,"Nur'aini Aini","","unknown","padahal pas waktu kecil sudah di vaksin campakkok pas udah besar masih di campakan semua orangpadahal pas waktu kecil sudah di vaksin campakkok pas udah besar masih di campakan semua orang","https://www.facebook.com/groups/1544448512513338/",0,0,0,-1,"NaN"
10,"Diskusi dan Sharing Seputar Bayi","","unknown","Bu ibu, mohon sekarang hati-hati sekali, karna sekarang kasus sakit campak semakin tinggi, terutama pada bayi, mohon pengertiannya agar tidak menyentuh, dan mencium bay…","https://www.facebook.com/groups/759878459543655/",0,0,0,-1,"NaN"
11,"Diskusi dan Sharing Seputar Bayi","Yang lagi rame kasus campak,beliau berasumsi hal ini karena orangtua antivaksin.","unknown","Yang lagi rame kasus campak,beliau berasumsi hal ini karena orangtua antivaksin.Apa semua karena kesalahan orangtua antivaksin apa vaksin sepenting itPadahal kasus campak ini dulu juga pernah terjadi, cuma tidak serame ini.Bagaimana menurutmu","https://www.facebook.com/groups/759878459543655/",0,0,0,-1,"NaN"
12,"Diskusi dan Sharing Seputar Bayi","","unknown","Hai teman"".. salam kenal yah semoga kita semua sehat dlm lindungan Allah.. perkenalan nama q ""Bivaira"" . Makasih ya Tante"" udh sering berbagi pengalaman sama mamah aku.. jd nya mamah q dpt banyak ilmu digrup ini hihi.. foto pertama saat usiaku 8 bulan q pake rambut palsu hihihi foto kedua, disaat usia q 9 bulan difoto ini q habis vaksin campak tp langsung mainan loh hehe..difoto ketiga, itulah kokoh dan mamah aku mau eksis juga nih hehe.. oiya,jgn lupa vaksin ya temen"" online ku .. salam dari Samarinda, Kalimatan Timur Lihat Lebih Sedikit","https://www.facebook.com/groups/759878459543655/",0,0,0,-1,"NaN"
13,"Group title pending","","unknown","Padahal waktu masih kecil udah di vaksin campak, ko pas udah besar masih di campakan","https://www.facebook.com/groups/281808874345662/",0,0,0,-1,"NaN"
14,"Diskusi dan Sharing Seputar Bayi","","unknown","Kenali Bedanya: Campak, Rubella, & Roseola! Sama-sama bikin ruam merah, tapi ternyata virus dan sifatnya beda banget, lho! Yuk, simak perbandingannya: 1. CAMPAK (Measles)• Virus: Paramyxovirus.• Khasnya: Paling ""galak"". Demam bisa sangat tinggi (40°C+).• Gejala: Batuk, pilek, mata merah (3M), dan ada bercak putih di mulut (Koplik's spots).• Ruam: Muncul dari batas rambut/belakang telinga saat demam lagi tinggi-tingginya. 2. RUBELLA (Campak Jerman)• Virus: Rubella virus.• Khasnya: Lebih ringan pada anak, tapi SANGAT BERBAHAYA untuk janin jika menular ke ibu hamil.• Gejala: Ada benjolan (kelenjar getah bening) di belakang telinga atau leher.• Ruam: Merah muda halus, muncul cepat dan biasanya hilang dalam 3 hari. 3. ROSEOLA (Exanthema Subitum)• Virus: Human Herpesvirus 6 & 7.• Khasnya: ""Si Kejutan"". Menyerang bayi/balita.• Gejala: Demam tinggi mendadak selama 3-5 hari, tapi anak biasanya tetap ceria dan aktif bermain.• Ruam: Ruam justru baru muncul SETELAH demam sembuh total. Mulainya dari dada/perut.Penting: Pastikan si kecil mendapatkan imunisasi rutin (MR/MMR) untuk perlindungan terbaik! Jika ragu dengan gejala yang muncul, segera konsultasikan ke dokter ya. Referensi Buku1. Buku Ajar Infeksi dan Pediatri Tropis - Ikatan Dokter Anak Indonesia (IDAI)2. ⁠The Infection Game - Dr. Jane Wilson-Howarth3. ⁠Pedoman Imunisasi di Indonesia - Ikatan Dokter Anak Indonesia (IDAI) Lihat Lebih Sedikit Kenali Bedanya: Campak, Rubella, & Roseola! Sama-sama bikin ruam merah, tapi ternyata virus dan sifatnya beda banget, lho! Yuk, simak perbandingannya: 1. CAMPAK (Measles) • Virus: Paramyxovirus. • Khasnya: Paling ""galak"". Demam bisa sangat tinggi (40°C+). • Gejala: Batuk, pilek, mata merah (3M), dan ada bercak putih di mulut (Koplik's spots). • Ruam: Muncul dari batas rambut/belakang telinga saat demam lagi tinggi-tingginya. 2. RUBELLA (Campak Jerman) • Virus: Rubella virus. • Khasnya: Lebih ringan pada anak, tapi SANGAT BERBAHAYA untuk janin jika menular ke ibu hamil. • Gejala","https://www.facebook.com/groups/759878459543655/",6,0,0,-1,"NaN"
15,"Diskusi dan Sharing Seputar Bayi","","unknown","Pagi sobat dumay selamat bersantap sahur bagi warga muslim di seluruh dunia yang sedang menjalankan ibadah puasa  YUK KITA PERBARUI INFORMASI TENTANG CAMPAK CACAR AIR RUBELA     Tiga penyakit ini sama-sama menyebabkan ruam pada kulit, tapi penyebab, gejala, dan tingkat bahayanya berbeda. Berikut perbedaan utama campak, cacar air, dan rubela:1. Campak (Measles)             Campak-Penyebab: Virus campak (measles virus).Gejala utama:-Demam tinggi-Batuk, pilek, mata merah-Bercak putih kecil di dalam mulut (bintik Koplik)-Ruam merah muncul dari wajah lalu menyebar ke seluruh tubuh-Ciri khas ruam:-Ruam merah menyatu-Tidak berisi cairan         Tingkat bahaya:-Cukup serius, bisa menyebabkan komplikasi seperti radang paru atau radang otak, terutama pada anak kecil.2. Cacar Air              Cacar Air-Penyebab: Virus varicella-zoster.-Gejala utama:-Demam ringan-Badan lemas-Gatal hebat-Muncul lepuhan berisi cairan          Ciri khas ruam:-Bintik merah → gelembung berisi cairan → mengering menjadi keropeng-Bisa muncul di wajah, badan, kulit kepala, sampai mulut         Tingkat bahaya:-Biasanya ringan pada anak, tapi bisa lebih berat pada orang dewasa atau orang dengan imun lemah.3. Rubela (Campak Jerman)             RubellaPenyebab: Virus rubella.        Gejala utama:-Demam ringan-Pembengkakan kelenjar di belakang telinga / leher-Kadang nyeri sendi            Ciri khas ruam:-Ruam merah muda-Mulai dari wajah lalu menyebar-Biasanya lebih ringan dan cepat hilang (±3 hari)            Tingkat bahaya: -Biasanya ringan, tetapi sangat berbahaya bagi ibu hamil karena bisa menyebabkan kelainan pada bayi. Ringkasnya:Penyakit Ciri Ruam Gejala Khas Tingkat BahayaCampak Ruam merah menyatu Demam tinggi, batuk, mata merah Bisa seriusCacar air Lepuhan berisi cairan, sangat gatal Bintik → gelembung → keropeng Umumnya ringanRubela Ruam merah muda ringan Kelenjar bengkak, demam ringan Bahaya pada ibu hamil Pencegahan utama untuk ketiganya adalah vaksin Vaksin MMR (campak, gondongan, rubela) dan va","https://www.facebook.com/groups/759878459543655/",6,0,0,-1,"NaN"
16,"Diskusi dan Sharing Seputar Bayi","","unknown","Bunda²mau nanya dong??obat campak apa ya? yang bagus","https://www.facebook.com/groups/759878459543655/",0,0,0,-1,"NaN"
17,"Diskusi dan Sharing Seputar Bayi","","unknown","Semoga bermanfaat perbedaan cacar, campak dan gabagen✓Cacar air, campak, dan gabagen (istilah lain campak) berbeda pada penyebab, jenis ruam, dan gejala awalnya.1.  Cacar (air) disebabkan virus Varicella zoster berupa bintil berair yang gatal. 2. Campak/gabagen disebabkan Paramyxovirus dengan ruam merah datar yang tidak gatal, diawali demam tinggi, batuk, dan mata merah. ## Berikut adalah tabel perbedaan mendetail antara cacar air dan campak (gabagen): a. Jenis penyakit= Cacar Air (Chickenpox)         -Penyebab = Virus Varicella zoster-Bentuk = Ruam Bintil merah berisi cairan (lenting/lepuh)-Gatal = Sangat gatal-Gejala Awal = Demam ringan, pusing, lemas-Penyebaran = Bintil menyebar dari dada/wajah ke seluruh tubuh, bisa ada di mulut -Durasi  = 5-10 hari (menjadi keropeng)-Penanganan = Antivirus, losion kalamin/antihistamin (untuk gatal)b. Jenis penyakit= Campak / Gabagen (Measles)- penyebab=  Paramyxovirus / Morbillivirus - Bentuk= Bercak merah datar (ruam makulopapular)- gatal= Umumnya tidak gatal, terasa panas - gejala awal= Demam tinggi, batuk, pilek, mata merah/meradang- penyebaran= Dimulai dari belakang telinga/wajah, turun ke badan, tangan, dan kaki -Durasi = 7-14 hari (ruam menetap lalu menghitam/mengelupas)- penanganan=  Pereda demam, vitamin A, istirahat, banyak minumPoin Penting:_Gabagen adalah sebutan lokal untuk campak (tampek) yang disebabkan virus, berbeda dengan cacar air._Keduanya menular, namun 1. campak lebih mudah menular melalui udara (batuk/bersin), sedangkan 2. cacar melalui kontak langsung dengan cairan bintil atau liur.Vaksinasi (MMR untuk campak, Varicella untuk cacar) adalah pencegahan terbaik. Lihat Lebih Sedikit Semoga bermanfaat perbedaan cacar, campak dan gabagen ✓Cacar air, campak, dan gabagen (istilah lain campak) berbeda pada penyebab, jenis ruam, dan gejala awalnya. 1.  Cacar (air) disebabkan virus Varicella zoster berupa bintil berair yang gatal. 2. Campak/gabagen disebabkan Paramyxovirus dengan ruam merah datar yang tidak gatal, d","https://www.facebook.com/groups/759878459543655/",4,0,0,-1,"NaN"
18,"Diskusi dan Sharing Seputar Bayi","","unknown","IMUNISASI YANG 12 BULAN(sesudah campak)Bikin demam nggak bun?IMUNISASI YANG 12 BULAN(sesudah campak)Bikin demam nggak bun?","https://www.facebook.com/groups/759878459543655/",0,0,0,-1,"NaN"
19,"Diskusi dan Sharing Seputar Bayi","","unknown","Sharing aja ya bunTolong jgn dibullyJdi bayi saya 7bulan kena campak, dr hari jumat masuk RS, hari senin baru ketahuan kalo bagiku kena campak akhirnya di isolasiDi ruang isolasi, ad 3 anak yg sakit cmpakYg 1nya itu dipasang oksigen, di kasih selang dr hidung buat num susuKrna sesak berat akhirnya mau dipindahkan k PICUSaya tnya bun, anknya sakit apa, mamanya diam ajaNeneknya jawab, ini kena campak ini sesak mkanya dipasang oksigenOwh,, saya jawab mang gk di imunisasiGk,, mamanya tkt demamJjur sy lihat anknya sedih bgttt,, lemess,, gk bisa nyusu Lihat Lebih Sedikit Sharing aja ya bun Tolong jgn dibully Jdi bayi saya 7bulan kena campak, dr hari jumat masuk RS, hari senin baru ketahuan kalo bagiku kena campak akhirnya di isolasi Di ruang isolasi, ad 3 anak yg sakit cmpak Yg 1nya itu dipasang oksigen, di kasih selang dr hidung buat num susu Krna sesak berat akhirnya mau dipindahkan k PICU Saya tnya bun, anknya sakit apa, mamanya diam aja Neneknya jawab, ini kena campak ini sesak mkanya dipasang oksigen Owh,, saya jawab mang gk di imunisasi Gk,, mamanya tkt demam Jjur sy lihat anknya sedih bgttt,, lemess,, gk bisa nyusu Lihat Lebih Sedikit","https://www.facebook.com/groups/759878459543655/",0,0,0,-1,"NaN"
20,"Diskusi dan Sharing Seputar Bayi","","unknown","Bun suntik campak itu harus banget apa enggak yaa,,bingungg saya soalnya kmaren2 banyak sliweran pro kontra nya","https://www.facebook.com/groups/759878459543655/",0,0,0,-1,"NaN"
21,"Diskusi dan Sharing Seputar Bayi","","unknown","izin bertanya bun,ankku kemarin demam ,lalu muncul kayak gini di badan,apa ini termasuk ciri-ciri nya kena campak yh izin bertanya bun, ankku kemarin demam ,lalu muncul kayak gini di badan,apa ini termasuk ciri-ciri nya kena campak yh","https://www.facebook.com/groups/759878459543655/",0,0,0,-1,"NaN"
22,"Diskusi dan Sharing Seputar Bayi","","unknown","bun mau tanya kalo DPT lanjutan sama campak lanjutan batas nya sampe umur berapa yah ?? apa cuma sampe 2 tahun saja ato bisa lebih bun ?? soalnya anakku kemarin pas 18 bulan ga di suntik krna masih sakit.. bun mau tanya kalo DPT lanjutan sama campak lanjutan batas nya sampe umur berapa yah ?? apa cuma sampe 2 tahun saja ato bisa lebih bun ?? soalnya anakku kemarin pas 18 bulan ga di suntik krna masih sakit..","https://www.facebook.com/groups/759878459543655/",0,0,0,-1,"NaN"
23,"Diskusi dan Sharing Seputar Bayi","","unknown","Apakah imunisasi campak bikin demam bun","https://www.facebook.com/groups/759878459543655/",0,0,0,-1,"NaN"
24,"Diskusi dan Sharing Seputar Bayi","","unknown","Mau bertnya bunda bunda imunisasi campak yg 9 bulan bikin demam engak ya dan yg si suntik bagian apa aja","https://www.facebook.com/groups/759878459543655/",0,0,0,-1,"NaN"
25,"Diskusi dan Sharing Seputar Bayi","","unknown","ada yang tau ini kenapa? sudah priksa ke klinik, dokter memastikan ini bukan campak karena tdk disertai gejala2 lain. tapi tdk menjelaskan ini sebenarnya kenapa? sudah diresepkan salep tapi belum ada perubahan. Lihat Lebih Sedikit ada yang tau ini kenapa? sudah priksa ke klinik, dokter memastikan ini bukan campak karena tdk disertai gejala2 lain. tapi tdk menjelaskan ini sebenarnya kenapa? sudah diresepkan salep tapi belum ada perubahan. Lihat Lebih Sedikit","https://www.facebook.com/groups/759878459543655/",0,0,0,-1,"NaN"
26,"Diskusi dan Sharing Seputar Bayi","","unknown","Musim campak membuat anak aku gak bergairah. Demam udah 1 minggu beserta bapil ' panas dalam dan sariawan. Sabtu anak aku mulai mengluarkan bintik"" merah , bahkan minggu malam seninnya anak aku kluar campaknya dari muka sampai kebadan"" .Lemas bahkan matanya susah untuk melek. Untuk nafas pun agak kencang. Alhasil anak aku di rawat agar dapat di infus biar tidak ke kurangan cairan. Lihat Lebih Sedikit Musim campak membuat anak aku gak bergairah. Demam udah 1 minggu beserta bapil ' panas dalam dan sariawan. Sabtu anak aku mulai mengluarkan bintik"" merah , bahkan minggu malam seninnya anak aku kluar campaknya dari muka sampai kebadan"" . Lemas bahkan matanya susah untuk melek. Untuk nafas pun agak kencang. Alhasil anak aku di rawat agar dapat di infus biar tidak ke kurangan cairan. Lihat Lebih Sedikit","https://www.facebook.com/groups/759878459543655/",0,0,0,-1,"NaN"
27,"Diskusi dan Sharing Seputar Bayi","","unknown","bunda disini yg udah imunisasi campak? efeknya panas ngga ya? katanya ada yg muncul ruam setelah imunisasi campak itu benar ngga ya","https://www.facebook.com/groups/759878459543655/",0,0,0,-1,"NaN"
28,"Diskusi dan Sharing Seputar Bayi","","unknown","mau tanya bun, imunisasi campak bikin anak demam gak, besok jadwal anak ku suntik campak, cmn baru aja dia sembuh dri demam sma diare nya, dn baru hari ini jg dia doyan makan lagi, bimbang, biasanya abis imunisasi anak ku demam","https://www.facebook.com/groups/759878459543655/",0,0,0,-1,"NaN"
29,"Diskusi dan Sharing Seputar Bayi","","unknown","Setelah demam 3hari muncul ruam merah dibadan sampek wajah. Apakah itu campak bunda??Sekarang bayiku udh gak demam, jd kata bidan desa gak perlu berobat.Klo bunda gimana cara penanganan bayinya klo kena campak? Sharing dong Setelah demam 3hari muncul ruam merah dibadan sampek wajah. Apakah itu campak bunda?? Sekarang bayiku udh gak demam, jd kata bidan desa gak perlu berobat. Klo bunda gimana cara penanganan bayinya klo kena campak? Sharing dong","https://www.facebook.com/groups/759878459543655/",0,0,0,-1,"NaN"
30,"Diskusi dan Sharing Seputar Bayi","","unknown","Bun, anakku baru aja kena campak, kira2 apa aja yang perlu aku lakuin sebagai newmom ya? Soalnya tadi mau imunisasi gajadi karena udah keluar ruam campaknya, udah dikasih obatnya sama klinik+udah dikasih tau apa aja yang harus dilakuin (cuma kurang kedengeran karena posisi lagi sibuk dan agak berisik karena ada acara imunisasi). Aku juga posisinya tinggal sama suami sama anak aja ga sama ortuku, jadi kurang tau apa yang harus aku lakuin Bun, anakku baru aja kena campak, kira2 apa aja yang perlu aku lakuin sebagai newmom ya? Soalnya tadi mau imunisasi gajadi karena udah keluar ruam campaknya, udah dikasih obatnya sama klinik+udah dikasih tau apa aja yang harus dilakuin (cuma kurang kedengeran karena posisi lagi sibuk dan agak berisik karena ada acara imunisasi). Aku juga posisinya tinggal sama suami sama anak aja ga sama ortuku, jadi kurang tau apa yang harus aku lakuin","https://www.facebook.com/groups/759878459543655/",0,0,0,-1,"NaN"
31,"Diskusi dan Sharing Seputar Bayi","","unknown","Bun, apakah boleh imunisasi pcv di barengin sama campak dalam bulan yang sama? Misalkan campak tgl 10, pcv tanggal 20 Soalnya anak saya pcv nya tertinggal. Anak saya usia 9 bulan...","https://www.facebook.com/groups/759878459543655/",0,0,0,-1,"NaN"
32,"Diskusi dan Sharing Seputar Bayi","","unknown","kalo campak kluar dikit doang di leher ajja udh aga item di suruh tubuh gaada apakah bahaya . nanya ke dokter anak dibilang campak. nginep di RS dibilang bukan campak jadi bingung kalo campak kluar dikit doang di leher ajja udh aga item di suruh tubuh gaada apakah bahaya . nanya ke dokter anak dibilang campak. nginep di RS dibilang bukan campak jadi bingung","https://www.facebook.com/groups/759878459543655/",0,0,0,-1,"NaN"
33,"Diskusi dan Sharing Seputar Bayi","","unknown","Bun campak yang 9 bulan gpp di suntik di 11 bulan","https://www.facebook.com/groups/759878459543655/",0,0,0,-1,"NaN"
34,"Diskusi dan Sharing Seputar Bayi","","unknown","Anak aku 1 tahun, suntik campak itu dibagian mana ya bun apakah dobell juga??, soalnya anakku besok suntik campak pertama kali","https://www.facebook.com/groups/759878459543655/",0,0,0,-1,"NaN"
35,"Diskusi dan Sharing Seputar Bayi","","unknown","Buun apa biasanya dampak dri imunisasi campak 9 bulan ya...apa demam .bengkak bekas suntikan kayak dpt juga ya...ank bunda gmn yg sdh inunisasi campak? Soalnya cemas anaku klu imunisasi demam trus dn ini baru mo imunisasi canpak..","https://www.facebook.com/groups/759878459543655/",0,0,0,-1,"NaN"
36,"Diskusi dan Sharing Seputar Bayi","","unknown","Mau tanya disini ada ga yg anaknya imunisasi campak tp lbh dari 9 bulan? Kbtulan anakku rencana mw imunisasi campak tp usianya udh mw 1 thun, knp ga pas 9 bulan krna dpt 3 aja bru slesai usia 9 bln, bnyak telat soalnya sering bapil, trus ayahnya kurang setuju imunisasi krna anak jd super rewel smpe berhari hari  pdhl anak pertama full imunisasi aman tp yg kdua ini hm sekali","https://www.facebook.com/groups/759878459543655/",0,0,0,-1,"NaN"
37,"Diskusi dan Sharing Seputar Bayi","","unknown","Yang anak nya pernah ngalamin campak?anak ku usia 6tahun lagi terkena campakk hari ini ruam merahnya udh muncul,panas,batuk,mata merah,udh berobat,udh beli obat juga diapotiik, Alhamdulillah panasnya udh mulai turun,tapi matanya masih merah+batuk,apa kah nnti sembuh sendiri?apa boleh dipake salep mata ya?bantu jawab ya bunda²","https://www.facebook.com/groups/759878459543655/",0,0,0,-1,"NaN"
38,"Diskusi dan Sharing Seputar Bayi","","unknown","Kenapa banyak yg tertawa dan seperti gk terima sama cerita yg sedang saya alami,apa salahnya saya bercerita tentang imunisasi,ankku yg pertama no imunisasi,dan anak ke dua imunisasi lengkap dan sudah imunisasi campak,dan aku cerita kalau ankku kena campaknya malah parah, kebanyakan org bilang yg imunisasi bakal ringan dan gk separah yg di alami anak yg tidak imunisasi, justru di antara ankku yg 2 ini,malah ank yg full imunisasi yg kena campak, sedangkan kknya tidak knp2,aku tau imun anak berbeda,tp tolong jangan tertawa,ankku mungkin tertular sama anak adikku,tp ank adikku gk parah padahal anknya gk imunisasi,Tolong do'akan ank ku yh bunda2,smg lekas membaik dan cepet pulang dari RS  Lihat Lebih Sedikit Kenapa banyak yg tertawa dan seperti gk terima sama cerita yg sedang saya alami,apa salahnya saya bercerita tentang imunisasi,ankku yg pertama no imunisasi,dan anak ke dua imunisasi lengkap dan sudah imunisasi campak,dan aku cerita kalau ankku kena campaknya malah parah, kebanyakan org bilang yg imunisasi bakal ringan dan gk separah yg di alami anak yg tidak imunisasi, justru di antara ankku yg 2 ini,malah ank yg full imunisasi yg kena campak, sedangkan kknya tidak knp2,aku tau imun anak berbeda,tp tolong jangan tertawa,ankku mungkin tertular sama anak adikku,tp ank adikku gk parah padahal anknya gk imunisasi, Tolong do'akan ank ku yh bunda2,smg lekas membaik dan cepet pulang dari RS  Lihat Lebih Sedikit","https://www.facebook.com/groups/759878459543655/",0,0,0,-1,"NaN"
39,"Diskusi dan Sharing Seputar Bayi","","unknown","Bun bagi pengalamannya yang anaknya udah imunisasi dpt lanjutan + campak mr gimana? Demam nggak? Buat yang imunisasinya di posyandu ya","https://www.facebook.com/groups/759878459543655/",0,0,0,-1,"NaN"
40,"Diskusi dan Sharing Seputar Bayi","","unknown","bund....... yg kena broncopnemonia bakal sembuh ga sih ko aku setiap hari d hantui rasa takut trus sampai kalo tdur anakku aku liatin nafas dia sampai bngun lagi, denger suara token listrik hbis serem berasa d RS karna anakku kemaren masuk picu kena campak denger suara grok grok aku takut ku kira nafas anakku ternyata mejikom ku air nya lagi mendidih karna aku lagi masak nasi setiap malam aku mimpi selalu berada d RS pas bangun ternyata aku tdur d rumah aku takut anxiety ku kambuh Bun rasanya hari hariku ga seperti dulu Lihat Lebih Sedikit","https://www.facebook.com/groups/759878459543655/",0,0,0,-1,"NaN"
41,"Diskusi dan Sharing Seputar Bayi","","unknown","bund, kalo bayi d bawah 9bln bisa trkena campak ga ya? karna kan d bawah 9 bln itu belum vksin campak?!!bund, kalo bayi d bawah 9bln bisa trkena campak ga ya? karna kan d bawah 9 bln itu belum vksin campak?!!","https://www.facebook.com/groups/759878459543655/",0,0,0,-1,"NaN"
42,"Diskusi dan Sharing Seputar Bayi","","unknown","Perbedaan Campak dan Rubella…","https://www.facebook.com/groups/759878459543655/",2,0,0,-1,"NaN"
43,"Diskusi dan Sharing Seputar Bayi","","unknown","Mau tanya bun anakku telat imunisasi.. skrg 11 bln blm imunisasi campak ,apakah bisa menyusul bun?","https://www.facebook.com/groups/759878459543655/",0,0,0,-1,"NaN"
44,"Diskusi dan Sharing Seputar Bayi","","unknown","Bun mau nanya anak usia 7bulan udh gejala terkena campak obatnya apa ya,tadi brobat dibidan dikasih obat bubuk,sama Paracetamol sirup?ini baru gejala Bun ruam merah nya belum muncul?","https://www.facebook.com/groups/759878459543655/",0,0,0,-1,"NaN"
45,"Diskusi dan Sharing Seputar Bayi","","unknown","Bun cara menyembuhkan campak gimana biar cpt adem","https://www.facebook.com/groups/759878459543655/",0,0,0,-1,"NaN"
46,"Diskusi dan Sharing Seputar Bayi","","unknown","Bagi pengalamannya bund... Suntik campak itu bgian mana?? Dan efeknya gimna??Bagi pengalamannya bund... Suntik campak itu bgian mana?? Dan efeknya gimna??","https://www.facebook.com/groups/759878459543655/",0,0,0,-1,"NaN"
47,"Diskusi dan Sharing Seputar Bayi","","unknown","Setelah imunisasi campak trus imunisasi umur brp lagi Bun ? Ada yg bilang umr 12 bulan tp aku baca di kia yg 10 bulan ada , kemarin lupa tanya bidannya Setelah imunisasi campak trus imunisasi umur brp lagi Bun ? Ada yg bilang umr 12 bulan tp aku baca di kia yg 10 bulan ada , kemarin lupa tanya bidannya","https://www.facebook.com/groups/759878459543655/",0,0,0,-1,"NaN"
48,"Diskusi dan Sharing Seputar Bayi","","unknown","Bun , sharing pengalaman setelah anak imunisasi campak yg 9 Bulan donk,q agak worry ,takut timbul bintik-bintik merahBun , sharing pengalaman setelah anak imunisasi campak yg 9 Bulan donk,q agak worry ,takut timbul bintik-bintik merah","https://www.facebook.com/groups/759878459543655/",0,0,0,-1,"NaN"
49,"Diskusi dan Sharing Seputar Bayi","","unknown","Kemarin sempet panik takut banget ade kena campak  habis demam 3 harian setelah demam sembuh tiba2 muncul lah bintik2 ruam di bagian perut sama punggung ajaa,, allham…","https://www.facebook.com/groups/759878459543655/",0,0,0,-1,"NaN"
50,"Diskusi dan Sharing Seputar Bayi","","unknown","Bunda²...Anak sya usia 17 bulan terkena campak, awalnya batuk pilek sya bawa berobat , besok'nya langsung keluar Campak di badan'nya, itu dari hari Minggu sya bwa berobat nya, tapi smpe skrng masih Demam. Campak nya sya liat makin banyak keluar nya. Harus gimna ya sya bund...??? Maaf  sya bertanya sperti ini Bunda²... Anak sya usia 17 bulan terkena campak, awalnya batuk pilek sya bawa berobat , besok'nya langsung keluar Campak di badan'nya, itu dari hari Minggu sya bwa berobat nya, tapi smpe skrng masih Demam. Campak nya sya liat makin banyak keluar nya. Harus gimna ya sya bund...??? Maaf  sya bertanya sperti ini","https://www.facebook.com/groups/759878459543655/",0,0,0,-1,"NaN"
51,"Diskusi dan Sharing Seputar Bayi","","unknown","bulan depan anak saya suntik campak bun ? efek nya bakal demam atau tidak ya ?? di paha atau di tangan suntik nya ?? bulan depan anak saya suntik campak bun ? efek nya bakal demam atau tidak ya ?? di paha atau di tangan suntik nya ??","https://www.facebook.com/groups/759878459543655/",0,0,0,-1,"NaN"
52,"Diskusi dan Sharing Seputar Bayi","","unknown","bund,pilek bisa tidak ikut imunisasi campak?","https://www.facebook.com/groups/759878459543655/",0,0,0,-1,"NaN"
53,"Diskusi dan Sharing Seputar Bayi","","unknown","Bun anak saya usia nya 1 tahun 10 bulan tapi blm di imunisasi Campak saya juga baru ngeh pas liat buku ping pdahal saya rajin posyandu terus saya tanya ke kader posyandu apa bisa imunisasi di puskesmas katanya ntar aja nunggu posyandu lagi apa masih bisa ya di imunisasi campak umur segitu bun","https://www.facebook.com/groups/759878459543655/",0,0,0,-1,"NaN"
54,"Diskusi dan Sharing Seputar Bayi","","unknown","Assalamu'alaikum bun mau tanya anak saya terkena campak habis demam, terus masih merah kyak gitu seluruh tubuh nya,udah dikasih obat tapi belum hilang gmna ya bun cara agar cpt hilang dengan bekas“nya juga agar tidak menghitam","https://www.facebook.com/groups/759878459543655/",0,0,0,-1,"NaN"
55,"Diskusi dan Sharing Seputar Bayi","","unknown","mau tanya imunisasi dpt lanjutan+campak itu imunisasi terakhir ya bund??mau tanya imunisasi dpt lanjutan+campak itu imunisasi terakhir ya bund??","https://www.facebook.com/groups/759878459543655/",0,0,0,-1,"NaN"
56,"Diskusi dan Sharing Seputar Bayi","","unknown","Bun ada yg sama gkBayi 8 bulan nasinya masih di CopperShrusnya udh harus gnti teksturTp krna blum genap 8bulan kena campakJdi smpai skg nafsu mknnya turunSpya dia mau mkn meskipun cma sedikitDrpda gk ad kan bunSusunya juga berkurangMungkin ad bbrpa bunda yg beda pendpt Lihat Lebih Sedikit Bun ada yg sama gk Bayi 8 bulan nasinya masih di Copper Shrusnya udh harus gnti tekstur Tp krna blum genap 8bulan kena campak Jdi smpai skg nafsu mknnya turun Spya dia mau mkn meskipun cma sedikit Drpda gk ad kan bun Susunya juga berkurang Mungkin ad bbrpa bunda yg beda pendpt Lihat Lebih Sedikit","https://www.facebook.com/groups/759878459543655/",0,0,0,-1,"NaN"
57,"Diskusi dan Sharing Seputar Bayi","","unknown","Anak ku mau imunisasi campak ni Bun tgl 18 kira"" kalau imunisasi campak Demam ga ya , kalau kemarin imunisasi dpt Alhamdulillah aman aman ajaAnak ku mau imunisasi campak ni Bun tgl 18 kira"" kalau imunisasi campak Demam ga ya , kalau kemarin imunisasi dpt Alhamdulillah aman aman aja","https://www.facebook.com/groups/759878459543655/",0,0,0,-1,"NaN"
58,"Diskusi dan Sharing Seputar Bayi","","unknown","Imunisasi campak itu bisa bikin demam ngak bund yg udh pengalaman sering donk, apa sama kayak DPT ya bisa bikin demam?","https://www.facebook.com/groups/759878459543655/",0,0,0,-1,"NaN"
59,"Diskusi dan Sharing Seputar Bayi","","unknown","imunisasi campak bikin demam gak bun?soalnya 2 hari lagi mau imunisasi campak","https://www.facebook.com/groups/759878459543655/",0,0,0,-1,"NaN"
60,"Diskusi dan Sharing Seputar Bayi","","unknown","assalamualaikum bun mau tanya yg udah ngalamin suntik imunisasi campak anknya panas demam ga ya atau rewel ...","https://www.facebook.com/groups/759878459543655/",0,0,0,-1,"NaN"
61,"Diskusi dan Sharing Seputar Bayi","","unknown","Bun minta sarannya dong anakku kena campak kemarin ke igd di lab di suruh pulang cuman di kasih obat penurun panas sama di uap tapi sekarang panas nya masih naik turun gimana ya bingung berobat ke dsa juga udah pihak rs pun nyuruh habisin obat dri dsa tapi si anak tidur terus ya","https://www.facebook.com/groups/759878459543655/",0,0,0,-1,"NaN"
62,"Diskusi dan Sharing Seputar Bayi","","unknown","Bun anak ku kena campak belum genap 9 bulan hrus nya bulan ini suntik cmpk ehh keduluan penyakit nya obat nya apa ya Bun sudah berobat Masi ga mempan","https://www.facebook.com/groups/759878459543655/",0,0,0,-1,"NaN"
63,"Diskusi dan Sharing Seputar Bayi","","unknown","Bunda2 mohon maaf izin bertanya, apakah usia 10bln sama 12bln itu imunisasi juga? Maaf, soalnya kata sepupu saya setelah campak yg 9bln itu imunisasi nya nanti lagi kalo sudah 18bln?","https://www.facebook.com/groups/759878459543655/",0,0,0,-1,"NaN"
64,"Diskusi dan Sharing Seputar Bayi","","unknown","Izin bertanya bunda2, setelah imunisasi campak yg 9bln, apakah nanti imunisasi lagi di usia 10 dan 12bln? Soalnya kata sepupu saya setelah campak 9bln, imunisasi nya nanti lagi saat usia 18bln.","https://www.facebook.com/groups/759878459543655/",0,0,0,-1,"NaN"
65,"Diskusi dan Sharing Seputar Bayi","","unknown","Bun, ada nggak yang anaknya pernah kena campak? Sekarang bayi aku masih 2 bulan kena campak, baiknya langsung dibawa ke dokter/bidan atau cukup dirawat di rumah aja ya? Kalau bayi masih full ASI, kira-kira ibunya perlu doping makanan tertentu biar ASI lebih bagus nggak ya?Soalnya kakaknya juga lagi kena campak (lg proses penyembuhan), jadi kemungkinan adeknya ketularan. Mohon sharing pengalamannya bun, makasih banyak. Bun, ada nggak yang anaknya pernah kena campak? Sekarang bayi aku masih 2 bulan kena campak, baiknya langsung dibawa ke dokter/bidan atau cukup dirawat di rumah aja ya? Kalau bayi masih full ASI, kira-kira ibunya perlu doping makanan tertentu biar ASI lebih bagus nggak ya? Soalnya kakaknya juga lagi kena campak (lg proses penyembuhan), jadi kemungkinan adeknya ketularan. Mohon sharing pengalamannya bun, makasih banyak.","https://www.facebook.com/groups/759878459543655/",0,0,0,-1,"NaN"
66,"Diskusi dan Sharing Seputar Bayi","","unknown","Dari maraknya kasus campak yg semakin meluas maka normalisasikan untuk tidak cium anak orang sembarangan T…  Dari maraknya kasus campak yg semakin meluas maka normalisasikan untuk tidak cium anak orang sembarangan T…","https://www.facebook.com/groups/759878459543655/",0,0,0,-1,"NaN"
67,"Diskusi dan Sharing Seputar Bayi","","unknown","bun anak saya tb2 merah gini’ ak takut krna bayak kasus campakalhamdulillah anak saya ga demam","https://www.facebook.com/groups/759878459543655/",0,0,0,-1,"NaN"
68,"Diskusi dan Sharing Seputar Bayi","","unknown","Coba bunda bunda sharing sharing pengalaman baby nya yg pernah kena campak di usia 8 bulan.Tanda tanda nya gimana, cara penanganan nya gimana. Coba bunda bunda sharing sharing pengalaman baby nya yg pernah kena campak di usia 8 bulan. Tanda tanda nya gimana, cara penanganan nya gimana.","https://www.facebook.com/groups/759878459543655/",0,0,0,-1,"NaN"
69,"Diskusi dan Sharing Seputar Bayi","","unknown","Asalamualaikum Bun anak sya sudah 3 hari demam terus sekarang keluar campak dan Alhamdulillah demam nya udah reda tapi sya kaget pas mau ganti baju nya dde di badan nya pada merah² hampir di seluruh badan nya sampai ke muka² minta solusi nya dong harus di kasih bedak apa takut nya gatal soalnya nangis Bae..","https://www.facebook.com/groups/759878459543655/",0,0,0,-1,"NaN"
70,"Diskusi dan Sharing Seputar Bayi","","unknown","Batas usia imunisasi campak usia berapa ya? Anak ku uda usia 1 tahun belom imunisasi campak, setiap ke posyandu ditolak mulu sama bidan nya katanya karena ga ada teman nya sayang obat ny kalo cuma dibuka 1","https://www.facebook.com/groups/759878459543655/",0,0,0,-1,"NaN"
71,"Diskusi dan Sharing Seputar Bayi","","unknown","usia brp ank kna campak bun","https://www.facebook.com/groups/759878459543655/",0,0,0,-1,"NaN"
72,"Diskusi dan Sharing Seputar Bayi","","unknown","GIMANA SIH BUN CARA NGATASIN CAMPAK","https://www.facebook.com/groups/759878459543655/",0,0,0,-1,"NaN"
73,"Diskusi dan Sharing Seputar Bayi","Tips Menghadapi campak pada bayi","unknown","Tips Menghadapi campak pada bayiCampak pada bayi perlu perhatian ekstra Rawat dengan kasih sayang,jaga kebersihan, dan segera periksa ke dokter jika muncul tanda bahaya #parenting #campak #imunisasi #mom_and_kids","https://www.facebook.com/groups/759878459543655/",9,0,0,-1,"NaN"
74,"Diskusi dan Sharing Seputar Bayi","","unknown","assalamu'alaikum bund ini anakku habis imunisasi campak malah jadi bintik dan ruam merah kira2 salebnya apa ya bund? apa ada indikasi lain misalnya alergi","https://www.facebook.com/groups/759878459543655/",0,0,0,-1,"NaN"
75,"Diskusi dan Sharing Seputar Bayi","Sekedar sharing yah mom","ZG66J.com","Sekedar sharing yah momAkhirnya anak ke 3 ku kena campak juga.Awal mulanya anak ke 2 ku (umur 3 tahun) badannya tiba2 hangat selama 2 hari kemudian aku kasih Paracetamol. Alhamdulillah langsung turun panasnya .. hari ke 3 udah sembuh,, hari ke 4 tiba-tiba anak ke 3 ku (umur 1 tahun) badannya hangat Alhamdulillah masih mau makan tapi sedikit cmn 4 suap aja. Mau nya nenen trus, selama 2 hari badan nya masih hangat jg akhirnya aku ksih sanmol drop tp setiap minum dia langsung muntah.aku bingung harus ksh apalagi akhirnya mlm2 aku ksih minyak sinergi aja, Alhamdulillah panasnya mulai turun tp beberapa jam kemudian badan nya hangat lagi. hari ke 7 panas nya mulai tinggi akhirnya aku memutuskan untuk kasih Paracetamol tablet yg dibagi 4 Alhamdulillah setelah 1 jam panasnya langsung turun,, tp anak aku gak mau mkn lagi maunya nenen trus, badannya lemas maunya tiduran aja. akhirnya aku memutuskan untuk ksih dia sufor,, aku simpan dibtol minumnya tp yg diminum sedikit aja.. aku kepikiran ada Pipet tetes obatnya langsung deh aku ksih minum pake itu.. Alhamdulillah minumnya jadi banyak.. hampir stengah dia minum dari 150 ml. Setelah itu dia udah mulai mau main. Hari ke 8 pagi hari tiba2 mukanya memerah, bagian kakinya ada bintik2 merah, matanya gatal, bawaan nya mau tdr trus.. saat itu aku panik ky nya ini campak. Aku teringat biasanya orang2 dikampungku klau gejala seperti itu dikasih air kelapa muda jdi aku suruh suami cepet2 beli kelapa. Setelah dikasih minum badan nya makin memerah. tp nenek nya bilang itu bagus dia kluar penyakitnya jdi makin memerah. Keesokannya kemerahan nya Sudah mulai berkurang. Alhamdulillah hari ke 10 anak aku badan nya udh gak merah lagi udah mau main, udh mau jalan, makan nya udh mulai lahap. oh yah anak ke 2 ku sudah imunisasi campak, sedangkan anak ke 3 ku belum imunisasi campak yah mom. Jdi kesimpulan nya ayo mom yg anaknya belum imunisasi campak segera imunisasi, karena dengan imunisasi bisa mengurangi gejala yg terjadi terhadap anak kita..","https://www.facebook.com/groups/759878459543655/",0,0,0,-1,"NaN"
76,"Diskusi dan Sharing Seputar Bayi","","unknown","bun ijin bertanya perawatan kulit anak kena campak pke apa ya bun biar bekas ruamnya g berbekas hitambun ijin bertanya perawatan kulit anak kena campak pke apa ya bun biar bekas ruamnya g berbekas hitam","https://www.facebook.com/groups/759878459543655/",0,0,0,-1,"NaN"
77,"Diskusi dan Sharing Seputar Bayi","","MI6CqGg9M.com","Campak sejahat itu..yah setelah saya lihat teman sekamar isolasi anak saya yang kena komplikasi campak emang sejahat itu.lihat anak sesak,Diare,mata bengkak gak bisa kebuka berhari2..saya gak tau harus sarann kalian imunisasi atao nggak.karna jujur anak saya gak imunisasi dan anak saya gak ada komplikasi..sedangkan teman skamar yang komplikasi itu imunisasi lengkap.saya hanya meyakini sehat,sakit kita kembali sama Allah..buat orang tua yang pro/kontra imunisasi saya Mendoakan anak2 kita sehat2 smua nya.. Lihat Lebih Sedikit","https://www.facebook.com/groups/759878459543655/",0,0,0,-1,"NaN"
78,"Diskusi dan Sharing Seputar Bayi","","unknown","bund tgl 9 Oktober katanya serentak campak rubella, itu efeknya gmna ya?","https://www.facebook.com/groups/759878459543655/",0,0,0,-1,"NaN"
79,"Diskusi dan Sharing Seputar Bayi","","unknown","Halo bunda, anakku 7 bulan habis demam 4 hari sembuh terus muncul ruam merata di badan kecuali kaki, alhamdulillah ternyata ini virus roseola ya bun, istilah jawa GABAKEN, ada juga yang bilang TAMPEK, bukan campak ya bun.. 3 hari kemudian ruam sdh hilang, kalau campak muncul ruam saat anak masih demam dan disertai keluhan lain seperti batuk, pilek, diare dsb.kalau ada yang mengalami ini jangan khawatir ya bun..  karena gabaken kalau dema reda inshaAllah akan sembuh dengan sendirinya asal nutrisi anak di jaga. Lihat Lebih Sedikit Halo bunda, anakku 7 bulan habis demam 4 hari sembuh terus muncul ruam merata di badan kecuali kaki, alhamdulillah ternyata ini virus roseola ya bun, istilah jawa GABAKEN, ada juga yang bilang TAMPEK, bukan campak ya bun.. 3 hari kemudian ruam sdh hilang, kalau campak muncul ruam saat anak masih demam dan disertai keluhan lain seperti batuk, pilek, diare dsb. kalau ada yang mengalami ini jangan khawatir ya bun..  karena gabaken kalau dema reda inshaAllah akan sembuh dengan sendirinya asal nutrisi anak di jaga. Lihat Lebih Sedikit","https://www.facebook.com/groups/759878459543655/",0,0,0,-1,"NaN"
80,"Diskusi dan Sharing Seputar Bayi","","unknown","Bund sharing dong yg si dedek nya pernah campak gimna cara penanganan nya","https://www.facebook.com/groups/759878459543655/",0,0,0,-1,"NaN"
81,"Diskusi dan Sharing Seputar Bayi","","unknown","Alhamdulillah tadi suntik campak ternyata tidak bikin demam ya bun. Awalnya maju mundur mau imunisasi lanjutan.. new mom Alhamdulillah tadi suntik campak ternyata tidak bikin demam ya bun. Awalnya maju mundur mau imunisasi lanjutan.. new mom","https://www.facebook.com/groups/759878459543655/",0,0,0,-1,"NaN"
82,"Diskusi dan Sharing Seputar Bayi","","unknown","Maaf bunda2 mau nanya itu campak bukan ya?badan panas,rewel","https://www.facebook.com/groups/759878459543655/",0,0,0,-1,"NaN"
83,"Diskusi dan Sharing Seputar Bayi","","unknown","Sharing dong bun, kalo imunisasi campak bikin demam gak ya kaya dpt","https://www.facebook.com/groups/759878459543655/",0,0,0,-1,"NaN"
84,"Diskusi dan Sharing Seputar Bayi","","unknown","Alhamdulilaah hasil bgus bun campak pneumonia udh sehat batuk nya..... Udh mulai mau emm burtim sehat yuk de bb mentok di 8kg masyaAllah","https://www.facebook.com/groups/759878459543655/",1,0,0,-1,"NaN"
85,"Diskusi dan Sharing Seputar Bayi","","unknown","bun, info obat gatal"" yg ampuh sii buat bayi 11bulan, udah 2x berobat smpe cek lab juga takut ruam campak, klo malem garuk"" aja adx'y.. ruam merah gatal menyebar didada, punggung sma tangan aja, muncul setelah demam bapil.. udah seminggu tapi ruam belom sembuh.. klo demam dan bapilnya udah sembuh, ruamnya kayak beruntusan gtu.. orang bilang disni lagi musim panen padi jadi banyak yg gatel"" nnti ilang sendiri katanya.. tpi ga mungkin lh dibiarin gtu aja, 2x berobat dikasih oba…","https://www.facebook.com/groups/759878459543655/",0,0,0,-1,"NaN"
86,"Diskusi dan Sharing Seputar Bayi","","unknown","Ini buat bunda"" yang PRO imunisasi ya' Alhamdulillah  7,5 bulan sudah lulus PerDPTan tinggal nunggu imunisasi  selanjutnya campak umur 9 bulan  Imunisasi bukan cuma jadwal di buku, tapi investasi kesehatan jangka panjang untuk si kecil Setiap vaksin punya peran penting untuk melindungi dari penyakit berbahaya,Jangan tunggu sakit dulu—pencegahan selalu lebih baik daripada pengobatan.Yuk, pastikan imunisasi anak lengkap dan tepat waktu sesuai usia Karena anak sehat hari ini, adalah masa depan yang lebih kuat nanti.”#imunisasianak #jadwalimunisasi #anaksehat #parentingindonesia #edukasianak #ibucerdas #kesehatananak #imunisasilengkap #momlifeindonesia #tumbuhkembanganak #cegahlebihbaik #bayisehat #mpasi #newmomlife—  merasa bersyukur di Ponorogo, Jawa Timur. Lihat Lebih Sedikit Ini buat bunda"" yang PRO imunisasi ya' Alhamdulillah  7,5 bulan sudah lulus PerDPTan tinggal nunggu imunisasi  selanjutnya campak umur 9 bulan  Imunisasi bukan cuma jadwal di buku, tapi investasi kesehatan jangka panjang untuk si kecil Setiap vaksin punya peran penting untuk melindungi dari penyakit berbahaya, Jangan tunggu sakit dulu—pencegahan selalu lebih baik daripada pengobatan. Yuk, pastikan imunisasi anak lengkap dan tepat waktu sesuai usia Karena anak sehat hari ini, adalah masa depan yang lebih kuat nanti.” #imunisasianak #jadwalimunisasi #anaksehat #parentingindonesia #edukasianak #ibucerdas #kesehatananak #imunisasilengkap #momlifeindonesia #tumbuhkembanganak #cegahlebihbaik #bayisehat #mpasi #newmomlife—  merasa bersyukur di Ponorogo, Jawa Timur. Lihat Lebih Sedikit","https://www.facebook.com/groups/759878459543655/",0,0,0,-1,"NaN"
87,"Diskusi dan Sharing Seputar Bayi","","unknown","Barang yang kusediakan setiap abang Mushab imunisasi :1. Sanmol paracetamol drops cair2. Termometer3. Cessa merah fedrop4. Bye-bye fever/Koolfever5. Minyak telon6. Bawang merahSudah lolos imunisasi DPT1,,DPT2 dan teman2nya sisa bulan depan DPT3 dan selanjutnya campak diusia 9 bulan. Jangan kira saya tidak panik dan takut untuk imunisasi anak, saya ada ibu gen z yg sangat takut mengingat banyaknya kasus KIPI pada beberapa anak pasca imunisasi dan bahkan ada yg lebih parah. Apalagi kondisi saya dari anak lahir sampai sekarang cuma berdua dgn suami merawatnya 24jam pun klau suami kerja ya cuma sendiri merawat anak.Tapi dengan modal memberanikan diri dan membesarkan rasa husnudzon ini serta demi kesehatan jangka panjang anak kedepannya maka terjadilah keputusan imunisasi ini, Alhamdulillah sejauh ini aman dan semoga kedepannya tetap begitu kita yakini selalu ikhtiar dan tawakkal itu  #IbunyaMushab #Mushabstory #katakata #parentingtips #imunisasi #edukasiibu Lihat Lebih Sedikit Barang yang kusediakan setiap abang Mushab imunisasi : 1. Sanmol paracetamol drops cair 2. Termometer 3. Cessa merah fedrop 4. Bye-bye fever/Koolfever 5. Minyak telon 6. Bawang merah Sudah lolos imunisasi DPT1,,DPT2 dan teman2nya sisa bulan depan DPT3 dan selanjutnya campak diusia 9 bulan. Jangan kira saya tidak panik dan takut untuk imunisasi anak, saya ada ibu gen z yg sangat takut mengingat banyaknya kasus KIPI pada beberapa anak pasca imunisasi dan bahkan ada yg lebih parah. Apalagi kondisi saya dari anak lahir sampai sekarang cuma berdua dgn suami merawatnya 24jam pun klau suami kerja ya cuma sendiri merawat anak. Tapi dengan modal memberanikan diri dan membesarkan rasa husnudzon ini serta demi kesehatan jangka panjang anak kedepannya maka terjadilah keputusan imunisasi ini, Alhamdulillah sejauh ini aman dan semoga kedepannya tetap begitu kita yakini selalu ikhtiar dan tawakkal itu #IbunyaMushab #Mushabstory #katakata #parentingtips #imunisasi #edukasiibu Lihat Lebih Sedikit","https://www.facebook.com/groups/759878459543655/",1,0,0,-1,"NaN"
88,"Diskusi dan Sharing Seputar Bayi","","unknown","Bun,, ini kenapa ya anakku habis suntik campak tdi sore di bidan sekarang nangis kejer.. Udh di susuin di kompres jga bekas suntikan ttep nangis kejer. Aku cek suhunya 37,1Tolong infonya bun Bun,, ini kenapa ya anakku habis suntik campak tdi sore di bidan sekarang nangis kejer.. Udh di susuin di kompres jga bekas suntikan ttep nangis kejer. Aku cek suhunya 37,1 Tolong infonya bun","https://www.facebook.com/groups/759878459543655/",0,0,0,-1,"NaN"
89,"Diskusi dan Sharing Seputar Bayi","","unknown","Waspada penyakit campak sekarang lagi mewabah. Gejala awal sulit di deteksi dan bintik ruam pun munculnya setelah 5 hari demam. Bayangkan awal penularan juga dari 3 Minggu yang lalu waktu anak saya yang sulung sakit, di RANAP di RS,karena baby gak ada yang jaga ( ASI Eksklusif ) terpaksa ku boyong juga ke rumah sakit. Di situlah penularan campaknya mulai, karena memang banyak bayi dan anak yang di rawat inap dengan penyakit itu.Baby ku 5 bulan terkena campak, awalnya demam tidak ada tanda apa2, saya bawa periksa rawat jalan, pertama obat habis belum ada perubahan, rawat jalan kedua hasil sama,masih demam,batuk,diare, dan akhirnya aku dan suami bawa ke rumah sakit, di rawat inap, setelah di berikan anti biotik, barulah bintik bintik dan ruam merah nya keluar. Semoga lekas sembuh anakku  kangen wajah ceriamu nak  Lihat Lebih Sedikit Waspada penyakit campak sekarang lagi mewabah. Gejala awal sulit di deteksi dan bintik ruam pun munculnya setelah 5 hari demam. Bayangkan awal penularan juga dari 3 Minggu yang lalu waktu anak saya yang sulung sakit, di RANAP di RS,karena baby gak ada yang jaga ( ASI Eksklusif ) terpaksa ku boyong juga ke rumah sakit. Di situlah penularan campaknya mulai, karena memang banyak bayi dan anak yang di rawat inap dengan penyakit itu. Baby ku 5 bulan terkena campak, awalnya demam tidak ada tanda apa2, saya bawa periksa rawat jalan, pertama obat habis belum ada perubahan, rawat jalan kedua hasil sama,masih demam,batuk,diare, dan akhirnya aku dan suami bawa ke rumah sakit, di rawat inap, setelah di berikan anti biotik, barulah bintik bintik dan ruam merah nya keluar. Semoga lekas sembuh anakku  kangen wajah ceriamu nak  Lihat Lebih Sedikit","https://www.facebook.com/groups/759878459543655/",0,0,0,-1,"NaN"
90,"Diskusi dan Sharing Seputar Bayi","","unknown","Bun mau tanya, ini campak atau biang keringet ya, anak saya gada bapil demam, parno banget jadinya","https://www.facebook.com/groups/759878459543655/",0,0,0,-1,"NaN"
91,"Diskusi dan Sharing Seputar Bayi","","unknown","Buat yg punya bocil,,hati2 virus campak dmn mna??,anak saya kena juga,,5 hari panas tinggi,mata berair,diare,dan keluar kebadannya","https://www.facebook.com/groups/759878459543655/",0,0,0,-1,"NaN"
92,"Diskusi dan Sharing Seputar Bayi","","unknown","Kirain Campak Padahal banyak juga  bunda yang alamin anaknya kayak gini, ternyata ini flu singapur karena bintik-bintiknya hanya pada telapak kaki, tangan dan selangkangan Semoga segera pulih Lihat Lebih Sedikit","https://www.facebook.com/groups/759878459543655/",0,0,0,-1,"NaN"
93,"Seputar Mpasi dan Tumbuh Kembang Anak","","unknown","Bunda2 mau nanya.. Stelah vaksin campak , biasanya efek sampinng apa yg muncul pada anAk ?? Yg paling umumlah.. Mungkin sperti diare , demam atau apa gtuh?? Soalnya bru mau vaksin campak anak sy.. Takut ada apa2.. Bunda2 mau nanya.. Stelah vaksin campak , biasanya efek sampinng apa yg muncul pada anAk ?? Yg paling umumlah.. Mungkin sperti diare , demam atau apa gtuh?? Soalnya bru mau vaksin campak anak sy.. Takut ada apa2..","https://www.facebook.com/groups/1019457676237045/",0,0,0,-1,"NaN"
94,"Diskusi dan Sharing Seputar Bayi","","unknown","Alhamdulillah selesai drama imunisasi perDPt an.. Dpt 1 rewel & demam. Dpt 2&3 gak demam, gak rewel. Tinggal nunggu campak lagi di usia 9 bulan nanti.. semoga anak2 kita diberikan kesehatan selalu. Aamiin  Lihat Lebih Sedikit","https://www.facebook.com/groups/759878459543655/",0,0,0,-1,"NaN"
95,"INFORMASI TUMBUH KEMBANG ANAK🧑‍🍼🤱👪","","unknown","Hallo bund,mau tanya dong disini ada ga ya anaknya yang pernah kena campak sebelum waktu imunisasi?Ada tips penanganan ga ya?anakku kayaknya kena campak mau tak bawa ke klinik tapi masih hari Minggu klinik tutup. Hallo bund,mau tanya dong disini ada ga ya anaknya yang pernah kena campak sebelum waktu imunisasi? Ada tips penanganan ga ya?anakku kayaknya kena campak mau tak bawa ke klinik tapi masih hari Minggu klinik tutup.","https://www.facebook.com/groups/263952457049171/",0,0,0,-1,"NaN"
96,"Dunia MPASI","","unknown","Bun imunisasi campak apa ada efek panas ny????","https://www.facebook.com/groups/749561656526211/",0,0,0,-1,"NaN"
97,"Diskusi dan Sharing Seputar Bayi","","unknown","bun mau nnya klo suntk campak tpi ank ny lg batuk kira"" boleh engga sih bun?","https://www.facebook.com/groups/759878459543655/",0,0,0,-1,"NaN"
98,"Diskusi dan Sharing Seputar Bayi","Tolong di mengerti ya aunty uncle","unknown","Tolong di mengerti ya aunty uncle#Darurat #Campak","https://www.facebook.com/groups/759878459543655/",0,0,0,-1,"NaN"
99,"RESEP MASAKAN KUE ,ROTI,CEMILAN,DAN MINUNAN.","","unknown","Apakah Campak Berbahaya?Banyak yang menganggap campak hanya “penyakit biasa” pada anak… tapi benarkah demikian? Faktanya, campak bisa memicu komplikasi serius yang tidak boleh dianggap sepele. Mulai dari infeksi paru-paru yang menyebabkan sesak napas, hingga gangguan lain yang bisa memperburuk kondisi anak Pada kondisi tertentu, dampaknya bisa lebih berat—terutama pada bayi, balita, atau mereka dengan daya tahan tubuh yang rendah Yang sering tidak disadari, komplikasi ini bisa memerlukan perawatan intensif dan berisiko menimbulkan dampak jangka panjang. Karena itu, menganggap campak sebagai penyakit ringan justru bisa menjadi kesalahan yang berbahaya Lalu, seberapa serius sebenarnya dampak campak bagi kesehatan? Tonton video ini sampai selesai untuk mengetahuinya!#WaspadaCampak #CegahCampak #SehatItuPilihan #EdukasiCampak #EdukasiKesehatan Lihat Lebih Sedikit Apakah Campak Berbahaya? Banyak yang menganggap campak hanya “penyakit biasa” pada anak… tapi benarkah demikian? Faktanya, campak bisa memicu komplikasi serius yang tidak boleh dianggap sepele. Mulai dari infeksi paru-paru yang menyebabkan sesak napas, hingga gangguan lain yang bisa memperburuk kondisi anak Pada kondisi tertentu, dampaknya bisa lebih berat—terutama pada bayi, balita, atau mereka dengan daya tahan tubuh yang rendah Yang sering tidak disadari, komplikasi ini bisa memerlukan perawatan intensif dan berisiko menimbulkan dampak jangka panjang. Karena itu, menganggap campak sebagai penyakit ringan justru bisa menjadi kesalahan yang berbahaya Lalu, seberapa serius sebenarnya dampak campak bagi kesehatan? Tonton video ini sampai selesai untuk mengetahuinya! #WaspadaCampak #CegahCampak #SehatItuPilihan #EdukasiCampak #EdukasiKesehatan Lihat Lebih Sedikit","https://www.facebook.com/groups/1087035261366977/",0,0,0,-1,"NaN"
100,"KOPEKUSO ( KOMUNITAS PECINTA KUCING SOLO )","","unknown","Yang pernah vaksin kucing, biasanya vaksin pertama harganya kisaran berapa nggih? Suwun","https://www.facebook.com/groups/477208712412454/",0,0,0,-1,"NaN"
101,"Group title pending","","unknown","Wabah hantavirus yang terjadi di kapal pesiar MV Hondius kembali memicu perhatian terhadap upaya pengembangan vaksin untuk virus tersebut. Meski penelitian terus berjalan, para ilmuwan menyebut vaksin hantavirus kemungkinan masih membutuhkan waktu bertahun-tahun sebelum bisa digunakan secara luas. Melansir NBC News (8/5/2026), pengembangan vaksin hantavirus selama ini sering terhambat karena minim pendanaan dan rendahnya perhatian global. Profesor mikrobiologi molekuler dan imunologi dari Johns Hopkins Bloomberg School of Public Health, Sabra Klein, mengatakan penyakit ini kerap dianggap bukan ancaman pandemi besar sehingga dukungan penelitian masih terbatas. “Lembaga pendanaan tidak mengalokasikan banyak dana karena penyakit ini dianggap tidak akan menjadi epidemi atau pandemi berikutnya,” ujar Klein.Perusahaan bioteknologi asal Inggris, EnsiliTech, diketahui telah mengembangkan vaksin hantavirus selama sekitar 15 tahun. Salah satu pendiri perusahaan, Matt Slade, mengatakan penelitian vaksin hantavirus sempat kurang mendapat perhatian. “Kami melihat hantavirus sebagai penyakit yang cukup terabaikan dan hampir tidak ada penelitian besar di bidang ini,” kata Slade. Vaksin yang dikembangkan EnsiliTech menggunakan teknologi messenger RNA atau mRNA, teknologi yang juga dipakai dalam vaksin Covid-19. Vaksin tersebut menargetkan strain virus hanta yang banyak ditemukan di Asia Timur dan dapat menyebabkan perdarahan internal serta gangguan ginjal.Sumber: https://health.kompas.com/.../vaksin-hantavirus-sedang...#virus #hantavirus #vaksin #covid Lihat Lebih Sedikit Wabah hantavirus yang terjadi di kapal pesiar MV Hondius kembali memicu perhatian terhadap upaya pengembangan vaksin untuk virus tersebut. Meski penelitian terus berjalan, para ilmuwan menyebut vaksin hantavirus kemungkinan masih membutuhkan waktu bertahun-tahun sebelum bisa digunakan secara luas. Melansir NBC News (8/5/2026), pengembangan vaksin hantavirus selama ini sering terhambat karena minim pendanaan dan re","https://www.facebook.com/groups/182570445663977/",4,0,0,-1,"NaN"
102,"Diskusi dan Sharing Seputar Bayi","","unknown","bun ada g d sini anaknya yg ga d vaksin?tad say dei posyndu timbang saja trus pas mau d subtik dpt 1 saya nanya itu vaksin dpt1? eh mau d auntik ke anak saya g d kasih alcohol dulu saya nanya mana alcohol nya kasi dulu.ktnya g ad habis alcohol nya. saya jawab g ah jangan d auntik klw g d kasih alcohol. bun ada g d sini anaknya yg ga d vaksin? tad say dei posyndu timbang saja trus pas mau d subtik dpt 1 saya nanya itu vaksin dpt1? eh mau d auntik ke anak saya g d kasih alcohol dulu saya nanya mana alcohol nya kasi dulu. ktnya g ad habis alcohol nya. saya jawab g ah jangan d auntik klw g d kasih alcohol.","https://www.facebook.com/groups/759878459543655/",0,0,0,-1,"NaN"
103,"Info Vaksin Gratis","yang bisa buat keterangan vaksin 1- 4","unknown","yang bisa buat keterangan vaksin 1- 4","https://www.facebook.com/groups/725809851654492/",0,0,0,-1,"NaN"
104,"Rottweiler Indonesia in New Normal Condition","Ready Lagi 1 Betina","Usia 2 Bulan Kurang 7 hari","Ready Lagi 1 Betina Usia 2 Bulan Kurang 7 hariStanbum, Vaksin & Obat Cacing  ""Anak Import Kroasia""Kerobokan. BALIhttps://Wa.me/6282144833979","https://www.facebook.com/groups/333104143482242/",8,0,0,-1,"NaN"
105,"Rottweiler Indonesia in New Normal Condition","","unknown","Calon pejantan tangguh Usia 11bulan.…  Calon pejantan tangguh Usia 11bulan.…","https://www.facebook.com/groups/333104143482242/",0,0,0,-1,"NaN"
106,"Rottweiler Indonesia in New Normal Condition","","unknown","Kembali Hadir.. Anakan Rottweiler Jantan Non Stambun Superbig..Terlahir dr Indukan Rott berstambun.. DOB 28 Januari 2026.. Hari ini umur 1 bulan 17 hari.. Sdh termasuk Vaksin Eurican 4 (E4)..Kaki sdh sebesar 3 jari tangan pria dewasa..Anakan rottweiler jantan Superbig.. Sangat terurus.. Obat cacing rutin..Terlahir dr indukan jantan n indukan betina superbig.. Video indukan disertakan..Balige - Kab. Toba Samosir - Sumut. No. Kontak/WA. 0822 2622 4888 Lihat Lebih Sedikit Kembali Hadir.. Anakan Rottweiler Jantan Non Stambun Superbig.. Terlahir dr Indukan Rott berstambun.. DOB 28 Januari 2026.. Hari ini umur 1 bulan 17 hari.. Sdh termasuk Vaksin Eurican 4 (E4).. Kaki sdh sebesar 3 jari tangan pria dewasa.. Anakan rottweiler jantan Superbig.. Sangat terurus.. Obat cacing rutin.. Terlahir dr indukan jantan n indukan betina superbig.. Video indukan disertakan.. Balige - Kab. Toba Samosir - Sumut. No. Kontak/WA. 0822 2622 4888 Lihat Lebih Sedikit","https://www.facebook.com/groups/333104143482242/",0,0,0,-1,"NaN"
107,"ADOPSI KUCING SOLO DAN SEKITARNYA","","unknown","Aku mau adopt kucing ras persia- jantan - no kutu dan jamur- pup pip di litter box- aktif, lincah- sudah vaksin- terawat Lihat Lebih Sedikit Aku mau adopt kucing ras persia - jantan - no kutu dan jamur - pup pip di litter box - aktif, lincah - sudah vaksin - terawat Lihat Lebih Sedikit","https://www.facebook.com/groups/273405435676711/",0,0,0,-1,"NaN"
108,"INDONESIA","","unknown","Proyek pesanan siapa tuh udah datang tinggal disebarluaskan entah lewat udara atau humanity tourch...Anncuuukkkk.#Vaksin #PcrVirus Lihat Lebih Sedikit Proyek pesanan siapa tuh udah datang tinggal disebarluaskan entah lewat udara atau humanity tourch... Anncuuukkkk. #Vaksin #PcrVirus Lihat Lebih Sedikit","https://www.facebook.com/groups/207100049320404/",0,0,0,-1,"NaN"
109,"Diskusi dan Sharing Seputar Bayi","","unknown","Halo buibu anti vaksin, kalian kira kami ibu-ibu yang merelakan vaksin untuk anak gak kerepotan kah? Kami juga repot, gak tega juga anak disuntik, tapi demi kesehatan anak, kami rela anak kami diimunisasi. Kalian para ibu egois, mikir gak kalau anak kalian gak diimunisasi apa dampaknya untuk anak kalian nanti dan anak-anak lain yang sudah diimunisasi? Tau gak Indonesia lama bebas POLIO lalu kemarin malah KLB POLIO???YAA KARNA KALIAN…  Halo buibu anti vaksin, kalian kira kami ibu-ibu yang merelakan vaksin untuk anak gak kerepotan kah? Kami juga repot, gak tega juga anak disuntik, tapi demi kesehatan anak, kami rela anak kami diimunisasi. Kalian para ibu egois, mikir gak kalau anak kalian gak diimunisasi apa dampaknya untuk anak kalian nanti dan anak-anak lain yang sudah diimunisasi? Tau gak Indonesia lama bebas POLIO lalu kemarin malah KLB POLIO??? YAA KARNA KALIAN…","https://www.facebook.com/groups/759878459543655/",0,0,0,-1,"NaN"
110,"KOPEKUSO ( KOMUNITAS PECINTA KUCING SOLO )","","unknown","ADAKAN VAKSIN GRATIS/SUBSIDI??ADAKAN VAKSIN GRATIS/SUBSIDI??","https://www.facebook.com/groups/477208712412454/",0,0,0,-1,"NaN"
111,"KOPEKUSO ( KOMUNITAS PECINTA KUCING SOLO )","","unknown","info vaksin kucing area solo yang terjangkau selain puskeswan dimana yaa???info vaksin kucing area solo yang terjangkau selain puskeswan dimana yaa???","https://www.facebook.com/groups/477208712412454/",0,0,0,-1,"NaN"
112,"KOPEKUSO ( KOMUNITAS PECINTA KUCING SOLO )","","unknown","Maaf kak mau tanya,Seberapa penting Vaksin untuk kesehatan kucing kedepanne kak dan umur brp harus di Vaksin.(Mau Vaksin kitten takut malah demam dan sakit)Terimakasih Maaf kak mau tanya, Seberapa penting Vaksin untuk kesehatan kucing kedepanne kak dan umur brp harus di Vaksin. (Mau Vaksin kitten takut malah demam dan sakit) Terimakasih","https://www.facebook.com/groups/477208712412454/",0,0,0,-1,"NaN"
113,"Info Vaksin Gratis","","unknown","info dong yang bsa nembak vaksin ke 3 yang nembus, buruh cepet soalnya","https://www.facebook.com/groups/725809851654492/",0,0,0,-1,"NaN"
114,"Diskusi dan Sharing Seputar Bayi","","unknown","Ada pengalaman vaksin PCV di dokter berapa ya bun. Anaku jujur telat vaksin ini dan dia barusan kena Bronkopnumonia. Skrg ingin kejarkan untuk vaksin ini.","https://www.facebook.com/groups/759878459543655/",0,0,0,-1,"NaN"
115,"Diskusi dan Sharing Seputar Bayi","","unknown","Bund mau tanya anaku kan umurnya mau masuk 18 bulan, dan disuruh dokter lengkapi imunisasi nya, anaku hanya vaksin pas lahir sja dirumah sakit yg lainya tdk adaJika sya vaksin di umur 18 bulan vaksin apa sja kh yg diaksi apakah mulai dri vaksin BCG atau apa?? Bund mau tanya anaku kan umurnya mau masuk 18 bulan, dan disuruh dokter lengkapi imunisasi nya, anaku hanya vaksin pas lahir sja dirumah sakit yg lainya tdk ada Jika sya vaksin di umur 18 bulan vaksin apa sja kh yg diaksi apakah mulai dri vaksin BCG atau apa??","https://www.facebook.com/groups/759878459543655/",0,0,0,-1,"NaN"
116,"KOPEKUSO ( KOMUNITAS PECINTA KUCING SOLO )","","unknown","Mau tanya kak kalo vaksin buat kucing brp ya, dan dimanaTerimakasih Mau tanya kak kalo vaksin buat kucing brp ya, dan dimanaTerimakasih","https://www.facebook.com/groups/477208712412454/",0,0,0,-1,"NaN"
117,"Diskusi dan Sharing Seputar Bayi","","unknown","Anak saya kena flu singapurDan dokter meng anjurkan untuk melakukan vaksin singapur setelah 1 bulan sembuh ke DSADan ternyata untuk biayanya lumayan Apakah mom ada yg pernah mengalami juga Anak saya kena flu singapur Dan dokter meng anjurkan untuk melakukan vaksin singapur setelah 1 bulan sembuh ke DSA Dan ternyata untuk biayanya lumayan Apakah mom ada yg pernah mengalami juga","https://www.facebook.com/groups/759878459543655/",0,0,0,-1,"NaN"
118,"Rottweiler Indonesia in New Normal Condition","","unknown","Betina 7bln stb vaksin 3xPapa importLok. Pematangsiantar Lihat Lebih Sedikit Betina 7bln vaksin 3x Papa import Lok. Pematangsiantar Lihat Lebih Sedikit","https://www.facebook.com/groups/333104143482242/",9,0,0,-1,"NaN"
119,"KOPEKUSO ( KOMUNITAS PECINTA KUCING SOLO )","","unknown","Monggo yg mau vaksin rabies dan steril …","https://www.facebook.com/groups/477208712412454/",0,0,0,-1,"NaN"
120,"Diskusi dan Sharing Seputar Bayi","","unknown","bunda² adakah yg anakny hbs di vaksindpt 3 , polio suntik dan tetes trus diare? kasih saranyya dong bunda² adakah yg anakny hbs di vaksin dpt 3 , polio suntik dan tetes trus diare? kasih saranyya dong","https://www.facebook.com/groups/759878459543655/",0,0,0,-1,"NaN"
121,"Diskusi dan Sharing Seputar Bayi","","unknown","Bun, sharing dong anak saya usianya bentar lagi mau 2 bulan. Rencana saya untuk vaksin DPT 1 mau ke DSA untuk meminimalisir efek demam. Rota Virus, PCV, dan Polio mau ke puskesmas. Kira-kira untuk vaksin Rota Virus & PCV ada efek demam juga gak ya?","https://www.facebook.com/groups/759878459543655/",0,0,0,-1,"NaN"
122,"Diskusi dan Sharing Seputar Bayi","","unknown","Setiap suntik DPT pasti bengkak dan keras  Padahal demamnya cuma 24 jam pertama ajaDlu abg2 nya gapernah ada drama bengkak dan keras vaksin apapun ituJadi sedih  Ada yg samakah bunda2 ??…  Setiap suntik DPT pasti bengkak dan keras Padahal demamnya cuma 24 jam pertama aja Dlu abg2 nya gapernah ada drama bengkak dan keras vaksin apapun itu Jadi sedih Ada yg samakah bunda2 ??…","https://www.facebook.com/groups/759878459543655/",0,0,0,-1,"NaN"
123,"Diskusi dan Sharing Seputar Bayi","","unknown","Emang batuk pertusis/rejan sejahat itu ya bun ? Vaksin nya harus sampe 4x dpt 123 dan dpt 4 nya di 9bln kalo gk salah baca di buku kia mana efek nya bisa bikin demam dari yg demam ringan bhkan ada yang sampe kejang ..Emang batuk pertusis/rejan sejahat itu ya bun ? Vaksin nya harus sampe 4x dpt 123 dan dpt 4 nya di 9bln kalo gk salah baca di buku kia mana efek nya bisa bikin demam dari yg demam ringan bhkan ada yang sampe kejang ..","https://www.facebook.com/groups/759878459543655/",0,0,8067,-1,"NaN"
124,"Diskusi dan Sharing Seputar Bayi","","unknown","Bun aq mo tny, anaku laki2 usia 13 bln, vaksin smpe 9 buln udh slsai, saat mau di vaksin yg 1 thn eh gk ad trs vaksin nya kt bidannya, jd blm di vaksin deh smpe skrg, kt bidan ny gpp gk di vaksin krn yg wajibnya cuma smpe bayi usia 9 bln krn corona, kn skrg corona udh hilang jd ya aman2 aj klo gk di vaksin, yg bwt usia 1 thn ke atas cuma vaksin tambahan aj koq, bgt kt bidan nya, gmn bun ad yg sm gak??","https://www.facebook.com/groups/759878459543655/",0,0,0,-1,"NaN"
125,"Diskusi dan Sharing Seputar Bayi","","unknown","DPT 1,2,3vaksin untuk tahap 1, 2, dan 3 sebenarnya sama. Berikut adalah ringkasan informasi penting dari gambar tersebut:…  DPT 1,2,3 vaksin untuk tahap 1, 2, dan 3 sebenarnya sama. Berikut adalah ringkasan informasi penting dari gambar tersebut:…","https://www.facebook.com/groups/759878459543655/",0,0,0,-1,"NaN"
126,"Diskusi dan Sharing Seputar Bayi","Kalau ingat foto ini sedih dan kasihan","unknown","Kalau ingat foto ini sedih dan kasihanIni waktu anakku vaksin dpt 1 karna sebagai orang tua baru meskipun sudah ada wejangan2 an dr yang sudah berpengalaman tapi saat menghadapi anak rewel di tambah muntah juga demam efek dari vaksin itu , aku memutuskan ga melanjutkan vaksin2 yg sudah di sarankan bidan .Karna ada dpt 2 dpt 3 dimana reaksi dr vaksin itu anak jadi demam .Sudah membayangkan gimana anakku akan kesakitan lagi .Tapi mendengar banyak informasi , lebih2 ada yang bilang  — di Candi Gedong Songo, Bandungan Ungaran, Jateng.","https://www.facebook.com/groups/759878459543655/",0,0,0,-1,"NaN"
127,"Beternak Bersama A.  Ilyas PhD (Kyoto Univ.)","","unknown","punya ayam petelur 20 kalo mau vaksin nanggung mahal belinya , solusi kalo nggak harus vaksin suntik, tiap bulanya jika vaksin lewat air minum yang harus di kasih jenis vaksin apa aja proff?","https://www.facebook.com/groups/585146982364618/",0,0,0,-1,"NaN"
128,"Beternak Bersama A.  Ilyas PhD (Kyoto Univ.)","Mohon maaf izin bertanya","unknown","Mohon maaf izin bertanyaSaya mau beli Doc pejantan, Dulu terbiasa beli tanpa divaksin, saya vaksin sendiri menurut panduan Prof Ilyas,Kemudian saya di tawari temen pembelian doc pejantan langsung komplit sudah vaksin.Menurut kalian lebih efektif mana ya divaksin pribadi sama divaksin dari pabrik ya","https://www.facebook.com/groups/585146982364618/",0,0,0,-1,"NaN"
129,"Diskusi dan Sharing Seputar Bayi","","unknown","Hy bun!! Ada gk yang anaknya gk di vaksin influenza???Hy bun!! Ada gk yang anaknya gk di vaksin influenza???","https://www.facebook.com/groups/759878459543655/",0,0,0,-1,"NaN"
130,"Pusat Adopsi Kucing Jogja","","unknown","Maaf mas/mbk mau nnya...di jogja biaya steril kucing sma vaksin brpa ya","https://www.facebook.com/groups/785721089297658/",0,0,0,-1,"NaN"
131,"Beternak Bersama A.  Ilyas PhD (Kyoto Univ.)","","unknown","Selamat siang prof llyas ,izin tanya mau tanya jadwal vaksin dari doc ayam petelur sampai ahkir prof? Terimakasih","https://www.facebook.com/groups/585146982364618/",0,0,0,-1,"NaN"
132,"Diskusi dan Sharing Seputar Bayi","","unknown","selamat siang moms .. ad kah disni yg pernah anak bayinya imunisasi  salah vaksin ... anak saya umur 8 bulan tpi ibu bidan suntiknya DPT lanjutan yang untuk anak 18 bulan ... bahaya gk yaa.  . selamat siang moms .. ad kah disni yg pernah anak bayinya imunisasi  salah vaksin ... anak saya umur 8 bulan tpi ibu bidan suntiknya DPT lanjutan yang untuk anak 18 bulan ... bahaya gk yaa.  .","https://www.facebook.com/groups/759878459543655/",0,0,0,-1,"NaN"
133,"Diskusi dan Sharing Seputar Bayi","Selamat sore bunda bunda","unknown","Selamat sore bunda bundaSaya mau tanya anak saya habis vaksin dpt 1 sebelum vaksin anak nya sudah bisa tengkurap tapi setelah vaksin setiap kali dia mau tengkurap nangis kejer Bun, padahal sudah 5 hari bekas suntik nya dan tidak bengkak. Kira kira ini kenapa ya bunda, saya khawatir sekali mohon pencerahannya","https://www.facebook.com/groups/759878459543655/",0,0,0,-1,"NaN"
134,"Beternak Bersama A.  Ilyas PhD (Kyoto Univ.)","","Vaksin ND Lasota 50d","BismillahReady prosuk hydra dan vaksin di agen resmi soloraya. Berikut list produk hydra dan vaksin :Hydra Bro per bks 1kgHydra Plus per bks 1kgHydra Clean per bks 1kgHydra SSG per bks 1kgHydra Bone per bks 500gHydra Run per bks 100gHydra verm per bks 100grHydra Yellow per bks 100grHydra Red per bks 100grHydra Moldy Tox-L per bks 1kgHydra Custom Premiks per bks 1kgHydra Mineral Premiks per bks 1kgHydra Essent oil per btl 300mlHydraCin per btl 1LHydraDin per btl 1LVaksin ND IB AI 25ml   Vaksin ND Lasota 50d Vaksin ND IB live 500d Siap bantu kirim2 seluruh indonesia utk produk hydra. Vaksin bisa bantu kirim wilayah terbatas.Bila ada kebutuhan vaksin lain bisa konsultasi dl gratis. Lokasi kami di kudu baki sukoharjo jatengInfo harga dan pemesananWa.me/6281238387284Terima kasih Lihat Lebih Sedikit Bismillah Ready prosuk hydra dan vaksin di agen resmi soloraya. Berikut list produk hydra dan vaksin : Hydra Bro per bks 1kg Hydra Plus per bks 1kg Hydra Clean per bks 1kg Hydra SSG per bks 1kg Hydra Bone per bks 500g Hydra Run per bks 100g Hydra verm per bks 100gr Hydra Yellow per bks 100gr Hydra Red per bks 100gr Hydra Moldy Tox-L per bks 1kg Hydra Custom Premiks per bks 1kg Hydra Mineral Premiks per bks 1kg Hydra Essent oil per btl 300ml HydraCin per btl 1L HydraDin per btl 1L Vaksin ND IB AI 25ml Vaksin ND Lasota 50d Vaksin ND IB live 500d Siap bantu kirim2 seluruh indonesia utk produk hydra. Vaksin bisa bantu kirim wilayah terbatas. Bila ada kebutuhan vaksin lain bisa konsultasi dl gratis. Lokasi kami di kudu baki sukoharjo jateng Info harga dan pemesanan Wa.me/6281238387284 Terima kasih Lihat Lebih Sedikit","https://www.facebook.com/groups/585146982364618/",0,0,0,-1,"NaN"
135,"Rottweiler Indonesia in New Normal Condition","Open Booking","unknown","Open BookingRottweiler Betina stb ,cip , vaksin usia msih 5mggu Big bone , calon jumbo line bagus","https://www.facebook.com/groups/333104143482242/",0,0,0,-1,"NaN"
136,"Group Keputihan Abnormal","","unknown","Alhamdulillah bund ini tadi barusan saya vaksin gardasil 9 yg dosis 3 bund,saya doakan bunda bunda dimanapun berada selalu diberikan kesehatan jasmani dan rohani .","https://www.facebook.com/groups/800587100679753/",0,0,0,-1,"NaN"
137,"PECINTA KUCING SEMARANG","","unknown","izin nanya, obat atau vaksin kucing tu berapaan nggih, dan dimana tempatnya yg murah, blm pernah soalnyaizin nanya, obat atau vaksin kucing tu berapaan nggih, dan dimana tempatnya yg murah, blm pernah soalnya","https://www.facebook.com/groups/408201403498996/",0,0,0,-1,"NaN"
138,"Info Vaksin Gratis","Butuh Vaksin yg tembus apk buat kerja secepatnya","unknown","Butuh Vaksin yg tembus apk buat kerja secepatnya","https://www.facebook.com/groups/725809851654492/",0,0,0,-1,"NaN"
139,"Beternak Bersama A.  Ilyas PhD (Kyoto Univ.)","","unknown","Sharing prof...blm ada seminggu 1 paket indukan betina sudah mati 3 secara tiba""....dl pernah vaksin nd lasota...ini yg betina ke 4 jg kyknya udah mau koit,,mlm"" begini udah gada yg bisa potongin ayam...tinggal sepasang yang kyknya masih sehat...pdhl kandangnya 2 tingkat jd 4 sekat...waktu betina pertama mati sudah lgsg saya semprot semua pakai iodin gpu sama sunlight...solusinya bagaimana ya prof supaya yang lain aman? trimakasih Lihat Lebih Sedikit","https://www.facebook.com/groups/585146982364618/",0,0,0,-1,"NaN"
140,"Beternak Bersama A.  Ilyas PhD (Kyoto Univ.)","","unknown","Mau tanya jasa suntik vaksin Nd ai kill ini per 1000 ekor di harga berapa yah untuk wilayah Jawa Barat.Standar rata2 harga nya nya berapa Mau tanya jasa suntik vaksin Nd ai kill ini per 1000 ekor di harga berapa yah untuk wilayah Jawa Barat. Standar rata2 harga nya nya berapa","https://www.facebook.com/groups/585146982364618/",0,0,0,-1,"NaN"
141,"ADOPSI KUCING AREA JOGJA & SEKITARNYA","","unknown","Lur. Info steril kucing jantan yg harga pelajaar hehe.syukur di GodeanEdit : apa harus vaksin dahulu?? Usia kiten sy 4-5 bulan Lur. Info steril kucing jantan yg harga pelajaar hehe.syukur di Godean Edit : apa harus vaksin dahulu?? Usia kiten sy 4-5 bulan","https://www.facebook.com/groups/510387461341326/",0,0,0,-1,"NaN"
142,"Beternak Bersama A.  Ilyas PhD (Kyoto Univ.)","","unknown","Vaksin ND G7 IB AIVaksin inaktif berbentuk emulsi mengandung virus Newcastle Disease (ND) isolat lokal strain MD15 yang termasuk dalam genotipe VII, Infectious Bronchitis (IB) strain Massachusetts 41, Avian Influenza (AI) subtipe H5N1 yang telah diinaktifkan.INDIKASI…  Vaksin ND G7 IB AI Vaksin inaktif berbentuk emulsi mengandung virus Newcastle Disease (ND) isolat lokal strain MD15 yang termasuk dalam genotipe VII, Infectious Bronchitis (IB) strain Massachusetts 41, Avian Influenza (AI) subtipe H5N1 yang telah diinaktifkan. INDIKASI…","https://www.facebook.com/groups/585146982364618/",0,0,0,-1,"NaN"
143,"Beternak Bersama A.  Ilyas PhD (Kyoto Univ.)","","unknown","bismillahmonggo siap membantu kebutuhan vaksin rekan2ready vaksin ND G7 IB AI 25mluntuk vaksin yg lain bisa PO dlproduk hydra juga ready njihpacking insyaAllah amansementara melayani pulau jawa dlpengiriman dari sukoharjo jatenginfo pemesananwa.me/6281238387284 Lihat Lebih Sedikit bismillah monggo siap membantu kebutuhan vaksin rekan2 ready vaksin ND G7 IB AI 25ml untuk vaksin yg lain bisa PO dl produk hydra juga ready njih packing insyaAllah aman sementara melayani pulau jawa dl pengiriman dari sukoharjo jateng info pemesanan wa.me/6281238387284 Lihat Lebih Sedikit","https://www.facebook.com/groups/585146982364618/",0,0,0,-1,"NaN"
144,"Beternak Bersama A.  Ilyas PhD (Kyoto Univ.)","Ijin bertanya Prof,","unknown","Ijin bertanya Prof,Jadwal vaksin suntik dan dosisnya,Saya scrol g ketemu2 Prof, minta petunjuk prof terimakasih","https://www.facebook.com/groups/585146982364618/",0,0,0,-1,"NaN"
145,"SERTIFIKAT/KARTU VAKSIN COVID","","unknown","Hati-hati marak bentuk penipuan mengatasnamakan pembuatan sertifikat vaksin yang merugikan teman2, Bila ada yang butuh bantuan dan bertanya mengenai hal tersebut atau pun hal yang menyangkut vaksinasi bisa inbox admin grupTERIMA KASIHHati-hati marak bentuk penipuan mengatasnamakan pembuatan sertifikat vaksin yang merugikan teman2, Bila ada yang butuh bantuan dan bertanya mengenai hal tersebut atau pun hal yang menyangkut vaksinasi bisa inbox admin grupTERIMA KASIH","https://www.facebook.com/groups/140600948245948/",0,0,0,-1,"NaN"
146,"Diskusi dan Sharing Seputar Bayi","","unknown","Adakah yang sama bunda pulang posyandu vaksin dpt 2 tidak dikasih obat,tidak ada persiapan obat dirumah Karna saya kira ada aja obat dikasih karna pertama kali vaksin diposyandu,baru apotik jauh dari tempat saya tinggal","https://www.facebook.com/groups/759878459543655/",0,0,0,-1,"NaN"
147,"Beternak Bersama A.  Ilyas PhD (Kyoto Univ.)","","unknown","ijin bertanya prof slama ini vaksin rutinbulanan  saya gunakan  nd IB live  sama nd lasota selang seling bergantian.ketika divaksin nd IB live produksi makin bagus yg macet telur jadi bertelur ,tapi ketika di vaksin nd lasota g ada perubahan diproduksi cmn cengger JD segar .solusi yg bagus gimna prof  untuk vaksin trimakasih","https://www.facebook.com/groups/585146982364618/",0,0,0,-1,"NaN"
148,"Diskusi dan Sharing Seputar Bayi","","unknown","Alumni september 2025Alhamdulillah lulus DPT 3 dan PCV 2 tanpa drama Setiap mau imunisasi emaknya yg nggak bisa tidur, kepikiran takut deman dllTapi Masyaallah adek pinterSejauh ini cuma demam ringan, nggak rewel sama sekali dan masih pules tidurnya  Lihat Lebih Sedikit Alumni september 2025 Alhamdulillah lulus DPT 3 dan PCV 2 tanpa drama Setiap mau imunisasi emaknya yg nggak bisa tidur, kepikiran takut deman dll Tapi Masyaallah adek pinter Sejauh ini cuma demam ringan, nggak rewel sama sekali dan masih pules tidurnya  Lihat Lebih Sedikit","https://www.facebook.com/groups/759878459543655/",0,0,0,-1,"NaN"
149,"Diskusi dan Sharing Seputar Bayi","","unknown","Bund suntik dpt 1 itu salah satu paha/paha dua duanyaMasak ntar dpt 2 jga paha 2 2nyaAtau dpt 1 paha kanan/kiriDpt 2 paha kanan/kirinya lagiTrus apa aja yg dilakuin setelah vaksin dpt biar gk rewelAnakku mau 3bulan ini mau dpt 1 Lihat Lebih Sedikit Bund suntik dpt 1 itu salah satu paha/paha dua duanya Masak ntar dpt 2 jga paha 2 2nya Atau dpt 1 paha kanan/kiri Dpt 2 paha kanan/kirinya lagi Trus apa aja yg dilakuin setelah vaksin dpt biar gk rewel Anakku mau 3bulan ini mau dpt 1 Lihat Lebih Sedikit","https://www.facebook.com/groups/759878459543655/",0,0,0,-1,"NaN"
150,"SERTIFIKAT/KARTU VAKSIN COVID","","unknown","Saya sudah vaksin 1 dan 2 Tapi kok belum muncul sertifikat 1 dan 2Saya cek di google, merah ( belum vaksin) Diapk peduli lindungi gk ada jugaMohon bantuannya Gimana caranya biar dapet sertifikat nya Lihat Lebih Sedikit Saya sudah vaksin 1 dan 2 Tapi kok belum muncul sertifikat 1 dan 2 Saya cek di google, merah ( belum vaksin) Diapk peduli lindungi gk ada juga Mohon bantuannya Gimana caranya biar dapet sertifikat nya Lihat Lebih Sedikit","https://www.facebook.com/groups/140600948245948/",0,0,0,-1,"NaN"
151,"Info Vaksin Gratis","","unknown","Butuh sertif vaksin booster / d3 , yg bisa tembus aplikasi  ,soalnya butuh untuk kerja di PT,secepatnya info","https://www.facebook.com/groups/725809851654492/",0,0,0,-1,"NaN"
152,"Beternak Bersama A.  Ilyas PhD (Kyoto Univ.)","","unknown","Teman-teman, vaksin apa saja yang diperlukan ayam dari doc sampai bertelur?Teman-teman, vaksin apa saja yang diperlukan ayam dari doc sampai bertelur?","https://www.facebook.com/groups/585146982364618/",0,0,0,-1,"NaN"
153,"Pecinta Kucing Kendal Area","","unknown","Info tempat vaksin kucing area kendal/kaiwunguInfo tempat vaksin kucing area kendal/kaiwungu","https://www.facebook.com/groups/500403044582294/",0,0,0,-1,"NaN"
154,"Diskusi dan Sharing Seputar Bayi","","unknown","Dulu waktu beredar imunisasi haram aku berniat anak ke 2 gak imunisasi sama sekali. Tapi setelah lahiran anak ke 2 tetap imunisasi lengkap juga, sebagai orang tua di niatkan ikhtiar demi kesehatan anak bismillah. Alhamdulillah 3 anak imunisasi lengkap semuanya lancar, tanpa bengkak ataupun bernanah demam cuma sehari, pastikan setiap anak mau imunisasi dalam keadaan sehat.Kalau di bilang imunisasi kok masih sakit""an itu kuasa Allah ta…  Dulu waktu beredar imunisasi haram aku berniat anak ke 2 gak imunisasi sama sekali. Tapi setelah lahiran anak ke 2 tetap imunisasi lengkap juga, sebagai orang tua di niatkan ikhtiar demi kesehatan anak bismillah. Alhamdulillah 3 anak imunisasi lengkap semuanya lancar, tanpa bengkak ataupun bernanah demam cuma sehari, pastikan setiap anak mau imunisasi dalam keadaan sehat. Kalau di bilang imunisasi kok masih sakit""an itu kuasa Allah ta…","https://www.facebook.com/groups/759878459543655/",0,0,0,-1,"NaN"
155,"SERTIFIKAT/KARTU VAKSIN COVID","","unknown","hallo guys hati2 sama ini orang katanya ngurusin vaksin tp ternyata data yg d kaish itu palsu @ni putu oktayanti hati2 ya sama nomor yg itu …  hallo guys hati2 sama ini orang katanya ngurusin vaksin tp ternyata data yg d kaish itu palsu @ni putu oktayanti hati2 ya sama nomor yg itu …","https://www.facebook.com/groups/140600948245948/",0,0,0,-1,"NaN"
156,"SERTIFIKAT/KARTU VAKSIN COVID","","unknown","Info sertifikat vaksin Blum keluar pas dah vaksin","https://www.facebook.com/groups/140600948245948/",0,0,0,-1,"NaN"
157,"Beternak Bersama A.  Ilyas PhD (Kyoto Univ.)","","unknown","Prof vaksin ND lasota dengan ND hitchner apa bedanya?Prof vaksin ND lasota dengan ND hitchner apa bedanya?","https://www.facebook.com/groups/585146982364618/",0,0,0,-1,"NaN"
158,"Diskusi dan Sharing Seputar Bayi","","unknown","Bunda disini ada anak nya yang kuning dan ga di vaksin hb0?","https://www.facebook.com/groups/759878459543655/",0,0,0,-1,"NaN"
159,"ADOPSI KUCING SOLO DAN SEKITARNYA","","unknown","Silahkan yang mau nerusin adop persia flatnose jantan umur dewasa 1,5 tahun , dari pada ga terawat sudah ful vaksin, tawar aja Wa 081325096866","https://www.facebook.com/groups/273405435676711/",0,0,0,-1,"NaN"
160,"Rottweiler Indonesia in New Normal Condition","","unknown","spesial kemerdekaan boskutak kasih harga murah masih ada 2 puppy betina siap di pinang tuannya.…  spesial kemerdekaan bosku tak kasih harga murah masih ada 2 puppy betina siap di pinang tuannya.…","https://www.facebook.com/groups/333104143482242/",0,0,0,-1,"NaN"
161,"Beternak Bersama A.  Ilyas PhD (Kyoto Univ.)","","unknown","Kegunaan Vaksin ND IB:…","https://www.facebook.com/groups/585146982364618/",0,0,0,-1,"NaN"
162,"Diskusi dan Sharing Seputar Bayi","Julaeha Jueen Jac","unknown","Bund mohon info  …  BCG…","https://www.facebook.com/groups/759878459543655/",0,0,0,-1,"NaN"
163,"Rottweiler Indonesia in New Normal Condition","","unknown","Stambun vaksinJantan dan betinaYg pake pita betinaLokasi pwt 3juta sajaWa.me/+6282314029560 Lihat Lebih Sedikit Stambun vaksin Jantan dan betina Yg pake pita betina Lokasi pwt 3juta saja Wa.me/+6282314029560 Lihat Lebih Sedikit","https://www.facebook.com/groups/333104143482242/",0,0,0,-1,"NaN"
164,"Diskusi dan Sharing Seputar Bayi","","unknown","Alumni Januari BB udah pada berapa Bun dan udah tahap vaksin apa....?Bayiku usia 4bulan lewat 10 hari dengan BB 5,6kg full asi makanya kecil dan Alhamdulillah udah lolos vaksin HB 0, bcg, dpt 1,2 dan 3 sama pcv 1 dan 2 Lihat Lebih Sedikit Alumni Januari BB udah pada berapa Bun dan udah tahap vaksin apa....? Bayiku usia 4bulan lewat 10 hari dengan BB 5,6kg full asi makanya kecil dan Alhamdulillah udah lolos vaksin HB 0, bcg, dpt 1,2 dan 3 sama pcv 1 dan 2 Lihat Lebih Sedikit","https://www.facebook.com/groups/759878459543655/",0,0,0,-1,"NaN"
165,"Rottweiler Indonesia in New Normal Condition","Grace Margareth Susanto","unknown","Anakan Rott Betina rasa jantanDob : 24.07Stambum vaksinRutin obat cacing dan no kutuSuper aktif dan energik…  Anakan Rott Betina rasa jantan Dob : 24.07 Stambum vaksin Rutin obat cacing dan no kutu Super aktif dan energik…  Yuhu... Betina rasa jantan... …  Yuhu... Betina rasa jantan... …","https://www.facebook.com/groups/333104143482242/",0,0,5,-1,"NaN"
166,"Rottweiler Indonesia in New Normal Condition","","unknown","Ready anakan rottweiler betinaDob : 24.07.25Stambum + vaksinNo kutuRutin obat cacing…  Ready anakan rottweiler betina Dob : 24.07.25 Stambum + vaksin No kutu Rutin obat cacing…","https://www.facebook.com/groups/333104143482242/",0,0,0,-1,"NaN"
167,"Diskusi dan Sharing Seputar Bayi","","unknown","Bunda2 kalian vaksin bcg di umur BRP ??? Aku udah kelewat sebulan 6 hari .. kemarin pergi vaksin trnyata cuma ada di hari Senin di tempat ku","https://www.facebook.com/groups/759878459543655/",0,0,0,-1,"NaN"
168,"Rottweiler Indonesia in New Normal Condition","","unknown","Rotweller betina stbm vaksin umur 8bln di jual sak kandange lok kertosonoAnak bianca Rotweller betina stbm vaksin umur 8bln di jual sak kandange lok kertosono Anak bianca","https://www.facebook.com/groups/333104143482242/",0,0,0,-1,"NaN"
169,"Info Vaksin Gratis","","unknown","Info yg bisa bikin vaksin booster Abang""","https://www.facebook.com/groups/725809851654492/",0,0,0,-1,"NaN"
170,"ADOPSI KUCING AREA JOGJA & SEKITARNYA","","unknown","LA jantan & betina lok Bantul sdh vaksin & obat cacing","https://www.facebook.com/groups/510387461341326/",0,0,0,-1,"NaN"
171,"Diskusi dan Sharing Seputar Bayi","","unknown","Bun, kemarin anakku imunisasi ipv 2,anakku pilek tapi kata bidan kalau pilek saja nggak papa buat imunisasi pokok nggak ada demam, akhirnya di imunisasi, sampai rumah langsung ganti baju, minum sanmol drop 0.6ml tapi sore sampai sekarang panas masih di angka 38-39.masih dalam batas wajar atau harus ke dokter bun? Bun, kemarin anakku imunisasi ipv 2, anakku pilek tapi kata bidan kalau pilek saja nggak papa buat imunisasi pokok nggak ada demam, akhirnya di imunisasi, sampai rumah langsung ganti baju, minum sanmol drop 0.6ml tapi sore sampai sekarang panas masih di angka 38-39. masih dalam batas wajar atau harus ke dokter bun?","https://www.facebook.com/groups/759878459543655/",0,0,0,-1,"NaN"
172,"Diskusi dan Sharing Seputar Bayi","","unknown","Bun di sini ada yang dedenya habis imunisasi DPT 3 GK Bun.Habis imunisasi ada panas GK bun. Anakku hari ini dpt 3..  sebelumnya dpt 1 Sama dpt 2 ada panas. Tapi panasnya tengah malam.Semoga nanti malam Dede gak panas kayak pas dpt 1 dan 2 Bun di sini ada yang dedenya habis imunisasi DPT 3 GK Bun. Habis imunisasi ada panas GK bun. Anakku hari ini dpt 3..  sebelumnya dpt 1 Sama dpt 2 ada panas. Tapi panasnya tengah malam. Semoga nanti malam Dede gak panas kayak pas dpt 1 dan 2","https://www.facebook.com/groups/759878459543655/",0,0,0,-1,"NaN"
173,"Diskusi dan Sharing Seputar Bayi","","unknown","yg full imunisasi jangan mau yh berteman sama anak yg gk imunisasi, takutnya kena penyakit,,","https://www.facebook.com/groups/759878459543655/",0,0,0,-1,"NaN"
174,"Komunitas Anak Asli Pati","","unknown","info nya lur... ada gk yg anaknya imunisasi di rs / di spesialis anak, kira2 habis berapa yaa lur ?","https://www.facebook.com/groups/2971986433129490/",0,0,0,-1,"NaN"
175,"Diskusi dan Sharing Seputar Bayi","","unknown","ibu ibu mau tanya, kebetulan Sabtu kmaren anak saya imunisasi di posyandu, nahh tbtb harus di imunisasi, dan ku kira bakal di imunisasi pcv  yang buat usia 12 bulan ,ternyata imunisasi dpt lanjutan buat usia 18 bulan ,bahaya ga ya Bu anak saya baru 13 bulan, pas udah disuntik langsung Panass 2 hari kemudian sembuhh terus skrg sakitt lagi dan bekas suntikan nya masih bengkak banget","https://www.facebook.com/groups/759878459543655/",0,0,0,-1,"NaN"
176,"Diskusi dan Sharing Seputar Bayi","","unknown","imunisasi yang bikin demam selain dpt apa ya? atau hanya dpt aja?","https://www.facebook.com/groups/759878459543655/",0,0,0,-1,"NaN"
177,"Curhatan Ibu Hamil dan Menyusui","","unknown","NYESEULL GARA” imunisasi DPT 1 anak q rewelll Kasian mana nangis kejer” itupun cuman 1 hari Tpi skrg ttp aja kena filek Knp sih harus ada imunisasi segala","https://www.facebook.com/groups/598090148300014/",0,0,8,-1,"NaN"
178,"Diskusi dan Sharing Seputar Bayi","","unknown","Mau tanya Bun imunisasi yang 18 bulan efeknya bikin demam ga ya bun?","https://www.facebook.com/groups/759878459543655/",0,0,0,-1,"NaN"
179,"Diskusi dan Sharing Seputar Bayi","","unknown","Anakku abis imunisasi dpt 1 demam + rewel dan aku hampir ajj bikin anakku berhenti bernafas karena keteledoran aku , minta saran bun biar ga rewel","https://www.facebook.com/groups/759878459543655/",0,0,0,-1,"NaN"
180,"Diskusi dan Sharing Seputar Bayi","","unknown","Bengkak habis imunisasi dpt 3 kapan ya kempesnya, dlu dpt 1 dan 2 gak bengkak tapi demam dpt 3 gak demam tapi kakinya bengkak keras, setiap hari d kompres air hangat kadang dingin tapi belum ada perubahan, anaknya s aktif kaki nya aja jingkrak trs, nanti kapan ya kempesnya kira kira ini dpt nya tanggal 9 sampe sekarang belum kempes, malah di bekas pas suntik jarum nya sekarang kaya ada nanahnya sedikit, tapi gak tahu nanah atau bukan cuma bintik putih","https://www.facebook.com/groups/759878459543655/",0,0,0,-1,"NaN"
181,"Curhatan Ibu Hamil dan Menyusui","","unknown","maaf Bun mau tanya ..imunisasi di DSA brapa?imunisasi di Bidan berapa?lupa dulu anak 1 lahiran dikampung,selang 4th lahiran anak k'2 di Depok aku gak tau.. maaf Bun mau tanya .. imunisasi di DSA brapa? imunisasi di Bidan berapa? lupa dulu anak 1 lahiran dikampung,selang 4th lahiran anak k'2 di Depok aku gak tau..","https://www.facebook.com/groups/598090148300014/",0,0,0,-1,"NaN"
182,"Diskusi dan Sharing Seputar Bayi","Imunisasi","unknown","Imunisasiada yang punya pengalaman kejar imunisasi gak?kata bidan posyandu di tempatku katanya gak ada kata terlambat buat imunisasi, selagi belum usia sekolah, karena saat usia sekolah, vaksinnya beda lagi katanyarencananya aku mau kejar imunisasi yang tertinggal bunalasan tertinggal waktu itu karena tiap jadwal posyandu kadang ada aja halangan (demam/bapil)","https://www.facebook.com/groups/759878459543655/",0,0,0,-1,"NaN"
183,"Diskusi dan Sharing Seputar Bayi","","unknown","Bun gimana ya caranya imunisasi DPT pada anak biar ngak demam apa imunisasi ke dokter aja ya kata teman2 aku kalo di posyandu kebanyakan anak nya demam klar imunisasi tapi kalo ke dokter ngak apa itu benar trus bayar nya brpa kira2 bunda2 yang Uda perna imunisasi DPT ke dokter","https://www.facebook.com/groups/759878459543655/",0,0,0,-1,"NaN"
184,"Diskusi dan Sharing Seputar Bayi","","unknown","Bunda,kemarin anak saya sehabis imunisasi rotavirus,trs demam saya kasih tempra,sudah mendingan cuma setelah 1hari bab terus menerus itu kenapa ya bun,ada yang sama ngga,Bab trs cuma anak nya aktif bgt lemes nya kemarin sehabis imunisasi rotavirus aja.. gimana ya Bun","https://www.facebook.com/groups/759878459543655/",0,0,0,-1,"NaN"
185,"Curhatan Ibu Hamil dan Menyusui","","unknown","Hari tadi anaku imunisasi dpt 2 aman kan Bun di sekaligusin lengkap gituDPT-HB-Hib 2POLIO TETES 3ROTAVIRUS (RV) 2…  Hari tadi anaku imunisasi dpt 2 aman kan Bun di sekaligusin lengkap gitu DPT-HB-Hib 2 POLIO TETES 3 ROTAVIRUS (RV) 2…","https://www.facebook.com/groups/598090148300014/",0,0,0,-1,"NaN"
186,"Diskusi dan Sharing Seputar Bayi","","unknown","Bunda2 jgn dibully ya ...Mau tny Klian Tim yg imunisasi anak atau gak ya ,,,,aku bulan depan mau imunisasi si kecil untuk yg kedua ,,,dgn tanggapan yg soal imunisasi dpt yg kata ny bikin anak demam aku jadi bingung,,,tolong kasih saran ny bunda ,,, Bunda2 jgn dibully ya ... Mau tny Klian Tim yg imunisasi anak atau gak ya ,,,,aku bulan depan mau imunisasi si kecil untuk yg kedua ,,,dgn tanggapan yg soal imunisasi dpt yg kata ny bikin anak demam aku jadi bingung,,,tolong kasih saran ny bunda ,,,","https://www.facebook.com/groups/759878459543655/",0,0,0,-1,"NaN"
187,"Diskusi dan Sharing Seputar Bayi","","unknown","Boleh Tau info Imunisasi DPT ke DSA itu biaya Brp?ada yg pernah imunisasi ke DSA?Boleh Tau info Imunisasi DPT ke DSA itu biaya Brp?ada yg pernah imunisasi ke DSA?","https://www.facebook.com/groups/759878459543655/",0,0,0,-1,"NaN"
188,"Diskusi dan Sharing Seputar Bayi","","unknown","Mau nanya Bun,apakah imunisasi pcv 3 itu buat demam??","https://www.facebook.com/groups/759878459543655/",0,0,0,-1,"NaN"
189,"Diskusi dan Sharing Seputar Bayi","Habis imunisasi dpt 1","unknown","Habis imunisasi dpt 1Habis imunisasi dpt 1 ,ini di kasih apa ya biar bengkak kunjung hilang kemaren udah dikompres air dingin kaki satunya gak bengkak, tolong kasih saran bunda2","https://www.facebook.com/groups/759878459543655/",0,0,0,-1,"NaN"
190,"Diskusi dan Sharing Seputar Bayi","","unknown","Bunda bunda imunisasi ipv bikin demam ga ya, anaku bntr lagi suntik dpt 3 sm ipv krn klewat sebulan harusnya pas 4 bulan udh bres per dptan tp kburu flu si bayinya.. Jd nanti dpt 3 sm ipv di usia 5 bulan","https://www.facebook.com/groups/759878459543655/",0,0,0,-1,"NaN"
191,"Diskusi dan Sharing Seputar Bayi","","unknown","Kmrin ankku imunisasi dpt 2Demam dan kakinya itu bengkak agak kerasGmna caranya bunda spya gk bengkak Kmrin ankku imunisasi dpt 2Demam dan kakinya itu bengkak agak kerasGmna caranya bunda spya gk bengkak","https://www.facebook.com/groups/759878459543655/",0,0,0,-1,"NaN"
192,"Diskusi dan Sharing Seputar Bayi","","unknown","Mau bagi tips buat anak"" bunda yang mau imunisasi DPT dan ga mau anaknya demam. Dari sebelumnya DPT 1 sampe 3 anakku kemarin alhamdulilah lolos meskipun yang pertama sedikit anget badannya tapi dpt 2 dan 3 tidak ada demam sedikit pun.langkah pertama sehabis pulang dari Posyandu sebisa mungkin harus minum parasetamol tentunya untuk pereda nyeri, setelah itu ambil handuk kecil/kaos dalam dan es batu kompres selama 30 menit dibekas suntikan. Langkah terakhir setelah kompres selama 30 menit oles Cessa di area suntikkan insya Allah setelah itu anak kalian ga akan demam atau panas badannya. Lihat Lebih Sedikit Mau bagi tips buat anak"" bunda yang mau imunisasi DPT dan ga mau anaknya demam. Dari sebelumnya DPT 1 sampe 3 anakku kemarin alhamdulilah lolos meskipun yang pertama sedikit anget badannya tapi dpt 2 dan 3 tidak ada demam sedikit pun. langkah pertama sehabis pulang dari Posyandu sebisa mungkin harus minum parasetamol tentunya untuk pereda nyeri, setelah itu ambil handuk kecil/kaos dalam dan es batu kompres selama 30 menit dibekas suntikan. Langkah terakhir setelah kompres selama 30 menit oles Cessa di area suntikkan insya Allah setelah itu anak kalian ga akan demam atau panas badannya. Lihat Lebih Sedikit","https://www.facebook.com/groups/759878459543655/",0,0,0,-1,"NaN"
193,"Diskusi dan Sharing Seputar Bayi","","unknown","sharing dong bund pengalamannya gmn cara bersihin bisul after imunisasi BCG  anak aku stelah 2 bulan suntik akhirnya bisulnya nongol trus brusan pecah sndiri cm aku la…","https://www.facebook.com/groups/759878459543655/",0,0,0,-1,"NaN"
194,"Diskusi dan Sharing Seputar Bayi","","unknown","Pagi bun, mau nanya apa bener kalo imunisasi bcg tapi ga ada bekasnya harus ulang lagi?","https://www.facebook.com/groups/759878459543655/",0,0,0,-1,"NaN"
195,"Curhatan Ibu Hamil dan Menyusui","Bun mau tanya nihhh","unknown","Bun mau tanya nihhhKalo imunisasi itu batas nya sampe umur berapa Terakhir anakku imunisasi campek diusia 9bulan Apakah di usia 1 tahun diimunisasi lagi? Soalnya pas terakhir imunisasi campek buk dokternya gak ada bilang suruh balik lagi di usia 1 tahun","https://www.facebook.com/groups/598090148300014/",0,0,0,-1,"NaN"
196,"Diskusi dan Sharing Seputar Bayi","","unknown","Bayi gk imunisasi Kareena....Bayi gk imunisasi Kareena....","https://www.facebook.com/groups/759878459543655/",0,0,0,-1,"NaN"
197,"Diskusi dan Sharing Seputar Bayi","","unknown","bun mau tanyaa ini kan anak ku umur 2bulan 17hr  lg batuk pilek ,dan blm dpt 1 ,katanya dnger² kalo lg bapil jgn di imunisasi bnr ga si?tp semalem aku bawa anak ku ke DSA krn muntah2 trs sklian ku tanya boleh imunisasi pas anak lg bapil,kata dsa boleh aja ,tp aku takut juga ,baiknya gmn ya bun ,btw aku newmom banyak was was nya huhu bun mau tanyaa ini kan anak ku umur 2bulan 17hr  lg batuk pilek ,dan blm dpt 1 ,katanya dnger² kalo lg bapil jgn di imunisasi bnr ga si? tp semalem aku bawa anak ku ke DSA krn muntah2 trs sklian ku tanya boleh imunisasi pas anak lg bapil,kata dsa boleh aja ,tp aku takut juga ,baiknya gmn ya bun ,btw aku newmom banyak was was nya huhu","https://www.facebook.com/groups/759878459543655/",0,0,0,-1,"NaN"
198,"Diskusi dan Sharing Seputar Bayi","","unknown","bunda² tim imunisasi anak atau tidak bund? koment ya","https://www.facebook.com/groups/759878459543655/",0,0,0,-1,"NaN"
199,"Diskusi dan Sharing Seputar Bayi","Yg awalnya deg2n ank mau imunisasi dpt,krna suami dinas d perantauan sndri,","unknown","Yg awalnya deg2n ank mau imunisasi dpt,krna suami dinas d perantauan sndri, Alhamdulillah akhirnya lolos imunisasi DPT 1,DPT 2 dan DPT 3 tanpa drama dan demam tinggi","https://www.facebook.com/groups/759878459543655/",0,0,0,-1,"NaN"
200,"Diskusi dan Sharing Seputar Bayi","","unknown","Bun kalau imunisasi di puskesmas bayar apa gratis ya","https://www.facebook.com/groups/759878459543655/",0,0,0,-1,"NaN"
201,"Sharing Tumbuh Kembang Anak Balita","","unknown","Bund sharing donk tips agar imunisasi dpt 1 ngak terlalu sakit dampaknya pada bayiHari ini anakku mau dpt 1 persiapan, bye bye viver, sanmol, sama cessa merah,, gimana tips agar bayi ngak terlalu berasa gitu pas habis imunisasi Mohon saran yg sudah lolos dpt 1 dan ngak banyak drama nya donk Bund sharing donk tips agar imunisasi dpt 1 ngak terlalu sakit dampaknya pada bayi Hari ini anakku mau dpt 1 persiapan, bye bye viver, sanmol, sama cessa merah,, gimana tips agar bayi ngak terlalu berasa gitu pas habis imunisasi Mohon saran yg sudah lolos dpt 1 dan ngak banyak drama nya donk","https://www.facebook.com/groups/282962616769375/",0,0,0,-1,"NaN"
202,"PEDULI IMUNISASI","","unknown","maaf dok mau tanya,anak sy kmarin hbs imunisasi 2 sekaligus dpt dan campak rubela usia 19 bulan,rewelnya bukan main dok,udah 2 hari tangan yg kanan bkas suntikan gk mau aktif gerak kayak biasanya,hanya yg kiri yg aktif,pdhal sy udh kompres air hangat,gimana dok biar anak sy tanganya cpt sembuh dan aktif lg.trimakasih","https://www.facebook.com/groups/117644952243619/",0,0,0,-1,"NaN"
203,"Diskusi dan Sharing Seputar Bayi","","unknown","Bun, tolong dong gimana cara ngilangin trauma imunisasi,karna anak pertamaku dulu meninggal seminggu setelah imunisasi DPT, pdahal dia ga lgi sakit apapun, soalnya dulu di keterangan surat kemat*an dri RS gada sebabnya kenapa dan sekarang selalu diomelin bidan klo nggak imunisasi in anak ke 2,aku sama suami tuh trauma bun,,","https://www.facebook.com/groups/759878459543655/",0,0,0,-1,"NaN"
204,"GESAMUN - Gerakan Sadar Imunisasi","","unknown","Anak sejak bayi tidak pernah imunisasi.masuk sekolah TK/SDBiasanya ada imunisasiIbunya yg dulunya anti imunisasi  sekarang  membolehkan anaknya imunisasi karena gengsi dengan ibu"" yg lain.…  Anak sejak bayi tidak pernah imunisasi. masuk sekolah TK/SD Biasanya ada imunisasi Ibunya yg dulunya anti imunisasi  sekarang  membolehkan anaknya imunisasi karena gengsi dengan ibu"" yg lain.…","https://www.facebook.com/groups/312243985516765/",0,0,0,-1,"NaN"
205,"Diskusi dan Sharing Seputar Bayi","","unknown","Maaf bun mau sharing Imunisasi dpt 2 gimana yah cara siapa ya lolos. Dan pulang kompres lebih baik pake air hangat atau pakai air dingin bun soalnya si dedek bentar lagi dpt 2 . Takut banget sebenarnya","https://www.facebook.com/groups/759878459543655/",0,0,0,-1,"NaN"
206,"Diskusi dan Sharing Seputar Bayi","","unknown","imunisasi pcv itu efeknya bikin demam gak bun ? trmksh yg sdh mau bantu jawab","https://www.facebook.com/groups/759878459543655/",0,0,0,-1,"NaN"
207,"ILMU TUMBUH KEMBANG ANAK","","unknown","JANGAN YA MAM YAASbenarnya ada prahara dan konspirasi apa sih yg mama tau di dunia medis terkait pemberian imunisasi ke anak? Aku pribadi smpai saat ini merasa tabu bgt lo kalo smpai tdk mengimunisasi anakku. Ya memang awal jadi ibu dulu rasanya sedih bgt kalo waktunya imunisasiin Kiano, karena setelah imuniasai terbitlah demam, rewel, akupun capek, nggk tdur, capek emosi, capek fisik, capek pikiran, di tanbah tdk punya pengalaman karena first time. Tapi walau keadaan demikian, tdk pernah terbesit dalam otakku untuk berhenti atau tdk mengimunisasi Kiano. Dan seiring jalannya waktu kita sbg org tua akan punya cara, obat, dantau gimana tepatnya menangani dan merawat anak kita kalo deman krn habis imuniasai. Yaaa benar aja, ternyata demam terparah Kiano hanya pada DPT 1, seterusnya demam karena imunisasinya hanya berlangsung semalam dan itupun tdk serewel DPT 1 pas malam harinya. Karena mnurutku aku sng mama sudah punya bekal pengalaman di DPT 1.Aku adalah tim mama mama yg wajib dan harus kasih imunisasi lengkap ke anakku. Mnurutku imunisasi itu hak anak untuk bisa hidup sehat. Kita tdk pernah tau bgaimana imunitas tubuh si kecil di masa mendatang saat kita sng mama tdk kasih imunisasi lengkap ke anak. Imunisasi juga tdk harus di posyandu aja mam, sepengetahuanku imunisasi di posyandu tuh fasilitas dri pemerintah, jadi mungkin efeknya bisa bikin bayi demam, tp demamnya masih tergolong aman. Kalo mama mama dirumah takut anakknya demam karena imunisasi, aku sarankan bisa untuk imunisasi yg paket premium gtu mam, biar tdk demam. Imunisasi mandiri di DSA dengan membayar biaya lbih tinggi pastinya, tdk gratis gitu aja sih infoku, klo ada infoku yg kurang tepat bisa komen ya mam. Terimakasih, smoga bermanfaat #fyp #viral #fbpro #jangkauanluas #bismillah #tipsaprenting #imunisasi #tipsimunisasi #imunisasibalita #imunisasilengkap #tipsparentingmodern #tipsparentingmasakini #tipsparentingnow #parentingbalita #parentingviral #parentingmudah #parenting—  merasa terberkati di Sida","https://www.facebook.com/groups/1185186252298406/",0,0,0,-1,"NaN"
208,"Diskusi dan Sharing Seputar Bayi","","unknown","Bun kalian tim mana anak imunisasi atau tidak sama sekali...Bun kalian tim mana anak imunisasi atau tidak sama sekali...","https://www.facebook.com/groups/759878459543655/",0,0,0,-1,"NaN"
209,"Diskusi dan Sharing Seputar Bayi","","unknown","Katanya ""Imunisasi hak anak"" tapi ada sebagian orang tua memilih untuk tidak imunisasi anaknya. Banyak yang takut dampak setelah imunisasinya. Bunda-bunda yg imunisasi …","https://www.facebook.com/groups/759878459543655/",0,0,0,-1,"NaN"
210,"Diskusi dan Sharing Seputar Bayi","Gara Gara Benjolan Ini bikin!!!","unknown","Gara Gara Benjolan Ini bikin!!!Imunisasi pertama untuk bayi yaitu BCG kata bidannya stelah di imunisasi engga panas, cuma nanti akan ada timbul luka seperti nanah dibagian lengan,.,, Tapi setelah satu bulan engga timbul bekas cacar dilenganMalah ini ada timbul benjolan di ketiak  kalo dipegang nangisnya gak berhenti2 ya Allah kasihan bnget,,","https://www.facebook.com/groups/759878459543655/",0,0,0,-1,"NaN"
211,"PEDULI IMUNISASI","","unknown","Assalamu'alaikum dokIjin tanya anak saya sdh usia 13bulan blum imunisasi ipv1 dan 2 karna waktu itu habis tpi sdh campak(pas usia 10bln), dan diusia 11bulan ada jadwal imunisasi tidak saya ajak berangkat karna anak saya terkena DB hingga dirawat di RS, dan bulan kmrn ada jadwal tidak berangkat lagi karena pilek,  yang mau saya tanyakan apakah masih boleh di berikan imunisasi ipv1 dan 2 karna usianya sdh jauh sekali dari jadwal..  Terima kasih Assalamu'alaikum dok Ijin tanya anak saya sdh usia 13bulan blum imunisasi ipv1 dan 2 karna waktu itu habis tpi sdh campak(pas usia 10bln), dan diusia 11bulan ada jadwal imunisasi tidak saya ajak berangkat karna anak saya terkena DB hingga dirawat di RS, dan bulan kmrn ada jadwal tidak berangkat lagi karena pilek,  yang mau saya tanyakan apakah masih boleh di berikan imunisasi ipv1 dan 2 karna usianya sdh jauh sekali dari jadwal..  Terima kasih","https://www.facebook.com/groups/117644952243619/",0,0,0,-1,"NaN"
212,"Diskusi dan Sharing Seputar Bayi","","unknown","Infonya bunda kalo imunisasi DPT1 ke bidan kira2 bayar berapa?~","https://www.facebook.com/groups/759878459543655/",0,0,0,-1,"NaN"
213,"Diskusi dan Sharing Seputar Bayi","","unknown","Bun mau tanya KLO bayi pertama imunisasi nya ke puskesmas, apa bisa imunisasi selanj ke posyandu?","https://www.facebook.com/groups/759878459543655/",0,0,0,-1,"NaN"
214,"Diskusi dan Sharing Seputar Bayi","","unknown","bund anku setelah imunisasi dpt 1 sma pcv 1 pup terus kadang agak cair tpi ada butiran2 ny .. terus kadang kayak kecipirit terus agak rewel karena perutnya kyk gak enak sebaik nya gimana ya bund ? bund anku setelah imunisasi dpt 1 sma pcv 1 pup terus kadang agak cair tpi ada butiran2 ny .. terus kadang kayak kecipirit terus agak rewel karena perutnya kyk gak enak sebaik nya gimana ya bund ?","https://www.facebook.com/groups/759878459543655/",0,0,0,-1,"NaN"
215,"Diskusi dan Sharing Seputar Bayi","Sharing bund lolos dpt1,2,3 biar TDK terlalu rewel...","unknown","Sharing bund lolos dpt1,2,3 biar TDK terlalu rewel...Adek Elkeenan habis Imunisasi DPT1...semoga tidak rewel .....Sudah di olesi cessa, minum Paracetamol, dikompres air anget dibagian y dicuntek....#imunisasi#dpt1","https://www.facebook.com/groups/759878459543655/",0,0,0,-1,"NaN"
216,"GESAMUN - Gerakan Sadar Imunisasi","","unknown","Assalamualaikum ingin bertanya anak saya kelas 2 sd kebetulan kemarin tidakIkut imunisasi bias DT karena batuk pilek . Seandainya ingin ikut susulan dimana ya bun? Apakah masih bisa selain program sekolah mengingat vaksin tetanus sangat penting.Terimakasih Assalamualaikum ingin bertanya anak saya kelas 2 sd kebetulan kemarin tidak Ikut imunisasi bias DT karena batuk pilek . Seandainya ingin ikut susulan dimana ya bun? Apakah masih bisa selain program sekolah mengingat vaksin tetanus sangat penting. Terimakasih","https://www.facebook.com/groups/312243985516765/",0,0,0,-1,"NaN"
217,"Diskusi dan Sharing Seputar Bayi","","unknown","Bun kalau bekas suntikan imunisasi bengkak,agak meras terus keras itu gmna yaa normal nggak,?? Pdahal pulang imunisasi ak kompres air dingin trs pas bengkak udh aku kompres air anget ,udh ak kasih minyak tawon juga,tp masih keras,,,","https://www.facebook.com/groups/759878459543655/",0,0,0,-1,"NaN"
218,"Diskusi dan Sharing Seputar Bayi","Baby sya umur 2 bulan","unknown","Baby sya umur 2 bulanHabis imunisasi dpt 1 sharing2 dong bunda biar gk rewel , 4 jam yg lalu setelah imunisasi obatnya sudah mulai bereaksi dan mulai rewel baby nya","https://www.facebook.com/groups/759878459543655/",0,0,0,-1,"NaN"
219,"Sharing Tumbuh Kembang Anak Balita","","unknown","Bengkak kelenjar setelah imunisasi BCG!!!!!Abis BCG umunya engha aada drama panas ato anget,, tapi sebulan kemudian kejadian tak pernah dibayangkan terjadi pada bayiku…  Bengkak kelenjar setelah imunisasi BCG!!!!! Abis BCG umunya engha aada drama panas ato anget,, tapi sebulan kemudian kejadian tak pernah dibayangkan terjadi pada bayiku…","https://www.facebook.com/groups/282962616769375/",0,0,0,-1,"NaN"
220,"Komunitas Anak Asli Pati","","unknown","Info lur bidan di pati yg melayani imunisasi dpt2 dan polio tetes , dikarenakan kalau di puskesmas atau posyandu sering kosong .. area pati kota nggih ..","https://www.facebook.com/groups/2971986433129490/",0,0,0,-1,"NaN"
221,"Diskusi dan Sharing Seputar Bayi","","unknown","Numpang nanya Bun. Imunisasi 1 tahun apakah efeknya panas ya?Numpang nanya Bun. Imunisasi 1 tahun apakah efeknya panas ya?","https://www.facebook.com/groups/759878459543655/",0,0,0,-1,"NaN"
222,"GESAMUN - Gerakan Sadar Imunisasi","","unknown","asalamualaiku.mau tanya bun anak saya usia 2,bulan lebih belum imunisasi BCG apakah ada efek,nya karna waktu imunisasi demam dan sekarang di posyandu dan di puskesmas untuk imunisasi BCG tidak ada..kira-kira berapa bunda imunisasi BCG di dokter anak dan apakah boleh setelah imunisasi di dokter anak dan imunisasi seterusnya di posyandu asalamualaiku. mau tanya bun anak saya usia 2,bulan lebih belum imunisasi BCG apakah ada efek,nya karna waktu imunisasi demam dan sekarang di posyandu dan di puskesmas untuk imunisasi BCG tidak ada.. kira-kira berapa bunda imunisasi BCG di dokter anak dan apakah boleh setelah imunisasi di dokter anak dan imunisasi seterusnya di posyandu","https://www.facebook.com/groups/312243985516765/",0,0,0,-1,"NaN"
223,"Curhatan Ibu Hamil dan Menyusui","Assalmualaikum bunda bunda","unknown","Assalmualaikum bunda bundaBesok jadwal imunisasi anak aku suntik DPT 1 apakah semua bayi yg DPT 1 itu pada demam semua ya bun.soalnya takut banget kalau anak demam apalagi masih baru jadi ibu.Saran nya juga bun apa saja yg harus dipersiapkan biar anak ngak demam sama rewel.","https://www.facebook.com/groups/598090148300014/",0,0,0,-1,"NaN"
224,"Diskusi dan Sharing Seputar Bayi","","unknown","Habis DPT-1 jadi demam , sudah minum Sanmol Drop juga masih demam, tips dong Bun biar cepet turun demam nya karna habis imunisasi","https://www.facebook.com/groups/759878459543655/",0,0,0,-1,"NaN"
225,"Diskusi dan Sharing Seputar Bayi","","unknown","Yeeeee udah lolos imunisasi dpt 3 Tadi malam tidur dari habis isya bangun cuma minum susu sama ganti pampers aja.Tadi pagi aku lagi masak bapak nya nyapu, adek lagi main sama kk nya tiba tiba bobo. Udah engga hangat dan udah ceria lagi Tadi malam aku minum obat tensi karena dari kemarin engga tidur, bingung banget kalau sampai engga tidur lagi. Alhamdulilah bisa tidur nyenyak.Kadang berfikir engga mau lagi imunisasi, tapi setelah sembuh fikir ulang.Saran yang aku pake cuma ngikut saran bu bidan aja.Minum sanmol 0,7 ml BB adek 9 kg.Kompres air biasa bukan air hangatSore hari setelah imunisasi jangan mandi duluCek suhu kalau demam minum sanmol 4-6 jam sekaliKasih susu/asi sebanyak mungkin biar engga dehidrasiPakai baju tipis.Semangaatt bu ibu Masya alloh Tabarakallah. Lihat Lebih Sedikit Yeeeee udah lolos imunisasi dpt 3 Tadi malam tidur dari habis isya bangun cuma minum susu sama ganti pampers aja. Tadi pagi aku lagi masak bapak nya nyapu, adek lagi main sama kk nya tiba tiba bobo. Udah engga hangat dan udah ceria lagi Tadi malam aku minum obat tensi karena dari kemarin engga tidur, bingung banget kalau sampai engga tidur lagi. Alhamdulilah bisa tidur nyenyak. Kadang berfikir engga mau lagi imunisasi, tapi setelah sembuh fikir ulang. Saran yang aku pake cuma ngikut saran bu bidan aja. Minum sanmol 0,7 ml BB adek 9 kg. Kompres air biasa bukan air hangat Sore hari setelah imunisasi jangan mandi dulu Cek suhu kalau demam minum sanmol 4-6 jam sekali Kasih susu/asi sebanyak mungkin biar engga dehidrasi Pakai baju tipis. Semangaatt bu ibu Masya alloh Tabarakallah. Lihat Lebih Sedikit","https://www.facebook.com/groups/759878459543655/",0,0,0,-1,"NaN"
226,"Diskusi dan Sharing Seputar Bayi","","unknown","Tadi aku ke tukang urut bayi karena udh 3mlm bayiku nangis kejer karena aku ngira nya kecengklak atau pada sakit badan nya trus pas dipegang sama nenek""tukang urut nya pas dibagian paha yg ada bekas imunisasi dia bilang ini otot-otot nya pada kaku dan msih keras dia bilang juga obat nya blm bekerja dia nanya emang kpn disuntik nya aku jawab seminggu lebih 1hari jadinya yg diurut cuma badan didaerah paha yg abis imunisasi gk di apa""in kira""pke apa yaa biar otot-otot nya gk kencang Lihat Lebih Sedikit","https://www.facebook.com/groups/759878459543655/",0,0,0,-1,"NaN"
227,"PEDULI IMUNISASI","","unknown","Assalamualaikum ,mohon penjelasan bunda, ank saya usia 23 bulan kmarin habis opnam katanya ,infeksi paru .dan di haruskan imunisasi pcv . perasaan saya gak pernah libur imunisasi tiap bulan .kok terlewat apa mungkin imunisasi pcv termasuk baru ya ?","https://www.facebook.com/groups/117644952243619/",0,0,0,-1,"NaN"
228,"Dunia MPASI","","unknown","Pagi bunda2 sholihah..mau tanya dong bun, ada yg anaknya telat imunisasi gak?anak ku imunisasi cuma 2 kali waktu usia new born sama 40 hari..sekarang usianya 19 bukan,masih bisa ngejar kan yah?alasan gk imunisasi1. pindah2 tempat tinggal 2. trauma karena terakhir suntik demam tinggi…  Pagi bunda2 sholihah..mau tanya dong bun, ada yg anaknya telat imunisasi gak?anak ku imunisasi cuma 2 kali waktu usia new born sama 40 hari..sekarang usianya 19 bukan,masih bisa ngejar kan yah? alasan gk imunisasi 1. pindah2 tempat tinggal 2. trauma karena terakhir suntik demam tinggi…","https://www.facebook.com/groups/749561656526211/",0,0,0,-1,"NaN"
229,"Diskusi dan Sharing Seputar Bayi","","unknown","Imunisasi DPT bisa gk d bidan/puskesmas Selain d posyandu bun ??","https://www.facebook.com/groups/759878459543655/",0,0,0,-1,"NaN"
230,"Diskusi dan Sharing Seputar Bayi","","unknown","Bun infoohari kamis mau imunisasi lanjutan usia 18 blndemam yang kayak dpt 1-3 ga yaaBun infoohari kamis mau imunisasi lanjutan usia 18 blndemam yang kayak dpt 1-3 ga yaa","https://www.facebook.com/groups/759878459543655/",0,0,0,-1,"NaN"
231,"PEDULI IMUNISASI","","unknown","Permisi.. Mau tanya baby saya berumur 5 bulan kmren habis imunisasi di suntik 2 suntikan sekaligus (Dpt 2,polio tetes dan Pcv 1,Rv 1)sekarang kondisi baby saya panas sudah saya kasi paracetamol panas nya turun ganti muntah..apa yg harus saya lakukan.?","https://www.facebook.com/groups/117644952243619/",0,0,0,-1,"NaN"
232,"Diskusi dan Sharing Seputar Bayi","","unknown","ini bayik aku usia 2 bulan habis imunisasi pahanya d suntik doubel,sharing pengalamannya dong bund bgmn cara bunda² mengatasi anaknya yg demam after imunisasi","https://www.facebook.com/groups/759878459543655/",0,0,0,-1,"NaN"
233,"Diskusi dan Sharing Seputar Bayi","","unknown","Bund, apakah disini ada yang anaknya imunisasi di posyandu? Saya mau tanya bund, kebetulan sebentar lagi anak saya imunisasi kedua, setelah bulan kemaren bcg. Nah besok ini mau imunisasi dpt 1. Apakah nanti suntiknya langsung 3 sekaligus? Soalnya seingetku dulu kakaknya nggak sebanyak itu. Lihat Lebih Sedikit","https://www.facebook.com/groups/759878459543655/",0,0,0,-1,"NaN"
234,"GESAMUN - Gerakan Sadar Imunisasi","","unknown","Maaf mau tanya, daerah depok apa udh ada imunisasi pcv? Karena anak sy 1bulan yg lalu baru aja dirawat di RS kena peumonia. Anak sy baru ukur 2bulan","https://www.facebook.com/groups/312243985516765/",0,0,0,-1,"NaN"
235,"Seputar Mpasi dan Tumbuh Kembang Anak","","unknown","Adek Elkeenan habis Imunisasi DPT1...semoga tidak rewel .....…  Adek Elkeenan habis Imunisasi DPT1... semoga tidak rewel .....…","https://www.facebook.com/groups/1019457676237045/",2,0,0,-1,"NaN"
236,"Diskusi dan Sharing Seputar Bayi","","unknown","Alumni November 2025 alhamdulillah lulusimunisasi DPT 3 bulan April kemarenTernyata aku bisa lewatin fase ini dikalabanyak ibu yang gamau bawa imunisasi anaknyadengan alasan kasian liat anaknya demamdan sebagainya, jangan ya bu lebih baik liatdia demam 1-2 hari daripada nanti anak jadilebih rentan sama penyakiy berat dan susah diobatiJangan lupa imunisasi yaa bun karenaimunisasi itu hak anak sehat selalu semuanya Lihat Lebih Sedikit Alumni November 2025 alhamdulillah lulus imunisasi DPT 3 bulan April kemaren Ternyata aku bisa lewatin fase ini dikala banyak ibu yang gamau bawa imunisasi anaknya dengan alasan kasian liat anaknya demam dan sebagainya, jangan ya bu lebih baik liat dia demam 1-2 hari daripada nanti anak jadi lebih rentan sama penyakiy berat dan susah diobati Jangan lupa imunisasi yaa bun karena imunisasi itu hak anak sehat selalu semuanya Lihat Lebih Sedikit","https://www.facebook.com/groups/759878459543655/",0,0,0,-1,"NaN"
237,"GESAMUN - Gerakan Sadar Imunisasi","","unknown","Hallo bun mau tanya misalkan kita imunisasi DPT 1 di bidan,Terus lanjut imunisasi DPT 2 di posyandu/puskesmas apa boleh?Apa harus di bidan lagi?Terimakasih Hallo bun mau tanya misalkan kita imunisasi DPT 1 di bidan, Terus lanjut imunisasi DPT 2 di posyandu/puskesmas apa boleh? Apa harus di bidan lagi? Terimakasih","https://www.facebook.com/groups/312243985516765/",0,0,0,-1,"NaN"
238,"Diskusi dan Sharing Seputar Bayi","","Suntik BCG di usia 2 bulan,,,","Suntik BCG di usia 2 bulan,,, Baru sekarang di usia 4 bulan tangan bekas suntikan nya keluar nanah kaya bisul kecil. .. Terus kering gitu ... Harus di apain iniApa suntik nya bershasil..??  Soalnya anak pertama aku anti vaksin.. Jadi kurang paham per imunisasian.. Sekarang juga baby az 4 bulan belum suntik DPT 1 yang harusnya di jadwalkan usia 2 bulan.. Karena kemarin2 lagi batuk.. #familystory#motherlife#parenting#imunisasi#busui Lihat Lebih Sedikit Suntik BCG di usia 2 bulan,,, Baru sekarang di usia 4 bulan tangan bekas suntikan nya keluar nanah kaya bisul kecil. .. Terus kering gitu ... Harus di apain ini Apa suntik nya bershasil..?? Soalnya anak pertama aku anti vaksin.. Jadi kurang paham per imunisasian.. Sekarang juga baby az 4 bulan belum suntik DPT 1 yang harusnya di jadwalkan usia 2 bulan.. Karena kemarin2 lagi batuk.. #familystory #motherlife #parenting #imunisasi #busui Lihat Lebih Sedikit","https://www.facebook.com/groups/759878459543655/",0,0,0,-1,"NaN"
239,"Foster and Adoptive Parents Support Group","","unknown","Anti-Vax Bio I’m a foster parent to an almost 1 year old and their parent is newly anti-vax. I’m really worried about measles coming to my area and our foster child not being protected… Social worker says there is nothing anyone can do. Has anyone been in the same position? EDIT: I’m not asking for suggestions on how to go against the wishes of the parents. I’m looking for emotional support on how to keep enthusiastically supporting parents that I personally feel are causing harm. If you disagree, no disrespect but I’m not looking for a response from you.","https://www.facebook.com/groups/172612776096960/",954,0,0,-1,"NaN"
240,"Anti-Vax School Options","","unknown","Hi all, I am at the out-of-options point trying to get a vaccine exemption for my children to attend a Waldorf School in NYS. I am hoping someone here can help.We currently live in NC where our religious exemption has been accepted and my children currently attend a Waldorf school. We need to relocate though.We were hoping to relocate to NYS where all of my family live, but the Waldorf school won’t accept the frontline exemption w…  Hi all, I am at the out-of-options point trying to get a vaccine exemption for my children to attend a Waldorf School in NYS. I am hoping someone here can help. We currently live in NC where our religious exemption has been accepted and my children currently attend a Waldorf school. We need to relocate though. We were hoping to relocate to NYS where all of my family live, but the Waldorf school won’t accept the frontline exemption w…","https://www.facebook.com/groups/459706678652634/",0,0,0,-1,"NaN"
241,"Crunchy Moms: Natural Living & Clean Products","","unknown","I need help. I’ll start by saying I’m in the “great” CaliforniaMy 10yr old I have guardianship of wants to go back to school from the year Ive homeschooled him. Only issue is he needs vaccines to go, his mom had sent him with a fake vaccine card prior to me obtaining guardianship. Me and his mom are anti vax, his mom asked me to not vaccinate him, my kids aren’t. But I almost feel it would be good for him to go back into the school setting he’s been delt hard cards as it is. Is there work around I don’t know of other than homeschool/private? I most def can’t afford private as the one near me that doesn’t still require them is 2300 a month. I know the ones actually required to go into school but that’s still 11 shots Lihat Lebih Sedikit I need help. I’ll start by saying I’m in the “great” California My 10yr old I have guardianship of wants to go back to school from the year Ive homeschooled him. Only issue is he needs vaccines to go, his mom had sent him with a fake vaccine card prior to me obtaining guardianship. Me and his mom are anti vax, his mom asked me to not vaccinate him, my kids aren’t. But I almost feel it would be good for him to go back into the school setting he’s been delt hard cards as it is. Is there work around I don’t know of other than homeschool/private? I most def can’t afford private as the one near me that doesn’t still require them is 2300 a month. I know the ones actually required to go into school but that’s still 11 shots Lihat Lebih Sedikit","https://www.facebook.com/groups/9376506729134208/",0,0,0,-1,"NaN"
242,"Crunchy Moms: Natural Living & Clean Products","","unknown","I’m someone who was very anti vax and now more on the fence. A lot of the anti vax claims seem very contradictory to me or don’t make sense. I’m wondering if those of you who are anti vax can help me make sense of these things. 1) Why do you claim we can’t trust the CDC, FDA, pharma but then use their sources as evidence? That seems contradictory to me. How can we trust only parts we want to agree with?2) If the purpose of vaccines are to create illness and injury, why do we have a vaccine schedule? Wouldn’t they make more money by offering every vaccine to every age group? They could make them all annual if they wanted. But they had a very specific schedule that they follow and children age out of specific vaccines. 3) If live vaccines are spreading disease, why do we never see outbreaks in daycares? This would be occurring all the time all over the world. Why have cases gone down significantly since vaccines? Wouldn’t they increase or stay the same?These are some things that have me questioning it all. I’m wondering if anyone can help answer these for me. Lihat Lebih Sedikit I’m someone who was very anti vax and now more on the fence. A lot of the anti vax claims seem very contradictory to me or don’t make sense. I’m wondering if those of you who are anti vax can help me make sense of these things. 1) Why do you claim we can’t trust the CDC, FDA, pharma but then use their sources as evidence? That seems contradictory to me. How can we trust only parts we want to agree with? 2) If the purpose of vaccines are to create illness and injury, why do we have a vaccine schedule? Wouldn’t they make more money by offering every vaccine to every age group? They could make them all annual if they wanted. But they had a very specific schedule that they follow and children age out of specific vaccines. 3) If live vaccines are spreading disease, why do we never see outbreaks in daycares? This would be occurring all the time all over the world. Why have cases gone down significan","https://www.facebook.com/groups/9376506729134208/",0,0,0,-1,"NaN"
243,"Arnica - Parents' Support Network, Promoting Natural Immunity","Babies & children’s vaccinations UK","unknown","Babies & children’s vaccinations UKHi all, i just need some reassurance from parents who have decided not to vaccinate their babies. I had my little girl 9 weeks ago, i declined Vit K in the hospital after doing research etc. In the hospital they were trying to scare me telling me my baby might get very poorly and have blood clots etc but i still declined. Me and my partner and both families are anti vax but only in the recent years. Me and my partner had vaccines up until we was about 11 and then didn’t have any more. My girl is due her 6 week set of vaccines (everything that’s stated on the NHS) and my health visitor/nurses have been trying to fear monger me into giving her them saying they have seen babies die who haven’t had the vaccines but now it’s put me in a state as i’m suffering from PPD anyway. I’m not going to give her them but if anybody has had their babies completely unvaxed and turned out to be very healthy with no complications i would highly appreciate it","https://www.facebook.com/groups/98258276788/",0,0,0,-1,"NaN"
244,"Homeschool Moms","","unknown","Allergy shot advice ..we are anti vax (not up for discussion) but our 3yo is struggling so badly even with his daily Zyrtec. I'm talking swollen eyes face sneezing coughing hives. He wants to live outside. It's so hard. Any success stories of kid allergy shots or even your own?  Staying inside just isn't an option. I know they can take a year to work but if it would help him overall...... Are the shots toxic? Any negative reactions?","https://www.facebook.com/groups/467088916727307/",0,0,0,-1,"NaN"
245,"Crunchy Moms: Natural Living & Clean Products","","unknown","I had the most anti Vax reassuring conversation with my neighbour last night...If anyone is doubting their decision please read.My neighbour is from a different country and pro Vax, she said her children had the chicken pox vaccine as did she and they all got chicken pox, her son even had it in his eyes. My children didn't have the Vax, only just on the schedule this year in the UK. They had chicken pox, were poorly for a couple of days, nothing major, no spots in eyes or throat or anything, done and dusted. She went onto say that she had the chicken pox Vax twice and had chicken pox at 16 all down her throat! (Still pro Vax!) She continued on... You know it can be really bad and go on your internal organs and be so painful and some people can be allergic to the spots and get anyphylaxes and die! I said 'in your county where they're all vaccinated against it?' yes! She also had the MMR after her son was born (she says) he had to have it and they said because it sheds she should have it too. She then got German measles! I told her, that's funny because my kids haven't had the MMR and have not had measles. She also had the COVID jab and says she had long COVID!  What is wrong with these people! Why are they so blind. I've never felt more reassured about my position on vaccines Lihat Lebih Sedikit I had the most anti Vax reassuring conversation with my neighbour last night... If anyone is doubting their decision please read. My neighbour is from a different country and pro Vax, she said her children had the chicken pox vaccine as did she and they all got chicken pox, her son even had it in his eyes. My children didn't have the Vax, only just on the schedule this year in the UK. They had chicken pox, were poorly for a couple of days, nothing major, no spots in eyes or throat or anything, done and dusted. She went onto say that she had the chicken pox Vax twice and had chicken pox at 16 all down her throat! (Still pro Vax!) She continued on... You know it can be really b","https://www.facebook.com/groups/9376506729134208/",0,0,0,-1,"NaN"
246,"ADOPSI KUCING SOLO DAN SEKITARNYA","Sedikit Bantuan untuk Ciko Sembuh","unknown","Sedikit Bantuan untuk Ciko SembuhHalo semuanya, saat ini kucing saya, Ciko, sedang berjuang melawan virus dan harus menjalani rawat inap di Amigos Animal Care.Ciko saat ini sedang berada dalam masa kritis karena memang belum sempat mendapatkan vaksinasi, sehingga sistem imunnya sangat lemah dalam melawan serangan virus ini. Kondisinya saat ini lemas total dan tidak mau makan, sehingga sangat bergantung pada penanganan medis di klinik.","https://www.facebook.com/groups/273405435676711/",0,0,0,-1,"NaN"
247,"Beternak Bersama A.  Ilyas PhD (Kyoto Univ.)","","unknown","ijin tanya prof apakah boleh vaksin nd ib ai tiap sebulan sekali,dan ada efek samping ny atw tidak,terimakasihijin tanya prof apakah boleh vaksin nd ib ai tiap sebulan sekali,dan ada efek samping ny atw tidak,terimakasih","https://www.facebook.com/groups/585146982364618/",0,0,0,-1,"NaN"
248,"Imam Abine Mufid","Menjelajah Zona Paramistis","unknown","Efek samping vaksin covid-19 Efek vaksinasi  @sorotan SEMUA ORANG #faksinasi Efek vaksinasi @sorotan SEMUA ORANG #faksinasi","https://www.facebook.com/menjelajah.zona.paramistis/videos/1063011755930994/",2,0,2,-1,"NaN"
249,"TERAPI 7 HARI SEMBUH ASAM LAMBUNG, MAAG, DAN GERD","","TERAPI 7 HARI SEMBUH ASAM LAMBUNG, MAAG, DAN GERD","Saya rasa ini efek samping vaksin covid dlu  siapa yg vaksin disini dan type nya apa","https://www.facebook.com/groups/274044038580139/",0,0,0,-1,"NaN"
250,"Anda Bertanya Sains Menjawab","","unknown","Setelah  vaksjn booster sy mengalami  gejala  demam menggigil,  sakit kepala , mual2 dan rasa kantuk  .  A1. Apa yg menyebabkan vaksin booster bs memiliki efek samping seperti itu?2. Berapa lama efek nya??, Setelah  vaksjn booster sy mengalami  gejala  demam menggigil,  sakit kepala , mual2 dan rasa kantuk  . 1. Apa yg menyebabkan vaksin booster bs memiliki efek samping seperti itu? 2. Berapa lama efek nya??,","https://www.facebook.com/groups/1247224995324514/",0,0,0,-1,"NaN"
251,"Abi Bekam","tvOneNews","unknown","Woiiii yang Persoalan penting nya umat Islam, raw Material vaksin TBC nya halal apa haram statusnyaBu dokter ini penjelasannya kaya Tukang Obat. Tahu tidak kenapa uji cobanya di Afrika dan kenya yang berkulit hitam bukan dinegara yang notabene berkulit putih? Ini dugaan diskriminasi ras Disni.Ibu bukan yang buat vaksin, bukan yang memproduksi raw materialnya tapi lebih merasa yakin kalau uji coba itu aman dan nyaman ?Vaksin itu bukan segala-galanya. Bukan pula solusi dewa daripada mengatasi TBC?Pertanyaan utamanya dari Rakyat adalah bagaimanq kalau uji cobanya gagal ? Malah banyak yang terdampak lebih bahaya dari pada efek samping vaksin tersebut?Apabila gagal dan.membahayakan dalam ujicoba vaksin tersebut, adakah Rakyat dapat jaminan dan garansi untuk kembali sehat seperti semula? Yang sudah terjadi adalah ketika vaksinasi ujicoba gagal, dan berbahaya dampak efek samping nya, pemerintah maupun produsen vaksin biasanya lepas tangan.Malah menyalahkan Rakyatnya bukan vaksinnya. Lihat Lebih Sedikit Woiiii yang Persoalan penting nya umat Islam, raw Material vaksin TBC nya halal apa haram statusnya Bu dokter ini penjelasannya kaya Tukang Obat. Tahu tidak kenapa uji cobanya di Afrika dan kenya yang berkulit hitam bukan dinegara yang notabene berkulit putih? Ini dugaan diskriminasi ras Disni. Ibu bukan yang buat vaksin, bukan yang memproduksi raw materialnya tapi lebih merasa yakin kalau uji coba itu aman dan nyaman ? Vaksin itu bukan segala-galanya. Bukan pula solusi dewa daripada mengatasi TBC? Pertanyaan utamanya dari Rakyat adalah bagaimanq kalau uji cobanya gagal ? Malah banyak yang terdampak lebih bahaya dari pada efek samping vaksin tersebut? Apabila gagal dan.membahayakan dalam ujicoba vaksin tersebut, adakah Rakyat dapat jaminan dan garansi untuk kembali sehat seperti semula? Yang sudah terjadi adalah ketika vaksinasi ujicoba gagal, dan berbahaya dampak efek samping nya, pemerintah maupun produsen vaksin biasanya lepas tangan. Malah menyalahkan Rakyatnya bukan vak","https://www.facebook.com/tvOneNews/videos/1026734859411002/",0,0,0,-1,"NaN"
252,"Group title pending","","unknown","Le.. di sini ada yng pernah suntik vaksin rabies GK? Kok aku baca efek samping ny malah jadi takut Bagi pengalaman ny dong le d sini yng pernah suntik vaksin rabies, apa ada efek samping ny?? Btw itu fto terahir si Oren pelaku ny dia kucing tukang berantem le makan ny galak tapi aku cek dia GK berliur atau nunjukin ciri2 kucing yng kena rabies Lihat Lebih Sedikit","https://www.facebook.com/groups/3047632888851936/",0,0,45,-1,"NaN"
253,"Anda Bertanya Sains Menjawab","Mau tanya ABSM","unknown","Mau tanya ABSMKenapa banyak masyarakat yang anti dengan vaksin, nakes dan dokter contoh ada di foto. Yah bukan cuma Indonesia, ada juga fenomena anti vaksin di Amerika. Banyak 'dokter tradisional' yang menyarankan obat tradisional dan menjauhi obat konvensional, bahkan untuk TBC dan HIV. Apakah mereka menggiring opini untuk membeli obat mereka atau hanya sekedar kebencian?okelah kalau benci dengan keteledoran, etika profesional, atau Mark up harga. Tapi kenapa benci ke semua profesi kesehatan? Membenci obat konvensional tapi minum obat tradisional tanpa kadar yang pas, efek samping jika overdosis. Benci juga dengan vaksin, dan menyerukan anti vaksin tanpa mengetahui penyakit yang sudah ditepis. Apakah ada yang tau hal ini gerakan anti vaksin awalnya dari kapan?","https://www.facebook.com/groups/1247224995324514/",0,0,0,-1,"NaN"
254,"INFO LANTAS SIDOARJO","","unknown","Vaksin sinovac...Setelah 3 th ...Ada efek samping nya tidak...","https://www.facebook.com/groups/1661533484078872/",44000,0,0,-1,"NaN"
255,"Diskusi dan Sharing Seputar Bayi","","unknown","Apa itu Vaksin DPT1? Penting untuk Bayi! DPT1 adalah imunisasi pertama untuk melindungi bayi dari 3 penyakit berbahaya: Difteri – bisa menyebabkan sesak napas Pertusis (Batuk Rejan) – batuk berat berkepanjangan …  Apa itu Vaksin DPT1? Penting untuk Bayi! DPT1 adalah imunisasi pertama untuk melindungi bayi dari 3 penyakit berbahaya: Difteri – bisa menyebabkan sesak napas Pertusis (Batuk Rejan) – batuk berat berkepanjangan …","https://www.facebook.com/groups/759878459543655/",0,0,0,-1,"NaN"
256,"Erick Setiyawati","","unknown","#Hantavirus yang sekarang sedang diramaikan di media2 mainstream ternyata adalah salah satu dari 1200an efek samping vaksin COVID-19, sebagaimana tertera dalam laporan uji klinis Pfizer yg semula baru akan dirilis ke publik 75 tahun lagi. Ini hanyalah satu dari 8 halaman daftar efek samping vaksin C19 Pfizer yg dilaporkan kepada FDA dalam dokumen (yg semula hendak di)rahasia(kan) dari mata publik. Yang masih mau percaya dan bilang vaksin aman dan bukan bagian dari skema depopulasi global, silakan lanjutkan kedunguan kalian. Entah apa yg bisa membuat kalian percaya kalau laporan segamblang inipun masih kalian ingkari. Lihat Lebih Sedikit #Hantavirus yang sekarang sedang diramaikan di media2 mainstream ternyata adalah salah satu dari 1200an efek samping vaksin COVID-19, sebagaimana tertera dalam laporan uji klinis Pfizer yg semula baru akan dirilis ke publik 75 tahun lagi. Ini hanyalah satu dari 8 halaman daftar efek samping vaksin C19 Pfizer yg dilaporkan kepada FDA dalam dokumen (yg semula hendak di)rahasia(kan) dari mata publik. Yang masih mau percaya dan bilang vaksin aman dan bukan bagian dari skema depopulasi global, silakan lanjutkan kedunguan kalian. Entah apa yg bisa membuat kalian percaya kalau laporan segamblang inipun masih kalian ingkari. Lihat Lebih Sedikit","https://www.facebook.com/100000101667483/videos/pcb.27815733241346691/1875645226460572",0,0,0,-1,"NaN"
257,"Diskusi dan Sharing Seputar Bayi","","unknown","Kasus seperti campak di Sumenep itu bisa jadi contoh nyata bagaimana efek dari rendahnya cakupan imunisasi. Penyakit yang dulu hampir terkendali kini muncul lagi karena sebagian orang terpengaruh narasi anti-vaksin. Poin pentingnya: • Anti-imunisasi bukan karena kolot, tapi karena banjir informasi yang tidak tervalidasi. • Mereka biasanya aktif di media sosial, melek teknologi, tapi kurang kemampuan literasi digital & medis. • Informasi yang mereka terima sering emosional (takut efek samping, teori konspirasi) sehingga terasa lebih “meyakinkan” daripada penjelasan ilmiah yang kadang terasa kaku. • Akibatnya, masyarakat rentan terpengaruh, dan yang dirugikan adalah anak-anak yang sebenarnya berhak mendapat perlindungan kesehatan. Jadi kuncinya bukan sekadar marah pada kelompok anti-vaksin, tapi meningkatkan literasi, edukasi publik, dan pendekatan empatik supaya mereka mau memverifikasi informasi. Lihat Lebih Sedikit Kasus seperti campak di Sumenep itu bisa jadi contoh nyata bagaimana efek dari rendahnya cakupan imunisasi. Penyakit yang dulu hampir terkendali kini muncul lagi karena sebagian orang terpengaruh narasi anti-vaksin. Poin pentingnya: • Anti-imunisasi bukan karena kolot, tapi karena banjir informasi yang tidak tervalidasi. • Mereka biasanya aktif di media sosial, melek teknologi, tapi kurang kemampuan literasi digital & medis. • Informasi yang mereka terima sering emosional (takut efek samping, teori konspirasi) sehingga terasa lebih “meyakinkan” daripada penjelasan ilmiah yang kadang terasa kaku. • Akibatnya, masyarakat rentan terpengaruh, dan yang dirugikan adalah anak-anak yang sebenarnya berhak mendapat perlindungan kesehatan. Jadi kuncinya bukan sekadar marah pada kelompok anti-vaksin, tapi meningkatkan literasi, edukasi publik, dan pendekatan empatik supaya mereka mau memverifikasi informasi. Lihat Lebih Sedikit","https://www.facebook.com/groups/759878459543655/",0,0,0,-1,"NaN"
258,"SOLUSI ASAM LAMBUNG ( GERD/ANXIETY ) INDONESIA","","unknown","Dari semalam panik gara rame berita yg di paksain pas musim Corona vaksin ny namanya astrazenica, bahwa paksain itu menyebabkan efek samping, efek samping ny darah bisa beku jadi panik karna saya waktu itu vaksin astrazenica, semoga aja tak ada apa"",,, semua terjadi atas kehendak Alloh...disini banyak gak yg di vaksin apa ada keluhan","https://www.facebook.com/groups/423933305956276/",3,0,0,-1,"NaN"
259,"Sukabumi Grup Jual Butuh","","unknown","+62 816-1111-182 *penjual vaksin palsu* (memberikan contoh vaksin dengan yg asli, untuk menipu costumer, supaya dikira yang dia jual adalah vaksin asli, padahal vaksin palsu) *nama* : (abu ahmad) muhammad syarifuddin nur tholib/ *syarief nur tholib* *asal* : jombang sudah 1 bulan tidak ada itikad baik. Lihat Lebih Sedikit","https://www.facebook.com/groups/336307636538111/",1688,0,1688,-1,"NaN"
260,"JUAL BELI BAJU PL PALEMBANG","","unknown","info yang biso buat vaksin booster palsuu","https://www.facebook.com/groups/320413916423701/",0,0,0,-1,"NaN"
261,"Pejuang TBC Indonesia","Bissmillah","unknown","BissmillahApakah Disni ada yang ngalamin salah diagnosa??Mau tanya anakku demam tanpa gejala lain seperti batuk,sesek.dll, ku bawa ke RSSingkat cerita anakku di rongsen hasilnya kesan pneumonia Terus test mantoux nimbulkan reaksi benjolan","https://www.facebook.com/groups/425590565277938/",0,0,0,-1,"NaN"
262,"Habar Halong-Juai Seputaran Balangan (Sanggam)","","unknown","Terima jasa buat*Vaksin* pengalaman kerja*Ijazah palsuBisa hub.0858-2234-3237","https://www.facebook.com/groups/585363621972001/",0,0,0,-1,"NaN"
263,"👉BAHODOPI DAGANG👈","","unknown","Loloskan Admin, ini penipu mau bantu buatkan vaksin suda di trf malah di kirimkan vaksin palsu, di WA di blokir di messenger juga di Blokir Tlong yg mau buat Vaksin sama org ini Hati"" penipu asli smpai tidak ad etikad baiknya mau kirimkan yg aslinya masih tetap sy cari org ini","https://www.facebook.com/groups/630938980731303/",0,0,0,-1,"NaN"
264,"Komunitas Umroh dan Haji Backpaker","","unknown","Hati2 gaes situs sinarkerkes vaksin asli sinarkes.go.id kasian jamaahnya kalau di kasih palsu bayar sama2 harganya","https://www.facebook.com/groups/572182703224970/",0,0,0,-1,"NaN"
265,"BMI SINGAPORE","","unknown","Curhat besty sewaktu di PT kalian ada gak yg di mintain vaksin ke 4?? setauku vaksin yg ke 4 itu khusus Medis saja.Dan menurutku ini sudah tidak ada covid.Katanya cuma buat persyaratan BIODATA tapi kita di suruh bikin dan bayar 200 itu NEMBAK VAKSIN PALSU.  Kira kira wajar gak sih bagiku pemerasan di ASRAMA. Curhat besty sewaktu di PT kalian ada gak yg di mintain vaksin ke 4?? setauku vaksin yg ke 4 itu khusus Medis saja. Dan menurutku ini sudah tidak ada covid. Katanya cuma buat persyaratan BIODATA tapi kita di suruh bikin dan bayar 200 itu NEMBAK VAKSIN PALSU. Kira kira wajar gak sih bagiku pemerasan di ASRAMA.","https://www.facebook.com/groups/1000905554276771/",0,0,0,-1,"NaN"
266,"INFO POJOKE JOMBANG","","unknown","SERTIFIKAT VAKSIN PALSUSegala postingan yang melawan hukum di grup ini akan dihapus dan diblokir oleh admin. Jasa sertifikat vaksin palsu adalah tindakan kriminalitas dan berpotensi merugikan orang lain.Apabila menemukan postingan serupa, segera laporkan admin.Salam dari Pojoke Jombang. Lihat Lebih Sedikit SERTIFIKAT VAKSIN PALSU Segala postingan yang melawan hukum di grup ini akan dihapus dan diblokir oleh admin. Jasa sertifikat vaksin palsu adalah tindakan kriminalitas dan berpotensi merugikan orang lain. Apabila menemukan postingan serupa, segera laporkan admin. Salam dari Pojoke Jombang. Lihat Lebih Sedikit","https://www.facebook.com/groups/781878242440902/",0,0,0,-1,"NaN"
267,"Jadwal kecimol Se AK Ntb","Afz Fadliy","unknown","Zaman dimama manusia sangat jahat dan kejam demi haus akan kekuasaan dan bisnis yg mreka jalani.#Elit global#efstein file#ini zamannya buata virus&jualan vaksin Zaman dimama manusia sangat jahat dan kejam demi haus akan kekuasaan dan bisnis yg mreka jalani. #Elit global#efstein file#ini zamannya buata virus&jualan vaksin Dua kata yang dampaknya lebih kuat daripada penjelasan kebijakan apa pun. Klip ini bukan hanya memecah belah opini; tetapi juga mengungkap sisi sensitif dari cara k…","https://www.facebook.com/groups/301501975691289/",2,0,0,-1,"NaN"
268,"PEJUANG AUTOIMUN","","unknown","Bismillah, saya belum siap vaksin ..sebab perjalanan fisik saya masih flare ke flare...alhamdulillah,  Saya  aktivitas tiap hari ngurus ortu yang usianya 90 tahun dan anak yang masih belum mandiri laki2 usia 8 Tahun antar jemput sekolah...jadinya belum punya aplikasi peduli lindung...akses saya jadi terbatas...boleh gak ya bikin surat penolakan vaksin saja...berhubung ortu tidak bisa dititipkan lama2 ke yang lain kalau saya flare takutnya ada efek samping dipaksakan vaksin...terima kasih sarannya Lihat Lebih Sedikit","https://www.facebook.com/groups/376130372466773/",0,0,0,-1,"NaN"
