index,account,postdate,tweet,link,topic_tag,comments,retweets,likes,shares,replysource
1,ayukhoerunnisaistiqomah,2025-10-06T01:45:39.000Z,"Boleh nangis kan? Sudah 3 hari aku nemenin anakku di ruang isolasi karna campak.  Campaknya sudah komplikasi ke paru, berharap besok pulang tapi ternyata dokter bilang kemungkinan masih lama. YaAllah... rasanya lelah banget😭😭  Translate 1/2 Boleh nangis kan? Sudah 3 hari aku nemenin anakku di ruang isolasi karna campak.  Campaknya sudah komplikasi ke paru, berharap besok pulang tapi ternyata dokter bilang kemungkinan masih lama. YaAllah... rasanya lelah banget😭😭",https://www.threads.com/@ayukhoerunnisaistiqomah/post/DPcygQ1E0OE,"",67,0,1400,0,NaN
2,ceritatika25,2025-12-15T04:37:46.000Z,"Anakku panas naik turun udh 4hari Aku bawa ke puskesmas sabtu kemarin dan hasil labnya kemungkinan campak, Tapi sampe hari ini masih demam, paracetamolnya sampe udh habis blm juga turun. Wajar ga sih kalo campak apa panasnya berhari2 gini? 🥲 Aku mau bawa lagi ajaaa ga tega liatnya 1/2 Anakku panas naik turun udh 4hari Aku bawa ke puskesmas sabtu kemarin dan hasil labnya kemungkinan campak, Tapi sampe hari ini masih demam, paracetamolnya sampe udh habis blm juga turun. Wajar ga sih kalo campak apa panasnya berhari2 gini? 🥲 Aku mau bawa lagi ajaaa ga tega liatnya",https://www.threads.com/@ceritatika25/post/DSRV2F6j6O6,"",0,0,0,0,NaN
3,trecyhs,2025-04-23T09:51:22.000Z,"Disini ada ga yang pasien campak guys? Trs ada gak yang sembuh nya tuh luamaaa dehhhh sakit2 persendiannya. Butuh bgt pencerahannya nih. Mau berobat lg mager bgt. Konon ktnya ini akan sembuh sendiri. Obatnya cm vitamin. Disini ada ga yang pasien campak guys? Trs ada gak yang sembuh nya tuh luamaaa dehhhh sakit2 persendiannya. Butuh bgt pencerahannya nih. Mau berobat lg mager bgt. Konon ktnya ini akan sembuh sendiri. Obatnya cm vitamin. Ini foto pas kmrn lg sakitt campak. Cerita detailsnya ada di thread ak sebelumnya. Boleh dibaca guys. Barangkali ada yg sama. Bisa sharing2🙏🥺  Translate Ini foto pas kmrn lg sakitt campak. Cerita detailsnya ada di thread ak sebelumnya. Boleh dibaca guys. Barangkali ada yg sama. Bisa sharing2🙏🥺",https://www.threads.com/@trecyhs/post/DIyOIeJy7SC,"",0,0,0,0,NaN
4,nabidz_biotech,2025-11-11T14:18:44.000Z,"Semua anakku dapat jatah kena campak..  Alhamdulillah udah lewat fase inkubasi virusnya Strain 4800 langsung ku naikkan 5800 fase 24 jam langsung virusnya layu. Semua anakku dapat jatah kena campak..  Alhamdulillah udah lewat fase inkubasi virusnya Strain 4800 langsung ku naikkan 5800 fase 24 jam langsung virusnya layu. Konsep kerja probiotik memperbaiki pencernaan 12-24 jam apabila ada strain bukan probiotik level preventif seperti yoghurt , yakult dll ga bisa untuk represif. Konsep kerja probiotik memperbaiki pencernaan 12-24 jam apabila ada strain bukan probiotik level preventif seperti yoghurt , yakult dll ga bisa untuk represif. Selama virus patogen dll masih bisa ku handle tanpa obat obatan kimia. Kecuali malaikat izroil yg datang saya ga bisa berbuat apa2. XD  Translate Selama virus patogen dll masih bisa ku handle tanpa obat obatan kimia. Kecuali malaikat izroil yg datang saya ga bisa berbuat apa2. XD",https://www.threads.com/@nabidz_biotech/post/DQ61TgpEkPa,"",0,0,0,0,NaN
5,halodoc,2025-11-30T10:26:58.000Z,"halodocVerified 🚨 BREAKING NEWS: KASUS CAMPAK MELONJAK, BAYI & ANAK PALING TERDAMPAK! 🚨 BREAKING NEWS: KASUS CAMPAK MELONJAK, BAYI & ANAK PALING TERDAMPAK! Kasus campak kembali meningkat dan penularannya sangat cepat, terutama pada bayi dan anak yang belum mendapat vaksin. Virus campak ini bisa bertahan hingga 2 jam di udara sehingga campak termasuk salah satu penyakit paling menular.  Translate 1/3 Kasus campak kembali meningkat dan penularannya sangat cepat, terutama pada bayi dan anak yang belum mendapat vaksin. Virus campak ini bisa bertahan hingga 2 jam di udara sehingga campak termasuk salah satu penyakit paling menular.",https://www.threads.com/@halodoc/post/DRrV4odkntc,"",0,0,0,0,NaN
6,dwndri7,2025-11-29T09:10:23.000Z,"Ada yg lg suka camping juga ga, yuk mutualan🥰 1/2 Ada yg lg suka camping juga ga, yuk mutualan🥰",https://www.threads.com/@dwndri7/post/DRooU2NCd8f,"camping",0,0,0,0,NaN
7,folkkonoha,2025-02-23T16:04:57.000Z,"folkkonohaVerified Ya lagian sih ahh 😭 Ya lagian sih ahh 😭 🎥 : almera.adventure_ 🎥 : almera.adventure_",https://www.threads.com/@folkkonoha/post/DGa9-9SyJwy,"",3000,0,4400,0,NaN
8,dr.kartikaeda.sp.a,2025-11-24T16:22:55.000Z,"dr.kartikaeda.sp.aVerified 9 tahun jd dokter, 3 tahun jadi dokter anak, ga pernah nemu kasus campak sebanyak ini.. 🤢🤢 Dan parahnya banyak juga pasien campak saya masih bayi2 ( 5-6 bulan), yang memang belum waktunya vaksin (vaksin pertama umur 9 bulan). Sudah pasti, otomatis, mereka kelompok usia yang paling rentan tertular. 9 tahun jd dokter, 3 tahun jadi dokter anak, ga pernah nemu kasus campak sebanyak ini.. 🤢🤢 Dan parahnya banyak juga pasien campak saya masih bayi2 ( 5-6 bulan), yang memang belum waktunya vaksin (vaksin pertama umur 9 bulan). Sudah pasti, otomatis, mereka kelompok usia yang paling rentan tertular. Dan tau kah teman2, bayi yang kena campak, risiko fatalnya jauh lebih tinggi daripada anak yg lebih besar?  Translate 1/2 Dan tau kah teman2, bayi yang kena campak, risiko fatalnya jauh lebih tinggi daripada anak yg lebih besar?",https://www.threads.com/@dr.kartikaeda.sp.a/post/DRch2ZLknBR,"",281,0,1900,0,NaN
9,windyafikaa,2025-12-12T12:20:40.000Z,"ada yg suka camping ?? temenan yuu…. ada yg suka camping ?? temenan yuu….",https://www.threads.com/@windyafikaa/post/DSKcb4zAfGp,"campinglife",0,0,0,0,NaN
10,ricsnt,2025-05-20T11:54:29.000Z,"ricsntVerified Camping sendirian dihutan 2 hari Camping sendirian dihutan 2 hari Tenda & alat camp @coodytenda.id Tenda & alat camp @coodytenda.id #camping #outdoors  Translate #camping #outdoors",https://www.threads.com/@ricsnt/post/DJ39rlESXlc,"",0,0,0,0,NaN
11,herdysant,2025-07-12T15:19:13.000Z,"Yg hobi camping pasti relate. Maaf kalo nanti ada yg tersinggung. Kenapa ya kalo lagi di tempat camping, yg suka berisik dan karaokean pake sound itu mayoritas yg gear campingnya yg murah. Sedangkan para campers yg gearnya premium macem naturhike, alltrek, blackdog orangnya selow, kalem, dan gak berisik.  Translate Yg hobi camping pasti relate. Maaf kalo nanti ada yg tersinggung. Kenapa ya kalo lagi di tempat camping, yg suka berisik dan karaokean pake sound itu mayoritas yg gear campingnya yg murah. Sedangkan para campers yg gearnya premium macem naturhike, alltrek, blackdog orangnya selow, kalem, dan gak berisik.",https://www.threads.com/@herdysant/post/DMAzPwlSuJx,"camping",0,0,0,0,NaN
12,houseeing_home,2025-07-12T23:54:01.000Z,"Premium bukannya yg TNF, Lafuma, Mountain Gear, Gregory, Osprey dll kyk gitu bang? Premium bukannya yg TNF, Lafuma, Mountain Gear, Gregory, Osprey dll kyk gitu bang?",https://www.threads.com/@houseeing_home/post/DMBuKMCzI1R,"",0,0,0,0,NaN
13,rumah.berkala,2025-10-10T08:32:50.000Z,"rumah.berkalaVerified Ide camping depan rumah ✨  Translate Ide camping depan rumah ✨",https://www.threads.com/@rumah.berkala/post/DPn0NeciUk_,"",0,0,0,0,NaN
14,azizahannah,2025-01-27T08:08:57.000Z,"azizahannahVerified Kaya gini loh kalau aku ngajak camping tuh! Tenang dan estetik 🥰 . . #camping #campinglife Kaya gini loh kalau aku ngajak camping tuh! Tenang dan estetik 🥰 . . #camping #campinglife",https://www.threads.com/@azizahannah/post/DFUmDJ9TL3e,"",0,0,0,0,NaN
15,pak_kop_2011,2025-09-14T13:57:47.000Z,"Ketemu Om Kumis Ketemu Om Kumis",https://www.threads.com/@pak_kop_2011/post/DOlczMRjKcW,"",0,0,0,0,NaN
16,dynnhrr,2025-12-25T06:14:21.000Z,"Kemana kitaa  Translate Kemana kitaa",https://www.threads.com/@dynnhrr/post/DSrQ2QtAVXG,"",0,0,0,0,NaN
17,bank_fadhil,2025-09-20T11:17:52.000Z,"Kuyy lah udah lama nih ga camping...asiik lho ngecamp bareng gue...why..karena gue mantan chef/bartender/barista ...jadi pasti asik kan bisa ngopi di alam☕😎👌 . Jadi kapan nih kita nge _Camp bareng😎 . *** Gue punya slow bar komplit lah alatnya 🤣👍  Translate 1/2 Kuyy lah udah lama nih ga camping...asiik lho ngecamp bareng gue...why..karena gue mantan chef/bartender/barista ...jadi pasti asik kan bisa ngopi di alam☕😎👌 . Jadi kapan nih kita nge _Camp bareng😎 . *** Gue punya slow bar komplit lah alatnya 🤣👍",https://www.threads.com/@bank_fadhil/post/DO0nROaAU7y,"camping",0,0,0,0,NaN
18,syahruni.ps,2025-10-02T15:06:48.000Z,"Edisi camping bareng keuarga 🙈 1/3 Edisi camping bareng keuarga 🙈",https://www.threads.com/@syahruni.ps/post/DPT7AfHE0fX,"",0,0,0,0,NaN
19,ainnhdie,2025-10-10T11:59:00.000Z,"jiwaku meronta mau hiking ! jiwaku meronta mau hiking !",https://www.threads.com/@ainnhdie/post/DPoL4GeE2sn,"",0,0,0,0,NaN
20,andydrm_,2025-01-12T02:45:59.000Z,"Apa gua doang yg suka camp tanpa hiking 🙂‍↕️ Apa gua doang yg suka camp tanpa hiking 🙂‍↕️",https://www.threads.com/@andydrm_/post/DEtY8bEym_b,"",0,0,0,0,NaN
21,era_puspayanti,2025-10-28T02:20:37.000Z,"Kadek dan komang  Translate Kadek dan komang",https://www.threads.com/@era_puspayanti/post/DQVf_iakcO0,"",0,0,0,0,NaN
22,trisna___w,2025-12-02T09:10:13.000Z,"Kayak cewe cewe kalemmm 🤗 Kayak cewe cewe kalemmm 🤗",https://www.threads.com/@trisna___w/post/DRwWsRxElvt,"",0,0,0,0,NaN
23,mangkasara_,2025-05-05T13:51:08.000Z,"Cemas ku liat ki kanda 😭 Cemas ku liat ki kanda 😭",https://www.threads.com/@mangkasara_/post/DJRjGynTtHo,"",0,0,0,0,NaN
24,akmalaziqq._,2025-12-14T08:48:25.000Z,"teman hiking ? teman hiking ? Puncak Bukit Telipong",https://www.threads.com/@akmalaziqq._/post/DSPNvFKkh5_,"Hiking Threads",0,0,0,0,NaN
25,heygagaaa,2025-06-26T03:54:49.000Z,"First time hiking dan camping berdua 😅 First time hiking dan camping berdua 😅",https://www.threads.com/@heygagaaa/post/DLWYHJfyeWe,"",0,0,0,0,NaN
26,afganfazri,2025-10-28T10:53:10.000Z,"Siapa yang pengen camping kesini? ☝️ Siapa yang pengen camping kesini? ☝️ Untuk detailnya bisa tanya aja ke @pinetrees.bdg Untuk detailnya bisa tanya aja ke @pinetrees.bdg @pinetrees.bdg #campinglife #campervan #campingceria  Translate #campinglife #campervan #campingceria",https://www.threads.com/@afganfazri/post/DQWapbWEq5r,"",0,0,0,0,NaN
27,irwansyah_el97,2025-05-09T06:43:05.000Z,"Ini tektok apa camp?? Ini tektok apa camp?? #pendaki #pendakiindonesia #pendaki #pendakiindonesia",https://www.threads.com/@irwansyah_el97/post/DJbFTNKJr-z,"",0,0,0,0,NaN
28,sherly.ernawati.583,2025-02-06T23:46:40.000Z,"Kmaren ku cinta  Kmu nya bertingkah  Translate Kmaren ku cinta  Kmu nya bertingkah",https://www.threads.com/@sherly.ernawati.583/post/DFwBTscTMe6,"",0,0,0,0,NaN
29,ikigaicampervan.family,2025-06-21T21:46:00.000Z,"#campingground #camping #campervan #liburan #campingground #camping #campervan #liburan Magelang, Jawa Tengah",https://www.threads.com/@ikigaicampervan.family/post/DLLaz-lPMPw,"",0,0,0,0,NaN
30,elel_abu,2025-10-15T12:40:57.000Z,"Siapa suka camping? Siapa suka camping?",https://www.threads.com/@elel_abu/post/DP1IpoZAVxy,"",0,0,0,0,NaN
31,arya_embun.id,2025-05-09T10:13:44.000Z,"Kompor meleduk 😂😂😂😂 Kompor meleduk 😂😂😂😂",https://www.threads.com/@arya_embun.id/post/DJbdaDcz7RY,"",0,0,0,0,NaN
32,mlv.em_,2025-08-27T10:30:26.000Z,"Demi jj sanggup hiking Demi jj sanggup hiking",https://www.threads.com/@mlv.em_/post/DN2uwsD5Dri,"",0,0,0,0,NaN
33,luqmanakim_,2025-05-28T13:48:07.000Z,"Ada geng kaki camping sini Ada geng kaki camping sini Kuantan,pahang",https://www.threads.com/@luqmanakim_/post/DKMxDHJJCPo,"",0,0,0,0,NaN
34,silviafortunaa,2025-10-13T22:30:11.000Z,"Jadi pengen ndaki ngunung camping ~ Jadi pengen ndaki ngunung camping ~",https://www.threads.com/@silviafortunaa/post/DPxCfmZkjWc,"",0,0,0,0,NaN
35,jihaanmuhraini,2025-03-15T07:21:28.000Z,"ketemu kaca, cekreekkk !! ketemu kaca, cekreekkk !!",https://www.threads.com/@jihaanmuhraini/post/DHNh-dgToqK,"",0,0,0,0,NaN
36,lupita_sariawan,2025-09-10T10:28:38.000Z,"Kmna² kaki melangkah Kmna² kaki melangkah",https://www.threads.com/@lupita_sariawan/post/DOaxrfGATPe,"",0,0,0,0,NaN
37,hafizaquafiz,2025-11-21T17:12:26.000Z,"Terkapai kapai ku kelemasan.. Terkapai kapai ku kelemasan..",https://www.threads.com/@hafizaquafiz/post/DRU5IeXj4c3,"",0,0,0,0,NaN
38,awal.adrians,2025-10-22T11:25:30.000Z,"awal.adriansVerified Capekku kodong 😭😭 Capekku kodong 😭😭",https://www.threads.com/@awal.adrians/post/DQHBk-FDb1Z,"",0,0,0,0,NaN
39,queen_tunggal,2025-10-24T00:14:23.000Z,"Lagunya candu kaya kmu🤭 Lagunya candu kaya kmu🤭",https://www.threads.com/@queen_tunggal/post/DQK-XQskpub,"",0,0,0,0,NaN
40,dandd__i,2025-08-08T03:50:08.000Z,"Cemas kau deck Cemas kau deck",https://www.threads.com/@dandd__i/post/DNFF2X3TNap,"",0,0,0,0,NaN
41,ammarxadelia,2025-10-31T10:25:00.000Z,"Bicara alam Bicara alam",https://www.threads.com/@ammarxadelia/post/DQeFz_QE2-c,"camping",0,0,28,0,NaN
42,hermiza.ilmiah,2025-08-29T14:25:32.000Z,"Hiking mode on🤸 Hiking mode on🤸 📍@camping.ground.kelir 📍@camping.ground.kelir #instapurbalingga #gunungkelir #hikinggirl #instapurbalingga #gunungkelir #hikinggirl Basecamp Gunung Kelir Purbalingga",https://www.threads.com/@hermiza.ilmiah/post/DN8TQl3E9x-,"",0,0,0,0,NaN
43,yusrillyusuf_,2025-10-09T11:23:24.000Z,"Kamis itu K nyaa kampret  Translate Kamis itu K nyaa kampret",https://www.threads.com/@yusrillyusuf_/post/DPljAZ6kvtA,"",0,0,0,0,NaN
44,jemappellemita,2025-12-20T22:14:44.000Z,"CAMPAK + PNEUMONIA Ketakutan terbesar sebagai ibu.  Hai Threads, aku mau berbagi cerita buat para Buibu tentang kisah perjuangan toodler mungilku yang berjuang lawan Campak dan Pneumonia.  Awal bulan November dia udah demam naik turun selama seminggu (dan ini kita udah bawa ke DSA dan udah dikasih obat juga),lalu beberapa hari kemudian obat itu udah kaya ga mempan  Translate 1/8 CAMPAK + PNEUMONIA Ketakutan terbesar sebagai ibu.  Hai Threads, aku mau berbagi cerita buat para Buibu tentang kisah perjuangan toodler mungilku yang berjuang lawan Campak dan Pneumonia.  Awal bulan November dia udah demam naik turun selama seminggu (dan ini kita udah bawa ke DSA dan udah dikasih obat juga),lalu beberapa hari kemudian obat itu udah kaya ga mempan",https://www.threads.com/@jemappellemita/post/DSgGx6DE7KJ,"pneumonia",0,0,0,0,NaN
45,dr.maiza,2025-10-26T11:17:07.000Z,"dr.maizaVerified Prevention is better than cure 💉 Vaksin penting untuk Wanita : ✨️ Kanser pangkal rahim = Vaksin HPV (sebelum hamil) ✨️ Sindrom rubella kongenital = Vaksin Rubella	MMR (sebelum hamil) ✨️ Hepatitis B = Vaksin Hepatitis B	(sebelum hamil) ✨️ Influenza = Vaksin 	Influenza (sebelum/ ketika hamil) ✨️ Tetanus,  Diphtheria, Pertussis = 	Vaksin Tdap (kehamilan minggu 27–36)	 ✨️ Respiratory Syncytial Virus = Vaksin RSV (kehamilan minggu 32) ✨️ Varicella (Cacar air)	= Vaksin Varicella (sebelum hamil) Prevention is better than cure 💉 Vaksin penting untuk Wanita : ✨️ Kanser pangkal rahim = Vaksin HPV (sebelum hamil) ✨️ Sindrom rubella kongenital = Vaksin Rubella	MMR (sebelum hamil) ✨️ Hepatitis B = Vaksin Hepatitis B	(sebelum hamil) ✨️ Influenza = Vaksin 	Influenza (sebelum/ ketika hamil) ✨️ Tetanus,  Diphtheria, Pertussis = 	Vaksin Tdap (kehamilan minggu 27–36)	 ✨️ Respiratory Syncytial Virus = Vaksin RSV (kehamilan minggu 32) ✨️ Varicella (Cacar air)	= Vaksin Varicella (sebelum hamil)",https://www.threads.com/@dr.maiza/post/DQRTzQaklbO,"",0,0,0,0,NaN
46,paremom84,2025-06-19T19:36:32.000Z,"Anyone have any idea what kind of bite this might be? It's on my 2 year old grandgirl's leg. She lives on a farm. She arrived here with it. Parents don't know. She's now got a low grade fever. Anyone have any idea what kind of bite this might be? It's on my 2 year old grandgirl's leg. She lives on a farm. She arrived here with it. Parents don't know. She's now got a low grade fever.",https://www.threads.com/@paremom84/post/DLGCaOchv9O,"",1400,0,673,0,NaN
47,johngerman.o,2025-10-14T05:09:30.000Z,"On September 25, 2025, I lost my beautiful 17-day-old baby boy to a massive enterovirus infection. On September 25, 2025, I lost my beautiful 17-day-old baby boy to a massive enterovirus infection. The doctors told us it was “like a common cold virus.” But that “cold” overwhelmed his tiny body. The doctors told us it was “like a common cold virus.” But that “cold” overwhelmed his tiny body. Watching his final moments be ruined by a pulmonary embolism, knowing it was “just a cold,” was the most devastating experience of my life. Nothing has looked the same since. Watching his final moments be ruined by a pulmonary embolism, knowing it was “just a cold,” was the most devastating experience of my life. Nothing has looked the same since. Now, as a measles outbreak appears in a nearby town, I see people on here saying measles “isn’t that bad.” Neither is a cold. 1/2 Now, as a measles outbreak appears in a nearby town, I see people on here saying measles “isn’t that bad.” Neither is a cold.",https://www.threads.com/@johngerman.o/post/DPxwMS5Df6N,"Measles",44,0,14100,0,NaN
48,syd_reads50,2025-03-07T21:05:54.000Z,"My son (12 months old) got the first dose of the MMR (mumps, measles, and rubella) vaccine today. Why, you ask? Oh, because vaccines save lives and I don’t want my child to die 🙃 *all anti-vaxxers who dare to comment will be blocked* My son (12 months old) got the first dose of the MMR (mumps, measles, and rubella) vaccine today. Why, you ask? Oh, because vaccines save lives and I don’t want my child to die 🙃 *all anti-vaxxers who dare to comment will be blocked*",https://www.threads.com/@syd_reads50/post/DG6Z91khVWp,"",1300,0,23800,0,NaN
49,jhwoolman,2025-10-26T22:13:48.000Z,"Got my flu shot on Friday, and a COVID booster. Yesterday I had two bright red dots on my arm. Got my flu shot on Friday, and a COVID booster. Yesterday I had two bright red dots on my arm. Today I have this…what is this? 1/2 Today I have this…what is this?",https://www.threads.com/@jhwoolman/post/DQSe9APEbRv,"",2100,0,265,0,NaN
50,busy_witchy_mama,2025-03-01T21:58:23.000Z,"The MMR vaccine almost killed my brother. He's extremely allergic to it. He is not protected from measles, mumps, and rubella. The MMR vaccine almost killed my brother. He's extremely allergic to it. He is not protected from measles, mumps, and rubella. As nervous as I get every time, my children have had their MMR shots. Why? Because they're not deathly allergic, and vaccinating my kids protects people like my brother who can't be. As nervous as I get every time, my children have had their MMR shots. Why? Because they're not deathly allergic, and vaccinating my kids protects people like my brother who can't be. Now I have a 3 month old who's too young for the shot. We live in North Texas. I am angry and scared for him. Measles in West Texas, rubella in Austin. It doesn't have to be this way. Now I have a 3 month old who's too young for the shot. We live in North Texas. I am angry and scared for him. Measles in West Texas, rubella in Austin. It doesn't have to be this way.",https://www.threads.com/@busy_witchy_mama/post/DGrDM5LyP1U,"",26,0,7000,0,NaN
51,rubin_allergy,2025-03-07T04:31:48.000Z,"rubin_allergyVerified Measles is very contagious and can be a very serious infection. #viral #measles #doctor Measles is very contagious and can be a very serious infection. #viral #measles #doctor",https://www.threads.com/@rubin_allergy/post/DG4oMkOsCeK,"",277,0,5200,0,NaN
52,micaelaboyt,2025-12-23T05:51:02.000Z,"This is so random but A few yrs ago, my man got MRSA on his forearm & instead of seeing a Dr, he asked me to make some kind of “healing food” This is so random but A few yrs ago, my man got MRSA on his forearm & instead of seeing a Dr, he asked me to make some kind of “healing food” I didn’t know what to make so I went back to my Mexican roots & made a huge pot of caldo - it had SO many onions (like at least 10 of em), 2-3 heads of sliced garlic, & a lil bit of celery/kale/zuchini… I didn’t know what to make so I went back to my Mexican roots & made a huge pot of caldo - it had SO many onions (like at least 10 of em), 2-3 heads of sliced garlic, & a lil bit of celery/kale/zuchini… And guess what? The MRSA was gone in 2 days. He ate that caldo for breakfast, lunch, & dinner… & 2 days later, the infection was completely healed. 1/2 And guess what? The MRSA was gone in 2 days. He ate that caldo for breakfast, lunch, & dinner… & 2 days later, the infection was completely healed.",https://www.threads.com/@micaelaboyt/post/DSmElwKANQZ,"",0,0,0,0,NaN
53,dgorsuch23,2025-02-27T13:05:51.000Z,"NO RFK! This is not a normal measles season- this is the first time in 10 years someone has died from measles.😢 NO RFK! This is not a normal measles season- this is the first time in 10 years someone has died from measles.😢",https://www.threads.com/@dgorsuch23/post/DGk8qxBOwo4,"",0,0,1300,0,NaN
54,dr.mo.ibrahim,2025-07-27T22:01:26.000Z,"dr.mo.ibrahimVerified A non-vaccinated child presents with cough, runny nose, inflamed eyes, sore throat, fever, and a red, blotchy skin rash. what is your diagnosis? A non-vaccinated child presents with cough, runny nose, inflamed eyes, sore throat, fever, and a red, blotchy skin rash. what is your diagnosis?",https://www.threads.com/@dr.mo.ibrahim/post/DMoJMuzB-nI,"",0,0,0,0,NaN
55,kay_wise_threads,2025-09-04T00:39:54.000Z,"Like most kids in the 40s, I easily survived the red measles, i.e. rubella.  So why vaccinate?  Well, I had measles when mom was pregnant. Six months later, my little brother, Ronnie was born with a clef palate, much of his bowel necrotic, his eyes unable to open, his tongue tied, and more.  Mom carried him on a pillow for months he was so weak.  He underwent six operations before age two.  We moved his hands and knees for weeks to teach him to crawl.  1/ 1/4 Like most kids in the 40s, I easily survived the red measles, i.e. rubella.  So why vaccinate?  Well, I had measles when mom was pregnant. Six months later, my little brother, Ronnie was born with a clef palate, much of his bowel necrotic, his eyes unable to open, his tongue tied, and more.  Mom carried him on a pillow for months he was so weak.  He underwent six operations before age two.  We moved his hands and knees for weeks to teach him to crawl.  1/",https://www.threads.com/@kay_wise_threads/post/DOKRiodkYEO,"",1000,1200,16400,297,NaN
56,tucci222,2025-02-25T15:35:17.000Z,"The CBS News says that measles may lead to hospitalization and death.That's crazy when I was growing up.Everybody got the measles and the Momps Which I don't hear of anymore. Nobody died. Nobody went to the hospital. I used to visit my friends when they were broke out with the measles. Little red bumps all over. I had them tno problem later on. They can cause shingles. That's the only drawback, but even though you're vaccinated, you can still get the shingles, I believe. The CBS News says that measles may lead to hospitalization and death.That's crazy when I was growing up.Everybody got the measles and the Momps Which I don't hear of anymore. Nobody died. Nobody went to the hospital. I used to visit my friends when they were broke out with the measles. Little red bumps all over. I had them tno problem later on. They can cause shingles. That's the only drawback, but even though you're vaccinated, you can still get the shingles, I believe.",https://www.threads.com/@tucci222/post/DGgELhnzVQX,"",0,0,0,0,NaN
57,lady.elizabeth07,2025-08-07T00:31:53.000Z,"Ok my family and friends am back in the hospital with Mrsa on my scalp from where I burn it 3weeks ago ok so I ask please once again keep in your prayers yall know how I hate hospitals... Ok my family and friends am back in the hospital with Mrsa on my scalp from where I burn it 3weeks ago ok so I ask please once again keep in your prayers yall know how I hate hospitals... Medical Center of Arlington",https://www.threads.com/@lady.elizabeth07/post/DNCKXWlOs77,"",0,0,0,0,NaN
58,mody.ankita1591,2025-10-31T17:42:57.000Z,"Rubroo 🙌 Rubroo 🙌",https://www.threads.com/@mody.ankita1591/post/DQe37WAksbD,"",0,0,0,0,NaN
59,forever_evolving_415,2025-03-27T14:05:37.000Z,"How many people actually remember measles and chickenpox before vaccines.?.. Why is it so deadly now all of a sudden.. I mean years ago it used to just run its course right? I'm confused just trying to make sense of it all How many people actually remember measles and chickenpox before vaccines.?.. Why is it so deadly now all of a sudden.. I mean years ago it used to just run its course right? I'm confused just trying to make sense of it all",https://www.threads.com/@forever_evolving_415/post/DHtJxBogYF2,"",0,0,0,0,NaN
60,celebritywordd,2025-06-29T01:10:41.000Z,"I learned newborns get a Hep B vaccine—an STD-related shot—I started digging deep into the list of vaccines they give babies. It makes no sense why a brand-new baby needs so many. Props to RFK Jr. for speaking up! I learned newborns get a Hep B vaccine—an STD-related shot—I started digging deep into the list of vaccines they give babies. It makes no sense why a brand-new baby needs so many. Props to RFK Jr. for speaking up!",https://www.threads.com/@celebritywordd/post/DLdzzdDxK-y,"",0,0,0,0,NaN
61,nani_wai,2025-01-02T22:09:22.000Z,"Things I will not be getting in 2025 Things I will not be getting in 2025 - Polio  - Smallpox  - Tetanus  - Diphtheria  - Measles  - Mumps  - Rubella - Polio  - Smallpox  - Tetanus  - Diphtheria  - Measles  - Mumps  - Rubella Because of vaccines. Because of vaccines. I’m vaccinated. I’m vaccinated.",https://www.threads.com/@nani_wai/post/DEVuWkyzJjW,"",128,0,21200,0,NaN
62,late.july,2025-03-11T23:53:39.000Z,"late.julyVerified All my titre results came back. it turns out those vaccines the doctors gave me in the 80's still work. Immune to measles, rubella AND the mumps. All my titre results came back. it turns out those vaccines the doctors gave me in the 80's still work. Immune to measles, rubella AND the mumps. Science is so neat. Science is so neat.",https://www.threads.com/@late.july/post/DHFAV4Xy4Wi,"",0,0,19400,0,NaN
63,dr.mo.ibrahim,2025-03-29T09:08:19.000Z,"dr.mo.ibrahimVerified This patient presented with an acute eruption on the hand. The patient was in good general health and not in therapy with systemic drugs. The first vesicles and blisters appeared during a trip in SriLanka. What is your diagnosis? This patient presented with an acute eruption on the hand. The patient was in good general health and not in therapy with systemic drugs. The first vesicles and blisters appeared during a trip in SriLanka. What is your diagnosis?",https://www.threads.com/@dr.mo.ibrahim/post/DHxxVPlu3km,"",0,0,0,0,NaN
64,xuanqing.0726,2025-08-06T09:32:00.000Z,"Cantarella Cantarella",https://www.threads.com/@xuanqing.0726/post/DNAjYgPvPyk,"",0,0,0,0,NaN
65,thedameliajones,2025-11-13T00:39:26.000Z,"🚨Parents beware!!🚨 🚨Parents beware!!🚨 There is a virus going around called “Croup”. I had never heard of this until today. Apparently its alot worse in toddlers. Emory has it. There is a virus going around called “Croup”. I had never heard of this until today. Apparently its alot worse in toddlers. Emory has it. Common symptoms include a barking cough, fever, runny nose, and high-pitched “creaking” or whistling sound (stridor) when breathing in. Common symptoms include a barking cough, fever, runny nose, and high-pitched “creaking” or whistling sound (stridor) when breathing in.",https://www.threads.com/@thedameliajones/post/DQ-hIhFjBfT,"",0,0,0,0,NaN
66,john7281962,2025-08-12T22:26:31.000Z,"I was at Walgreens yesterday, and it made me sad, with everything we know about vaccines that I saw a parent having their child shot up with some garbage, that they are TOLD TO DO, instead of refusing to do it. Folks stand up for the children, because someone has to, because the schools won't and the government sure won't. I was at Walgreens yesterday, and it made me sad, with everything we know about vaccines that I saw a parent having their child shot up with some garbage, that they are TOLD TO DO, instead of refusing to do it. Folks stand up for the children, because someone has to, because the schools won't and the government sure won't.",https://www.threads.com/@john7281962/post/DNRYyeSBtrR,"",1000,0,83,0,NaN
67,gernorlat,2025-08-13T02:10:31.000Z,"I’m old enough to have lived through measles, mumps, chicken pox, and rubella before there were vaccines for them. Rubella wasn’t bad, but if a pregnant woman gets it, it can cause severe harm to the developing fetus. Mumps was awful. Chicken pox was torture. Imagine unbearable itching all over but you can’t scratch. Measles was the sickest I have ever been in my life. It can damage the eyes, so I had to lie in a darkened room, no reading, no TV. This generation has no idea. I’m old enough to have lived through measles, mumps, chicken pox, and rubella before there were vaccines for them. Rubella wasn’t bad, but if a pregnant woman gets it, it can cause severe harm to the developing fetus. Mumps was awful. Chicken pox was torture. Imagine unbearable itching all over but you can’t scratch. Measles was the sickest I have ever been in my life. It can damage the eyes, so I had to lie in a darkened room, no reading, no TV. This generation has no idea.",https://www.threads.com/@gernorlat/post/DNRybKfspMx,"",0,0,0,0,NaN
68,thebackpackingmom,2025-03-20T22:43:52.000Z,"“Absolutely not take the MMR [vaccine],” she said. “The measles wasn’t that bad. [The other children] got over it pretty quickly.” “Absolutely not take the MMR [vaccine],” she said. “The measles wasn’t that bad. [The other children] got over it pretty quickly.” Ummmm. It wasn’t that bad? My sister in Christ, it KILLED your baby girl. I guess she just wasn’t your favorite kid? What in the actual fuck!? Ummmm. It wasn’t that bad? My sister in Christ, it KILLED your baby girl. I guess she just wasn’t your favorite kid? What in the actual fuck!? the.independentVerified the.independent the.independent the.independent Parents of unvaccinated 6-year-old killed by measles in Texas speak out. They still are anti-vax Parents of unvaccinated 6-year-old killed by measles in Texas speak out. They still are anti-vax Parents of unvaccinated 6-year-old killed by measles in Texas speak out. They still are anti-vax Parents of unvaccinated 6-year-old killed by measles in Texas speak out. They still are anti-vax independent.co.uk independent.co.uk Parents of child killed by measles appear in anti-vaccine video Parents of child killed by measles appear in anti-vaccine video",https://www.threads.com/@thebackpackingmom/post/DHcDgpiy8JI,"Measles",3200,0,4200,0,NaN
69,unknown,2025-03-20T18:09:32.000Z,"the.independentVerified the.independent the.independent the.independent Parents of unvaccinated 6-year-old killed by measles in Texas speak out. They still are anti-vax Parents of unvaccinated 6-year-old killed by measles in Texas speak out. They still are anti-vax Parents of unvaccinated 6-year-old killed by measles in Texas speak out. They still are anti-vax Parents of unvaccinated 6-year-old killed by measles in Texas speak out. They still are anti-vax independent.co.uk independent.co.uk Parents of child killed by measles appear in anti-vaccine video Parents of child killed by measles appear in anti-vaccine video",https://www.threads.com/@the.independent/post/DHbkHd9O43r,"",3200,0,4200,0,NaN
70,ansapphire.ap,2025-09-04T17:41:44.000Z,"I post this occasionally as a warning. I contacted measles as a child. Which led to me getting Encephalitis. Which can sometimes happens in measles cases. Encephalitis is swelling of the brain. While hospitalized ended up in a coma. The dr told my Mom there was a chance if I came out of the coma I would be mentally challenged. Didn’t happen but I spent months having to re-learn all the things parents teach toddlers. RFK Jr is a direct threat to children’s health. Fire him. I post this occasionally as a warning. I contacted measles as a child. Which led to me getting Encephalitis. Which can sometimes happens in measles cases. Encephalitis is swelling of the brain. While hospitalized ended up in a coma. The dr told my Mom there was a chance if I came out of the coma I would be mentally challenged. Didn’t happen but I spent months having to re-learn all the things parents teach toddlers. RFK Jr is a direct threat to children’s health. Fire him.",https://www.threads.com/@ansapphire.ap/post/DOMGe0WDm_p,"",64,0,11800,0,NaN
71,moodybill,2025-12-30T13:17:35.000Z,"This response to a vaccines post. My parents followed full vaccination schedule. I’m 64 years old. This response to a vaccines post. My parents followed full vaccination schedule. I’m 64 years old. I plan on living forever. It’s going okay so far I plan on living forever. It’s going okay so far",https://www.threads.com/@moodybill/post/DS45Qf3CP9_,"",0,0,0,0,NaN
72,maryrosscrawford,2025-12-30T15:21:58.000Z,"I stood in line in a high school gym in 1961 so I wouldn't get polio. I was vaccinated against small pox. I had measles, mumps and rubella as a child because no vaccines were available. I get regular flu and COVID shots and boosters. So far, the after effects are that i haven't been crippled or died unnecessarily. I'm 71. I stood in line in a high school gym in 1961 so I wouldn't get polio. I was vaccinated against small pox. I had measles, mumps and rubella as a child because no vaccines were available. I get regular flu and COVID shots and boosters. So far, the after effects are that i haven't been crippled or died unnecessarily. I'm 71.",https://www.threads.com/@maryrosscrawford/post/DS5HfhtDkPs,"",0,0,0,0,NaN
73,itsrachelonline,2025-03-03T01:40:42.000Z,"What is the Oregon Fucking Trail timeline are we in?!? What is the Oregon Fucking Trail timeline are we in?!? Measles? Rubella??! DYSENTARY?!?!? Measles? Rubella??! DYSENTARY?!?!?",https://www.threads.com/@itsrachelonline/post/DGuBcD8tAgr,"",59,0,2700,0,NaN
74,pizzacakecomic,2025-04-14T03:17:23.000Z,"pizzacakecomicVerified I wasn't expecting measles to come back either... I wasn't expecting measles to come back either...",https://www.threads.com/@pizzacakecomic/post/DIaV5BItjG5,"",175,0,15000,0,NaN
75,nikkinegs31,2025-07-02T01:59:15.000Z,"Listen yall. If a bat flies into your house. GET THE POST EXPOSURE RABIES VACCINE. Why is there hesitation on this? Don’t get it and literally risk death. Listen yall. If a bat flies into your house. GET THE POST EXPOSURE RABIES VACCINE. Why is there hesitation on this? Don’t get it and literally risk death. Once rabies symptoms start to appear, it’s generally too late and usually results in death. Rabies WILL KILL you.  Don’t mess around with it! Once rabies symptoms start to appear, it’s generally too late and usually results in death. Rabies WILL KILL you.  Don’t mess around with it!",https://www.threads.com/@nikkinegs31/post/DLlnv31t0by,"",0,0,0,0,NaN
76,mallyreinhart,2025-07-02T06:21:38.000Z,"I had the rabies shots at age 5 after being bit by a ferrell cat.  Not too long after I came down with CLL (leukemia). Just saying, there is sometimes more than a financial price to getting a shot. I had the rabies shots at age 5 after being bit by a ferrell cat.  Not too long after I came down with CLL (leukemia). Just saying, there is sometimes more than a financial price to getting a shot.",https://www.threads.com/@mallyreinhart/post/DLmFxm-uOEN,"",0,0,0,0,NaN
77,survivedcancers,2025-11-30T06:18:18.000Z,"Junctional EB, one of the things Brooklyn hates the most is lancing blisters. This one was huge and only happened today as she was playing. This happens on her skin very easily. One hour it’s not there. The next it is. EB is so unfair. But B is such a strong girl! ❤️🦋 #JEB #butterflywarrior #butterflyskin #junctionalepidermolysisbullosa #fuckeb #awareness #awarenessvideo #awarenessmatters #cureJEB #cureEB #blisters Junctional EB, one of the things Brooklyn hates the most is lancing blisters. This one was huge and only happened today as she was playing. This happens on her skin very easily. One hour it’s not there. The next it is. EB is so unfair. But B is such a strong girl! ❤️🦋 #JEB #butterflywarrior #butterflyskin #junctionalepidermolysisbullosa #fuckeb #awareness #awarenessvideo #awarenessmatters #cureJEB #cureEB #blisters",https://www.threads.com/@survivedcancers/post/DRq5bIYjMeq,"",0,0,0,0,NaN
78,likeasistersupport,2025-02-27T15:59:20.000Z,"When I had my third baby, my bloodwork revealed that my 1984 MMR vaccine wasn’t still protecting me from measles and I needed a booster. Talk to your doctor about this, millennials! When I had my third baby, my bloodwork revealed that my 1984 MMR vaccine wasn’t still protecting me from measles and I needed a booster. Talk to your doctor about this, millennials!",https://www.threads.com/@likeasistersupport/post/DGlQhXyRzFq,"Measles",0,0,0,0,NaN
79,irnafadzila,2025-07-28T10:12:50.000Z,"🌸 Hi Mommies & Paediatricians in JB! 🌸 I have a quick question 🙏🏻 🌸 Hi Mommies & Paediatricians in JB! 🌸 I have a quick question 🙏🏻 My child already received the MMR vaccine from a private hospital when she was small. Both dose taken. Do I still need to bring her for the KKM’s recommended MMR vaccination now? She’s 4 this year and her preschool is pushing for it.. Just wanna make sure if it is necessary.. My child already received the MMR vaccine from a private hospital when she was small. Both dose taken. Do I still need to bring her for the KKM’s recommended MMR vaccination now? She’s 4 this year and her preschool is pushing for it.. Just wanna make sure if it is necessary.. Appreciate any advice. Thank you 🫶🏻 Appreciate any advice. Thank you 🫶🏻",https://www.threads.com/@irnafadzila/post/DMpc5vOy0PP,"Johor Bahru",0,0,0,0,NaN
80,drtehwaibin_paeds,2025-07-29T03:10:51.000Z,"Hi mommy. I'm Dr. Teh, Paeds here from JB. Hi mommy. I'm Dr. Teh, Paeds here from JB. Yes encourage to take as booster for protection since child is already 4y.o, last MMR was like during 1 year old for her. This vaccine is MR (only measles n rubella), not MMR. Yes encourage to take as booster for protection since child is already 4y.o, last MMR was like during 1 year old for her. This vaccine is MR (only measles n rubella), not MMR. Best is anak also covered with other vaccination like influenza or chicken pox as well ya. Best is anak also covered with other vaccination like influenza or chicken pox as well ya.",https://www.threads.com/@drtehwaibin_paeds/post/DMrRZ6myp8T,"",0,0,0,0,NaN
81,pattyblount3,2025-12-30T03:51:59.000Z,"I’m scared, y’all. I have no measurable measles immunity according to blood test. I also have an auto immune disease and cannot get the MMR shot because it’s live culture. Measles cases are spiking  because too many people think IT’S A COMMON COLD. I’m scared, y’all. I have no measurable measles immunity according to blood test. I also have an auto immune disease and cannot get the MMR shot because it’s live culture. Measles cases are spiking  because too many people think IT’S A COMMON COLD.",https://www.threads.com/@pattyblount3/post/DS34h3XjMbI,"",0,0,0,0,NaN
82,scottishsithphotoygraphy,2025-03-04T05:33:52.000Z,"I was born in the early 1970's. Our family GP refused to vaccinate me against measles. She was an older lady and she believed natural immunity was better than vaccination. I caught measles when I was 12. It sucked. It was painful, and I thought I was going blind. I couldn't eat because of sore spots in my mouth. Vaccinate your children. I was born in the early 1970's. Our family GP refused to vaccinate me against measles. She was an older lady and she believed natural immunity was better than vaccination. I caught measles when I was 12. It sucked. It was painful, and I thought I was going blind. I couldn't eat because of sore spots in my mouth. Vaccinate your children.",https://www.threads.com/@scottishsithphotoygraphy/post/DGxA6ynI6dc,"",0,0,5200,0,NaN
83,aaronkretz,2025-12-12T21:46:44.000Z,"We don’t simply have a measles outbreak here in South Carolina. We have an outbreak of anti-vax lunacy, and measles is one of the side effects. We don’t simply have a measles outbreak here in South Carolina. We have an outbreak of anti-vax lunacy, and measles is one of the side effects.",https://www.threads.com/@aaronkretz/post/DSLdN3OlHFm,"",36,0,12800,0,NaN
84,markdavisforcongress,2025-12-11T14:30:47.000Z,"markdavisforcongressVerified BREAKING South Carolina just quarantined 254 people in a measles outbreak that’s already blown past 110 cases. BREAKING South Carolina just quarantined 254 people in a measles outbreak that’s already blown past 110 cases. This shouldn’t be happening in America. Not in 2025. Not with a virus this contagious. This shouldn’t be happening in America. Not in 2025. Not with a virus this contagious. Measles was eradicated in 2000. It’s back. Measles was eradicated in 2000. It’s back.",https://www.threads.com/@markdavisforcongress/post/DSIGh_JkUKG,"",498,1400,13800,465,NaN
85,markdavisforcongress,2025-12-11T15:14:39.000Z,"markdavisforcongressVerified I’ve posted about this before. But my first girlfriend as a teenager died from measles. She she was born in Thailand and didn’t have access to vaccines like we do so she got measles as a young child. When she turned 18, it came back and killed her. violently 2/3 I’ve posted about this before. But my first girlfriend as a teenager died from measles. She she was born in Thailand and didn’t have access to vaccines like we do so she got measles as a young child. When she turned 18, it came back and killed her. violently",https://www.threads.com/@markdavisforcongress/post/DSILjPTEWwO,"",0,0,0,0,NaN
86,paigedandconfused,2025-04-20T01:38:44.000Z,"I’m not arguing with anti-vaxxers. It’s 2025 and kids are literally dying from measles, a completely preventable disease. I’m not arguing with anti-vaxxers. It’s 2025 and kids are literally dying from measles, a completely preventable disease.",https://www.threads.com/@paigedandconfused/post/DIpnXqgNEMt,"",836,1300,27000,52,NaN
87,rubin_allergy,2025-09-07T23:12:53.000Z,"rubin_allergyVerified RFK Jr and Joseph Ladapo don’t care if this becomes more common again if vaccination coverage continues to drop. RFK Jr and Joseph Ladapo don’t care if this becomes more common again if vaccination coverage continues to drop. Do you know what this is? Do you know what this is?",https://www.threads.com/@rubin_allergy/post/DOUawzrAIYy,"",2200,0,4900,0,NaN
88,cherylburns631,2025-09-07T23:58:55.000Z,"I re-boosted my childhood vaccines. I got the MMR and TDAP. I just need the polio vax and a hepatitis I believe. Getting my flu shot tomorrow and Covid next week. I re-boosted my childhood vaccines. I got the MMR and TDAP. I just need the polio vax and a hepatitis I believe. Getting my flu shot tomorrow and Covid next week.",https://www.threads.com/@cherylburns631/post/DOUgB9_ia1i,"",0,0,0,0,NaN
89,celesteholloway,2025-08-28T01:36:37.000Z,"My great granddaughter is in the hospital tonight. She had a minor hand surgery to remove a sore. They suspect MRSA. 3 days in a row she was taken to ER and today they actually are doing something. I’m upset as I thought staph as soon as I saw it. She has limited mobility in her thumb right now. They cut a lot out. Waiting on full culture for results.  She is 6 years old. My great granddaughter is in the hospital tonight. She had a minor hand surgery to remove a sore. They suspect MRSA. 3 days in a row she was taken to ER and today they actually are doing something. I’m upset as I thought staph as soon as I saw it. She has limited mobility in her thumb right now. They cut a lot out. Waiting on full culture for results.  She is 6 years old.",https://www.threads.com/@celesteholloway/post/DN4WeAPDar9,"",0,0,0,0,NaN
90,fantasyrants,2025-08-10T05:13:46.000Z,"Someone just said that Hand, Foot, and Mouth is just ""repackaged"" Measles. Someone just said that Hand, Foot, and Mouth is just ""repackaged"" Measles. Look I know not everyone studied epidemiology but HFM (Coxsackie virus) is NOT Measles (Rubeola). Please put your conspiracy theory energy into something more productive than fear-mongering communicable diseases. Look I know not everyone studied epidemiology but HFM (Coxsackie virus) is NOT Measles (Rubeola). Please put your conspiracy theory energy into something more productive than fear-mongering communicable diseases.",https://www.threads.com/@fantasyrants/post/DNKZAogM-95,"",0,0,1100,0,NaN
91,lauras.write.edits,2025-02-22T03:02:30.000Z,"Since anti-vaxxers prefer anecdotal evidence rather than scientific, I am going to give anecdotal evidence to explain why I am pro-vaccines. Since anti-vaxxers prefer anecdotal evidence rather than scientific, I am going to give anecdotal evidence to explain why I am pro-vaccines. Gather round friends, and let me tell you about my grandma. Gather round friends, and let me tell you about my grandma. My grandma was born in 1934. As she grew up, she caught whooping cough, chicken pox, and rubella TWICE each. Yes, you read that right. Twice. One of my theories that her immune system got wiped out by measles at some point. (1) 1/4 My grandma was born in 1934. As she grew up, she caught whooping cough, chicken pox, and rubella TWICE each. Yes, you read that right. Twice. One of my theories that her immune system got wiped out by measles at some point. (1)",https://www.threads.com/@lauras.write.edits/post/DGW_pavs3Ja,"",0,0,1000,0,NaN
92,raetheangela,2025-02-13T16:44:26.000Z,"raetheangelaVerified Welp… RFK Jr. is confirmed. Welp… RFK Jr. is confirmed. Enjoy smallpox peeps… Enjoy smallpox peeps… But hey, apparently working out and drinking herbal tea cures measles so, at least I’m safe from that!!! But hey, apparently working out and drinking herbal tea cures measles so, at least I’m safe from that!!! Fuck me running 🤦🏻‍♀️ great job America! Fuck me running 🤦🏻‍♀️ great job America!",https://www.threads.com/@raetheangela/post/DGBSjhsg0St,"",0,0,0,0,NaN
93,cdmason76,2025-10-15T17:03:54.000Z,"You guys really need to read some package inserts. There’s a far higher risk and taking the shot then and having the illness. Measles is a respiratory illness where a rash. It’s not fatal. You guys really need to read some package inserts. There’s a far higher risk and taking the shot then and having the illness. Measles is a respiratory illness where a rash. It’s not fatal. vaccineriskaware vaccineriskaware",https://www.threads.com/@cdmason76/post/DP1mvlfjWRJ,"",0,0,0,0,NaN
94,thutommy,2025-11-09T18:18:04.000Z,"My hand is in severe pain — it feels like there are worms moving inside or eating the bone. On my way to ER, stay tuned! My hand is in severe pain — it feels like there are worms moving inside or eating the bone. On my way to ER, stay tuned!",https://www.threads.com/@thutommy/post/DQ2HGqNgVCi,"",0,0,0,0,NaN
95,rebeccacollier911,2025-11-09T23:25:48.000Z,"RA flare ? Looks like mine when I have a severe flare .. I feel for you RA flare ? Looks like mine when I have a severe flare .. I feel for you",https://www.threads.com/@rebeccacollier911/post/DQ2qUiEjkQg,"",0,0,0,0,NaN
96,realcharleneb,2025-10-21T17:56:39.000Z,"I received my first MMR vax in 1966.  I will never forget the 2 classmates who died from measles & one from whooping cough that same year. I received my first MMR vax in 1966.  I will never forget the 2 classmates who died from measles & one from whooping cough that same year. CDC now recommends those who were vaccinated prior to 1968 to be vaccinated again with the live booster. CDC now recommends those who were vaccinated prior to 1968 to be vaccinated again with the live booster. I loathe big pharma & hate how they profit off of sickness BUT I am not going to boycott medicine & science to risk my health. I loathe big pharma & hate how they profit off of sickness BUT I am not going to boycott medicine & science to risk my health. I got another MMR today. 💉 I got another MMR today. 💉",https://www.threads.com/@realcharleneb/post/DQFJjH2icTa,"Measles kills",0,0,0,0,NaN
97,megamew,2025-03-13T13:31:28.000Z,"My doctor confirmed that my blood test showed that I have basically zero immunity against measles anymore and told me to schedule an MMR vaccination asap. With confirmed cases in the DC area, I am not fucking around. If you are around my age (~50) talk to your doctor or maybe just head over to Costco for a vaccination. We should not have to worry about this in this day and age, but here we are. My doctor confirmed that my blood test showed that I have basically zero immunity against measles anymore and told me to schedule an MMR vaccination asap. With confirmed cases in the DC area, I am not fucking around. If you are around my age (~50) talk to your doctor or maybe just head over to Costco for a vaccination. We should not have to worry about this in this day and age, but here we are.",https://www.threads.com/@megamew/post/DHJCusqsYdU,"",0,0,0,0,NaN
98,sumaselli,2025-12-31T07:02:27.000Z,"Reply to unavailable post Reply to unavailable post Measles because you didn't vax? Measles because you didn't vax?",https://www.threads.com/@sumaselli/post/DS6zH3NlWih,"",0,0,12000,0,NaN
99,nindmargaret,2025-12-31T08:39:21.000Z,"The  vax causes measles abd deaths The  vax causes measles abd deaths",https://www.threads.com/@nindmargaret/post/DS6-NkzCufY,"",0,0,0,0,NaN
100,abigailwise,2025-05-16T04:43:30.000Z,"abigailwiseVerified I just read that measles have officially entered Albuquerque, where I visit often and just went down to tonight with my two-month-old, who is too young to get the MMR vaccine. A hearty middle finger to all the anti-vaxxers who got us to this point. I just read that measles have officially entered Albuquerque, where I visit often and just went down to tonight with my two-month-old, who is too young to get the MMR vaccine. A hearty middle finger to all the anti-vaxxers who got us to this point.",https://www.threads.com/@abigailwise/post/DJs5Lu5R9JG,"",0,0,1300,0,NaN
101,rubabanice,2025-10-08T15:29:27.000Z,"#rubabanice #rubabanice",https://www.threads.com/@rubabanice/post/DPjaXpPjc43,"",0,0,0,0,NaN
102,howardoark,2025-02-15T05:12:39.000Z,"R0 for measles is between 12 and 18. You're contagious for 4 days before the rash appears. Between15 and 20% of Texas teenagers haven't received the MMR vaccine. Do the math. They're royally screwed (most of the red states as well). 1/2 R0 for measles is between 12 and 18. You're contagious for 4 days before the rash appears. Between15 and 20% of Texas teenagers haven't received the MMR vaccine. Do the math. They're royally screwed (most of the red states as well).",https://www.threads.com/@howardoark/post/DGFM-cQuVP_,"",28,0,1300,0,NaN
103,kittikelo,2025-03-14T22:47:47.000Z,"""I had measles when I was a kid, and I turned out fine."" ""I had measles when I was a kid, and I turned out fine."" No shit. It's not like the people who didn't turn out fine are gonna say something, now are they 🙄 No shit. It's not like the people who didn't turn out fine are gonna say something, now are they 🙄 Vaccinate your kids, people. 1/2 Vaccinate your kids, people.",https://www.threads.com/@kittikelo/post/DHMnMH7Nx0u,"",0,0,1000,0,NaN
104,thewhizdoc,2025-02-27T14:16:47.000Z,"thewhizdocVerified Family doctor here: Family doctor here: Measles infection is not normal. A measles outbreak is not normal. The death of a child from measles is NOT normal. Measles infection is not normal. A measles outbreak is not normal. The death of a child from measles is NOT normal. Don’t let anyone try to convince you otherwise. Don’t let anyone try to convince you otherwise.",https://www.threads.com/@thewhizdoc/post/DGlEyRmRyLW,"",849,2700,30800,311,NaN
105,kateravenbooks,2025-05-23T19:17:14.000Z,"Microdosing measles, mumps, & rubella to activate your natural immune system is the crunchiest and safest natural method! And it’s available for free at your doctor’s office or pharmacy 🌿🍃☀️ Microdosing measles, mumps, & rubella to activate your natural immune system is the crunchiest and safest natural method! And it’s available for free at your doctor’s office or pharmacy 🌿🍃☀️",https://www.threads.com/@kateravenbooks/post/DKAevU8SEgI,"",123,0,5800,0,NaN
106,_welldamntv,2025-05-13T20:40:29.000Z,"Rumble young man rumble #fyp #viral #reels #trending #foryou #music #wow Rumble young man rumble #fyp #viral #reels #trending #foryou #music #wow",https://www.threads.com/@_welldamntv/post/DJm4UDjuOEJ,"",225,0,2700,0,NaN
107,iamthirtyaf,2025-04-03T21:51:27.000Z,"iamthirtyafVerified I got the three rounds of MMR vaccines when I was a kid. After hearing from a friend that the lifelong immunity doesn’t actually hold for everybody, I asked my doctor if I could get checked to see if I am still immune to measles. I just got my results back and have full mumps immunity, low to no immunity to measles, and no immunity to rubella. Booster appointment is scheduled for next week! Pretty easy to schedule a blood test and get checked, just a heads up 💕 I got the three rounds of MMR vaccines when I was a kid. After hearing from a friend that the lifelong immunity doesn’t actually hold for everybody, I asked my doctor if I could get checked to see if I am still immune to measles. I just got my results back and have full mumps immunity, low to no immunity to measles, and no immunity to rubella. Booster appointment is scheduled for next week! Pretty easy to schedule a blood test and get checked, just a heads up 💕",https://www.threads.com/@iamthirtyaf/post/DIAApEcAcmY,"",228,0,5500,0,NaN
108,neodocjdg,2025-12-12T00:48:32.000Z,"With measles starting to come back due to lack of herd immunity I’m starting to worry about congenital rubella; it’s basically silent until a pregnant person gets it. With measles starting to come back due to lack of herd immunity I’m starting to worry about congenital rubella; it’s basically silent until a pregnant person gets it. Congenital rubella causes a series of birth defects which cause life long disability if the child survives including deafness, heart defects, cataracts, and intellectual disabilities. Congenital rubella causes a series of birth defects which cause life long disability if the child survives including deafness, heart defects, cataracts, and intellectual disabilities.",https://www.threads.com/@neodocjdg/post/DSJNOgnDGjI,"Measles",0,0,0,0,NaN
109,sugar.and.spite_,2025-08-29T13:04:10.000Z,"Asking for a friend....what kind of bite does this look like ? The AI gave scary answers lol Asking for a friend....what kind of bite does this look like ? The AI gave scary answers lol",https://www.threads.com/@sugar.and.spite_/post/DN8J8kmDv7a,"",1300,0,682,0,NaN
110,autw,2025-08-29T13:40:25.000Z,"Tick bite. That's a bulls-eye rash. You need doxycyclene antibiotics and a Lyme disease titer done. Tick bite. That's a bulls-eye rash. You need doxycyclene antibiotics and a Lyme disease titer done.",https://www.threads.com/@autw/post/DN8OGFRDSMz,"",0,0,3200,0,NaN
111,holistichealthandmore,2025-10-14T10:36:10.000Z,"Did you know the rubella vaccine was tested on orphaned and institutionalized children in the 1960s? Did you know the rubella vaccine was tested on orphaned and institutionalized children in the 1960s? Dr. Stanley Plotkin admitted it under oath. Dr. Stanley Plotkin admitted it under oath.",https://www.threads.com/@holistichealthandmore/post/DPyVk1uDape,"vaccines",0,0,0,0,NaN
112,haripriyasaji44,2025-06-05T23:38:28.000Z,"Dr. Ben Marble: ""We've got a young 21-year-old with new onset turbo cancer all over his body."" Dr. Ben Marble: ""We've got a young 21-year-old with new onset turbo cancer all over his body."" ""Of course, he took the fake vaccine poison."" ""Of course, he took the fake vaccine poison."" ""And he's not going to survive. This is non-survivable."" ""And he's not going to survive. This is non-survivable."" ""It's horrific."" ""It's horrific.""",https://www.threads.com/@haripriyasaji44/post/DKia90Gy1Ip,"",0,0,0,0,NaN
113,dr.nichellehaynes,2025-03-03T21:19:46.000Z,"dr.nichellehaynesVerified “Hi I’m Nichelle!” “Hi Michelle.” “It’s Nichelle. With an N. Like ‘NNNNNobody should be dying of measles in 2025!’” “Hi I’m Nichelle!” “Hi Michelle.” “It’s Nichelle. With an N. Like ‘NNNNNobody should be dying of measles in 2025!’”",https://www.threads.com/@dr.nichellehaynes/post/DGwIX2bRy_c,"",0,0,5500,0,NaN
114,meghupdates,2025-08-13T17:36:18.000Z,"meghupdatesVerified “Rabies is a delicate virus”🙂 “Rabies is a delicate virus”🙂 Few words for her👇🏻👇🏻 . . #doglover #doglovers #animalactivist #delhi #rabies #rabiesvirus #infection #straydogs #protest #viral Few words for her👇🏻👇🏻 . . #doglover #doglovers #animalactivist #delhi #rabies #rabiesvirus #infection #straydogs #protest #viral Delhi, India",https://www.threads.com/@meghupdates/post/DNTcXbCBsPf,"",1500,0,3000,0,NaN
115,saadmaja,2025-08-13T23:54:04.000Z,"As a doctor i can say that rabies stays latent in nerve cells and 100% fatal disease. The reason cases are less is due to vaccination. Don’t believe any idiot with mic As a doctor i can say that rabies stays latent in nerve cells and 100% fatal disease. The reason cases are less is due to vaccination. Don’t believe any idiot with mic",https://www.threads.com/@saadmaja/post/DNUHmoySWun,"",0,0,1400,0,NaN
116,dr.tpl,2025-02-26T22:42:54.000Z,"I'm a medical doctor 💊 I'm a medical doctor 💊 Today a child died of measles in Texas. It shouldn't be this way at all. Children in 2025 should not get measles!!! Today a child died of measles in Texas. It shouldn't be this way at all. Children in 2025 should not get measles!!!",https://www.threads.com/@dr.tpl/post/DGjZ6Wvx4_A,"medical threads",0,0,1500,0,NaN
117,barbieann5280,2025-09-08T14:30:15.000Z,"By pure luck, I've never had Polio, Tetanus, Diphtheria, Rabies, Rubella, Measles, or Mumps. 🙏 Just kidding, it's because l'm vaccinated, and they work. By pure luck, I've never had Polio, Tetanus, Diphtheria, Rabies, Rubella, Measles, or Mumps. 🙏 Just kidding, it's because l'm vaccinated, and they work.",https://www.threads.com/@barbieann5280/post/DOWDv2jjpFo,"",0,0,1100,0,NaN
118,_alessandrorinaldi__,2025-03-10T22:13:50.000Z,"🤣🤣🤣WC rubentus🤣🤣🤣 🤣🤣🤣WC rubentus🤣🤣🤣",https://www.threads.com/@_alessandrorinaldi__/post/DHCQH_ZMywX,"",0,0,0,0,NaN
119,seneh.xyz,2025-03-01T14:36:23.000Z,"seneh.xyzVerified 𝖀𝖒𝖇𝖗𝖆 𝕻𝖚𝖗𝖈𝖊𝖑𝖑 𝖀𝖒𝖇𝖗𝖆 𝕻𝖚𝖗𝖈𝖊𝖑𝖑",https://www.threads.com/@seneh.xyz/post/DGqQlW0t7MD,"",0,0,0,0,NaN
120,blythern01,2025-10-08T23:57:20.000Z,"Public health nurse here with a little FYI.  Single entity vaccines for Measles, Mumps, and Rubella DON’T EVEN EXIST!!  For the love of all, I can’t anymore. Public health nurse here with a little FYI.  Single entity vaccines for Measles, Mumps, and Rubella DON’T EVEN EXIST!!  For the love of all, I can’t anymore.",https://www.threads.com/@blythern01/post/DPkUfgWDPi1,"",0,0,0,0,NaN
121,dom_lucre,2025-08-12T23:12:03.000Z,"dom_lucreVerified 🔥🚨BREAKING: Colorado officials just sent a warning of: “DO NOT TOUCH” to their residents after rabbits were spotted invading parts of the US with weird tentacles sprouting from their heads due to virus. 🔥🚨BREAKING: Colorado officials just sent a warning of: “DO NOT TOUCH” to their residents after rabbits were spotted invading parts of the US with weird tentacles sprouting from their heads due to virus.",https://www.threads.com/@dom_lucre/post/DNRd_yqNkrE,"",0,0,0,0,NaN
122,deborahbrowne12,2025-08-13T02:53:08.000Z,"If rabbits have tentacles it's not from a virus it's from Scientists doing freak experiments and releasing the animals If rabbits have tentacles it's not from a virus it's from Scientists doing freak experiments and releasing the animals",https://www.threads.com/@deborahbrowne12/post/DNR3TSys5XZ,"",0,0,0,0,NaN
123,acedurrani,2025-04-10T01:50:30.000Z,"acedurraniVerified 👋 Doctor here 👋 Doctor here RFK Jr. today on child that passed away from measles: “I saw the medical report on it today and the thing that killed her was not the measles, but it was a bacteriological infection.” RFK Jr. today on child that passed away from measles: “I saw the medical report on it today and the thing that killed her was not the measles, but it was a bacteriological infection.” Yeah.... Measles  can infect T cells, leading to systemic immune suppression and secondary infections like pneumonia. A first year med student could tell you that. Yeah.... Measles  can infect T cells, leading to systemic immune suppression and secondary infections like pneumonia. A first year med student could tell you that.",https://www.threads.com/@acedurrani/post/DIP4xHXJ3z1,"medicine",1000,2500,35300,476,NaN
124,crazz22,2025-04-10T02:50:25.000Z,"RFK could literally say “the thing that killed her was not the measles, it was jellybellyticklefoot” and the entire anti-vaxx community would believe him and share his diagnosis as truth. They’re delusional RFK could literally say “the thing that killed her was not the measles, it was jellybellyticklefoot” and the entire anti-vaxx community would believe him and share his diagnosis as truth. They’re delusional",https://www.threads.com/@crazz22/post/DIP_n85M6qt,"",0,0,0,0,NaN
125,senmarkeymemes,2025-09-19T14:14:19.000Z,"senmarkeymemesVerified Measles. Mumps. Rubella. This vaccine is safe, it’s effective, and it protects us all. RFK Jr. is leading our country into a dangerous, uncertain future. He must resign. 1/2 Measles. Mumps. Rubella. This vaccine is safe, it’s effective, and it protects us all. RFK Jr. is leading our country into a dangerous, uncertain future. He must resign.",https://www.threads.com/@senmarkeymemes/post/DOyWqwPDSxx,"",0,0,62,0,NaN
126,davekeegan0,2025-12-28T10:27:59.000Z,"I had the measles because I'm older than the vaccine. There's no reason for anyone to have it now except for stupidity. The vaccine for stupidity is education. I had the measles because I'm older than the vaccine. There's no reason for anyone to have it now except for stupidity. The vaccine for stupidity is education.",https://www.threads.com/@davekeegan0/post/DSzcQlvku34,"",0,0,2200,0,NaN
127,theonion,2025-03-14T18:55:21.000Z,"theonionVerified RFK Jr. Claims Measles Can Be Cured With A Good Concealer theonion.com/rfk-j… RFK Jr. Claims Measles Can Be Cured With A Good Concealer theonion.com/rfk-j…",https://www.threads.com/@theonion/post/DHMMlGiC9ev,"",68,0,1900,0,NaN
128,dawnsellerspdx,2025-02-26T22:19:12.000Z,"My PSA for today: You should get an MMR titer at your next Dr. visit. The measles vaccine does wear off. Know that measles is very contagious. My PSA for today: You should get an MMR titer at your next Dr. visit. The measles vaccine does wear off. Know that measles is very contagious.",https://www.threads.com/@dawnsellerspdx/post/DGjXMxrSb3l,"",0,0,0,0,NaN
129,cine_silva,2025-12-07T12:45:53.000Z,"Followcine_silva12/07/25More#rubi ❤️Like25Reply2RepostShare",https://www.threads.com/@cine_silva/post/DR9nWIGDc_h,"",0,0,0,0,NaN
130,footdocdana,2025-09-03T16:05:15.000Z,"footdocdanaVerified Have you ever heard of this? 🎥 doctor.flebo on IG mosquito #doctorexplains #lymphatic #disease Have you ever heard of this? 🎥 doctor.flebo on IG mosquito #doctorexplains #lymphatic #disease",https://www.threads.com/@footdocdana/post/DOJWlH-DWYw,"Mosquito",0,0,0,0,NaN
131,dr.tpl,2025-10-26T01:54:52.000Z,"I'm a medical doctor who works in the hospital 👋 I'm a medical doctor who works in the hospital 👋 List of cases I've seen this week... List of cases I've seen this week... COPD exacerbation  Acute respiratory failure with hypoxia  Acute respiratory failure with hypercarbia Multifocal pneumonia .... COPD exacerbation  Acute respiratory failure with hypoxia  Acute respiratory failure with hypercarbia Multifocal pneumonia .... Do you see where this is headed? 😫 Do you see where this is headed? 😫",https://www.threads.com/@dr.tpl/post/DQQTdQyEVrz,"",57,0,4000,0,NaN
132,weberlaurel,2025-10-26T05:46:00.000Z,"I'm 68 years old and have had every vaccine since they became available. Sugar cube with medicine on it for polio & the TB shot.  I've had measles(twice), rubella, chicken pox & was so happy when the MMA shot was developed so my child didn't have to go through what I did. I have always gotten the flu & COVID vaccine as I  have a compromised immune system & can't trust people to get their vaccines.  Guess what? They work. My daughter, grandsons & I are all healthy & alive.I trust science! I'm 68 years old and have had every vaccine since they became available. Sugar cube with medicine on it for polio & the TB shot.  I've had measles(twice), rubella, chicken pox & was so happy when the MMA shot was developed so my child didn't have to go through what I did. I have always gotten the flu & COVID vaccine as I  have a compromised immune system & can't trust people to get their vaccines.  Guess what? They work. My daughter, grandsons & I are all healthy & alive.I trust science!",https://www.threads.com/@weberlaurel/post/DQQt6GCDif-,"",0,0,0,0,NaN
133,dr.mo.ibrahim,2025-04-08T14:25:55.000Z,"dr.mo.ibrahimVerified This patient presented with an acute eruption on the hand. The patient was in good general health and not in therapy with systemic drugs. The first vesicles and blisters appeared during a trip in SriLanka. What is your diagnosis? This patient presented with an acute eruption on the hand. The patient was in good general health and not in therapy with systemic drugs. The first vesicles and blisters appeared during a trip in SriLanka. What is your diagnosis?",https://www.threads.com/@dr.mo.ibrahim/post/DIMFoKsuQ67,"",0,0,0,0,NaN
134,laurenschimko,2025-10-06T00:27:37.000Z,"Oh great…it’s just a matter of time for the rest of the country…VACCINATE!!!!! Oh great…it’s just a matter of time for the rest of the country…VACCINATE!!!!!",https://www.threads.com/@laurenschimko/post/DPcpkobkTso,"",70,0,1200,0,NaN
135,pamommy420,2025-10-06T10:28:34.000Z,"It’s measles. It’s a rash. No vaccine needed. Having the measles has been shown to even help prevent certain cancers later in life. I’m not even scared of the measles and I’m immunocompromised and an adult. The fear mongering is like WHOA. The MMR is a nightmare. Do not run out and give it to your kids bc a rash broke out in one state. There’s measles outbreaks every single year, without fail. People fail to realize that most of the adult population is walking around unvaccinated right now. It’s measles. It’s a rash. No vaccine needed. Having the measles has been shown to even help prevent certain cancers later in life. I’m not even scared of the measles and I’m immunocompromised and an adult. The fear mongering is like WHOA. The MMR is a nightmare. Do not run out and give it to your kids bc a rash broke out in one state. There’s measles outbreaks every single year, without fail. People fail to realize that most of the adult population is walking around unvaccinated right now.",https://www.threads.com/@pamommy420/post/DPduWOTjYNn,"",0,0,0,0,NaN
136,drtheresamacphail,2025-07-03T19:58:29.000Z,"drtheresamacphailVerified Welp, I checked my immunity levels during my last physical and the antibody tests just came back non-reactive. Welp, I checked my immunity levels during my last physical and the antibody tests just came back non-reactive. So, I immediately made an appointment to get my MMR shot. So, I immediately made an appointment to get my MMR shot. I *refuse* to be a vector in this bullshit timeline. I *refuse* to be a vector in this bullshit timeline.",https://www.threads.com/@drtheresamacphail/post/DLqIDQGOQgN,"",0,0,1100,0,NaN
137,rubabanice,2025-12-18T20:07:26.000Z,"#rubabanice #rubabanice",https://www.threads.com/@rubabanice/post/DSaunxCjFMe,"",0,0,0,0,NaN
138,elinggp_,2025-04-27T10:44:14.000Z,"Bunda-bunda kalo vaksin DPT mending hexaxim atau infanrix hexa ya yg minim bgt demam, tolong sarannya dong  Translate 1/2 Bunda-bunda kalo vaksin DPT mending hexaxim atau infanrix hexa ya yg minim bgt demam, tolong sarannya dong",https://www.threads.com/@elinggp_/post/DI8nXMVzZIz,"",0,0,0,0,NaN
139,alma_122889,2025-10-26T10:02:47.000Z,"Bener ga sh vaksin rotavirus mencegah diare? Kalo iya, kenapa anakku masih diare ya? Udah 2x vaksin rotavirus.. Terimakasih yg sudah menjawab...  Translate 1/2 Bener ga sh vaksin rotavirus mencegah diare? Kalo iya, kenapa anakku masih diare ya? Udah 2x vaksin rotavirus.. Terimakasih yg sudah menjawab...",https://www.threads.com/@alma_122889/post/DQRLSzBD65Y,"imunisasi",0,0,0,0,NaN
140,dr.nisa.khalil,2025-10-30T01:04:57.000Z,"""Doc, kalau vaksin betul-betul selamat... kenapa hospital tak bagi guarantee?"" 💉 ""Doc, kalau vaksin betul-betul selamat... kenapa hospital tak bagi guarantee?"" 💉 Okay, I got this question on Threads yesterday and honestly? It's a valid question. Let me break it down for you. 1/7 Okay, I got this question on Threads yesterday and honestly? It's a valid question. Let me break it down for you.",https://www.threads.com/@dr.nisa.khalil/post/DQag7GJD9GU,"",120,0,1100,0,NaN
141,jannahghani,2025-05-28T10:24:40.000Z,"Dah baik demam 3 hari tiba tiba harini naik bintik pulak. Macam campak. Mama mama ada tips tak untuk surutkan bintik campak ni☹️  Translate Dah baik demam 3 hari tiba tiba harini naik bintik pulak. Macam campak. Mama mama ada tips tak untuk surutkan bintik campak ni☹️",https://www.threads.com/@jannahghani/post/DKMZxBbykT9,"",0,0,0,0,NaN
142,sunsetfrenzy,2025-08-27T01:21:58.000Z,"Bicara tentang vaksin dan anti vaksin yg akhir-akhir ini lagi viral. Langit itu vaksinnya lengkap, pas dia umur 6 bulan dia kena cacar. Saya bersyukur ga butuh waktu lama untuk dia recovery, dan selama sakit dia masih bisa haha-hihi. Bayangin kalo anak ga divaksin lengkap terus kena cacar, komplikasinya bisa lebih serius. Yg vaksin aja tetep anak itu ngerasain sakit, gimana yg ga vaksin? ☺️ Ga menerima comment orang ngeyel yg anti vaksin, tak sebul mbun-mbunanmu lek sik ngeyel ae.  Translate Bicara tentang vaksin dan anti vaksin yg akhir-akhir ini lagi viral. Langit itu vaksinnya lengkap, pas dia umur 6 bulan dia kena cacar. Saya bersyukur ga butuh waktu lama untuk dia recovery, dan selama sakit dia masih bisa haha-hihi. Bayangin kalo anak ga divaksin lengkap terus kena cacar, komplikasinya bisa lebih serius. Yg vaksin aja tetep anak itu ngerasain sakit, gimana yg ga vaksin? ☺️ Ga menerima comment orang ngeyel yg anti vaksin, tak sebul mbun-mbunanmu lek sik ngeyel ae.",https://www.threads.com/@sunsetfrenzy/post/DN1v_1SZlPB,"Vaksin",0,0,1100,0,NaN
143,ummukalsumandilajeng,2025-12-25T00:11:00.000Z,"Ibu Sehat sehat ya bu, saya bukan provaksin bukan juga kontra, cuma sedang mencari tahun isi dari vaksin itu bermanfaat baik atau tidk untuk bayi saya. dan setelah melihat ini saya jadi yakin untuk tidak melanjutkan vax.  Translate Ibu Sehat sehat ya bu, saya bukan provaksin bukan juga kontra, cuma sedang mencari tahun isi dari vaksin itu bermanfaat baik atau tidk untuk bayi saya. dan setelah melihat ini saya jadi yakin untuk tidak melanjutkan vax. navious88 navious88",https://www.threads.com/@ummukalsumandilajeng/post/DSqnQ_tEvD9,"",0,0,0,0,NaN
144,oka4you,2025-07-10T14:00:09.000Z,"Free adop dengan syarat : Tidak dijual Dirawat dengan benar dan sayang Divaksin kan  Kebersihan dijaga Kirim perkembangan lewat video minim 2minggu sekali Jika sakit/kenapa2 bisa konsultasi, kalau bisa bantu tetep dibantu Free adop dengan syarat : Tidak dijual Dirawat dengan benar dan sayang Divaksin kan  Kebersihan dijaga Kirim perkembangan lewat video minim 2minggu sekali Jika sakit/kenapa2 bisa konsultasi, kalau bisa bantu tetep dibantu @sorotan #pemula #semuaorangツ  Translate @sorotan #pemula #semuaorangツ",https://www.threads.com/@oka4you/post/DL7gm7fBGaL,"pemula",0,0,0,0,NaN
145,dokteranakbunda,2025-11-27T14:16:41.000Z,"Tips buat menekan biaya vaksin anak: 1. Vaksin yg ada di program nasional, disediakan di puskesmas, diikuti, semuanya gratis 2. Vaksin tambahan yg di klinik/DSA, bisa riset kecil2an utk membandingkan biayanya Tips buat menekan biaya vaksin anak: 1. Vaksin yg ada di program nasional, disediakan di puskesmas, diikuti, semuanya gratis 2. Vaksin tambahan yg di klinik/DSA, bisa riset kecil2an utk membandingkan biayanya (Saat ini, saya lagi susun e-book tentang A-Z imunisasi anak. Cuplikannya berikut, ya)  Translate 1/2 (Saat ini, saya lagi susun e-book tentang A-Z imunisasi anak. Cuplikannya berikut, ya)",https://www.threads.com/@dokteranakbunda/post/DRkByhFEjL5,"",0,0,0,0,NaN
146,baiqlolahidayati,2025-11-09T06:47:07.000Z,"Ya Allah kengeriii k gitakn🥹  Translate Ya Allah kengeriii k gitakn🥹",https://www.threads.com/@baiqlolahidayati/post/DQ04B6uDWnS,"",0,0,0,0,NaN
147,kaliobakuah,2025-11-10T03:15:03.000Z,"MANGKANYA IMUNISASI DASAR LENGKAP!!!  KALIAN SELAMA INI AMAN KARNA DILINDUNGI SAMA LINGKUNGAN KALIAN YANG IMUNISASI TAPI KALIAN JADI TERLALU SOMBONG DAN SOK MEMPENGARUHI  YANG LAIN UNTUK MENGIKUTI LANGKAH GILA KALIAN JADILAH HERD IMMUNITY ITU JEBOL DAN PENYAKIT MENULAR MEMATIKAN ITU BANGKIT LAGI. KALIAN ANTI IMUNISASI ITU DZALIM KE ANAK SENDIRI JUGA KE MASYARAKAT SEKITAR  Translate MANGKANYA IMUNISASI DASAR LENGKAP!!!  KALIAN SELAMA INI AMAN KARNA DILINDUNGI SAMA LINGKUNGAN KALIAN YANG IMUNISASI TAPI KALIAN JADI TERLALU SOMBONG DAN SOK MEMPENGARUHI  YANG LAIN UNTUK MENGIKUTI LANGKAH GILA KALIAN JADILAH HERD IMMUNITY ITU JEBOL DAN PENYAKIT MENULAR MEMATIKAN ITU BANGKIT LAGI. KALIAN ANTI IMUNISASI ITU DZALIM KE ANAK SENDIRI JUGA KE MASYARAKAT SEKITAR",https://www.threads.com/@kaliobakuah/post/DQ3EjnliaI8,"",0,0,0,0,NaN
148,anismahrun,2025-07-30T08:31:21.000Z,"Aku dulu mikirnya kalau vaksin cukup yang dicover pemerintah aja kali ya ( sesuai yang di buku KIA) tp semenjak usia anakku 1 tahun dan aku baru kasih vaksin influenza aku nyesel kenapa ga dari dulu aku kasih vaksin tambahan yg ga dicover pemerintah. Semoga ayah ibu dilimpahkan rezeki biar bisa kasih vaksin2 tambahan yg ga dicover pemerintah. Aamiin 🤲  Translate Aku dulu mikirnya kalau vaksin cukup yang dicover pemerintah aja kali ya ( sesuai yang di buku KIA) tp semenjak usia anakku 1 tahun dan aku baru kasih vaksin influenza aku nyesel kenapa ga dari dulu aku kasih vaksin tambahan yg ga dicover pemerintah. Semoga ayah ibu dilimpahkan rezeki biar bisa kasih vaksin2 tambahan yg ga dicover pemerintah. Aamiin 🤲",https://www.threads.com/@anismahrun/post/DMua4JRxUEK,"VaksinAnak",0,0,0,0,NaN
149,tiara401,2025-11-19T09:45:19.000Z,"tiara401Verified Ini pasien temenku, dengan pneumonia campak :( sedih banget liatnya. Ini pasien temenku, dengan pneumonia campak :( sedih banget liatnya. Semoga ga makin rame yaa para antivaks ini. Kalo udah mau nyerah menghadapi mereka, aku suka mengutip kata2 ini. Semoga ga makin rame yaa para antivaks ini. Kalo udah mau nyerah menghadapi mereka, aku suka mengutip kata2 ini. ""Only Vaccinate The Kids You Want To Keep""  Translate ""Only Vaccinate The Kids You Want To Keep""",https://www.threads.com/@tiara401/post/DRO8X8liRTz,"VaccinesSaveLives",0,0,0,0,NaN
150,iogh_bp,2025-11-25T02:56:41.000Z,"4 Minggu ini kasus campak membeludak* Farahhhh ( parah versi Sunda ) Kalo Udha vaksin sih campaknya ringan Yang belum vaksin nih sampe pneumonia. Diare hebat muntah2 hebat 4 Minggu ini kasus campak membeludak* Farahhhh ( parah versi Sunda ) Kalo Udha vaksin sih campaknya ringan Yang belum vaksin nih sampe pneumonia. Diare hebat muntah2 hebat Ampun ya Allah  Please jangan lupa vaksin anakmu di usia 9 bulan ya....  Translate 1/2 Ampun ya Allah  Please jangan lupa vaksin anakmu di usia 9 bulan ya....",https://www.threads.com/@iogh_bp/post/DRdqYTvAet8,"campak",0,0,0,0,NaN
151,caeclia,2025-11-08T06:36:26.000Z,"Hari ini bawa anak buat vaksin influenza dosis yg kedua sblm pengulangan tahunan. Rasanya seneng banget & bangga wkwkwk 😝 suami jg keliatan makin antusias & aware buat vaksin jenis lainnya 😆 next direkomendasiin dokternya vaksin cacar air, mangats kerjanya 🤣🙌🏻  Translate Hari ini bawa anak buat vaksin influenza dosis yg kedua sblm pengulangan tahunan. Rasanya seneng banget & bangga wkwkwk 😝 suami jg keliatan makin antusias & aware buat vaksin jenis lainnya 😆 next direkomendasiin dokternya vaksin cacar air, mangats kerjanya 🤣🙌🏻",https://www.threads.com/@caeclia/post/DQySA14D49L,"VaksinAnak",0,0,0,0,NaN
152,c.aryatyas,2025-09-06T17:40:42.000Z,"BIDAN SENGAJA SALAH NGASIH VAKSIN! BIDAN SENGAJA SALAH NGASIH VAKSIN! Hari ini dibuat emosi banget sama salah satu klinik kesehatan di Bandar Lampung. Sengaja dari jauh-jauh hari sudah cari info sana-sini kira-kira bulan ini anakku mau imunisasi DPT 2, PCV dan rotavirus di mana. Karena emang sengaja mau cari lokasi lain dari tempat imunisasi pertama. Hari ini dibuat emosi banget sama salah satu klinik kesehatan di Bandar Lampung. Sengaja dari jauh-jauh hari sudah cari info sana-sini kira-kira bulan ini anakku mau imunisasi DPT 2, PCV dan rotavirus di mana. Karena emang sengaja mau cari lokasi lain dari tempat imunisasi pertama. FYI sebelumnya DPT 1, PCV, dan rotavirusnya pakai Hexaxim, Prevenar 13 dan Rotarix. Sepengetahuan awamku, merek vaksin sebisa mungkin kan harus sama dari awal sampai akhir.  Translate 1/19 FYI sebelumnya DPT 1, PCV, dan rotavirusnya pakai Hexaxim, Prevenar 13 dan Rotarix. Sepengetahuan awamku, merek vaksin sebisa mungkin kan harus sama dari awal sampai akhir.",https://www.threads.com/@c.aryatyas/post/DORP88wk7wn,"imunisasi",0,0,0,0,NaN
153,mrsresna,2025-11-24T23:57:10.000Z,"Yuk para dokter anak  Sedang merawat berapa pasien campak hari ini? Yuk para dokter anak  Sedang merawat berapa pasien campak hari ini? Saya : 4 semua komplikasi pneumonia dan tentunya intake sulit  semua pasien ini juga ga vaksin  Translate 1/2 Saya : 4 semua komplikasi pneumonia dan tentunya intake sulit  semua pasien ini juga ga vaksin",https://www.threads.com/@mrsresna/post/DRdV1eXkgF5,"",0,0,0,0,NaN
154,rosentine.a,2025-11-25T12:07:48.000Z,"Lg bnyk kasus campak ya sptinya, dan dokter2 anak pada bilang parah bngt efeknya utk anak2 yg tidak divaksin. Muntaber parah dan pneumonia sampai hrs masuk NICU. Bahkan bayi yg blm bs vaksin campak jg hrs kena krna blm cukup umurnya utk vaksin. Kl kyk gini gmn pertanggung jawaban dari orang tua yg tdk memvaksin anak2nya? Anak kalian jd penyebar endemi campak skrng. Hrsnya kalian yg anti vaksin gblh pakai BPJS jg kl kyk gini, jd beban yg seharusnya bs dihindari dgn vaksin. Herd immunity hancur.  Translate Lg bnyk kasus campak ya sptinya, dan dokter2 anak pada bilang parah bngt efeknya utk anak2 yg tidak divaksin. Muntaber parah dan pneumonia sampai hrs masuk NICU. Bahkan bayi yg blm bs vaksin campak jg hrs kena krna blm cukup umurnya utk vaksin. Kl kyk gini gmn pertanggung jawaban dari orang tua yg tdk memvaksin anak2nya? Anak kalian jd penyebar endemi campak skrng. Hrsnya kalian yg anti vaksin gblh pakai BPJS jg kl kyk gini, jd beban yg seharusnya bs dihindari dgn vaksin. Herd immunity hancur.",https://www.threads.com/@rosentine.a/post/DRepcvICTQo,"",0,0,0,0,NaN
155,aashland___,2025-09-20T07:44:32.000Z,"Vaksin ga hanya untuk daya tahan tubuh bayi, tapi juga untuk membentuk herd immunity.  Translate Vaksin ga hanya untuk daya tahan tubuh bayi, tapi juga untuk membentuk herd immunity.",https://www.threads.com/@aashland___/post/DO0O2ofkRKd,"",152,0,1400,0,NaN
156,nandabillatalib,2025-08-02T06:56:04.000Z,"Threads.... Kalian tim yg vaksin anaknya atw gak vaksin??? Me : 3 anakku smua dpat imunisasi dasar n lanjutan lengkap...  Translate Threads.... Kalian tim yg vaksin anaknya atw gak vaksin??? Me : 3 anakku smua dpat imunisasi dasar n lanjutan lengkap...",https://www.threads.com/@nandabillatalib/post/DM1-W4iSHZu,"",0,0,0,0,NaN
157,sesarika,2025-06-20T04:50:18.000Z,"sesarikaVerified Entah kenapa liat jajaran sticker vaksin di buku KIA anak ini berasa lega & bangga. Karena alhamdulillah aku sebagai ibu bisa ikhtiar memenuhi hak anak untuk dapat proteksi imun dari berbagai penyakit berbahaya. Entah kenapa liat jajaran sticker vaksin di buku KIA anak ini berasa lega & bangga. Karena alhamdulillah aku sebagai ibu bisa ikhtiar memenuhi hak anak untuk dapat proteksi imun dari berbagai penyakit berbahaya. Walaupun masih ada beberapa vaksin booster yang belum tapi seenggaknya lega yang dasar udah terpenuhi. Ini gak semua di DSA ada yang di puskesmas juga biar gratis. 😆  Translate Walaupun masih ada beberapa vaksin booster yang belum tapi seenggaknya lega yang dasar udah terpenuhi. Ini gak semua di DSA ada yang di puskesmas juga biar gratis. 😆",https://www.threads.com/@sesarika/post/DLHByJ-TWGl,"vaksinasi",0,0,0,0,NaN
158,mega__gram,2025-08-26T12:33:47.000Z,"Saya merawat dua anak bersaudara. Anak kedua terkena campak, sementara adiknya (anak ketiga) datang dengan keluhan sesak napas. Keduanya memang tidak mendapatkan imunisasi. Saya menjelaskan kepada ibunya bahwa campak sangat mudah menular pada anak yang tidak diimunisasi  Translate 1/3 Saya merawat dua anak bersaudara. Anak kedua terkena campak, sementara adiknya (anak ketiga) datang dengan keluhan sesak napas. Keduanya memang tidak mendapatkan imunisasi. Saya menjelaskan kepada ibunya bahwa campak sangat mudah menular pada anak yang tidak diimunisasi",https://www.threads.com/@mega__gram/post/DN0YFdy5nCb,"",0,0,0,0,NaN
159,mamahamiid,2025-11-27T04:31:41.000Z,"Hari ini imunisasi PCV + Rotavirus tetes.  2 Minggu yg lalu kita imunisasi DPT 1.  Aku gak tega mlht anak nangis d suntik 2 kali barengan, apalagi umur nya masih 2 bln. mknya milih di pisah aja DPT 1, sm PCV nya. Kmrn imunisasi DPT 1 ambil hexaxim di klinik, skrng PCV nya yg gratis aja d puskesmas.  Mau yg berbayar atau yg gratis semua imunisasi itu sama saja, asal jgn teriak2 antivaksin.. kalau mau antivaksin, antivaksin aja sendiri jgn ngajak2 apalagi teriak2 d sosmed🤭  Translate Hari ini imunisasi PCV + Rotavirus tetes.  2 Minggu yg lalu kita imunisasi DPT 1.  Aku gak tega mlht anak nangis d suntik 2 kali barengan, apalagi umur nya masih 2 bln. mknya milih di pisah aja DPT 1, sm PCV nya. Kmrn imunisasi DPT 1 ambil hexaxim di klinik, skrng PCV nya yg gratis aja d puskesmas.  Mau yg berbayar atau yg gratis semua imunisasi itu sama saja, asal jgn teriak2 antivaksin.. kalau mau antivaksin, antivaksin aja sendiri jgn ngajak2 apalagi teriak2 d sosmed🤭",https://www.threads.com/@mamahamiid/post/DRi-11HD_j2,"imunisasi",0,0,0,0,NaN
160,sashi.cat,2025-11-23T10:48:54.000Z,"sashi.catVerified Sehat sehat ya semua, btw skrg lagi musim pancaroba, anak anak jangan lupa vaksin kalau belum vaksin, kalau udah jangan lupa kasih vitamin atau suplemen, dan yg paling penting jaga kebersihan dan kelembapan ruangan mengkekk🌹🐱  Translate Sehat sehat ya semua, btw skrg lagi musim pancaroba, anak anak jangan lupa vaksin kalau belum vaksin, kalau udah jangan lupa kasih vitamin atau suplemen, dan yg paling penting jaga kebersihan dan kelembapan ruangan mengkekk🌹🐱",https://www.threads.com/@sashi.cat/post/DRZW01CE7i0,"",0,0,0,0,NaN
161,tridchildod,2025-05-09T03:34:29.000Z,"Stop Vaksin, anak saya salah satu korban Vaksin , setelah vaksin bawaannya flu melulu , kalau keadaan anakku seperti ini siapa yang tanggung jawab, Pak Menteri  tolong jngn di korbankan rakyatnya,  Keluar dari WHO ,  Indonesia bisa mengobati dirinya sendiri, kembangkan obat herbal , indonesia kaya dengan rempah2, Bapak aja duluan Uji Coba  Translate Stop Vaksin, anak saya salah satu korban Vaksin , setelah vaksin bawaannya flu melulu , kalau keadaan anakku seperti ini siapa yang tanggung jawab, Pak Menteri  tolong jngn di korbankan rakyatnya,  Keluar dari WHO ,  Indonesia bisa mengobati dirinya sendiri, kembangkan obat herbal , indonesia kaya dengan rempah2, Bapak aja duluan Uji Coba rosi_kompastv rosi_kompastv",https://www.threads.com/@tridchildod/post/DJavuFSyA_K,"",0,0,0,0,NaN
162,hnsarum,2025-10-20T03:27:26.000Z,"Bu Ibu kalian tim mana imunisasi di DSA tapa demam apa imunisasi di bidan? Alasanya apa?  Translate Bu Ibu kalian tim mana imunisasi di DSA tapa demam apa imunisasi di bidan? Alasanya apa?",https://www.threads.com/@hnsarum/post/DQBBR9ZEika,"",0,0,0,0,NaN
163,sitaevita,2025-10-20T05:29:36.000Z,"Vaksin tu banyak dan panjang durasinya, jadi aku lebih milih berstrategi yang dapet subsidi gratis ambil ke puskesmas, yang berbayar ke DSA ato rumah vaksin. Biar bisa terpenuhi semua. Vaksin di puskesmas Alhamdulillah di anakku masih teratasi demamnya.  Translate Vaksin tu banyak dan panjang durasinya, jadi aku lebih milih berstrategi yang dapet subsidi gratis ambil ke puskesmas, yang berbayar ke DSA ato rumah vaksin. Biar bisa terpenuhi semua. Vaksin di puskesmas Alhamdulillah di anakku masih teratasi demamnya.",https://www.threads.com/@sitaevita/post/DQBPQtCANaY,"",0,0,0,0,NaN
164,bermatakaca,2025-08-26T12:17:26.000Z,"buat yg anti vaksin please jgn masukin anaknya di sekolah umum, kasih homeschooling aja. jgn maen sama anak2 lain kerem di rumah aja. 🫡🙏  Translate buat yg anti vaksin please jgn masukin anaknya di sekolah umum, kasih homeschooling aja. jgn maen sama anak2 lain kerem di rumah aja. 🫡🙏",https://www.threads.com/@bermatakaca/post/DN0WNr00jAg,"",80,0,4000,0,NaN
165,chintia_as17,2025-08-26T14:41:17.000Z,"anak saya 4 , 2 vaksin lengkap, 2 lagi nggak sama sekali kecuali saat lahir doang gatau disuntik apaan. daya tahan tubuh lebih kuat yg ga vaksin, sangat aktif , hampir jrg sakit. yg vaksin malah mondar mandir rumah sakit ada aja sakitnya. akhirnya apa ? saya menyesal 2 anak saya divaksin  Translate anak saya 4 , 2 vaksin lengkap, 2 lagi nggak sama sekali kecuali saat lahir doang gatau disuntik apaan. daya tahan tubuh lebih kuat yg ga vaksin, sangat aktif , hampir jrg sakit. yg vaksin malah mondar mandir rumah sakit ada aja sakitnya. akhirnya apa ? saya menyesal 2 anak saya divaksin",https://www.threads.com/@chintia_as17/post/DN0mrRX0qk6,"",0,0,0,0,NaN
166,feraidrn,2025-06-28T06:23:21.000Z,"Apa iyasi imunisasi dpt semengerikan itu kalo di Puskes dibanding DSA🙂🥲  Translate Apa iyasi imunisasi dpt semengerikan itu kalo di Puskes dibanding DSA🙂🥲",https://www.threads.com/@feraidrn/post/DLbyypSzZSn,"",0,0,0,0,NaN
167,alrihlaa,2025-12-08T09:14:53.000Z,"Ternyata Ini Salah satu ujian terberatnya  #vaksin #umroh #vaksinpolio #vaksinmeningitis  Translate Ternyata Ini Salah satu ujian terberatnya  #vaksin #umroh #vaksinpolio #vaksinmeningitis",https://www.threads.com/@alrihlaa/post/DR_z_eCEoWM,"",0,0,0,0,NaN
168,snny_95,2025-11-15T03:30:03.000Z,"Hari ini vaksin cacar sama hepatitis A, agak kaget ternyata gak di cover perusahaan. Januari jadwal vaksin pcv booter sama hepatitis A dosis 2.  Ibu ibu kalian vaksin anak sampe umur berapa ya? Apakah vaksin booster itu penting?  Translate 1/2 Hari ini vaksin cacar sama hepatitis A, agak kaget ternyata gak di cover perusahaan. Januari jadwal vaksin pcv booter sama hepatitis A dosis 2.  Ibu ibu kalian vaksin anak sampe umur berapa ya? Apakah vaksin booster itu penting?",https://www.threads.com/@snny_95/post/DRD-P41kmGf,"",0,0,0,0,NaN
169,nurliyyyyyyy,2025-08-17T15:34:08.000Z,"Seiring dengan pertambahan bilangan cucukan vaksin campak tambahan (Measles Rubella), pertambahan AEFI juga makin meningkat naik. Nak ambil risiko? Silakan.. jangan kata antivaksin tak peringat😌 Seiring dengan pertambahan bilangan cucukan vaksin campak tambahan (Measles Rubella), pertambahan AEFI juga makin meningkat naik. Nak ambil risiko? Silakan.. jangan kata antivaksin tak peringat😌 Yg menyesal tak sudah lepas anak sakit ada, yg menyesal sbb x ikut cakap suami supaya jgn cucuk pon ada. Yg menyesal tak sudah lepas anak sakit ada, yg menyesal sbb x ikut cakap suami supaya jgn cucuk pon ada. Kpd anak2 yg terkesan, semoga cepat sembuh🤲 Kpd parents yg masih percaya vaksin, semoga mendapat petunjuk🤲  Translate Kpd anak2 yg terkesan, semoga cepat sembuh🤲 Kpd parents yg masih percaya vaksin, semoga mendapat petunjuk🤲",https://www.threads.com/@nurliyyyyyyy/post/DNdhkfgzVw_,"Aefi MR",0,0,0,0,NaN
170,hidhayahsulaiman,2025-10-08T10:38:39.000Z,"Anak kena demam campak. Biasanya bagi air kelapa cepat baik tak? Anak kena demam campak. Biasanya bagi air kelapa cepat baik tak?",https://www.threads.com/@hidhayahsulaiman/post/DPi5F0FkhZp,"",0,0,0,0,NaN
171,dr.merryforkids,2025-05-14T06:17:47.000Z,"Seorang ibu bertanya kepada saya, saat saya sedang memberikan vaksin BCG ke anaknya. “Dok, apakah normal, mata anak saya sering juling?” Ini pertanyaan sangat sering ditanyakan kepada saya. Apalagi oleh seorang “new mom”. Normal atau tidak? Sini saya bahas!  Translate 1/8 Seorang ibu bertanya kepada saya, saat saya sedang memberikan vaksin BCG ke anaknya. “Dok, apakah normal, mata anak saya sering juling?” Ini pertanyaan sangat sering ditanyakan kepada saya. Apalagi oleh seorang “new mom”. Normal atau tidak? Sini saya bahas!",https://www.threads.com/@dr.merryforkids/post/DJn6YlZS0ww,"Mata Juling Pada Bayi",0,0,0,0,NaN
172,nurulmurniyati_,2025-09-29T11:20:59.000Z,"📌 Vaksin ada dua kategori: 📌 Vaksin ada dua kategori: 1. Wajib (dalam jadual KKM) – contoh BCG, Hep B, DTaP, Polio, Hib, MMR. Ni memang penting sebab cegah penyakit bahaya & diberi percuma di klinik kerajaan. 1. Wajib (dalam jadual KKM) – contoh BCG, Hep B, DTaP, Polio, Hib, MMR. Ni memang penting sebab cegah penyakit bahaya & diberi percuma di klinik kerajaan. 2. Pilihan / tambahan – contoh Rotavirus, Influenza, Varicella (chickenpox), Hepatitis A, Pneumococcal (dulu tambahan, sekarang dah termasuk dalam jadual baru).  Translate 1/2 2. Pilihan / tambahan – contoh Rotavirus, Influenza, Varicella (chickenpox), Hepatitis A, Pneumococcal (dulu tambahan, sekarang dah termasuk dalam jadual baru).",https://www.threads.com/@nurulmurniyati_/post/DPLyx7cic0e,"",0,0,0,0,NaN
173,nurliyyyyyyy,2025-10-06T23:58:23.000Z,"Seram ehh.. berpusu2 parents nak vaxx anak kecik dorang semata2 takut dgn influenza dll… kalaulah parents amik tau ttg kandungan vaksin tuh.. dh sedar nanti itulah yg paling parents menyesal ambil.  Translate Seram ehh.. berpusu2 parents nak vaxx anak kecik dorang semata2 takut dgn influenza dll… kalaulah parents amik tau ttg kandungan vaksin tuh.. dh sedar nanti itulah yg paling parents menyesal ambil.",https://www.threads.com/@nurliyyyyyyy/post/DPfLBgDE0YV,"",0,0,0,0,NaN
174,ayumi__wong,2025-07-30T17:23:04.000Z,"Mommies ambil vaksin Rotavirus kat klinik swasta ke? Berapa harga....haritu anak cucuk 4 bulan tak tanya pula nurse masa tu pasal vaksin Rota ni  Translate Mommies ambil vaksin Rotavirus kat klinik swasta ke? Berapa harga....haritu anak cucuk 4 bulan tak tanya pula nurse masa tu pasal vaksin Rota ni",https://www.threads.com/@ayumi__wong/post/DMvXujWSk70,"",0,0,0,0,NaN
175,ainun.khaidzi,2025-07-06T16:23:48.000Z,"Korang amik tak vaksin rotavirus for baby?  Translate Korang amik tak vaksin rotavirus for baby?",https://www.threads.com/@ainun.khaidzi/post/DLxd3dTyeNI,"",0,0,0,0,NaN
176,riayoanita,2025-08-24T15:42:34.000Z,"Hoax vaksin MMR bikin autis = mitos ❌ Hoax vaksin MMR bikin autis = mitos ❌ Dampak nyata:  ✅ KLB ✅ Anak sakit berat ✅ Meninggal. Dampak nyata:  ✅ KLB ✅ Anak sakit berat ✅ Meninggal. Semua lembaga kesehatan dunia sepakat: AMAN & PENTING. Semua lembaga kesehatan dunia sepakat: AMAN & PENTING. 💉 Vaksin melindungi, hoax membahayakan. 💉 Vaksin melindungi, hoax membahayakan. Pilih yang benar untuk masa depan anak kita. 🌟 Pilih yang benar untuk masa depan anak kita. 🌟 #riayoanita  #campak #imunisasi #dokteranak  Translate #riayoanita  #campak #imunisasi #dokteranak",https://www.threads.com/@riayoanita/post/DNvkGYK5Bsn,"",0,0,0,0,NaN
177,iamkim.ishulk,2025-09-11T15:33:55.000Z,"Today my 4 year old daughter received her FREE Measles & Rubella (MR) booster shot! 💉✨ Today my 4 year old daughter received her FREE Measles & Rubella (MR) booster shot! 💉✨ We did it at Sunway Medical Centre Damansara . @sunwaymedicaldamansara We did it at Sunway Medical Centre Damansara . @sunwaymedicaldamansara The best part?  There was no queue at all. I feel not many parents know about this, so I’m sharing here to spread the word. 1/3 The best part?  There was no queue at all. I feel not many parents know about this, so I’m sharing here to spread the word.",https://www.threads.com/@iamkim.ishulk/post/DOd5azliZ1c,"FreeJab",0,0,0,0,NaN
178,qurratulainizafira,2025-08-05T07:01:55.000Z,"Done cucuk vaksin Measles Rubella (MR). Nurse ckp side effect mcm biasa. Btw abg tanya tadi “lepas cucuk ni jadi boiboy ke mama?” 🤭 Done cucuk vaksin Measles Rubella (MR). Nurse ckp side effect mcm biasa. Btw abg tanya tadi “lepas cucuk ni jadi boiboy ke mama?” 🤭",https://www.threads.com/@qurratulainizafira/post/DM9tacLzDJC,"",0,0,0,0,NaN
179,devipersari,2025-09-15T15:37:23.000Z,"devipersariVerified DELET SOON DELET SOON mau nanya dongg barangkali disini ada yg ke Puskesmas dan juga DSA, ini kan imunisasi di puskesmas cuman sampai 4 bulan, lalu kembali lagi imunisasi di 9bulan… Nah mau tanya dong kak, apakah di usia 5 sampai dengan 8bulan ada Imunisasinya??  Translate 1/2 mau nanya dongg barangkali disini ada yg ke Puskesmas dan juga DSA, ini kan imunisasi di puskesmas cuman sampai 4 bulan, lalu kembali lagi imunisasi di 9bulan… Nah mau tanya dong kak, apakah di usia 5 sampai dengan 8bulan ada Imunisasinya??",https://www.threads.com/@devipersari/post/DOoM_sFiWIi,"",0,0,0,0,NaN
180,wlndrdnlw,2025-12-13T12:36:18.000Z,"Sharing is Caring. Minggu depan insya Allah bayiku otw imunisasi DPT 1. Ada beberapa hal yg mau aku tanya, smoga ada yg berkenan mau bantu jawab hehe. 1. Kebetulan aku kn dbf, kan DPT itu disuntik di area paha. Gmna caranya spy pda saat aku sdg menyusui, ga nyenggol area suntikannya? 2. Cek suhu bayi tiap berapa jam sekali ya? 3. Boleh kasih tau rumus pemberian pct ga? Katanya kan sesuai BB anak. 4. Boleh dimandiin ga pas abis suntik? Misalkan suntiknya siang, nah sorenya perlu dimandiin ga?  Translate 1/2 Sharing is Caring. Minggu depan insya Allah bayiku otw imunisasi DPT 1. Ada beberapa hal yg mau aku tanya, smoga ada yg berkenan mau bantu jawab hehe. 1. Kebetulan aku kn dbf, kan DPT itu disuntik di area paha. Gmna caranya spy pda saat aku sdg menyusui, ga nyenggol area suntikannya? 2. Cek suhu bayi tiap berapa jam sekali ya? 3. Boleh kasih tau rumus pemberian pct ga? Katanya kan sesuai BB anak. 4. Boleh dimandiin ga pas abis suntik? Misalkan suntiknya siang, nah sorenya perlu dimandiin ga?",https://www.threads.com/@wlndrdnlw/post/DSNDBPjCeh9,"Mom Threads",0,0,0,0,NaN
181,dreeblissa1,2025-06-18T09:50:56.000Z,"Abis imunisasi DPT 1, demam udah 3 hari naik turun 37-38°c. Sore ini hampir menyentuh 39°c, kasian banget. Apa perlu periksa ke puskesmas/dokter, padahal udah diresepin obat sama bidan yang nyuntik?  Translate Abis imunisasi DPT 1, demam udah 3 hari naik turun 37-38°c. Sore ini hampir menyentuh 39°c, kasian banget. Apa perlu periksa ke puskesmas/dokter, padahal udah diresepin obat sama bidan yang nyuntik?",https://www.threads.com/@dreeblissa1/post/DLCamVaSvgd,"imunisasi dpt 1",0,0,0,0,NaN
182,oshintaarruhtyandriana,2025-11-21T01:19:40.000Z,"BB bayi 3 bulan 8,4 kg dan Imunisasi DPT 3 lengkap siap siap begadang  Translate BB bayi 3 bulan 8,4 kg dan Imunisasi DPT 3 lengkap siap siap begadang",https://www.threads.com/@oshintaarruhtyandriana/post/DRTL_yQAR1G,"",0,0,0,0,NaN
183,desipermata_97,2025-10-07T18:28:29.000Z,"Ada yg anaknya habis imunisasi DPT 1 ?  Berapa hari demamnya ya? Sudah hari ke 4 masih demam 37,7 ... padahal sudah minum sanmol...  Translate Ada yg anaknya habis imunisasi DPT 1 ?  Berapa hari demamnya ya? Sudah hari ke 4 masih demam 37,7 ... padahal sudah minum sanmol...",https://www.threads.com/@desipermata_97/post/DPhKEIzjzvc,"",0,0,0,0,NaN
184,ferdinza,2025-10-29T03:18:13.000Z,"✨caraku melalui imunisasi dpt 1 anti paha nyeri dan demam mentok 37drjt club✨ ✨caraku melalui imunisasi dpt 1 anti paha nyeri dan demam mentok 37drjt club✨ 1. setelah pulang dari posyandu, ganti baju tipis nyaman dan kompres bekas suntikan dengan air dingin. kalau aku pakai es batu dibalut kain bersih. 5 menitan aja.  Translate 1/6 1. setelah pulang dari posyandu, ganti baju tipis nyaman dan kompres bekas suntikan dengan air dingin. kalau aku pakai es batu dibalut kain bersih. 5 menitan aja.",https://www.threads.com/@ferdinza/post/DQYLYYLkggr,"imunisasi dpt 1",0,0,0,0,NaN
185,sikaharumahs,2025-06-22T22:43:11.000Z,"ibuibu, kira2 imunisasi pcv mending ambil yg subsidi pemerintah atau ambil pcv15/pcv20 yaa? bedanya apa? sama bikin demam tidakk?  Translate ibuibu, kira2 imunisasi pcv mending ambil yg subsidi pemerintah atau ambil pcv15/pcv20 yaa? bedanya apa? sama bikin demam tidakk?",https://www.threads.com/@sikaharumahs/post/DLOGJ96zP-q,"imunisasi",0,0,0,0,NaN
186,medistadista,2025-11-01T20:55:55.000Z,"Mau minta saran temen” kalau imunisasi anak itu baiknya cukup di puskesmas aja atau lebih baik di DSA aja ya? Bedanya apa ya? Baru mau imunisasi BCG kalau di puskesmas gratis kalau di DSA harus bayar 350.000?  Itu imunisasi yang sama atau berbeda ya kualitasnya? Apakah jenis BCG ada banyak? Terus kalau imunisasi polio tetes 1 itu apakah harus atau engga ya? Cari dimana” daerah surabaya kosong.. apakah ada info imunisasi Polio tetes 1 itu adanya dmn ya?  Translate Mau minta saran temen” kalau imunisasi anak itu baiknya cukup di puskesmas aja atau lebih baik di DSA aja ya? Bedanya apa ya? Baru mau imunisasi BCG kalau di puskesmas gratis kalau di DSA harus bayar 350.000?  Itu imunisasi yang sama atau berbeda ya kualitasnya? Apakah jenis BCG ada banyak? Terus kalau imunisasi polio tetes 1 itu apakah harus atau engga ya? Cari dimana” daerah surabaya kosong.. apakah ada info imunisasi Polio tetes 1 itu adanya dmn ya?",https://www.threads.com/@medistadista/post/DQhyzvfE0T2,"imunisasi",0,0,0,0,NaN
187,ramdyaniiii,2025-09-09T12:54:33.000Z,"Temen-temen, aku abis imunisasi DPT1, pertama kali aku demam, jadi tambah rewel, maunya di gendong ibuk, seharian ga mau senyum, doain aku yaaaa :)  Translate Temen-temen, aku abis imunisasi DPT1, pertama kali aku demam, jadi tambah rewel, maunya di gendong ibuk, seharian ga mau senyum, doain aku yaaaa :)",https://www.threads.com/@ramdyaniiii/post/DOYdWS0k1iX,"",0,0,2700,0,NaN
188,ibuibubiasaja,2025-11-15T02:32:45.000Z,"Happy nya emak2 tuh sekarang rotarix sama prevenar udah dicover pemerintah dan bisa dapet di puskesmas. Kata bu bidan bentar lagi hexaxim juga bakal terdistribusi. Wwoowwww happy sekali aku (dan dompetku) hahahaha  Translate Happy nya emak2 tuh sekarang rotarix sama prevenar udah dicover pemerintah dan bisa dapet di puskesmas. Kata bu bidan bentar lagi hexaxim juga bakal terdistribusi. Wwoowwww happy sekali aku (dan dompetku) hahahaha",https://www.threads.com/@ibuibubiasaja/post/DRD3sOlDy1b,"imunisasi",0,0,0,0,NaN
189,theasianparent_id,2025-09-30T08:45:30.000Z,"theasianparent_idVerified 🛡️Parents, ini dia Jadwal Imunisasi Anak Usia 0-18 Tahun 💖 🛡️Parents, ini dia Jadwal Imunisasi Anak Usia 0-18 Tahun 💖 Saat imunisasi, jaga kenyamanan si Kecil dengan tidak melakukan lebih dari 3 jenis vaksin dalam 1 kali kunjungan. Saat imunisasi, jaga kenyamanan si Kecil dengan tidak melakukan lebih dari 3 jenis vaksin dalam 1 kali kunjungan. Yuk, bawa si Kecil imunisasi demi kesehatan di masa depan! ✨ Yuk, bawa si Kecil imunisasi demi kesehatan di masa depan! ✨ #imunisasianak #vaksinanak #kesehatananak #anaksehat #tipskesehatan  Translate #imunisasianak #vaksinanak #kesehatananak #anaksehat #tipskesehatan",https://www.threads.com/@theasianparent_id/post/DPOFyEUgY_f,"",0,0,0,0,NaN
190,karenthaliaaa,2025-07-16T10:29:59.000Z,"karenthaliaaaVerified [SAVED & SHARE] ❌JANGAN LANGSUNG KASIH PARACETAMOL SESUDAH IMUNISASI PADA BAYI🙅🏻‍♀️ [SAVED & SHARE] ❌JANGAN LANGSUNG KASIH PARACETAMOL SESUDAH IMUNISASI PADA BAYI🙅🏻‍♀️ Banyak misleading information kalau setelah vaksin bayi langsung dikasih paracetamol aja untuk menghindari demam. Jangan ya mom! Paracetamol sebaiknya diberikan jika ADA INDIKASI DEMAM (di atas 38°C) bukan sebagai tindakan pencegahan. Banyak misleading information kalau setelah vaksin bayi langsung dikasih paracetamol aja untuk menghindari demam. Jangan ya mom! Paracetamol sebaiknya diberikan jika ADA INDIKASI DEMAM (di atas 38°C) bukan sebagai tindakan pencegahan. ⚠️Jika anak mengalami efek samping yang tidak kunjung reda (lebih dari 48 jam) atau reaksi alergi setelah imunisasi, segera bawa si kecil ke dokter ya! ⚠️Jika anak mengalami efek samping yang tidak kunjung reda (lebih dari 48 jam) atau reaksi alergi setelah imunisasi, segera bawa si kecil ke dokter ya! #imunisasidpt #imunisasianak  Translate #imunisasidpt #imunisasianak",https://www.threads.com/@karenthaliaaa/post/DMKlUwqTZFC,"imunisasi",0,0,0,0,NaN
191,imyasinsi,2025-07-10T08:02:37.000Z,"Budget Imunisasi Bayi 0-16 Bulan!  DSA ✅ Puskesmas✅ Poskesdes✅ Total 6.640.819 ditengah gempuran ibu ibu yg abis belasan juta 😆🫵🏼 VERSI LENGKAP!  Translate Budget Imunisasi Bayi 0-16 Bulan!  DSA ✅ Puskesmas✅ Poskesdes✅ Total 6.640.819 ditengah gempuran ibu ibu yg abis belasan juta 😆🫵🏼 VERSI LENGKAP!",https://www.threads.com/@imyasinsi/post/DL63sMlyhx9,"",0,0,0,0,NaN
192,meleraiego,2025-11-29T07:01:11.000Z,"Ada yg tau biaya dan dimana imunisasi gigi anak di malang?  Translate Ada yg tau biaya dan dimana imunisasi gigi anak di malang?",https://www.threads.com/@meleraiego/post/DRoZii7D2mq,"",0,0,0,0,NaN
193,intan_muliyasari,2025-12-24T07:56:50.000Z,"Dokter Spesialis Anak ter Gacor versiku, terjangkau & dokternya mau ngecek keseluruhan hasil medis sebelumnya + tanpa ditanya tubuh bayiku dicek keseluruhan dan paling topnya biayanya terjangkau banget bahkan aku yg tanya2 ttg imunisasi disuruh ke Puskesmas aja gratis tpi tetap dijelaskan biaya vaksin jika ke DSA untuk pertimbangan, skrng plong & lega banget sdh mengetahui kondisi bayiku gimana (gk kaya DSA sblmnya yg membuat mental saya hancur & sakit) 🥹🥹🥹 Sehat terus dokter 🤲🏻  Translate 1/2 Dokter Spesialis Anak ter Gacor versiku, terjangkau & dokternya mau ngecek keseluruhan hasil medis sebelumnya + tanpa ditanya tubuh bayiku dicek keseluruhan dan paling topnya biayanya terjangkau banget bahkan aku yg tanya2 ttg imunisasi disuruh ke Puskesmas aja gratis tpi tetap dijelaskan biaya vaksin jika ke DSA untuk pertimbangan, skrng plong & lega banget sdh mengetahui kondisi bayiku gimana (gk kaya DSA sblmnya yg membuat mental saya hancur & sakit) 🥹🥹🥹 Sehat terus dokter 🤲🏻",https://www.threads.com/@intan_muliyasari/post/DSo3yDIEiOb,"dokteranak",0,0,0,0,NaN
194,findyaersteinn,2025-11-22T02:46:38.000Z,"Alhamdulillah DPT1 ✅ We ate that obstacle up✨ Thanks to all mommies yang udah kasih saran kemarin—semoga jadi amal jariyah yah buat mommies disini hihi🫶🏻 Bismillah semoga next imunisasi kami tetap chill & calm. Sehat-sehat semuanya🙌🏻  Translate Alhamdulillah DPT1 ✅ We ate that obstacle up✨ Thanks to all mommies yang udah kasih saran kemarin—semoga jadi amal jariyah yah buat mommies disini hihi🫶🏻 Bismillah semoga next imunisasi kami tetap chill & calm. Sehat-sehat semuanya🙌🏻",https://www.threads.com/@findyaersteinn/post/DRV61_Xk-80,"imunisasi",0,0,0,0,NaN
195,yolandandi,2025-08-28T13:46:04.000Z,"nggak kerasa ya udah 38 vaksin (yg 2 HFMD belum masuk ke apk), boleh bangga nggak sih?🥹 ditengah maraknya orang tua yg ""anti vax"" kami masih mengusahakan anak dapat imunisasi lengkap  Translate 1/2 nggak kerasa ya udah 38 vaksin (yg 2 HFMD belum masuk ke apk), boleh bangga nggak sih?🥹 ditengah maraknya orang tua yg ""anti vax"" kami masih mengusahakan anak dapat imunisasi lengkap",https://www.threads.com/@yolandandi/post/DN5p8lNCVPC,"VaksinAnak",0,0,0,0,NaN
196,annisaanis01_,2025-11-25T11:01:29.000Z,"Kalo imunisasi buat bayi tuh boleh ga si dicampur? RS dan Puskesmas gitu? Kalo imunisasi buat bayi tuh boleh ga si dicampur? RS dan Puskesmas gitu? Perbedaannya yang puskesmas (gratis) dengan yg RS itu apanya ya selain demam? Perbedaannya yang puskesmas (gratis) dengan yg RS itu apanya ya selain demam? Soalnya kalo full RS lumayan juga biayanya 😭  Translate Soalnya kalo full RS lumayan juga biayanya 😭",https://www.threads.com/@annisaanis01_/post/DReh3EAiccO,"",0,0,0,0,NaN
197,annisakhannaa,2025-09-11T02:36:10.000Z,"belajar dari dpt1-pcv1-polio2-rota yg banyak drama 😮‍💨 - demam > 38 - bengkak sampai nangis kejer - rewel dan kesakitan di bekas suntikan - ga mau tidur di kasur  - badan anget sampai 4 hari belajar dari dpt1-pcv1-polio2-rota yg banyak drama 😮‍💨 - demam > 38 - bengkak sampai nangis kejer - rewel dan kesakitan di bekas suntikan - ga mau tidur di kasur  - badan anget sampai 4 hari ✨akhirnya di dpt2 - pcv2 - polio3 - rota2 minim drama jadi ga takut imunisasi gratis di puskesmas 🥹🤗 ✨akhirnya di dpt2 - pcv2 - polio3 - rota2 minim drama jadi ga takut imunisasi gratis di puskesmas 🥹🤗 ‼️ini yang aku lakuin dari banyaknya tips2 dari buibu semua🥹  Translate ‼️ini yang aku lakuin dari banyaknya tips2 dari buibu semua🥹",https://www.threads.com/@annisakhannaa/post/DOcgaW6CZAV,"imunisasi dpt",0,0,0,0,NaN
198,carlsonkurniawan,2025-11-24T11:23:36.000Z,"Hi moms, hari ini belajar sedikit mengenai imunisasi bayi <12 bulan. Semoga bermanfaat, boleh dibantu like dan share, diskusi boleh di comment atau via DM 😇 Hi moms, hari ini belajar sedikit mengenai imunisasi bayi <12 bulan. Semoga bermanfaat, boleh dibantu like dan share, diskusi boleh di comment atau via DM 😇",https://www.threads.com/@carlsonkurniawan/post/DRb_mHQkocx,"dokteranak",0,0,0,0,NaN
199,marisa_mamat,2025-10-27T01:15:32.000Z,"Doktor di eja promoter,lokter,dogtor vaksin jadi badsin,air zion KKM jadi Key Key Emm Macam² lagilah. Apalah teruk sangat golongan antivaksin ni. Nampak BODOH tau,bukan acah2 lagi.  Translate Doktor di eja promoter,lokter,dogtor vaksin jadi badsin,air zion KKM jadi Key Key Emm Macam² lagilah. Apalah teruk sangat golongan antivaksin ni. Nampak BODOH tau,bukan acah2 lagi.",https://www.threads.com/@marisa_mamat/post/DQSzwCZE-nV,"",0,0,0,0,NaN
200,farrahyong,2025-09-07T06:57:02.000Z,"Kita selalu dgr cerita antivaxx mmg reject vaksin. Or kesan lepas vaksin. Tapi ada ker cerita antivaxx yg menyesal tak vaksin anak dia lepas dpt penyakit. Ok medical pepol. This is ur time to shine. Spill the tea! Kita selalu dgr cerita antivaxx mmg reject vaksin. Or kesan lepas vaksin. Tapi ada ker cerita antivaxx yg menyesal tak vaksin anak dia lepas dpt penyakit. Ok medical pepol. This is ur time to shine. Spill the tea!",https://www.threads.com/@farrahyong/post/DOSrFgAEWK-,"",0,0,0,0,NaN
201,drrolandvictormd,2025-02-16T09:45:47.000Z,"Taip ‘VAKSIN INFLUENZA’, I’ll send the video link to your DM. Taip ‘VAKSIN INFLUENZA’, I’ll send the video link to your DM.",https://www.threads.com/@drrolandvictormd/post/DGIRBhgTTer,"",0,0,0,0,NaN
202,thepreciousmiaaa,2025-10-23T15:03:12.000Z,"Kalini aku memang betul2 marah betul2 baran dengan antivax!!  Anak aku suspect measles. Tak pernah ek measles kena ambil darah cek antibody. Tapi kalini anak aku kena cucuk ambil darah. PKD minta untuk confirmkan measles sebab banyak sangat antivax berleluasa kat malaysia ni. Tak pasal2 anak aku kena cocok! Anak aku fully vax tahu. Herd immunity dh makin kurang sbb bangsa2 meratib taknak vaksin ni dh bersepah. Serabut lah. Prosedur makin bertambah itu ini. Anak yg fully vax ni jd mangsa.  Translate Kalini aku memang betul2 marah betul2 baran dengan antivax!!  Anak aku suspect measles. Tak pernah ek measles kena ambil darah cek antibody. Tapi kalini anak aku kena cucuk ambil darah. PKD minta untuk confirmkan measles sebab banyak sangat antivax berleluasa kat malaysia ni. Tak pasal2 anak aku kena cocok! Anak aku fully vax tahu. Herd immunity dh makin kurang sbb bangsa2 meratib taknak vaksin ni dh bersepah. Serabut lah. Prosedur makin bertambah itu ini. Anak yg fully vax ni jd mangsa.",https://www.threads.com/@thepreciousmiaaa/post/DQJ_SjxCRI1,"",42,0,1400,0,NaN
203,espressofiqa,2025-11-20T23:09:40.000Z,"""Lepas vaksin covid, semua penyakit timbul. Ramai orang sakit."" ""Lepas vaksin covid, semua penyakit timbul. Ramai orang sakit."" Sebelum covid, hospital² and clinic² kosong ker?  Translate Sebelum covid, hospital² and clinic² kosong ker?",https://www.threads.com/@espressofiqa/post/DRS9N-qE9Au,"",0,0,1700,0,NaN
204,bangbellbelia,2025-10-18T13:12:50.000Z,"kenapa kau provaksin? kenapa kau provaksin? 1. Sebab kau tak ada anak lagi. 2. Kau ada anak dan anak kau sihat walaupun full dose 3. Kau ikut pihak berautoriti 4. Anak kau kena AEFI vaksin tapi kau redha dan anggap itu takdir ilahi. tak boleh elak  Translate 1/2 1. Sebab kau tak ada anak lagi. 2. Kau ada anak dan anak kau sihat walaupun full dose 3. Kau ikut pihak berautoriti 4. Anak kau kena AEFI vaksin tapi kau redha dan anggap itu takdir ilahi. tak boleh elak",https://www.threads.com/@bangbellbelia/post/DP86ryjEkhP,"",0,0,0,0,NaN
205,aina_suhaimi_,2025-11-09T09:33:46.000Z,"Perkongsian yang menarik saya ss daripada posting Dr Imelda yang pernah viral sebelum ni 😁  Translate Perkongsian yang menarik saya ss daripada posting Dr Imelda yang pernah viral sebelum ni 😁",https://www.threads.com/@aina_suhaimi_/post/DQ1LGk5katr,"Vaksin",70,0,1300,0,NaN
206,najonadiatika,2025-11-09T11:03:50.000Z,"najonadiatikaVerified Stay safe yaaa. Terutama buat anak2 lagi musim banget campak. Di RS penuh ruang rawat anak penyebabnya karna campak + komplikasinya (radang paru, radang saluran pencernaan, hingga radang pada otak sehingga anaknya kejang) Stay safe yaaa. Terutama buat anak2 lagi musim banget campak. Di RS penuh ruang rawat anak penyebabnya karna campak + komplikasinya (radang paru, radang saluran pencernaan, hingga radang pada otak sehingga anaknya kejang) Dan dari yang dirawat itu 90% TIDAK IMUNISASI 😭😭 Dan dari yang dirawat itu 90% TIDAK IMUNISASI 😭😭 Plis banget ibu bapak, tolong dilengkapi imunisasi anak anaknya. Karna kasian kalau sakit, jadinya sulit makan minum, resiko penularan juga tinggi.  Translate Plis banget ibu bapak, tolong dilengkapi imunisasi anak anaknya. Karna kasian kalau sakit, jadinya sulit makan minum, resiko penularan juga tinggi.",https://www.threads.com/@najonadiatika/post/DQ1VaPskSk9,"",0,0,0,0,NaN
207,dr.aliazara,2025-12-16T12:48:13.000Z,"“Sebab vaksin covid ke kacau sperma saya?” “Sebab vaksin covid ke kacau sperma saya?” Ya Allah bang… Masuk bilik consultation pun bau rokok masih melekat, Cholesterol tinggi ;tunggu masa je nak heart attack. BMI pun… hmmmm 😮‍💨 Ya Allah bang… Masuk bilik consultation pun bau rokok masih melekat, Cholesterol tinggi ;tunggu masa je nak heart attack. BMI pun… hmmmm 😮‍💨 Tapi last-last 👉 vaksin juga yang disalahkan. Tapi last-last 👉 vaksin juga yang disalahkan. fengsan gue, fengsan! 🫠 fengsan gue, fengsan! 🫠",https://www.threads.com/@dr.aliazara/post/DSUyxJnkvfQ,"",0,0,1300,0,NaN
208,@philopirate78,,"Mbak Antivax ini dgn akun @philopirate78 , melakukan DISINFORMASI dan FRAMING SESAT terhdp @dokterkodya. Mbak Antivax ini dgn akun , melakukan DISINFORMASI dan FRAMING SESAT terhdp @dokterkodya @dokterkodya Katanya, kami hnya edukasi insert Vax Katanya, kami hnya edukasi Adverse Effect Katanya, kami hnya edukasi insert Vax Katanya, kami hnya edukasi Adverse Effect Hei Bu, yang KALIAN lakukan itu bkn EDUKASI tapi MISSINFORMASI. Kalian menakut2i masyarakat seolah Adverse Effect itu hal yg PASTI TERJADI. Hei Bu, yang KALIAN lakukan itu bkn EDUKASI tapi MISSINFORMASI. Kalian menakut2i masyarakat seolah Adverse Effect itu hal yg PASTI TERJADI. Kalian tdk menjelaskan studi epidemiologi Kalian tdk mengerti toksikologi Kalian juga tidak memberikan informasi berimbang resiko cacat akibat penyakit infeksi menular.  Translate 1/3 Kalian tdk menjelaskan studi epidemiologi Kalian tdk mengerti toksikologi Kalian juga tidak memberikan informasi berimbang resiko cacat akibat penyakit infeksi menular.",https://www.threads.com/@ragilkurniawn/post/DVw2BeEE31l/media,"",0,0,0,0,NaN
209,iogh_bp,2025-11-20T04:37:39.000Z,"Wah karena ikut nimbrung efek samping vaksin Aku diserbu anti vaksin. Maap maap saya lagi seminar fokus dulu ya. Maaf maaf Udah saya ga bales lagi ya. Kalo udah ga percaya ya ak bisa apa. Walau semua data ak kasih. Mohon maaf saya yang kurang pintar, bodoh malah, makanya saya terus belajar….  Tpi selama dunia, negara, pakar2 dokter anak merekomendasikan vaksin Saya akan tetap berpegang teguh kalo vaksin penting.  Translate Wah karena ikut nimbrung efek samping vaksin Aku diserbu anti vaksin. Maap maap saya lagi seminar fokus dulu ya. Maaf maaf Udah saya ga bales lagi ya. Kalo udah ga percaya ya ak bisa apa. Walau semua data ak kasih. Mohon maaf saya yang kurang pintar, bodoh malah, makanya saya terus belajar….  Tpi selama dunia, negara, pakar2 dokter anak merekomendasikan vaksin Saya akan tetap berpegang teguh kalo vaksin penting.",https://www.threads.com/@iogh_bp/post/DRQ99a6ASOP,"",0,0,0,0,NaN
210,juniordede86,2025-09-26T08:35:09.000Z,"POV pak wakil ""Kamu mau ambil,sana aku tungguin... POV pak wakil ""Kamu mau ambil,sana aku tungguin... Terasa kayak SMA teman kan jadinya😌 Terasa kayak SMA teman kan jadinya😌 #papuaselatan #anakanakmerauke #anakpanti #walpres #gibranrakabumingraka #wakilpresiden #goodjob #papuaselatan #anakanakmerauke #anakpanti #walpres #gibranrakabumingraka #wakilpresiden #goodjob #Wenesdayevent #october2025intake #Wenesdayevent #october2025intake",https://www.threads.com/@juniordede86/post/DPDxakQDbor,"",0,0,1600,0,NaN
211,ramakcc13,2025-07-19T14:23:32.000Z,"Anak volly pasti setia🤣🤣  Translate Anak volly pasti setia🤣🤣",https://www.threads.com/@ramakcc13/post/DMSub0wzj3c,"",0,0,0,0,NaN
212,rizka_nuraini_,2025-01-03T07:14:27.000Z,"butuh pendamping anak santri 🙆🏻‍♀️  fypviral  Translate butuh pendamping anak santri 🙆🏻‍♀️  fypviral",https://www.threads.com/@rizka_nuraini_/post/DEWsu7gSLB_,"fypviral",0,0,0,0,NaN
213,deanolaivanasuryani,2025-01-01T07:30:37.000Z,"Nama : Deanola Ivana Suryani Panggil : Ivana Asal : Medan Umur : Hmmm Kasih tau gak yah🤭 Suku : Jawa Anak tunggal Stay : Jakarta Perkerjaan : Hrd Staff  Translate Nama : Deanola Ivana Suryani Panggil : Ivana Asal : Medan Umur : Hmmm Kasih tau gak yah🤭 Suku : Jawa Anak tunggal Stay : Jakarta Perkerjaan : Hrd Staff",https://www.threads.com/@deanolaivanasuryani/post/DERk_l4J3j8,"",0,0,0,0,NaN
214,sc_asya30,2025-10-20T10:39:17.000Z,"biar gak keliatan tamvan nya😜#trendingreels #anakbaikbaik  Translate biar gak keliatan tamvan nya😜#trendingreels #anakbaikbaik",https://www.threads.com/@sc_asya30/post/DQBysxiEY94,"",0,0,0,0,NaN
215,jansonsaragih,2025-10-14T15:21:57.000Z,"Anak saya Reyanrisses telah dipanggil oleh Tuhan Bapa di Surga,  saya sama sekali tidak menyangka kejadian laka lantas di km 14. Palangkaraya kasongan, pada tanggal 24 September. 2025. mengakubatkan anaksaya meninggal dunia di usia 28 tahun di saat kariernya mulai naik yaitu sebagai karyawan bri Kasongan. Yang mana anak saya telah lulus seleksi menjadi pegawai tetap.  Selamat jalan anakku Reyanrisses semoga anakda damai bersama Baapak di Surga,  Translate Anak saya Reyanrisses telah dipanggil oleh Tuhan Bapa di Surga,  saya sama sekali tidak menyangka kejadian laka lantas di km 14. Palangkaraya kasongan, pada tanggal 24 September. 2025. mengakubatkan anaksaya meninggal dunia di usia 28 tahun di saat kariernya mulai naik yaitu sebagai karyawan bri Kasongan. Yang mana anak saya telah lulus seleksi menjadi pegawai tetap.  Selamat jalan anakku Reyanrisses semoga anakda damai bersama Baapak di Surga,",https://www.threads.com/@jansonsaragih/post/DPy2SAiksE4,"",0,0,0,0,NaN
216,wily_willu,2025-01-21T02:14:07.000Z,"Kim Hwat temui Doktif?? Kim Hwat temui Doktif?? Kalo Kim sudah turun pasti rame. Wkwkwk. Kim adalah sahabat mendiang Vanessa Angel yg dulu tiba tiba muncul dan langsung memborbardir ibu tiri Vanessa dan ayahnya. Inget ""Pocong Lontong""?. Hehehe. Kalo Kim sudah turun pasti rame. Wkwkwk. Kim adalah sahabat mendiang Vanessa Angel yg dulu tiba tiba muncul dan langsung memborbardir ibu tiri Vanessa dan ayahnya. Inget ""Pocong Lontong""?. Hehehe. Dia tidak terima Vanessa dan Bibi dijelek-jelekkan. Waktu issue pemindahan makam terjadi pun Kim langsung menyambangi makam Vanessa dan Bibi. Disana dia berkata di depan wartawan, ""Gak ada yg boleh ganggu anak gw!!! Anak gw udah tenang!"".  Translate Dia tidak terima Vanessa dan Bibi dijelek-jelekkan. Waktu issue pemindahan makam terjadi pun Kim langsung menyambangi makam Vanessa dan Bibi. Disana dia berkata di depan wartawan, ""Gak ada yg boleh ganggu anak gw!!! Anak gw udah tenang!"".",https://www.threads.com/@wily_willu/post/DFEgq95TqHg,"",0,0,0,0,NaN
217,lagi.viral,2025-10-29T05:01:29.000Z,"lagi.viralVerified JIKA MEMANG BENAR, SEMOGA DIBERIKAN HIDAYAH KPD ANAK2NYA UNTUK JEMPUT & RAWAT AYAHNYA🤲😭 . Video From : VT/Wahyu K sinaga #lagiviral JIKA MEMANG BENAR, SEMOGA DIBERIKAN HIDAYAH KPD ANAK2NYA UNTUK JEMPUT & RAWAT AYAHNYA🤲😭 . Video From : VT/Wahyu K sinaga #lagiviral",https://www.threads.com/@lagi.viral/post/DQYXMh3k1CH,"",0,0,0,0,NaN
218,dki_ikyy_pom4la4,2025-02-02T15:22:20.000Z,"fypviral pesona anak bjg yg slalu d sia sia in ☠️🏴‍☠️  Translate fypviral pesona anak bjg yg slalu d sia sia in ☠️🏴‍☠️",https://www.threads.com/@dki_ikyy_pom4la4/post/DFk0SVGTi2Q,"fypviral",0,0,0,0,NaN
219,onengreal,2025-05-22T14:29:22.000Z,"Anak nangis,Oneng asik mancing #vlog  #reelsinstagram Anak nangis,Oneng asik mancing #vlog  #reelsinstagram",https://www.threads.com/@onengreal/post/DJ9Y_xBv93S,"",0,0,0,0,NaN
220,tinytalesid,2025-11-29T11:19:54.000Z,"Jadwal vaksin anak usia 0-18 tahun. Boleh komen yaa kalau ada yang mau kasih testimoni atau info harga vaksin di Malang🩷  Translate Jadwal vaksin anak usia 0-18 tahun. Boleh komen yaa kalau ada yang mau kasih testimoni atau info harga vaksin di Malang🩷",https://www.threads.com/@tinytalesid/post/DRo3JctAWCL,"",0,0,0,0,NaN
221,deeyamaleesha,2025-11-17T01:18:54.000Z,"Tak pernah terfikir pun in future akan jadi antivaksin. Dulu pernah tgk, org taknak vaksin (antivaksin), dlm hati, alaa cucuk je pun, apa nak takut. Tp tak pernah ada rasa nak kecam atau kondem org. Tp secara jujurnya, aku tak pernah ambik tahu kndgn & side effects vaksin secara mendalam. Allah nak buka pintu hati aku lepas anak AEFI kali ke 4. Baru terdetik tau. Dulu masa anak warded lepas vaksin je, aku rasa sedih, apa laa salah aku, knp uji mcm ni. Pdhl tak nmpk lg tau punca vaksin. 👇  Translate 1/5 Tak pernah terfikir pun in future akan jadi antivaksin. Dulu pernah tgk, org taknak vaksin (antivaksin), dlm hati, alaa cucuk je pun, apa nak takut. Tp tak pernah ada rasa nak kecam atau kondem org. Tp secara jujurnya, aku tak pernah ambik tahu kndgn & side effects vaksin secara mendalam. Allah nak buka pintu hati aku lepas anak AEFI kali ke 4. Baru terdetik tau. Dulu masa anak warded lepas vaksin je, aku rasa sedih, apa laa salah aku, knp uji mcm ni. Pdhl tak nmpk lg tau punca vaksin. 👇",https://www.threads.com/@deeyamaleesha/post/DRI41FhEzP3,"Provacc➡️Antivacc",0,0,0,0,NaN
222,fufuelmart,2025-12-04T05:45:42.000Z,"fufuelmartVerified Hari ini sedih sekali dpt pasien anak perempuan usia 8 bulan demam dengan kemerahan campak bahkan sudah sampai ke area dalam mulut. Hari ini sedih sekali dpt pasien anak perempuan usia 8 bulan demam dengan kemerahan campak bahkan sudah sampai ke area dalam mulut. BB lahir 3kg, BB sekarang 5,2kg. Saat di plotting berada di garis hitam alias gizi buruk. Saturasi oksigen 87%. BB lahir 3kg, BB sekarang 5,2kg. Saat di plotting berada di garis hitam alias gizi buruk. Saturasi oksigen 87%. Minggu kemarin ibunya baru memeriksakan kakaknya yg kena campak, sekarang anak terkecilnya. Minggu kemarin ibunya baru memeriksakan kakaknya yg kena campak, sekarang anak terkecilnya. Awal ibu datang sinis sekali saat kami tanya soal imunisasi, ketika kami jelaskan kondisi anaknya seperti apa dgn detail, akhirnya tangis beliau pecah juga.🥹  Translate 1/3 Awal ibu datang sinis sekali saat kami tanya soal imunisasi, ketika kami jelaskan kondisi anaknya seperti apa dgn detail, akhirnya tangis beliau pecah juga.🥹",https://www.threads.com/@fufuelmart/post/DR1I4BXEQoL,"",0,0,0,0,NaN
223,nawangwulan00,2025-05-07T22:03:18.000Z,"Buibu ada yang anaknya pernah kena ISK? Brp lama sembuhnya ya Buibuu? Apa bisa imunisasi? Gejalanya apa di anak ibu ibuu  Translate Buibu ada yang anaknya pernah kena ISK? Brp lama sembuhnya ya Buibuu? Apa bisa imunisasi? Gejalanya apa di anak ibu ibuu",https://www.threads.com/@nawangwulan00/post/DJXlBiiTiC8,"",0,0,0,0,NaN
224,hakakshare,2026-05-20T16:24:59.000Z,"Hakak terfikir 1 benda la. Masa haroqs fly drone tu, issewel dah dekat ngn kapal diorang kan. Pastu camne haroqs buat eh nak transfer video tu lagi. Nak post lagi. Pastu line kuat ke tak masa tu? Hakak terfikir 1 benda la. Masa haroqs fly drone tu, issewel dah dekat ngn kapal diorang kan. Pastu camne haroqs buat eh nak transfer video tu lagi. Nak post lagi. Pastu line kuat ke tak masa tu? Dengan issewel tu duk acu senapang lagi kan. Tak cemas ke waktu tu eh. Dengan nak kena campak barang2 gadget lagi. Smooth plak haroqs handle eh. Tlg lah jwb nak tahu sangat. 🥲  Translate Dengan issewel tu duk acu senapang lagi kan. Tak cemas ke waktu tu eh. Dengan nak kena campak barang2 gadget lagi. Smooth plak haroqs handle eh. Tlg lah jwb nak tahu sangat. 🥲",https://www.threads.com/@hakakshare/post/DYkSyazgaK5,"",39,0,7500,0,NaN
225,_irfanrafidi,2026-05-20T12:30:26.000Z,"Pendapat aku dari side marketing (awareness), @haroqs dan team Sumud ni memang bijak. Pendapat aku dari side marketing (awareness), dan team Sumud ni memang bijak. Dia tau masa dia campak gula2 ke laut tu, 50-50 sampai ke 🍉 . Dan konfem akan ada netizen yang bersuara pasal ni. Dan yes betul, ramai yang bersuara, ada yang backup dan ada juga yang perli. Sampai artis, influencer pun turut bersuara pasal gula2. Dia tau masa dia campak gula2 ke laut tu, 50-50 sampai ke 🍉 . Dan konfem akan ada netizen yang bersuara pasal ni. Dan yes betul, ramai yang bersuara, ada yang backup dan ada juga yang perli. Sampai artis, influencer pun turut bersuara pasal gula2. Tapi lepas tu, dia post video drone dia rakam rejim zi0nis serang dan pintas bot diorang. Dan video tu viral lagi sekali dan ramai puji Tapi lepas tu, dia post video drone dia rakam rejim zi0nis serang dan pintas bot diorang. Dan video tu viral lagi sekali dan ramai puji Kenapa aku kata bijak?…  Translate 1/3 Kenapa aku kata bijak?…",https://www.threads.com/@_irfanrafidi/post/DYj38kij3eo,"",148,1500,7700,35,NaN
226,malaysiabertauhidofficial,2026-05-19T11:53:53.000Z,"malaysiabertauhidofficialVerified Dah korang, takyah gaduh dah. Min dah bagitahu dia supaya lepasni jangan campak lagi coklat dalam laut. Kes setel okay?  Translate 1/2 Dah korang, takyah gaduh dah. Min dah bagitahu dia supaya lepasni jangan campak lagi coklat dalam laut. Kes setel okay?",https://www.threads.com/@malaysiabertauhidofficial/post/DYhO9-PEvTY,"",390,0,9000,0,NaN
227,qszzzs,2026-05-20T11:40:34.000Z,"weh korang nak tanya boleh angkat ke kucing ni? sebab ada budak jatuhkan(/campak) kucing ni dari tingkat 6 lepas dari tu kucing tu tak gerak and najis dia terkeluar macam tu. Sampai sekarang takde spe berani sentuh kucing tu  Translate 1/3 weh korang nak tanya boleh angkat ke kucing ni? sebab ada budak jatuhkan(/campak) kucing ni dari tingkat 6 lepas dari tu kucing tu tak gerak and najis dia terkeluar macam tu. Sampai sekarang takde spe berani sentuh kucing tu",https://www.threads.com/@qszzzs/post/DYjyPTwGmoH,"",130,0,2700,0,NaN
228,anyssaazmi,2026-05-20T13:38:42.000Z,"Weyyyy ade pulak yg share gmbar baby baru lahir siap bertali pusat yg kena campak dari tingkat 10 tu 😭😭😭 nak repost pun tak gamak Weyyyy ade pulak yg share gmbar baby baru lahir siap bertali pusat yg kena campak dari tingkat 10 tu 😭😭😭 nak repost pun tak gamak",https://www.threads.com/@anyssaazmi/post/DYj_wkEmKav,"",0,0,0,0,NaN
229,yuyurashid.cm,2026-05-20T15:01:37.000Z,"yuyurashid.cmVerified BODOHNYA BUANG BABY DARI TINGKAT 10!!!! SEMOGA HIDUP KAU TERSEKSA SAMPAI BILA BILA. KAU BUKAN MANUSIA !! JAHAT GILAA!!!!!!!!!!!! BODOHNYA BUANG BABY DARI TINGKAT 10!!!! SEMOGA HIDUP KAU TERSEKSA SAMPAI BILA BILA. KAU BUKAN MANUSIA !! JAHAT GILAA!!!!!!!!!!!! Sumpah aku xsanggup tgk pic baby tu kesian, baby dilahirkan tanpa dosa nak dilindungi oleh mak bapak tapi kau campak!!! Bodoh ya sangat2 bodoh. Aku dulu nak dpt zuriat 10 tahun menunggu, tapi kau dpt senang2 campak!!!! Sumpah ! Aku doa yg campak baby tu hidup dia terseksa sampai bila2!!! Sumpah aku xsanggup tgk pic baby tu kesian, baby dilahirkan tanpa dosa nak dilindungi oleh mak bapak tapi kau campak!!! Bodoh ya sangat2 bodoh. Aku dulu nak dpt zuriat 10 tahun menunggu, tapi kau dpt senang2 campak!!!! Sumpah ! Aku doa yg campak baby tu hidup dia terseksa sampai bila2!!!",https://www.threads.com/@yuyurashid.cm/post/DYkJP03FGr9,"",104,0,2400,0,NaN
230,fyqataib,2026-05-20T14:42:15.000Z,"Korangg! Plis jangan share gambar baby perempuan yg kena campak dari bangunan tuu. Tak sensored pulak tuuu😭. Kalau nak share jugak plis tutup la pakai sticker kee. Hmmm tak boleh tengok lah😭. Korangg! Plis jangan share gambar baby perempuan yg kena campak dari bangunan tuu. Tak sensored pulak tuuu😭. Kalau nak share jugak plis tutup la pakai sticker kee. Hmmm tak boleh tengok lah😭.",https://www.threads.com/@fyqataib/post/DYkHCAfE7i-,"",0,0,0,0,NaN
231,drtaufiqraziff,2026-05-21T02:23:38.000Z,"Keluarga @haroqs diugut oleh geng Mossad. diugut oleh geng Mossad. Mereka nak main keji, kita main virality! Mereka nak main keji, kita main virality! Teruskan repost pasal Sumud & video si lempeng Ben Gvir!!! Teruskan repost pasal Sumud & video si lempeng Ben Gvir!!! Nota kaki : Mereka marah haroqs bukan sebab campak coklat dalam laut. Mereka marah sebab video drone Haroqs tersebar satu dunia!  Translate Nota kaki : Mereka marah haroqs bukan sebab campak coklat dalam laut. Mereka marah sebab video drone Haroqs tersebar satu dunia!",https://www.threads.com/@drtaufiqraziff/post/DYlXTGqgSwG,"",172,8400,15300,273,NaN
232,bellejamal_,2026-05-20T13:52:11.000Z,"Baru lepas tengok baby yang kene campak/baling dari tingkat 10 tu 😭 Tak berkecai. Malaikat sambut agaknya 🥹 Allahu 😔 Baru lepas tengok baby yang kene campak/baling dari tingkat 10 tu 😭 Tak berkecai. Malaikat sambut agaknya 🥹 Allahu 😔",https://www.threads.com/@bellejamal_/post/DYkBTQmEZYS,"",0,0,0,0,NaN
233,dr.aliphildan,2026-04-11T04:28:13.000Z,"dr.aliphildanVerified dapet laporan dari netizlip wkwkwk paan sih🤣 @philopirate78 ga inget yg mulai bikin list2 sales vaksin siapa?? then tiba2 ngepap bisep?? biar apaa? karena kalah argumen?? udh gtu sempet fitnah kalo aku blg bisepnya pake filter😭🤣🤣🤣 makanya teh kalo kurang berilmu yaa ngilmu bude😭🙏🏻 bukan malah share info2 misleading, jujur kasian audiencemu😭😭 udh brapa bnyk info2 yg salah tp dengan pedenya di share? awan kontainer? endorsement campak? hurricane buatan? matahari ngecrack? wkwkkw🙏🏻🙏🏻 mandi deh mandi 🧼 1/2 dapet laporan dari netizlip wkwkwk paan sih🤣 @philopirate78 @philopirate78 ga inget yg mulai bikin list2 sales vaksin siapa?? then tiba2 ngepap bisep?? biar apaa? karena kalah argumen?? udh gtu sempet fitnah kalo aku blg bisepnya pake filter😭🤣🤣🤣 makanya teh kalo kurang berilmu yaa ngilmu bude😭🙏🏻 bukan malah share info2 misleading, jujur kasian audiencemu😭😭 udh brapa bnyk info2 yg salah tp dengan pedenya di share? awan kontainer? endorsement campak? hurricane buatan? matahari ngecrack? wkwkkw🙏🏻🙏🏻 mandi deh mandi 🧼",https://www.threads.com/@dr.aliphildan/post/DW-lwjID3Oh,"",46,0,1600,0,NaN
234,drtaufiqraziff,2026-05-19T04:03:51.000Z,"Antara strategi Haroqs yang ramai orang tak tahu.. Antara strategi Haroqs yang ramai orang tak tahu.. Dia infaq drone berharga rm15k untuk misi ni. Jadi dia terbangkan drone tu untuk tengok kapal pengganas Z dari jauh Dia infaq drone berharga rm15k untuk misi ni. Jadi dia terbangkan drone tu untuk tengok kapal pengganas Z dari jauh Ni rahsia kita kita je ni. Harap geng 8200 tak baca lah 😅 Ni rahsia kita kita je ni. Harap geng 8200 tak baca lah 😅 Nota penting : Infaq tu maksudnya dia korbankan drone ni untuk misi sebab kalau dipintas dia akan campak ke laut juga drone ni supaya pengganas Z tak dapat maklumat sensitif dalam drone tu  Translate 1/2 Nota penting : Infaq tu maksudnya dia korbankan drone ni untuk misi sebab kalau dipintas dia akan campak ke laut juga drone ni supaya pengganas Z tak dapat maklumat sensitif dalam drone tu",https://www.threads.com/@drtaufiqraziff/post/DYgZLQ2Abue,"",178,1700,11200,143,NaN
235,faris_ajmain,2026-05-20T14:39:50.000Z,"Allahu tergamak nya buang bayi. Campak dari tingkat 10 pulak tu. Kejam betul.😭  Translate Allahu tergamak nya buang bayi. Campak dari tingkat 10 pulak tu. Kejam betul.😭",https://www.threads.com/@faris_ajmain/post/DYkGwT7EZEJ,"",0,0,0,0,NaN
236,akhifairuz,2026-05-19T14:53:05.000Z,"Live bersama Rahmat Sumud Nusantara tadi. Live bersama Rahmat Sumud Nusantara tadi. 1. Beliau dan rakan-rakan tegur Haroqs pasal campak coklat ke laut. Haroqs juga terima teguran netizen. Beliau dah delete video berkenaan. Rahmat maklumkan juga, Haroqs ni anak muda, cintakan kanak-kanak, maka tindakan beliau membawa coklat yang banyak tak ada niat lain selain nak menggembirakan anak-anak di G. Namun kekhilafan itu beliau akui. Haroqs ucap terima kasih buat insan-insan yang menegurnya.  Translate 1/6 1. Beliau dan rakan-rakan tegur Haroqs pasal campak coklat ke laut. Haroqs juga terima teguran netizen. Beliau dah delete video berkenaan. Rahmat maklumkan juga, Haroqs ni anak muda, cintakan kanak-kanak, maka tindakan beliau membawa coklat yang banyak tak ada niat lain selain nak menggembirakan anak-anak di G. Namun kekhilafan itu beliau akui. Haroqs ucap terima kasih buat insan-insan yang menegurnya.",https://www.threads.com/@akhifairuz/post/DYhjegIj-0L,"globalsumudflotilla",0,0,0,0,NaN
237,ayumyshrh,2026-05-20T03:51:30.000Z,"maksudnya drone tu pun kena campak dalam laut la ? mcm phone semua tu ?  Translate maksudnya drone tu pun kena campak dalam laut la ? mcm phone semua tu ?",https://www.threads.com/@ayumyshrh/post/DYi8jtEmSKX,"",0,0,0,0,NaN
238,hajar.remli,2026-05-21T01:07:16.000Z,"Menyesal nya bukak thread pg2 ni. Menyesal nya bukak thread pg2 ni. 1. Bayi baru lahir kena campak dari tingkat 10 2. Gambar xray tulang peha budak 8 tahun patah sebab tak nak buang sampah pukul 6.30 pg. Bapak dia punya kerja. 1. Bayi baru lahir kena campak dari tingkat 10 2. Gambar xray tulang peha budak 8 tahun patah sebab tak nak buang sampah pukul 6.30 pg. Bapak dia punya kerja.",https://www.threads.com/@hajar.remli/post/DYlOjv-kuWJ,"",31,0,1200,0,NaN
239,bellapark12,2026-05-20T14:42:05.000Z,"bellapark12Verified Allahuakbar tolong la jangan upload jelas2 gambar baby yg kena campak tu. Ya Allah terkejut tengok 😭 tolong lah kaburkan ka paling2 pon  😭 Allahuakbar tolong la jangan upload jelas2 gambar baby yg kena campak tu. Ya Allah terkejut tengok 😭 tolong lah kaburkan ka paling2 pon  😭",https://www.threads.com/@bellapark12/post/DYkHAwvks62,"",29,0,5900,0,NaN
240,itsmekrose,2026-05-20T13:55:37.000Z,"Tergamaknya campak baby dari tingkat 10😭 Tergamaknya campak baby dari tingkat 10😭 Kenapa makin membiak manusia tanpa akal ni😭😭 Kenapa makin membiak manusia tanpa akal ni😭😭",https://www.threads.com/@itsmekrose/post/DYkBsZVEk_N,"",0,0,0,0,NaN
241,vhiendysip,2026-02-26T12:12:04.000Z,"vhiendysipVerified Buibu vaksin campak ada efek samping demam gak yaaa? Buibu vaksin campak ada efek samping demam gak yaaa?",https://www.threads.com/@vhiendysip/post/DVOH3UgEXT-,"",0,0,0,0,NaN
242,puterigunung_everest,2026-01-26T11:47:26.000Z,"ada tak ibu2 yang tolak semua vaksin untuk anak?? ada tak ibu2 yang tolak semua vaksin untuk anak??",https://www.threads.com/@puterigunung_everest/post/DT-QZ2qifUO,"",0,0,0,0,NaN
243,amyrzyla,2026-04-23T09:08:40.000Z,"paediatric osteopath ni legit ke? sbb baru tgk video dia dekat tiktok, terkejut sikit, dia tu anti vaksin hjdhajsdhsdh 1/2 paediatric osteopath ni legit ke? sbb baru tgk video dia dekat tiktok, terkejut sikit, dia tu anti vaksin hjdhajsdhsdh",https://www.threads.com/@amyrzyla/post/DXd_ZFREz3x,"",0,0,0,0,NaN
244,chrisselanyonyo,2026-04-06T01:00:02.000Z,"Moms, nanya dong… Ada yg pas Hamil sekitar 32-35 weeks di suruh dr obgyn nya Vaksin Influenza & Vaksin RSV (pneumonia)? Kalian ambil ga ya? Perlu atau ga perlu sih sebenernya? Karna beberapa temenku ada yg ga di vaksin ini juga 🧐 lumayan soalnya harga vaksin nya bund 😖🫠  Translate 1/2 Moms, nanya dong… Ada yg pas Hamil sekitar 32-35 weeks di suruh dr obgyn nya Vaksin Influenza & Vaksin RSV (pneumonia)? Kalian ambil ga ya? Perlu atau ga perlu sih sebenernya? Karna beberapa temenku ada yg ga di vaksin ini juga 🧐 lumayan soalnya harga vaksin nya bund 😖🫠",https://www.threads.com/@chrisselanyonyo/post/DWxV9XoCUQm,"Mom Threads",0,0,0,0,NaN
245,aldorahandoyo,2026-05-23T07:27:32.000Z,"Masalah pencernaan anakku (part 2) Sorry semalam lupa post krn ketiduran habis beberes🙏🏻 Masalah pencernaan anakku (part 2) Sorry semalam lupa post krn ketiduran habis beberes🙏🏻 Kemarin aku cek buku kesehatan anakku, ternyata pas yg awal kejadian pup berdarah waktunya mirip2 sm jadwal vaksin anakku, nah aku cerita ke dokter yg emang vaksin dr 0 bulan. Kita sebut dr2 ya, dr2 saat itu jg langsung suruh tes alergi & usg perut krn bs jadi ususnya kelipet atau numpuk gt kalo ga salah penjelasannya. Nah berarti sampai mau usia 10 bulan aja uda lakuin ini itu 5x ya total.  Translate 1/9 Kemarin aku cek buku kesehatan anakku, ternyata pas yg awal kejadian pup berdarah waktunya mirip2 sm jadwal vaksin anakku, nah aku cerita ke dokter yg emang vaksin dr 0 bulan. Kita sebut dr2 ya, dr2 saat itu jg langsung suruh tes alergi & usg perut krn bs jadi ususnya kelipet atau numpuk gt kalo ga salah penjelasannya. Nah berarti sampai mau usia 10 bulan aja uda lakuin ini itu 5x ya total.",https://www.threads.com/@aldorahandoyo/post/DYrDqrBk_1q,"",0,0,0,0,NaN
246,dr.kartikaeda.sp.a,2026-03-22T08:50:06.000Z,"dr.kartikaeda.sp.aVerified Dear mama2 papa2 yang anaknya mau divaksinin campak, mau pakai vaksin MR gratis (obatnya sama dengan di puskesmas) tapi di DSA / dokter anak, bisa saya bantu ya. Syarat : vaksinnya ke RS Sumber Waras Grogol Jakarta Barat. 1/2 Dear mama2 papa2 yang anaknya mau divaksinin campak, mau pakai vaksin MR gratis (obatnya sama dengan di puskesmas) tapi di DSA / dokter anak, bisa saya bantu ya. Syarat : vaksinnya ke RS Sumber Waras Grogol Jakarta Barat.",https://www.threads.com/@dr.kartikaeda.sp.a/post/DWLj1GfFNoR,"",0,0,0,0,NaN
247,dokter.vaksin,2026-04-29T12:57:09.000Z,"dokter.vaksinVerified Dok, kenapa ya vaksin DPT di puskesmas/ posyandu bikin anak saya demam, tapi yang di RS/ klinik swasta katanya lebih ringan?” Pertanyaan ini sering bikin orang tua jadi ragu dan mulai membandingkan satu pengalaman dengan yang lain.  Translate 1/12 Dok, kenapa ya vaksin DPT di puskesmas/ posyandu bikin anak saya demam, tapi yang di RS/ klinik swasta katanya lebih ringan?” Pertanyaan ini sering bikin orang tua jadi ragu dan mulai membandingkan satu pengalaman dengan yang lain.",https://www.threads.com/@dokter.vaksin/post/DXt2Tx8H3ck,"",390,0,1000,0,NaN
248,dr.kartikaeda.sp.a,2026-04-24T09:08:12.000Z,"dr.kartikaeda.sp.aVerified INI Pilihan2 imunisasi bayi kalau mau pakai VAKSIN GRATIS pemerintah, tapi di RS, sama Dokter Spesialis Anak (ada bayar konsul DSA dan admin RS) INI Pilihan2 imunisasi bayi kalau mau pakai VAKSIN GRATIS pemerintah, tapi di RS, sama Dokter Spesialis Anak (ada bayar konsul DSA dan admin RS) Misal bayi umur 2 bulan yang jadwalnya vaksin DPT, PCV, polio, rotavirus : 1. Semuanya pakai vaksin gratis 2. DPTnya bayar pakai hexaxim/infanrix TAPI pcv, polio, rotavirusnya gratis (ini paling sering) 3. Bayar hexaxim/infanrix dan PCV pakai prevenar 20, TAPI polio dan rotanya gratis 4.  Bayar hexaxim/infanrix, Prevenar 20, dan rotateq. Polio gratis  Translate 1/3 Misal bayi umur 2 bulan yang jadwalnya vaksin DPT, PCV, polio, rotavirus : 1. Semuanya pakai vaksin gratis 2. DPTnya bayar pakai hexaxim/infanrix TAPI pcv, polio, rotavirusnya gratis (ini paling sering) 3. Bayar hexaxim/infanrix dan PCV pakai prevenar 20, TAPI polio dan rotanya gratis 4.  Bayar hexaxim/infanrix, Prevenar 20, dan rotateq. Polio gratis",https://www.threads.com/@dr.kartikaeda.sp.a/post/DXgkIilFJmf,"",0,0,0,0,NaN
249,arditha_,2026-05-21T03:52:09.000Z,"In this economy Orangtua sekarang udah makin pinter Vaksin DPT(hexaxim)  yg gak demam di RS  Sisanya PCV + Rota di puskesmas  🤗🤗🥰  Translate 1/3 In this economy Orangtua sekarang udah makin pinter Vaksin DPT(hexaxim)  yg gak demam di RS  Sisanya PCV + Rota di puskesmas  🤗🤗🥰",https://www.threads.com/@arditha_/post/DYlhbYjE3g9,"",0,0,0,0,NaN
250,jessvalentina,2026-01-23T13:44:55.000Z,"Moms, ada ngga dsa surabaya yg kalau kontrol vaksin tiap bulan juga dicek tumbuh kembangnya lumayan lengkap? Mau rekomendasinya donk. Soalnya dsaku skrg kalau kontrol vaksin cuma vaksin aja, paling dicek pake stetoskop habis itu uudah. Perkembangannya udah bisa apa aja ga dicek, cuma suruh ceklis sendiri dari buku pink 🙃  Translate Moms, ada ngga dsa surabaya yg kalau kontrol vaksin tiap bulan juga dicek tumbuh kembangnya lumayan lengkap? Mau rekomendasinya donk. Soalnya dsaku skrg kalau kontrol vaksin cuma vaksin aja, paling dicek pake stetoskop habis itu uudah. Perkembangannya udah bisa apa aja ga dicek, cuma suruh ceklis sendiri dari buku pink 🙃",https://www.threads.com/@jessvalentina/post/DT2vdpEk_WJ,"dsasurabaya",0,0,0,0,NaN
251,q_annisa,2026-03-16T15:04:23.000Z,"Mom izin tanya dong, menurut pengalaman kalian  SE WORTH IT APASIH VAKSIN INFLUENZA? terus efek sampingnya gimana? Mom izin tanya dong, menurut pengalaman kalian  SE WORTH IT APASIH VAKSIN INFLUENZA? terus efek sampingnya gimana? Lagi cape banget bayi dikit2 bapil (fyi lingkungan ku banyak bocil bapil) 1/2 Lagi cape banget bayi dikit2 bapil (fyi lingkungan ku banyak bocil bapil)",https://www.threads.com/@q_annisa/post/DV8x5MRER2q,"Mom Threads",0,0,0,0,NaN
252,putikbunga,2026-04-05T10:07:16.000Z,"Buibuuu.. besok anakku mau vaksin DPT 1, please kasih kiat-kiatnya dong 🥺😭 aku udh sedia tempra, kool fever, cessa merah, dan termometer. Buibuuu.. besok anakku mau vaksin DPT 1, please kasih kiat-kiatnya dong 🥺😭 aku udh sedia tempra, kool fever, cessa merah, dan termometer.",https://www.threads.com/@putikbunga/post/DWvvylnEYLs,"vaksin dpt",0,0,0,0,NaN
253,maisarahmahmud,2026-05-06T13:18:21.000Z,"maisarahmahmudVerified Orang Putrajaya boleh recommend tak clinic yang boleh cucuk vaksin 2 bulan? Esok sepatutnya cucuk vaksin 2 bulan dekat KK tapi kita ikut husband outstation 🥹 Orang Putrajaya boleh recommend tak clinic yang boleh cucuk vaksin 2 bulan? Esok sepatutnya cucuk vaksin 2 bulan dekat KK tapi kita ikut husband outstation 🥹",https://www.threads.com/@maisarahmahmud/post/DX_6TMAEQSI,"",0,0,0,0,NaN
254,mama.nyo.nya,2024-11-21T04:52:26.000Z,"""Mending vaksin di puskesmas/posyandu/bidan atau di DSA?"" ""Mending vaksin di puskesmas/posyandu/bidan atau di DSA?"" Pertanyaan sejuta orang tua baru yang ga ada habisnya, hampir tiap hari aku nemu pertanyaan serupa di Threads 😁 Pertanyaan sejuta orang tua baru yang ga ada habisnya, hampir tiap hari aku nemu pertanyaan serupa di Threads 😁 Aku bantu jawab yaa dengan pertimbangan yang aku ambil waktu dulu memutuskan di mana akan vaksinasi anakku 👇🏻  Translate 1/9 Aku bantu jawab yaa dengan pertimbangan yang aku ambil waktu dulu memutuskan di mana akan vaksinasi anakku 👇🏻",https://www.threads.com/@mama.nyo.nya/post/DCnuTJbSxTg,"",0,0,0,0,NaN
255,indhptw,2025-11-05T09:33:48.000Z,"utk vaksin DPT bagusnya hexaxim atau infanrix ya mam untuk minim rasa nyeri dibekas suntikannya? utk vaksin DPT bagusnya hexaxim atau infanrix ya mam untuk minim rasa nyeri dibekas suntikannya?",https://www.threads.com/@indhptw/post/DQq37VyEwOR,"Mom Threads",0,0,0,0,NaN
256,momokomuyaa_,2026-01-06T13:45:01.000Z,"Kat KL Hospital/ Clinic mana yg ada Vaksin RSV? And brpa cost? Nak survey ..  Translate Kat KL Hospital/ Clinic mana yg ada Vaksin RSV? And brpa cost? Nak survey ..",https://www.threads.com/@momokomuyaa_/post/DTK99kpE9Pz,"vaksin RSV",0,0,0,0,NaN
257,lennysanjoyo,2025-11-08T01:03:08.000Z,"Buat Ibu dan calon Ibu , tolong saran nya dong pentingkah vaksin RSV waktu 32 weeks?  Translate Buat Ibu dan calon Ibu , tolong saran nya dong pentingkah vaksin RSV waktu 32 weeks?",https://www.threads.com/@lennysanjoyo/post/DQxr3wFk1-d,"vaksin RSV",0,0,0,0,NaN
258,vaxinecare,2026-04-14T10:40:59.000Z,"Tips hemat buat lengkapi Vaksin Anak - Vaksin BCG, DPT, Polio, PCV, Rota, MR pake yang subsidi pemerintah, vaksinnya GRATIS - Vaksin tambahan : Flu, JE, Hep A, Varicella, MMR ambil Vaksin di Klinik Vaksin  Translate 1/2 Tips hemat buat lengkapi Vaksin Anak - Vaksin BCG, DPT, Polio, PCV, Rota, MR pake yang subsidi pemerintah, vaksinnya GRATIS - Vaksin tambahan : Flu, JE, Hep A, Varicella, MMR ambil Vaksin di Klinik Vaksin",https://www.threads.com/@vaxinecare/post/DXG-zW-jz4x,"VaksinAnak",0,0,0,0,NaN
259,dr.merryforkids,2025-01-14T11:21:08.000Z,"Bengong dikit, eh vaksin PCV udah update nih Parents.  Beberapa parents, tidak mengetahui bahwa PCV ada beberapa jenis. Perlindungan terhadap strain bakterinya beda-beda. Vaksin PCV ada yang gratis dari pemerintah. Sini saya bahas, vaksin PCV yang perlindungannya terlengkap saat ini di Indonesia! ⬇️  Translate 1/8 Bengong dikit, eh vaksin PCV udah update nih Parents.  Beberapa parents, tidak mengetahui bahwa PCV ada beberapa jenis. Perlindungan terhadap strain bakterinya beda-beda. Vaksin PCV ada yang gratis dari pemerintah. Sini saya bahas, vaksin PCV yang perlindungannya terlengkap saat ini di Indonesia! ⬇️",https://www.threads.com/@dr.merryforkids/post/DEzdtWZz0HG,"",0,0,0,0,NaN
260,nr.hdayah,2026-01-23T10:42:52.000Z,"Harini bawa my 2 months and half baby pergi cucuk RSV vaksin, harga RM2.2k incl consultation. Readystock so walk in je tadi 🫶🏻  Translate Harini bawa my 2 months and half baby pergi cucuk RSV vaksin, harga RM2.2k incl consultation. Readystock so walk in je tadi 🫶🏻 Sunway Medical Centre Velocity",https://www.threads.com/@nr.hdayah/post/DT2aoU_kd-E,"",0,0,0,0,NaN
261,drazween.paeds,2025-12-29T10:01:05.000Z,"FAQ: Dr boleh tak saya nak ambik vaksin influenza utk anak2 kat clinic biasa? FAQ: Dr boleh tak saya nak ambik vaksin influenza utk anak2 kat clinic biasa? Answer :boleh…tapi kalau nak ambik kat paeds clinic lagi recommended sbb…  Translate 1/2 Answer :boleh…tapi kalau nak ambik kat paeds clinic lagi recommended sbb…",https://www.threads.com/@drazween.paeds/post/DS19-YpDws1,"influenza",0,0,0,0,NaN
262,elizasinaga,2026-05-18T10:04:58.000Z,"Vaksin aku rekomen bgt di RSUD moms, bayangin udh sama DSA yg nyuntikin + kontrol jg kitanya cmn kena 60rb saja 🥹 vaksin nya sendiri yg paket DPT, PCV, Rotavirus,Polio 40rb. Jadi total 100rb saja untuk paket vaksin tiap bulan #inipenemuankuterbaik😂 1/2 Vaksin aku rekomen bgt di RSUD moms, bayangin udh sama DSA yg nyuntikin + kontrol jg kitanya cmn kena 60rb saja 🥹 vaksin nya sendiri yg paket DPT, PCV, Rotavirus,Polio 40rb. Jadi total 100rb saja untuk paket vaksin tiap bulan #inipenemuankuterbaik😂",https://www.threads.com/@elizasinaga/post/DYedtSbk7rJ,"Mom Threads",0,0,31,0,NaN
263,galerikufaaa,2026-05-21T09:41:38.000Z,"Niat hati mau vaksin dpt anak di DSA yg minim demam dan sisanya di puskesmas. Terlaksanalah sudah, tapiiiii bagian puskesman di blgin “gausah di DSA lg soalnya DSA ngambilnya ya dr pemerintah disini semua aja. Ngapain bayar mahal2 mending disini bayar 10k aja daper semua vaksin” itu yg pertama. Blm selesai disitu di julidin lg karna sebelum vaksin ditimbang dan ditanya “kok ini dpt nya udah? Dijawab iya bu mau yg minim demam diblg lg  ya semua aja di DSA gausah disini dan  Translate Niat hati mau vaksin dpt anak di DSA yg minim demam dan sisanya di puskesmas. Terlaksanalah sudah, tapiiiii bagian puskesman di blgin “gausah di DSA lg soalnya DSA ngambilnya ya dr pemerintah disini semua aja. Ngapain bayar mahal2 mending disini bayar 10k aja daper semua vaksin” itu yg pertama. Blm selesai disitu di julidin lg karna sebelum vaksin ditimbang dan ditanya “kok ini dpt nya udah? Dijawab iya bu mau yg minim demam diblg lg  ya semua aja di DSA gausah disini dan pas naruh anak di timbagan di bilang gausah nimbah “ndak gelo(bahasa jawa) yang ketiga di blg “aduh mba mending beli buat baju anak aja uangnya” itu semua beda2 org yaaa dan kaget aku pada responnya gitu LAAAAHHH pusinkk akhh  Endingnya aku jg mls vaksin di puskesmas pas naruh anak di timbagan di bilang gausah nimbah “ndak gelo(bahasa jawa) yang ketiga di blg “aduh mba mending beli buat baju anak aja uangnya” itu semua beda2 org yaaa dan kaget aku pada responnya gitu LAAAAHHH pusinkk akhh  Endingnya aku jg mls vaksin di puskesmas pas naruh anak di timbagan di bilang gausah nimbah “ndak gelo(bahasa jawa) yang ketiga di blg “aduh mba mending beli buat baju anak aja uangnya” itu semua beda2 org yaaa dan kaget aku pada responnya gitu LAAAAHHH pusinkk akhh  Endingnya aku jg mls vaksin di puskesmas",https://www.threads.com/@galerikufaaa/post/DYmJbEilPtr,"",0,0,0,0,NaN
264,priscillamadea,2026-05-18T03:29:39.000Z,"“Dok, mau nanya…vaksin yang direkomendasikan buat bumil (TDAP dan RSV) itu sebenarnya perlu banget ngga sih?” “Dok, mau nanya…vaksin yang direkomendasikan buat bumil (TDAP dan RSV) itu sebenarnya perlu banget ngga sih?” Pertanyaan ini akhir-akhir ini mulai sering muncul di poli. Pertanyaan ini akhir-akhir ini mulai sering muncul di poli. Sudah ada yang pernah dapat edukasi soal vaksin ini saat kontrol hamil?  Translate 1/3 Sudah ada yang pernah dapat edukasi soal vaksin ini saat kontrol hamil?",https://www.threads.com/@priscillamadea/post/DYdwd8nGjCS,"vaksin bumil",0,0,0,0,NaN
265,nauraselenakim_,2026-05-04T02:44:01.000Z,"Sebetulnya anak itu harus vaksin berdasarkan tabel yang mana ya? Karena di tabel kiri (KIA) ada beberapa vaksin yg ga ada di tabel kanan (IDAI). Mohon pencerahannya para pegiat vaksin anak. Yg antivax skip aja kalian bukan golonganku🫸🏻🫷🏻 (Bonus foto bayik baru abis vaksin keroyokan😝🤏🏻)  Translate Sebetulnya anak itu harus vaksin berdasarkan tabel yang mana ya? Karena di tabel kiri (KIA) ada beberapa vaksin yg ga ada di tabel kanan (IDAI). Mohon pencerahannya para pegiat vaksin anak. Yg antivax skip aja kalian bukan golonganku🫸🏻🫷🏻 (Bonus foto bayik baru abis vaksin keroyokan😝🤏🏻)",https://www.threads.com/@nauraselenakim_/post/DX5oHihiRxv,"VaksinAnak",0,0,0,0,NaN
266,imelaniemelanie,2026-05-05T09:25:40.000Z,"Adakah disini yang anaknya sudah VAKSIN INFLUENZA👆🏻 Seberapa pentingkah vaksin tersebut ? Butuh  insight dan honest reviewnya nih Moms Dads Dok…😊🙏🏻  Translate Adakah disini yang anaknya sudah VAKSIN INFLUENZA👆🏻 Seberapa pentingkah vaksin tersebut ? Butuh  insight dan honest reviewnya nih Moms Dads Dok…😊🙏🏻",https://www.threads.com/@imelaniemelanie/post/DX864HOkf3H,"",0,0,0,0,NaN
267,khoerunisarhmh,2026-05-17T09:30:34.000Z,"Mom, tips melewati vaksin DPT 1 dong. Mending dikompres panas atau dingin ya? Trus pake by by fever itu dijidat atau dibekas suntikan?  Translate Mom, tips melewati vaksin DPT 1 dong. Mending dikompres panas atau dingin ya? Trus pake by by fever itu dijidat atau dibekas suntikan?",https://www.threads.com/@khoerunisarhmh/post/DYb0-g5Eg4-,"Mom Threads",0,0,0,0,NaN
268,nabillabakda,2026-05-03T12:40:52.000Z,"Bedanya vaksin MR pemerintah sama DSA apa si ? Vaksin MR bikin demam g ? Bedanya vaksin MR pemerintah sama DSA apa si ? Vaksin MR bikin demam g ?",https://www.threads.com/@nabillabakda/post/DX4HoDJiYtm,"VaksinAnak",0,0,0,0,NaN
269,arin_ft_,2026-05-06T01:31:44.000Z,"Mintak rekomendasi DSA / RS yg bisa vaksin HFMD ( flu singapore ) yang murce bun area Mojokerto  Kasusnya lagi meningkat tp ada plan mau liburan , jd kayaknya mending vaksin dulu  Translate Mintak rekomendasi DSA / RS yg bisa vaksin HFMD ( flu singapore ) yang murce bun area Mojokerto  Kasusnya lagi meningkat tp ada plan mau liburan , jd kayaknya mending vaksin dulu",https://www.threads.com/@arin_ft_/post/DX-pb3jEyil,"mojokerto",0,0,0,0,NaN
270,_belladina,2026-04-28T04:16:11.000Z,"Info dong warga pekanbaru, vaksin Japanese Encephalitis tersedia dimana 🙏🏻  Translate Info dong warga pekanbaru, vaksin Japanese Encephalitis tersedia dimana 🙏🏻",https://www.threads.com/@_belladina/post/DXqV5QzAScM,"Vaksin",0,0,0,0,NaN
271,haaynaw_,2026-04-29T09:55:40.000Z,"Buibu rekomendasiin vaksin influenza sekitar Purwakarta dong, plus harganya yaaa. Terimakasih 😚 Buibu rekomendasiin vaksin influenza sekitar Purwakarta dong, plus harganya yaaa. Terimakasih 😚",https://www.threads.com/@haaynaw_/post/DXthimxEkEV,"",0,0,0,0,NaN
272,phyzha,2025-11-17T06:30:42.000Z,"Mommies nak tanya ada tak mommies yang ambil vaksin RSV? Since harga dia terkejut juga dengar. Any mommies yang ambil? Recommended ke untuk ambil? TQ 🥰  Translate Mommies nak tanya ada tak mommies yang ambil vaksin RSV? Since harga dia terkejut juga dengar. Any mommies yang ambil? Recommended ke untuk ambil? TQ 🥰",https://www.threads.com/@phyzha/post/DRJcgzxEnnC,"Pregnancy Threads",0,0,0,0,NaN
273,nawangadew,2026-05-06T06:06:21.000Z,"buibuuu, yang anaknya vaksin full di puskes/posyandu, vaksin JE ini emang di skip kah? karena di bukunya ada, tapi waktu nanya ke dokter di puskes kok blgnya ""ga ada"" ya? apa baru di kota tertentu aja kah? please insightnya, thankyouu hehe  Translate buibuuu, yang anaknya vaksin full di puskes/posyandu, vaksin JE ini emang di skip kah? karena di bukunya ada, tapi waktu nanya ke dokter di puskes kok blgnya ""ga ada"" ya? apa baru di kota tertentu aja kah? please insightnya, thankyouu hehe",https://www.threads.com/@nawangadew/post/DX_I3OXmnLn,"Mom Threads",0,0,0,0,NaN
274,lailatulkhikmiyah,2026-05-18T03:47:10.000Z,"anakku 10 bulan belum vaksin campak, karena pas mau vaksin qadarullah sakit. ini rencana pas sembuh mau vaksin campak dulu trus menysul HFMD sm influenza baiknya di jeda atau barengan boleh tidak ya?  Translate anakku 10 bulan belum vaksin campak, karena pas mau vaksin qadarullah sakit. ini rencana pas sembuh mau vaksin campak dulu trus menysul HFMD sm influenza baiknya di jeda atau barengan boleh tidak ya?",https://www.threads.com/@lailatulkhikmiyah/post/DYdyeN9kRnv,"",0,0,0,0,NaN
275,dokterapin,2026-01-27T09:34:25.000Z,"dokterapinVerified Mayoritas kasus yang kami temui dan rawat adalah: yang tidak diimunisasi sama sekali, atau tidak lengkap imunisasinya. Inilah mengapa kami selalu mencoba memberikan edukasi berbasis bukti dan ilmu. (Data statistik terkini dan angka serta analisis menyusul)  Translate Mayoritas kasus yang kami temui dan rawat adalah: yang tidak diimunisasi sama sekali, atau tidak lengkap imunisasinya. Inilah mengapa kami selalu mencoba memberikan edukasi berbasis bukti dan ilmu. (Data statistik terkini dan angka serta analisis menyusul)",https://www.threads.com/@dokterapin/post/DUAl-dNEQAa,"",0,0,0,0,NaN
276,makganak_galak,2026-01-27T18:20:38.000Z,"Apaan, anak saya vaksin lengkap, lebaran kmren hampir meninggoy juga kena campak yg udh nyebar jd pneumonia...jd saya ga prcaya dah vaksin itu melindungi..meminimalisir aja engga..  Translate Apaan, anak saya vaksin lengkap, lebaran kmren hampir meninggoy juga kena campak yg udh nyebar jd pneumonia...jd saya ga prcaya dah vaksin itu melindungi..meminimalisir aja engga..",https://www.threads.com/@makganak_galak/post/DUBiMpOCPFq,"",0,0,0,0,NaN
277,lisavindia,2026-05-06T11:36:29.000Z,"anak ku hari ini habis vaksin dpt, pcv & rotavirus (kombo 3 vaksin). malam ini demam 37,4 sebaiknya langsung diberikan sanmol / biarin demamnya reda sendiri ya moms? anak ku hari ini habis vaksin dpt, pcv & rotavirus (kombo 3 vaksin). malam ini demam 37,4 sebaiknya langsung diberikan sanmol / biarin demamnya reda sendiri ya moms?",https://www.threads.com/@lisavindia/post/DX_upGgiS1f,"",0,0,0,0,NaN
278,mataharisenjamuu,2026-05-07T05:25:40.000Z,"buibu, setelah vaksin anak lengkap (yg standar pemerintah), ada yang udh vaksin tambahan ga? kayak JE, influenza dll gitu. pokoknya yg selain standar pemerintah. soalnya td kan aku vaksin anakku yg DPT booster. trus bidannya bilang nnti ada vaksin lagi waktu SD, yg sekarang udh selesai. nah aku nyeletuk, ""oh iya paling klo mau vaksin yang lain2 ke DSA ya bu"". trus ibu bidannya bilang ""ga usahlah yang lain2, kasian anakmu. yang standar pemerintah ...  Translate 1/2 buibu, setelah vaksin anak lengkap (yg standar pemerintah), ada yang udh vaksin tambahan ga? kayak JE, influenza dll gitu. pokoknya yg selain standar pemerintah. soalnya td kan aku vaksin anakku yg DPT booster. trus bidannya bilang nnti ada vaksin lagi waktu SD, yg sekarang udh selesai. nah aku nyeletuk, ""oh iya paling klo mau vaksin yang lain2 ke DSA ya bu"". trus ibu bidannya bilang ""ga usahlah yang lain2, kasian anakmu. yang standar pemerintah ...",https://www.threads.com/@mataharisenjamuu/post/DYBpAFKiYtr,"Mom Threads",0,0,0,0,NaN
279,ceritaanakkrantauu,2026-02-09T12:20:33.000Z,"Yg di jogjaaaa, anaknya vaksin dimanaa yaa? Rencana mau vaksin influenza anak. Tp masih cari2 di jogja. Sebelumnya di tempat rantauan kalo vaksiiiin. Kalo bisa sekalian pricelistnya ya buibuuuu🤗  Translate Yg di jogjaaaa, anaknya vaksin dimanaa yaa? Rencana mau vaksin influenza anak. Tp masih cari2 di jogja. Sebelumnya di tempat rantauan kalo vaksiiiin. Kalo bisa sekalian pricelistnya ya buibuuuu🤗",https://www.threads.com/@ceritaanakkrantauu/post/DUiXUm2EkU_,"vaksin anak",0,0,0,0,NaN
280,inyasputper,2026-04-24T13:44:52.000Z,"Habis vaksin campak karna KLB CAMPAK…  Ehhh malah KIPI VAKSIN (RUAM DIBADAN DAN GATAL ) 🫠 Habis vaksin campak karna KLB CAMPAK…  Ehhh malah KIPI VAKSIN (RUAM DIBADAN DAN GATAL ) 🫠",https://www.threads.com/@inyasputper/post/DXhDy5YgRbU,"",0,0,0,0,NaN
281,hennyyyyk,2026-05-12T13:29:26.000Z,"moms, mending vaksin satu satu atau langsung dua yaa? minggu depan uda jadwalnya vaksin DPT, PCV & rotavirus 🫠 dilema bgt  Translate moms, mending vaksin satu satu atau langsung dua yaa? minggu depan uda jadwalnya vaksin DPT, PCV & rotavirus 🫠 dilema bgt",https://www.threads.com/@hennyyyyk/post/DYPYVrLk3Wd,"Mom Threads",0,0,0,0,NaN
282,juliaarsandi,2026-03-07T06:31:34.000Z,"Td baru visit school anakku yg baru pertanyaanku pas daftar “disini harus ada bukti vaksin kan?” Dan dijawab “iya bu jdi nanti tolong foto copy buku vaksinnya ya”  Jadiii klo diblg se anti itu saya dgn antivax😭  Translate Td baru visit school anakku yg baru pertanyaanku pas daftar “disini harus ada bukti vaksin kan?” Dan dijawab “iya bu jdi nanti tolong foto copy buku vaksinnya ya”  Jadiii klo diblg se anti itu saya dgn antivax😭",https://www.threads.com/@juliaarsandi/post/DVksDXjE459,"",0,0,0,0,NaN
283,ekaluthfia,2026-05-23T12:11:28.000Z,"Hari ini Naren vaksin DPT 1 🫶🏻 Karena lagi di Jogja dan emang udah jadwalnya vaksin, akhirnya memutuskan ke RSA UGM karna setelah bandingin harganya sama beberapa RS lebih murah. Terus pas selesai nimbang sama perawatnya ditanyain, ""untuk yg Rotavirus dan PCV mau yg berbayar atau pemerintah bu?"" Kaget donggg ternyata bisa di mix, karena niatnya aku kesini mau vaksin DPT aja untuk rota sama PCV di pkm yg gratis wkwkwkwk -  Translate 1/3 Hari ini Naren vaksin DPT 1 🫶🏻 Karena lagi di Jogja dan emang udah jadwalnya vaksin, akhirnya memutuskan ke RSA UGM karna setelah bandingin harganya sama beberapa RS lebih murah. Terus pas selesai nimbang sama perawatnya ditanyain, ""untuk yg Rotavirus dan PCV mau yg berbayar atau pemerintah bu?"" Kaget donggg ternyata bisa di mix, karena niatnya aku kesini mau vaksin DPT aja untuk rota sama PCV di pkm yg gratis wkwkwkwk -",https://www.threads.com/@ekaluthfia/post/DYrkKLXkre5,"",0,0,0,0,NaN
284,lilyfindsdaily,2026-05-05T05:46:07.000Z,"After getting the MMR (measles–mumps–rubella) vaccine, the baby had a mild fever and cries every time we put them down. The baby won’t let dad hold them, and mom is so sleepy she can barely keep her eyes open. So in the end, dad just had to become a ‘human support stand’ for both mom and baby to lean on. 🤡 After getting the MMR (measles–mumps–rubella) vaccine, the baby had a mild fever and cries every time we put them down. The baby won’t let dad hold them, and mom is so sleepy she can barely keep her eyes open. So in the end, dad just had to become a ‘human support stand’ for both mom and baby to lean on. 🤡",https://www.threads.com/@lilyfindsdaily/post/DX8hsDICjmi,"",759,5700,92800,5200,NaN
285,darryl.taylor62,2025-09-06T03:12:45.000Z,"I'm now waiting for the Australian government travel advisory website to start saying ""Proof of vaccination for the following is mandatory before applying for a visa to Australia"". If all countries did it, we might just protect ourselves from Rubella,  Polio, Measles,  Whooping Cough.. the potential list is huge. I'm now waiting for the Australian government travel advisory website to start saying ""Proof of vaccination for the following is mandatory before applying for a visa to Australia"". If all countries did it, we might just protect ourselves from Rubella,  Polio, Measles,  Whooping Cough.. the potential list is huge.",https://www.threads.com/@darryl.taylor62/post/DOPsn9MkgkS,"Americans",0,0,0,0,NaN
286,ichiie95,2026-05-25T09:11:37.000Z,"cucuk 2 bulan 💉 cucuk 2 bulan 💉 ⚖️ 6,4kg  📏 60cm  🍼full asi  😍🥰😘 ⚖️ 6,4kg  📏 60cm  🍼full asi  😍🥰😘",https://www.threads.com/@ichiie95/post/DYwZKvTCQWU,"imunisasi",0,0,0,0,NaN
287,canda_senja,2026-05-25T06:06:23.000Z,"Saat ekonomi sedang turun, aku baru tahu ternyata sekarang imunisasi di puskesmas gratis tanpa BPJS  Translate Saat ekonomi sedang turun, aku baru tahu ternyata sekarang imunisasi di puskesmas gratis tanpa BPJS",https://www.threads.com/@canda_senja/post/DYwD-A8mIU_,"",0,0,0,0,NaN
288,dhytaaaaaapuspita,2026-05-25T09:45:48.000Z,"Buibu. Anaknya yg baru imunisasi DPT 2, apakah ada yg demam? Buibu. Anaknya yg baru imunisasi DPT 2, apakah ada yg demam?",https://www.threads.com/@dhytaaaaaapuspita/post/DYwdFEImZnY,"",0,0,0,0,NaN
289,tommykhoirlin,2026-05-24T08:07:25.000Z,"tommykhoirlinVerified Warga, khususnya nakes. Nanya dong. Kan banyak nakes ngeluh income nya kecil yah. Tp barusan anak imunisasi hampir 700rb untuk konsul dan nyuntik aja. Sama vaksin nya jadi total 1.6jt. Emang itungannya gmna sih sama rumah sakit? Bagi hasil atau gimana? Itu 700rb baru 1 pasien. sehari  bisa puluhan membayar yang memang untuk biaya tenaga/pendidikan dokter dia. Btw ini murni penasaran bukan ingin menjatuhkan siapa2  Translate 1/2 Warga, khususnya nakes. Nanya dong. Kan banyak nakes ngeluh income nya kecil yah. Tp barusan anak imunisasi hampir 700rb untuk konsul dan nyuntik aja. Sama vaksin nya jadi total 1.6jt. Emang itungannya gmna sih sama rumah sakit? Bagi hasil atau gimana? Itu 700rb baru 1 pasien. sehari  bisa puluhan membayar yang memang untuk biaya tenaga/pendidikan dokter dia. Btw ini murni penasaran bukan ingin menjatuhkan siapa2",https://www.threads.com/@tommykhoirlin/post/DYttBl1E5xx,"",0,0,0,0,NaN
290,zakyahmikdaad,2024-09-21T12:08:30.000Z,"Pasca imunisasi Dpt1, polio2,pcv,sama rotavirus demamnya 4 hari masih ada 🥲, langsung ku bawa igd cintaku inii imunisasi  Translate Pasca imunisasi Dpt1, polio2,pcv,sama rotavirus demamnya 4 hari masih ada 🥲, langsung ku bawa igd cintaku inii imunisasi",https://www.threads.com/@zakyahmikdaad/post/DALbtmiTjUE,"imunisasi",0,0,0,0,NaN
291,geried.rizq,2024-09-23T00:18:31.000Z,"Buibu, emang bener ya imunisasi DPT 2 lebih parah demam nya daripada DPT 1? 1/2 Buibu, emang bener ya imunisasi DPT 2 lebih parah demam nya daripada DPT 1?",https://www.threads.com/@geried.rizq/post/DAPUDQwzY45,"",0,0,0,0,NaN
292,drdicky.anak,2026-04-10T04:02:43.000Z,"Habis imunisasi… banyak orang tua langsung kasih obat penurun panas Habis imunisasi… banyak orang tua langsung kasih obat penurun panas Padahal anaknya belum demam Belum rewel Padahal anaknya belum demam Belum rewel “Biar nggak panas duluan, dok” “Biar nggak panas duluan, dok” Tapi… apakah ini perlu? 🤔  Translate 1/6 Tapi… apakah ini perlu? 🤔",https://www.threads.com/@drdicky.anak/post/DW7-C2ckyKw,"Mom Threads",0,0,0,0,NaN
293,fariez1023,2026-03-18T02:20:24.000Z,"Banyak moms & dads bingung: “Kenapa imunisasi di posyandu gratis, tapi di dokter anak bisa jutaan? Apa bedanya vaksinnya? Lebih bagus yang mana?” Yuk kita bahas fakta berdasarkan info dari Kemenkes, IDAI, dan pengalaman orang tua. No judgement, pure edukasi! 👶💉 #ImunisasiAnak #ParentingIndonesia  Translate 1/10 Banyak moms & dads bingung: “Kenapa imunisasi di posyandu gratis, tapi di dokter anak bisa jutaan? Apa bedanya vaksinnya? Lebih bagus yang mana?” Yuk kita bahas fakta berdasarkan info dari Kemenkes, IDAI, dan pengalaman orang tua. No judgement, pure edukasi! 👶💉 #ImunisasiAnak #ParentingIndonesia",https://www.threads.com/@fariez1023/post/DWAkDWUEp0p,"",0,0,0,0,NaN
294,hadyanaaa,2026-04-13T05:23:28.000Z,"Hey ibu2 anakku udah lulus imunisasi di usia 20 bulan 🫶🏻 Hey ibu2 anakku udah lulus imunisasi di usia 20 bulan 🫶🏻",https://www.threads.com/@hadyanaaa/post/DXD1q56GO1f,"",0,0,0,0,NaN
295,official.primaku,2026-01-22T14:15:54.000Z,"official.primakuVerified Semua imunisasi anak bisa dikejar kalo telat, kecuali satu. Apa hayo, ada yang bisa tebak?  Translate Semua imunisasi anak bisa dikejar kalo telat, kecuali satu. Apa hayo, ada yang bisa tebak?",https://www.threads.com/@official.primaku/post/DT0ONwMkv3o,"",0,0,0,0,NaN
296,matcha_sthetic,2026-01-08T08:59:46.000Z,"Moms disini ada nggak yaa yg vaksin DPT di DSA, tapi PCV dan Rota di puskesmas? Sebenernya pengen semuanya ke DSA, tapi ternyata lumayan juga yaaa 🥹  Translate Moms disini ada nggak yaa yg vaksin DPT di DSA, tapi PCV dan Rota di puskesmas? Sebenernya pengen semuanya ke DSA, tapi ternyata lumayan juga yaaa 🥹",https://www.threads.com/@matcha_sthetic/post/DTPm6DHEtOS,"imunisasi",0,0,0,0,NaN
297,afiihsn,2026-01-31T23:51:00.000Z,"Buibuuu adakah yang lagi cari dentist untuk anak di daerah Jogja? Aku mau rekomendasikan tempat imunisasi gigi anak di Jogja yang menurutku bagussss 😍 Ada mini playground yang menarik banget, ruang tindakan bersih, dokter dan perawat gigi ramah banget, bahkan setelah selesai tindakan boleh pilih mainan apapun (masih segel semua) yang ada di ruangan dokternya 🥰💓  Translate 1/3 Buibuuu adakah yang lagi cari dentist untuk anak di daerah Jogja? Aku mau rekomendasikan tempat imunisasi gigi anak di Jogja yang menurutku bagussss 😍 Ada mini playground yang menarik banget, ruang tindakan bersih, dokter dan perawat gigi ramah banget, bahkan setelah selesai tindakan boleh pilih mainan apapun (masih segel semua) yang ada di ruangan dokternya 🥰💓",https://www.threads.com/@afiihsn/post/DUMbLzbEwhR,"dokter gigi anak",0,0,0,0,NaN
298,hangestiya,2026-05-15T00:30:24.000Z,"Bayi 1,5 tahunku berhasil lulus imunisasi dasarrr. Horeee🥳  Translate 1/3 Bayi 1,5 tahunku berhasil lulus imunisasi dasarrr. Horeee🥳",https://www.threads.com/@hangestiya/post/DYVtkbKk7mM,"",400,0,1200,0,NaN
299,geried.rizq,2026-03-04T15:16:38.000Z,"Akhirnya setelah satu bulanan nunggu, jadi juga Sertifikat Imunisasi anakku 🥳 aku usahakan yang terbaik buat anak, kalau ada rejeki lebih mau vaksin juga yang diluar buku KIA. Buat yang anti vaksin jauh-jauh ya IZINNN 🙏🙏🙏  Translate Akhirnya setelah satu bulanan nunggu, jadi juga Sertifikat Imunisasi anakku 🥳 aku usahakan yang terbaik buat anak, kalau ada rejeki lebih mau vaksin juga yang diluar buku KIA. Buat yang anti vaksin jauh-jauh ya IZINNN 🙏🙏🙏",https://www.threads.com/@geried.rizq/post/DVd5wYmk-1P,"",0,0,0,0,NaN
300,iisnurkholisyah,2026-01-28T07:04:32.000Z,"kl ga main threads aku gabakalan tau ternyata di hermina bekasi ada imunisasi gratis dan cukup bayar dokternya aja. Akhirnya bisa sekalian konsul juga sm dr favorit nya bu ibu bekasehh Dr erwin lukas 🤩 kl ga main threads aku gabakalan tau ternyata di hermina bekasi ada imunisasi gratis dan cukup bayar dokternya aja. Akhirnya bisa sekalian konsul juga sm dr favorit nya bu ibu bekasehh Dr erwin lukas 🤩 btw imunisasi gratisnya setiap hari rabu dan terbatas ya moms  Translate 1/2 btw imunisasi gratisnya setiap hari rabu dan terbatas ya moms",https://www.threads.com/@iisnurkholisyah/post/DUC5nnVE3Q0,"imunisasi",0,0,0,0,NaN
301,mba_bantuin,2026-02-07T02:35:06.000Z,"BENTAR PASIEN RAWAT JALAN MAU NGAMUK DULU . BENTAR PASIEN RAWAT JALAN MAU NGAMUK DULU . ORANG LAIN GAK IMUNISASI BODOAMAT , ANAK IPARKU GAK IMUNISASI TETEP KEKEH GAK IMUNISASI  ANAKNYA BARU 10 BULAN MINGGU KEMAREN KENA PNEUMONIA DAN GIZI BURUK MINGGU INI KENA TAMPEK . ORANG LAIN GAK IMUNISASI BODOAMAT , ANAK IPARKU GAK IMUNISASI TETEP KEKEH GAK IMUNISASI  ANAKNYA BARU 10 BULAN MINGGU KEMAREN KENA PNEUMONIA DAN GIZI BURUK MINGGU INI KENA TAMPEK . ANAK 10 BULAN BERAT CUMA 5, KG DIBILANGIN IMUNISASI TAPI ADA AJA JAWABANNYA . 🫵🏻🫵🏻🫵🏻 AKU NGAMOK AJA DISINI YA .  Bayangin gak kalau dia main sama anakku bisa NULARIN ITU VIRUS BOSOKKKKKKKKKKKKKKKKKK BUUUUUOOOOOOOOSSSSSOOOKKK DIA LULUSAN KULIAHAN TAPI aneh .  Translate 1/2 ANAK 10 BULAN BERAT CUMA 5, KG DIBILANGIN IMUNISASI TAPI ADA AJA JAWABANNYA . 🫵🏻🫵🏻🫵🏻 AKU NGAMOK AJA DISINI YA .  Bayangin gak kalau dia main sama anakku bisa NULARIN ITU VIRUS BOSOKKKKKKKKKKKKKKKKKK BUUUUUOOOOOOOOSSSSSOOOKKK DIA LULUSAN KULIAHAN TAPI aneh .",https://www.threads.com/@mba_bantuin/post/DUcKu7BE6gd,"imunisasi",0,0,0,0,NaN
302,rizkyhsnitjg,2026-01-20T16:35:20.000Z,"Mau minta masukan bunda2 di Threads, anakku tadi pagi imunisasi DPT 1. Demamnya muncul setelah 4 jam, dan sampe skrng jam 11 malam belum reda juga + kaki sebelah kanan juga bengkak itu wajar ga sih mom’s?😭 Please dong bunda, bagi tips nya biar demamnya cepat turun. Aku udah lakuin semua trik yg muncul di FYP tapi tetap ga selamat dr demam DPT ini 🥹 Kasihan liat anak sendiri meringis kesakitan, mamanya jadi ikutan nangis nih bund. Mau minta masukan bunda2 di Threads, anakku tadi pagi imunisasi DPT 1. Demamnya muncul setelah 4 jam, dan sampe skrng jam 11 malam belum reda juga + kaki sebelah kanan juga bengkak itu wajar ga sih mom’s?😭 Please dong bunda, bagi tips nya biar demamnya cepat turun. Aku udah lakuin semua trik yg muncul di FYP tapi tetap ga selamat dr demam DPT ini 🥹 Kasihan liat anak sendiri meringis kesakitan, mamanya jadi ikutan nangis nih bund. Anaknya baru bisa bobo, makanya baru nanya jam segini 🙌🏻  Translate 1/2 Anaknya baru bisa bobo, makanya baru nanya jam segini 🙌🏻",https://www.threads.com/@rizkyhsnitjg/post/DTvUlMfE1EU,"Mom Threads",0,0,0,0,NaN
303,lindanadhira_,2026-05-07T06:12:53.000Z,"Share dong yg anaknya pernah imunisasi gigi? Kira² berapa ya biayanya?  Translate Share dong yg anaknya pernah imunisasi gigi? Kira² berapa ya biayanya?",https://www.threads.com/@lindanadhira_/post/DYBuZ3UGVDp,"",0,0,0,0,NaN
304,danianovitaap,2026-02-04T11:34:47.000Z,"Ada gak sih bu ibu yang imunisasi DPT di DSA terus  imunisasi lainnya ikut posyandu/puskesmas?  Translate Ada gak sih bu ibu yang imunisasi DPT di DSA terus  imunisasi lainnya ikut posyandu/puskesmas?",https://www.threads.com/@danianovitaap/post/DUVaHE2k6x8,"",0,0,0,0,NaN
305,qoonnii,2026-05-18T01:36:03.000Z,"imunisasi gigi underrated banget! kemaren buat utas nanyain klinik/RS buat imunisasi gigi anak yg under the price. belum ada yg rekomendasiin disinii. warga jogja ada yg tau ini dimana? 1/2 imunisasi gigi underrated banget! kemaren buat utas nanyain klinik/RS buat imunisasi gigi anak yg under the price. belum ada yg rekomendasiin disinii. warga jogja ada yg tau ini dimana?",https://www.threads.com/@qoonnii/post/DYdjd9tiZKn,"Mom Threads",0,0,0,0,NaN
306,dmss_mr,2026-05-18T06:55:29.000Z,"bu ibu ada yg anaknya punya kejang trs di imunisasi DPT 1 ga ya?  ga tega waktu nangis kejer kek gini sampe dia kejang lagi. padahal udah dikasih DSA obat penurun panas khusus anak yg punya riwayat kejang  Translate 1/2 bu ibu ada yg anaknya punya kejang trs di imunisasi DPT 1 ga ya?  ga tega waktu nangis kejer kek gini sampe dia kejang lagi. padahal udah dikasih DSA obat penurun panas khusus anak yg punya riwayat kejang",https://www.threads.com/@dmss_mr/post/DYeIBkuk6FE,"",0,0,0,0,NaN
307,ajengmonaa,2025-04-22T23:56:33.000Z,"Ngeliat fenomena ibu2 yg ga mau imunisasi anaknya, aku jd berniat kalo nanti anak mau bawa calonnya ke rumah aku minta dulu bukti imunisasinya. Ngeliat fenomena ibu2 yg ga mau imunisasi anaknya, aku jd berniat kalo nanti anak mau bawa calonnya ke rumah aku minta dulu bukti imunisasinya. Aku gamau ah besanan sm orang yg manja, bebel & gamau pinter 😭  Translate 1/3 Aku gamau ah besanan sm orang yg manja, bebel & gamau pinter 😭",https://www.threads.com/@ajengmonaa/post/DIxKD3dyQ8M,"",88,0,2400,0,NaN
308,camelia_peony21,2026-05-09T05:41:14.000Z,"Bila org tya Aku seronok ke refuse vaksin n digelar antivaksin Aku cakap Aku sgt2 gembira dgn pilihan yg Aku buat sekurg-,kurgnya Aku tak perlu jejak Kaki ke hospital selalu n tidak sesak² ikut ambik no giliran,alhamdulillah Allah sebaik² pelindung,Bila Aku tgk org yg full dose kejap2 ulang alik ke hospital Aku sedar yg nikmat kesihatan yg sihat itu terlalu Mahal utkku.  Translate Bila org tya Aku seronok ke refuse vaksin n digelar antivaksin Aku cakap Aku sgt2 gembira dgn pilihan yg Aku buat sekurg-,kurgnya Aku tak perlu jejak Kaki ke hospital selalu n tidak sesak² ikut ambik no giliran,alhamdulillah Allah sebaik² pelindung,Bila Aku tgk org yg full dose kejap2 ulang alik ke hospital Aku sedar yg nikmat kesihatan yg sihat itu terlalu Mahal utkku.",https://www.threads.com/@camelia_peony21/post/DYG0X3Sn_n9,"",0,0,0,0,NaN
309,dramirulamzar,2026-05-19T06:37:57.000Z,"Hujah antivaksin;: ""Dr tau apa, dr sendiri tengok ke macam mana vaksin tu dihasilkan?"" Hujah antivaksin;: ""Dr tau apa, dr sendiri tengok ke macam mana vaksin tu dihasilkan?"" Dulu susah nak jawab. Sekarang, voila! Saya tengok the whole thing! Dulu susah nak jawab. Sekarang, voila! Saya tengok the whole thing! Bermula dari cell bank, propagation, harvesting, isolation, purification, formulation, filling, visual inspection, dan akhir sekali quality control. Bermula dari cell bank, propagation, harvesting, isolation, purification, formulation, filling, visual inspection, dan akhir sekali quality control. Dr Amirul dah naik level!  Translate 1/2 Dr Amirul dah naik level!",https://www.threads.com/@dramirulamzar/post/DYgqz9yEWne,"",0,0,1700,0,NaN
310,esadeaz,2026-02-05T04:12:58.000Z,"Katanya antivaksin Katanya antivaksin Pas kena paku karat panik karena ga disuntik anti tetanus Pas kena paku karat panik karena ga disuntik anti tetanus Idih alah!  Translate Idih alah!",https://www.threads.com/@esadeaz/post/DUXMV7TEhuH,"",0,0,1600,0,NaN
311,farahanani33,2026-05-09T23:07:22.000Z,"Tak setuju bukannya bermaksud terus jadi anti. Tak setuju bukannya bermaksud terus jadi anti. Tetapi kalau bab antivaksin memang semua dia bungkus sekali takde pilih pilih dah otak benak tu. Tetapi kalau bab antivaksin memang semua dia bungkus sekali takde pilih pilih dah otak benak tu. Vitamin K pun dia anggap racun. Vitamin K pun dia anggap racun. Itulah masalah otak antivaksin ni, dia macam ada urat putus sikit. Itulah masalah otak antivaksin ni, dia macam ada urat putus sikit.",https://www.threads.com/@farahanani33/post/DYIsF5OEzlg,"",0,0,0,0,NaN
312,fajrianhaikalfaros,2026-03-09T06:51:59.000Z,"Dokter sekaligus Ustadz mendukung vaksin ✅ Temen gue Hafizh Quran plus dokter dukung vaksin ✅ Guru gue koas ahli oncology KHOM plus Islam nya sangat kuat dukung vaksin ✅ Dokter sekaligus Ustadz mendukung vaksin ✅ Temen gue Hafizh Quran plus dokter dukung vaksin ✅ Guru gue koas ahli oncology KHOM plus Islam nya sangat kuat dukung vaksin ✅ Ente bukan siapa2 gapernah belajar ilmu kedokteran & sains—> antivaksin dan sok2an bilang kami antek yahudi,Dajjal dll Naudzubillahiminzalik. Its sickening, gimana klo sebenrnya yg kena fitnah dunia itu kalian para antivaksin  Translate Ente bukan siapa2 gapernah belajar ilmu kedokteran & sains—> antivaksin dan sok2an bilang kami antek yahudi,Dajjal dll Naudzubillahiminzalik. Its sickening, gimana klo sebenrnya yg kena fitnah dunia itu kalian para antivaksin",https://www.threads.com/@fajrianhaikalfaros/post/DVp3-mVkQw4,"",48,0,3500,0,NaN
313,fajrianhaikalfaros,2026-02-17T19:58:27.000Z,"Wait, kynov ini lulusan komunikasi, cuma modal pelatihan abal2 but brani ngotot nyebarin antivaksin ampe bikin orang takut vaksin?Girl, klo postingan lo lenyap bsk, kita smua malah tepuk tangan lega.Pernah belajar imunologi, epidemiologi/ kedokteran berbasis EBM apa cm buat orang bahaya? Lo bukan nolong nyawa lo malah ngejebak orang kena penyakit yang bisa dicegah!Trus lo nuduh gw matiin rezeki lo? Lo bukan ahli. Lo ancaman kesehatan masyarakat. Bayar korban lo atas bahaya yg lo sebarkan.The END  Translate Wait, kynov ini lulusan komunikasi, cuma modal pelatihan abal2 but brani ngotot nyebarin antivaksin ampe bikin orang takut vaksin?Girl, klo postingan lo lenyap bsk, kita smua malah tepuk tangan lega.Pernah belajar imunologi, epidemiologi/ kedokteran berbasis EBM apa cm buat orang bahaya? Lo bukan nolong nyawa lo malah ngejebak orang kena penyakit yang bisa dicegah!Trus lo nuduh gw matiin rezeki lo? Lo bukan ahli. Lo ancaman kesehatan masyarakat. Bayar korban lo atas bahaya yg lo sebarkan.The END",https://www.threads.com/@fajrianhaikalfaros/post/DU3yFcvk58-,"",0,0,0,0,NaN
314,dr.anisa_ch,2026-03-27T06:58:53.000Z,"dr.anisa_chVerified Sejawat yang meninggal karena campak saat bertugas …  Masih adakah orang yang dzalim seperti bude wellness yang ANTIVAKSIN ?  Sadar atau tidak menyebarkan informasi salah yang tidak sesuai dengan ranah bisa berimpact dosa jariyah ..  Yang ANTIVAKSIN gak cm mendzalimi anak nya tapi juga orang lain diantaranya para nakes yg merawat kaian  . Semoga husnul khatiman untuk beliau2 ini & tidak ada lagi antivaksin2 di Indo  Translate Sejawat yang meninggal karena campak saat bertugas …  Masih adakah orang yang dzalim seperti bude wellness yang ANTIVAKSIN ?  Sadar atau tidak menyebarkan informasi salah yang tidak sesuai dengan ranah bisa berimpact dosa jariyah ..  Yang ANTIVAKSIN gak cm mendzalimi anak nya tapi juga orang lain diantaranya para nakes yg merawat kaian  . Semoga husnul khatiman untuk beliau2 ini & tidak ada lagi antivaksin2 di Indo",https://www.threads.com/@dr.anisa_ch/post/DWYPE8hFNVW,"",1100,1300,10200,867,NaN
315,dr.aliphildan,2026-02-11T17:42:06.000Z,"dr.aliphildanVerified Pada akhirnya, kaum anti-vaksin bakal jadi pencari-vaksin kalo dia atau org dekatnya kena gigit anjing/kucing liar 🤥🙏🏻 #izin  Translate Pada akhirnya, kaum anti-vaksin bakal jadi pencari-vaksin kalo dia atau org dekatnya kena gigit anjing/kucing liar 🤥🙏🏻 #izin",https://www.threads.com/@dr.aliphildan/post/DUoFth6D0Sc,"",0,0,1200,0,NaN
316,dok.iwp_paru,2026-02-09T09:59:58.000Z,"Buat kalian yang ngotot anti vaksin dengan segala alasan nya 🗣️ Buat kalian yang ngotot anti vaksin dengan segala alasan nya 🗣️ Ini sedikit saya sharing pendapat saya terhadap “argumen” antivaksin, tentunya secara sains 🧠 Ini sedikit saya sharing pendapat saya terhadap “argumen” antivaksin, tentunya secara sains 🧠 Kesalahan logika #1:  “Zaman dulu nggak ada vaksin, manusia tetap hidup” Kesalahan logika #1:  “Zaman dulu nggak ada vaksin, manusia tetap hidup” Iya. Yang hidup lolos seleksi alam, Yang meninggal juga banyak. Iya. Yang hidup lolos seleksi alam, Yang meninggal juga banyak. Faktanya: Dulu polio bikin lumpuh permanen Campak bikin buta & ensefalitis Faktanya: Dulu polio bikin lumpuh permanen Campak bikin buta & ensefalitis Inget ya! Vaksin bukan bikin manusia kebal, tapi menghentikan “pemakaman massal”  Translate 1/6 Inget ya! Vaksin bukan bikin manusia kebal, tapi menghentikan “pemakaman massal”",https://www.threads.com/@dok.iwp_paru/post/DUiHO7EgWkS,"anti vaksin",0,0,0,0,NaN
317,dhikahayuningsari,2026-02-04T01:55:56.000Z,"Maaf mau tanya? Bertanya dg nada lembut.. rujukan scientist untuk antivaks apakah hanya dari dokter ini saja ya? @dr.michaeljp.mhad Karena kebanyakan yg saya baca, mengutipny dari dokter ini saja. Sedangkan mayoritas dokter menganjurkan vaksin. Kenapa lbh percaya pada segelintir org? Terus katanya ada juga dokter yg antivaksin, kenapa dokter dokter antivaks ini nggak bikin rs sendiri gitu... biar yg antivaks nggak bingung bingung tuh untuk cari rs, misal anaknya digigit anjing biar penanganannya  Translate 1/2 Maaf mau tanya? Bertanya dg nada lembut.. rujukan scientist untuk antivaks apakah hanya dari dokter ini saja ya? @dr.michaeljp.mhad @dr.michaeljp.mhad Karena kebanyakan yg saya baca, mengutipny dari dokter ini saja. Sedangkan mayoritas dokter menganjurkan vaksin. Kenapa lbh percaya pada segelintir org? Terus katanya ada juga dokter yg antivaksin, kenapa dokter dokter antivaks ini nggak bikin rs sendiri gitu... biar yg antivaks nggak bingung bingung tuh untuk cari rs, misal anaknya digigit anjing biar penanganannya",https://www.threads.com/@dhikahayuningsari/post/DUUX3ZMDwf_,"",0,0,0,0,NaN
318,norfazilah.abdmohd,2026-01-29T00:04:25.000Z,"norfazilah.abdmohdVerified SURAT “TOLAK VAKSIN” & HAK SEBENAR IBU BAPA ; JANGAN KELIRUKAN MASYARAKAT SURAT “TOLAK VAKSIN” & HAK SEBENAR IBU BAPA ; JANGAN KELIRUKAN MASYARAKAT Semalam ada orang tunjuk ada fake acc sebarkan surat balas pada surat penolakan vaksin yang digunakan oleh antivaksin sebelum ini di Thread. Semalam ada orang tunjuk ada fake acc sebarkan surat balas pada surat penolakan vaksin yang digunakan oleh antivaksin sebelum ini di Thread. Jangan gelak lagi. Baca sampai habis ok. Jangan gelak lagi. Baca sampai habis ok. 1. Pertama sekali, perlu diperjelaskan ; Tiada satu pun undang-undang di Malaysia yang mewajibkan vaksin kanak-kanak sebagai syarat pendidikan. 1. Pertama sekali, perlu diperjelaskan ; Tiada satu pun undang-undang di Malaysia yang mewajibkan vaksin kanak-kanak sebagai syarat pendidikan. Itu fakta ⤵️  Translate 1/2 Itu fakta ⤵️",https://www.threads.com/@norfazilah.abdmohd/post/DUEuVbHkqnm,"",0,0,0,0,NaN
319,dr.aliphildan,2026-04-21T07:31:25.000Z,"dr.aliphildanVerified update: fenomena bude w*llness dkk udah sampe ke kemenkes. hari ini doklip berkesempatan untuk menyampaikan soal isu-isu imunisasi di indonesia saat ini, termasuk gerakan para anti-vaksin di forum tematik bakohumas. update: fenomena bude w*llness dkk udah sampe ke kemenkes. hari ini doklip berkesempatan untuk menyampaikan soal isu-isu imunisasi di indonesia saat ini, termasuk gerakan para anti-vaksin di forum tematik bakohumas. semoga apa yang aku sampaikan bisa jadi jembatan antara ilmu dan masyarakat, antara data dan kepercayaan. semoga apa yang aku sampaikan bisa jadi jembatan antara ilmu dan masyarakat, antara data dan kepercayaan. kita semua berharap bisa melindungi lebih banyak nyawa lewat komunikasi yang tepat 🤍  Translate kita semua berharap bisa melindungi lebih banyak nyawa lewat komunikasi yang tepat 🤍",https://www.threads.com/@dr.aliphildan/post/DXYqrEoD_mK,"",0,0,2000,0,NaN
320,ana_konda_home,2026-05-20T09:15:02.000Z,"Yg menggelupur tak tentu hala bila cerita keburukan kesan Vaxx tu dh kenapa? Dah kena sihir pemikat ke sampai tak boleh dikritik lgsung. Antivaksin kena kritik, kena kutuk, maki aib, relaks je. Baru je cuit sikit V, dah menggelupur bawak 1 batalion serang kite, takut tau kite, awaaaa. 😢 Yg menggelupur tak tentu hala bila cerita keburukan kesan Vaxx tu dh kenapa? Dah kena sihir pemikat ke sampai tak boleh dikritik lgsung. Antivaksin kena kritik, kena kutuk, maki aib, relaks je. Baru je cuit sikit V, dah menggelupur bawak 1 batalion serang kite, takut tau kite, awaaaa. 😢 Di fb org dh mula sedar. Di thread ni masih ramai yg sgt taksub cinta dgn air racun zionis tu. Mcm berkiblatkan WHO pun ada.  Translate Di fb org dh mula sedar. Di thread ni masih ramai yg sgt taksub cinta dgn air racun zionis tu. Mcm berkiblatkan WHO pun ada.",https://www.threads.com/@ana_konda_home/post/DYjhlU4klc_,"",0,0,0,0,NaN
321,adamprabata,2026-02-26T05:30:15.000Z,"adamprabataVerified Sederhana, tapi anti-vaksin tidak suka 🙏 Sederhana, tapi anti-vaksin tidak suka 🙏",https://www.threads.com/@adamprabata/post/DVNZ4Z7kt6s,"",0,0,0,0,NaN
322,megaaryani,2026-04-15T08:26:46.000Z,"Udahhh lagi tenaang hidupp saayaa.. adaaaa aja golongan antivaksin muncul yang terakhir ini lebih mencengangkan. Bikin utas menjelekan dokter dan nakes yang memberantas antivaksin dan berharap simpati pake akun gak jelas. Ternyata dia dokter dan antivaksin. Dan komen disana disini banyak bgt.. tapi masih praktek dan makan uang dari pasien yang sakit. Gilaa munafik banget. Dan yang paling gedeknya lagi selalu bawa2 agama(ekstremisme). Stop deh yaa bikin agama islam jadi jelek trus dimata orang.  Translate 1/2 Udahhh lagi tenaang hidupp saayaa.. adaaaa aja golongan antivaksin muncul yang terakhir ini lebih mencengangkan. Bikin utas menjelekan dokter dan nakes yang memberantas antivaksin dan berharap simpati pake akun gak jelas. Ternyata dia dokter dan antivaksin. Dan komen disana disini banyak bgt.. tapi masih praktek dan makan uang dari pasien yang sakit. Gilaa munafik banget. Dan yang paling gedeknya lagi selalu bawa2 agama(ekstremisme). Stop deh yaa bikin agama islam jadi jelek trus dimata orang.",https://www.threads.com/@megaaryani/post/DXJUPPBAdzH,"",0,0,0,0,NaN
323,fajrianhaikalfaros,2026-05-01T06:54:03.000Z,"Dengan pengguna Threads aktif di Indonesia sekitar 8,2 juta pengguna, platform ini sebenarnya masih cukup kecil dibanding IG/TikTok, tapi justru itu peluang besar supaya ekosistemnya tetap sehat dan nggak keburu dipenuhi narasi SESAT ANTIVAX & ANTI-MEDIS. Dengan pengguna Threads aktif di Indonesia sekitar 8,2 juta pengguna, platform ini sebenarnya masih cukup kecil dibanding IG/TikTok, tapi justru itu peluang besar supaya ekosistemnya tetap sehat dan nggak keburu dipenuhi narasi SESAT ANTIVAX & ANTI-MEDIS. 1. Jangan quote/repost konten mreka. JADI MENDING SCREENSHOOT dan buat postingan sendiri. 1. Jangan quote/repost konten mreka. JADI MENDING SCREENSHOOT dan buat postingan sendiri. 2. Follow Dokter, Apoteker, Ahli Gizi, Tenaga Medis lainnya yang credible JIKA ADA TENAGA MEDIS YANG ANTIVAKSIN —> AUTO BLOKIR dan jangan pernah ikuti  Translate 2. Follow Dokter, Apoteker, Ahli Gizi, Tenaga Medis lainnya yang credible JIKA ADA TENAGA MEDIS YANG ANTIVAKSIN —> AUTO BLOKIR dan jangan pernah ikuti",https://www.threads.com/@fajrianhaikalfaros/post/DXyWWM2CCss,"",0,0,0,0,NaN
324,thedressar,2026-05-24T15:59:55.000Z,"Sebenarnya kan, personally, aku tak kisah pun kalau kau tak nak ambik vaksin. Yang jadi menyampah nya bila semua benda kau cakap salah vaksin. Itu satu masalah, masalah kedua pulak, sampai nak tuduh kitorang staff medical ni sembah Dajjal, dah kenapa? Tak boleh bukak sikit ke minda tu?  Translate Sebenarnya kan, personally, aku tak kisah pun kalau kau tak nak ambik vaksin. Yang jadi menyampah nya bila semua benda kau cakap salah vaksin. Itu satu masalah, masalah kedua pulak, sampai nak tuduh kitorang staff medical ni sembah Dajjal, dah kenapa? Tak boleh bukak sikit ke minda tu?",https://www.threads.com/@thedressar/post/DYujGVPk2Fh,"thedressar",0,0,0,0,NaN
325,hannenvy,2026-05-25T08:19:20.000Z,"Momsss, aku pendatang di Cikarang Selatan, dd pgn vaksin DPT 3 di DSA. Momsss, aku pendatang di Cikarang Selatan, dd pgn vaksin DPT 3 di DSA. Ada rekomendasi DSA siapa? sekalian tempat prakteknya dmn yaa🥹  Translate Ada rekomendasi DSA siapa? sekalian tempat prakteknya dmn yaa🥹",https://www.threads.com/@hannenvy/post/DYwTLwTk-8l,"Mom Threads",0,0,0,0,NaN
326,bapaksiorli,2026-04-26T01:59:33.000Z,"Saya sebagai dokter yang uda belajar tentang kedoteran khususnya vaksin selama lebih kurang 9tahun lebih, akhirnya memutuskan untuk tidak memvaksin anak saya sendiri.  Translate 1/2 Saya sebagai dokter yang uda belajar tentang kedoteran khususnya vaksin selama lebih kurang 9tahun lebih, akhirnya memutuskan untuk tidak memvaksin anak saya sendiri.",https://www.threads.com/@bapaksiorli/post/DXk8q0zk6Ym,"",82,0,2500,0,NaN
327,snarkbat,2024-12-15T00:52:39.000Z,"Hi - My name is Elsa. I have Congenital Rubella Syndrome. Hi - My name is Elsa. I have Congenital Rubella Syndrome. Oh - you don’t know what that is because no one you know has it! That’s cool. I like that. Oh - you don’t know what that is because no one you know has it! That’s cool. I like that. That’s because of the MMR vaccine. That’s because of the MMR vaccine. Most people with my condition don’t survive infancy. Those that do live with often significant disabilities 1/2 Most people with my condition don’t survive infancy. Those that do live with often significant disabilities",https://www.threads.com/@snarkbat/post/DDlF783SLFQ,"",57,0,10000,0,NaN
328,dr_aldi_obgyn,2024-07-28T07:00:21.000Z,"dr_aldi_obgynVerified Infeksi: Infeksi selama kehamilan, seperti cytomegalovirus (CMV), rubella, toksoplasmosis, atau sifilis, dapat menyebabkan IUGR.  Translate Infeksi: Infeksi selama kehamilan, seperti cytomegalovirus (CMV), rubella, toksoplasmosis, atau sifilis, dapat menyebabkan IUGR.",https://www.threads.com/@dr_aldi_obgyn/post/C99QugKyX3a,"",0,0,0,0,NaN
329,harlettebeauty,2026-05-24T09:30:02.000Z,"harlettebeautyVerified Tunjukin dong foto anak kalian yg gemes itu??!! 😭😭🥺🥺😍😍  Translate Tunjukin dong foto anak kalian yg gemes itu??!! 😭😭🥺🥺😍😍",https://www.threads.com/@harlettebeauty/post/DYt2etoD4pW,"Bayilucu",0,0,0,0,NaN
330,kic2604,2026-05-13T02:57:23.000Z,"My daughter contacted me asking if she had received both doses of the rubella vaccine MMR. It wasn’t noted in her digital health record and a blood test reported low rubella antibodies.  I said of course. I’m a caring mother and referred her to the blue book new mothers were given when giving birth in the ACT, Australia. It has all her vaccines recorded as well as birth details and baby health visits. I had kept the book and passed it on to her.  #Canberra #Australia My daughter contacted me asking if she had received both doses of the rubella vaccine MMR. It wasn’t noted in her digital health record and a blood test reported low rubella antibodies.  I said of course. I’m a caring mother and referred her to the blue book new mothers were given when giving birth in the ACT, Australia. It has all her vaccines recorded as well as birth details and baby health visits. I had kept the book and passed it on to her.  #Canberra #Australia",https://www.threads.com/@kic2604/post/DYQ0zTwmdyU,"vaccines",0,0,0,0,NaN
331,perryrogers05,2026-05-08T18:58:42.000Z,"Hey Emily, Looks like you are in a cult, so your brain isn’t able to process information correctly. Hey Emily, Looks like you are in a cult, so your brain isn’t able to process information correctly. You benefit every day from the fact that most people aren’t selfish like you.  That’s right, the reason that you don’t get small pox, measles, rubella or polio is because most of us care for others (and ourselves) and do our part in helping others. But here you are, going on with your bullshit and spreading your disinformation, putting other people in harm’s way. So, you can fuck all the way off. You benefit every day from the fact that most people aren’t selfish like you.  That’s right, the reason that you don’t get small pox, measles, rubella or polio is because most of us care for others (and ourselves) and do our part in helping others. But here you are, going on with your bullshit and spreading your disinformation, putting other people in harm’s way. So, you can fuck all the way off.",https://www.threads.com/@perryrogers05/post/DYFq1y9mVZF,"",0,0,0,0,NaN
332,jimalwine,2024-11-16T01:40:40.000Z,"Let’s talk about VIROLOGY my area of research for 50 years.  I’ve seen several posts that imply that many viral diseases, especially ones like mumps, measles, rubella and chickenpox, are no more that an inconvenience.  That, I guess, is a way to deny vaccines’ use.  It’s a pretty cavalier and naïve way to think about viral diseases.  Let’s make it clear, all viral infections leave you altered in some way, greater or lesser. 1/8 Let’s talk about VIROLOGY my area of research for 50 years.  I’ve seen several posts that imply that many viral diseases, especially ones like mumps, measles, rubella and chickenpox, are no more that an inconvenience.  That, I guess, is a way to deny vaccines’ use.  It’s a pretty cavalier and naïve way to think about viral diseases.  Let’s make it clear, all viral infections leave you altered in some way, greater or lesser.",https://www.threads.com/@jimalwine/post/DCagYQ8RNwX,"",0,0,1300,0,NaN
333,chocothorne,2026-05-14T21:46:59.000Z,"Why “Mumps , ￼ Measles  and Rubella vaccine “is mandatory for children  entering sec school !! I just don’t trust these things anymore Why “Mumps , ￼ Measles  and Rubella vaccine “is mandatory for children  entering sec school !! I just don’t trust these things anymore",https://www.threads.com/@chocothorne/post/DYVa3jNj6b1,"",0,0,0,0,NaN
334,twishafromtwitter,2024-12-13T21:19:13.000Z,"FUN FACT: Measles, polio, diphtheria, mumps, rubella and tetanus are six once-common illnesses that vaccines have contained for decades, saving many millions of lives. FUN FACT: Measles, polio, diphtheria, mumps, rubella and tetanus are six once-common illnesses that vaccines have contained for decades, saving many millions of lives.",https://www.threads.com/@twishafromtwitter/post/DDiItyYvMsK,"",0,0,2200,0,NaN
335,sugarglidergirl2026,2026-01-06T20:17:13.000Z,"I don’t get anti-vaxxers. Do they see measles, mumps, Hep A and B, rubella, flu, COVID, and RSV and just say “yes, please, I’ll take a little bit of everything on the menu”? Do people actually like being sick? I don’t get anti-vaxxers. Do they see measles, mumps, Hep A and B, rubella, flu, COVID, and RSV and just say “yes, please, I’ll take a little bit of everything on the menu”? Do people actually like being sick?",https://www.threads.com/@sugarglidergirl2026/post/DTLq2KIEnc_,"vaccines",0,0,0,0,NaN
336,usaaan_,2026-05-04T03:14:50.000Z,"Moms kalian tim imunisasi di bidan, di DSA, atau di puskesmas ya? vaksin nya sama aja kan ya atau beda? Moms kalian tim imunisasi di bidan, di DSA, atau di puskesmas ya? vaksin nya sama aja kan ya atau beda? noted : yg kontra imunisasi ga ditanya🙏🏻  Translate noted : yg kontra imunisasi ga ditanya🙏🏻",https://www.threads.com/@usaaan_/post/DX5rpMGCW-b,"imunisasi",0,0,0,0,NaN
337,pickyorchid,2026-05-09T15:53:44.000Z,"Kemarin ini pas kontrol terakhir, obgyn ku ada saranin 3 vaksin untuk di TM 3: - Vaksin Influenza - Vaksin RSV - Vaksin TDAP Kemarin ini pas kontrol terakhir, obgyn ku ada saranin 3 vaksin untuk di TM 3: - Vaksin Influenza - Vaksin RSV - Vaksin TDAP Adakah ibu-ibu yg punya pengalaman terkait 3 vaksin ini? Itu ada efek samping gimana gak ya? Soalnya plus poinnya antibodinya bisa dapet ke calon baby nya 👶  Translate Adakah ibu-ibu yg punya pengalaman terkait 3 vaksin ini? Itu ada efek samping gimana gak ya? Soalnya plus poinnya antibodinya bisa dapet ke calon baby nya 👶",https://www.threads.com/@pickyorchid/post/DYH6d3xk4oT,"bumil",0,0,23,0,NaN
338,andyn.pratiwi,2026-04-21T18:09:06.000Z,"MALANG Info vaksin HPV donggg Dimanaaa  Dan yg uda vaksin, ada efek ngga beberapa hari setelah suntik? MALANG Info vaksin HPV donggg Dimanaaa  Dan yg uda vaksin, ada efek ngga beberapa hari setelah suntik? Makasi  Translate",https://www.threads.com/@andyn.pratiwi/post/DXZzpoGj5hU,"",0,0,0,0,NaN
339,ragilkurniawn,2026-03-16T02:52:12.000Z,"Webinar saya face to face dengan pakdhe Indro . Bab vaksin adenovirus dan mRNA. Webinar saya face to face dengan pakdhe Indro . Bab vaksin adenovirus dan mRNA. Menurut pakde Indro, kedua basis vaksin tersebut berbahaya. Menyebabkan kematian mendadak, gangguan syaraf,  gagal ginjal dan ke-ngerian lainnya. Menurut pakde Indro, kedua basis vaksin tersebut berbahaya. Menyebabkan kematian mendadak, gangguan syaraf,  gagal ginjal dan ke-ngerian lainnya. Narasi tersebut ditambah dengan foto orang2 yang meninggal secara random di medsos. Diambil fotonya lalu diberi narasi seolah membenarkan kata2nya. Lucu😆 Narasi tersebut ditambah dengan foto orang2 yang meninggal secara random di medsos. Diambil fotonya lalu diberi narasi seolah membenarkan kata2nya. Lucu😆 Saya putuskan ikut webinar dengan biaya 25 ribu. Saya penasaran, apa dasar Argumentasinya.  Translate 1/3 Saya putuskan ikut webinar dengan biaya 25 ribu. Saya penasaran, apa dasar Argumentasinya.",https://www.threads.com/@ragilkurniawn/post/DV7eGgAE_M1,"",0,0,0,0,NaN
340,dian.simamora,2026-05-11T06:13:29.000Z,"Besok kontrol tumbuh kembang ke DSA sekalian vaksin BCG. Sharing donk moms efek samping BCG apa ya? Dan apa yg hrus aku siapin sebelum dan sesudah vaksin? Trus kalo malam rewel ga? Atau gak berefek apa2 ? #vaksin #imunisasi #vaksinBCG  Translate Besok kontrol tumbuh kembang ke DSA sekalian vaksin BCG. Sharing donk moms efek samping BCG apa ya? Dan apa yg hrus aku siapin sebelum dan sesudah vaksin? Trus kalo malam rewel ga? Atau gak berefek apa2 ? #vaksin #imunisasi #vaksinBCG",https://www.threads.com/@dian.simamora/post/DYMBpzyk2RX,"Mom Threads",0,0,0,0,NaN
341,wahyuigaman,2026-05-08T07:52:15.000Z,"hari ini vaksin DPT 1, demamnya udah segini. ini udah boleh diberikan paracetamol drops kan ya? tadi bidannya ngomong jangan dulu diberikan obat kalo belum demam  Translate hari ini vaksin DPT 1, demamnya udah segini. ini udah boleh diberikan paracetamol drops kan ya? tadi bidannya ngomong jangan dulu diberikan obat kalo belum demam",https://www.threads.com/@wahyuigaman/post/DYEekisFPSC,"",0,0,0,0,NaN
342,dokterkodya,2026-02-09T03:52:21.000Z,"""Kenapa sih Dokter/Perawat jarang ngomongin KIPI (efek samping) sebelum nyuntik? Kok kayak ditutup-tutupi? Jangan-jangan bahaya ya?"" ""Kenapa sih Dokter/Perawat jarang ngomongin KIPI (efek samping) sebelum nyuntik? Kok kayak ditutup-tutupi? Jangan-jangan bahaya ya?"" ​Pertanyaan wajar. Kesannya kami pelit informasi atau mau menjebak. ​Pertanyaan wajar. Kesannya kami pelit informasi atau mau menjebak. Padahal alasannya murni sains dan psikologis, bukan konspirasi. Padahal alasannya murni sains dan psikologis, bukan konspirasi. ​Mari kita buka ""Dapur Vaksin"" dan alasan kenapa kami diam.  Translate 1/9 ​Mari kita buka ""Dapur Vaksin"" dan alasan kenapa kami diam.",https://www.threads.com/@dokterkodya/post/DUhdKfQARrZ,"Mas Kipli",0,0,0,0,NaN
343,melindanury,2026-02-02T09:30:41.000Z,"Siapaa yang dulu kasta kastaan vaksin, sinovac, astrazeneca,pfizer,moderna, sinopharm?? Siapaa yang dulu kasta kastaan vaksin, sinovac, astrazeneca,pfizer,moderna, sinopharm?? Sudah merasakan efek samping apa sekarang?  Translate Sudah merasakan efek samping apa sekarang?",https://www.threads.com/@melindanury/post/DUQCUUmkuRy,"",1600,0,813,0,NaN
344,drtio.pediatrics,2026-05-16T13:04:21.000Z,"drtio.pediatricsVerified Setelah vaksin influenza, kok anak malah jadi batuk atau berdahak? Setelah vaksin influenza, kok anak malah jadi batuk atau berdahak? Ini hal yang cukup sering bikin orang tua jadi kepikiran ya, Ma.  Translate 1/7 Ini hal yang cukup sering bikin orang tua jadi kepikiran ya, Ma.",https://www.threads.com/@drtio.pediatrics/post/DYZope6E2-J,"",0,0,0,0,NaN
345,syaaistasya,2026-05-06T00:31:33.000Z,"Vaksin JE ini perlu banget ga ya? contoh kasusnya belum pernah denger. ragu jadinya mau vaksin atau engga huhu 1/2 Vaksin JE ini perlu banget ga ya? contoh kasusnya belum pernah denger. ragu jadinya mau vaksin atau engga huhu",https://www.threads.com/@syaaistasya/post/DX-ijEjkwq0,"",0,0,25,0,NaN
346,windaaaudina,2026-05-18T16:17:31.000Z,"Mom kalian imunisasi PCV sama rotavirus di dsa atau dipuskesmas? Kira2 kalo di dsa ada efeknya ga ya atau sama aja kalo di puskesmas juga ga ada beda nya, bulan kemarin aku imunisasi anakku dpt1 tapi ga disuruh sekalian pcv nya, malahan pcv nya disuruh bulan selanjutnya. Bantuin dong mom bedain, kalau dpt kan memang ada beda nya nah kalo pcv sama rotavirus ada bedanya ga ya  Translate Mom kalian imunisasi PCV sama rotavirus di dsa atau dipuskesmas? Kira2 kalo di dsa ada efeknya ga ya atau sama aja kalo di puskesmas juga ga ada beda nya, bulan kemarin aku imunisasi anakku dpt1 tapi ga disuruh sekalian pcv nya, malahan pcv nya disuruh bulan selanjutnya. Bantuin dong mom bedain, kalau dpt kan memang ada beda nya nah kalo pcv sama rotavirus ada bedanya ga ya",https://www.threads.com/@windaaaudina/post/DYfIWA-iZoK,"Mom Threads",0,0,0,0,NaN
347,ngabilasalama,2026-03-18T13:19:47.000Z,"ngabilasalamaVerified Tdk ada 1 org pun terbukti meninggal krn vaksin dr audit medis di Indonesia! Jgn percaya antivaksin! SESAT! Campak dpt dicegah dg imunisasi, sbg tugas bersama membangun kekebalan komunitas / herd immunity. Campak sangat menular, penyebab sakit berat & meninggal krn tidak vaksin sm sekali / tdk vaksin lengkap, gizi kurang / buruk, sanitasi buruk, komorbid berat Tdk ada 1 org pun terbukti meninggal krn vaksin dr audit medis di Indonesia! Jgn percaya antivaksin! SESAT! Campak dpt dicegah dg imunisasi, sbg tugas bersama membangun kekebalan komunitas / herd immunity. Campak sangat menular, penyebab sakit berat & meninggal krn tidak vaksin sm sekali / tdk vaksin lengkap, gizi kurang / buruk, sanitasi buruk, komorbid berat Vaksin itu fatwa MUI ada yg sudah halal & ada yang mubah. Mubah / boleh tentunya jg halal jika tidak divaksin bs cacat atau meninggal  Translate Vaksin itu fatwa MUI ada yg sudah halal & ada yang mubah. Mubah / boleh tentunya jg halal jika tidak divaksin bs cacat atau meninggal",https://www.threads.com/@ngabilasalama/post/DWBvg2JkxR1,"",0,0,0,0,NaN
348,an_kusumaa,2026-05-15T02:49:57.000Z,"Bu ibu Vaksin influenza boster yg 1th sekali wajib ga ya,ada efek sampingnya apa ndak?soalnya minggu depan jawal anakku vaksin,mohon pencerahannya... Bu ibu Vaksin influenza boster yg 1th sekali wajib ga ya,ada efek sampingnya apa ndak?soalnya minggu depan jawal anakku vaksin,mohon pencerahannya...",https://www.threads.com/@an_kusumaa/post/DYV9il1EcmU,"Vaksin influenza",0,0,0,0,NaN
349,rtdyyn_,2026-05-07T10:55:46.000Z,"Bunda bundi yg anaknya blm vaksin HMFD/flu Singapore, kl ada rejekinya mending disegerakan kataku sih.. Bunda bundi yg anaknya blm vaksin HMFD/flu Singapore, kl ada rejekinya mending disegerakan kataku sih.. Anakku udh vaksin aja msh bisa terpapar,  di kasusnya anakku dia ringan krn lentingnya ga parah masih dibawah itungan jari, cuma sariawannya lumayan banyak, itu aja rewelnya masyaallah ga tega liatnya krna menolak makan dan minum (plus gemes krn udah pasti bbnya merosot lagi, sad) Anakku udh vaksin aja msh bisa terpapar,  di kasusnya anakku dia ringan krn lentingnya ga parah masih dibawah itungan jari, cuma sariawannya lumayan banyak, itu aja rewelnya masyaallah ga tega liatnya krna menolak makan dan minum (plus gemes krn udah pasti bbnya merosot lagi, sad) Ini sekarang kasusnya lagi naik, yg udah vaksin aja lumayan efeknya apalagi belum vaksin sama sekali :’)  Translate Ini sekarang kasusnya lagi naik, yg udah vaksin aja lumayan efeknya apalagi belum vaksin sama sekali :’)",https://www.threads.com/@rtdyyn_/post/DYCOxv5EU1l,"Mom Threads",0,0,0,0,NaN
350,agitayuana,2026-05-06T13:28:41.000Z,"momm kalau abis vaksin BCG adakah efek sampingnya? terus supaya anak lebih nyaman, baiknya ngapain ya? kayak bekas suntikannya dll gituu momm kalau abis vaksin BCG adakah efek sampingnya? terus supaya anak lebih nyaman, baiknya ngapain ya? kayak bekas suntikannya dll gituu",https://www.threads.com/@agitayuana/post/DX_7e6sCaxM,"",0,0,21,0,NaN
351,dr.felixnifalo,2026-03-06T15:16:39.000Z,"Setelah jaga IGD tadi pagi, udah ketemu 3 pasien anak yang campak, 2 dari 3 pasien belum vaksin.  Untungnya bukan antivax ya, ada yang belum vaksin karena si pasien sering sakit jadi belum vaksin MR, yang satu udah vaksin…. Setelah jaga IGD tadi pagi, udah ketemu 3 pasien anak yang campak, 2 dari 3 pasien belum vaksin.  Untungnya bukan antivax ya, ada yang belum vaksin karena si pasien sering sakit jadi belum vaksin MR, yang satu udah vaksin…. ….tapi, sekitar rumahnya banyak yang campak. ….tapi, sekitar rumahnya banyak yang campak. Dan salah satu tetangganya yang kena campak, gak mau vaksin, gak mau berobat, berkeliaran pula.  Hadeh dulu aja deh.  Translate Dan salah satu tetangganya yang kena campak, gak mau vaksin, gak mau berobat, berkeliaran pula.  Hadeh dulu aja deh.",https://www.threads.com/@dr.felixnifalo/post/DVjDWWegVlZ,"RS thread",0,0,0,0,NaN
352,anindyasptksmh,2026-05-11T22:06:47.000Z,"Yay! Nal lolos vaksin DPT1 Nal imunisasi di puskesmas alhamdulillah efeknya ga begitu seburuk yang dibayangkan. Terimakasih banyak nak kerjasamanya🤍 Berikut sefruit pengalaman Nal pasca vaksin  Translate 1/11 Yay! Nal lolos vaksin DPT1 Nal imunisasi di puskesmas alhamdulillah efeknya ga begitu seburuk yang dibayangkan. Terimakasih banyak nak kerjasamanya🤍 Berikut sefruit pengalaman Nal pasca vaksin",https://www.threads.com/@anindyasptksmh/post/DYNuv6fk-Ip,"",0,0,0,0,NaN
353,nadiyaanalisa,2026-04-13T02:15:11.000Z,"Kunjungan ke 3: Imunisasi DPT 1 yang berbayar pakainya Hexaxim ya, PCV+ Rotavirus+ Polio tetes 2 pakai yang Pemerintah jadi adek kemarin imunisasi nya Mix. Total biaya nya di foto ya, Kunjungan ke 3: Imunisasi DPT 1 yang berbayar pakainya Hexaxim ya, PCV+ Rotavirus+ Polio tetes 2 pakai yang Pemerintah jadi adek kemarin imunisasi nya Mix. Total biaya nya di foto ya, Alhamdulillah kemarin imunisasi adek sama sekali gak demam mentok cuma 36,9 aja. Cuma rewel sebentar jam 5 sore (imunisasi jam setengah 1 siang) mungkin karena paha nya nyeri jd langsung diolesin minyak tawon di bekas suntikan nya abis itu udah gak rewel sama sekali dan tidur juga pules sampek besok pagi nya.  Translate Alhamdulillah kemarin imunisasi adek sama sekali gak demam mentok cuma 36,9 aja. Cuma rewel sebentar jam 5 sore (imunisasi jam setengah 1 siang) mungkin karena paha nya nyeri jd langsung diolesin minyak tawon di bekas suntikan nya abis itu udah gak rewel sama sekali dan tidur juga pules sampek besok pagi nya.",https://www.threads.com/@nadiyaanalisa/post/DXDgH7ZiaL4,"",0,0,0,0,NaN
354,endahyntsr,2026-05-03T23:28:24.000Z,"Moms yang anaknya udah vaksin varicella dan hepatitis A gimana? Ada efek pasca vaksinnya gak?  Translate Moms yang anaknya udah vaksin varicella dan hepatitis A gimana? Ada efek pasca vaksinnya gak?",https://www.threads.com/@endahyntsr/post/DX5RuwskiFr,"",0,0,0,0,NaN
355,cocholangg,2026-03-06T05:04:11.000Z,"Barusan bocil vaksin PCV 3 di Puskesmas Surabaya, pas vaksin iseng tanya ttg KLB Campak di SBY. 👩‍⚕ : dokter 😁 : ane Barusan bocil vaksin PCV 3 di Puskesmas Surabaya, pas vaksin iseng tanya ttg KLB Campak di SBY. 👩‍⚕ : dokter 😁 : ane 😁 : dok untuk kasus campak sekitar sini bagaimana? Apakah banyak? 👩‍⚕ : di Kec sini lumayan banyak pak, ada 13 kasus kemarin sebelum merebak di JKT 😁 : waduh itu parah kah dok? 👩‍⚕ : ada yg parah ada yg gak, dr 13 orang ada beberapa yang antivax dan kebetulan anaknya yg parah hingga cacat permanen. 😁 : sekarang gimana dok? Cont-  Translate 1/2 😁 : dok untuk kasus campak sekitar sini bagaimana? Apakah banyak? 👩‍⚕ : di Kec sini lumayan banyak pak, ada 13 kasus kemarin sebelum merebak di JKT 😁 : waduh itu parah kah dok? 👩‍⚕ : ada yg parah ada yg gak, dr 13 orang ada beberapa yang antivax dan kebetulan anaknya yg parah hingga cacat permanen. 😁 : sekarang gimana dok? Cont-",https://www.threads.com/@cocholangg/post/DVh9QgHEbyY,"campak",0,0,0,0,NaN
356,zetttpeee,2026-03-03T00:15:43.000Z,"Menyesal tidak imunisasi lengkap+vaksin campak💔💔😭😭😭  Translate Menyesal tidak imunisasi lengkap+vaksin campak💔💔😭😭😭",https://www.threads.com/@zetttpeee/post/DVZt3ABEjdO,"",0,0,0,0,NaN
357,ayu_feebrian,2026-05-03T00:41:34.000Z,"Bunda2 baby nya pada imunisasi influenza gak? Efek nya gmn? Trus perbedaan sama yg gak imunisasi ap ya bun?  Translate Bunda2 baby nya pada imunisasi influenza gak? Efek nya gmn? Trus perbedaan sama yg gak imunisasi ap ya bun?",https://www.threads.com/@ayu_feebrian/post/DX21TynEi28,"imunisasi",0,0,0,0,NaN
358,dokteranaksuri,2026-04-04T16:55:41.000Z,"Ada 1 vaksin pada anak yang kalau sudah terlewat, tidak bisa dikejar lagi. Padahal penyakit yang bisa terjadi menjadi 3 besar penyebab kematian pada anak. Ada 1 vaksin pada anak yang kalau sudah terlewat, tidak bisa dikejar lagi. Padahal penyakit yang bisa terjadi menjadi 3 besar penyebab kematian pada anak. Apakah vaksin itu?  Translate 1/2 Apakah vaksin itu?",https://www.threads.com/@dokteranaksuri/post/DWt5vAwE3K2,"Vaksin",0,0,0,0,NaN
359,ragilkurniawn,2026-03-03T00:14:18.000Z,"TIPS untuk seluruh aktivis antivaksin di Indonesia terutama sang Ketua Spreader @dikdik_kodarusman. TIPS untuk seluruh aktivis antivaksin di Indonesia terutama sang Ketua Spreader @dikdik_kodarusman @dikdik_kodarusman Karena sepertinya kalian sudah membentuk grup sporadis. Kalian ingin membuktikan bahwa Vaksin itu berbahaya dan tidak untuk diberikan rakyat Indonesia bukan? Karena sepertinya kalian sudah membentuk grup sporadis. Kalian ingin membuktikan bahwa Vaksin itu berbahaya dan tidak untuk diberikan rakyat Indonesia bukan? Saya berikan tipsnya agar lebih valid : Saya berikan tipsnya agar lebih valid : Pertama, Buat grup kecil isi 3-4 orang, tempatkan di setiap puskesmas. Pantau vaksinasi yang ada disana. Catat dan kumpulkan data berupa identitas yang divaksin, jenis vaksinnya apa, dan kontak.  Translate 1/3 Pertama, Buat grup kecil isi 3-4 orang, tempatkan di setiap puskesmas. Pantau vaksinasi yang ada disana. Catat dan kumpulkan data berupa identitas yang divaksin, jenis vaksinnya apa, dan kontak.",https://www.threads.com/@ragilkurniawn/post/DVZtsqIk6fJ,"",0,0,0,0,NaN
360,erikaardianap,2026-05-19T07:12:30.000Z,"Deg2 an mau vaksin HPV, apakah ada efek sampingnya teman2 ?  Dan sebelum vaksin sebaiknya persiapan apa ya ?  Translate 1/2 Deg2 an mau vaksin HPV, apakah ada efek sampingnya teman2 ?  Dan sebelum vaksin sebaiknya persiapan apa ya ?",https://www.threads.com/@erikaardianap/post/DYguxCEGhDJ,"",0,0,0,0,NaN
361,aamiifh,2026-04-25T12:00:27.000Z,"2 dsa ini favoritenya aku, tapi hari ini jadwal vaksin ke dr centa, rupanya juga dsa favoritnya ibu2 dimalang 2 dsa ini favoritenya aku, tapi hari ini jadwal vaksin ke dr centa, rupanya juga dsa favoritnya ibu2 dimalang dari awal memutuskan vaksin pakai dsa aja karena aku dan suami ga tega sama efek sampingnya ke anak, jd cari yg minim efek samping, mentok2 anak rewel karena ngilu abis di suntik dan plusnya bsa nanya2 tentang perkembangan anak dari awal memutuskan vaksin pakai dsa aja karena aku dan suami ga tega sama efek sampingnya ke anak, jd cari yg minim efek samping, mentok2 anak rewel karena ngilu abis di suntik dan plusnya bsa nanya2 tentang perkembangan anak ya meskipun waktu bayar bikin dompet papanya demam tapi insyaAllah lancar2 rejekinya ya ya meskipun waktu bayar bikin dompet papanya demam tapi insyaAllah lancar2 rejekinya ya mau vaksin dsa atau faskes lainnya, yg paling penting anak kudu vaksin  Translate mau vaksin dsa atau faskes lainnya, yg paling penting anak kudu vaksin",https://www.threads.com/@aamiifh/post/DXjco_DEXu5,"",0,0,0,0,NaN
362,luvfianti11,2026-05-16T13:35:52.000Z,"🗣️: “Ngapain vaksin? Vaksin cuma memperkaya rumah sakit.” (Kata bude² influencer yang trust issue) 🗣️: “Ngapain vaksin? Vaksin cuma memperkaya rumah sakit.” (Kata bude² influencer yang trust issue) Ini contoh korban ""NGAPAIN VAKSIN"" anaknya nggak divaksin sama sekali. Sekalinya masuk RS, anak datang udah dalam kondisi perburukan, napas tinggal satu², penurunan kesadaran. BPJS nonaktif, sementara obat Difteri juga nggak ditanggung BPJS. Tapi bersyukur tinggal di Indo, karena masih ada program Kemenkes yang nanggung obat puluhan juta itu untuk sekali masuk.  Translate 1/2 Ini contoh korban ""NGAPAIN VAKSIN"" anaknya nggak divaksin sama sekali. Sekalinya masuk RS, anak datang udah dalam kondisi perburukan, napas tinggal satu², penurunan kesadaran. BPJS nonaktif, sementara obat Difteri juga nggak ditanggung BPJS. Tapi bersyukur tinggal di Indo, karena masih ada program Kemenkes yang nanggung obat puluhan juta itu untuk sekali masuk.",https://www.threads.com/@luvfianti11/post/DYZsQUfGLF0,"VaksinAnak",0,0,0,0,NaN
363,regitapuri,2026-03-16T01:57:20.000Z,"Kirain bakal membandingkan efek vaksin ke cacarnya, malah mebandingkan efek vaksinnya ke puasa. Apa saya yg salah paham?  Translate Kirain bakal membandingkan efek vaksin ke cacarnya, malah mebandingkan efek vaksinnya ke puasa. Apa saya yg salah paham?",https://www.threads.com/@regitapuri/post/DV7X0uaE6ri,"",0,0,0,0,NaN
364,rini.rrini,2026-05-06T15:25:40.000Z,"Mom, sharing yg anaknya sudah vaksin hfmd dong, efeksampingnya apaaja? Trus dlu vaksin diusia brp?  Translate Mom, sharing yg anaknya sudah vaksin hfmd dong, efeksampingnya apaaja? Trus dlu vaksin diusia brp?",https://www.threads.com/@rini.rrini/post/DYAI3wqFFIB,"",0,0,0,0,NaN
365,evaniadillaa,2026-05-12T04:19:12.000Z,"memutuskan vaksin DPT, PCV, dan rotavirus di DSA dengan total invoice segini. Reviewnya sih alhamdulillah less drama ya, harusnya kalo ambil prevenar 13 gak demam sama sekali cuma karena aku pilih prevenar 20 yg lebih pekat jadi efek di anak agak demam di 37,6. Kasih sanmol drop langsung sembuh. Vaksin jam 9 malem sampe rumah anak tidur pules sampe pagi. Alhamdulillah di cover asuransi kantor mima nya🥰♥️ bulan depan lagi ya nak wkwkwk  Translate memutuskan vaksin DPT, PCV, dan rotavirus di DSA dengan total invoice segini. Reviewnya sih alhamdulillah less drama ya, harusnya kalo ambil prevenar 13 gak demam sama sekali cuma karena aku pilih prevenar 20 yg lebih pekat jadi efek di anak agak demam di 37,6. Kasih sanmol drop langsung sembuh. Vaksin jam 9 malem sampe rumah anak tidur pules sampe pagi. Alhamdulillah di cover asuransi kantor mima nya🥰♥️ bulan depan lagi ya nak wkwkwk",https://www.threads.com/@evaniadillaa/post/DYOZXpJCZ6X,"Mom Threads",0,0,0,0,NaN
366,laraspanjawi,2026-03-05T12:31:54.000Z,"Astaghfirullah, adek sepupu gua meninggal karena campak😭😭. Usianya baru 4 bulan, jadi blm dapat imunisasi campak. Kami sekeluarga gk antivax, tapi ttp aja bisa kena dampaknya. Persetan ya ibu2 yg antivax, hidup di mars aja sana!!!  Translate Astaghfirullah, adek sepupu gua meninggal karena campak😭😭. Usianya baru 4 bulan, jadi blm dapat imunisasi campak. Kami sekeluarga gk antivax, tapi ttp aja bisa kena dampaknya. Persetan ya ibu2 yg antivax, hidup di mars aja sana!!!",https://www.threads.com/@laraspanjawi/post/DVgLsvskksl,"",1400,0,9400,0,NaN
367,shdfh__,2026-03-06T05:11:33.000Z,"udah ngelewatin drama demam setelah vaksin. mau sombong anakku imunnya kuat jarang sakit vaksin lengkap dari posyandu #izin  Translate udah ngelewatin drama demam setelah vaksin. mau sombong anakku imunnya kuat jarang sakit vaksin lengkap dari posyandu #izin",https://www.threads.com/@shdfh__/post/DVh-Gd2E7av,"izinnn",0,0,0,0,NaN
368,fanimalkamalik,2026-03-06T01:20:54.000Z,"Ak gak antivask.. Anak pertama ku alergi parah setelah vaksin. Yg ke 2 riwayat kejang.  G lanjutkan keadaan dan harus cari alternatif untuk jaga imun tubuh . Ak dlu kerja d RS da dibagian vaksin anak.. Klo emang g memungkinkan vaksin konsulkan k dsa. G pernah nyaranin org lain antivaks.. Krn keadaan anak beda2. Alhamdulillah anak sy sehat2. Dan semogaanak kita semua sehat. Jgn jotos jotosan apalgi mom Shaming dr bu provaks dan antivask.kaget kata kata kejam gini keluar dr mulut seorang bu  Translate Ak gak antivask.. Anak pertama ku alergi parah setelah vaksin. Yg ke 2 riwayat kejang.  G lanjutkan keadaan dan harus cari alternatif untuk jaga imun tubuh . Ak dlu kerja d RS da dibagian vaksin anak.. Klo emang g memungkinkan vaksin konsulkan k dsa. G pernah nyaranin org lain antivaks.. Krn keadaan anak beda2. Alhamdulillah anak sy sehat2. Dan semogaanak kita semua sehat. Jgn jotos jotosan apalgi mom Shaming dr bu provaks dan antivask.kaget kata kata kejam gini keluar dr mulut seorang bu",https://www.threads.com/@fanimalkamalik/post/DVhjtEKkyl1,"Vaksin",0,0,0,0,NaN
369,nurullailiya890,2026-05-20T07:01:55.000Z,"Mau tanya dong moms.. atau mungkin ada Dsa yg baca semoga bisa bantu jawab.. aku bukan yg antivaksin ya tapi gini.. anakku terakhir vaksin bulan Nov 25.. di jadwalkan vaksin selanjutnya Des 25 (anakku vaksin di puskesmas) tapi sampai skrg ini, bulan Mei 2026 belom vaksin lanjutan, Karena pada hari H dia sakit, Nah aku gatau juga kenapanya.. nih anak klo ortunya bilang ""besok imunisasi"" pasti dia langsung sakit entah demam, bapil, diare dll makanya smpai skrg ga sempet vaksin..  Sampe suamiku  Translate 1/2 Mau tanya dong moms.. atau mungkin ada Dsa yg baca semoga bisa bantu jawab.. aku bukan yg antivaksin ya tapi gini.. anakku terakhir vaksin bulan Nov 25.. di jadwalkan vaksin selanjutnya Des 25 (anakku vaksin di puskesmas) tapi sampai skrg ini, bulan Mei 2026 belom vaksin lanjutan, Karena pada hari H dia sakit, Nah aku gatau juga kenapanya.. nih anak klo ortunya bilang ""besok imunisasi"" pasti dia langsung sakit entah demam, bapil, diare dll makanya smpai skrg ga sempet vaksin..  Sampe suamiku",https://www.threads.com/@nurullailiya890/post/DYjSWbOGuAc,"Mom Threads",0,0,0,0,NaN
370,menegak_kan_yang_benar,2026-05-09T20:07:23.000Z,"Nnti disuruh cucuk vaksin lepastu dapat side effect Nnti disuruh cucuk vaksin lepastu dapat side effect ainaaizzhannah ainaaizzhannah ainaaizzhannah ainaaizzhannah WEH APA BENDA NI TAKNAK TAKANK 😭 WEH APA BENDA NI TAKNAK TAKANK 😭 WEH APA BENDA NI TAKNAK TAKANK 😭 WEH APA BENDA NI TAKNAK TAKANK 😭",https://www.threads.com/@menegak_kan_yang_benar/post/DYIXfuME8vx,"",0,0,6000,0,NaN
371,apronoverheels,2026-04-20T15:25:26.000Z,"parents, yg anaknya di smp-sma cc/kanisius menteng coba spill dong sdnya dulu dimana hehe  Translate parents, yg anaknya di smp-sma cc/kanisius menteng coba spill dong sdnya dulu dimana hehe",https://www.threads.com/@apronoverheels/post/DXW8IAJEwQU,"kolese kanisius",0,0,0,0,NaN
372,hanantok5,2024-12-28T02:13:22.000Z,"Anak pondok kak🤏🏻 Anak pondok kak🤏🏻",https://www.threads.com/@hanantok5/post/DEGtaTeTtDP,"",0,0,0,0,NaN
373,chetrienzibunyaziqri,2024-12-22T13:29:29.000Z,"ANAKK SIAPAA INI ‼️‼️‼️‼️‼️‼️‼️‼️‼️‼️ ANAKK SIAPAA INI ‼️‼️‼️‼️‼️‼️‼️‼️‼️‼️ #VOD #FYP #VIRAL #FBPRO #VOD #FYP #VIRAL #FBPRO",https://www.threads.com/@chetrienzibunyaziqri/post/DD4eG5mpJuE,"",0,0,0,0,NaN
374,widiafitri700,2026-03-04T15:36:11.000Z,"Istirahatlah Kisanak..  Translate Istirahatlah Kisanak..",https://www.threads.com/@widiafitri700/post/DVd73JIkvq9,"",0,0,0,0,NaN
375,islahtilawah,2026-04-28T14:10:49.000Z,"teryata almarhum vica sepupu dari kaka ipar aku, alm anak dari wak nasar rumah alm dicikarang semoga husnul khotimah vica 🥹😭  Translate teryata almarhum vica sepupu dari kaka ipar aku, alm anak dari wak nasar rumah alm dicikarang semoga husnul khotimah vica 🥹😭",https://www.threads.com/@islahtilawah/post/DXrZ8i7Emry,"",0,0,0,0,NaN
376,frincegorky22,2026-05-06T20:54:21.000Z,"this is anak baik #lewatberanda #rellsinstagram #fypppppppppppppppppppppppp this is anak baik #lewatberanda #rellsinstagram #fypppppppppppppppppppppppp",https://www.threads.com/@frincegorky22/post/DYAueytlUx5,"",0,0,0,0,NaN
