index,account,postdate,tweet,link,comments,retweets,likes,views,replysource
1,klinik.tunasharapan,2025-12-08T02:00:26.000Z,"Reaksi tubuh setelah vaksin adalah bagian dari proses membangun kekebalan. Karena itu, imunisasi yang terjadwal dan tepat sangat penting.  Di Klinik Tunas Harapan, layanan KIA, KB, dan vaksinasi tersedia untuk memastikan kesehatan ibu, anak, dan keluarga selalu terjaga.  Siap buat jadwal atau konsultasi? Klik link di bio instagram kami  —  𝐊𝐋𝐈𝐍𝐈𝐊 𝐓𝐔𝐍𝐀𝐒 𝐇𝐀𝐑𝐀𝐏𝐀𝐍  Melayani BPJS dan Umum  📍 Jl. Raya Denpasar-Bedugul, Mengwi  🏥 UGD 24 Jam (0361) 829341 —  #kliniktunasharapan #homecare #medicalcare #faskesbpjs #klinikbpjs #infobadung #cekkesehatan #klinikkesehatan #polahidupsehat #hidupsehat #kesehatankeluarga #keluargasehat #klinikbadung #klinik24jam #BPJS #Faskes #vaksincampak",https://www.instagram.com/p/DR_CRkEiB21/,0,0,6,-1,NaN
2,rsimabarrotnubungah,2025-12-16T23:50:49.000Z,"Assalamualaikum #SedulurMabarrot,  Anak sehat adalah awal keluarga hebat.   Ayah Bunda pasti ingin perlindungan maksimal untuk anak dari berbagai macam penyakit.   Kini telah hadir 6 perlindungan dalam 1 suntikan di RSI Mabarrot MWC NU Bungah.   Segera reservasi janji temu untuk konsultasi dengan dokter anak yuk 😊  Informasi dan Reservasi Hubungi : 082143046396  ____________________________  RSI Mabarrot MWC NU Bungah  📍Jl. Raya Bungah Dukun 1D, Masangan, Bungah 🌐 https://lynk.id/rsimabarrotmwcnubungah 📞 Customer Care & Pusat Informasi : 0812-3990-9455 🚑 IGD dan Persalinan 24 jam  #RSIMabarrotNUBungah #vaksinanak #vaksincampak #vaksinDSA #vaksingresik #imunisasicampak #imunisasiDSA #melayanisetulushati",https://www.instagram.com/p/DSV-mMbE7bB/,1,0,20,-1,NaN
3,ihc.rswonolangan,2025-10-21T06:16:51.000Z,"Yuk, Saatnya Lindungi Anak Anda dari Campak, Gondongan, dan Campak Jerman!  Ketiga penyakit ini dapat menyebabkan komplikasi serius seperti radang otak, gangguan pendengaran, hingga infertilitas bila tidak dicegah sejak dini.  Harga Paket: Rp 730.000,- ✅ Sudah termasuk injeksi dan konsultasi dokter  🏥 Poli Vaksin Blok C 📅 Senin – Jumat 🕢 Pukul 07.30 – 16.00 WIB  Reservasi layanan pelanggan: 📞 +62851-6104-8118 (by appointment)  #VaksinCampak #MMRII #LindungiAnakDariCampak #CegahCampakSejakDini #VaksinAnak #ImunisasiAnak #IHC #RSWonolangan #RumahSakitProbolinggo #VaksinProbolinggo #KesehatanAnak #VaksinTerpercaya #IHCGroup #VaksinBersamaIHC",https://www.instagram.com/p/DQD5dqEkf4C/,1,0,39,-1,NaN
4,kliniknandini,2025-10-09T04:06:26.000Z,"Ayah, Bunda, kasus campak naik lagi… yuk pastikan si kecil sudah imunisasi lengkap!   Campak bukan penyakit ringan — bisa sebabkan pneumonia, diare berat, dll  Pencegahan paling efektif?   Imunisasi campak atau MR (Measles-Rubella).  Jadwalnya: • Dosis 1: usia 9 bulan • Dosis 2: usia 18 bulan atau saat masuk SD  Cek buku KIA si kecil, ya, Ayah dan Bunda. Karena setiap vaksin hari ini adalah perlindungan seumur hidup untuk buah hati tercinta.   📍 Konsultasikan jadwal imunisasi di Klinik Nandini 📞 Reservasi by WhatsApp, ya!  #CegahCampak #ImunisasiAnak #KesehatanKeluarga #AyahBundaBijak #vaksincampak #vaksinmr",https://www.instagram.com/p/DPkw__HkVSD/,0,0,9,-1,NaN
5,aruljreng,2025-10-21T02:07:26.000Z,"Tips menghilangkan sakit jarum.. Teriaaaakk #VaksinCampak #jangkauanluas #MISKubang",https://www.instagram.com/p/DQDc667kquH/,0,0,0,-1,NaN
6,imsacare_medika,2025-09-20T08:17:04.000Z,"Jadwal Vaksin Campak Anak, Jangan Sampai Terlewat! Jaga kesehatan si kecil dengan memastikan jadwal imunisasinya tepat waktu. 💕 Konsultasikan sekarang di Shafa Medika!  #shafamedika #imunisasianak #vaksincampak #lindungibuahhati #kesehatananak",https://www.instagram.com/p/DO0SlGrkiwa/,0,0,5,-1,NaN
7,anita_bimby,2025-09-18T11:53:16.000Z,"#pejuangsehat #pejuangvaksin💪 #vaksincampak #latepost📸❤️@zionathan_mgk",https://www.instagram.com/p/DOvhuxFAZUd/,0,0,5,-1,NaN
8,rsabdiwaluyo,2025-11-10T04:48:04.000Z,"💉 Campak Bisa Dicegah, Lindungi Si Kecil dengan Imunisasi Lengkap!  Campak bukan sekadar ruam dan demam biasa — penyakit ini bisa menyebabkan radang paru, radang otak, hingga gangguan penglihatan bila tidak ditangani dengan baik. Kabar baiknya, imunisasi MR/MMR dapat memberikan proteksi terhadap campak dan membantu mencegah penyebarannya di masyarakat.  🧒🏻 Jadwal Imunisasi Campak: 	•	Dosis 1: usia 9 bulan 	•	Dosis 2: usia 18 bulan 	•	Booster: usia sekolah (kelas 1 SD)  Pastikan anak mendapatkan imunisasi tepat waktu agar terlindung dari campak dan komplikasinya, dan selalu konsultasikan dengan dokter sebelum vaksinasi untuk memastikan kondisi anak dalam keadaan sehat.  Lindungi masa depan anak Anda — karena satu vaksin bisa menyelamatkan banyak nyawa.  🌐 www.abdiwaluyo.com #RSAbdiWaluyo #WhereLoveHeals #campak #vaksincampak #measles #measlesvaccine",https://www.instagram.com/p/DQ3PM-3AeYh/,1,0,27,-1,NaN
9,rsudkarsahusada,2025-09-22T12:47:29.000Z,"“Ngopi Sehat” di RSUD Karsa Husada Batu✨️  Tema: Vaksin Campak Dulu, Biar Tidak Tercampakkan!  Ayo, ngobrol pintar seputar Campak bersama dokter Spesialis Anak!  *Jangan Sampai Tercampakkan* Pastikan anak Anda mendapatkan vaksin campak untuk melindungi mereka dari penyakit campak.  Tonton podcast kami dan dapatkan informasi terbaru tentang vaksin campak!  *AYO, IKUTI KAMI!* Jangan lewatkan kesempatan untuk menonton live “Ngopi Sehat”! Ikuti kami di: YouTube: @rsudkarsahusadabatu Instagram: @rsudkarsahusadabatu  #NgopiSehat #VaksinCampak #Kesehatan #RSUDKarsaHusadaBatu #Batu #PodcastKesehatan #LiveStreaming",https://www.instagram.com/p/DO57HboEhOk/,0,0,29,-1,NaN
10,epidemiologifkmui25,2025-10-29T10:59:29.000Z,"Aku sih gapapa vaksin sendiri, tapi kalo yang lain kena campak… talk to who? 😭  Vaksin itu kerja tim, bukan solo player! Makin banyak yang vaksin, makin kuat herd immunity buat cegah penyebaran 💪💉  #VaksinCampak #LindungiBersama #HerdImmunity #CegahCampak #StayHealthy",https://www.instagram.com/p/DQZAKvykgqo/,2,0,12,-1,NaN
11,klinikasy.syaafi,2025-09-26T02:43:12.000Z,"Campak sangat mudah menular, tapi bisa dicegah dengan imunisasi dan ditangani dengan tepat bila dikenali sejak dini. Segera konsultasi dengan dr. Vina Rosalina, Sp.A di Apotek Essa 2 🕐 Senin–Jum’at  Pagi : 07.00–09.00  Sore : 15.00–17.00 🕐 Sabtu  Pagi : 07.00–09.00  #KlinikAsySyaafi #ApotekEssa2 #KesehatanAnak #Campak #ImunisasiAnak #SehatBersama #imunisasicampak #vaksincampak #suntikcampak",https://www.instagram.com/p/DPDJI_Oj9ir/,0,0,2,-1,NaN
12,anita_bimby,2025-09-18T11:52:01.000Z,"#latepost📸❤️ #tungguvaksin #vaksin #vaksincampak #2025 @zionathan_mgk",https://www.instagram.com/p/DOvhlpXAWEr/,0,0,6,-1,NaN
13,melatichildrenhospital,2025-09-16T10:59:17.000Z,"Halo Sobat Melati 👋  Saat ini kasus Campak di Indonesia meningkat dan di tetapkan sebagai (KLB) Kejadian Luar Biasa. Jadi Sobat Melati harus lebih waspada nih karena penularan campak sangat cepat dan bisa menimbulkan komplikasi serius.  Lalu bagaimana sih gejala dan penanganannya yuk simak postingan diatas 🤗  #caringforkids  #klbcampak #kasuscampak #kasuscampakindonesia #vaksincampak #vaksincampakmalang #tempatvaksinmalang #kasuscampak2025 N",https://www.instagram.com/p/DOqR9tDDwKw/,1,0,14,-1,NaN
14,balaikarkes_mataram,2025-09-19T05:48:17.000Z,"Hallo semeton karkes   Campak adalah penyakit akibat infeksi virus Morbillivirus yang ditandai dengan demam, sakit tenggorokan, dan ruam di seluruh tubuh. Infeksi campak berawal dari saluran pernapasan yang kemudian menular melalui percikan air liur.  Campak bukan sekadar ruam merah biasa! Penyakit ini sangat menular dan dapat menyebabkan komplikasi serius.  Yuk, lindungi keluarga kita dari campak, dengan mengetahui penyebab campak dan solusinya. Karena mencegah selalu lebih baik daripada mengobati.  Salam sehat  #vaksincampak #indonesiasehat #lindungikeluarga #imunisasi",https://www.instagram.com/p/DOxcwdzkhW1/,0,0,19,-1,NaN
15,rsum.surya.melati,2025-11-25T08:05:43.000Z,"Waspada Campak pada Anak 👶🚨 Campak merupakan penyakit infeksi yang sangat mudah menular dan dapat menyebabkan komplikasi serius. Penting bagi orang tua untuk mengenali penyebab, cara penularan, serta gejalanya sejak awal. Pencegahan paling efektif adalah melalui imunisasi MR (Measles–Rubella) single dose, yang aman, higienis, dan direkomendasikan untuk melindungi anak dari campak sekaligus rubella. ✨ Imunisasi MR Single Dose tersedia di RSU Muhammadiyah Surya Melati. Poliklinik Spesialis Anak Senin, Selasa, Kamis dan Sabtu : Pukul 10.00 - 13.00 Rabu & Jumat : Pukul 14.30 - Selesai  Mari bersama cegah campak sedini mungkin. Sehatkan anak, kuatkan masa depan.  #Campak #WaspadaCampak #ImunisasiAnak #ImunisasiMR #KesehatanAnak #PencegahanPenyakit #RSUSuryaMelati #RumahSakitMuhammadiyah #DokterAnak #Kediri #KesehatanKeluarga #SehatBersama #vaksincampak #campakrubella #campak kediri",https://www.instagram.com/p/DReNvnvEx4_/,0,0,10,-1,NaN
16,anita_bimby,2025-09-18T11:54:53.000Z,"#pejuangsehat #pejuangvaksin #pejuangvaksin💪 #vaksincampak #latepost📸❤️ @zionathan_mgk",https://www.instagram.com/p/DOvh6oAgSdA/,0,0,3,-1,NaN
17,rsdewisri.karawang,2025-10-31T08:53:48.000Z,"📢 Jadwal Vaksin BCG & Campak di RS Dewi Sri Karawang  Ayo lindungi si kecil sejak dini dengan vaksin BCG dan Campak untuk mencegah TBC dan penyakit campak yang berbahaya. 💉👶 Kini vaksin tersedia setiap hari Rabu & Sabtu di Klinik Anak RS Dewi Sri Karawang!  🩺 Ditangani oleh Dokter Spesialis Anak Berpengalaman: ✅ dr. Arief Priambodo, Sp.A ✅ dr. Hj. RR Danis Widiastuti, Sp.A ✅ dr. Yosiana Liska, Sp.A, Mkes  🕒 Jadwal pelayanan sesuai dokter (lihat poster ya Bunda & Ayah 😉)  📍 Klinik Anak RS Dewi Sri Karawang  👨‍👩‍👧 Jangan tunda vaksin anak! Vaksinasi tepat waktu membantu menjaga kesehatan dan tumbuh kembang optimal buah hati.  📞 Pendaftaran & Informasi: WhatsApp: 081-111-6887  Butuh informasi lebih lanjut tentang layanan kesehatan kami? 🔹 Cek jadwal dokter, layanan medis, dan informasi lainnya dengan klik link di bio! 📞 Atau hubungi kami melalui: ✅ Call Center: (0267) 402855 ✅ Customer Care: 0857-7790-7723 (Chat only) ✅ Pendaftaran Pasien: 081 111 6887 (Chat only)  #VaksinAnak #BCG #Campak #ImunisasiAnak #JadwalVaksin #KlinikAnak #RSDewiSriKarawang #RSKarawang #KesehatanAnak #DokterAnakKarawang #VaksinBCG #VaksinCampak #CegahTBC #CegahCampak #KesehatanBalita #Karawang",https://www.instagram.com/p/DQd7YAiie_J/,1,0,19,-1,NaN
18,tantri_gf,2025-09-15T23:54:27.000Z,"Silahkan dibaca biar para orangtua tau paham apa sih CAMPAK dan kenapa anaknya divaksin CAMPAK 🥰 Gimana penting apa tidak ?😊 #hidupsehat #vaksincampak",https://www.instagram.com/p/DOpF4NCj7dJ/,13,0,16,-1,NaN
19,klinik_bananamedika,2025-09-20T08:18:08.000Z,"Jadwal Vaksin Campak Anak, Jangan Sampai Terlewat! Jaga kesehatan si kecil dengan memastikan jadwal imunisasinya tepat waktu.  Konsultasikan sekarang di Banana Medika!  #bananamedika amedika #imunisasianak #vaksincampak #lindungibuahhati #kesehatananak",https://www.instagram.com/p/DO0Ss4uk-VQ/,0,0,7,-1,NaN
20,layamed,2025-10-15T04:00:37.000Z,"Kini Tersedia Vaksin Campak di Klinik Utama LayaMed. Lindungi buah hati sejak dini dari risiko penyakit campak yang bisa menyerang sistem kekebalan tubuh. Vaksin ini direkomendasikan untuk anak usia 9–18 bulan 💉  ✅ Aman & sudah berizin BPOM 👶 Perlindungan optimal untuk si kecil 🏥 Tersedia di Klinik Utama LayaMed  Daftar & konsultasi sekarang juga di :  Klinik Utama LayaMed Jl. Jenderal Ahmad Yani No.20, Slawi, Tegal. Jawa Tengah. Informasi dan pendaftaran : 08123 200 300  #KlinikLayamed #Layamed #KlinikTegal #DokterSpesialisTegal #KlinikSlawi #dokterditegal #campak #imunisasi #vaksincampak #infoslawi #infotegal #vaksinditegal",https://www.instagram.com/p/DP0NGnaDxHW/,0,0,1,-1,NaN
21,sdtqnurulilmi,2025-10-24T11:39:10.000Z,"💉 *Dokumentasi BIAS Campak*  Alhamdulillah hari ini perwakilan siswa SDTQ Nurul Ilmi Lilhuffadz telah melaksanakan kegiatan BIAS (Bulan Imunisasi Anak Sekolah) Campak yang diselenggarakan oleh Dinas Kesehatan Kabupaten Bogor, semoga dengan kegiatan ini sebagai ikhtiar untuk meningkatkan kekebalan tubuh dengan menurunkan kejadian penyakit yang dapat dicegah dengan Imunisasi.   Barakallahufiikum 🙏  #BIAS #vaksincampak #dinkeskabbogor #SDTQNurulIlmiLilhuffadz",https://www.instagram.com/p/DQMMvFsEnTi/,0,0,3,-1,NaN
22,dr.murfariza_herlina_spa_mkes,2025-09-24T09:04:29.000Z,"Hai Mama-Papa, yuk kita mengenal penyakit campak dan bahayanya jika menyerang si Kecil!  Campak adalah penyakit akibat virus Morbilli yang menyerang bayi dan anak. Campak bisa menyebabkan kecacatan hingga kematian karena komplikasinya antara lain: pneumonia/bronkopneumonia, ensefalitis, otitis media, dan kerusakan mata.  Apa saja gejala-gejalanya dan apa saja pencegahannya? Yuk kita tonton video berikut!😊  ""HEALTHY CHILDREN, HAPPY PARENTS!""  Note📃: Video ini telah mendapat persetujuan untuk diunggah demi kepentingan edukasi  #campak #measles #morbilli #vaksincampak #tipsbayidanbalita ##dokteranak #dokteranakbatam",https://www.instagram.com/p/DO-rL1JEpLs/,1,0,24,-1,NaN
23,klinikmaharanny.medika,2025-11-23T03:17:21.000Z,"Orang tua perlu mewaspadai gejala campak pada anak, apalagi jika anak belum pernah divaksin, karena bisa terjadi komplikasi berbahaya bila tidak segera ditangani. Pengobatan yang tepat juga dapat meringankan gejala campak pada anak dan mencegah penularan ke anak lain  Yuk segerakan vaksinasi MR/MMR agar anak kita terlindungi dari penyakit virus Campak/Rubella  #campak #rubella #polio #vaksincampak #imunisasilengkap #imunisasianak #vaksinasi #vaksinhalal #vaksinaman #vaksininfluenza",https://www.instagram.com/p/DRYjJ0PE5Pu/,0,0,4,-1,NaN
24,benagrow,2025-09-01T02:11:01.000Z,"✨ Bunda, jangan anggap remeh ruam merah pada anak! Awalnya mungkin terlihat seperti alergi atau biang keringat, tapi tahukah Anda kalau gejala itu bisa jadi tanda campak?  📍 Campak biasanya dimulai dengan demam tinggi, batuk, pilek, dan mata merah. Beberapa hari kemudian, ruam muncul di wajah lalu menyebar ke tubuh. Jika dibiarkan, campak dapat berujung komplikasi serius seperti radang paru, diare berat, bahkan infeksi otak.  👉 Itulah mengapa deteksi dini sangat penting. Segera bawa anak ke dokter bila muncul gejala, pastikan asupan cairan dan istirahat cukup, serta jangan berikan obat sembarangan tanpa anjuran medis.  💉 Ingat, vaksin campak/MR adalah cara terbaik melindungi si kecil. Karena pencegahan selalu lebih baik daripada pengobatan.  #campak #kesehatananak #edukasiorangtua #deteksidini #vaksincampak #parentingsehat #ortuwajibtahu",https://www.instagram.com/p/DOCtlbLEx8C/,0,0,4,-1,NaN
25,apotekamerthaofficial,2025-09-02T11:33:56.000Z,"🚨WASPADA CAMPAK🚨  Kasus campak di Indonesia mengalami peningkatan, Sobat Sehat!   Penularannya sangat cepat dan dapat menimbulkan komplikasi serius, terutama pada anak-anak  📌 Pastikan si kecil mendapatkan vaksin campak tepat waktu untuk mencegah risiko lebih lanjut  Apotek Amertha selalu siap memenuhi kebutuhan kesehatan keluarga Anda❤️  #apotek #apotekamertha #apoteker #apotekterdekat #apotekjakartapusat #apotekjakartatimur #apotekpulogebang #apotekjakartaselatan #apotekmurah #apotekterlengkap #apoteklengkap #apotektermurah #pesanonline #pesanobat #deliveryobatWaspadaCampak #CegahCampak #VaksinCampak #InfoSehat #TipsKesehatan #tanyaapoteker #tanyaobat #konsultasiobat #apotekjakarta #obatlengkap #vaksinanak #vaksinasi #campak #kasuscampak",https://www.instagram.com/p/DOGSzPCgbiG/,0,0,3,-1,NaN
26,madu.abdurrahman,2025-09-07T10:38:22.000Z,"Baru saja episode horor dari cacing-cacing diperut mulai hilang dari benak kita, kali ini kembali viral kasus campak yang bahkan menewaskan puluhan anak. 😭  Bukan hanya kondisi perekonomian Indonesia yang sedang tidak baik-baik saja, tetapi kesehatan anak-anak Indonesia pun sepertinya harus menjadi sorotan utama tentang bagaimana solusi untuk permasalahan penyakit-penyakit ini.  Nah, kali ini Madu Abdurrahman coba bawakan beberapa solusi dari rumah yang bisa kita gunakan untuk mengatasi salah satu penyakit anak, yaitu campak. ✨  Semoga Bermanfaat!  🍯🍃 Yuk, pelajari konsep-konsep makanan yang baik untuk tubuh kita berdasarkan pengobatan modern, Thibbun Nabawi, dan juga literatur klasik yang bisa Kakak lihat pada Instagram @madu.abdurrahman hampir setiap hari.  📌Jangan ragu untuk berdiskusi tentang hal tersebut kepada Kami dengan meng-klik link di bio ya Kak! Insyaallah kami akan berusaha membantu Kakak dalam hal tersebut.  Barakallahufiikum.  #resepJamu #campak #obatcampak #campakanak #vaksincampak #imunisasicampak #MMR #vaksin #imunisasi #vaksinMMR",https://www.instagram.com/p/DOTEajoEiaI/,9,0,231,-1,NaN
27,klinikfirdaus.bwi,2025-09-07T06:31:02.000Z,"✨ Lindungi buah hati dari bahaya campak dan rubella dengan vaksin MR. Efektivitas perlindungannya bisa mencapai 97% bila diberikan lengkap sesuai jadwal! 💉💚  #AyoVaksinDiKlinikFirdaus  -------- Sumber : https://www.alodokter.com/vaksin-campak -------- follow @klinikfirdaus.bwi dan @sunat.superboy 📍Jl. Raya Licin No. 36, Banjarsari, Glagah, Banyuwangi (Timur SDN 2 Banjarsari) 📲 Reservasi: 0878-4573-8731 / 0822-5738-8278 #KlinikFirdaus #KlinikFirdausBanyuwangi #Klinik #Banyuwangi #vaksinmr #vaksincampak #vaksinbanyuwangi",https://www.instagram.com/p/DOSoHDgkrgJ/,0,0,5,-1,NaN
28,biyubiclinic,2025-08-30T08:54:29.000Z,"Ayah bunda! Sudahkah Si Kecil mendapatkan vaksin campak?   Vaksin campak diberikan untuk melindungi si kecil dari penyakit menular yang berbahaya, loh.   Yuk, pastikan dosisnya lengkap agar si kecil terlindungi.  #VaksinCampak #SehatBersamaBiyubi #CegahCampak  #AnakSehatCeria  #ImunisasiLengkap",https://www.instagram.com/p/DN-SKsoFJUJ/,0,0,6,-1,NaN
29,tamiima_,2025-08-27T03:07:20.000Z,"Hati-hati, Bunda! Beberapa waktu lalu, 17 anak di Sumenep meninggal dunia akibat KLB campak. Dan kini, kasus suspek campak juga ditemukan di Lombok Barat 😟  Artinya, campak bisa menyerang kapan saja dan di mana saja, terutama jika anak-anak belum terlindungi dengan imunisasi.  👶 Apa itu campak? Campak adalah penyakit menular yang disebabkan oleh virus dan mudah sekali menyebar lewat udara (batuk, bersin, percikan ludah).  ⚠️ Tanda-tanda campak yang harus diwaspadai:  - Demam tinggi yang tiba-tiba - Batuk, pilek, mata merah berair - Ruam kemerahan di kulit yang biasanya mulai dari wajah lalu menyebar ke seluruh tubuh  Jika dibiarkan tanpa penanganan, campak bisa menyebabkan dampak serius: ❌ Radang paru-paru ❌ Radang otak ❌ Gizi buruk ❌ Kematian  💉 Bagaimana mencegahnya? Sampai saat ini, imunisasi campak/MR adalah satu-satunya cara paling efektif untuk melindungi si kecil. Dengan imunisasi, tubuh anak akan lebih siap melawan virus berbahaya seperti campak.  ✨ Jadi, jangan tunda lagi, Bun. Yuk, cek kembali jadwal imunisasi si kecil di buku KIA. Karena perlindungan hari ini adalah investasi kesehatan untuk masa depan mereka ❤️  #tamiimamomandbabyspa #pijatbayimataram #vaksincampak #campakanak #babyspamataram",https://www.instagram.com/p/DN18DdnZLyL/,0,0,5,-1,NaN
30,rssitimiriam.101,2025-09-08T03:33:28.000Z,"🚨 Waspada KLB Campak! 🚨 Data terbaru menunjukkan meningkatnya kasus Kejadian Luar Biasa (KLB) campak di beberapa wilayah Indonesia.  Campak bukan hanya ruam merah dan demam, tapi bisa menyebabkan komplikasi serius seperti pneumonia, radang otak, hingga kematian, terutama pada anak-anak.  💉 Vaksinasi campak adalah langkah terbaik untuk pencegahan. Dengan imunisasi, kita bisa melindungi anak-anak dari bahaya campak dan mencegah terjadinya KLB di masa depan.  👉 Yuk, segera periksakan status imunisasi si kecil dan jadwalkan vaksinasi campak di Klinik Sehat RS Siti Miriam.  #kliniksehatrssitimiriam #vaksincampak #edukasicampak #klbcampak #cegahcampak #rssitimiriamlawang",https://www.instagram.com/p/DOU4lXmkoGP/,0,0,20,-1,NaN
31,rsuherminasukabumi,2025-09-05T07:45:04.000Z,"Pemberian vaksin adalah salah satu cara efektif untuk mencegah penyebaran penyakit menular, dan salah satu vaksinasi yang sangat penting untuk anak adalah vaksin campak.  Imunisasi adalah langkah kecil bagi kita untuk memenuhi hak anak demi tumbuh kembang optimal dan masa depan yang cerah.  Yuk, lindungi si kecil dengan imunisasi lengkap sesuai jadwal! Jangan sampai terlewat, karena setiap suntikan adalah langkah penting untuk mencegah penyakit berbahaya dan menjaga masa depan mereka.  #𝗧𝗲𝗻𝗮𝗻𝗴𝗱𝗶𝗛𝗲𝗿𝗺𝗶𝗻𝗮 𝗱𝗮𝗻 𝘀𝗲𝗵𝗮𝘁 𝗯𝗲𝗿𝘀𝗮𝗺𝗮 𝗥𝘂𝗺𝗮𝗵 𝗦𝗮𝗸𝗶𝘁 𝗛𝗲𝗿𝗺𝗶𝗻𝗮 𝗦𝘂𝗸𝗮𝗯𝘂𝗺𝗶 @𝗿𝘀𝘂𝗵𝗲𝗿𝗺𝗶𝗻𝗮𝘀𝘂𝗸𝗮𝗯𝘂𝗺𝗶  𝗬𝘂𝗸 𝗰𝗲𝗸 𝗷𝗮𝗱𝘄𝗮𝗹 𝗱𝗮𝗻 𝗯𝘂𝗮𝘁 𝗷𝗮𝗻𝗷𝗶 𝗱𝗲𝗻𝗴𝗮𝗻 𝗱𝗼𝗸𝘁𝗲𝗿 𝗱𝗶 𝗥𝗦𝗨 𝗛𝗲𝗿𝗺𝗶𝗻𝗮 𝗦𝘂𝗸𝗮𝗯𝘂𝗺𝗶 𝗺𝗲𝗹𝗮𝗹𝘂𝗶 𝘄𝗲𝗯 𝗸𝗮𝗺𝗶 (𝗹𝗶𝗻𝗸 𝗱𝗶 𝗕𝗜𝗢)  Atau, pendaftaran melalui Call Centre : 1500 488  Mobile Apps : PT Medikaloka Hermina Tbk (Tersedia untuk IOS dan Android).  #VaksinCampak #RSUHerminaSukabumi #ImunisasiAnak #HerminaHospitals #HerminaSukabumi",https://www.instagram.com/p/DONm_g4j0wR/,5,0,334,-1,NaN
32,rsbaitulhikmahkendal,2025-09-06T11:56:06.000Z,"Campak Masih Mengancam Anak Indonesia!   Tahukah Bunda & Ayah, hingga Agustus 2025 sudah tercatat 3.444 anak meninggal akibat campak? 😢 Padahal campak bisa dicegah dengan vaksin MR lengkap (MR1 & MR2).  Sayangnya, masih banyak anak yang belum divaksinasi karena: ❌ Kurangnya akses ❌ Misinformasi ❌ Dianggap tidak penting ❌ Mengira vaksin hanya untuk bayi ❌ Takut anak demam setelah vaksin  👉 Mari lindungi buah hati kita. Jangan tunggu sampai terlambat. 💉 Pastikan anak mendapat vaksin MR1 & MR2 sesuai jadwal.  Karena senyum sehat mereka adalah masa depan Indonesia  RS Baitul Hikmah Kendal - Peduli anak indonesia. Telpon & Informasi : 0294 3690 666 Whatsapp : +62851 5734 2566  #RSBH #RSBaitulHikmahKendal #Campak #VaksinCampak #anakindonesia",https://www.instagram.com/p/DOQohHIEQQV/,0,0,28,-1,NaN
33,imsacare_medika,2025-09-06T02:46:17.000Z,"Hidup Sehat & Terlindungi dari Campak 🌟 Penyakit campak bisa dicegah! 💉✨ Langkah sederhana untuk melindungi diri dan keluarga: ✔️ Vaksin campak (MR/MMR) sesuai jadwal imunisasi ✔️ Jaga kebersihan diri & lingkungan ✔️ Konsumsi makanan bergizi, cukup tidur, rutin olahraga  ✔️ Segera periksa jika muncul gejala  Ingat, mencegah jauh lebih baik daripada mengobati. Yuk, jaga kesehatan keluarga kita bersama Shafa Medika!  #edukasikesehatan #penyakitcampak #waspadacampak #kesehatan #tubuhsehat #vaksincampak",https://www.instagram.com/p/DOPpmErEgWX/,0,0,2,-1,NaN
34,polsekbppntimur,2025-09-06T09:07:12.000Z,"👮‍♂️ Bhabinkamtibmas Kelurahan Manggar, Polsek Balikpapan Timur Polresta Balikpapan AIPDA Edy Wahyudi hadir mendampingi kegiatan kesehatan masyarakat.  📅 Sabtu, 06 September 2025 🕘 Pukul 09.00 WITA 📍 RT 01 Kelurahan Manggar, Balikpapan Timur  Dalam kegiatan ini, Bhabinkamtibmas melakukan monitoring dan pendampingan Puskesmas Manggar pada pelaksanaan Vaksin Campak yang dirangkaikan dengan Posyandu rutin.  ✅ Tujuan kegiatan ini untuk:  Memantau kondisi kesehatan balita dan lansia.  Mencegah serta menekan penyebaran penyakit campak.  Mengantisipasi potensi kasus stunting di wilayah.  Selain itu, beliau juga mengingatkan warga agar selalu memperhatikan kesehatan dan keamanan anak-anak, baik saat di rumah maupun ketika bermain di luar.  📞 Untuk setiap keluhan, informasi, atau harapan dari masyarakat, dapat langsung disampaikan kepada Bhabinkamtibmas Kelurahan Manggar atau melalui Call Center 110.  🤝 Bersama kita wujudkan lingkungan sehat, aman, dan sejahtera!  #PolrestaBalikpapan #PolsekBalikpapanTimur #Bhabinkamtibmas #VaksinCampak #Posyandu #PolriHumanis",https://www.instagram.com/p/DOQVL-Yj7MX/,0,0,4,-1,NaN
35,madu_murni_bontang,2025-09-08T00:37:00.000Z,"Baru saja episode horor dari cacing-cacing diperut mulai hilang dari benak kita, kali ini kembali viral kasus campak yang bahkan menewaskan puluhan anak.   Bukan hanya kondisi perekonomian Indonesia yang sedang tidak baik-baik saja, tetapi kesehatan anak-anak Indonesia pun sepertinya harus menjadi sorotan utama tentang bagaimana solusi untuk permasalahan penyakit-penyakit ini.  Nah, kali ini Madu Abdurrahman coba bawakan beberapa solusi dari rumah yang bisa kita gunakan untuk mengatasi salah satu penyakit anak, yaitu campak. ✨  Semoga Bermanfaat!  Barakallahufiikum.  #resepJamu #campak #obatcampak #campakanak #vaksincampak #imunisasicampak #MMR #vaksin #imunisasi #vaksinMMR",https://www.instagram.com/p/DOUkY7AD-kY/,0,0,2,-1,NaN
36,bundadenpasar,2025-08-27T03:29:48.000Z,"⚠️ Hati-Hati Campak pada Anak! ⚠️  Jangan sepelekan ya, Sahabat Bunda! ✨  Campak adalah penyakit (sangat) menular yang disebabkan virus, penularannya lewat udara, terutama dari batuk dan bersin penderita.  ‼️ Kenapa Berbahaya? Campak bisa menyebabkan komplikasi radang paru, radang otak, diare berat dan dehidrasi. ⚠️  Pahamj juga pencegahan paling ampuh dari Campak: IMUNISASI. 💖 Pastikan si Kecil mendapat perlindungan sesuai jadwal ya, Sahabat Bunda!  Kontak kami kapan saja untuk reservasi konsultasi & pemeriksaan!   Because family matters. 💚  #campak #measles #vaksincampak #measlesvaccines #bunda #bundadenpasar",https://www.instagram.com/p/DN1-oE9wvSe/,0,0,22,-1,NaN
37,ayukuliana,2025-09-11T08:32:49.000Z,"📢 For My Client or parents near Kuala Lumpur!  Prince Court Medical Centre dengan kerjasama KKM akan buat FREE Measles & Rubella Supplementary Immunisation Activity  📌 Tarikh: Jumaat, 26 September 2025 🕙 Masa: 10.00 pagi – 4.00 petang 📍 Tempat: 4D Ward, Level 4, Prince Court Medical Centre  👶 Siapa layak?  Kanak-kanak umur 6tahun ke bawah hingga 59 bulan (lahir antara 1 Ogos 2020 – 31 Januari 2025) ✅ Semua warganegara & bukan warganegara dialu-alukan ✅ Sukarela (bukan vaksinasi wajib)  📂 Bawa bersama:  ✅Buku/rekod vaksin anak ✅Borang kebenaran ibu bapa (boleh isi online/on-site)  👉 Klik link/scan QR code di poster untuk register.  💉 Jom sama-sama lindungi anak & komuniti daripada measles & rubella ❤️  #vaksincampak #MeaslesRubellaVaccine  #supplementaryvaccine #princecourtmedicalcentre",https://www.instagram.com/p/DOdJOjqEpgj/,0,0,1,-1,NaN
38,rssitimiriam.101,2025-09-03T03:18:20.000Z,"🚨 Waspada KLB Campak! 🚨 Baru-baru ini terjadi Kejadian Luar Biasa (KLB) campak di beberapa wilayah Indonesia. Campak bukan sekadar ruam merah dan demam, tapi dapat menyebabkan pneumonia, radang otak, hingga kematian, terutama pada anak-anak.  💉 Kabar baiknya, kini tersedia Vaksin Campak di Klinik Sehat RS Siti Miriam. Lindungi buah hati dan keluarga Anda dari bahaya campak dengan vaksinasi.  👉 Segera jadwalkan vaksinasi campak di Klinik Sehat RS Siti Miriam. 📍 Lokasi: Klinik Sehat RS Siti Miriam 📞 Info & pendaftaran: 0811 3788 101  #kliniksehatrssitimiriam #vaksincampak #klbcampak #lindungianak #rssitimiriamlawang",https://www.instagram.com/p/DOH-4OjEpSr/,4,0,22,-1,NaN
39,alomedika,2025-08-28T08:30:09.000Z,"ALO Dokter, Wabah campak kembali muncul di beberapa daerah di Indonesia. Data terbaru menunjukkan ratusan anak terinfeksi, bahkan tidak sedikit yang meninggal—mayoritas karena belum mendapatkan imunisasi lengkap. Padahal, vaksin campak-rubella (MR) terbukti aman, efektif, dan menjadi kunci utama pencegahan wabah. Untuk mencegah KLB campak berikutnya, cakupan vaksinasi harus mencapai minimal 95%. Mari pastikan pasien anak kita mendapat imunisasi campak-rubella sesuai jadwal. Edukasikan pada orang tua bahwa vaksin MR halal, aman, dan sudah terjamin BPOM. Dengan cakupan imunisasi yang tinggi, rantai penularan bisa diputus, dan Indonesia bisa terbebas dari kejadian luar biasa campak. Apakah di tempat praktik Anda cakupan imunisasi campak sudah optimal? Jadi Dokter Andal dalam Genggaman. Salam ALOMEDIKA! #campak #measles #vaksincampak",https://www.instagram.com/p/DN5FysfgUst/,0,0,13,-1,NaN
40,anugerah24_official,2025-09-13T08:03:20.000Z,"Hallo Keluarga Anugerah24👋 Semangat pagi dan salam sehat untuk kita semua✨  *#WA (Warta Anugerah)* Warta Anugerah kali ini berbagi edukasi mengenai *Campak*  Campak ditandai dengan munculnya bintik-bintik merah pada kulit dan demam hal ini disebabkan oleh infeksi virus dari famili paramyxovirus.  Yuk simak penjelasan, Apa itu Campak, gejala dan penyebabnya apa serta bagaimana penanganannya?   Hubungi kami Untuk kebutuhan obat suplemen vitamin  serta alat kesehatan  order melalui WA:  📲 Babarsari = *0896-0315-7888* 📲 Monjali = *0859-5071-6888*  Bersama Anugerah24 sehat produktif💪  #Campak #Sehat Produktif  #Anugerah24 Monjali #Anugerah24 Babarsari  #Shopping Sehat  #WaspadaCampak #CegahCampak #VaksinCampak #ImunisasiCampak #LindungiAnakDariCampak #CampakItuBerbahaya #CampakBukanFluBiasa #KenaliGejalaCampak #SehatTanpaCampak #StopCampak #WaspadaCampak #CegahCampak #VaksinCampak #ImunisasiCampak #LindungiAnakDariCampak #CampakItuBerbahaya #CampakBukanFluBiasa #KenaliGejalaCampak #SehatTanpaCampak #StopCampak",https://www.instagram.com/p/DOiPcZXknFE/,0,0,3,-1,NaN
41,bwcc_bintaro,2025-08-30T02:39:42.000Z,"Total ada 23.128 kasus suspek hingga Agustus 2025. Kemenkes RI melakukan pemeriksaan pada 20 ribu sampel dan terkonfirmasi 3.444 kasus positif campak  Ternyata penyakit campak bukan hanya soal demam dan rumah saja. Tetapi dampak yang bisa timbul setelahnya juga menjadi perhatian  Konsultasi dan periksakan kondisi anak jika mengalami gejala penyakit campak. Jangan lupa lakukan imunisasi untuk meminimalisir komplikasi dan penularan penyakit campak pada Anak  Hubungi Patient Relation Officer untuk informasi lebih lanjut.  📲 WhatsApp Chat - 0811-1927-0076   Salam sehat selalu 💪🏻 ___  #bwccbintaro #klinikbersalin #klinikibuanak #campak #imunisasi #imunisasiAnak #vaksincampak",https://www.instagram.com/p/DN9nRymErnK/,0,0,27,-1,NaN
42,rsbaitulhikmahkendal,2025-09-08T09:21:07.000Z,"Kenapa Anak Wajib Imunisasi Campak?  Campak bukan sekadar ruam merah di kulit. Penyakit ini bisa menimbulkan komplikasi serius seperti radang paru-paru, diare berat, hingga radang otak. Bahkan, kasus kematian akibat campak di Indonesia masih terus terjadi.  💉 Imunisasi campak (MR1 & MR2) sangat penting karena: 1️⃣ Melindungi anak dari bahaya campak & rubella. 2️⃣ Mencegah penyebaran penyakit di lingkungan sekitar. 3️⃣ Membentuk kekebalan tubuh jangka panjang. 4️⃣ Membantu Indonesia mencapai target eliminasi campak & rubella.  👉 Jangan tunda, jangan takut. Efek samping ringan seperti demam biasanya sebentar saja, tapi manfaatnya seumur hidup.  ✨ Yuk, pastikan buah hati kita mendapat imunisasi lengkap. Karena perlindungan terbaik untuk mereka adalah yang kita berikan sejak dini.  RS Baitul Hikmah Kendal - Peduli anak indonesia. Telpon & Informasi : 0294 3690 666 Whatsapp : +62851 5734 2566  #RSBH #RSBaitulHikmahKendal #Campak #VaksinCampak #anakindonesia",https://www.instagram.com/p/DOVgXpYEovR/,2,0,90,-1,NaN
43,klinik_bananamedika,2025-09-06T02:46:55.000Z,"Hidup Sehat & Terlindungi dari Campak 🌟 Penyakit campak bisa dicegah! 💉✨ Langkah sederhana untuk melindungi diri dan keluarga: ✔️ Vaksin campak (MR/MMR) sesuai jadwal imunisasi ✔️ Jaga kebersihan diri & lingkungan ✔️ Konsumsi makanan bergizi, cukup tidur, rutin olahraga  ✔️ Segera periksa jika muncul gejala  Ingat, mencegah jauh lebih baik daripada mengobati. Yuk, jaga kesehatan keluarga kita bersama Banana Medika!  #edukasikesehatan #penyakitcampak #waspadacampak #kesehatan #tubuhsehat #vaksincampak",https://www.instagram.com/p/DOPpqu4E7fS/,0,0,3,-1,NaN
44,apotekyury,2025-09-04T02:05:20.000Z,"🌡️ Waspada Campak! Lindungi Si Kecil dengan Vaksin Campak. Kini vaksin campak tersedia di Apotek Yury Palembang. 💉 Yuk, cegah sebelum terlambat! #apotekyurypalembang #vaksin #vaksincampak",https://www.instagram.com/p/DOKbUYek9Ja/,0,0,11,-1,NaN
45,imrich_97,2025-09-11T10:17:39.000Z,"🤱🏻 : Ng nk p cucuk tak , Nangis tak nanti 👶🏻: p , nangis 😂   Sampai klinik  🧑🏻‍⚕️: nak cucuk tang mana 🤱🏻 : ng cok trong nei 👶🏻 : cok trong ni  Bunyi erk sikit tk dan nangis 😂  #vaksincampak",https://www.instagram.com/p/DOdVORyjUtg/,0,0,22,-1,NaN
46,dokteranak_jogja,2025-09-07T12:31:31.000Z,"Campak itu bukan sekedar demam dengan keluar ruam merah-merah. Campak bisa menimbulkan komplikasi sampai dengan kematian. Sudahkah Ayah Bunda cek buku imunisasi si kecil? Sudah lengkap kah imunisasi campak nya?  #imunisasibayi #imunisasianak #vaksincampak #campak #wabahcampak",https://www.instagram.com/p/DOTRXSJEVPh/,1,0,10,-1,NaN
47,meranti021,2025-09-08T13:40:05.000Z,"Dokumentasi Hari Senin 08 September 2025 Hari ini, para siswa/i kelas 1 dan kelas 5 di sekolah kami berpartisipasi dalam program Bulan Imunisasi Anak Sekolah (BIAS) dengan penuh semangat!  Terima kasih yang sebesar-besarnya kami ucapkan kepada tim medis dari Puskesmas Wonorejo yang telah hadir dan memberikan pelayanan terbaik untuk imunisasi campak bagi siswa kelas 1 dan vaksin HPV bagi siswa kelas 5. Kegiatan ini sangat penting untuk menjaga kesehatan dan masa depan anak-anak kita.  Semoga anak-anak kita selalu sehat dan terlindungi! @pkmwonorejosmd 🥰🥰   #BIAS #ImunisasiAnakSekolah #VaksinCampak #VaksinHPV #PuskesmasWonorejo #SekolahSehat #KesehatanAnak #Imunisasi",https://www.instagram.com/p/DOV-AbpkZxi/,0,0,41,-1,NaN
48,yisalaminkapuas.or.id,2025-09-04T11:02:57.000Z,"Suasana ceria bercampur tegang terlihat di SDIT Al Amin pada Rabu, (03/09). Petugas Puskesmas Melati hadir untuk melaksanakan vaksin campak kepada siswa kelas I dan kelas V. Antusiasme tampak dari wajah-wajah mereka, meski sebagian ada yang masih ragu dan membutuhkan pendampingan.  Program vaksinasi campak bertujuan menjaga kesehatan anak sejak dini, melindungi dari penyakit menular, serta mendukung tumbuh kembang mereka agar lebih optimal. Selain itu, vaksinasi juga menjadi langkah preventif untuk mencegah penyebaran penyakit di lingkungan sekolah.  Pelaksanaan berjalan lancar, didampingi guru, serta disambut dengan semangat oleh sebagian besar siswa. Namun, ada pula beberapa yang tampak takut hingga perlu didampingi orang tuanya. Bahkan sejumlah perawat turut membantu dengan penuh kesabaran, memeluk dan menenangkan agar anak-anak lebih berani saat menerima suntikan.  Kepala Puskesmas Melati hadir langsung dalam kegiatan tersebut untuk memberikan dukungan dan motivasi, sekaligus memastikan pelaksanaan berjalan baik.  Melalui vaksinasi campak, siswa SDIT Al Amin diharapkan memiliki perlindungan jangka panjang sehingga dapat terus belajar dan beraktivitas dengan sehat.  . . . 💻 Stay Connected :⁣⁣ 🔹 Facebook: Yayasan Islam Al Amin Kapuas 🔹 YouTube: Al Amin TV Official 🔹 Instagram: @yisalaminkapuas.or.id 🔹 Website: www.yisalaminkapuas.or.id 📞 Contact: +62 813 4899 975 #VaksinCampak #SDITALAmin #PuskesmasMelati #ImunisasiAnak #SehatSejakDini #CegahCampak #AnakSehatIndonesia #KapuasSehat #SekolahIslamTerpadu #KapuasBersinar #InfoKapuas",https://www.instagram.com/p/DOLY1-hjWPm/,0,0,23,-1,NaN
49,klinik_kmcharapankita,2025-09-12T05:02:46.000Z,"Yuk, kenali campak dan lindungi diri dengan vaksinasi. Campak bisa dicegah, jadi jangan tunda lagi! #vaksincampak #sehatbersama #lindungidirilindunginegeri",https://www.instagram.com/p/DOfV--FkkVu/,0,0,2,-1,NaN
50,kumparanmom,2025-08-28T09:15:12.000Z,"Siapa yang pernah mendapat informasi bahwa vaksin campak menyebabkan kecacatan? Kabar itu hoaks ya, Moms!  Ketua Unit Kerja Koordinasi (UKK) Infeksi dan Penyakit Tropik Ikatan Dokter Anak Indonesia (IDAI) sekaligus Guru Besar Fakultas Ilmu Kedokteran Universitas Lambung Mangkurat, Prof. Dr. dr. Edi Hartoyo, Sp.A, Subs.IPT(K), menjelaskan vaksin campak tidak bisa menyebabkan rangsangan penyakit pada anak-anak yang diimunisasi.  Pada kesempatan yang sama, Ketua Satgas Imunisasi IDAI, Prof. DR. dr Hartono Gunardi, Sp.A, Subs.TKPS(K) membeberkan awal mula vaksin campak diisukan menyebabkan kecacatan dan autisme.  “Memang dulu, tahun 1990-an beredar (informasi) bahwa vaksin MMR, campak Jerman dan mumps gondongan, itu bisa menyebabkan anak autis. Jadi terlambat bicara, tidak bisa berinteraksi, ada gerak-gerak yang aneh atau stereotipik. Tapi itu penelitiannya hanya meliputi 12 anak yang diundang ke pesta ulang tahun peneliti tersebut,” ucap Prof. Hartono dalam acara webinar bersama IDAI, Rabu (27/8).  Prof. Hartono menegaskan penelitian tersebut tidak hanya cacat secara ilmiah, tetapi juga terbukti menyesatkan. Publikasi artikel tersebut telah ditarik, serta dokter yang mempublikasikannya dicabut izin praktiknya.  Aset: Pribadi.  #momsupdate #update #mom #quote #vaksin #campak #vaksincampak #IDAI #vaksinMMR #kumparanmom",https://www.instagram.com/p/DN5K7g0joR9/,0,0,168,-1,NaN
51,rsumumtrijaya,2025-07-14T04:44:21.000Z,"🛡️ Lindungi si kecil dari campak! Yok vaksin campak bersama dr. Faisal Husien, Sp.A, M.Sc di RSU TRIJAYA MEDICAL CENTER! Semakin cepat vaksin, semakin kuat perlindungan. 💉 Aman, cepat, dan pastinya direkomendasikan dokter.  #VaksinCampak #DokterFaisal #AnakSehat #CegahCampak",https://www.instagram.com/p/DME0LnETuYM/,0,0,12,-1,NaN
52,hrinihrini,2025-08-06T01:58:34.000Z,"Suntik campak anak kelas 1 Selamat pagi  ##vaksincampak",https://www.instagram.com/p/DM_vfYyPu2P/,0,0,0,-1,NaN
53,dr.budipurnomo.spak,2025-08-17T07:01:45.000Z,"👨🏻‍⚕️  Ayo lindungi anak usia sekolah dari penyakit berbahaya melalui imunisasi!  Ya, imunisasi anak usia sekolah, gratis, didapatkan di sekolah.  💉 Di bulan Agustus dan November ini pemerintah kembali menggelar Bulan Imunisasi Anak Sekolah (BIAS) untuk melindungi anak-anak usia sekolah dari campak, rubela, difteri, tetanus, dan kanker leher rahim - GRATIS melalui sekolah-sekolah.   👉 Lihat detailnya pada gambar.  👩🏻‍⚕ Pastikan anak mums & dads mendapatkan haknya mendapatkan perlindungan di sekolah.  🔺 Anak yang terlewat saat pelaksanaan BIAS di sekolah, harus tetap mendapatkan imunisasi. Hubungi UKS untuk dilaporkan ke puskesmas terdekat. 🔺 Anak usia sekolah yang tidak sekolah atau tidak mendapatkan imunisasi BIAS di sekolahnya dapat mengikuti BIAS di puskesmas terdekat.  🙋🏻‍♀️ Mums & dads, minggu depan ada webinar ""Mitos & Fakta seputar Imunisasi Anak"". (Minggu 24 Agustus, jaam 18.30-20.00 WIB)  Yuk ikutan... daftar di: bit.ly/Web-MitosImunisasi atau WA 0813-85675-097.  👉 Ingatkan juga teman-teman ya ... Share postingan ini.  Salam sehat.  𝐃𝐨𝐤𝐭𝐞𝐫𝐀𝐧𝐚𝐤𝐤𝐮 𝘚𝘢𝘩𝘢𝘣𝘢𝘵 𝘱𝘢𝘳𝘢 𝘔𝘶𝘮𝘴  Referensi: Kemenkes RI. Leaflet BIAS 2025  #dokteranakku #DokterAnak #IDAI #Imunisasi #BIAS #BulanImunisasi #vaksincampak #vaksinDT #vaksinTd #vaksinHPV",https://www.instagram.com/p/DNcm7s4xu0Q/,0,0,2,-1,NaN
54,almashraf_family,2025-08-27T02:28:19.000Z,"Pengalaman berharga #masyaaallahtabarakallah #vaksincampak #ayovaksin",https://www.instagram.com/p/DN13lvjZlmS/,0,0,3,-1,NaN
55,naluriibu.id,2025-08-26T03:47:52.000Z,"Campak bukanlah penyakit ringan! Kasus yang akhir-akhir ini melonjak di Sumenep, Madura, Jawa Timur dinyatakan sebagai Kejadian Luar Biasa (KLB). Hal ini terjadi karena cakupan vaksin yang rendah, sehingga penularan semakin masif. Banyak warga yang takut, bahkan menolak vaksin karena termakan hoaks vaksin haram maupun mitos vaksin menyebabkan sakit. Pola pikir ini muncul karena minimnya edukasi kepada masyarakat tentang pentingnya imunisasi dan harapannya pemerintah terus mensosialisasi akan pentingnya vaksinasi.  Vaksin serentak akan dimulai pada 25 Augustus 2025 dan ditargetkan tuntas pada 14 September 2025 mendatang.  Langkah yang bisa Ayah Bunda lakukan : ✅ Penuhi jadwal vaksinasi  ✅ Hindari kontak dengan orang yang terinfeksi ✅ Selalu waspada dan jaga kebersihan  #campak #rubella #measles #vaksincampak #imunisasicampak #infoparenting #tumbuhkembang #KLBcampak #tipsparenting #imunisasi",https://www.instagram.com/p/DNzb5g6XnAc/,0,0,194,-1,NaN
56,rsuaisyiyahmuntilan,2025-06-30T05:22:24.000Z,"🩺✨ Lindungi Buah Hati dari Campak! RSU Aisyiyah Muntilan mengadakan Vaksinasi Campak untuk anak-anak tercinta 👶❤️  📆 Sabtu, 26 Juli 2025 🕢 Pukul 07.30 – 11.00 WIB 📍 RSU Aisyiyah Muntilan  🎯 Kuota terbatas – segera daftarkan si kecil!  Karena pencegahan lebih baik daripada pengobatan 💉 #VaksinCampak #RSUAisyiyahMuntilan #SehatBersama #LindungiAnak #ImunisasiAnak",https://www.instagram.com/p/DLg1aAGz1mf/,0,0,12,-1,NaN
57,kumparanmom,2025-08-23T13:29:51.000Z,"Kabupaten Sumenep, Jawa Timur, kini berstatus kejadian luar biasa (KLB) penyakit campak. Menurut data Dinas Kesehatan Sumenep hingga Agustus 2025, terjadi 2.035 kasus campak dengan 17 kematian, dengan rincian 16 anak belum pernah diimunisasi dan satu anak tidak mendapat imunisasi lengkap.  Dikutip dari Antara, Gubernur Jawa Timur Khofifah Indar Parawansa sudah turun langsung untuk menangani KLB campak di Sumenep.  Untuk mencegah penyebaran lebih meluas, sebanyak 78.569 anak berusia 9 bulan hingga 6 tahun akan menjadi sasaran vaksinasi campak massal, yang berlangsung 25 Agustus-14 September 2025. Nantinya, akan ada pemberian satu dosis vaksin MR tanpa melihat status imunisasi sebelumnya.  “Secepatnya akan kami lakukan Outbreak Response Imunization atau ORI. Berdasarkan kajian epidemiologi sampai dengan 14 Agustus lalu, maka ORI campak akan dilakukan di 26 wilayah puskesmas di Sumenep untuk mencegah transmisinya,” kata Khofifah.  Setelah ORI dilakukan, akan ada imunisasi kejar pada anak-anak yang belum lengkap imunisasi campak sesuai usia.  Aset: Instagram @khofifah.ip.  #momsupdate #update #mom #oneliner #campak #vaksin #vaksincampak #imunisasi #kumparanmom",https://www.instagram.com/p/DNswHZ_5Gsg/,533,0,6111,-1,NaN
58,dr.evajeumpa_spak,2025-08-17T06:57:35.000Z,"👨🏻‍⚕️  Ayo lindungi anak usia sekolah dari penyakit berbahaya melalui imunisasi!  Ya, imunisasi anak usia sekolah, gratis, didapatkan di sekolah.  💉 Di bulan Agustus dan November ini pemerintah kembali menggelar Bulan Imunisasi Anak Sekolah (BIAS) untuk melindungi anak-anak usia sekolah dari campak, rubela, difteri, tetanus, dan kanker leher rahim - GRATIS melalui sekolah-sekolah.   👉 Lihat detailnya pada gambar.  👩🏻‍⚕ Pastikan anak mums & dads mendapatkan haknya mendapatkan perlindungan di sekolah.  🔺 Anak yang terlewat saat pelaksanaan BIAS di sekolah, harus tetap mendapatkan imunisasi. Hubungi UKS untuk dilaporkan ke puskesmas terdekat. 🔺 Anak usia sekolah yang tidak sekolah atau tidak mendapatkan imunisasi BIAS di sekolahnya dapat mengikuti BIAS di puskesmas terdekat.  🙋🏻‍♀️ Mums & dads, minggu depan ada webinar ""Mitos & Fakta seputar Imunisasi Anak"". (Minggu 24 Agustus, jaam 18.30-20.00 WIB)  Yuk ikutan... daftar di: bit.ly/Web-MitosImunisasi atau WA 0813-85675-097.  👉 Ingatkan juga teman-teman ya ... Share postingan ini.  Salam sehat.  𝐃𝐨𝐤𝐭𝐞𝐫𝐀𝐧𝐚𝐤𝐤𝐮 𝘚𝘢𝘩𝘢𝘣𝘢𝘵 𝘱𝘢𝘳𝘢 𝘔𝘶𝘮𝘴  Referensi: Kemenkes RI. Leaflet BIAS 2025  #dokteranakku #DokterAnak #IDAI #Imunisasi #BIAS #BulanImunisasi #vaksincampak #vaksinDT #vaksinTd #vaksinHPV",https://www.instagram.com/p/DNcmdHyRbMm/,0,0,3,-1,NaN
59,rsianun,2025-07-07T04:11:39.000Z,"Jadwal pemeriksaan gratis dewasa dan anak.  . RSIA NUN Surabaya Jl.Manukan Tengah Blok 51J No.4-6, Surabaya Hotline 1 : 031-7404391 Hotline 2 : 031-33303333 Hotline 3 : 0819680008 (pendaftaran online) Hotline 4 : 082232221562 (pengaduan kritik dan saran) ----------------------------------------------- Sosial media kami Facebook : RSIA NUN Surabaya Instagram : @rsianun Website : www.nun.co.id Youtube : RSIA NUN Surabaya Tiktok : @rsianunsurabaya ----------------------------------------------- JANGAN LUPA LIKE, SHARE AND SUBSCRIBE YA GUYS, HAPPY WATCHING  #rsianun #rsianunsurabaya #rsianunsby  #poligizi #sundayclinic #polispesialisanak #pijatbayi #homecare  #polispesialiskebidanandankandungan #poligigi #igd24jam #polispesialisanak #vaksinbcg #vaksincampak #vaksinbcgsurabaya",https://www.instagram.com/p/DLyu35QhYIq/,0,0,16,-1,NaN
60,anthydape,2025-08-16T08:44:38.000Z,"Save #vaksincampak",https://www.instagram.com/p/DNaN6V4yB82/,2,0,7,-1,NaN
61,promed_id,2025-08-08T04:52:48.000Z,"Campak bisa menyerang anak kapan saja, tapi jangan khawatir! Vaksinasi adalah langkah terbaik untuk mencegahnya. Kenali gejalanya, seperti ruam merah, demam, dan batuk. Jangan tunda lagi, pastikan anak terlindungi dengan vaksin campak yang lengkap! ------------------------------------------------ Klinik Promed 📍Jl. Kol. Edy Yoso Martadipura, Nirwana Golden Park Blok C 5, RW.7, Pakansari, Kec. Cibinong, Kabupaten Bogor #CampakPadaAnak #VaksinCampak #CegahCampak #PentingnyaVaksinasi #LindungiAnak #KesehatanAnak #Imunisasi #VaksinasiAnak #KlinikPromed #KlinikBPJS #KlinikUmum",https://www.instagram.com/p/DNFNBVKSPU3/,0,0,2,-1,NaN
62,anneyloveney,2025-08-21T12:26:39.000Z,"Vaksin Campak ✅  #vaksinmeasles #vaksincampak #MeaslesRubella #highlight",https://www.instagram.com/p/DNnfSxQhGdD/,8,0,18,-1,NaN
63,dokteranakkuofficial,2025-08-17T01:45:01.000Z,"👨🏻‍⚕️  Ayo lindungi anak usia sekolah dari penyakit berbahaya melalui imunisasi!  Ya, imunisasi anak usia sekolah, gratis, didapatkan di sekolah.  💉 Di bulan Agustus dan November ini pemerintah kembali menggelar Bulan Imunisasi Anak Sekolah (BIAS) untuk melindungi anak-anak usia sekolah dari campak, rubela, difteri, tetanus, dan kanker leher rahim - GRATIS melalui sekolah-sekolah.   👉 Lihat detailnya pada gambar.  👩🏻‍⚕ Pastikan anak mums & dads mendapatkan haknya mendapatkan perlindungan di sekolah.  🔺 Anak yang terlewat saat pelaksanaan BIAS di sekolah, harus tetap mendapatkan imunisasi. Hubungi UKS untuk dilaporkan ke puskesmas terdekat. 🔺 Anak usia sekolah yang tidak sekolah atau tidak mendapatkan imunisasi BIAS di sekolahnya dapat mengikuti BIAS di puskesmas terdekat.  🙋🏻‍♀️ Mums & dads, minggu depan ada webinar ""Mitos & Fakta seputar Imunisasi Anak"". (Minggu 24 Agustus, jaam 18.30-20.00 WIB)  Yuk ikutan... daftar di: bit.ly/Web-MitosImunisasi atau WA 0813-85675-097.  👉 Ingatkan juga teman-teman ya ... Share postingan ini.  Salam sehat.  𝐃𝐨𝐤𝐭𝐞𝐫𝐀𝐧𝐚𝐤𝐤𝐮 𝘚𝘢𝘩𝘢𝘣𝘢𝘵 𝘱𝘢𝘳𝘢 𝘔𝘶𝘮𝘴  Referensi: Kemenkes RI. Leaflet BIAS 2025  #dokteranakku #DokterAnak #IDAI #Imunisasi #BIAS #BulanImunisasi #vaksincampak #vaksinDT #vaksinTd #vaksinHPV",https://www.instagram.com/p/DNcCr38PmrH/,0,0,37,-1,NaN
64,meylan.kasim,2025-08-05T05:40:57.000Z,"masya Allah tda tkut di suntik😘 #vaksincampak #anakkelassatu",https://www.instagram.com/p/DM9kJR3hqHS/,0,0,0,-1,NaN
65,rsmitrabangsa,2025-08-25T08:21:12.000Z,"Hai Sobat Mitra  Wabah campak di Sumenep, Jawa Timur dikabarkan telah menewaskan 17 anak dan menginfeksi hampir 2.000 lainnya selama 8 bulan terakhir. Penyakit ini sangat menular dan bisa menimbulkan komplikasi serius jika tidak ditangani dengan benar. Oleh karena itu vaksin campak menjadi salah satu vaksin yang wajib diberikan kepada anak-anak, untuk mencegah risiko penularan. Mari kita sadari pentingnya vaksinasi, agar keluarga kita senantiasa terlindungi 🤍🩺  Untuk informasi lebih lanjut seputar pelayanan RS Mitra Bangsa dapat menghubungi kami melalui: Call center (0295) 382555 Whatsapp 08112807043 (chat only)  RS Mitra Bangsa Melayani dengan Tulus  #mitrabangsa #rsmitrabangsa #kemitraaja #rsdipati #WabahCampak #VaksinCampak #ImunisasiCampak",https://www.instagram.com/p/DNxWYoKQoXT/,0,0,80,-1,NaN
66,puskesmas_cempakabjb,2025-07-31T01:42:04.000Z,"Sosialisasi & Koordinasi BIAS Vaksin Campak dan HPV Kegiatan dilaksanakan bersama SD/MI se-Kecamatan Cempaka sebagai langkah persiapan Bulan Imunisasi Anak Sekolah (BIAS)  💉 Lindungi generasi muda dari penyakit yang dapat dicegah dengan imunisasi! . . . . @dinkes.banjarbaru  @surveilans.imunisasi_kalsel   #BIAS2025 #ImunisasiAnak #VaksinCampak #VaksinHPV #LindungiAnakIndonesia",https://www.instagram.com/p/DMwQ1bZzg3W/,0,0,15,-1,NaN
67,rsianun,2025-07-07T04:09:09.000Z,"Jadwal Khitan Gratis RSIA NUN Surabaya . RSIA NUN Surabaya Jl.Manukan Tengah Blok 51J No.4-6, Surabaya Hotline 1 : 031-7404391 Hotline 2 : 031-33303333 Hotline 3 : 0819680008 (pendaftaran online) Hotline 4 : 082232221562 (pengaduan kritik dan saran) ----------------------------------------------- Sosial media kami Facebook : RSIA NUN Surabaya Instagram : @rsianun Website : www.nun.co.id Youtube : RSIA NUN Surabaya Tiktok : @rsianunsurabaya ----------------------------------------------- JANGAN LUPA LIKE, SHARE AND SUBSCRIBE YA GUYS, HAPPY WATCHING  #rsianun #rsianunsurabaya #rsianunsby  #poligizi #sundayclinic #polispesialisanak #pijatbayi #homecare  #polispesialiskebidanandankandungan #poligigi #igd24jam #polispesialisanak #vaksinbcg #vaksincampak #vaksinbcgsurabaya",https://www.instagram.com/p/DLyulrqhiRY/,0,0,8,-1,NaN
68,katadokval,2025-08-26T13:18:27.000Z,"Campak bukan penyakit sepele 😷 Yuk, pastikan si kecil sudah vaksin sesuai jadwal! Ini dia syarat sebelum vaksin campak biar aman dan efektif 👶🏻  Jangan tunda vaksin! Asal anak sehat, tidak demam tinggi, dan tidak ada riwayat alergi berat, vaksin campak aman diberikan. 🤗  #VaksinCampak #CegahCampak #AnakSehat #VaksinasiAnak #ParentingTips #KesehatanAnak #OrtuHebat #Katadokval #FYP #EdukasiKesehatan #SyaratVaksinCampak #KLBJawaTimur #KLBCampak #KLBMadura #KLBSumenep #CampakSumenep",https://www.instagram.com/p/DN0dMoAZkpb/,0,0,3,-1,NaN
69,rsuaisyiyahmuntilan,2025-08-07T03:15:37.000Z,"🩺✨ Lindungi Buah Hati dari Campak! RSU Aisyiyah Muntilan mengadakan Vaksinasi Campak untuk anak-anak tercinta 👶❤️  📆 Sabtu, 23 Agustus 2025 🕢 Pukul 07.30 – 11.00 WIB 📍 RSU Aisyiyah Muntilan  ✅ Terbuka untuk umum ✅ Aman & gratis 🎯 Kuota terbatas – segera daftarkan si kecil!  Karena pencegahan lebih baik daripada pengobatan 💉 #VaksinCampak #RSUAisyiyahMuntilan #SehatBersama #LindungiAnak #ImunisasiAnak",https://www.instagram.com/p/DNCdGpczIPf/,0,0,6,-1,NaN
70,inharmony_salemba,2025-07-03T03:00:54.000Z,"Sebelum membangun rumah tangga, ada satu langkah penting yang sering terlupakan: vaksinasi MMR! ⠀ MMR adalah vaksin kombinasi yang melindungi dari tiga penyakit berbahaya sekaligus: ✅ Measles (Campak) – penyakit menular yang bisa sebabkan komplikasi serius, termasuk radang paru hingga radang otak. ✅ Mumps (Gondongan) – bisa sebabkan pembengkakan kelenjar, nyeri hebat, bahkan gangguan kesuburan pada pria. ✅ Rubella – sangat berbahaya jika menyerang ibu hamil karena bisa menyebabkan kecacatan serius pada janin, seperti tuli, gangguan jantung, atau keterlambatan perkembangan.  🔎 Karena Rubella sering muncul tanpa gejala, seseorang bisa menularkan tanpa sadar—bahkan pada pasangan atau calon bayi. Inilah mengapa vaksin MMR sangat dianjurkan sebagai bagian dari premarital vaccine.  💉 Hanya dengan 1 suntikan, kamu bisa melindungi dirimu, pasangan, dan calon anak dari risiko kesehatan jangka panjang.  💍 Rencana nikah? Jangan lupa cek status imunisasi kamu. 📆 Vaksin MMR sebaiknya diberikan setidaknya 1 bulan sebelum hamil.  #inHARMONYClinic #VaksinMMR #PremaritalHealth #CegahRubella #VaksinCampak #VaksinGondongan #VaksinSebelumMenikah #KesehatanPernikahan #RubellaBahayaUntukIbuHamil #PeriksaSebelumMenikah #PremaritalCheckup #LindungiPasangan #VaksinUntukMasaDepan #KesehatanReproduktif #MMRVaccine #ImunisasiDewasa",https://www.instagram.com/p/DLoTmMcP8Li/,0,0,1,-1,NaN
71,sdnbaktisari,2025-08-15T05:48:35.000Z,"Pelaksanaan Kegiatan BIAS (Bulan Imunisasi Anak Sekolah) Pada Hari Rabu tanggal 13 Agustus 2025 bertempat di Ruang Kelas SDN Baktisari.   Pada kegiatan ini anak anak kelas 1 dan juga kelas 5,  Diberikan Vaksin Imunisasi. Untuk Kelas 1 vaksin campak, dan untuk kelas 5 vaksin HPV Kesehatan Rahim (Dikhususkan Perempuan)   Semoga Pemberian Vaksin Ini Menjadikan anak anak kita sehat dan terhindar dari berbagai penyakit😊  #sdnbaktisari #baktisarijaya #sekolahdasar #sekolahramahanak #vaksincampak #vaksinhpv #biasanaksekolah",https://www.instagram.com/p/DNXU-DNgQ9r/,0,0,2,-1,NaN
72,phytoderma_vaccine,2025-07-24T09:01:18.000Z,"Ketiga vaksin di atas punya proteksi yang beda yaa!😵  Pastikan anak dapat vaksin sesuai jadwal ya!💉💪  Jangan ragu untuk selalu konsultasikan ke dokter kalau masih bingung pilih yang mana🩺   Tersedia beragam paket spesial, lebih praktis, lebih aman, lebih nyaman, lebih terlindungi!🛡️✨  📞 Booking & Appointment vaksinasi: +62 851 7514 6800 📍 Ruko Plaza Victoria Blok E No. 2, Babakan Madang, Sentul, Kabupaten Bogor  #VaksinAnak #ImunisasiWajib #VaksinCampak #VaksinMR #VaksinMMR #kliniksehat #VaksinSekarang #HidupSehat #klinikphytoderma #klinikvaksin #vaksinaman",https://www.instagram.com/p/DMfBiQQzYJ5/,0,0,4,-1,NaN
73,sditlenterailmu,2025-08-15T08:29:55.000Z,"Kegiatan Jum'at, 15 Agustus 2025 bersama Puskesmas Cikokol Tangerang @puskesmascikokol  Rangkaian kegiatan: ✅️ Cek Kesehatan Anak Sekolah (CKG) ✅️ Pemberian Obat Cacing ✅️ BIAS (Vaksinasi Campak) Kelas 1 ✅️ BIAS (HPV) Kelas 5 Perempuan  #sekolah #sd #sekolahislam #tangerang #vaksincampak #ppdb",https://www.instagram.com/p/DNXnbofRZX5/,1,0,53,-1,NaN
74,suaramerdekacom,2025-07-04T05:20:05.000Z,"Penyakit campak kembali menjadi ancaman serius di Eropa. Salah satu penyakit paling menular di dunia ini melonjak tajam sejak tahun lalu, dan tren tersebut belum menunjukkan tanda-tanda mereda di tahun 2025.  Menurut Pusat Pencegahan dan Pengendalian Penyakit Eropa (ECDC), sekitar 6.200 kasus campak telah dilaporkan di seluruh Uni Eropa hingga akhir Mei. Fenomena ini paling mencolok terlihat di kalangan anak-anak di bawah usia lima tahun yang belum divaksinasi. Padahal, meski campak sering kali hanya menimbulkan gejala ringan hingga sedang, komplikasi yang mematikan bisa saja terjadi.  Melansir Euronews, vaksin campak terbukti sangat efektif mencegah penularan namun sayangnya, tingkat vaksinasi di beberapa negara masih jauh dari target ideal.  Dengan 3.767 kasus dan tiga kematian yang tercatat hingga Mei 2025, Romania menjadi negara dengan jumlah kasus terbanyak di Uni Eropa. Wabah yang berlangsung bertahun-tahun ini diperparah oleh tingginya keraguan terhadap vaksin, panduan kesehatan yang bertentangan, serta sistem medis yang kesulitan mengimbangi situasi.  (Selengkapnya klik link di bio)  ----------  Baca Berita Terpercaya lainnya di www.suaramerdeka.com, dan unduh aplikasi Suaramerdeka.com di App Store dan Play Store.  #suaramerdeka #suaramerdekacom #suaramerdekanetwork #campak #wabahcampak #wabah #eropa #vaksincampak #anakanak",https://www.instagram.com/p/DLrIUdhq6p9/,0,0,7,-1,NaN
75,rsia_makiyah,2025-06-26T03:19:26.000Z,"🌡️ Waspadai Campak pada Anak! Campak bukan sekadar ruam dan demam biasa. Penyakit ini bisa sebabkan komplikasi serius jika tidak ditangani 💉 Cegah dengan imunisasi lengkap, Jangan tunda jadwalkan vaksin anakmu sekarang #anaksehat#vaksincampak#imunisasianak",https://www.instagram.com/p/DLWUJ5SS_MC/,0,0,5,-1,NaN
76,rumahvaksinasi.waru,2025-03-06T12:37:06.000Z,"JADWAL VAKSIN BERSAMA   *TIDAK IKUT PROMO VAKSIN GRATIS dengan mengikuti jadwal vaksin bersama , bisa menghemat biaya, jadwal dibuka minimal 3 pendaftar. . Keterangan lebih lanjut bisa chat admin di WA 0857-4636-0060 . 🏥 RUMAH VAKSINASI WARU Ruko Delta Niaga Selatan No.6 ( Lantai 2 ) Ngingas - Waru Sidoarjo . #imunisasigratis #vaksindpt #vaksinbcg #vaksinMR #rumahvaksinasi #vaksingratis #vaksincampak #vaksindpt #DPT #MR #campak #bcg #vaksinrotasidoarjo #rotavirus #vaksinpcvsurabaya #vaksipcv",https://www.instagram.com/p/DG268U0SQSC/,0,0,2,-1,NaN
77,rsianun,2025-06-01T04:39:42.000Z,"Jadwal vaksin BCG dan Campak di RSIA NUN Surabaya . RSIA NUN Surabaya Jl.Manukan Tengah Blok 51J No.4-6, Surabaya Hotline 1 : 031-7404391 Hotline 2 : 031-33303333 Hotline 3 : 0819680008 (pendaftaran online) Hotline 4 : 082232221562 (pengaduan kritik dan saran) ----------------------------------------------- Sosial media kami Facebook : RSIA NUN Surabaya Instagram : @rsianun Website : www.nun.co.id Youtube : RSIA NUN Surabaya Tiktok : @rsianunsurabaya ----------------------------------------------- JANGAN LUPA LIKE, SHARE AND SUBSCRIBE YA GUYS, HAPPY WATCHING  #rsianun #rsianunsurabaya #rsianunsby  #poligizi #sundayclinic #polispesialisanak #pijatbayi #homecare  #polispesialiskebidanandankandungan #poligigi #igd24jam #polispesialisanak #vaksinbcg #vaksincampak #vaksinbcgsurabaya",https://www.instagram.com/p/DKWFd4vhJWS/,0,0,5,-1,NaN
78,rv.periuktangerang,2025-03-14T02:44:10.000Z,"Tercatat 875.000 kasus kematian akibat campak, dari perkiraan 30 juta kasus. Angka tersebut merupakan 50-60% dari 1,6 juta penderita penyakit yang dapat dicegah dengan vaksinasi. Secara global, nyata bahwa campak masih menjadi penyebab kematian terbanyak pada bayi & anak.  Vaksin campak kini tersedia dalam bentuk vaksin kombinasi bersama vaksin Rubela dan juga Mumps (vaksin MR yang tersedia di faskes pemerintah dan swasta atau MMR yang tersedia hanya di faskes swasta). Diharapkan, dengan program vaksinasi kombinasi ini, dapat menurunkan angka kejadian campak, rubela dan SRK (Sindrom Rubela Kongenital) pada bayi.  Telat vaksinasi? Masih bisa dikejar kok. Segera yaa! Kedua jenis vaksin ini tersedia di seluruh Mitra Resmi Rumah Vaksinasi 😊  Ada pertanyaan? Langsung komen di bawah aja yaa~  #sindromrubelakongenital #vaksincampak #vaksinMR #campakrubela #vaksinpemerintah #vaksindasar #vaksinwajib #vaksinterjangkau #mumps #gondongan",https://www.instagram.com/p/DHKdcl-PgsS/,0,0,0,-1,NaN
79,sanatio.homecare,2025-06-18T02:44:32.000Z,"🌸 PERNIKAHAN SEHAT, KELUARGA SEJAHTERA! 🌸 Vaksin MMR II adalah langkah penting untuk melindungi diri dari 3 penyakit ( Campak / Gondongan / Rubella ) – MMR II diberikan sebelum pernikahan untuk melindungi kehamilan dalam 2 dosis  💉 Tersedia: 🔹 Vaksin MMR II : 700 k  📍Vaksin bisa dilakukan di rumah, lebih aman & nyaman bersama tim medis profesional dari *Sanatio Homecare*.  🔔 BOOKING SEKARANG: 📩 DM kami langsung 🔗 Klik link di bio untuk info & pemesanan  💬 Konsultasi GRATIS & jadwal fleksibel!  #SanatioHomeCare  #VaksinMMR #MMR-II #VaksinPremarital #VaksinCampak #VaksinRubella #HamilSehat #HomecareBandung #vaksindirumah",https://www.instagram.com/p/DLBpzTYysCX/,0,0,5,-1,NaN
80,rsianun,2025-04-28T07:29:14.000Z,"Jadwal vaksin BCG dan Campak di RSIA NUN Surabaya . RSIA NUN Surabaya Jl.Manukan Tengah Blok 51J No.4-6, Surabaya Hotline 1 : 031-7404391 Hotline 2 : 031-33303333 Hotline 3 : 0819680008 (pendaftaran online) Hotline 4 : 082232221562 (pengaduan kritik dan saran) ----------------------------------------------- Sosial media kami Facebook : RSIA NUN Surabaya Instagram : @rsianun Website : www.nun.co.id Youtube : RSIA NUN Surabaya Tiktok : @rsianunsurabaya ----------------------------------------------- JANGAN LUPA LIKE, SHARE AND SUBSCRIBE YA GUYS, HAPPY WATCHING  #rsianun #rsianunsurabaya #rsianunsby  #poligizi #sundayclinic #polispesialisanak #pijatbayi #homecare  #polispesialiskebidanandankandungan #poligigi #igd24jam #polispesialisanak #vaksinbcg #vaksincampak #vaksinbcgsurabaya",https://www.instagram.com/p/DI-11z_hGeb/,0,0,3,-1,NaN
81,l_rafii,2025-05-03T03:46:18.000Z,"Emang bnr ya kalo pas kecil gak di vaksin campak, udah gede bakal dicampakan ?   Serius nanya😮‍💨 #vaksincampak #fyp",https://www.instagram.com/p/DJLUTYdP12b/,15,0,17,-1,NaN
82,rsianun,2025-02-20T09:23:23.000Z,"Promo Medical Check Up .  Paket  Bilirubin Direct dan Total Diskon 15% Paket Skrining Ginjal Diskon 15% Paket Skrining Jantung Diskon 10% .  RSIA NUN Surabaya Jl.Manukan Tengah Blok 51J No.4-6, Surabaya Hotline 1 : 031-7404391 Hotline 2 : 031-33303333 Hotline 3 : 0819680008 (pendaftaran online) Hotline 4 : 082232221562 (pengaduan kritik dan saran) ----------------------------------------------- Sosial media kami Facebook : RSIA NUN Surabaya Instagram : @rsianun Website : www.nun.co.id Youtube : RSIA NUN Surabaya Tiktok : @rsianunsurabaya ----------------------------------------------- JANGAN LUPA LIKE, SHARE AND SUBSCRIBE YA GUYS, HAPPY WATCHING  #rsianun #rsianunsurabaya #rsianunsby  #poligizi #sundayclinic #polispesialisanak #pijatbayi #homecare  #polispesialiskebidanandankandungan #poligigi #igd24jam #polispesialisanak #vaksinbcg #vaksincampak #vaksinbcgsurabaya #promomcu #medicalcheckup #promolabmaternity #bilirubin #hiperbilirubin #laboratbilirubin #bayikuning #skrininghati #skriningginjal",https://www.instagram.com/p/DGShpUPBCSk/,0,0,4,-1,NaN
83,rsianun,2025-03-30T07:44:15.000Z,"Jadwal libur poli saat Hari Raya Idul Fitri di RSIA NUN Surabaya . RSIA NUN Surabaya Jl.Manukan Tengah Blok 51J No.4-6, Surabaya Hotline 1 : 031-7404391 Hotline 2 : 031-33303333 Hotline 3 : 0819680008 (pendaftaran online) Hotline 4 : 082232221562 (pengaduan kritik dan saran) ----------------------------------------------- Sosial media kami Facebook : RSIA NUN Surabaya Instagram : @rsianun Website : www.nun.co.id Youtube : RSIA NUN Surabaya Tiktok : @rsianunsurabaya ----------------------------------------------- JANGAN LUPA LIKE, SHARE AND SUBSCRIBE YA GUYS, HAPPY WATCHING  #rsianun #rsianunsurabaya #rsianunsby  #poligizi #sundayclinic #polispesialisanak #pijatbayi #homecare  #polispesialiskebidanandankandungan #poligigi #igd24jam #polispesialisanak #vaksinbcg #vaksincampak #vaksinbcgsurabaya",https://www.instagram.com/p/DH0Mgdqh-em/,0,0,7,-1,NaN
84,rsianun,2025-03-03T00:57:31.000Z,"Jadwal vaksin BCG dan Campak di RSIA NUN Surabaya . RSIA NUN Surabaya Jl.Manukan Tengah Blok 51J No.4-6, Surabaya Hotline 1 : 031-7404391 Hotline 2 : 031-33303333 Hotline 3 : 0819680008 (pendaftaran online) Hotline 4 : 082232221562 (pengaduan kritik dan saran) ----------------------------------------------- Sosial media kami Facebook : RSIA NUN Surabaya Instagram : @rsianun Website : www.nun.co.id Youtube : RSIA NUN Surabaya Tiktok : @rsianunsurabaya ----------------------------------------------- JANGAN LUPA LIKE, SHARE AND SUBSCRIBE YA GUYS, HAPPY WATCHING  #rsianun #rsianunsurabaya #rsianunsby  #poligizi #sundayclinic #polispesialisanak #pijatbayi #homecare  #polispesialiskebidanandankandungan #poligigi #igd24jam #polispesialisanak #vaksinbcg #vaksincampak #vaksinbcgsurabaya",https://www.instagram.com/p/DGt8f25he8p/,0,0,9,-1,NaN
85,welltastic.id,2025-03-18T01:05:20.000Z,"🌍 Waspada Campak, Penyakit yang Semakin Menular di Asia Tenggara dan Dunia 🦠  Baru-baru ini, lonjakan kasus campak di Asia Tenggara telah membawa penyakit menular ini ke Australia, termasuk kasus yang dipicu oleh wisatawan yang kembali dari Vietnam. Pada tahun 2024, angka kasus campak melonjak di beberapa negara, termasuk Thailand dan Vietnam, bahkan memicu peringatan di Australia. 🛫  Campak adalah penyakit virus yang sangat menular, dan meskipun vaksinasi sudah dapat mencegahnya, tingkat vaksinasi yang menurun menyebabkan peningkatan jumlah kasus. Gejalanya termasuk demam, batuk, ruam kulit, dan mata merah. Campak dapat menyebabkan komplikasi serius, terutama pada anak-anak dan ibu hamil. 💔  🔒 Cara Mencegahnya? Vaksinasi! Vaksin MMR (Measles, Mumps, Rubella) adalah cara terbaik untuk melindungi diri dan orang lain. Pastikan anak-anak dan keluarga kamu mendapatkan vaksin MMR lengkap, dan jangan lupa cek status vaksinasi kamu! ✅  Mari bersama-sama tingkatkan kesadaran dan jaga kesehatan dengan mengikuti program imunisasi dan melaporkan setiap kasus campak yang ada di sekitar kita! 👶💉  #JagaKesehatan #VaksinCampak #MeaslesAwareness #WaspadaCampak #Imunisasi #SehatItuPenting #CegahCampak #VaksinMMR #HealthAwareness #KesehatanIndonesia #PencegahanPenyakit",https://www.instagram.com/p/DHUlUN1yj-v/,0,0,3,-1,NaN
86,rsianun,2025-04-09T08:37:41.000Z,"Promo Medical Check Up dengan Promo menarik di bulan April ☺ .  RSIA NUN Surabaya Jl.Manukan Tengah Blok 51J No.4-6, Surabaya Hotline 1 : 031-7404391 Hotline 2 : 031-33303333 Hotline 3 : 0819680008 (pendaftaran online) Hotline 4 : 082232221562 (pengaduan kritik dan saran) ----------------------------------------------- Sosial media kami Facebook : RSIA NUN Surabaya Instagram : @rsianun Website : www.nun.co.id Youtube : RSIA NUN Surabaya Tiktok : @rsianunsurabaya ----------------------------------------------- JANGAN LUPA LIKE, SHARE AND SUBSCRIBE YA GUYS, HAPPY WATCHING  #rsianun #rsianunsurabaya #rsianunsby  #poligizi #sundayclinic #polispesialisanak #pijatbayi #homecare  #polispesialiskebidanandankandungan #poligigi #igd24jam #polispesialisanak #vaksinbcg #vaksincampak #vaksinbcgsurabaya #promomcu #medicalcheckup #promolabmaternity #bilirubin #hiperbilirubin #laboratbilirubin #bayikuning #skrininghati #skriningginjal",https://www.instagram.com/p/DIOCkmNRyOx/,0,0,9,-1,NaN
87,kebonarumpuskesmas,2025-03-01T04:06:26.000Z,"🩺 DITEMUKAN KASUS CAMPAK DI DESA MENDEN ⚠️🚨  Tim Puskesmas Kebonarum telah melakukan Penyelidikan Epidemiologi (PE) Campak di Desa Menden dan ditemukan kasus campak di wilayah tersebut. Kami mengimbau masyarakat untuk tetap waspada dan segera melakukan vaksinasi campak bagi yang belum mendapatkan! 💉✅  🛑 Lindungi diri & keluarga dengan langkah pencegahan berikut: ✔️ Vaksinasi campak sesuai jadwal ✔️ Jaga kebersihan diri & lingkungan ✔️ Gunakan masker untuk menghindari penularan ✔️ Segera periksa ke fasilitas kesehatan jika mengalami gejala seperti demam, ruam merah, batuk, pilek, dan mata merah  Mari bersama cegah penyebaran campak! 💪💚 Sehat dimulai dari kita!  #PuskesmasKebonarum #PenyelidikanEpidemiologi #CegahCampak #VaksinCampak #SehatBersama",https://www.instagram.com/p/DGpIhsHyXE6/,0,0,1,-1,NaN
88,puskesmascaringin_tng,2025-02-22T01:55:54.000Z,"Pengumuman  Vaksin campak kini tersedia di Puskesmas Caringin. Segera bawa anak Anda ke UPTD Puskesmas Caringin pada hari Rabu, 26 Februari 2025 untuk mendapatkan perlindungan dari campak. Kesehatan mereka, prioritas kita! #VaksinCampak #LindungiAnak",https://www.instagram.com/p/DGW4BklSM-7/,0,0,0,-1,NaN
89,rsianun,2025-04-11T01:03:51.000Z,"Yuk buruan datang untuk Medical Check Up dengan Promo menarik di bulan April ☺ .  RSIA NUN Surabaya Jl.Manukan Tengah Blok 51J No.4-6, Surabaya Hotline 1 : 031-7404391 Hotline 2 : 031-33303333 Hotline 3 : 0819680008 (pendaftaran online) Hotline 4 : 082232221562 (pengaduan kritik dan saran) ----------------------------------------------- Sosial media kami Facebook : RSIA NUN Surabaya Instagram : @rsianun Website : www.nun.co.id Youtube : RSIA NUN Surabaya Tiktok : @rsianunsurabaya ----------------------------------------------- JANGAN LUPA LIKE, SHARE AND SUBSCRIBE YA GUYS, HAPPY WATCHING  #rsianun #rsianunsurabaya #rsianunsby  #poligizi #sundayclinic #polispesialisanak #pijatbayi #homecare  #polispesialiskebidanandankandungan #poligigi #igd24jam #polispesialisanak #vaksinbcg #vaksincampak #vaksinbcgsurabaya #promomcu #medicalcheckup #promolabmaternity #bilirubin #hiperbilirubin #laboratbilirubin #bayikuning #skrininghati #skriningginjal",https://www.instagram.com/p/DISYOVVy2_B/,0,0,15,-1,NaN
90,rsianun,2025-04-02T23:39:45.000Z,"Jadwal vaksin BCG dan Campak periode bulan April di RSIA NUN Surabaya . RSIA NUN Surabaya Jl.Manukan Tengah Blok 51J No.4-6, Surabaya Hotline 1 : 031-7404391 Hotline 2 : 031-33303333 Hotline 3 : 0819680008 (pendaftaran online) Hotline 4 : 082232221562 (pengaduan kritik dan saran) ----------------------------------------------- Sosial media kami Facebook : RSIA NUN Surabaya Instagram : @rsianun Website : www.nun.co.id Youtube : RSIA NUN Surabaya Tiktok : @rsianunsurabaya ----------------------------------------------- JANGAN LUPA LIKE, SHARE AND SUBSCRIBE YA GUYS, HAPPY WATCHING  #rsianun #rsianunsurabaya #rsianunsby  #poligizi #sundayclinic #polispesialisanak #pijatbayi #homecare  #polispesialiskebidanandankandungan #poligigi #igd24jam #polispesialisanak #vaksinbcg #vaksincampak #vaksinbcgsurabaya",https://www.instagram.com/p/DH9oPaXTBFN/,0,0,8,-1,NaN
91,sasty.imaniah,2025-02-08T03:11:51.000Z,"Qenan udh 9 bulan,jadwalnya vaksin campak,,sehat selalu cucuku😘😘😘 #qenan  #vaksincampak #9bulan #bayisehat #fotofyp",https://www.instagram.com/p/DFy9liMvo9P/,0,0,1,-1,NaN
92,berandasehatwebsite,2025-03-22T00:06:36.000Z,"Amerika Serikat menyatakan campak telah diberantas pada awal tahun 2000-an, tetapi kasusnya telah meningkat dalam beberapa tahun terakhir, dan negara tersebut saat ini mengalami salah satu wabah terburuk sejak pergantian abad.  Untuk itu, ambang batas antibodi dewasa saat ini digunakan untuk menentukan apakah anak-anak yang mengalami gangguan kekebalan tubuh harus mendapatkan suntikan penguat campak, gondongan, dan rubella (MMR).   Namun, sebuah studi baru menunjukkan bahwa ambang batas ini gagal mengidentifikasi persentase signifikan anak-anak yang perlu divaksinasi ulang.  Temuan yang dipublikasikan dalam Clinical Chemistry itu diyakini dapat membantu memastikan bahwa anak-anak yang mengalami gangguan kekebalan tubuh terlindungi dari virus-virus ini. Hal ini penting karena campak dapat mengalami kebangkitan. #campak #MMR #measles #vaksincampak",https://www.instagram.com/p/DHexxfmyZdY/,0,0,0,-1,NaN
93,rsianun,2025-03-16T01:02:10.000Z,"Jadwal vaksin BCG dan Campak di RSIA NUN Surabaya . RSIA NUN Surabaya Jl.Manukan Tengah Blok 51J No.4-6, Surabaya Hotline 1 : 031-7404391 Hotline 2 : 031-33303333 Hotline 3 : 0819680008 (pendaftaran online) Hotline 4 : 082232221562 (pengaduan kritik dan saran) ----------------------------------------------- Sosial media kami Facebook : RSIA NUN Surabaya Instagram : @rsianun Website : www.nun.co.id Youtube : RSIA NUN Surabaya Tiktok : @rsianunsurabaya ----------------------------------------------- JANGAN LUPA LIKE, SHARE AND SUBSCRIBE YA GUYS, HAPPY WATCHING  #rsianun #rsianunsurabaya #rsianunsby  #poligizi #sundayclinic #polispesialisanak #pijatbayi #homecare  #polispesialiskebidanandankandungan #poligigi #igd24jam #polispesialisanak #vaksinbcg #vaksincampak #vaksinbcgsurabaya",https://www.instagram.com/p/DHPbXS8BL_c/,1,0,7,-1,NaN
94,rsianun,2025-02-14T01:35:15.000Z,"Jadwal vaksin BCG dan Campak di RSIA NUN Surabaya . RSIA NUN Surabaya Jl.Manukan Tengah Blok 51J No.4-6, Surabaya Hotline 1 : 031-7404391 Hotline 2 : 031-33303333 Hotline 3 : 0819680008 (pendaftaran online) Hotline 4 : 082232221562 (pengaduan kritik dan saran) ----------------------------------------------- Sosial media kami Facebook : RSIA NUN Surabaya Instagram : @rsianun Website : www.nun.co.id Youtube : RSIA NUN Surabaya Tiktok : @rsianunsurabaya ----------------------------------------------- JANGAN LUPA LIKE, SHARE AND SUBSCRIBE YA GUYS, HAPPY WATCHING  #rsianun #rsianunsurabaya #rsianunsby  #poligizi #sundayclinic #polispesialisanak #pijatbayi #homecare  #polispesialiskebidanandankandungan #poligigi #igd24jam #polispesialisanak #vaksinbcg #vaksincampak #vaksinbcgsurabaya",https://www.instagram.com/p/DGCPTWPB9Hn/,0,0,6,-1,NaN
95,rumahvaksinasi.waru,2025-02-18T14:57:10.000Z,"JADWAL VAKSIN BERSAMA   *TIDAK IKUT PROMO VAKSIN GRATIS dengan mengikuti jadwal vaksin bersama , bisa menghemat biaya, jadwal dibuka minimal 3 pendaftar. . Keterangan lebih lanjut bisa chat admin di WA 0857-4636-0060 . 🏥 RUMAH VAKSINASI WARU Ruko Delta Niaga Selatan No.6 ( Lantai 2 ) Ngingas - Waru Sidoarjo . #imunisasigratis #vaksindpt #vaksinbcg #vaksinMR #rumahvaksinasi #vaksingratis #vaksincampak #vaksindpt #DPT #MR #campak #bcg #vaksinrotasidoarjo #rotavirus #vaksinpcvsurabaya #vaksipcv",https://www.instagram.com/p/DGN-QN2yfLu/,0,0,1,-1,NaN
96,dagovisioncare,2025-04-18T11:02:50.000Z,"Jangan sampai terlambat, kenali bahayanya sebelum menyesal!  Infeksi akibat campak bisa menyebabkan komplikasi yang berisiko mengancam penglihatan! 😨  🔎 Bahaya Campak untuk Mata: 1️⃣ Infeksi Mata Parah Infeksi mata akibat campak dapat meningkatkan risiko kebutaan jika tidak segera ditangani dengan baik.  2️⃣ Keratitis Keratitis atau peradangan pada kornea dapat menyebabkan penglihatan kabur dan jika parah, bisa mengarah pada kebutaan.  3️⃣ Radang Otak (Encephalitis) Penyakit ini bisa mempengaruhi penglihatan dan menyebabkan gangguan mata yang serius.  💡 Jangan biarkan campak merusak penglihatanmu dan keluarga! 💉 Imunisasi campak adalah langkah preventif yang penting untuk mencegah komplikasi ini.  📞 Hubungi kami di 0821-2637-1119 untuk reservasi imunisasi campak sekarang juga! Lindungi kesehatan mata dan tubuh keluarga dengan langkah tepat!  - Dago Vision Care  #SayangiMataKita #DagoVisionCare #KlinikMata #KlinikMataBandung #KlinikBandung #DokterMata #DokterBandung #DokterMataBandung #ImunisasiCampak #VaksinCampak #CekMata #KesehatanMata #MataSehat #InfeksiMata #Keratitis #Kebutaan #RadangOtak #PerawatanMata #MataAnak #MataSehatAnak",https://www.instagram.com/p/DIleVhbtwfv/,0,0,5,-1,NaN
97,suaramerdekacom,2025-06-04T06:20:46.000Z,"Di tengah lonjakan kasus campak di berbagai belahan dunia, termasuk di Eropa dan Amerika Serikat, otoritas kesehatan AS kini mengubah arah kebijakan. Semua orang yang akan bepergian ke luar negeri wajib mendapatkan vaksin campak, tak peduli ke negara mana tujuannya.  Sebelumnya, Pusat Pengendalian dan Pencegahan Penyakit AS (CDC) hanya menganjurkan vaksin untuk mereka yang hendak pergi ke negara dengan wabah campak. Tapi sekarang, kebijakan itu diperluas untuk semua destinasi luar negeri.  Menurut Ashley Darcy-Mahoney, peneliti dari Sekolah Keperawatan Universitas George Washington, dunia kini menghadapi situasi baru dimana campak tak lagi hanya menyebar di satu negara, tapi juga di pesawat dan selama perjalanan.  Kasus terbaru di Colorado membuktikannya karena penyebaran dimulai dari satu penumpang dalam penerbangan internasional yang mendarat di Denver. Itu artinya, liburan ke negara yang dianggap ""aman"" sekalipun tetap membawa risiko.  “Kita sedang menyaksikan pergeseran dari wabah lokal ke penularan saat transit. CDC tampaknya mulai merespons hal itu,” ujar Darcy-Mahoney seperti dilansir dari Euronews.  (Selengkapnya klik link di bio)  ----------  Baca Berita Terpercaya lainnya di www.suaramerdeka.com, dan unduh aplikasi Suaramerdeka.com di App Store dan Play Store.  #suaramerdeka #suaramerdekacom #suaramerdekanetwork #campak #vaksincampak #pelancong #vaksin #wabah",https://www.instagram.com/p/DKd_ax7Sq3y/,0,0,10,-1,NaN
98,rsu_wajakhusada,2025-06-09T04:48:58.000Z,"Halo sobat sehat RSU Wajak Husada 🤗 Mengabaikan pemberian imunisasi dapat membahayakan kesehatan anak loo 😱  Wajib baca postingan beriku ya   Yuk segera dapatkan imunisasi lengkap di RSU Wajak Husada , Nikmati layanan imunisasi  tanpa ribet dan tanpa antri dengan layanan pendaftaran online via whatsapp melalui nomor berikut wa.me/6282334145073  Yuk Share postingan bermanfaat ini, jangan lupa Like, Komen, share ke sobat sehat yang lain ya !!  Informasi Layanan RSU Wajak Husada ☎️ 0341 8221030 📞 wa.me/6281230733939 📍Jl. Raya Kidangbang No.02, RT.16/RW.05, Kidangbang, Wajak, Malang 🔎https://www.rsuwajakhusada.com/  Social Media Kami Tiktok : rsu_wajakhusada1 Facebook : RSU Wajak Husada Instagram : rsuwajakhusada Youtube : RSU Wajak Husada  Ramah, Berkualitas, Bersahabat  www.rsuwajakhusada.com  #rsuwajakhusada #rsuwahuskuy #stayhealthy #rumahsakitmalang #kesehatan #rumahsakit #infomalang #tipssehat #fototerapi #anak #vaksin #imunisasi #vaksinmalang #vaksincovid #vaksinpvc #vaksindpt #vaksinanak #imunisasianak #layananvaksin #layananvaksinrsuwajakhusada #vaksincampak",https://www.instagram.com/p/DKqs4wsvkZz/,1,0,66,-1,NaN
99,rsianun,2025-05-10T21:16:33.000Z,"Jadwal libur praktek dokter di RSIA NUN Surabaya . RSIA NUN Surabaya Jl.Manukan Tengah Blok 51J No.4-6, Surabaya Hotline 1 : 031-7404391 Hotline 2 : 031-33303333 Hotline 3 : 0819680008 (pendaftaran online) Hotline 4 : 082232221562 (pengaduan kritik dan saran) ----------------------------------------------- Sosial media kami Facebook : RSIA NUN Surabaya Instagram : @rsianun Website : www.nun.co.id Youtube : RSIA NUN Surabaya Tiktok : @rsianunsurabaya ----------------------------------------------- JANGAN LUPA LIKE, SHARE AND SUBSCRIBE YA GUYS, HAPPY WATCHING  #rsianun #rsianunsurabaya #rsianunsby  #poligizi #sundayclinic #polispesialisanak #pijatbayi #homecare  #polispesialiskebidanandankandungan #poligigi #igd24jam #polispesialisanak #vaksinbcg #vaksincampak #vaksinbcgsurabaya",https://www.instagram.com/p/DJfODvjzWV0/,0,0,11,-1,NaN
100,rsianun,2025-02-11T02:16:51.000Z,"Promo Medical Check Up .  Paket Silver Diskon 10% Paket Maternity diskon 15% Paket  Bilirubin Direct dan Total Diskon 15% Paket Skrining Ginjal Diskon 15% Paket Skrining Jantung Diskon 10% .  RSIA NUN Surabaya Jl.Manukan Tengah Blok 51J No.4-6, Surabaya Hotline 1 : 031-7404391 Hotline 2 : 031-33303333 Hotline 3 : 0819680008 (pendaftaran online) Hotline 4 : 082232221562 (pengaduan kritik dan saran) ----------------------------------------------- Sosial media kami Facebook : RSIA NUN Surabaya Instagram : @rsianun Website : www.nun.co.id Youtube : RSIA NUN Surabaya Tiktok : @rsianunsurabaya ----------------------------------------------- JANGAN LUPA LIKE, SHARE AND SUBSCRIBE YA GUYS, HAPPY WATCHING  #rsianun #rsianunsurabaya #rsianunsby  #poligizi #sundayclinic #polispesialisanak #pijatbayi #homecare  #polispesialiskebidanandankandungan #poligigi #igd24jam #polispesialisanak #vaksinbcg #vaksincampak #vaksinbcgsurabaya #promomcu #medicalcheckup #promolabmaternity #bilirubin #hiperbilirubin #laboratbilirubin #bayikuning #skrininghati #skriningginjal",https://www.instagram.com/p/DF6lrVLBzp1/,0,0,11,-1,NaN
101,ainaraihanah2024,2025-04-17T05:12:03.000Z,"Posyandu Aina di 9 bulan yg riweuh karena Aina tak mau sama yang lain  BB : 8,3 kg PB : 75 cm Vaksin campak   #posyandu #posyandubalita👶👶 #babyactivity #vaksincampak",https://www.instagram.com/p/DIiRZcnTSN7/,0,0,6,-1,NaN
102,rsianun,2025-01-30T00:29:16.000Z,"Promo Medical Check Up Paket Silver Diskon 10% Paket Maternity Diskon 15% .  RSIA NUN Surabaya Jl.Manukan Tengah Blok 51J No.4-6, Surabaya Hotline 1 : 031-7404391 Hotline 2 : 031-33303333 Hotline 3 : 0819680008 (pendaftaran online) Hotline 4 : 082232221562 (pengaduan kritik dan saran) ----------------------------------------------- Sosial media kami Facebook : RSIA NUN Surabaya Instagram : @rsianun Website : www.nun.co.id Youtube : RSIA NUN Surabaya Tiktok : @rsianunsurabaya ----------------------------------------------- JANGAN LUPA LIKE, SHARE AND SUBSCRIBE YA GUYS, HAPPY WATCHING  #rsianun #rsianunsurabaya #rsianunsby  #poligizi #sundayclinic #polispesialisanak #pijatbayi #homecare  #polispesialiskebidanandankandungan #poligigi #igd24jam #polispesialisanak #vaksinbcg #vaksincampak #vaksinbcgsurabaya #promomcu #medicalcheckup #promolabmaternity",https://www.instagram.com/p/DFbf0-qhygD/,0,0,15,-1,NaN
103,rsianun,2025-01-02T02:37:42.000Z,"Jadwal vaksin BCG dan Campak di RSIA NUN Surabaya . RSIA NUN Surabaya Jl.Manukan Tengah Blok 51J No.4-6, Surabaya Hotline 1 : 031-7404391 Hotline 2 : 031-33303333 Hotline 3 : 0819680008 (pendaftaran online) Hotline 4 : 082232221562 (pengaduan kritik dan saran) ----------------------------------------------- Sosial media kami Facebook : RSIA NUN Surabaya Instagram : @rsianun Website : www.nun.co.id Youtube : RSIA NUN Surabaya Tiktok : @rsianunsurabaya ----------------------------------------------- JANGAN LUPA LIKE, SHARE AND SUBSCRIBE YA GUYS, HAPPY WATCHING  #rsianun #rsianunsurabaya #rsianunsby  #poligizi #sundayclinic #polispesialisanak #pijatbayi #homecare  #polispesialiskebidanandankandungan #poligigi #igd24jam #polispesialisanak #vaksinbcg #vaksincampak #vaksinbcgsurabaya",https://www.instagram.com/p/DEToRDtBo6K/,0,0,5,-1,NaN
104,rsia_mph,2025-02-06T06:22:37.000Z,"[ Newest : VAKSINASI BCG dan CAMPAK ]  Hallo #SahabatMPH! Segera daftarkan buah hati anda melalui Nomor Whatsapp pendaftaran online : 0812-2978-9393 atau klik link di bio kami. Salam sehat! 🥰  ——————————  ❝𝘏𝘢𝘯𝘥𝘢𝘭, 𝘊𝘦𝘱𝘢𝘵, 𝘒𝘰𝘮𝘱𝘦𝘵𝘦𝘯, 𝘥𝘢𝘯 𝘉𝘦𝘳𝘬𝘦𝘮𝘣𝘢𝘯𝘨.❞  [ INFORMATION CENTER ] 📞 Pendaftaran online : 0812-2978-9393 📞 Nomor Informasi : 0822-2686-5511 📞 Ambulance : 0822-2686-5533  ——————————  𝐈𝐤𝐮𝐭𝐢 𝐊𝐚𝐦𝐢! Youtube : RSIA MPH Purbalingga Instagram : @RSIA_MPH  𝐑𝐒𝐈𝐀 𝐌𝐏𝐇 𝐏𝐮𝐫𝐛𝐚𝐥𝐢𝐧𝐠𝐠𝐚 📍Jl. Letjen S Parman, Kedung Menjangan, Purbalingga, Jawa Tengah, Indonesia 53315  More information : taplink.cc/rsiamph  #RSIAMPHPurbalingga #Purbalingga #Vaksinasi #VaksinBCG #VaksinCampak #VaksinPurbalingga #VaksinAnak #DokterAnakPurbalingga",https://www.instagram.com/p/DFuJ1BDPeUU/,5,0,9,-1,NaN
105,rumahvaksinasi.waru,2025-01-07T10:28:53.000Z,"JADWAL VAKSIN BERSAMA   *TIDAK IKUT PROMO VAKSIN GRATIS dengan mengikuti jadwal vaksin bersama , bisa menghemat biaya, jadwal dibuka minimal 3 pendaftar. . Keterangan lebih lanjut bisa chat admin di WA 0857-4636-0060 . 🏥 RUMAH VAKSINASI WARU Ruko Delta Niaga Selatan No.6 ( Lantai 2 ) Ngingas - Waru Sidoarjo . #imunisasigratis #vaksindpt #vaksinbcg #vaksinMR #rumahvaksinasi #vaksingratis #vaksincampak #vaksindpt #DPT #MR #campak #bcg #vaksinrotasidoarjo #rotavirus #vaksinpcvsurabaya #vaksipcv",https://www.instagram.com/p/DEhWKdlPFOb/,0,0,2,-1,NaN
106,rsianun,2025-02-01T11:51:02.000Z,"Promo Medical Check Up Paket  Bilirubin Direct dan Total Diskon 15% Paket Skrining Ginjal Diskon 15% Paket Skrining Jantung Diskon 10% .  RSIA NUN Surabaya Jl.Manukan Tengah Blok 51J No.4-6, Surabaya Hotline 1 : 031-7404391 Hotline 2 : 031-33303333 Hotline 3 : 0819680008 (pendaftaran online) Hotline 4 : 082232221562 (pengaduan kritik dan saran) ----------------------------------------------- Sosial media kami Facebook : RSIA NUN Surabaya Instagram : @rsianun Website : www.nun.co.id Youtube : RSIA NUN Surabaya Tiktok : @rsianunsurabaya ----------------------------------------------- JANGAN LUPA LIKE, SHARE AND SUBSCRIBE YA GUYS, HAPPY WATCHING  #rsianun #rsianunsurabaya #rsianunsby  #poligizi #sundayclinic #polispesialisanak #pijatbayi #homecare  #polispesialiskebidanandankandungan #poligigi #igd24jam #polispesialisanak #vaksinbcg #vaksincampak #vaksinbcgsurabaya #promomcu #medicalcheckup #promolabmaternity #bilirubin #hiperbilirubin #laboratbilirubin #bayikuning #skrininghati #skriningginjal",https://www.instagram.com/p/DFh3cF_BSIc/,0,0,10,-1,NaN
107,rsianun,2025-01-28T23:11:22.000Z,"Jadwal vaksin BCG dan Campak di RSIA NUN Surabaya . RSIA NUN Surabaya Jl.Manukan Tengah Blok 51J No.4-6, Surabaya Hotline 1 : 031-7404391 Hotline 2 : 031-33303333 Hotline 3 : 0819680008 (pendaftaran online) Hotline 4 : 082232221562 (pengaduan kritik dan saran) ----------------------------------------------- Sosial media kami Facebook : RSIA NUN Surabaya Instagram : @rsianun Website : www.nun.co.id Youtube : RSIA NUN Surabaya Tiktok : @rsianunsurabaya ----------------------------------------------- JANGAN LUPA LIKE, SHARE AND SUBSCRIBE YA GUYS, HAPPY WATCHING  #rsianun #rsianunsurabaya #rsianunsby  #poligizi #sundayclinic #polispesialisanak #pijatbayi #homecare  #polispesialiskebidanandankandungan #poligigi #igd24jam #polispesialisanak #vaksinbcg #vaksincampak #vaksinbcgsurabaya",https://www.instagram.com/p/DFYyHi1B2Cf/,0,0,5,-1,NaN
108,rsia.plamonganindahsemarang,2025-01-06T12:15:15.000Z,"Halo Bunda semua, Yukk jangan lewatkan vaksin untuk si kecil yaa❤️ Jadwal imunisasi BCG dan Campak RSIA Plamongan Indah telah dibuka. Pastikan si kecil mendapatkan perlindungan terbaik untuk kesehatannya 👶🏥💫 Info lebih lanjut hubungi 081225481806   #rsiaplamonganindahsemarang  #rsiasemarang  #rumahsakitibuanaksemarang  #sehatuntuksikecil  #vaksin  #vaksinbcg  #vaksincampak  #rumahsakit",https://www.instagram.com/p/DEe9itVygg6/,0,0,14,-1,NaN
109,kliniksaptamitracikarang,2025-01-02T00:00:16.000Z,"""Campak bisa menular dengan cepat, tapi bisa dicegah dengan vaksinasi. Lindungi anak-anak kita dan orang di sekitar kita dari penyakit berbahaya ini. Jangan tunggu sampai terlambat, waspada campak sekarang juga! 💉""   #WaspadaCampak #VaksinCampak #LindungiAnak #CegahCampak #PencegahanCampak #SehatBersama #Vaksinasi #VaksinMMR #JagaKesehatan #KesehatanAnak #MasyarakatSehat",https://www.instagram.com/p/DETWP0_iMS_/,0,0,2,-1,NaN
110,lianurhalimah_,2025-02-04T02:39:21.000Z,"Hasil penimbangan adek selasa di usia 9 bulan 17 hari pada hari selasa tanggal 04 februari 2025 di posyandu :   BB : 9,4 Kg PB : 73,5 Cm LK : 46 Cm LL : 17 Cm  Suntik Vaksin : Campak - Rubella (MR)  Sehat selalu nak, tumbuh kembang dengan optimal sesuai usia adek yahhh 🥰 MasyaAllah Tabarakallah 🤍  #fyp #fypinstagram #baby9months #posyandu #timbangposyandu #vaksincampak #pmtposyandu #muhammadaksaraalmuhshii #aksara",https://www.instagram.com/p/DFomsD8yfXQ/,0,0,6,-1,NaN
111,rsianun,2025-01-18T02:49:15.000Z,"Jadwal vaksin BCG dan Campak di RSIA NUN Surabaya . RSIA NUN Surabaya Jl.Manukan Tengah Blok 51J No.4-6, Surabaya Hotline 1 : 031-7404391 Hotline 2 : 031-33303333 Hotline 3 : 0819680008 (pendaftaran online) Hotline 4 : 082232221562 (pengaduan kritik dan saran) ----------------------------------------------- Sosial media kami Facebook : RSIA NUN Surabaya Instagram : @rsianun Website : www.nun.co.id Youtube : RSIA NUN Surabaya Tiktok : @rsianunsurabaya ----------------------------------------------- JANGAN LUPA LIKE, SHARE AND SUBSCRIBE YA GUYS, HAPPY WATCHING  #rsianun #rsianunsurabaya #rsianunsby  #poligizi #sundayclinic #polispesialisanak #pijatbayi #homecare  #polispesialiskebidanandankandungan #poligigi #igd24jam #polispesialisanak #vaksinbcg #vaksincampak #vaksinbcgsurabaya",https://www.instagram.com/p/DE82TstB1pg/,0,0,3,-1,NaN
112,kliniksaptamitra,2025-01-02T00:00:12.000Z,"""Campak bisa menular dengan cepat, tapi bisa dicegah dengan vaksinasi. Lindungi anak-anak kita dan orang di sekitar kita dari penyakit berbahaya ini. Jangan tunggu sampai terlambat, waspada campak sekarang juga! 💉""   #WaspadaCampak #VaksinCampak #LindungiAnak #CegahCampak #PencegahanCampak #SehatBersama #Vaksinasi #VaksinMMR #JagaKesehatan #KesehatanAnak #MasyarakatSehat",https://www.instagram.com/p/DETWPfGPMlr/,0,0,2,-1,NaN
113,rv.periuktangerang,2025-01-31T05:02:45.000Z,"Mumps atau Gondongan disebabkan oleh virus yang disebut paramyxovirus A yang menginfeksi kelenjar liur terutama kelenjar parotis yang terletak di depan dan di bawah telinga. Virus ini juga dapat menginfeksi kelenjar ludah lainnya yang lebih rendah yang terletak di sepanjang rahang.  Penyakit ini dapat menimbulkan gejala sama seperti infeksi virus pada umumnya seperti demam, nyeri tenggorokan nyeri sendi dsb. Pemeriksaan antibodi atau pemeriksaan isolasi virus dapat membantu penegakan diagnosis mumps namun pemeriksaan ini tidak rutin dilakukan.  Yuk simak selengkapnya terkait Mumps di postingan ini ya bun, (Geser gambar ke kiri untuk info gejala dan komplikasi yang sapat terjadi karena mumps)   #mumps #gejalamumps #kelenjar #gondongan #parotis #gejalagondongan #anak #imunisasi #vaksinasi #vaksinasirubella #vaksinasicampak #vaksinasimmr #vaksinmr #vaksincampak #vaksinrubella #vaksinmmr",https://www.instagram.com/p/DFej65TPSXz/,0,0,0,-1,NaN
114,inharmony_salemba,2025-10-03T03:00:22.000Z,"💍 Pernikahan bukan hanya soal persiapan mental dan finansial, tetapi juga kesehatan. Banyak pasangan fokus pada venue, dekorasi, atau undangan, namun sering lupa bahwa tubuh yang sehat adalah fondasi penting untuk membangun rumah tangga yang harmonis.  Salah satu langkah sederhana namun krusial adalah melakukan vaksinasi pra nikah. Vaksinasi ini berperan penting dalam melindungi pasangan sekaligus calon buah hati dari penyakit yang sebenarnya bisa dicegah sejak dini, seperti Hepatitis B atau Rubella.  Dengan memastikan tubuh terlindungi, Anda dan pasangan bisa memulai perjalanan rumah tangga dengan lebih tenang, sehat, dan penuh kebahagiaan. Karena pernikahan bukan hanya tentang hari H, tapi tentang masa depan bersama yang panjang dan penuh arti.  🌿 Yuk, jadikan kesehatan bagian utama dari persiapan pernikahanmu.  Hubungi kami dengan klik link yang ada di bio Instagram.  #inHARMONYClinic #PernikahanSehat #VaksinasiPraNikah #SehatBersama #LindungiBuahHati #HepatitisB #VaksinRubella #PraNikahSehat #KlinikKesehatan #SehatUntukKeluarga #PreventifSejakDini",https://www.instagram.com/p/DPVMqzciVAC/,0,0,0,-1,NaN
115,evagalag_,2025-10-14T01:56:28.000Z,"Nona yang sudah 18 bulan aja🫶 . . #vaksindpt #vaksinRubella semua orang",https://www.instagram.com/p/DPxaGewkQ4D/,10,0,32,-1,NaN
116,kpjsentosakl,2025-09-26T07:51:05.000Z,"Vaksin Campak & Rubella (MR) PERCUMA!  📅  7-9 Oktober 2025 🕙 9.00 pagi – 4.00 petang 📍 Tingkat 7, Anugerah Hall, KPJ Sentosa KL Specialist Hospital  ✔️ Untuk kanak-kanak 6–59 bulan (lahir pada 1 Ogos 2020 - 31 Januari 2025). ✔️ Jangan lupa bawa MyKid/Passport dan buku rekod vaksinasi. ✔️ Terbuka untuk Warganegara Malaysia & bukan Warganegara Malaysia. ✔️ Percuma!  👉 Daftar segera melalui QR code di poster! Atau klik link di bawah: https://forms.office.com/r/V4icb2MBBi  📲 Untuk pertanyaan lanjut WhatsApp kami: +6011-1321 5934  #ImunisasiTambahan #VaksinMeasles #VaksinRubella #Percuma #KPJSentosaKL  #SentosaCares",https://www.instagram.com/p/DPDsX_iE9SP/,0,0,21,-1,NaN
117,tawakkalspecialisthospital,2025-09-07T11:06:28.000Z,"🛡️ Lindungi Anak Anda dari Campak & Rubella!  Program Imunisasi Tambahan Measles & Rubella (MR) kini dibuka — PERCUMA untuk semua kanak-kanak yang layak.  Inisiatif ini dibawakan khas oleh Kementerian Kesihatan Malaysia.  🗓️ Pilih Tarikh Vaksinasi: 	•	Sabtu, 27 September 2025 	•	Sabtu, 4 Oktober 2025  👶 Kelayakan: ✅ Warganegara & bukan warganegara ✅ Kanak-kanak lahir antara 1/8/2020 – 31/1/2025 (umur 6 – 59 bulan)  💉 Jangan lepaskan peluang ini — PERCUMA sepenuhnya!  👉 Daftar sekarang: 🔗 https://forms.office.com/r/k3LpXp4pPw?origin=lprLink  📲 Untuk pertanyaan lanjut WhatsApp kami: +6017-354 2692  #ImunisasiTambahan #VaksinMeasles #VaksinRubella #Percuma #HospitalPakarTawakkal",https://www.instagram.com/p/DOTHodfkrGa/,0,0,24,-1,NaN
118,sdk_perbuncmg,2025-08-26T02:06:21.000Z,"Penjaringan kesehatan dan vaksin MR dan HPV Puskemas Cisalak Pasar. #kesehatan#vaksinrubella#vaksinhpv#puskesmascisalakpasar",https://www.instagram.com/p/DNzQR8I5E2b/,0,0,28,-1,NaN
119,rsuherminacilegon,2025-02-15T10:30:14.000Z,"Hanya di Poli Minggu, sahabat hermina bisa mendapatkan paket vaksin dengan harga spesial! Jangan lewatkan promonya, berikan si kecil dengan perlindungan maksimal💙💉  Informasi & Pendaftaran Dapat Dilakukan Melalui  📱 Mobile App ""Halo Hermina""  (Tersedia di IOS & Android) 🌐 Website ""www.herminahospitals.com"" ☎️ Call Center 1500 488  #vaksininfanrix #vaksinrotarix #vaksinimojev #vaksintyphim #vaksinvaxneuvax #vaksinvaxigriptetra #vaksinmeasles #vaksinrubella #vaksinqdengue #vaksin #vaksinasi #promovaksin #promo #diskon #HerminaHospitals #herminacilegon #dinkesprovbanten #dinkescilegon",https://www.instagram.com/p/DGFxV7OzGgy/,5,0,89,-1,NaN
120,gracia.cia.1800,2025-08-07T08:35:49.000Z,"maaf ya gess gk ad interaksi sibuk ngurus yg beginian dulu.biar di liat mereka nanti klo dah pada besar reaksi ketika di suntik #selamatsore #vaksinrubella #potofb",https://www.instagram.com/p/DNDBv5pJulG/,0,0,0,-1,NaN
121,kpjkajang,2025-10-02T09:00:12.000Z,"🛡️ Lindungi Anak Anda dari Campak & Rubella!  Program Imunisasi Tambahan Measles & Rubella (MR) kini dibuka — PERCUMA untuk semua kanak-kanak yang layak.  Inisiatif ini dibawakan khas oleh Kementerian Kesihatan Malaysia.  🗓️ Tarikh Vaksinasi:  • Sabtu, 4 Oktober 2025, 8:30pagi - 1:00 ptg  👶 Kelayakan: ✅ Warganegara & bukan warganegara ✅ Kanak-kanak lahir antara 1/8/2020 – 31/1/2025 (umur 6 – 59 bulan)  💉 Jangan lepaskan peluang ini — PERCUMA sepenuhnya!  👉 Daftar sekarang Pada QR di poster atau link dibawah 👇🏻👇🏻 🔗https://docs.google.com/forms/d/e/1FAIpQLSchE0_0hnIY4nIs7O2zzyK_uqTwkPMIoXqmdKigLCTxbfW4hw/viewform  📲 Untuk pertanyaan lanjut WhatsApp kami: +6019-333 2835  #ImunisasiTambahan #VaksinMeasles #VaksinRubella #Percuma #HospitalPakarKPJKajang",https://www.instagram.com/p/DPTRChMDKlI/,0,0,3,-1,NaN
122,rri_padang,2025-08-21T05:28:58.000Z,"KBRN, Padang: Pelaksanaan Bulan Imunisasi Anak Sekolah (BIAS) 2025 yang digelar Puskesmas Bungus Teluk Kabung selama bulan Agustus 2025 telah selesai. Program ini menyasar anak kelas 1 dan kelas 5 sekolah dasar (SD) dengan pemberian vaksin Rubella untuk kelas 1 dan vaksin HPV untuk kelas 5.  Yuk swipe untuk selengkapnya!!  Klik rri.co.id untuk informasi lebih lanjut. Dengarkan siaran RRI dan dapatkan berita terkini dengan download aplikasi RRI Digital dan RRI News di App Store dan Google Play.  #bias2025 #vaksinrubella #vaksinhpv #sekolahdasar #puskesmasbungustelukkabungpadang #rri #rripadang #rrinews #rridigital #KitaIndonesiaRRI",https://www.instagram.com/p/DNmvfmCzxtw/,0,0,10,-1,NaN
123,jajonesuk,2025-12-15T11:34:33.000Z,"Our Skimmia are looking stunning right now. Evergreen glossy foliage with colourful buds are followed by fragrant flowers in spring. An ideal injection of colour making your garden festively bright! . #skimmia #perosa #kewgreen #rubella #wintercolour #evergreen #shrub #jajones125",https://www.instagram.com/p/DSSFirSjDkR/,0,0,8,-1,NaN
124,sungkomclinic,2025-12-23T07:00:23.000Z,"🌸 หัดเยอรมัน (Rubella) อาการและอันตราย ที่พ่อแม่ควรรู้ไว้! หัดเยอรมัน เป็นโรคติดเชื้อไวรัสที่ติดต่อได้ง่าย โดยเฉพาะในเด็ก แม้อาการมักไม่รุนแรง แต่มีความอันตรายมากสำหรับหญิงตั้งครรภ์ เพราะมีผลกระทบต่อทารกในครรภ์ได้ ⭐ อาการแสดง • มีไข้ต่ำ ๆ • ผื่นชมพูจาง ๆ ขึ้นจากหน้า แล้วลามลงตัว แขน ขา • ต่อมน้ำเหลืองหลังหู ท้ายทอยโตและกดเจ็บ • ตาแดงเล็กน้อย • เด็กส่วนใหญ่อาการไม่รุนแรงและหายได้เอง ⚠️ อันตรายสำคัญ เด็กทั่วไปอาการมักไม่หนัก ⚠️อันตรายที่สุด: หญิงตั้งครรภ์ติดเชื้อ โดยเฉพาะช่วง 3 เดือนแรก เสี่ยงทำให้ • แท้ง • หูหนวก • หัวใจพิการ • ต้อกระจก • พัฒนาการล่าช้า (กลุ่มอาการ Congenital Rubella Syndrome) 🧸 การดูแลรักษา • เน้นการรักษาตามอาการ • ให้เด็กพักผ่อนมาก ๆ • เช็ดตัวลดไข้ ดื่มน้ำให้เพียงพอ • ยาลดไข้ พาราเซตามอล (ห้ามใช้แอสไพรินในเด็ก) • หากมีไข้สูง ผื่นลามเร็ว ซึมมาก หรืออาเจียนมาก ควรพามาพบแพทย์ทันที 🛡️ การป้องกัน • วัคซีน MMR เป็นวิธีป้องกันที่ดีที่สุด เข็มที่ 1: อายุ 9–12 เดือน เข็มที่ 2: อายุ 2.5–4 ปี • หลีกเลี่ยงเข้าใกล้ผู้ป่วยที่มีผื่นและไข้ • หากบ้านมีหญิงตั้งครรภ์ ควรหลีกเลี่ยงผู้ป่วยหัดเยอรมันโดยเด็ดขาด • ล้างมือบ่อย ๆ และไม่ใช้ของส่วนตัวร่วมกัน 🔍 สรุป หัดเยอรมันแม้เด็กจะไม่ค่อยอาการหนัก แต่เป็นโรคสำคัญที่ควรเฝ้าระวังเพื่อป้องกันการแพร่เชื้อไปยังหญิงตั้งครรภ์ วัคซีนคือเกราะป้องกันที่ดีที่สุดครับ #หัดเยอรมัน #Rubella #โรคติดต่อในเด็ก #วัคซีนMMR #สุขภาพเด็ก #ดูแลลูกน้อย #คลินิกเด็กหมอสังคม #หมอสังคมแนะนำ #หมอเด็ก",https://www.instagram.com/p/DSmMhf9CEoY/,0,0,0,-1,NaN
125,rockarolla_india,2025-12-19T03:15:19.000Z,"WINTERSTORM – DAY 3 🔥 The storm doesn’t slow down… it ROARS. Get ready for a high-energy rock night as RUBELLA takes over the stage and closes Winterstorm in explosive style. 🤘 Raw riffs. Loud amps. Pure rock attitude. 📅 Date: 21st December 📍 Venue: Café Hendrix 🎸 Genre: Rock Come early, stay loud, and end Winterstorm the only way it should end — with rock ‘n’ roll. #WinterstormDay3 #Rubella #RockNight #CafeHendrix #SupportTheLocalScene RockRollaEvents",https://www.instagram.com/p/DSbflsjCbaZ/,0,0,2,-1,NaN
126,thyrocarecuttack,2025-12-13T04:26:26.000Z,"#thyrocarecuttack #diagnostic #bloodtest #diagnosticlab #cuttack #keephealthy #test #immunity #immunitybooster #measles #mumps #rubella #antibody #igg #immunesystem  Home Collection free of cost @cuttack only*",https://www.instagram.com/p/DSMK9Wmj8YY/,0,0,3,-1,NaN
127,dr._stella_roidi,2025-12-11T11:19:29.000Z,"🌸 Τι είναι το TORCH;  Το TORCH περιλαμβάνει λοιμώξεις που μπορούν να μεταδοθούν από τη μητέρα στο έμβρυο και χρειάζονται ιδιαίτερη προσοχή, ειδικά στο 1ο τρίμηνο.  ✨ T — Toxoplasma ✨ O — Other infections (σύφιλη, ανεμευλογιά, Parvo B19 κ.ά.) ✨ R — Rubella (Ερυθρά) ✨ C — CMV ✨ H — Herpes simplex  Οι λοιμώξεις αυτές μπορούν να επηρεάσουν την ανάπτυξη του μωρού, γι’ αυτό ο προγεννητικός έλεγχος TORCH είναι σημαντικός για έγκαιρη διάγνωση και προστασία. 🤍  #torch #εγκυμοσύνη #pregnancyhealth #prenatalcare #cmv #toxoplasma #rubella #pregnancytips #gynecology #obgyn #vaccine #healtheducation #prenataltesting #dr._stella_roidi",https://www.instagram.com/p/DSHwo2GDIEf/,0,0,6,-1,NaN
128,rubella_crochet123,2025-12-22T21:06:07.000Z,"نبدأ سنة جديدة بروح هادية وبيت دافي 🤍✨ تقويم مكرميه هاند ميد معمول بحب وتفصيلة تفصيلة 🧶 قطعة بسيطة بس بتفرق في شكل المكان وبتدخل طاقة راحة وطمأنينة 🌿 وبتفكّرنا إن كل يوم بداية جديدة 🌿 مناسبة لكل بيت وللهدايا كمان ✨ من Rubella متاح للطلب 📩DM #rubella #macramelove #handmade #homedecorideas #newyearvibes",https://www.instagram.com/p/DSlIhKhiGoj/,0,0,0,-1,NaN
129,rsuherminacilegon,2025-12-10T12:51:16.000Z,"Ikuti Meet the Doctor dan dapatkan edukasi langsung dari spesialisnya, kali ini akan dibahas tentang ""Mengatasi Campak : Dampak Bagi Kesehatan Anak dan Keluarga""✨  📅 Kamis, 11 Desember 2025 📍 Live on Instagram RS Hermina Cilegon 💬 Jangan lewatkan livenya, dan untuk Sahabat Hermina yang memiliki pertanyaan bisa ketik di kolom komentar atau di Livenya langsung ya😊  #meetthedoctor #campak #campak #rubella #virusrubella #kesehatan #healthtalk #SehatBersamaHermina",https://www.instagram.com/p/DSFWWP4ktCj/,1,0,34,-1,NaN
130,olanike_rashidat,2025-12-12T16:47:47.000Z,"Yippee...! We did it!! 🥰💃💃💐 ... Feeling excited and proud of myself, alhamdullilah💟💪  On Thursday, December 4 2025 The @Lagos State Government through the Ministry of Local Government, Chieftaincy Affairs and Rural Development organised the Year 2025 #Community #Day #Celebration. There, different stakeholders which represents the community development associations #CDAs  from the 57 LGA/LCDAs in Lagos state all converged at the Police College ground, Ikeja Lagos State, Nigeria.  In line with our calling and the responsibility towards public health, which ranges from generating demand for health care services, advocacy to relevant stakeholders, reduction of vaccine hesitancy through the effective use of health misinformation management strategies #infodemics etcetera; I had the honour and privilege of addressing the mammoth crowd at the unique event set aside to celebrate community members, foster unity as well as promote healthy rivalry towards impactful community and grassroot development.  I spoke on the importance of supplementary Immunisation activities #SIAs, the difference between routine Immunisation and outbreak responses with reference to Polio Outbreak Response Round 2 which involves the adminstration of 2 drops 💧💧 of the #nOPV into the mouth of all eligible children aged 0-5 years, irrespective of their previous Immunisation status.  Additionally, I mentioned the upcoming introduction of the #Measles #Rubella (M-R) #vaccine into the routine Immunisation schedule starting with an initial vaccination campaign from 20th to 29th January 2026.  A big thank you to the Permanent Secretary, Ministry of Local Government, Chieftaincy Affairs and Rural Development - Mrs. Kikelomo Bolarinwa as well as the Permanent Secretary @lagoshealthdistrict04 -Dr. Abimbola Bowale @drbowale for helping to facilitate the #communityentry and the subsequent health education session.  Igbega Ipinle Eko, Ajumose Gbogbo Wa Ni Ooo...   Our children, our future; let's guard them jealously💝  @kemskis @lagoshealth @lagosheadofservice  @mlgca_rd  @plcivicengagement  @lagosphcb  @lagosstate_health_district_vi  @who @unicef_nigeria @lagosgist_",https://www.instagram.com/p/DSK7AVVjdgq/,5,0,16,-1,NaN
131,pigeonsloversofallkinds,2025-12-12T17:04:06.000Z,"By Miguel Cabello De Alba  #opaldominant #opaldominantpigeon #opaldominantpigeons #rubella #rubellapigeon #fblifestyle #paloma #palomas #tauben #duiven #kabootar #kalapati",https://www.instagram.com/p/DSK83yrjbQr/,1,0,269,-1,NaN
132,immunize.ca,2025-12-10T23:00:16.000Z,"For health care professionals | Pocket Guide for Immunizers: #Measles, #Mumps, and #Rubella Vaccination | https://immunize.ca/sites/default/files/Resource%20and%20Product%20Uploads%20(PDFs)/Products%20and%20Resources/Measles/Pocket%20Guide/mmr_pocketguide_web_e.pdf #MMR #VaccinesWork #VaccinesSaveLives #GetImmunized",https://www.instagram.com/p/DSGcA9cF6Sy/,0,0,3,-1,NaN
133,icmr_niv,2025-12-14T09:29:20.000Z,"Congrats! Dr Rajlakshmi Viswanathan, Sci E @icmr_niv won ‘Best Oral Presentation Award’ for presentation titled ‘India's Eight-Year Experience with #Congenital #Rubella #Syndrome: Lessons Learned’ at #VIROCON2025.@mohfwindia #DeptHealthRes @icmrorganisation @secretarygivs  #Virology",https://www.instagram.com/p/DSPSatZjRU2/,0,0,50,-1,NaN
134,who_india,2025-12-23T11:46:11.000Z,"To strengthen India’s fight against #measles and #rubella and sustain the country’s polio-free status, WHO supported the @mohfwindia successfully train 50 technical officers from 8 high-risk states and UTs on 22-23 December 2025. Through intensive simulation exercises, officers from Bihar, Chandigarh, Gujarat, Haryana, Punjab, Rajasthan, Uttar Pradesh, and West Bengal sharpened their surveillance skills to accelerate India’s progress towards #MeaslesRubellaElimination. #HealthForAll #PublicHealth #WHOIndia #MOHFW",https://www.instagram.com/p/DSmtO62Eh7H/,0,0,127,-1,NaN
135,thyrocarecuttack,2025-12-11T05:49:49.000Z,"#thyrocarecuttack #diagnostic #bloodtest #diagnosticlab #cuttack #keephealthy #test #immunity #immunitybooster #measles #mumps #rubella #antibody #igg #immunesystem   Home Collection free of cost @cuttack only*",https://www.instagram.com/p/DSHK6XwDyTJ/,0,0,4,-1,NaN
136,davidkoch_ia,2025-12-19T03:14:29.000Z,"WINTERSTORM – DAY 3 🔥 The storm doesn’t slow down… it ROARS. Get ready for a high-energy rock night as RUBELLA takes over the stage and closes Winterstorm in explosive style. 🤘 Raw riffs. Loud amps. Pure rock attitude. 📅 Date: 21st December 📍 Venue: Café Hendrix 🎸 Genre: Rock Come early, stay loud, and end Winterstorm the only way it should end — with rock ‘n’ roll. #WinterstormDay3 #Rubella #RockNight #CafeHendrix #SupportTheLocalScene RockRollaEvents",https://www.instagram.com/p/DSbffoNkpvR/,0,0,7,-1,NaN
137,unimed_hospital,2025-12-23T03:03:34.000Z,"Жирэмсний явцад ургийн өсөлт зогсох , амьгүй төрөх, зулбах, ургийн гаж хөгжил үүсэх гэх мэт жирэмсний эмгэгүүдийн шалтгааныг хайх, эрсдэлийг тодорхойлох, урьдчилан сэргийлэх зорилгоор энэ шинжилгээг хийнэ.  #TORCH #ХАЛДВАР #ГЭЖ #ЮУ #ВЭ?  ТӨРӨХӨӨС ӨМНӨ БОЛОН ТӨРӨХ ҮЕД ЭХЭЭС УРАГТ ДАМЖДАГ БӨГӨӨД УРАГ БОЛОН НЯРАЙН ЭРТ, ХОЖУУ ҮЕИЙН ӨВЧЛӨЛД ХҮРГЭДЭГ БҮЛЭГ ХАЛДВАРУУДЫГ ХЭЛНЭ. #TOXOPLASMOSIS -Токсоплазмоз шимэгчийн халдвар #OTHER -Тэмбүү, гепатит, бүслүүр, үлд гэх мэт 6 төрлийн вирус.  #RUBELLA -Улаануудын вирус  #CYTOMEGALOVIRUS- /Бэлгийн замаар, амьсгалын замаар, шүлс өтгөн зэргээр халдварладаг Цитомегало вирус/ #HERPES SIMPLEX VIRUS- Херпес вирус  Хэн хамрагдах вэ? -Жирэмсэн болон жирэмслэхээр төлөвлөж буй эмэгтэйчүүд .  Та доорх холбоосоор дарж манай үйлчлүүлэгчдийн группт нэгдээрэй. Эндээс та хамгийн түрүүнд ✅ Шинэ мэдээ мэдээлэл ✅ Эрүүл мэндийн зөвлөгөө ✅ Урамшууллын мэдээлэл авах боломжтой. 👉 Группт нэгдэх https://www.facebook.com/groups/1521403339029429 Бидний хичээл зүтгэл #ТАНЫ_ГЭР_БҮЛД_АЗ_ЖАРГАЛ_БЭЛЭГЛЭНЭ. ❤️❤️❤️❤️❤️ ХАЯГ: БГД, 𝟑,𝟒 хороололд Эх Нялхсын баруун урд Билэг их дэлгүүрийн замын эсрэг талд УТАС: 𝟕𝟕𝟎𝟎-𝟎𝟎𝟎𝟎",https://www.instagram.com/p/DSlxbLgk77V/,0,0,5,-1,NaN
138,immunize.ca,2025-12-23T12:00:20.000Z,"The #measles, #mumps, and #rubella (MMR) vaccine: What you need to know | informative factsheet from Immunize Canada | https://immunize.ca/sites/default/files/Resource%20and%20Product%20Uploads%20(PDFs)/Products%20and%20Resources/Measles/mmr_factsheet_web_e.pdf #MMR #VaccinesWork #VaccinesSaveLives #GetImmunized",https://www.instagram.com/p/DSmu0fCig_c/,0,0,1,-1,NaN
139,happy_magenta,2025-12-28T11:57:54.000Z,"#Rubella #StellaBella 🚗 #SeILMioAddobboPrefe  #SeraDeiMiracoli 💫",https://www.instagram.com/p/DSzmjIfiI1l/,5,0,24,-1,NaN
140,cafehendrixliveblues,2025-12-19T05:12:14.000Z,"WINTERSTORM – DAY 3 🔥 The storm doesn’t slow down… it ROARS. Get ready for a high-energy rock night as RUBELLA takes over the stage and closes Winterstorm in explosive style. 🤘 Raw riffs. Loud amps. Pure rock attitude. 📅 Date: 21st December 📍 Venue: Café Hendrix 🎸 Genre: Rock Come early, stay loud, and end Winterstorm the only way it should end — with rock ‘n’ roll. #WinterstormDay3 #Rubella #RockNight #CafeHendrix #SupportTheLocalScene RockRollaEvents",https://www.instagram.com/p/DSbs-ArEzR1/,0,0,6,-1,NaN
141,medisalads,2025-12-04T20:43:11.000Z,"Those diseases are commonly known as their other names, which were categorized by numbers. Sometimes, it can get confusing. 4th disease is no longer in use due to its similar characteristics to other presentations.   #childrash #children #pediatrics #rash #medicine #studymed #measles #rubella #5thdisease #rosela #clinical",https://www.instagram.com/p/DR2vldyE_mD/,0,0,0,-1,NaN
142,noorgeneralhospitalislambad,2025-11-29T07:00:14.000Z,"🛡️ Protect Your Children from Measles & Rubella! All children aged 6 months to 5 years must receive their essential MR vaccination.  🏥 Get your child’s Measles & Rubella vaccine FREE at Noor General Hospital. Your child’s health is your top priority! 👨‍👩‍👧‍👦💙  Last Date: 29 November 2025 📅 ℹ️ For more information: 📞 1166 (Sehat Tahaffuz Helpline)  We are committed to Health | Hope | Humanity. 📞 Book your consultation today: 📲 0512362315, 03105575802 🏥 Visit us: Noor General Hospital, G-11 Markaz, Islamabad . . .  #Measles #Rubella #ChildHealth #Vaccination #Immunization #PublicHealth #ProtectYourChild #FreeVaccination #Islamabad 🛡️🌟",https://www.instagram.com/p/DRoZbWjiH4N/,0,0,2,-1,NaN
143,vaccine.choice.canada,2025-12-04T14:00:35.000Z,"According to the Institute of Medicine, “Rubella … evoked little interest in the medical community until 1941, when a report appeared associating congenital cataracts (clouding of the eye’s natural lens that is present at birth) with maternal exposure to the disease during pregnancy.”  Though there had been a number of surges in rubella, the “worst rubella outbreak in history” happened after a vaccine was in development.  Read the full article:  https://healthfreedominstitute.com/rubella/  #Rubella #childrenshealth #childhoodillness",https://www.instagram.com/p/DR2BgljjzOO/,3,0,131,-1,NaN
144,businessrecorder,2025-12-01T17:03:12.000Z,"Pakistan has vaccinated more than 33 million children in its 2025 nationwide measles-rubella (MR) and oral polio vaccine (OPV) campaign, achieving over 95% MR coverage, the Ministry of National Health Services said Monday.  The campaign, led by the Federal Directorate of Immunisation, was carried out across all provinces and regions, with health teams reaching remote and high-risk areas through school-based drives, community outreach, and door-to-door mobilisation.  #vaccinate #Pakistan #NHS #measles #rubella",https://www.instagram.com/p/DRuoBj8jXCZ/,0,0,7,-1,NaN
145,retina.rocks,2025-12-03T11:30:07.000Z,"Salt and Pepper, Anyone?  Congenital rubella  Today’s case was submitted by Fraser McKay (@fraser_mckay).  This 59YO male with type 2 diabetes was examined for his yearly screening. He has a known history for congenital rubella with deafness. Vision was 20/30 OD and 20/25 OS.  Optos color RGB imaging shows a diffuse salt and pepper appearance to each fundus with peripapillary atrophy (images 1 and 2). On fundus autofluorescence (FAF) the peripapillary atrophy is hypo-FAF with a speckled hyper- and hypo-FAF appearance to each posterior pole. Slit lamp photographs show diffuse iris atrophy with a relative lack of pigmentation. Triton swept-source OCT shows variable outer retinal thinning with ellipsoid zone disruption (images 3 and 4).  The classic ocular findings in congenital rubella include cataracts, pigmentary retinopathy (""salt-and-pepper"" fundus), congenital glaucoma, and microphthalmia. Nuclear cataracts are the most common ocular abnormality, although our patient had just trace nuclear sclerosis. The pigmentary retinopathy is characterized by diffuse mottling of the retinal pigment epithelium which is best visualized with FAF. Systemic associations include sensorineural hearing loss and congenital heart defects.  Go to www.retinarocks.org/cases for more rubella cases.  [This case can be found on www.retinarocks.org in the Image Gallery, rubella folder, Rubella SZF-20251028]  Have an interesting case and want to help your peers learn something about the retina? Submit your images at www.retinarocks.org.  Retina Rocks and its charitable foundation, ""Eye Reach"" are supported in part by Optos (@optomap) and Topcon Healthcare (@topconhealthcare). Retina Rocks is the image bank for the Retina World Congress (@RetinaWorldCongress).  #rubella #retina #optometry #ophthalmology #cool #odsonfacebook #adarshcharitablefoundation #UWF #optos #optomap #TopconHealthcare #savingsightsavinglives #RetinaWorldCongress",https://www.instagram.com/p/DRzLfsdjTAd/,2,0,183,-1,NaN
146,bobbielman_neurodivergautismtm,2025-11-25T12:05:15.000Z,"I cannot even put into words how much this person makes me rage.   #Wakefield has blood on his hands from all the children who unnecessarily contracted #Measles, #mumps or #rubella …  And those who DIED FROM MEASLES .   “The doctor who falsely tied the MMR vaccine to autism takes his victory lap  The idea of Andrew Wakefield as a persecuted truth-teller is one of the movement’s longest-running fictions..”  Link 🔗 here https://www.ms.now/news/the-return-of-andrew-wakefield",https://www.instagram.com/p/DRepJ5uCKMf/,13,0,15,-1,NaN
147,sprankimed,2025-12-05T12:00:00.000Z,"topic: rubella  follow for daily ukmla revision!  download spranki, link in bio!   #Spranki #anki #ankideck #UKMLA #UKMLAAKT #AKT #medicine #medschool #exam #meded #medicalstudent #nhs #rubella #germanmeasles #paediatrics #paeds #childhealth",https://www.instagram.com/p/DR4Yg9bjeEj/,0,0,5,-1,NaN
148,drujwaladeshmukh,2025-11-24T15:25:37.000Z,"PRECONCEPTIONAL CHECKUP : An important prerequisite to detect and treat any preexisting medical conditions like Diabetes and Thyroid which have strong impact on fetal development .  Also folic acid supplementaion and Vaccination against Rubella is covered during this period .   #pregnancyjourney🤰🏻👼❤️ #healthypregnancyjourney #rubella #womb #preconceptionalprogramme",https://www.instagram.com/p/DRcbSwIiaMo/,0,0,7,-1,NaN
149,rubeolitosinforman,2025-11-24T02:20:49.000Z,"#Rubeolon #RubellaVirus #Rubella #Rubeola #Virus #Virologia #Microbiologia #BiologiaMolecular #MolBio #Genetica #RNAvirus #Medicina #MedEd #MedStudent #EstudiantesDeMedicina #HealthcareEducation #Ciencia #DivulgacionCientifica #DatosInteresantes #AprendeAlgoNuevo #ParaTi #ExplorePage #Trending #ReelsMexico #ReelsVirales #Mexico",https://www.instagram.com/p/DRbBeu8kbso/,0,0,39,-1,NaN
150,thebromleychildrenproject,2025-12-10T11:33:56.000Z,"🛡️ Protect Your Child with the MMRV Vaccine! Starting 1 January 2026, the MMRV vaccine will be part of the routine immunisation schedule to protect children against: ✅ Measles ✅ Mumps ✅ Rubella ✅ Chickenpox (varicella) 📖 What you need to know:  First dose at 12 months Second dose at 18 months If your child was born on or after 1 January 2025, they’ll need the MMRV vaccine.  💡 For full protection, consult your GP and have your Red Book ready. 📲 Scan the QR code or visit: https://qrco.de/ukmmrv Keep your child safe and healthy—book today! 🌟 #MMRV #ChildHealth #VaccinationMatters #NHS #Measles #Mumps #Rubella #Chickenpox #HealthyKids #UKHealthSecurityAgency",https://www.instagram.com/p/DSFNfoLirOr/,0,0,14,-1,NaN
151,dentico_diary,2025-12-02T01:57:00.000Z,"Rubella  Reference: PRINCIPLES AND PRACTICE OF MEDICINE by DAVIDSON - 20"""", 21s & 22nd editions  #dentistry #denticodiary #pharmacology #rubella",https://www.instagram.com/p/DRvlHSJk6St/,0,0,4,-1,NaN
152,vaccine.choice.canada,2025-12-09T16:26:27.000Z,"Nearly 66% of rubella vaccine-related adverse events occurred in children six years old and under.   As of May 31, 2023, there have been more than 109,550 reports of vaccine reactions, hospitalizations, injuries and deaths following rubella containing vaccinations made to the Vaccine Adverse Events Reporting System, including 507 related deaths, 8,240 hospitalizations, and 2,158 related disabilities.   Comment ""Rubella"" to learn more about the illness and vaccine:   https://vaccinechoicecanada.com/diseases-vaccines/rubella  #childhoodillness #Rubella #MMR #raisinghealthychildren",https://www.instagram.com/p/DSDKLdqDTQ0/,6,0,129,-1,NaN
153,anterior_seg_rocks,2025-12-03T13:02:48.000Z,"Help! A moth ate my iris! 🦋  Our patient is a 59yo male attending for an annual diabetic exam. He has a known history of congenital rubella with deafness and his vision is 20/30 OD, 20/25 OS.   In congenital rubella, the iris can show a ""moth-eaten"" appearance, caused by areas of stromal atrophy that produce a mesh-like punched out look. Other common ocular findings include congenital cataract (most often nuclear), microphthalmia, glaucoma, and a classic salt-and-pepper retinopathy seen best on FAF. See the post on @retina.rocks to learn more about the retinal findings! Systemic associations of congenital rubella include hearing loss and heart defects.   Have a great case and want to help your peers learn something about anterior segment? Direct message us pictures and case details for a chance to be featured on our page!  #anteriorsegrocks #anteriorsegment #optometry #ophthalmology #optometrist #ophthalmologist #eyes #ojos #OD #MD #oculardisease #optometria #rubella #congenitalrubella #motheateniris #saltandpepperfundus",https://www.instagram.com/p/DRzWGm3EZp5/,4,0,262,-1,NaN
154,rosebeltconsultantsglobal,2025-11-25T14:01:01.000Z,"Measles and Rubella are highly contagious — and children are the most vulnerable. Those who are unvaccinated or vaccinated late face the highest risk, and infections during pregnancy can lead to severe complications for unborn babies. At RBC Global, we continue to raise awareness and support national efforts to protect every child through timely vaccination. 💚  📸 Follow us for more updates:  Instagram: instagram.com/rosebeltconsultantsglobal Facebook: facebook.com/profile.php?id=61575623241746 🌐 Visit us: www.rbcglobal.org  #RBCGlobal #RosebeltConsultantsGlobal #PublicHealth #VaccineForPakistan #Measles #Rubella #ChildHealth #ImmunizationMatters",https://www.instagram.com/p/DRe2aAbiJ2_/,0,0,9,-1,NaN
155,mikel_raygriffin,2025-12-05T04:16:30.000Z,"🐕 🥎... 📸 . . . . #photos #photographer #photography #doggy #dogs #Rubella  Photographer main profile: @mikelgriffin_4k",https://www.instagram.com/p/DR3jdndDqFO/,0,0,9,-1,NaN
156,episindh,2025-11-26T03:41:20.000Z,"EPI Sindh!   *قومی خسرہ و روبیلا مہم 17–29 نومبر 2025!  خسرہ اور روبیلا سنگین وائرل بیماریاں ہیں جو بچوں کو تیزی سے متاثر کرتی ہیں۔ ان سے بچاؤ کا واحد مؤثر طریقہ ویکسینیشن ہے۔ اپنے بچوں کو قریبی ویکسی نیشن سینٹر یا اسکول میں مہم کے دوران لازمی ویکسین لگوائیں اور انہیں محفوظ مستقبل دیں۔  📞 National Helpline 1166 #MR2025 #Rubella #VaccinesWork #EPISindh #ProtectEveryChild",https://www.instagram.com/p/DRgUSL8iJfR/,0,0,1,-1,NaN
157,invitrolaboratuvari,2025-11-30T19:19:05.000Z,"Gebelikte her adım değerlidir…  Bazı enfeksiyonlar belirti vermeden ilerleyebilir ve bu nedenle fark edilmeden bebeği etkileyebilir.  TORCH Paneli; Toxoplasma, Rubella, CMV gibi önemli enfeksiyonları erken dönemde tespit ederek gebelik sürecini çok daha güvenli hale getirir.  Bu test yalnızca riskli gebelikler için değil; tüm anne adayları için önerilen, sağlıklı bir başlangıcın bilimsel temelidir.  Erken teşhis, bebeğin gelişimini korumanın en güçlü yoludur.  Invitro Laboratuvarı’nda TORCH Paneli, güvenli koşullarda, hızlı ve profesyonel şekilde uygulanır. Küçük bir test, büyük bir güven verir.  📞 0216 414 44 55 🌐 invitro.com.tr  #InvitroLab #TORCHPaneli #GebelikTestleri #Toxoplasma #Rubella #CMV #AnneAdayı #Hamilelik #BebekSağlığı #Laboratuvar #ErkenTeşhis #CheckUp #GebelikTakibi #SağlıklıGebelik",https://www.instagram.com/p/DRsSx6zgmZe/,0,0,7,-1,NaN
158,epi.sindh,2025-11-26T03:44:18.000Z,"EPI Sindh  *قومی خسرہ و روبیلا مہم 17–29 نومبر 2025* خسرہ اور روبیلا سنگین وائرل بیماریاں ہیں جو بچوں کو تیزی سے متاثر کرتی ہیں۔ ان سے بچاؤ کا واحد مؤثر طریقہ ویکسینیشن ہے۔ اپنے بچوں کو قریبی ویکسی نیشن سینٹر یا اسکول میں مہم کے دوران لازمی ویکسین لگوائیں اور انہیں محفوظ مستقبل دیں۔  📞 National Helpline 1166 #MR2025 #Rubella #VaccinesWork #EPISindh #ProtectEveryChild",https://www.instagram.com/p/DRgUn8jiBLl/,0,0,0,-1,NaN
159,madamamuse,2025-12-05T14:28:53.000Z,"NYTimes obituary for Walter (Reid)  Dowdle Nov. 30, 2025  A giant in the CDC who worked on research that ultimately lead to the eradication of #polio in the U.S. and throughout the World. #Vaccines for #measles and #rubella Also differentiating between the #herpes viruses to show two distinct types Later worked on research that identified the #AIDS virus when it was not felt to be worthy of attention in the 1980s  A symbol of the former glory,  power, grace and dignity of American science, research and public health policy",https://www.instagram.com/p/DR4pi32jVTo/,5,0,36,-1,NaN
160,cap_research,2025-11-28T09:00:18.000Z,"#MedicalResearch #medicalresearch #clinicalresearch #clinicalresearch #clínicalresearch #vaccination #vaccinationclinic #VaccinationMatters #vaccinationmatters #VaccinationAwareness #vaccinationssavelives #vaccinationeducation #rubella #rubellaspreads #rubellasyndrome",https://www.instagram.com/p/DRmCYAEkmnt/,0,0,1,-1,NaN
161,attorneynoumanjahangir,2025-11-29T11:50:08.000Z,"Pakistan has launched nationwide measles-rubella vaccination campaign to protect the 34 Million children from November 17 to November 29, 2025 with the help of WHO, UNICEF. Kindly get your children between 6 months to 5years vaccinated! And avoid and discard all the other nonsense rumors of mistaking this vaccination as for sterilization or family planning! Thanks! #measles #rubella #vaccination #WHO #Pakistan",https://www.instagram.com/p/DRo6m2FDfxy/,0,0,0,-1,NaN
162,pigeonsloversofallkinds,2025-11-27T19:00:38.000Z,"Rubella Spread By Alex Kok Buchon Morrillero  R  R  S  S  #rubella #rubellapigeon #rubellaspread #rubellaspreads #rubellaspreadpigeon #rubellapigeonsloversofallkinds #paloma #taube #pigeon #bird #fblifestyle #kabootar #porumbei",https://www.instagram.com/p/DRkiSKeGGny/,0,0,259,-1,NaN
163,episindh,2025-11-26T03:40:20.000Z,"EPI Sindh!   *قومی خسرہ و روبیلا مہم 17–29 نومبر 2025!  خسرہ اور روبیلا سنگین وائرل بیماریاں ہیں جو بچوں کو تیزی سے متاثر کرتی ہیں۔ ان سے بچاؤ کا واحد مؤثر طریقہ ویکسینیشن ہے۔ اپنے بچوں کو قریبی ویکسی نیشن سینٹر یا اسکول میں مہم کے دوران لازمی ویکسین لگوائیں اور انہیں محفوظ مستقبل دیں۔  📞 National Helpline 1166 #MR2025 #Rubella #VaccinesWork #EPISindh #ProtectEveryChild",https://www.instagram.com/p/DRgUK0xiNly/,0,0,14,-1,NaN
164,rubellabeauty1,2025-11-15T09:26:43.000Z,"Russian lip filler by @rubella_aesthetic & @dr_zibba   Bilgi ve iletişim için 0501 149 18 81   #lipfiller #ａｅｓｔｈｅｔｉｃ #medical #drzahitpolat #ağrı #rubella #aesthetics",https://www.instagram.com/p/DREnEQbDNQB/,1,0,3,-1,NaN
165,bellcaretravel,2025-11-11T04:46:53.000Z,"TRAVEL  SMART / STAY  PROTECTED! 💉✈  Measles is HIGHLY contagious and still found in many parts of the world 😷 Don't let it spoil your holiday plans!  💡 Before you travel: ✅ Check that your MMR (Measles, Mumps & Rubella) vaccine is up to date ✅ Visit us for expert travel health advice ✅ Stay protected wherever your adventures take you  A quick visit now means piece of mind later 💪💉  📍 @Bellcare Travel and Vaccination Clinic 📱 067 374 3478 ☎ 021 919 3667 👉 Book your travel consultation today ♥   #TravelVaccinations #TravelVaccines #VaccinationSavesLives #travelvaccineclinic #travel #stayhealthystayhappy❤️ #travelvaccine #bellvillewesterncape #mumps  #measles  #rubella  #yellowfever #YellowFeverVaccine #yellowfever  #travelcliniccapetown  #capetown",https://www.instagram.com/p/DQ5z3C_EVaC/,1,0,0,-1,NaN
166,mynamahila,2025-11-12T05:46:37.000Z,"Hum bachchon ke liye vaccine schedule karna yaad rakhte hain, Par khud ki sehat ke liye kab socha tha last time? 💭  HPV, Hepatitis B aur Rubella jaise teeke sirf protection nahi  yeh ek promise hain, apni sehat aur apne future ko safe rakhne ka. 💉✨  Agar nahi pata kaunsi vaccine kab leni chahiye, toh poochhiye Myna Bolo Chatbot se — simple, trusted aur apni bhasha mein. 💬  #WorldImmunizationDay #womenhealth #ImmunizationAwareness #hpv #rubella #hepatitisb #tetanus",https://www.instagram.com/p/DQ8ffdRCu-O/,0,0,13,-1,NaN
167,dr.umerrrr,2025-11-20T15:04:00.000Z,"🔍 Rubella — key buzzwords every med student should know. Swipe. Learn. Remember. ✔️ #MedNotes #Rubella #infectiousdisease",https://www.instagram.com/p/DRSFo8ZDOiP/,0,0,2,-1,NaN
168,peduliasd,2025-11-10T12:11:25.000Z,"Tahukah kamu? 🤰✨ Infeksi TORCH saat hamil dapat meningkatkan risiko gangguan perkembangan pada bayi. TORCH adalah kelompok infeksi seperti Toxoplasma, Rubella, CMV, dan Herpes Simplex Virus yang dapat memengaruhi perkembangan otak janin. Penelitian menunjukkan bahwa infeksi & inflamasi selama kehamilan dapat mengganggu pembentukan saraf, meningkatkan risiko disabilitas motorik, kognitif, gangguan penglihatan, pendengaran, hingga masalah belajar dan bahasa.  Yang perlu diingat: ⚠️ Tidak semua infeksi menyebabkan disabilitas, tetapi beberapa punya dampak signifikan—terutama jika terjadi pada trimester awal. ✅ Pencegahan sangat penting! Mulai dari cek kehamilan rutin, menjaga kebersihan, hingga memastikan vaksin rubella sebelum hamil. Dengan pengetahuan yang tepat, kita bisa melindungi tumbuh kembang buah hati sejak dalam kandungan ❤️  📌 Sumber: Devaraju M, Li A, Ha S, et al. Beyond TORCH: A narrative review… Neurosci Biobehav Rev. 2023.  #TORCH #infeksiTORCH #kehamilansehat #autism #autismresearch #neurodevelopment #perkembangananak #cmv #rubella #toxoplasmosis #herpessimplex #parenteducation #peduliasd #kesadaranautisme #kesehatananak #momandbaby #expectingmom #hindariinfeksi #preventifkesehatan #ilmuKesehatan",https://www.instagram.com/p/DQ4B8EVAT-a/,0,0,32,-1,NaN
169,seenewstv,2025-11-22T14:09:03.000Z,". پاکستان میں 57 ملین بچوں کیلئے تاریخی ویکسین مہم کا آغاز پاکستان میں بچوں کی صحت کے تحفظ کیلئے ایک بڑے پیمانے پر ویکسینیشن مہم کا آغاز ہو گیا ہے۔ اس مہم کے تحت 57 ملین بچوں کو خسرہ، روبیلا اور پولیو سے بچاؤ کی ویکسین لگائی جائے گی۔ یہ ملک گیر مہم دو ہفتے جاری رہے گی، جبکہ محکمہ صحت کی ٹیمیں گھر گھر جا کر بچوں کو ویکسین دیں گی۔ یہ مہم پاکستان کو خطرناک بیماریوں سے پاک بنانے اور بچوں کے محفوظ مستقبل کیلئے انتہائی اہم قدم ہے۔  #PakistanNews #HealthUpdate #VaccinationDrive #Measles #Rubella #PolioFreePakistan #ChildHealth #PublicHealth #BreakingNews #LatestNews #StayInformed #SEEnews",https://www.instagram.com/p/DRXI8MPjBme/,0,0,0,-1,NaN
170,thechicmagazine,2025-11-12T19:32:05.000Z,"Pakistan Launches Nationwide Measles & Rubella Vaccination Drive from Nov 17  Pakistan will launch a nationwide measles and rubella vaccination drive from November 17 to 29, the National Emergency Operations Center (NEOC) announced.  The campaign aims to vaccinate 35.4 million children aged 6 months to 5 years, while polio drops will also be administered in 89 high-risk districts.  According to NEOC, the initiative will protect over 36 million children across Pakistan against measles, rubella, and polio — diseases that remain major health threats due to low immunization coverage and misinformation.  #TheChicMagazine #TheChic #ChicMagazine   #Pakistan #HealthNews #VaccinationDrive #Measles #Rubella #Polio #ChildHealth #PublicHealth #Immunization #NEOC #PakistanHealth",https://www.instagram.com/p/DQ999Y5ACCh/,0,0,0,-1,NaN
171,saleemmemorial,2025-11-20T04:56:45.000Z,"Measles & Rubella: Don’t Wait for the Rash Both measles and rubella spread before the rash appears — making early awareness and timely vaccination essential. Protect yourself, your family, and especially pregnant women and newborns from severe complications, including Congenital Rubella Syndrome (CRS). 📌 Highly contagious viruses 📌 Spread through droplets & contact 📌 Infectious even before symptoms 📌 CRS risk in pregnancy Early detection and vaccination can prevent outbreaks and save lives. For guidance and screening, call us at +92 42 34509999 Saleem Memorial Hospital — Protecting Health, Preventing Disease  #Measles #Rubella #MeaslesAwareness #RubellaAwareness #CRS #Immunization #ChildHealth #PublicHealth #InfectiousDiseases #HealthEducation #HealthAwareness #PakistanHealth #SaleemMemorialHospital #StopTheSpread",https://www.instagram.com/p/DRRAJR6jNOi/,0,0,8,-1,NaN
172,shifanewsintl,2025-11-11T09:00:14.000Z,"پشاور میں 17 نومبر سے خسرہ و روبیلا ویکسین مہم  خیبر پختونخوا حکومت نے 17 سے 28 نومبر تک صوبے بھر کے پرائیویٹ اور سرکاری سکولوں میں خسرہ اور روبیلا (ایم آر) ویکسین مہم شروع کرنے کا فیصلہ کیا ہے۔ محکمہ صحت کے مطابق مہم کے دوران چھ ماہ سے پانچ سال تک کے تمام بچوں کو ویکسین دی جائے گی۔  حکام کا کہنا ہے کہ یہ ویکسین بچوں کو خسرہ اور روبیلا جیسی متعدی اور خطرناک بیماریوں سے محفوظ رکھتی ہے، جو بخار، دانوں اور پیچیدگیوں کا باعث بن سکتی ہیں۔  For more content, visit our website: www.shifanews.com  #mrvaccine #rubella #measles #HealthUpdate #wherehealthcomesfirst #healthnews #shifanewsinternational #shifanews",https://www.instagram.com/p/DQ6Q2syDQ6r/,0,0,5,-1,NaN
173,africahealthreport,2025-11-10T17:30:01.000Z,"Ondo, Military Partner to Strengthen Measles – Rubella Vaccination Drive  ONDO, Nigeria – The Ondo State Primary Health Care Development Agency has entered a strategic collaboration with the 32 Artillery Brigade Command, Akure to boost statewide mobilisation for the 2026 Measles and Rubella Vaccination Campaign.  During an advocacy visit on Monday, the Agency’s Permanent Secretary, Dr. Francis Akanbiemu, represented by the Director of Disease Control and Immunisation, Dr. Victor Adefesoye, said the campaign will target children aged 9 months to 14 years across all health facilities and outreach points.  He appealed to the military to assist in dispelling misinformation, stressing that the vaccines are “thoroughly tested, safe, and effective.”  Dr. Akanbiemu also requested support in providing escort to hard-to-reach communities and in helping create public awareness.  “The military formations play vital roles in ensuring full and equitable coverage,” he added.  Responding, the Brigade Commander, Brigadier General J.A. Ifeanyi, represented by Captain (Dr.) Olayemi Ilori, reaffirmed the military’s commitment to community health.  “We are already sensitising personnel and will support the teams in security-challenged areas,” he stated.  He emphasised that vaccination remains one of the most effective public health interventions, pledging support to counter rumours and ensure successful implementation.  https://africanhealthreport.com/ondo-military-measles-rubella-vaccination-campaign/  #Immunisation #measles #MilitarySupport #OndoState #publichealth #Rubella #Vaccination #News",https://www.instagram.com/p/DQ4mYs4jWau/,0,0,0,-1,NaN
174,10.fotens,2025-11-11T12:20:38.000Z,"Hallo semuanya!!  Sedikit mengingat tentang virus rubella, salah satu penyakit menular yang perlu kita waspadai. Rubella dapat menyebabkan gejala seperti demam ringan, ruam merah, dan bisa berbahaya bagi ibu hamil karena dapat menular ke janin. Oleh karena itu, penting bagi kita untuk selalu menjaga kesehatan dan melakukan pencegahan sejak dini.  Yuk, terapkan 5 langkah utama:  1.Cuci tangan dengan sabun secara rutin  2.Vaksinasi  3.Periksa kandungan secara berkala  4.Jaga jarak  5.Tutup mulut saat batuk  Semoga poster ini membantu kita semua tetap sehat dan aman. Ayo jaga kesehatan bersama! 💪  Nama : Gita Savira Kelas : X-J No absen : 12  Poster ini dibuat sebagai tugas Biologi yang diberikan oleh Ibu Hery Kriswati S.Pd. Semoga bermanfaat bagi seluruh teman-teman.  Terima kasih atas perhatiannya.  #Biologi #PencegahanVirusRubella #Rubella",https://www.instagram.com/p/DQ6nyigiZSy/,0,0,6,-1,NaN
175,ttimagazinepk,2025-11-18T06:01:41.000Z,"Pakistan Launches Nationwide Vaccination Drive to Protect Millions of Children from Rubella and Measles  Pakistan has initiated a nationwide vaccination campaign to protect children against rubella and measles, aiming to curb outbreaks of these highly contagious diseases. Health authorities confirmed that the campaign officially began on Monday and will cover millions of children across the country  FOR MORE DETAILS: https://thetruthinternational.com/pakistan-launches-nationwide-vaccination-drive-to-protect-millions-of-children-from-rubella-and-measles/  #Pakistan #Launches #Nationwide #Vaccination #Drive #Protect #Millions #Children #Rubella #Measles #ISLAMABAD #TTI",https://www.instagram.com/p/DRL9_GiApi3/,0,0,1,-1,NaN
176,ifa.org.au,2025-11-22T01:00:46.000Z,"#Pregnant women share everything with their babies.  Live virus vaccines, such as the MMR and chickenpox, should be given to women before pregnancy.  It is important to get MMR before becoming pregnant to reduce the risk of becoming infected with #rubella which can pass on to the unborn child, causing Congenital Rubella Syndrome (CRS). CRS can cause severe birth defects and neurodevelopmental problems.",https://www.instagram.com/p/DRVuuiWiFy5/,0,0,6,-1,NaN
177,drtedros,2025-11-17T16:28:06.000Z,"Congratulations to #CaboVerde, #Mauritius and #Seychelles for being officially verified by @WHO as having eliminated #measles and #rubella — the first countries in sub-Saharan Africa to achieve this historic milestone.  High immunization coverage, strong health systems and the tireless efforts of health workers and communities have made this monumental achievement possible.I thank all involved in these achievements.  It proves that #VaccinesWork to achieve #HealthForAll.Ministry of Health SeychellesGoverno de Cabo Verde https://www.afro.who.int/countries/cabo-verde/news/cabo-verde-mauritius-and-seychelles-eliminatemeasles-and-rubella",https://www.instagram.com/p/DRKg4I9CNJJ/,4,0,96,-1,NaN
178,socialmediainfluencerskhanewal,2025-11-17T12:20:21.000Z,"پاکستان میں خسرہ اور روبیلا سے بچاؤ کی قومی مہم 17 سے 29 نومبر 2025 تک چلائی جائے گی۔ 💉  اس مہم کے دوران 6 ماہ سے 5 سال تک کی عمر کے تمام بچوں کو خسرہ اور روبیلا سے بچاؤ کی ویکسین مکمل طور پر مفت فراہم کی جائے گی۔  💧 اس مہم کے دوران مخصوص اضلاع میں پولیو کے قطرے بھی پلائے جائیں گے۔ لہٰذا اپنی قومی ذمہ داری نبھاتے ہوئے اس بات کو یقینی بنائیں کہ پیدائش سے پانچ سال تک کے تمام بچے پولیو کے دو قطرے ضرور پیئیں۔  📍 یہ ویکسین مندرجہ ذیل جگہوں پر دستیاب ہوگی: ✅ سرکاری مراکزِ صحت ✅ منتخب عارضی مراکز ✅ اسکولوں اور مدارس میں  یاد رکھئے! اگر آپ کے بچے کو پہلے ہی خسرہ اور روبیلا کی ویکسین لگ چکی ہے، تب بھی قومی خسرہ و روبیلا مہم کے دوران بچے کو دوبارہ ویکسین ضرور لگوائیں تاکہ قوتِ مدافعت مزید مضبوط ہو۔   #YesToMRvaccine  #VaccinesForPakistan  #Measles #Rubella #MRVaccine #StopMeasles #EndRubella #VaccinesWork #HealthyChildren #ImmunizationCampaign #ProtectEveryChild",https://www.instagram.com/p/DRKEhtijN3J/,0,0,4,-1,NaN
179,dostv62,2025-11-12T14:26:22.000Z,"Pakistan to launch measles, rubella vaccination drive from Nov 17  Read More : https://arynews.tv/pakistan-launch-measles-rubella-vaccination-drive-nov-17  #ARYNews #rubella #vaccine #followme #everyonehighlights",https://www.instagram.com/p/DQ9a-RqDNBN/,0,0,0,-1,NaN
180,tradefinance.info,2025-11-12T11:45:05.000Z,"ڈپٹی کمشنر سانگھڑ سارہ جاوید کی سربراہی میں ضلعی تیاری میٹنگ میں خسرہ، روبیلا اور پولیو ویکسینیشن مہم کی حتمی منصوبہ بندی کی گئی، جو 17 سے 29 نومبر 2025 تک جاری رہے گی۔ ڈپٹی کمشنر نے زور دے کر کہا کہ 6 ماہ سے 5 سال تک کی عمر کے بچوں کو ان خطرناک بیماریوں سے بچانا سب کی مشترکہ ذمہ داری ہے۔ محکمہ صحت، تعلیم، اطلاعات اور دیگر محکموں کے باہمی تعاون سے چلائی جانے والی اس مہم میں والدین سے اپیل کی گئی کہ وہ اپنے بچوں کو قریبی صحت مراکز یا اسکولوں میں ویکسین لگوانے لے جائیں۔ ڈسٹرکٹ ہیلتھ آفیسر ڈاکٹر دولت جمالی نے مہم کے انتظامات، ویکسین کی دستیابی اور آگاہی پروگراموں کی تفصیلات پیش کرتے ہوئے ضلع سانگھڑ کو پولیو فری بنانے کے عزم کا اظہار کیا۔  #Sanghar #VaccinationCampaign #Measles #Rubella #PolioFree #ChildHealth #TradeAndFinanceNews",https://www.instagram.com/p/DQ9Ig8BgcZP/,0,0,0,-1,NaN
181,minahil_pms,2025-11-19T10:56:09.000Z,"Measels and Rubella campaign in Abbottabad district 💉  #pms #css #abbottabad #measles #rubella #DistrictAdministration",https://www.instagram.com/p/DRPEewiCNlQ/,0,0,9,-1,NaN
182,urdu.arynews.tv,2025-11-17T08:08:04.000Z,"اسلام آباد (17 نومبر 2025): ملک میں خسرہ اور روبیلا اور پولیو سے بچاؤ کی قومی ویکسینیشن مہم کا آج سے باقاعدہ آغاز ہو گیا ہے۔  نیشنل ای او سی کے مطابق ویکسینیشن مہم 17 تا 29 نومبر ملک بھر میں جاری رہے گی، اس دوران 3 کروڑ 54 لاکھ بچوں کو خسرہ اور روبیلا سے بچاؤ کی ویکسین دی جائے گی۔  ملک بھر کے 90 ہائی رسک اضلاع میں اس ہفتے 2 کروڑ 33 لاکھ بچوں کو پولیو کے قطرے پلائے جائیں گے، جب کہ 6 ماہ سے 5 سال تک کے تمام بچوں کو خسرہ اور روبیلا سے بچاؤ کی ویکسینیشن دی جائے گی۔  نیشنل ای او سی کے مطابق ویکسین سرکاری صحت کے مراکز، اسکولوں، مدارس اور عارضی ویکسینیشن مراکز پر فراہم کی جائے گی، پنجاب میں تقریباً 68 لاکھ بچوں کو پولیو کے قطرے پلائے جائیں گے، بلوچستان میں 22 لاکھ 46 ہزار بچوں، سندھ میں 84 لاکھ سے زائد بچوں، خیبر پختونخوا میں 52 لاکھ 46 ہزار بچوں، گلگت بلتستان میں 1 لاکھ 36 ہزار، اور اسلام آباد میں 4 لاکھ 61 ہزار بچوں کو پولیو کے قطرے پلائے جائیں گے۔  #arynewsurdu #measles #rubella #vaccination",https://www.instagram.com/p/DRJnp03jHnR/,2,0,329,-1,NaN
183,clickmepakistanofficial,2025-11-12T14:01:00.000Z,"پاکستان 17 نومبر سے خسرہ اور روبیلا کے خلاف ویکسی نیشن مہم کا آغاز کرے گا، جس کا مقصد بچوں اور عوام میں صحت مند تحفظ فراہم کرنا اور بیماریوں کے پھیلاؤ کو روکنا ہے۔  #clickmepakistan #Pakistan #Measles #Rubella #VaccinationDrive #PublicHealth #Immunization  [کی ورڈز: پاکستان، ویکسی نیشن مہم، خسرہ، روبیلا، 17 نومبر، صحت، بچوں کی حفاظت، بیماریوں کی روک تھام]",https://www.instagram.com/p/DQ9YEVxk1zQ/,0,0,0,-1,NaN
184,medicoo_cardioo,2025-11-16T08:22:09.000Z,"Measles and German measles may look similar, but their severity, complications, and risks—especially in pregnancy—are very different. Early recognition and vaccination remain the best protection. 💉📚  Hashtags: #Measles #Rubella #GermanMeasles #MMRVaccine #PublicHealth #InfectiousDisease #MedicalEducation #Pediatrics #HealthcareWorkers #MedicalInfographic",https://www.instagram.com/p/DRHEdWNjT5T/,2,0,71,-1,NaN
185,arynewstv,2025-11-17T08:18:04.000Z,"KARACHI: Sindh’s health minister launched 13-day vaccination drive against measles and rubella from Nov. 17 (today) till Nov. 29.  Measles and rubella are highly contagious diseases that continue to pose health challenges.  In the campaign children between the ages of 6 months to 5 years will be provided free MR vaccine in 30 districts of Sindh.  Moreover, polio drops will also be administered to children of up to five years in 23 districts of the province.  The province has deployed over 30,000 frontline staff including 6,532 vaccinators and equal number of team assistants for the vaccination drive.  Health Minister Azra Fazal Pechuho speaking on the occasion asked the vaccinators to perform their duty with serious commitment and complete their daily targes of the campaign.  “It is legally mandatory to vaccinate children, action will be taken in case of non-cooperation from parents or institutions,” minister said. “Licenses could be cancelled and institutions shutdown, if the private or government schools failed to cooperation”, Pechuho said.  She also directed for constitution of special teams to tackle the cases of resistance, which should report on daily basis.  “The National Cybercrime Agency will take action in case of spreading fake information or rumors about vaccination,” minister said.  “Those involved in negative propaganda or rumour mongering would pose threat to the health of children,” she added.  While all three diseases are preventable through vaccination, sporadic outbreaks in the past have highlight gaps in immunization coverage, misinformation and access to health care in remote areas.  In specific high-risk districts, polio drops will be administered along with measles, rubella vaccine so that every child is protected.  The measles-rubella (MR) vaccine will protect 35 million children aged 6 months to under five years nationwide, the NEOC said.  Measles and rubella spread through respiratory droplets and can cause pneumonia and encephalitis.  #arynews #measles #rubella #vaccination",https://www.instagram.com/p/DRJozJnDnna/,0,0,161,-1,NaN
186,dispute.it,2025-11-18T08:01:37.000Z,"Pakistan has kicked off a massive nationwide campaign to vaccinate over 34 million children against measles and rubella, with polio drops also being administered in 23 high-risk districts.  Health teams across the country — from Sindh and Punjab to KP and Balochistan — are going door-to-door, while also setting up stations in schools, seminaries, and clinics to reach every child between 6 months and 5 years old.  Officials say the two-week drive is essential to curb rising measles outbreaks and prevent new polio cases as winter approaches. Thousands of vaccinators and volunteers have been deployed, with provincial governments urging parents to ensure their children receive both doses safely and on time.   #Pakistan #VaccinationDrive #Measles #Rubella #Polio #ChildHealth #PublicHealth #HealthAwareness #VaccinesSaveLives #PakistanHealth #GlobalHealth #Immunization",https://www.instagram.com/p/DRMLnE6jiTb/,0,0,5,-1,NaN
187,chiniotgeneralhospitalkhi,2025-11-13T06:06:01.000Z,"🌡️ 𝐏𝐫𝐨𝐭𝐞𝐜𝐭 𝐘𝐨𝐮𝐫 𝐂𝐡𝐢𝐥𝐝 — 𝐆𝐞𝐭 𝐕𝐚𝐜𝐜𝐢𝐧𝐚𝐭𝐞𝐝 𝐀𝐠𝐚𝐢𝐧𝐬𝐭 𝐌𝐞𝐚𝐬𝐥𝐞𝐬 & 𝐑𝐮𝐛𝐞𝐥𝐥𝐚! 💉  Even if your child has already been vaccinated against Measles, this additional MR vaccine dose will give extra protection — safeguarding your child from both 𝐌𝐞𝐚𝐬𝐥𝐞𝐬 𝐚𝐧𝐝 𝐑𝐮𝐛𝐞𝐥𝐥𝐚. 🩺  ✅ Vaccination is safe, effective, and essential to keep our children healthy and prevent future outbreaks. Let’s ensure every child aged 𝟔 𝐦𝐨𝐧𝐭𝐡𝐬 𝐭𝐨 𝟓 𝐲𝐞𝐚𝐫𝐬 is protected during this campaign.  📅 𝐂𝐚𝐦𝐩𝐚𝐢𝐠𝐧 𝐃𝐚𝐭𝐞𝐬: 𝟏𝟕𝐭𝐡 𝐭𝐨 𝟐𝟗𝐭𝐡 𝐍𝐨𝐯𝐞𝐦𝐛𝐞𝐫 𝟐𝟎𝟐𝟓 📍 𝐀𝐯𝐚𝐢𝐥𝐚𝐛𝐥𝐞 𝐚𝐭: 𝐂𝐡𝐢𝐧𝐢𝐨𝐭 𝐆𝐞𝐧𝐞𝐫𝐚𝐥 𝐇𝐨𝐬𝐩𝐢𝐭𝐚𝐥   📞 Contact us: 021-35063443 🌐 www.cgh-k.com  🏥 𝐂𝐡𝐢𝐧𝐢𝐨𝐭 𝐆𝐞𝐧𝐞𝐫𝐚𝐥 𝐇𝐨𝐬𝐩𝐢𝐭𝐚𝐥 – 𝐓𝐡𝐞 𝐂𝐚𝐫𝐢𝐧𝐠 𝐏𝐞𝐨𝐩𝐥𝐞  #Measles #Rubella #MRVaccine #VaccinationDrive #ChildHealth #ImmunizationAwareness #HealthyChildren #PreventDisease #PublicHealth #HealthcareForAll #ChiniotGeneralHospital #CommunityCare #CGH",https://www.instagram.com/p/DQ_Ggg2kfLh/,0,0,0,-1,NaN
188,hausaerztetiefenbach,2025-11-07T15:57:41.000Z,"Warum ist der aktuelle Masern-Fall in Erding so besonders? Klicken Sie sich durch die Folien und lesen Sie gerne den Blogbeitrag auf unserer Webseite. #masern #rubella #impfung #masernschutzgesetz #infektionsschutz #erding",https://www.instagram.com/p/DQwtctFiMYA/,0,0,9,-1,NaN
189,haditacancerfoundation,2025-11-04T20:16:29.000Z,"Hadita Cancer Foundation proudly participated in the October 2025 Integrated Health Campaign, which focused on: 	•	Rubella-Measles vaccination for children aged 9 months to 14 years 	•	Polio vaccination for children aged 0 to 5 years 	•	HPV vaccination for girls aged 9 to 14 years  This initiative aims to strengthen immunization coverage, protect our children & promote a healthier future for all.   #HealthForAll #VaccinationSavesLives #HaditaCancerFoundation #ImmunizationCampaign #PublicHealth #HPV #Rubella #Polio",https://www.instagram.com/p/DQpcrp1jS4J/,0,0,4,-1,NaN
190,ria.wardah.3,2025-10-28T07:42:02.000Z,"Kasus Campak sedang banyak banyak ni Ayah dan Bunda 🗣️  Gejala campak   🌺Fase awal (mirip flu): Muncul gejala seperti demam tinggi (\(>38\degree C\)), batuk, pilek, sakit tenggorokan, mata merah dan berair, serta lemas.  🌺Fase ruam: Setelah demam berlangsung 1-3 hari, ruam merah muncul di belakang telinga dan wajah, kemudian menyebar ke seluruh tubuh dalam waktu 4-7 hari.  🌺 Bintik Koplik: Bercak putih kecil dengan dasar merah di bagian dalam pipi dan mulut bisa muncul sebelum ruam menyebar. Gejala lain: Diare dan muntah juga bisa terjadi.   Waspada yaa.... Ayah bunda 🥰  #Campak #Rubella #Imunisasi #KIA",https://www.instagram.com/p/DQWExoPEvYM/,0,0,0,-1,NaN
191,medicine.dr,2025-11-08T14:44:59.000Z,"#rubella #pediatrics #medicine #medschool #medhch",https://www.instagram.com/p/DQzJ7FfgrgN/,0,0,9,-1,NaN
192,almasumgeneralhospital,2025-10-31T08:11:19.000Z,"রুবেলা বা জার্মান হাম গর্ভবতী মায়েদের জন্য বিপদজনক একটি সমস্যা। চলুন আজ আমরা এই রোগের লক্ষণগুলো জেনে নিই  #Rubella #GermanMeasles #MMRVaccine #MaternalHealth #healthtips #healthylifestyle #almasumgeneralhospital",https://www.instagram.com/p/DQd2g2HksIO/,0,0,0,-1,NaN
193,tribunetrends,2025-11-03T17:00:09.000Z,"The WHO, in collaboration with the Government of Pakistan, has announced the national immunization campaign for the eradication of measles and rubella. The campaign will run from November 17 to November 29, 2025, and will target more than 35.4 million children aged six months to fifty-nine months with protective vaccinations. In the lead-up to this campaign, over 140,000 health workers will be trained to execute this crucial mission.  If the campaign is not successfully carried out, according to WHO, as many as 6.7 million children under age five would be at risk of severe measles infections in 2026. Vaccination teams in the high-risk districts will also provide polio drops, a combination effort of the Polio Eradication Initiative and the Expanded Programme on Immunization. An integrated strategy shows Pakistan's continued commitment to eradicating preventable childhood diseases through large-scale collaboration and strong coordination.  The WHO has designed special training for vaccinators, team supervisors, and social mobilizers to ensure more efficiency and greater outreach. Health department officials say this campaign is a decisive step toward protecting millions of children from deadly diseases. This joint effort by the government and WHO reflects the renewed focus on strengthening immunization coverage and safeguarding the nation's youngest citizens. . . . #WHO #Pakistan #HealthCampaign #Measles #Rubella #VaccinationDrive #ChildHealth #PublicHealth #PolioEradication #HealthcareWorkers #Tribunetrends",https://www.instagram.com/p/DQmhauvjXGd/,0,0,2,-1,NaN
194,raaonline_medinfopedia,2025-10-28T08:30:27.000Z,"Lecture Update in General Medicine - Opportunistic Mycoses Part 3 - Mucormycosis by Dr. K. Adhiti on RAAONLINE App.   For more Details Contact: +91-9994994266  #raaonline #freelecture #rapidrevision #lectureupdate #rubella #medicianaexamlectures #medicinenotes #medicalupdates #medicine #medicalstudent #medicaleducation #opportunistic #medicine_knowledge #infectiousdisease #mycoses #mucormycosis",https://www.instagram.com/p/DQWKUSfD7ee/,0,0,21,-1,NaN
195,cxp_news,2025-11-07T17:26:22.000Z,"*ضلع چاغی*  *آئیے اپنے پھول جیسے 6 ماہ سے 5 سال تک کے تمام بچوں کو خسرہ (Measles) اور روبیلاو (Rubella) (سھرک) جیسی جان لیوا بیماریاں اور آنکھوں کے نابینا ہونے سے بچائیں*  *خسرہ جیسے مقامی زبان میں سھرک کہا جاتا ہے خسرہ ایک جان لیوا بیماری ہے جو وائرس کے ذریعے جلدی سے پھیلتا ہے جو کہ اس کا بچاو ممکن ہے خسرہ کی پھیلاو اور اس کی پیش نظر حکومت بلوچستان اور محکمہ صحت کی جانب 17 نومبر سے 29 نومبر تک خصوصی مہم کا آغاز کررہا ہے جس میں میں 6 ماہ سے لے کر 5 سال تک بچوں کو خسرے سے بچاو کا ویکسین لگائے جائینگے لہذا تمام والدین سے گزارش ہیں کہ اپنے بچوں کو خسرے سے بچاو کا ویکسین ضرور لگائے اور محکمہ صحت کی جانب سے ٹیمیں آپ کے علاقے اور محلے کوچوں کے گلیوں میں بھیٹک سیشن منعقد کریں گے برائے کرم اپنے 6 ماہ سے 5 سال تک کے تمام بچوں کو زیادہ سے زیادہ تعداد (سھرک) ویکسین لگانے میں تعاون کریں  آئے ہوئے ٹیموں کے ساتھ بھرپور تعاون کریں*  *کیونکہ صحت مند بچہ٫ روشن مستقبل*  *شکریہ*  #cxp #vaccination #Rubella #Campaign #awareness",https://www.instagram.com/p/DQw3mEBCk0q/,0,0,9,-1,NaN
196,juneeyy.6,2025-10-31T01:26:39.000Z,"TUGAS BIOLOGI  NAMA:Velove jermaine n KELAS: X-F  #biology  #rubella",https://www.instagram.com/p/DQdIM87Dx8y/,0,0,2,-1,NaN
197,maidannewstv,2025-11-05T11:41:08.000Z,"لاڑکانہ: کمشنر طاہر حسین سانگی کی زیر صدارت خسرہ، روبیلا اور او پی وی مہم سے متعلق اجلاس  #maidannewstv #Larkana #CommissionerLarkana #TahirHussainSangi #Khasra #Rubella #OPV #VaccinationDrive #HealthCampaign #EPI #SindhHealth #LarkanaNews",https://www.instagram.com/p/DQrGfwSCnW1/,1,0,2,-1,NaN
198,qafasmedia,2025-10-31T17:37:11.000Z,"The World Health Organization (WHO) and Pakistan's health authorities have joined forces to launch a massive nationwide vaccination campaign against measles and rubella. The drive is scheduled to run from November 17 to 29 and aims to train 140,000 health workers.  The primary goal of the campaign is to provide protection to approximately 35.4 million children across Pakistan, specifically targeting those between the ages of 6 months and 59 months (just under 5 years old). #WHO #Pakistan #VaccinationDrive #Measles #Rubella #PublicHealth #ChildHealth #Immunization #HealthForAll",https://www.instagram.com/p/DQe3RZVjBa4/,0,0,1,-1,NaN
199,vaxiclinics,2025-10-28T07:06:06.000Z,"The MMR vaccine is your best defense against Measles, Mumps, and Rubella. It's a safe, effective way to protect your family and community, ensuring a healthier future for everyone. ​#MMRVaccine ​#VaccinesWork ​#GetVaccinated ​#PublicHealth ​#CommunityImmunity ​#Measles ​#Immunization ​#VaccineSafety ​#ProtectOurKids ​#HealthForAll ​#VaxFacts ​#Mumps ​#Rubella ​#ShotOfProtection ​#PreventDisease",https://www.instagram.com/p/DQWAqkSCBi4/,0,0,1,-1,NaN
200,worldwire_pk,2025-10-31T03:05:17.000Z,"Biggest Vaccination Campaign in Pakistan’s History!  WHO & Govt team up to safeguard 35.4 million children from deadly diseases  Pakistan and the World Health Organization (WHO) have launched a nationwide Measles and Rubella (MR) vaccination campaign, aiming to protect 35.4 million children aged 6 months to 5 years. 👶💉  Running from November 17 to 29, 2025, this campaign will mobilize over 140,000 trained health workers across the country to close the immunity gap that threatens millions of children.  In high-risk districts, polio drops will also be administered, with full support from the Polio Eradication Initiative (PEI) — ensuring no child is left behind.  Supported by Gavi, the Vaccine Alliance, and guided by WHO’s technical expertise, this massive health drive reflects Pakistan’s growing commitment to protecting every child from preventable diseases. 🩺  🗣️ “Vaccines save lives and build a stronger, healthier Pakistan,” said Dr Luo Dapeng, WHO Representative in Pakistan.  #Pakistan #WHO #VaccinationDrive #HealthNews #Measles #Rubella #ChildHealth #Polio #WorldWire #BreakingNews #PublicHealth #PakistanNews #Healthcare #Immunization #gavi",https://www.instagram.com/p/DQdTfZHDCu_/,0,0,0,-1,NaN
201,tribunetrends,2025-11-01T23:00:10.000Z,"The WHO and Government of Pakistan have announced a nationwide measles and rubella vaccination drive starting from November 17 to 29, 2025, to protect millions of children against life-threatening diseases through timely immunization.  It is expected that around 35.4 million children aged between six months and 59 months will be vaccinated during the campaign. In addition, over 140,000 health workers are being trained to ensure this huge operation proceeds successfully.  WHO's representative in Pakistan, Dr. Luo Dapeng, said that vaccines save lives, while federal health officials termed the drive a national priority to reach every child. It follows a surge in measles this year-57 per cent of the affected children were found to have never been inoculated. . . . #WHO #PakistanHealth #VaccinationDrive #Measles #Rubella #ChildHealth #PublicHealth #Immunization #HealthCampaign #BreakingNews #Tribunetrends",https://www.instagram.com/p/DQiBBucCATM/,0,0,2,-1,NaN
202,pennymartinmedia,2025-10-29T07:05:12.000Z,"This Sunday at #dragndine @balconybyronbay is the Fabulous Ru Bella ! 3 shows from 7pm and free entry! #byronbay #dragqueen #showgirl #sunday #queerevents #rubella",https://www.instagram.com/p/DQYlW2Rk-hO/,0,0,6,-1,NaN
203,alsarmadi_medical_analysis,2025-11-02T09:24:21.000Z,"الحصبة الألمانية مو مجرد طفح جلدي بسيط، هي فحص ضروري خصوصاً للنساء قبل أو خلال الحمل 💉🤰🏻 تحليل بسيط ممكن يطمنچ ويجنبچ مضاعفات خطيرة ❤️ تحاليل تشخيص الحصبة الألمانية هي :  Rubella IgG / IgM  متوفر الآن في مختبرات السرمدي الطبية ✅  📌 الموقع : كركوك - شارع القدس - قرب النفق  📞 للتواصل : 07703506767 🕗اوقات العمل : من الساعة 8 صباحاً الى الساعة 12 ليلاً  مع السرمدي ، انت في امان 🤍✅  #Rubella #الحصبة_الألمانية #تحاليل_ماقبل_الحمل #مختبر #تحاليل_فيروسية #تحليل_دم #فحص_مخبري",https://www.instagram.com/p/DQjIdblAs7T/,9,0,16,-1,NaN
204,bblabbiokes,2025-10-29T03:14:09.000Z,"Hai sobat BBLBK ✨  Pertemuan Evaluasi Pemeriksa Campak-Rubella Jejaring Laboratorium telah dilaksanakan pada 25–27 Agustus 2025. Kegiatan ini diikuti oleh perwakilan laboratorium jejaring dari berbagai daerah yang berperan penting dalam mendukung program eliminasi campak dan rubella di Indonesia.  Melalui kegiatan ini, peserta mendapatkan kesempatan untuk melakukan evaluasi terhadap pelaksanaan pemeriksaan laboratorium, berbagi pengalaman dan tantangan yang dihadapi di lapangan, serta mendiskusikan langkah-langkah strategis dalam peningkatan mutu pemeriksaan dan pelaporan hasil.  Pertemuan ini diharapkan dapat memperkuat koordinasi, meningkatkan kapasitas sumber daya manusia, dan memperluas kolaborasi antar laboratorium jejaring agar semakin siap menghadapi tantangan surveilans dan deteksi dini penyakit campak dan rubella di masa mendatang. Dengan sinergi yang kuat dan komitmen bersama, jejaring laboratorium diharapkan mampu memberikan kontribusi nyata bagi keberhasilan program eliminasi campak dan rubella di di Indonesia  #BBLBK #Labkesmas #Campak #Rubella",https://www.instagram.com/p/DQYK6mbEmlY/,0,0,22,-1,NaN
205,raaonline_medinfopedia,2025-10-29T10:34:34.000Z,"Lecture Update in General Medicine - Opportunistic Mycoses Part 4 - Cryptococcosis by Dr. K. Adhiti on RAAONLINE App.   For more Details Contact: +91-9994994266  #raaonline #freelecture #rapidrevision #lectureupdate #rubella #medicianaexamlectures #medicinenotes #cryptococcosis #medicalupdates #medicine #medicalstudent #medicaleducation #medicine_knowledge #infectiousdisease",https://www.instagram.com/p/DQY9UUjj_9g/,0,0,23,-1,NaN
206,corpuscallosum140,2025-11-06T03:19:16.000Z,"#rubella #germanmeasles",https://www.instagram.com/p/DQsx3F9iWtk/,0,0,0,-1,NaN
207,almasumgeneralhospital,2025-10-31T15:07:01.000Z,"রুবেলা বা জার্মান হাম গর্ভবতী মায়েদের জন্য বিপদজনক একটি সমস্যা। চলুন আজ আমরা এই রোগের প্রতিরোধব্যবস্থা জেনে নিই  #Rubella #GermanMeasles #MMRVaccine #MaternalHealth #healthtips #healthylifestyle #almasumgeneralhospital",https://www.instagram.com/p/DQemFjjEkpl/,0,0,0,-1,NaN
208,apakabartangsel.id,2025-11-06T23:20:45.000Z,"Kabar serius datang dari wilayah Kota Tangerang Selatan (Tangsel) nih bre, hingga tanggal 31 Oktober 2025, sebanyak 66 anak terkonfirmasi positif terkena Campak dan 9 anak positif terkena Rubella. Total kasus suspek yang tercatat mencapai 538 anak bre.  Mayoritas korban berada di usia 1–4 tahun, dan menurut Dinas Kesehatan Kota Tangerang Selatan, banyak yang belum di imunisasi lengkap atau sama sekali belum divaksin bre. Campak merupakan penyakit yang sangat mudah menular, virusnya bisa menyebar ke hampir-hampir seratus persen anak yang belum punya kekebalan tubuh. Gejala yang harus dikenali antara lain, demam tinggi lebih dari tiga hari, batuk pilek, mata merah, ruam mulai dari belakang telinga menyebar ke seluruh tubuh bre.   Ini bukan cuma “kasus kecil”, tapi potensi wabah anak-anak di kota besar yang bisa mengancam keselamatan dan tumbuh kembang mereka bre. Orang tua perlu sadar imunisasi itu bukan sekadar “opsional”, tapi benteng utama melindungi anak bre. Media sosial bisa jadi alat kampanye kuat bre, lebih banyak yang tahu, akan lebih banyak yang segera vaksinasi, dan lebih cepat penanganan nya bre.  Yang perlu dilakukan oleh para orang tua sekarang adalah, Cek status imunisasi anak di puskesmas atau klinik terdekat, pastikan imunisasi MR (Measles Rubella) sudah lengkap, waspadai gejala awal, kalau anak tiba-tiba demam, batuk, mata merah, dan ruam, segera ke fasilitas kesehatan, budayakan Hidup Bersih dan Sehat dengan sering cuci tangan, hindari tempat ramai bila anak belum imunisasi lengkap, sosialisasi ke teman atau keluarga, bagikan info ini di grup WA atau IG agar makin banyak orang tua yang sadar yaa bre.  #kotatangerangselatan #tangerangselatan #tangsel #campak #rubella #suspek #anak #",https://www.instagram.com/p/DQu7Sqgk0fm/,0,0,8,-1,NaN
209,shifanewsintl,2025-11-01T11:00:43.000Z,"عالمی ادارۂ صحت (WHO) نے حکومتِ پاکستان کے تعاون سے خسرہ اور روبیلا ویکسین مہم کے لیے 1 لاکھ 40 ہزار سے زائد صحت کارکنوں کی تربیت شروع کرنے کا اعلان کیا ہے۔ یہ مہم 17 سے 29 نومبر 2025 تک جاری رہے گی، جس میں 6 سے 59 ماہ (تقریباً 5 سال 9 ماہ) کی عمر کے 3 کروڑ 54 لاکھ بچوں کو ویکسین دی جائے گی۔ ہائی رسک اضلاع میں پولیو کے قطرے بھی پلائے جائیں گے۔ ڈبلیو ایچ او کے مطابق گاوی کے تعاون سے ویکسینیٹرز اور سوشل ورکرز کے لیے خصوصی تربیتی سیشنز منعقد کیے جا رہے ہیں۔  #vaccinination #mrvaccine #rubella #measles #HealthUpdate #wherehealthcomesfirst #healthnews #shifanewsinternational #shifanews",https://www.instagram.com/p/DQgusVvjS_0/,0,0,3,-1,NaN
210,tradefinance.info,2025-11-04T14:43:04.000Z,"ڈپٹی کمشنر بدین یاسر بھٹی کی زیر صدارت منعقدہ اجلاس میں 17 سے 29 نومبر تک شروع ہونے والی خسرہ، روبیلا اور پولیو سے بچاؤ کی قومی مہم کے انتظامات کا جائزہ لیا گیا۔ ڈپٹی کمشنر نے زور دے کر کہا کہ یہ مہم محض محکمہ صحت کی نہیں بلکہ پورے معاشرے کی مشترکہ ذمہ داری ہے۔ انہوں نے تاجر تنظیموں، این جی اوز اور مقامی حکومت کے نمائندوں سے اپیل کی کہ وہ ہر یونین کونسل کی سطح پر عوام میں آگاہی پیدا کریں تاکہ ضلع بدین میں کوئی بھی ""ریفیوزل کیس"" سامنے نہ آئے۔ ڈاکٹر کریم بخش گاڈاہی کی بریفنگ کے مطابق ضلع میں 6 ماہ سے 5 سال تک کی عمر کے بچوں کو خسرہ و روبیلا کے ٹیکے لگائے جائیں گے، جبکہ پیدائش سے 5 سال تک کے بچوں کو پولیو کے قطرے پلائے جائیں گے۔ ڈپٹی کمشنر نے مزید کہا کہ بچے ملک کا مستقبل ہیں اور ان کی صحت کا خیال رکھنا سب کی ذمہ داری ہے۔  #Badin #VaccinationCampaign #Measles #Rubella #Polio #ChildHealth #PublicHealth",https://www.instagram.com/p/DQo2hkIFWp3/,0,0,0,-1,NaN
211,pigeonsloversofallkinds,2025-11-02T04:01:23.000Z,"Rubella  By Jeffrey's Kleurpostduiven  C  C  C  #rubella #rubellapigeon #pigeonsloversofallkinds #porumbei #pigeons #pigeon #fblifestyle #bird #الحمام #birds #duiven #piccioni #güvercinler #palomas #tauben #鴿子 #голуби #کبوتر #photographer #photography #duif",https://www.instagram.com/p/DQijgAkES74/,2,0,194,-1,NaN
212,raaonline_medinfopedia,2025-10-23T10:56:01.000Z,"Lecture Update in General Medicine - Opportunistic Mycoses Part 2 - Aspergillus Part 1 & 2 by Dr. K. Adhiti on RAAONLINE App.   For more Details Contact: +91-9994994266  #raaonline #freelecture #rapidrevision #lectureupdate #rubella #medicianaexamlectures #medicinenotes  #medicalupdates #medicine #medicalstudent #medicaleducation #medicine_knowledge #infectiousdisease  #opportunistic #mycoses #aspergillus",https://www.instagram.com/p/DQJjAElDw2A/,0,0,17,-1,NaN
213,immunize.ca,2025-10-14T22:00:15.000Z,"Informative factsheet from Immunize Canada | Rubella: What you need to know | https://immunize.ca/sites/default/files/Resource%20and%20Product%20Uploads%20(PDFs)/Products%20and%20Resources/Rubella/rubella_factsheet_web_e.pdf #rubella #MMR #VaccinesWork #VaccinesSaveLives #GetImmunized",https://www.instagram.com/p/DPzj1oBjTgB/,0,0,5,-1,NaN
214,novalab_cmhbdg,2025-10-13T00:25:50.000Z,"Halo Sobat Nova..   Tau gak sih, penyebab dan gejala infeksi campak .  Yukk simak penjelasannya  #novalaboratorium #novalab #hidupsehat #medicalcheckup #infeksivirus #campak #rubella #laboratoriumklinik #laboratorium #medik #laboratoriummedis #homevisit #homehealthcare #visitinghome #homevisits #cekkesehatan #deteksidini #checkup #homeservice #medicallab",https://www.instagram.com/p/DPuq7wGEtEI/,0,0,3,-1,NaN
215,islandhospital,2025-10-11T02:30:45.000Z,"Once again, Island Hospital is delighted to collaborate with the Ministry of Health Malaysia (KKM) in supporting the Measles and Rubella (MR) Supplementary Immunisation Programme, held recently at our Health Screening Centre.  This marks our second session in the initiative, which continues to align with the World Health Organization’s (WHO) efforts to protect children from preventable diseases. The programme offers free vaccination for children aged 6 months to 59 months (5 years old), ensuring early and lasting protection for a healthier tomorrow.  We remain committed to supporting national public health initiatives and doing our part to safeguard the wellbeing of our community.  #IslandHospital #YourHealthcarePartner #IHHHealthcareMalaysia #FlagshipMedicalTourismHospital #PublicHealth #ChildHealth #VaccinationMatters #Immunisation #HealthyKids #PreventiveCare #CommunityHealth #ProtectTheFuture #Measles #Rubella #StopTheSpread #KementerianKesihatanMalaysia #WorldHealthOrganization",https://www.instagram.com/p/DPpvo7gklSJ/,1,0,71,-1,NaN
216,englishwithchimnaz,2025-10-10T16:48:14.000Z,"#englishteacher #englishlanguage #englishlearning #grammar #vocabulary #words #viral #diseases #infection #measles #chikenpox #rubella #mumps #textposts #ingilisdilihazırlığı #ingilisdili #ingilisdilikursları #qrammatika #söz #lüğət #dilöyrənmək #xəstəlik #virus #infeksiya #infection #medicine #medicaltext  #tibbi",https://www.instagram.com/p/DPos-dVDLKM/,0,0,5,-1,NaN
217,_bukenzio,2025-10-12T14:01:51.000Z,"💉Day 6 of 10 MR Vaccination Drive💃🏻🥰Vaccinating more children — together we’re building community immunity against Measles and Rubella 🥰   #vaccination #MR #Sunday  #healthychildrenbrightfuture #measles #rubella #measlesrubellafreenaija #integratedcampaign #oysphcb #phc #healthyliving",https://www.instagram.com/p/DPtjhlXCHqV/,0,0,2,-1,NaN
218,ifa.org.au,2025-10-15T01:00:25.000Z,"If you travel outside #Australia, you may get sick from a number of diseases that #vaccination can prevent. Travellers can bring these diseases into Australia when they return and cause disease outbreaks.  You should always ask your doctor or travel health clinic about vaccinations before you travel.  Your immunity to some diseases may have changed or reduced with time – you may need a #booster.  Viral #encephalitis is an inflammation of the brain caused by a virus. Some viral diseases, such as #measles and #rubella, can also progress to involve inflammation of the brain. Other micro-organisms, such as bacteria, fungi and parasites, are capable of triggering encephalitis, but viruses – particularly the group known as enteroviruses – are the leading cause.",https://www.instagram.com/p/DPz4e08DUMY/,0,0,2,-1,NaN
219,novalaboratorium,2025-10-13T00:28:50.000Z,"Halo Sobat Nova..   Tau gak sih, penyebab dan gejala infeksi campak .  Yukk simak penjelasannya  #novalaboratorium #novalab #hidupsehat #medicalcheckup #infeksivirus #campak #rubella #laboratoriumklinik #laboratorium #medik #laboratoriummedis #homevisit #homehealthcare #visitinghome #homevisits #cekkesehatan #deteksidini #checkup #homeservice #medicallab",https://www.instagram.com/p/DPurRzPE_md/,0,0,1,-1,NaN
220,learning_with_dr.emi,2025-10-17T15:07:18.000Z,"For the last 2 weeks, our Lives have had one goal: Prevention = Protection. 🛡️  We're back tomorrow to talk all things Measles & Rubella vaccines! 💉 Got questions?Drop them below! Set a reminder and we'll see you there!👇  #PreventionIsProtection #Measles #Rubella #VaccinesWork #HealthTips #PublicHealth #InstagramLive #MeaslesRubellafreenaija #MRvaccine4Nigeria  #MRvaccineinRivers  #C-wins",https://www.instagram.com/p/DP6i_UTiJEg/,2,0,19,-1,NaN
221,biologi_bhaknus,2025-09-26T23:29:37.000Z,"X FA 1 #rubella",https://www.instagram.com/p/DPFXyAqkuks/,0,0,0,-1,NaN
222,pigeonsloversofallkinds,2025-10-24T12:03:18.000Z,"Rubella 🕊️🥰 By  @my_rare_colored_racing_pigeons   R  U  B  E  L  L  A  #rubella #rubellapigeon #color #pigeon  #palomas #birds #animals #fblifestyle #tauben #duiven #kabootar #güvercin #birdlife",https://www.instagram.com/p/DQMPfvXjNKt/,0,0,207,-1,NaN
223,nimlamk,2025-10-19T21:11:34.000Z,"day 2 supervision for measle and rubella campaign in bassa LGA plateau State.  #National Primary Health Care Development Agency (NPHCDA)  #PFMO_NG  #vaccinateYourChild #Measle #Rubella #PlateauBassa",https://www.instagram.com/p/DQAWRGnDAiy/,0,0,2,-1,NaN
224,who.searo,2025-10-14T09:52:29.000Z,"#Nepal 🇳🇵 was awarded at #RC78 for eliminating #rubella — a disease associated with birth defects, still births and more.  Dr Tedros Adhanom Ghebreyesus, WHO Director-General, and Dr Catharina Boehme, Officer-in-Charge, WHO South-East Asia, presented the award.   #RubellaElimination #HealthForAll #WHOSEARO #PublicHealth",https://www.instagram.com/p/DPyQkb0FPSz/,0,0,87,-1,NaN
225,debunkers_2005,2025-10-13T13:48:05.000Z,"Cool people get vaccinated 💉🦠😎 #getvaxed #debunkerz #fakenews #autismawareness #mmr #mumps #measels #rubella #science #tcd #radiationtherapy #peq for more information please visit https://www2.hse.ie/conditions/mmr-vaccine/ https://www2.hse.ie/conditions/autism/about-autism/autism/ https://www.nature.com/articles/4001181 https://www.hse.ie/eng/health/immunisation/hcpinfo/othervaccines/rubella/ http://acpjournals.org/doi/full/10.7326/M18-2101",https://www.instagram.com/p/DPwGvogjMU9/,10,0,8,-1,NaN
226,pale.bluehome,2025-10-17T12:07:09.000Z,"💉💪🌊 Measles and rubella have been eliminated in Japan and Pacific island countries! Through public health initiatives and efforts to deliver vaccines to island communities across geographic and logistic barriers, the 21 countries in the WHO’s Western Pacific region and Japan have proven remarkable progress in this achievement. While access to health services must continue to be addressed to sustain these gains, this development is still a step towards protecting children and communities against these preventable diseases!  https://buff.ly/LJGmINc  #measles #rubella #vaccinessavelives #publichealth #vaccination #vaccines #virology #immunity #health #childrenshealth #infectiousdisease #infectiousdiseases",https://www.instagram.com/p/DP6OXMgCCw-/,0,0,0,-1,NaN
227,sonamm_patel,2025-10-10T14:19:42.000Z,"Non verbal doesn't mean non- feeling  Non verbal doesn't mean non-understanding  Non verbal doesn't mean non- functioning   Non verbal just means there's another way to communicate, there's another way to express and another way to understand.   #autism #adhd #autismmom #rubella #congenitalrubellasyndrome #specialneedsparenting #specialneedskids #specialneedsmom #nonverbalcommunicationskills",https://www.instagram.com/p/DPob-nOAQZB/,47,0,3,-1,NaN
228,healthnika,2025-10-21T14:31:19.000Z,"#GatesFoundation backs Kaduna’s #measles, #rubella campaign https://healthnika.com/2025/10/21/gates-foundation-backs-kadunas-measles-rubella-campaign/",https://www.instagram.com/p/DQEyCXniLRD/,0,0,0,-1,NaN
229,_bukenzio,2025-10-09T16:35:49.000Z,"💉Its another Immunization Day 💃🏻🥰Vaccinating more children — together we’re building community immunity against Measles and Rubella 🥰   #vaccination #MR #healthychildrenbrightfuture #measles #rubella #measlesrubellafreenaija #integratedcampaign #oysphcb #phc #healthyliving",https://www.instagram.com/p/DPmGwq3CHxG/,0,0,7,-1,NaN
230,rumahbersalinberuntung,2025-10-09T23:00:49.000Z,"💉SUNTIKAN VAKSIN PERCUMA💉  Pusat Rawatan AMC akan bekerjasama dengan Klinik Ibu & Anak Bukit Sentosa, PKD Hulu Selangor untuk Program Vaksin Campak & Rubella Tambahan (MRSIA) 💉  👉 Program ini untuk kanak-kanak yang lahir antara 1 Ogos 2020 – 31 Januari 2025.Tujuan utama vaksin ini ialah untuk melindungi anak-anak kita daripada wabak campak dan rubella yang semakin meningkat di Malaysia.  📅 10 Oktober 2025 (Jumaat) 🕘 9.00 pagi – 4.00 petang 📍 Pusat Rawatan AMC  Kami sangat menggalakkan ibu bapa untuk bawa anak bagi menerima suntikan vaksin tambahan ini bagi memastikan perlindungan imunisasi lengkap ❤️  Sila buat pendaftaran di pautan link berikut:  Link Pendaftaran Program Vaksin Campak & Rubella Tambahan (MRSIA) 💉 https://forms.gle/Ssh89yMAkKUhPfFQ6  📞 Untuk Pertanyaan Lanjut: 📱 +60 17-328 0918 | +60 11-3554 1910 📍 Lokasi: Bukit Sentosa, Rawang, Selangor 📍 Alamat Penuh: No. 43 & 45, Jalan Orkid 2B, Seksyen BS2, Bukit Sentosa, 48300 Rawang, Selangor  #PusatRawatanAMC #KKM #VaksinMR #MRSIA #KesihatanAnak #ImunisasiTambahan #CegahCampak #Rubella #HuluSelangor #pusatscannomborsatuhuluselangor",https://www.instagram.com/p/DPmy0bDDs_K/,0,0,1,-1,NaN
231,msagz99,2025-10-11T19:46:46.000Z,"My pretty girl. #ruby #ruru #ru #rubella #labrador #blacklabsofinstagram #blacklabrador #dogs #eye #almondeyes #pooches #mygirl",https://www.instagram.com/p/DPrmNARkiJQ/,0,0,12,-1,NaN
232,pigeonsloversofallkinds,2025-10-12T02:03:20.000Z,"By Remzi Vatansever  W  X  .  #fblifestyle #pigeon #rubella #rubellapigeon #reduced  #spread #paloma #palomas #piccioni #güvercin #kabootar #duif",https://www.instagram.com/p/DPsRTBvjSBS/,0,0,237,-1,NaN
233,learning_with_dr.emi,2025-10-10T15:03:27.000Z,"It's Here! The FREE MR Vaccine & A Live Session Just For You. ❤️   Over the past few months, we've been on a mission: to keep our kids safe from Measles and Rubella. We've talked about the risks, and most importantly, the power of vaccination to prevent them.   The great news? The MR vaccine is now available for FREE in all our health centers! 🎉   We know you might have questions, and you may have heard some confusing things. That's why we're going LIVE!   We're sitting down to answer EVERYTHING: ➡️Is the vaccine safe? ➡️Why does my child need it? ➡️Let's bust those scary myths together!   No question is too small. We're here to give you the facts, so you can make the best decision for your child's health.   Mark your calendar and join the conversation! 📅 Saturday, 11th October, 2025 ⏰7:00 PM 📍Instagram Live  Let's protect our future, together.   #ProtectOurKids #VaccinesSaveLives #Parenting #HealthTalk #Measles #Rubella #AskTheExpert",https://www.instagram.com/p/DPog_BYiAvT/,1,0,14,-1,NaN
234,bplabline,2025-10-17T12:00:06.000Z,"🌍 U.S. Measles Cases Hit a 33-Year High  As of October 2025, the CDC reports 1,596 confirmed cases of measles across 42 jurisdictions — the highest count in over three decades.  📍 South Carolina has quarantined 153 unvaccinated students for 21 days after school-based exposure, with 16 confirmed cases statewide — all unvaccinated. Similar outbreaks in Texas and New Mexico led to hundreds of infections and multiple deaths.  At BP LabLine, we’re helping labs and health agencies respond faster with accurate, rapid molecular diagnostics.  🔬 Measles & Rubella Viruses qPCR Kit • Dual-target detection for Measles and Rubella • High sensitivity & specificity • Internal control for validated results • Ideal for surveillance & outbreak testing  💡 Order now: Measles & Rubella Viruses qPCR Kit  https://bplabline.com/products/measles-and-rubella-viruses-real-time-pcr-kit  📦 $360 / 50 tests • Ships in 1–3 days for in-stock orders  #BPLabLine #Measles #Rubella #qPCR #PublicHealth #MolecularDiagnostics #DiseaseSurveillance #Epidemiology #InfectiousDiseases #HealthInnovation",https://www.instagram.com/p/DP6NjqHlDvY/,1,0,0,-1,NaN
235,fishe_ng,2025-10-19T16:01:39.000Z,"Benue Govt Vaccinates 300 Yelewata IDPs Against Measles And Polio  The #BenueStateGovernment has vaccinated more than 300 children at the temporary Internally Displaced Persons (#IDPs) camp housing displaced residents from #Yelewata against measles, #rubella, and #polio. Read more:https://news.gofishe.com/benue-govt-vaccinates-300-yelewata-idps-against-measles-and-polio/",https://www.instagram.com/p/DP_yzFzDIJd/,0,0,0,-1,NaN
236,medquizzone,2025-10-18T18:26:09.000Z,"Rubella (German Measles) — a mild viral illness that can have serious consequences if contracted during pregnancy 🤰  It spreads via respiratory droplets 💨 and presents with a low-grade fever, rash starting on the face spreading to the trunk, and posterior cervical lymphadenopathy.  💡 Prevention is key — MMR vaccination protects against Rubella! 💉  👩‍⚕️ Stay informed. Stay protected.  👉 Follow @medquizzone for more medical insights and visual learning! . . . . . . . . #rubella #germanmeasles #infectiousdiseases #rash #clinicalmedicine #usmle #plab #medquizzone #viralrash #mmrvaccine #pediatrics #publichealth #medicaleducation #medicalstudents #usmlestep1 #doctorlife #medicos #medstudy #pathology #preventivedisease",https://www.instagram.com/p/DP9eipfguBj/,1,0,92,-1,NaN
237,insideout.homeopathy,2025-10-21T18:00:59.000Z,"🌱 Within homeopathy we support the process, in a healthy, stable condition within our home.   Aconite, pain in the eyes, rashes that itch and burn, thirsty for cold water, worse for warmth and better for fresh air and for uncovering   Apis, worse for heat and pressure, the rash is slow to develop or is suppressed better in general for fresh air and cold drinks   Belladonna, fever may see signs of delirium, or even convulsions, sore throat and dry nose, the rash can come quickly and eyes can be very sensitive to light and throbbing head aching   Gelsemium, slower onset of symptoms, cough and coryza, can hardly move, and rash is itchy hot and dry   Morbillinum, this is the nosode and this can be used and a prophylactic (preventative aka the homeopathic 💉)  Merc sol, rhus tox, carbo veg, pilocarpus, calc carb, bryonia, arsenicum, plus many more that can help support the body, the essence is the whole child; what's presenting for them, how they are mentally and emotionally what the rash looks like etc will reflect the chosen remedy.   This is not Medical advice, this is information on MMR, how our bodies work and homeopathic perspective to help support the process.   Katie 🌱   #rash #measles #apis #bryonia #fever #mumps #rubella #morbillinum #gelsemium #lachesis #arsenicum #mercsol",https://www.instagram.com/p/DQFKC5ikuJz/,0,0,3,-1,NaN
238,health.academy.online,2025-10-17T09:40:23.000Z,"Understanding the 4T’s of Rubella Vaccination has dramatically reduced cases of rubella across the UK and worldwide, but maintaining high levels of immunity remains essential. While rubella most often causes mild illness, infection during pregnancy can have devastating effects on the developing baby, reminding us why ongoing awareness and vaccination are so important.  At Health Academy, we use the 4T’s Framework to help break down the key facts about vaccine-preventable diseases covered in the UK immunisation schedule:  🔹 Type 🔹 Transmission 🔹 Threat 🔹 Treatment & Prevention  Let’s explore rubella using this approach. ✨ Read the full blog here: https://healthacademyonline.co.uk/understanding-the-4ts-of-rubella/ 📺 Subscribe to our YouTube channel for free training videos & health updates: https://www.youtube.com/@healthacademyuk #Rubella #MMR #VaccinesWork #HealthAcademyUK #PublicHealth #NurseEducation #CPD #4TsFramework #Immunisation #VaccineAwareness #InfectionPrevention",https://www.instagram.com/p/DP59k1xDIP0/,0,0,1,-1,NaN
239,raaonline_medinfopedia,2025-10-07T11:31:53.000Z,"Lecture Update in General Medicine - RNA Viral Infections Part 5 - Ebola & Marburg Viruses by Dr. K. Adhiti on RAAONLINE App.   For more Details Contact: +91-9994994266  #raaonline #freelecture #rapidrevision #lectureupdate #rubella #medicianaexamlectures #medicinenotes #medicalupdates  #medicine #medicalstudent #medicaleducation #RNA #measles #medicine_knowledge #infectiousdisease #viralinfections  #ebola #marburg #viruses",https://www.instagram.com/p/DPgaYxVj9P_/,0,0,15,-1,NaN
240,pigeonsloversofallkinds,2025-10-03T06:05:28.000Z,"The latest production of Mr. Eduard Vâjâiac , who I consider the king of pigeon color production 👑🕊️🖍️🎨 🕊️👌 : Gimpel Bronze & Ember & Pale & Toy Stencil & het Frill Stencil & het Rubella  #king #pigeon #pigeons #color #colors #art #gimpel #bronze #fblifestyle #ember #pale #toystencil #frillstencil #stencil #rubella #paloma #dove #porumbei #romania",https://www.instagram.com/p/DPVh2oGDGcF/,1,0,388,-1,NaN
241,beritabongkah,2025-10-02T05:14:40.000Z,"Waktu pelaksanaan imunisasi vaksin Measles Rubella (MR) tinggal tiga bulan lagi, namun capaian di Kabupaten Jombang, Jawa Timur masih belum maksimal. Hingga awal Oktober, sebagian target imunisasi masih berada di bawah 50 persen.   Berdasarkan data Dinas Kesehatan, vaksin MR pertama ditargetkan menyasar 19.855 bayi usia 9 bulan. Hingga kini, 17.364 bayi sudah mendapat imunisasi atau setara 72 persen.   Untuk MR kedua yang menyasar 19.931 bayi usia 18 bulan, capaiannya baru 9.599 bayi atau 48 persen.   Sementara itu, MR ketiga bagi 19.032 siswa kelas 1 SD sudah mencapai 88 persen, dengan jumlah penerima 16.775 siswa.  Hexawan juga menjelaskan, vaksin MR sangat penting untuk meningkatkan kekebalan tubuh anak, khususnya balita yang rentan terhadap virus campak dan rubella.  “Vaksin MR dapat diberikan di pos imunisasi atau posyandu, juga di puskesmas, maupun sekolah untuk anak usia sekolah,” jelasnya.  Dinas Kesehatan mencatat hingga Mei 2025 ada dua anak terpapar campak dan dua anak terpapar rubella. Untuk mencegah penyebaran lebih luas, pihaknya melakukan sweeping dan imunisasi kejar.  Ke depannya harus diperbaiki biar tidak ada yang terpapar.  Selengkapnya di bongkah.id  ------ #kesehatan #imunisasi #vaksinasi #vaksinmeaslesrubella #viruscampak #viruscampakrubella #rubella #dinkesjombang #pemkabjombang #beritajombang #beritabongkah @dinkes.jombang",https://www.instagram.com/p/DPS3Po4kcaO/,0,0,2,-1,NaN
242,your_local_epidemiologist,2025-10-07T21:49:16.000Z,"A lot of people have genuine questions about routine vaccines. Between headlines, politics, and fear, it can be hard to find nuanced answers.  So we put this together to answer some of the biggest questions we hear: ✔️ Did sanitation and nutrition, not vaccines, really stop measles? ✔️ Why do we require vaccines for diseases that aren’t even endemic here anymore, like rubella? ✔️ Do the benefits of measles vaccination still outweigh the risks, given today’s low case counts? ✔️ Why does every U.S. baby get the hep B vaccine, even if their family seems “low risk”? ✔️ Why does the U.S. recommend universal vaccination when other countries target only certain groups?  Bottom line: vaccines are often victims of their own success. They’ve quietly prevented infections, disabilities, and deaths we no longer see. They remain one of the strongest public health protections we have.  We can’t reiterate this enough: Parents don’t need fear. They deserve clarity, nuance, and empowerment to make the best choices for their families.  Want the in-depth answers to these questions? Comment “VaccineFAQ” and we’ll send the full newsletter your way. Plus, gain access to a PDF version of the top 14 FAQs on routine vaccinations by upgrading to a paid newsletter subscriber!  Love, @your_local_epidemiologist & @kmpanthagani   #flu #rubella #RSV #MMR #measles",https://www.instagram.com/p/DPhhCtWCbwS/,7,0,262,-1,NaN
243,aquatreattherapy.id,2025-10-04T01:56:17.000Z,"Bukan cuma segar, ternyata air kelapa punya segudang manfaat untuk wanita!  Mulai dari kulit glowing, pencernaan lancar, sampai bantu jaga berat badan. Siapa nih yang rutin minum air kelapa? 🙋‍♀️✨  #manfaatairkelapa   Kontak Info:  (0274) 384513 (Kantor) 0813 2883 5677 (Ibu Andar) 0821 3867 6264 (Mbak Nuri) 0896 6944 4387 (mba Diyah)  #Aquatreattherapy #Aquatreattherapyindonesia #AQTI  #TORCH #TORCHdanSolusinya  #Tokso #rubella",https://www.instagram.com/p/DPXqIZ5iSaZ/,0,0,13,-1,NaN
244,thehealingtouch1,2025-09-30T12:09:09.000Z,"6️⃣ Classic Disease  . . . #thehealingtouch1 #nursingstudent #aiimsdelhi #nurses #bscnursing #nursing #norcet #nurselife #neetstudents #mbbs #pharmacy #dmlt #bds #medicalstudent #norcet #AIIMS #nursing #gnm #anm #bsc #bscnursing #physiotherapy #labtechnician #hospitals #trending #viral #viralreel #disease #measlesoutbreak #rubella",https://www.instagram.com/p/DPOdFlvgTke/,0,0,3,-1,NaN
245,atomturba,2025-09-30T11:39:59.000Z,"Training Personnel in Preparation for Measles-Rubella Vaccine Campaign.  This Tuesday, 30th September 2025, health workers and recorders begin training at Nizamiya primary school zuru.  The training which aims at Measles-Rubella Vaccine campaign scheduled to commence from October 6, will educate health and recorders on how to effectively carry out the exercise.  Stay tuned ✍️✍️  #rubella  #UNICEF  #primaryhealthcare  #vaccine  #PolioEradication",https://www.instagram.com/p/DPOZv_UDHCf/,9,0,34,-1,NaN
246,raaonline_medinfopedia,2025-10-08T06:47:37.000Z,"Lecture Update in General Medicine - HIV Part 2 - Clinical Features & Sraging Part 1B, 1C, 1D, 1E, 1F by Dr. K. Adhiti on RAAONLINE App.   For more Details Contact: +91-9994994266  #raaonline #freelecture #rapidrevision #lectureupdate #rubella #medicianaexamlectures #medicinenotes #medicalupdates #medicalstudent #medicaleducation #medicine_knowledge #medicine #infectiousdisease #HIV",https://www.instagram.com/p/DPiepr1Dwmi/,0,0,17,-1,NaN
247,dalhatoo,2025-10-04T19:01:02.000Z,"💉 Why do we vaccinate children against Rubella instead of women?  👶 Children may not get very sick, but they can unknowingly spread rubella to pregnant women. 🤰 For pregnant women, rubella is dangerous — it can cause miscarriage or serious birth defects. 🛡️ By vaccinating children, we stop transmission early, build herd immunity, and protect future mothers and babies.  ✅ Childhood MR vaccine = lifelong protection. ❌ Rubella vaccine is unsafe during pregnancy, so women can’t be the main focus.  👉 Protect kids today, protect mothers tomorrow.  #Rubella  #Vaccination  #PublicHealth",https://www.instagram.com/p/DPZfZ24Dj65/,0,0,0,-1,NaN
248,fct.phcb,2025-10-02T18:12:54.000Z,"Health Educators @ Vision Fm for a live interactive radion discussion to sensitize FCT residence on the forthcoming coming Integrated Vaccination Campaign.#Measles#Vaccination#Rubella",https://www.instagram.com/p/DPUQTn5DG48/,1,0,8,-1,NaN
249,omeyhochiendai,2025-09-30T23:53:05.000Z,"Hiểu rõ triệu chứng và cách chăm sóc trẻ bị sởi, rubella 👉 https://ome.edu.vn/khoa-hoc/huong-dan-theo-doi-va-cham-soc-benh-phat-ban-o-tre-soi-va-rubella  #Sơi #Rubella #SucKhoeTreEm #OMEVietNam",https://www.instagram.com/p/DPPtpWdkrjN/,0,0,0,-1,NaN
250,fct.phcb,2025-10-08T15:01:38.000Z,"Amac flag off of the 8th to 16th  October 2025 Integrated Vaccination Campaign @Aleita Primary school, kabusa Ward . In attendance is the  D G NPHCDA  Dr. Muyi Aina,the Executive Secretary FCT PHCB and other Partners .#Rubella#measles#vaccination",https://www.instagram.com/p/DPjXL-rDGtO/,0,0,35,-1,NaN
251,pusatrawatanamc,2025-10-08T23:45:41.000Z,"💉SUNTIKAN VAKSIN PERCUMA💉  Pusat Rawatan AMC akan bekerjasama dengan Klinik Ibu & Anak Bukit Sentosa, PKD Hulu Selangor untuk Program Vaksin Campak & Rubella Tambahan (MRSIA) 💉  👉 Program ini untuk kanak-kanak yang lahir antara 1 Ogos 2020 – 31 Januari 2025.Tujuan utama vaksin ini ialah untuk melindungi anak-anak kita daripada wabak campak dan rubella yang semakin meningkat di Malaysia.  📅  10 Oktober 2025 (Jumaat) 🕘  9.00 pagi – 4.00 petang 📍  Pusat Rawatan AMC  Kami sangat menggalakkan ibu bapa untuk bawa anak bagi menerima suntikan vaksin tambahan ini bagi memastikan perlindungan imunisasi lengkap ❤️  Sila buat pendaftaran di pautan link berikut:  Link Pendaftaran Program Vaksin Campak & Rubella Tambahan (MRSIA) 💉 https://forms.gle/Ssh89yMAkKUhPfFQ6   📞 Untuk Pertanyaan Lanjut: 📱 +60 17-328 0918 | +60 11-3554 1910 📍 Lokasi: Bukit Sentosa, Rawang, Selangor 📍 Alamat Penuh: No. 43 & 45, Jalan Orkid 2B, Seksyen BS2, Bukit Sentosa, 48300 Rawang, Selangor  #PusatRawatanAMC #KKM #VaksinMR #MRSIA #KesihatanAnak #ImunisasiTambahan #CegahCampak #Rubella #HuluSelangor #pusatscannomborsatuhuluselangor",https://www.instagram.com/p/DPkTKJfDhNT/,0,0,0,-1,NaN
252,fct.phcb,2025-09-30T14:14:03.000Z,"Vaccination is  a safe  and effective way  to protect children against diseases .Therefore, let's join hands in the upcoming October 2025 massive integrated Vaccination Campaign to  achieve this goal. #Vaccination#MeaslesPrevention#Rubella Copied",https://www.instagram.com/p/DPOrYfSDIRV/,0,0,55,-1,NaN
253,fct.phcb,2025-10-06T18:28:42.000Z,"Sensitization meeting with Religious Leaders @ ECWA Church Area 1 on the 8th to 16th October Integrated Vaccination Campaign in FCT.#Rubella#Measles#Vaccination",https://www.instagram.com/p/DPelSxfDCLX/,0,0,11,-1,NaN
254,pigeonsloversofallkinds,2025-10-05T12:02:41.000Z,"Beautiful Colors 👌🕊️❤️‍🔥 By Alex Kok Buchon Morrillero If you know the name of the color, write it to us in a comment.  . #pigeon #paloma #fblifestyle #almond #qualmond #almondpigeon #qualmondpigeon #stipper #stipperpigeon #paloma #taube #dove #tauben #piccioni #kabootar #güvercin #porumbei #andalusian #rubella #indigo #opal #dominant",https://www.instagram.com/p/DPbUUodD0br/,4,0,2244,-1,NaN
255,immunize.ca,2025-10-08T16:00:16.000Z,"For health care professionals | Pocket Guide for Immunizers: #Measles, #Mumps, and #Rubella Vaccination | https://immunize.ca/sites/default/files/Resource%20and%20Product%20Uploads%20(PDFs)/Products%20and%20Resources/Measles/Pocket%20Guide/mmr_pocketguide_web_e.pdf #MMR #VaccinesWork #VaccinesSaveLives #GetImmunized",https://www.instagram.com/p/DPjd35Vjavu/,0,0,4,-1,NaN
256,healthstatdmc,2025-10-07T07:01:23.000Z,"Ask Health Stat: Do adults need the MMR vaccine too? 💉✨  Yes — even adults might still need protection from Measles, Mumps, and Rubella (MMR). If you were born in 1989 or later, haven’t completed two doses, or aren’t sure about your immunity, it’s best to check your vaccination records or get tested.  ✅ Protects against serious viral infections that can cause fever, rash, and complications ✅ Recommended for students, healthcare workers, and travelers ✅ Not advised during pregnancy — but important after giving birth ✅ One of the safest, most effective vaccines for long-term protection  Keep your vaccination card up to date and protect the people around you — especially newborns, seniors, and those with weak immune systems. ❤️  🌐 https://healthstat.ph  📍 Available at Health Stat Diagnostic and Medical Clinic, Co.  💉 MMR vaccination and consultations now open for adults and children.  👉 Walk in or book online today for your vaccination. 👉 Need directions to our Marikina branch? https://bit.ly/4lwY544  👉 Need directions to our Antipolo branch? https://bit.ly/42kEkFr  #MMRVaccine #Measles #Mumps #Rubella #VaccinationPH #Immunization #AdultVaccine #ChildVaccine #VaccineAwareness #HealthcarePH #HealthClinic #Marikina #Antipolo #DiscoverBetterCare #HealthStat #YourHealthStat #ForTheMindfulPatient",https://www.instagram.com/p/DPf7bl9Dmfz/,0,0,0,-1,NaN
257,mahahealthiec,2025-09-25T06:34:12.000Z,"आरोग्य विभाग, जिल्हा परिषद पालघर गोवर-रुबेला लसीकरण मोहिम २०२५  दिनांक २४/०९/२०२५ रोजी प्रा. आ. केंद्र धुंदलवाडी अंतर्गत शासकीय आश्रमशाळा चिंचले येथे आश्रमशाळेतील ५ ते १५ वर्ष वयोगटातील बालकांना गोवर-रुबेला लसीकरणाची अतिरिक्त मात्रा देण्यात आली.  या मोहिमेत प्रा. आ. केंद्र धुंदलवाडी येथील वैद्यकीय अधिकारी डॉ. सिद्धी मटकर, भरारी पथकातील डॉ. योगेश गायकवाड, डॉ. अमित तुर्काने, डॉ. सिराज शेख; समुदाय आरोग्य अधिकारी – हेमेंद्र, रमीला, भाग्यश्री, विनी, अमोल; HA – विजय जाधव, LHV – काटेला व कविता; तसेच सर्व एएनएम, एमपीडब्लू, बीएफ, आशा कार्यकर्त्या उपस्थित होत्या.  याशिवाय आश्रमशाळेच्या मुख्याध्यापिका, अधीक्षक, अधिक्षिका व शिक्षकवृंद यांनी सक्रिय सहकार्य केले.   एकूण ३५० बालकांचे लसीकरण यशस्वीरित्या पूर्ण झाले.  #Measles #rubella #MRVaccination #VaccinationDrive #Palghar #PublicHealthDepartment #GovernmentOfMaharashtra",https://www.instagram.com/p/DPA-x9cCbsL/,0,0,51,-1,NaN
258,theheraldhubng,2025-09-23T12:10:58.000Z,"Jigawa Partners Media to Drive Measles-Rubella Vaccination Campaign  The Jigawa State Primary Health Care Development Agency has joined forces with media professionals to boost awareness of the...  #theheraldhub #Jigawa #Measles #Rubella  Click the link in our bio to read more.  Stay ahead of the story, follow @theheraldhub for real-time update",https://www.instagram.com/p/DO8buxIjB0N/,0,0,0,-1,NaN
259,fuforephca,2025-09-22T09:57:31.000Z,"While rubella infection is often mild in adults, in pregnancy it can change a child’s life forever.   The safest way to prevent this is by getting the MMR vaccine before pregnancy, protecting both mother and baby.  #rubella #HealthForAll  📷N_A",https://www.instagram.com/p/DO5nqeNiJuW/,0,0,0,-1,NaN
260,pcsh1904,2025-09-19T09:36:44.000Z,"💉 𝗙𝗿𝗲𝗲 𝗠𝗲𝗮𝘀𝗹𝗲𝘀 & 𝗥𝘂𝗯𝗲𝗹𝗹𝗮 (𝗠𝗥) 𝗩𝗮𝗰𝗰𝗶𝗻𝗮𝘁𝗶𝗼𝗻 𝗳𝗼𝗿 𝗞𝗶𝗱𝘀 🦠  Measles spreads easily through coughing and sneezing. It begins with fever, cough, runny nose and red eyes, followed by a rash and may cause serious complications such as pneumonia, ear infections or brain swelling.  Vaccination is the safest way to protect your child, providing strong, lasting immunity and preventing outbreaks.  Good news! Complimentary MR vaccination is available for children born between August 2020 - January 2025, aged 6 months to 59 months at PCSH.  📅 Date: Wednesday, 24 Sept 2025 ⏰ Time: 9:00 am – 4:00 pm 📍 Venue: Level 2, Main Wing, Perak Community Specialist Hospital  📕 Please bring along your Child Health Record Book (0–6 years) during your visit.  🚸 Protect your child, protect our future.  #PCSH #PerakCommunitySpecialistHospital #AffordableQualityHealthcare #Measles #Rubella #VaccinationProgramme #Vaccine #VaccineforKids",https://www.instagram.com/p/DOx25rsEwkX/,0,0,2,-1,NaN
261,whowpro,2025-09-26T08:10:04.000Z,"Great news! Rubella elimination has been verified in #Japan, and #measles and #rubella elimination has been verified in 21 Pacific island countries and areas. 👏  These significant achievements mark meaningful progress in protecting children and communities across the Western Pacific Region from these preventable diseases.  Read more about it at the link in bio.",https://www.instagram.com/p/DPDujCnADaZ/,2,0,43,-1,NaN
262,bukittinggi_medicalcentre,2025-09-30T01:30:33.000Z,"FREE Vaccination and HPV Screening at BTMC! 🤩 𝙑𝙖𝙠𝙨𝙞𝙣𝙖𝙨𝙞 𝙙𝙖𝙣 𝙎𝙖𝙧𝙞𝙣𝙜𝙖𝙣 𝙃𝙋𝙑 𝙋𝙀𝙍𝘾𝙐𝙈𝘼 𝙙𝙞 𝘽𝙏𝙈𝘾! 🤩  Keeping our community healthy starts with prevention. 🛡 In support of the National Immunization Programme with the Ministry of Health, we are inviting those who are eligible to join our FREE vaccination & screening programme as follows:  🗓 4 October 2025 (Saturday) ⏰ 9:00am – 1:00pm 📍 General Ward Level 5, Bukit Tinggi Medical Centre  What’s available?: 👶 Measles-Rubella (MR) Vaccine – For all children aged 6 months to 59 months 𝙑𝙖𝙠𝙨𝙞𝙣 𝙈𝙚𝙖𝙨𝙡𝙚𝙨-𝙍𝙪𝙗𝙚𝙡𝙡𝙖 (𝙈𝙍) - 𝙐𝙣𝙩𝙪𝙠 𝙨𝙚𝙢𝙪𝙖 𝙠𝙖𝙣𝙖𝙠-𝙠𝙖𝙣𝙖𝙠 𝙗𝙚𝙧𝙪𝙨𝙞𝙖 6 𝙗𝙪𝙡𝙖𝙣 𝙝𝙞𝙣𝙜𝙜𝙖 59 𝙗𝙪𝙡𝙖𝙣  👴👵 Influenza Vaccine – For Malaysian senior citizens aged 60 and above 𝙑𝙖𝙠𝙨𝙞𝙣 𝙄𝙣𝙛𝙡𝙪𝙚𝙣𝙯𝙖 - 𝙐𝙣𝙩𝙪𝙠 𝙨𝙚𝙢𝙪𝙖 𝙬𝙖𝙧𝙜𝙖 𝙚𝙢𝙖𝙨 𝙬𝙖𝙧𝙜𝙖𝙣𝙚𝙜𝙖𝙧𝙖 𝙗𝙚𝙧𝙪𝙢𝙪𝙧 60 𝙩𝙖𝙝𝙪𝙣 𝙙𝙖𝙣 𝙠𝙚 𝙖𝙩𝙖𝙨  👩 HPV Screening – For Malaysian women aged 30 to 65 years 𝙎𝙖𝙧𝙞𝙣𝙜𝙖𝙣 𝙃𝙋𝙑 - 𝙐𝙣𝙩𝙪𝙠 𝙨𝙚𝙢𝙪𝙖 𝙬𝙖𝙣𝙞𝙩𝙖 𝙬𝙖𝙧𝙜𝙖𝙣𝙚𝙜𝙖𝙧𝙖 𝙗𝙚𝙧𝙪𝙢𝙪𝙧 30 𝙩𝙖𝙝𝙪𝙣 𝙝𝙞𝙣𝙜𝙜𝙖 65 𝙩𝙖𝙝𝙪𝙣  ✅ Don’t forget to bring your child’s vaccination book and your MyKad/IC. 📲 Scan the QR codes to register today!  Let’s protect our community together 💙   #BukitTinggiMedicalCentre #Klang #AsiaOneHealthcare #AsiaOneHealthCare #A1Health #RightHereForYou #CSR #Community #HPVScreening #FreeVaccination #Influenza #Measles #Rubella #HPV",https://www.instagram.com/p/DPNUAbCk8yZ/,1,0,22,-1,NaN
263,steve.yanko,2025-09-23T18:08:56.000Z,"#vaccinessavelives #vaccinateyourbaby #severaldiseases #prevented #polio #measles #mumps #chickenpox #rubella #pertusus #savelives #btw #pertus #wearsoff #withage",https://www.instagram.com/p/DO9Esq6AZ-c/,1,0,19,-1,NaN
264,ifa.org.au,2025-09-27T01:00:15.000Z,"If you are planning to have a baby, try to have your routine vaccinations up to date before you become pregnant.  Book an appointment to speak with your health professional. They may order a blood test to check your immunity to some diseases (including #rubella, #chickenpox and #hepatitis B) to see if you are protected. Based on the results, your health professional may recommend some #vaccines.  You can get the #influenza, #whoopingcough (#pertussis) and respiratory syncytial virus (#RSV) vaccines for free while you are pregnant through the National Immunisation Program (#NIP).  You can safely have the NIP influenza, whooping cough and maternal RSV vaccine in the same visit as recommended by your health professional.  COVID-19 vaccines can also be given at the same time as NIP maternal #vaccines if your health professional recommends it.  #ImmuniseForTwo #VaccinateInPregnancy #ProtectNewborns ##ImmuniseForTwo #VaccinateInPregnancy #ProtectNewborns ##vaccinesworkVaccinesWork",https://www.instagram.com/p/DPFiJv9kjai/,0,0,5,-1,NaN
265,rsgrhahusada,2025-09-26T01:49:29.000Z,"Halo Sobat Grahu  Lebih dari 150 kasus campak tercatat di Jawa Timur. Apabila penyakit campak diabaikan akan menimbulkan komplikasi serius seperti radang otak, pneumonia, dan diare. Hal ini menunjukkan bahwa campak bukan penyakit ringan.  Yuk, cegah sejak dini dengan vaksinasi campak hanya di Vaccine Center RS Grha Husada💉✨ @rspetrokimiagresik_ @rspg_driyorejo  @klinik_satelit @klinik_petrokimiagresik @klinikwringinanompgm @petrograhamedika  #vaksinasicampak #campak #rubella #vaksinasijawatimur #rsgrhahusada #rumahsakitgresik #rumahsakitjawatimur #infokesehatan #vaksinasianak",https://www.instagram.com/p/DPDC_mNDzsl/,0,0,11,-1,NaN
266,reallykazcooke,2025-09-26T03:21:37.000Z,"Updated reprints of 'Up The Duff' and 'Babies & Toddlers' have all the fact-checked info you need about immunisation/vaccination in Australia and how to keep pregnant people & little folk safe, including info on diseases to protect against, the truth about risks, & the recommended times to have 'em. Please don't be swayed by the nasty propaganda of proven liars, fanatics and the powerful but profoundly wrong grifters in American politics. I've been independently researching and interpreting public health advice for Australian families for 28 years. (Up The Duff first came out in 1999.) I make no money from any advice, product, service, sponsorship, arrangement, or position except a standard royalty on every book sold. Make your decision based on independent medical information and knowing the factual history and the known, proven science. I totally get it if you can't afford to buy a copy it - just ask your local library to get the latest reprint. I hereby authorise anyone to photocopy and share the immunisation info. Please throw away and don't lend or re-sell old copies of these books or the out-of-print 'Kidwrangling': they have old medical info in them and should be turned into recycling or compost! #measles #mumps #rubella #diphtheria #tetanus #retrovirus #flu #covid #polio #protectbabies #protectchildren #getthefacts #dotheresearch #immunisation #vaccination #UpTheDuff #mums #newmums #babies #toddlers #dads #newdads",https://www.instagram.com/p/DPDNiaziFIu/,1,0,43,-1,NaN
267,dr.saibhavani_paediatrician,2025-09-24T07:05:08.000Z,"These vaccines under NIS are compulsory and protect your child from deadly diseases. Check the schedule now!  ✅ They are provided absolutely FREE at all PHCs across India. 💉  Each dose builds your child’s immunity step by step, keeping them safe and healthy. 🍼 Don’t delay. Follow the schedule on time and give your little one the strongest protection for life  #drsaibhavani #paediatrics #paediatrician #pediatrician #firsttimeparents #childsafety #babyfood ##vaccine #vaccination #babyvaccine #babyvaccination #governmentvaccine #privatevaccine #awareness #parenting #parentingtips #newparents #newmom #pediatrician #doctoradvice #vaccinationawareness #viralreels #trendingreels #instagramreels #measles #rubella #chickenpox #  (Dr.Sai Bhavani, Paediatrician, Pediatrician, Neonatologist, Jaipur, Bengaluru, Hyderbad, Wardha, Mumbai, Rajastan, Andhra Pradesh, Paediatrician advice, Pediatrician advice, Pediatric advice, Healthy baby, Baby health, Baby food, Child development,vaccine, vaccination, baby vaccine, baby vaccination, government vaccine, private vaccine, awareness, parenting, parenting tips, new parents, new mom, pediatrician, doctor advice, vaccination awareness, Rubella, Measles, Chicken pox, typhoid, NIS schedule, Kids vaccination schedule, National Immunisation Schedule, Vaccine awareness)",https://www.instagram.com/p/DO-dhqbEi4w/,4,0,34,-1,NaN
268,pharma_cister,2025-09-21T13:19:12.000Z,"Measles VS Rubella 🦠  DISCLAIMER: all information mentioned is for educational purposes. Please see your doctor/pharmacist!   #fyp #rubella #measles #overthecounter #pharma #pharmacists #pharmacy",https://www.instagram.com/p/DO3Z8yFAmm_/,0,0,3,-1,NaN
269,healthnika,2025-09-29T12:37:20.000Z,"FG Begins Massive Roll-out of #Measles, #Rubella #Vaccine October 6 https://healthnika.com/2025/09/29/fg-begins-massive-roll-out-of-measles-rubella-vaccine-october-6/",https://www.instagram.com/p/DPL7gu9APNU/,0,0,0,-1,NaN
270,nyel_yves,2025-09-24T22:26:24.000Z,"School Based Immunization💉 #Measles #Rubella #Tetanus #Diphtheria Burauen Comprehensive NHS _Sept. 24, 2025  Thank you Rural Health Unit of Burauen❤️ We❤️DepEd Leyte",https://www.instagram.com/p/DPAG9QKEijW/,0,0,0,-1,NaN
271,fct.phcb,2025-09-28T09:20:25.000Z,"ACSM Team FCT PHCB and UNICEF @ a live Radio discussion programme on Love FM  104.5 Abuja  to sensitive FCT residents on the upcoming Integrated Vaccination Campaign.#Vaccination#Measles#Rubella",https://www.instagram.com/p/DPJAMCaDAxX/,1,0,15,-1,NaN
272,raaonline_medinfopedia,2025-09-24T07:05:07.000Z,"Lecture Update in General Medicine - RNA Viral Infections Part 3 - Measles. Mumps and Rubella - Part 1 & 2 by Dr. K. Adhiti on RAAONLINE App.   For more Details Contact: +91-9994994266  #raaonline #freelecture #rapidrevision #lectureupdate #rubella #medicianaexamlectures #medicinenotes #medicalupdates  #medicine #medicalstudent #medicaleducation #RNA #measles #medicine_knowledge #infectiousdisease #viralinfections #mumps",https://www.instagram.com/p/DO-dhlZDw_a/,0,0,17,-1,NaN
273,deepintocommunitymed,2025-09-19T17:27:29.000Z,"19.09.2025 🇳🇵Nepal did it. Can India? 🇮🇳  Rubella may seem like a harmless rash, but it threatens thousands of unborn lives every year. Nepal’s rubella-free status proves elimination is possible—even amidst natural disasters and limited resources.  India is close, but challenges remain: uneven coverage, surveillance gaps, and vaccine hesitancy. With 2026 as the target, the clock is ticking.  Swipe through this carousel to understand the stakes, the progress, and the path forward.  👉 What’s YOUR take—can India mirror Nepal’s triumph?  #RubellaElimination #PublicHealthIndia #VaccinesWork #CommunityMedicine #InfectiousDiseases #HealthPolicy #Nepal #IndiaHealthcare #MissionIndradhanush #ZeroRubella #GlobalHealth #publichealth #deepintocommunitymed #rubella #germanmeasles #paediatrics #vaccination #immunization #antenatalcare #pregnancy",https://www.instagram.com/p/DOysxivCrza/,0,0,29,-1,NaN
274,kliniksurgeridrchia,2025-09-28T14:49:13.000Z,"💍 #premaritalcheckup💍 For a Healthy Beginning, For a Lifetime Together ✨ Comprehensive blood & health #Check ✨ Liver, #kidney, #glucose & #UricAcid screening ✨ #cholesterol & heart health profile ✨ Infectious disease tests (#HIV, Syphilis, Hepatitis) ✨ Blood grouping & Rhesus typing ✨ Female add-on: #rubella IgG #antibody ✅ Safeguard your partner’s health ✅ Detect hidden conditions early ✅ Plan a healthier future #family 💍 婚前健康体检 💍 健康的开始，幸福的一生 ✨ 全面血液与健康检查 ✨ 肝功能、肾功能、血糖、尿酸检测 ✨ 胆固醇与心血管健康评估 ✨ 传染病检测（HIV、梅毒、乙肝） ✨ 血型 & Rh 因子分型 ✨ 女生专加：风疹病毒 IgG 抗体 ✅ 为伴侣的健康把关 ✅ 及早发现潜在问题 ✅ 为未来家庭做好准备 ⏰ 08.00 AM – 05.00 PM 📍 Klinik&Surgeri DR CHIA inanam ☎️ 010-2006276 / 088433276 #klinik&surgeridrchia #klinik #drchia #inanam #clinicnearme #klinikinanam",https://www.instagram.com/p/DPJl0TZk8hd/,0,0,5,-1,NaN
275,vasezahrada,2025-09-19T08:22:56.000Z,"✨ Skimmia japonica ‘Rubella’ ✨ Podzimní a zimní královna mezi okrasnými keři 🌿💫  ✔️ Stálezelená – krásná celoročně ✔️ Dekorativní poupata – už na podzim se objevují tmavě červené pupeny, které vydrží celou zimu ✔️ Voňavé květy – na jaře rozkvétají do jemně bílých kvítků ✔️ Do stínu i polostínu – ideální rostlina na záhony i do nádob  👉 Perfektní volba pro podzimní a zimní dekorace na terase, u vchodu nebo do zahrady. Stačí přidat vřesy, chryzantémy a podzimní listí a kouzelná kombinace je hotová 🍂🌸  Váš Pepa @josefvykrocil   VAŠE ZAHRADA HRNČÍŘE   #skimmia #rubella #skimmiajaponica #podzimnazahradě #zimnídekorace #okrasnékeře #stálezelené #podzim2025 #zahradnictvi #zahradniktipy #květiny",https://www.instagram.com/p/DOxudHWiLbp/,0,0,40,-1,NaN
276,kampungtunku,2025-09-29T08:51:54.000Z,"[English below; 中文往下] Imunisasi Measles & Rubella (MR) PERCUMA!  📆 5 Oktober 2025 (Ahad) ⏰ 8AM - 12PM 📍Dewan Serbaguna MBPJ SS3, Petaling Jaya (https://share.google/ZZCRBcTjmL6NTPIcu)  ✅ Syarat: 1.⁠ ⁠Kanak-kanak lahir pada 1 Ogos 2020 - 31 Januari 2025 2.⁠ ⁠⁠Bawa MyKid/MyKad/Passport ibu bapa 3.⁠ ⁠⁠Rekod kesihatan anak (jika ada) 4.⁠ ⁠⁠Terbuka kepada warganegara dan bukan warganegara  🔗 Daftar di sini bit.ly/imunisasimrkgt  Kongsikan dan hadir beramai-ramai!  FREE Measles & Rubella (MR) Immunisation!  📆 5 October 2025 (Sunday) ⏰ 8AM – 12PM 📍 MBPJ Multipurpose Hall, SS3, Petaling Jaya (https://share.google/ZZCRBcTjmL6NTPIcu)  ✅ Who can join: 1.⁠ ⁠Children born between 1 August 2020 – 31 January 2025 2.⁠ ⁠⁠Bring MyKid/MyKad/Parent’s Passport 3.⁠ ⁠⁠Child’s health record (if available) 4.⁠ ⁠⁠Open to Malaysians and non-Malaysians  🔗 Register here bit.ly/imunisasimrkgt  Spread the word and come join us!  免费麻疹与风疹（MR）疫苗接种！  📆 2025年10月5日（星期日） ⏰ 早上8时至下午12时 📍八打灵再也 SS3 MBPJ 多用途礼堂（Dewan Serbaguna MBPJ SS3）(https://share.google/ZZCRBcTjmL6NTPIcu)  ✅ 接种条件: 1.⁠ ⁠出生日期介于 2020年8月1日 至 2025年1月31日 的儿童 2.⁠ ⁠⁠携带 小孩MyKid / 父母MyKad / 护照 3.⁠ ⁠⁠携带孩子的健康记录（如有） 4.⁠ ⁠⁠开放给大马公民和非公民接种  🔗⁠ 点击链接注册： bit.ly/imunisasimrkgt  欢迎大家踊跃出席，也请分享给身边有需要的家庭！  #Measles #Rubella #StraightOuttaKgTunku #KitaSelangor #MalaysiaMadani #MadaniBekerja",https://www.instagram.com/p/DPLhuEqEpXt/,0,0,12,-1,NaN
277,shedrach_best,2025-09-22T08:29:21.000Z,"While rubella infection is often mild in adults, in pregnancy it can change a child’s life forever.   The safest way to prevent this is by getting the MMR vaccine before pregnancy, protecting both mother and baby.  #rubella #HealthForAll",https://www.instagram.com/p/DO5dkt6jJTu/,0,0,0,-1,NaN
278,dr_abiar,2025-09-24T06:37:46.000Z,"#سرخجه #rubella",https://www.instagram.com/p/DO-aZU7jqfx/,0,0,5,-1,NaN
279,jandohealth_pharmacy,2025-09-25T10:53:45.000Z,"Do you know that Pregnant women who come down with Rubella Virus can expose the unborn child to Blidness, Deafness and (Septal Defect) hole in the heart. The Good news is that MR vaccines provide immunity against measles and Rubella. @swapgov #fyp #rubella #mrvaccines",https://www.instagram.com/p/DPBcfD0CCB0/,0,0,0,-1,NaN
280,raaonline_medinfopedia,2025-09-25T07:18:52.000Z,"Lecture Update in General Medicine - RNA Viral Infections Part 4 - Rabies - Part 1 & 2 by Dr. K. Adhiti on RAAONLINE App.   For more Details Contact: +91-9994994266  #raaonline #freelecture #rapidrevision #lectureupdate #rubella #medicianaexamlectures #medicinenotes #medicalupdates  #medicine #medicalstudent #medicaleducation #RNA #measles #medicine_knowledge #rabies #infectiousdisease #viralinfections",https://www.instagram.com/p/DPBD5JHD6r0/,0,0,18,-1,NaN
281,vaccine.choice.canada,2025-09-17T13:13:43.000Z,"As of May 31, 2023, there have been more than 109,550 reports of vaccine reactions, hospitalizations, injuries and deaths following rubella-containing vaccinations made to the Vaccine Adverse Events Reporting System, including 507 related deaths.  In spite of the fact that disease experts have concluded that rubella has been eliminated in Canada, the rubella vaccine is still recommended at 12 months, and again at 18 months or 4 years of age.  Comment ""MMR"" to learn more about rubella, the MMR vaccine, and see the package inserts!  https://vaccinechoicecanada.com/diseases-vaccines/rubella/  #MMR #childrenshealth #rubella #childhoodillnesss #PublicHealthMatters",https://www.instagram.com/p/DOtGJNhE-SG/,34,0,201,-1,NaN
282,alis_loft_,2025-09-15T03:14:42.000Z,"#Rubella spread#Racing #rarecolorracingpigeons#pigeons#Pigeons#farm#ranch#Alis_Loft_",https://www.instagram.com/p/DOm4ADHkSAI/,1,0,8,-1,NaN
283,islandhospital,2025-09-15T01:39:49.000Z,"We are pleased to have collaborated with the Ministry of Health Malaysia (KKM) in supporting the Measles and Rubella (MR) Supplementary Immunisation Programme, which took place last Saturday at our Health Screening Centre.   This important initiative, in line with the World Health Organization’s (WHO) recommendations, aims to protect our little ones from preventable diseases. The vaccination programme was open to children aged 6 months to 59 months (5 years old), ensuring they receive early protection for a healthier future.   We are proud to play a part in safeguarding community health and will continue to support public health efforts that bring long-term benefits to families and children.  #IslandHospital #YourHealthcarePartner #IHHHealthcareMalaysia #FlagshipMedicalTourismHospital #PublicHealth #ChildHealth #VaccinationMatters #Immunisation #HealthyKids #PreventiveCare #CommunityHealth #ProtectTheFuture #Measles #Rubella #stopthespread KEMENTERIAN KESIHATAN MALAYSIA World Health Organization (WHO)",https://www.instagram.com/p/DOmtJK1ElUI/,3,0,103,-1,NaN
284,puskesmasbanjarsarimetro,2025-09-16T02:48:21.000Z,"🔍 Campak, Rubella, dan Roseola — Mirip tapi Beda! 🌡️👶  Ketiganya memang sama-sama menyebabkan ruam dan demam, tapi yuk kenali perbedaannya! ⬇️  📍 Campak (Measles)  Virus: Morbillivirus  Gejala: Demam tinggi, batuk, pilek, mata merah, bercak Koplik, ruam mulai dari wajah  Sangat menular!  📍 Rubella (Campak Jerman)  Virus: Rubella virus  Gejala: Demam ringan, ruam halus, pembengkakan kelenjar getah bening  Bahaya jika menyerang ibu hamil ❗️  📍 Roseola (Exanthema Subitum)  Virus: HHV-6 / HHV-7  Gejala: Demam tinggi mendadak → turun → baru muncul ruam  Umum pada bayi & balita 👶  🛡️ Pencegahan terbaik? Vaksinasi dan menjaga daya tahan tubuh!  #KesehatanAnak #Campak #Rubella #Roseola #EdukasiKesehatan #vaksinasi",https://www.instagram.com/p/DOpZx6nDxcL/,0,0,22,-1,NaN
285,anggaprajabuana_real,2025-09-17T01:37:46.000Z,"9th penantian hamil anak kedua akibat kasus TORCH ! Alhamdulillah sekali @promil_anggaprajabuana langsung sukses hamil 😊 #anggaprajabuana #anggaprajabuana_real #promil_anggaprajabuana #torch #rubella #toksoplasma #cmv #vírus",https://www.instagram.com/p/DOr2f1iE7KM/,4,0,83,-1,NaN
286,dr.yehya_edrees,2025-09-15T06:47:21.000Z,"🚨 حصبة بسيطة… لكن مش بسيطة⁉️🚨 بتسمعوا بالحُصبة الألمانية⁉️🤔 ممكن تمرّ مرور الكرام عند الكبار 👨‍🦰👩‍🦰… بس لو أصابت الحامل⁉️👶💔 القصة بتتغيّر تمامًا⁉️  ✨ الأعراض اللي ممكن تشوفها: ✴️حرارة خفيفة 🌡️ ✴️طفح جلدي يبدأ بالوجه وبعدين ينتشر 👩‍🦰➡️👗 ✴️غدد متورمة ووجع مفاصل 🦠🦴  🔍 كيف نشخّصها⁉️ ✴️الطبيب بيعتمد عالأعراض والفحص 👨‍⚕️ ✴️والتحليل الدموي IgM / IgG بيأكد الإصابة 🧪  💊 العلاج❤️ 🐎ما في دواء محدد ❌ ✴️بس راحة + سوائل + مسكنات = الشفاء خلال أيام ✅  ⚠️ الأخطر عند الحمل: ✅️إصابة الحامل خصوصًا بالثلث الأول ممكن تسبب: ⛔️تشوهات خلقية (قلب ❤️ – عين 👁️ – سمع 👂) ⛔️إجهاض أو وفاة الجنين 😔  ✅ الوقاية هي الأساس: 🔖قبل الحمل: تأكدي من مناعتك ضد الحصبة الألمانية. 🔖لقاح MMR 💉 (لكن 👌 قبل الحمل وليس خلاله).  📣 رسالتي إلكِ 👩‍🍼: خطوة صغيرة اليوم… ممكن تحمي حياة طفلك بكرة ❤️  #الحصبة_الألمانية #Rubella #صحة_الحامل #الحمل #الجنين #توعية_طبية #لقاح #dr_yehya_edrees_tips #dr_yehya_edrees #women طب_النساء #أمراض_الحمل",https://www.instagram.com/p/DOnQVi4jdUY/,3,0,8,-1,NaN
287,immunize.ca,2025-09-12T22:00:12.000Z,"Informative factsheet from Immunize Canada | Rubella: What you need to know | https://www.immunize.ca/sites/default/files/Resource%20and%20Product%20Uploads%20(PDFs)/Products%20and%20Resources/Rubella/rubella_factsheet_web_e.pdf #rubella #VaccinesWork #VaccinesSaveLives #GetImmunized",https://www.instagram.com/p/DOhKZn0CsQb/,0,0,2,-1,NaN
288,vaccine.choice.canada,2025-09-11T13:00:57.000Z,"Similar to mumps and measles, there was no public outcry or urgent need for a rubella vaccine.   That changed when doctors associated the mild illness with an unknown and uncertain risk of birth defects.   Suddenly, vaccination was no longer about protecting individuals to stop the spread of disease, it became a community responsibility toward the next generation.   The rubella vaccine changed the landscape of public health and ignited social activism in the areas of birth and disability.  Read the full article: https://healthfreedominstitute.com/rubella/  #rubella #childhoodillness #historyfacts #publichealth @healthfreedominstitute",https://www.instagram.com/p/DOdn6cOjCGc/,1,0,52,-1,NaN
289,tvcnewsng,2025-09-17T08:10:30.000Z,"The Adamawa State Government has declared its readiness to launch the Measles-Rubella (MR) vaccine campaign, scheduled to commence on 18th October 2024. Governor Ahmadu Umaru Fintiri has already approved and released the state’s counterpart funds to ensure the smooth execution of the exercise.  This was disclosed by the Deputy Governor and Chairperson, State Task Force on Primary Health Care (STFPHC), Professor Kaletapwa G. Farauta, while declaring open the Quarter 2 STFPHC meeting held in Yola.  The Deputy Governor, represented by the Commissioner for Health and Human Services, Felix Tangwami, commended the sustained collaboration of development partners, traditional and religious leaders, as well as parents and caregivers during the last Maternal, Newborn and Child Health Week and National Immunization Plus Days (NIPDs).  Join TVC News Nigeria on WhatsApp, @tvcnews_nigeria on Telegram.  #tvcnews  #adamawa  #measles  #rubella  #vaccine",https://www.instagram.com/p/DOsjcU2CIir/,0,0,14,-1,NaN
290,oncologys1,2025-09-18T18:01:11.000Z,"📦M-M-R II  الحصبة (Measles)، النكاف (Mumps)، والحصبة الألمانية (Rubella). حقن تحت الجلد  📍 متوفر الآن عبر صيدلية Oncologyst – الرياض (صيدلية إلكترونية مرخّصة). ⚠️ للاستعمال تحت إشراف طبي فقط. 🚚 توصيل بنفس اليوم داخل الرياض لجميع مناطق المملكة 🧊 خدمة التوصيل المبرد 📍 الموقع: الرياض – مخرج 16، حي السلي، شارع أبو عبيدة بن الجراح 📲اطلب عبر واتساب: 0570863669 – 0560644741 ✨ متخصصون في توفير الأدوية المتخصصه #MMR #MMRVaccine #Measles #Mumps #Rubella #Vaccination #Immunization #Prevention #PublicHealth #Healthcare #ProtectYourHealth",https://www.instagram.com/p/DOwL1hNDvS0/,0,0,0,-1,NaN
291,sunwaymedicaldamansara,2025-09-12T08:33:09.000Z,"🚐💉 FREE Pediatric Measles & Rubella (MR) Immunisation at Sunway Medical Centre Damansara (SMCD)!  Details:  📅 17 September 2025, Wednesday ⏰ 9.30am - 2.30pm 📍 SMCD, No. 2, PJU 5, Jalan PJU 5/1a, Kota Damansara, 47810 PJ 📍 Outpatient Clinic, Level 5, Room L5-23 👉 RSVP here: http://bit.ly/4n6VtJW  ✅ FREE for citizens & non-citizens 👜 What to bring:  - Child’s NRIC/Passport - Child’s Immunisation Record/Book  ✨ Parents, don’t  miss this opportunity, let’s protect our children and community 💪  #KKM #Immunisation #Measles #Rubella #ChildHealth",https://www.instagram.com/p/DOfuD6JiXy2/,1,0,23,-1,NaN
292,tvonenews,2025-09-12T06:46:44.000Z,"Dinas Kesehatan DKI Jakarta mencatat 218 kasus campak dan 63 kasus rubella hingga awal September 2025, namun tanpa laporan kematian. Lonjakan kasus ditemukan di Cengkareng dan Cilincing, dengan Kelurahan Kapuk mencatat 38 kasus positif. Sebagai langkah penanggulangan, Dinkes DKI menggelar Outbreak Response Immunization (ORI) dengan sasaran 9.000 anak, di mana cakupan imunisasi sudah mencapai 77,22 persen. Gubernur DKI Pramono Anung memastikan tren kenaikan kasus masih terkendali dan tidak signifikan dibanding provinsi lain.  Simak Berita Selengkapnya di tvonenews.com #HardNews_Nasional #tvOne #CariBeritaditvOne #NO1 #NewsOne #Campak #Rubella",https://www.instagram.com/p/DOfh4XvgRM2/,11,0,623,-1,NaN
293,actsix_dramagroup,2025-09-16T08:02:07.000Z,"Introducing Victoria who will be playing Rubella 💚  In her spare time Victoria likes colouring in, watching true crime documentaries and likes to make key-rings and jewellery 💎   This is Victoria’s fourth production with ACT SIX, she has previously been Bob Cratchit in ‘A Christmas Carol’, The Good Witch in ‘The Wonderful Wizard of Oz’ and Rose in ‘The Adventures of Oliver Twist’ 🌹   Don’t miss out on our pantomime…   👑 Cinderella 👑   Our show dates are…  🔹Thursday 13th November at 7pm 🔹Friday 14th November at 7pm 🔹Saturday 15th November at 2pm 🔹Saturday 15th November at 7pm 🔹Sunday 16th November at 2pm  Purchase your tickets online to claim a free raffle ticket!! 🎟️   🔸Adult - £10 🔸Under 16 - £8   Family tickets are available for two adults and two children for £25.  Don’t miss out on seeing our talented cast who are not only singing and dancing their hearts out but have also made a variety of Christmas goodies for our audience such as cakes and keyrings! 🧁 💎   Look out for our Facebook competition for your chance to win 4 tickets!🥇  https://www.ticketsource.co.uk/actsix-northeast 🎫   See you there 🎭 #theatre #drama #play #comedy #panto #pantomime #cinderella #stepsister #act #acting #sing #singing #sunderland #cityofsunderland #rubella #dance #dancing #perform #production #adaptation #show #stage #headshot #cast #casting #hobby #performing #performingarts",https://www.instagram.com/p/DOp9sBeDZm8/,0,0,3,-1,NaN
294,gautenghealth,2025-09-11T13:27:22.000Z,"Mzansi, Rubella vaccines are available at no cost at public clinics as part of routine immunisation (EPI). It is administered as part of the Measles and Rubella (MR) vaccine. The first dose given at 6 months after birth and the second dose at 12 months. It’s important to note that children who’ve already received the measles vaccine at 6 and 12 months do not require additional MR vaccine. #AsibeHealthyGP #Rubella #VaccinesSaveLives",https://www.instagram.com/p/DOdq75kjEI9/,0,0,9,-1,NaN
295,yessykalangi,2025-09-15T02:54:56.000Z,"Dapa kirim foto dari Bu guru  Kurang mo dengar cerita dari bocah pulang sekolah, kesan pesan dapa suntik di sekolah bagimana ☺️  #vaksin #campak #rubella #disekolah",https://www.instagram.com/p/DOm1vS_kjpA/,15,0,23,-1,NaN
296,pkmkiarapedes_ilpklaster4,2025-09-12T07:13:43.000Z,"Surveilans aktif campak rubella adalah pemantauan berkelanjutan dan sistematis terhadap penyakit campak dan rubela dengan menemukan kasus suspek sedini mungkin, melakukan investigasi kasus dalam 2x24 jam setelah laporan, melakukan pemeriksaan laboratorium, dan menganalisis data untuk mengendalikan dan mengeliminasi penyakit ini. Tujuan utamanya adalah untuk mendukung pencapaian eliminasi campak dan rubela secara global dan nasional, memastikan respons yang cepat terhadap kejadian luar biasa (KLB), serta memonitor dampak program imunisasi.  #ILP #Klaster4 #Surveilans #PD3I #Campak #Rubella   @kemenkes_ri  @dinkesjabar  @dinkes_purwakarta",https://www.instagram.com/p/DOfk-EWkYpG/,0,0,3,-1,NaN
297,fct.phcb,2025-09-15T16:30:30.000Z,"FCTPHCB Social Mobilisation Team with UNICEF, JSI, CHAI and CWINS visited NTA Channel 5 and Vision FM to seek their support and also intimate them  on the upcoming October 2025 Integrated Vaccination Campaign in FCT.#rubella#Measles#MeaslesPrevention",https://www.instagram.com/p/DOoTEtSDOnN/,1,0,11,-1,NaN
298,fct.phcb,2025-09-18T11:52:36.000Z,"The ACSM team of FCT-PHCB in collaboration with partners paid an advocacy visit to the social welfare development board, fct chapter to solicit for their support in the upcoming integrated vaccination campaign across the FCT in October 2025.   #rubella #measlesvaccine  #measlesawareness",https://www.instagram.com/p/DOvhp6NjJ5V/,1,0,10,-1,NaN
299,bloomandbliss.idn,2025-09-16T05:00:03.000Z,"Hi Parents, sudah tahu belum tentang Vaksin MR yang wajib diberikan pada Mon Bebe? 😱 Vaksin ini melindungi Mon bebe dari campak dan rubella, dua penyakit yang sangat menular dan berpotensi menyebabkan komplikasi serius!  Rubella, meskipun gejalanya ringan pada anak, bisa sangat berbahaya jika menulari ibu hamil, karena bisa menyebabkan cacat bawaan pada janin. Karena itu, vaksin MR adalah 'perisai' yang sangat penting untuk kesehatan anak dan masyarakat! 💪  Meskipun Mon Bebe mungkin rewel sedikit setelahnya, itu adalah tanda vaksinnya bekerja dan melindungi! Sedikit ketidaknyamanan dibanding perlindungan seumur hidup. 😉  Sudahkah Mon Bebe mendapatkan vaksin MR sesuai jadwal? Yuk, share pengalaman Parents di kolom komentar! 👇  #VaksinMR #ImunisasiBayi #VaksinasiBayi #Campak #Rubella #KesehatanBayi #ParentingIndonesia #InfoParenting #ImunisasiDasar #IDAI #CegahPenyakit #IbuAnakSehat #BloomAndBliss",https://www.instagram.com/p/DOpo3YUE83X/,0,0,5,-1,NaN
300,plab.1keys,2025-09-18T14:57:00.000Z,"Fever, irritability, and rashes in children can signal a range of viral infections that require different key recognitions but mainly supportive care. Measles presents with a classic face/neck rash that spreads, accompanied by Koplik spots (red with white centres on buccal mucosa), URTI symptoms, and no cervical lymphadenopathy. Remember: measles = rubeola. — Rubella causes a low-grade fever and maculopapular rash starting on the face, fading by day 3–5, with characteristic cervical, suboccipital, and postauricular lymphadenopathy. Forscheimer’s spots (red petechiae on the soft palate) are important clues. — Roseola (exanthem subitum) begins with sudden high fever and is followed by a non-itchy rash on the chest or legs, later spreading across the body—commonly seen in infants and toddlers. — Erythema infectiosum (fifth disease) caused by parvovirus B19 gives a “slapped cheek” bright red rash, sometimes spreading and itchy, especially on the soles of the feet. — Hand, foot, and mouth disease due to Coxsackie virus leads to painful ulcers on the tongue and grey blisters on the hands and feet. Supportive management and reassurance are the mainstay for all these viral rashes, but meningitis must be ruled out if there is a neck stiffness, photophobia, or uncontrolled fever. — ▪️ Plab1Keys.com is Exam-Focused & Continuously Updated: High-yield, color-coded notes, mnemonics, MCQs, and guideline-linked comparisons. ▪️ No Outdated PDFs: Always study the latest version based on the newest recalls and UK guidance. ▪️ Broad Coverage: Ideal for PLAB 1 and UKMLA; useful for MRCP, MRCPCh, USMLE Step 2 CK, AMC, MCCQE, SMLE, and more. ▪️ Trusted Since 2017: Thousands of candidates rely on our constantly updated resources. Visit ➡️ www.plab1keys.com  #plab1 #plab1exam #plabexam #plab1keys #plabkeys #plab 1 #ukmla #mlaakt #usmle #usmle2ck #usmle2 #mrcp #mrcpch #amc #mccqe #smle #infectiousdiseases #pediatrics #measles #rubella #roseola #parvovirusb19 #handfootmouthdisease #koplikspots #forchheimerspots #childhealth #medicalexams #highyieldnotes #ukguidelines #examrevision",https://www.instagram.com/p/DOv2wiiCP5b/,0,0,433,-1,NaN
301,rskebonjati,2025-09-18T08:41:11.000Z,"Campak masih menjadi ancaman serius bagi kesehatan anak. Kabar baiknya, campak bisa dicegah!  Cara pencegahannya yaitu dengan imunisasi MR 💉 Yuk, pastikan buah hati mendapatkan perlindungan lengkap di RS Kebonjati.  Cegah lebih awal, tumbuh sehat lebih maksimal.  Jaga selalu kesehatan dan jangan ragu konsultasikan kesehatan ke Rumah Sakit Kebonjati.  Jadwal Praktek :  Spesialis Anak  dr. Pramadio Bambang Nugroho, Sp.A  Senin, Selasa, Kamis, Jumat : 08.00 - 10.00 WIB Rabu, Sabtu : 09.00 -10.00 WIB  Jadwal sewaktu-waktu dapat berubah  Informasi hubungi : Whatsapp Customer Service : 0813 2120 0708 Email : marketing@rskebonjati.id  . . . #campak #rubella #campakrubella  #imunisasianak  #imunisasimr  #vaksinmr  #anakbalita  #anak #kesehatananak #anaksehat #sikecil  #dokteranak  #spesialisanak  #rskebonjati #rsukebonjati #rumahsakitkebonjati #waluyakanggosadaya",https://www.instagram.com/p/DOvLv7Zko5b/,0,0,32,-1,NaN
302,fct.phcb,2025-09-16T15:40:28.000Z,"Today, the FCTPHCB Social Mobilization Team visited Love FM and  ASO TV/Radio to sensitize them and also seek their support on the October 2025 Integrated Vaccination Campaign in FCT .The Head of Media enjoined them to use their media platforms to inform all FCT residents  about the campaign. #rubella#MeaslesPrevention#MeaslesAwareness",https://www.instagram.com/p/DOqyJKFjOnd/,1,0,20,-1,NaN
303,klinik_anda_balakong_24jam,2025-09-18T03:53:22.000Z,"‼️ 𝙁𝙍𝙀𝙀 𝙑𝘼𝙆𝙎𝙄𝙉 𝙪𝙣𝙩𝙪𝙠 𝙨𝙞 𝙠𝙚𝙘𝙞𝙡 𝙖𝙣𝙙𝙖 ‼️  Ibu ayah, mari kita pastikan anak-anak mendapat perlindungan yang terbaik 💖  ✨ Klinik Anda Bandar Sungai Long dengan kerjasama #KKM akan mengadakan Program Imunisasi Tambahan Measles & Rubella (MR). 👉 Vaksin ini PERCUMA dan diberikan khas untuk kanak-kanak berumur 6 – 59 bulan.  📆 27 September 2025 (Sabtu) 🕘 9.00 pagi – 12.00 tengahari 📍 Klinik Anda Bandar Sungai Long ( https://share.google/NoyBj0fTcYPMbsoSk )  Kenapa penting vaksin MR ni? ✔️ Mencegah penyakit campak & rubella yang boleh jadi serius ✔️ Melindungi anak-anak kita sejak kecil ✔️ Membantu membentuk komuniti yang sihat  ✨ Terbuka untuk warganegara & bukan warganegara ✨ Vaksin adalah PERCUMA ✨ Bawa buku rekod vaksinasi anak (jika ada) 📲 Scan QR & pra daftar sekarang sebelum slot penuh!  ........   𝙃𝙪𝙗𝙪𝙣𝙜𝙞 𝙠𝙖𝙢𝙞 𝙪𝙣𝙩𝙪𝙠 𝙞𝙣𝙛𝙤 𝙡𝙚𝙗𝙞𝙝 𝙡𝙖𝙣𝙟𝙪𝙩: 📍𝗞𝗹𝗶𝗻𝗶𝗸 𝗔𝗻𝗱𝗮 𝟮𝟰 𝗝𝗮𝗺  ⭐️ 𝘽𝙖𝙡𝙖𝙠𝙤𝙣𝙜 – 019 333 2067 (https://wa.link/hfjv88) ⭐️ 𝘽𝙖𝙣𝙙𝙖𝙧 𝙏𝙪𝙣 𝙃𝙪𝙨𝙨𝙚𝙞𝙣 𝙊𝙣𝙣 – 019 971 2067 (https://wa.link/fshqdk) ⭐️ 𝙃𝙪𝙡𝙪 𝙇𝙖𝙣𝙜𝙖𝙩 – 019 335 2067 (https://wa.link/iyibpv) ⭐️ 𝘽𝙖𝙣𝙙𝙖𝙧 𝙎𝙪𝙣𝙜𝙖𝙞 𝙇𝙤𝙣𝙜 – 013 500 2067 (https://wa.link/ag562b) . 𝙆𝙚𝙨𝙞𝙝𝙖𝙩𝙖𝙣 𝙆𝙚𝙡𝙪𝙖𝙧𝙜𝙖 𝘼𝙣𝙙𝙖, 𝙆𝙚𝙪𝙩𝙖𝙢𝙖𝙖𝙣 𝙆𝙖𝙢𝙞 . #fyppppp #fyp #demamcampak #rubella #measles #klinikanda24jam #sglong #btho #balakong #vaksinpercuma #KKM #klinikkesihatan #selangor #jomcucuk #imunisasi",https://www.instagram.com/p/DOuqz7lCa7g/,0,0,1,-1,NaN
304,sunwaymedical,2025-09-12T04:00:24.000Z,"𝗙𝗿𝗲𝗲 𝗠𝗲𝗮𝘀𝗹𝗲𝘀 & 𝗥𝘂𝗯𝗲𝗹𝗹𝗮 (𝗠𝗥) 𝗦𝘂𝗽𝗽𝗹𝗲𝗺𝗲𝗻𝘁𝗮𝗿𝘆 𝗜𝗺𝗺𝘂𝗻𝗶𝘀𝗮𝘁𝗶𝗼𝗻 💉🧒  Protect your little ones with a complimentary MR vaccination for children aged 6 months to 5 years old (born between 1 August 2020 – 31 January 2025).   📅 𝟮𝟯 𝗦𝗲𝗽𝘁𝗲𝗺𝗯𝗲𝗿 𝟮𝟬𝟮𝟱 (𝗧𝘂𝗲𝘀𝗱𝗮𝘆) 🕘 𝟵.𝟬𝟬 𝗮𝗺 – 𝟯.𝟬𝟬 𝗽𝗺 📍𝗖𝗵𝗶𝗹𝗱𝗿𝗲𝗻 𝗘𝗺𝗲𝗿𝗴𝗲𝗻𝗰𝘆 𝗗𝗲𝗽𝗮𝗿𝘁𝗺𝗲𝗻𝘁, 𝗖𝗹𝗶𝗻𝗶𝗰 𝟭 𝗚𝗿𝗲𝗲𝗻 𝗭𝗼𝗻𝗲, 𝗦𝘂𝗻𝘄𝗮𝘆 𝗠𝗲𝗱𝗶𝗰𝗮𝗹 𝗖𝗲𝗻𝘁𝗿𝗲, 𝗦𝘂𝗻𝘄𝗮𝘆 𝗖𝗶𝘁𝘆  Only limited slots available. Scan the QR code or click here to register: https://forms.office.com/pages/responsepage.aspx?id=lmAIeHHUoUqrVhaFWj0zRJ1n23a2InxHug3upQBjk5dURERFR0ZVTTNKM0lHN0NXN0E0NVkwMFpERCQlQCN0PWcu&route=shorturl   #SunwayMedicalCentre #WePrioritiseYourHealth #FreeVaccination #Measles #Rubella #ChildhoodVaccination #Immunisation #SupplementaryImmunisation #FreeMeaslesAndRubellaVaccination",https://www.instagram.com/p/DOfO2G3iPxn/,3,0,43,-1,NaN
305,boulevardshoppingmall_kuching,2025-09-13T05:30:08.000Z,"📢 PENGUMUMAN DARI KLINIK KESIHATAN IBU & ANAK (KKIA) SEKAMA  Bagi memudahkan ibu bapa mendapatkan 𝐈𝐦𝐮𝐧𝐢𝐬𝐚𝐬𝐢 𝐓𝐚𝐦𝐛𝐚𝐡𝐚𝐧 𝐌𝐞𝐚𝐬𝐥𝐞𝐬 & 𝐑𝐮𝐛𝐞𝐥𝐥𝐚 (𝐌𝐑) untuk anak-anak sempena 𝐊𝐞𝐦𝐩𝐞𝐧 𝐈𝐦𝐮𝐧𝐢𝐬𝐚𝐬𝐢 𝐓𝐚𝐦𝐛𝐚𝐡𝐚𝐧 𝐌𝐑, KKIA Sekama akan mengadakan 𝐏𝐫𝐨𝐠𝐫𝐚𝐦 𝐕𝐚𝐤𝐬𝐢𝐧𝐚𝐬𝐢 Hujung Minggu seperti berikut:  📅 Tarikh: Sabtu, 13/9/2025 & Ahad, 14/9/2025 🕗 Masa: 10 pagi – 4 petang 📍 Tempat: Ground Floor, Mall 2, Boulevard Shopping Mall ( Berdepan 100% premium store)   💉 Vaksin ini PERCUMA untuk kanak-kanak yang lahir antara 1 Ogos 2020 hingga 31 Januari 2025.  💉 Bawa kad bayi pada hari tersebut.   ✅  temujanji vaksinasi melalui pautan berikut: 🔗 https://docs.google.com/.../160dVnxx7Jyo7GmUAITp7hrg.../edit 📞 Sebarang pertanyaan, sila hubungi 082337093.  Lindungi anak anda daripada campak & rubella – Daftar sekarang!  #KKIASekama #ImunisasiMR #KesihatanAnak #children #imunisasi #measles #rubella #boulevardshoppingmallkuching",https://www.instagram.com/p/DOh96TxjTJt/,0,0,0,-1,NaN
306,atomturba,2025-09-15T00:05:04.000Z,"Join the Fight Against Measles and Rubella In Kebbi State.  As October 2025 is fast approaching, let us work together with the Kebbi State Primary Health Care Development Agency to protect our children and communities from these vaccine-preventable diseases.  Get your child vaccinated with the Measles-Rubella (MR) vaccine and help in reducing child illness, deformities, and death, moving closer to a measles and rubella-free future.  Aged 9 months to under 15yrs, ensure your child gets vaccinated, spread the good news to all nooks and crannies to support the campaign.  Beginning October 4th to 13th, vaccines will be administered at health facilities, temporary fixed post- designated areas in the community, schools and other special places.   Together, we can achieve a healthier tomorrow.  Atom Turba   #vaccine  #MeaslesAwareness  #rubella",https://www.instagram.com/p/DOmiTLgihrv/,0,0,22,-1,NaN
307,babes50974,2025-09-17T02:45:32.000Z,"'Bakuna Eskwela' Orientation para maintindihan kung paano natin malalaban ang mga virus na dadapo sa katawan.Para sa mga Grade 7 students ng Maramba High School. ( boosters) #HPV #rubella  #tetanus  #dipterya",https://www.instagram.com/p/DOr-QK2lCP1/,0,0,0,-1,NaN
308,immunize.ca,2025-09-07T20:00:13.000Z,"The #measles, #mumps, and #rubella (#MMR) vaccine: What you need to know | informative factsheet from Immunize Canada | https://immunize.ca/sites/default/files/Resource%20and%20Product%20Uploads%20(PDFs)/Products%20and%20Resources/Measles/mmr_factsheet_web_e.pdf #VaccinesWork #VaccinesSaveLives #GetImmunized",https://www.instagram.com/p/DOUEsfEgakI/,0,0,5,-1,NaN
309,medcare.hs,2025-09-06T11:51:33.000Z,"🚨 Kasus campak di Sumenep sempat viral & jadi alarm penting: penyakit yang dulu dianggap “biasa” bisa kembali mengancam anak-anak kalau tidak divaksin!  💉 Vaksin MR melindungi si kecil dari Campak + Rubella, sementara MMR memberi perlindungan ekstra termasuk Gondongan (Mumps).  Kenapa penting? ✅ Cegah komplikasi berat Campak & Rubella ✅ Lindungi ibu hamil & bayi dari risiko cacat lahir ✅ Bangun herd immunity biar penularan berhenti  Jangan tunggu sakit, cegah sejak dini dengan vaksinasi! 📞 Booking sekarang di +62-823-1765-2700 atau kunjungi IG @medcare.hs  #VaksinMR #VaksinMMR #Campak #Rubella #Mumps #ImunisasiAnak #medcarehs #vaksinmr #vaksinmmr",https://www.instagram.com/p/DOQn_xpkuWM/,0,0,4,-1,NaN
310,prokal,2025-09-11T08:07:53.000Z,"Madura Darurat Campak: Kasus Tembus 2.741 di Sumenep, Ponorogo Lapor 2 Kasus Rubella  Lonjakan kasus campak di Kabupaten Sumenep kini berada di ambang darurat setelah tercatat 2.741 kasus hingga 9 September 2025, meningkat tajam dari 2.105 kasus sekitar dua minggu sebelumnya.   Rata-rata penambahan sekitar 40 kasus baru per hari menandakan penyebaran yang belum terkendali.  Mayoritas penderita adalah anak-anak yang belum mendapatkan imunisasi lengkap. Kurangnya cakupan vaksinasi, terutama di wilayah kepulauan dan pedesaan, dianggap sebagai faktor utama.   Tim dari WHO dan Dinas Kesehatan setempat terus melakukan penyisiran imunisasi, evaluasi di puskesmas, dan upaya respons cepat sebagai bagian dari program “outbreak response immunization” (ORI).  Di sisi lain, di Kabupaten Ponorogo belum dilaporkan adanya kasus campak, namun terdapat 2 kasus rubella, masing-masing seorang anak berusia tiga tahun dan seorang dewasa 30 tahun.   #Campak #Rubella #Sumenep #Madura #Ponorogo #Vaksinasi #Kesehatan #WHO #Outbreak #PenyakitMenular #BeritaTerkini #NewsUpdate",https://www.instagram.com/p/DOdGX4dEQWX/,0,0,5,-1,NaN
311,immunize.ca,2025-09-04T22:00:11.000Z,"#ThrowbackThursday | I vaccinated because rubella. Time tested. Life saving. #GetImmunized | https://www.immunize.ca/sites/default/files/because-rubella-throwback-e.png #rubella #VaccinesWork #VaccinesSaveLives",https://www.instagram.com/p/DOMkCqokWiY/,0,0,2,-1,NaN
312,stellakasihmc,2025-09-06T04:43:37.000Z,"💉 𝐏𝐫𝐨𝐠𝐫𝐚𝐦 𝐕𝐚𝐤𝐬𝐢𝐧𝐚𝐬𝐢 𝐌𝐞𝐚𝐬𝐥𝐞𝐬 & 𝐑𝐮𝐛𝐞𝐥𝐥𝐚 (𝐌𝐑) 𝐏𝐞𝐫𝐜𝐮𝐦𝐚 💙⁣⁣ ⁣⁣ Pihak 𝐒𝐭𝐞𝐥𝐥𝐚 𝐊𝐚𝐬𝐢𝐡 𝐌𝐞𝐝𝐢𝐜𝐚𝐥 𝐂𝐞𝐧𝐭𝐫𝐞 berbesar hati menyertai 𝐏𝐫𝐨𝐠𝐫𝐚𝐦 𝐌𝐑 𝐒𝐈𝐀 𝐲𝐚𝐧𝐠 𝐦𝐞𝐧𝐚𝐰𝐚𝐫𝐤𝐚𝐧 𝐯𝐚𝐤𝐬𝐢𝐧 𝐌𝐞𝐚𝐬𝐥𝐞𝐬 & 𝐑𝐮𝐛𝐞𝐥𝐥𝐚 (𝐌𝐑) secara percuma kepada komuniti Putrajaya.⁣⁣ ⁣⁣ Program ini dijalankan dengan kerjasama 𝐏𝐞𝐣𝐚𝐛𝐚𝐭 𝐊𝐞𝐬𝐢𝐡𝐚𝐭𝐚𝐧 𝐖𝐢𝐥𝐚𝐲𝐚𝐡 𝐏𝐮𝐭𝐫𝐚𝐣𝐚𝐲𝐚 (𝐏𝐊𝐃) sebagai langkah meningkatkan kesedaran dan mencegah penularan penyakit berjangkit.⁣⁣ ⁣⁣ Turut hadir memeriahkan program:⁣⁣ 👤 𝐄𝐧𝐜𝐢𝐤 𝐉𝐚𝐬𝐨𝐧 𝐋𝐞𝐞, 𝐂𝐄𝐎 𝐒𝐭𝐞𝐥𝐥𝐚 𝐊𝐚𝐬𝐢𝐡 𝐌𝐞𝐝𝐢𝐜𝐚𝐥 𝐂𝐞𝐧𝐭𝐫𝐞 ⁣⁣ menyampaikan cenderahati kepada ibu bapa peserta.⁣⁣ 👩‍⚕️𝐌𝐚𝐭𝐫𝐨𝐧 𝐋𝐢𝐡𝐨𝐧𝐠 (𝐏𝐊𝐃)⁣⁣ 👨‍⚕️ 𝐃𝐫. 𝐀𝐢𝐳𝐚𝐭⁣⁣ 👩‍⚕️ 𝐌𝐚𝐭𝐫𝐨𝐧 𝐍𝐨𝐫𝐚𝐢𝐧⁣⁣ ⁣⁣ 📅 Program ini akan diteruskan 𝐬𝐞𝐭𝐢𝐚𝐩 𝐒𝐚𝐛𝐭𝐮 𝐬𝐞𝐡𝐢𝐧𝐠𝐠𝐚 𝟏𝟐𝐡𝐛 𝐎𝐤𝐭𝐨𝐛𝐞𝐫 di 𝐒𝐭𝐞𝐥𝐥𝐚 𝐊𝐚𝐬𝐢𝐡 𝐌𝐞𝐝𝐢𝐜𝐚𝐥 𝐂𝐞𝐧𝐭𝐫𝐞.⁣⁣ ⁣⁣ 📞 Untuk temujanji & maklumat lanjut, sila hubungi kami.⁣⁣ ⁣⁣ ┏━━━━━━━━━━━━━━━━━━━┓⁣⁣⁣⁣⁣ 📣#stellakasihmedicalcentre📣⁣⁣⁣⁣⁣ ┗━━━━━━━━━━━━━━━━━━━┛⁣⁣⁣⁣⁣ ⁣⁣⁣⁣⁣ ⚡Untuk keterangan lebih lanjut , sila hubungi kami atau tetapkan temujanji anda sekarang! ⚡⁣⁣⁣⁣⁣ ⁣⁣⁣⁣⁣ 🚨 +6010-559 7988 - 𝐔𝐧𝐢𝐭 𝐊𝐞𝐜𝐞𝐦𝐚𝐬𝐚𝐧 https://wa.me/message/3HCI2Z6MMI5FA1⁣⁣⁣⁣⁣ 📞+ 6010-556 7988 - 𝐊𝐥𝐢𝐧𝐢𝐤 𝐏𝐚𝐤𝐚𝐫 https://wa.me/message/FWMS3RUDX7P2G1⁣⁣⁣⁣⁣ 📱 +6010-551 7988 - 𝐓𝐚𝐥𝐢𝐚𝐧 𝐏𝐞𝐫𝐭𝐚𝐧𝐲𝐚𝐚𝐧 https://wa.me/message/J4VQKVIW7YCNC1⁣⁣⁣⁣⁣ ⁣⁣⁣⁣⁣ 📧 bdm@stellakasih.com⁣⁣⁣⁣⁣ 🌐 www.stellakasih.com⁣⁣⁣ ⁣⁣ ⁣⁣⁣ 🎯 Ikuti kami di 𝗧𝗶𝗸𝘁𝗼𝗸 : https://www.tiktok.com/@stellakasihmedicalcentre?_t=ZS-8wAlRC8xRTd&_r=1⁣⁣⁣⁣⁣ ⁣⁣⁣⁣⁣ 🎯 Ikuti kami di 𝗜𝗻𝘀𝘁𝗮𝗴𝗿𝗮𝗺 : http://www.instagram.com/stellakasihmc ⁣⁣⁣⁣⁣ ⁣⁣⁣⁣⁣ 🎯 Ikuti kami di 𝗙𝗮𝗰𝗲𝗯𝗼𝗼𝗸 : https://www.facebook.com/profile.php?id=100085059250194⁣⁣⁣⁣⁣ ⁣⁣⁣⁣ #Stellakasih #stellakasih #nurturinghealthenrichinglives #presint8 #putrajaya #swasta⁣⁣ #KKM #measles #rubella #demamcampak  ⁣⁣ ⁣⁣",https://www.instagram.com/p/DOP3BfmiY-a/,0,0,3,-1,NaN
313,boulevardshoppingmall_kuching,2025-09-06T03:00:19.000Z,"📍 Ground Floor, Mall 2 Pemberian Imunisasi Tambahan Measles & Rubella  📅 6 September 2025 ⏰10am - 4pm  #children #imunisasi #measles #rubella #boulevardshoppingmallkuching",https://www.instagram.com/p/DOPrMyDCYic/,0,0,3,-1,NaN
314,boulevardshoppingmall_kuching,2025-09-11T06:20:06.000Z,"📢 PENGUMUMAN DARI KLINIK KESIHATAN IBU & ANAK (KKIA) SEKAMA  Bagi memudahkan ibu bapa mendapatkan 𝐈𝐦𝐮𝐧𝐢𝐬𝐚𝐬𝐢 𝐓𝐚𝐦𝐛𝐚𝐡𝐚𝐧 𝐌𝐞𝐚𝐬𝐥𝐞𝐬 & 𝐑𝐮𝐛𝐞𝐥𝐥𝐚 (𝐌𝐑) untuk anak-anak sempena 𝐊𝐞𝐦𝐩𝐞𝐧 𝐈𝐦𝐮𝐧𝐢𝐬𝐚𝐬𝐢 𝐓𝐚𝐦𝐛𝐚𝐡𝐚𝐧 𝐌𝐑, KKIA Sekama akan mengadakan 𝐏𝐫𝐨𝐠𝐫𝐚𝐦 𝐕𝐚𝐤𝐬𝐢𝐧𝐚𝐬𝐢 Hujung Minggu seperti berikut:  📅 Tarikh: Sabtu, 13/9/2025 & Ahad, 14/9/2025 🕗 Masa: 10 pagi – 4 petang 📍 Tempat: Ground Floor, Mall 2, Boulevard Shopping Mall ( Berdepan 100% premium store)   💉 Vaksin ini PERCUMA untuk kanak-kanak yang lahir antara 1 Ogos 2020 hingga 31 Januari 2025. 💉 Bawa kad bayi pada hari tersebut.   ✅  temujanji vaksinasi melalui pautan berikut: 🔗 https://docs.google.com/.../160dVnxx7Jyo7GmUAITp7hrg.../edit  📞 Sebarang pertanyaan, sila hubungi 082337093. Lindungi anak anda daripada campak & rubella – Daftar sekarang!  #KKIASekama #ImunisasiMR #KesihatanAnak #children #imunisasi #measles #rubella #boulevardshoppingmallkuching",https://www.instagram.com/p/DOc6CcbkeOk/,0,0,0,-1,NaN
315,morelove_mafu,2025-09-04T13:22:17.000Z,"Gauteng take note!  #fypシ゚ #measels #rubella",https://www.instagram.com/p/DOLoygEDPgn/,0,0,0,-1,NaN
316,scrunchymamalife,2025-09-06T00:51:36.000Z,"The very first seed of doubt was planted when I was pregnant with my first baby. My OB told me I wasn’t immune to rubella. I was shocked because my mom never missed a booster shot when I was growing up. I thought vaccines were 100% safe and effective. I didn’t know immunity could “wear off.”  I trusted my OB and got a Tdap during pregnancy. Then after delivery—without my knowledge—I was given an MMR.  Fast forward to my second pregnancy, two years later. By then I had researched vaccines inside and out, and I had already decided to stop giving them to my son. My midwife told me I still wasn’t immune to rubella. I checked my hospital records from my son’s birth and sure enough, they had given me the MMR.  That was the moment I asked myself: what’s the point? If my body doesn’t respond, why would I keep getting another booster after every pregnancy?  Now here I am in my 6th pregnancy, and once again, I’m being told I’m not immune to rubella. After all these babies, you’d think they would stop bringing it up. 🙃  #vaccinestory #rubella #informedchoices #crunchymom #momcommunity #motherhoodjourney #healthfreedom #naturalwellness #holisticliving",https://www.instagram.com/p/DOPceIIjJyv/,0,0,4,-1,NaN
317,sjcitycouncil,2025-09-03T08:30:50.000Z,"#Repost PROGRAM IMUNISASI TAMBAHAN MEASLES-RUBELLA  Bagi ibu bapa yang menetap di daerah Petaling dan kawasan sekitar, anda dijemput untuk membawa anak anda yang berusia 6 bulan hingga 59 bulan ke lokasi seperti yang tertera di bawah untuk mendapatkan mereka imunisasi tambahan MRSIA secara PERCUMA!!! Semak lokasi, tarikh dan masa seperti yang ditetapkan untuk memastikan proses pemberian imunisasi berjalan lancar.  Ayuh bersama menjalankan tanggungjawab anda melindungi yang tersayang daripada penyakit demam campak dan rubella yang berbahaya.  #stopmeaslesprotectourchildren  #imunisasimrsia  #measles #rubella #demamcampak  #SihatMilikSelango",https://www.instagram.com/p/DOIio_YgBkw/,0,0,4,-1,NaN
318,puskesmasbanjarejomadiun,2025-09-07T09:01:14.000Z,"Salam Sehat Sahabat Mas Barjo  Bulan Imunisasi Anak Sekolah (BIAS) untuk Campak dan Rubella telah dilaksanakan pada bulan Agustus. Program ini merupakan pemberian imunisasi lanjutan atau booster yang diberikan di sekolah, madrasah, dan pesantren untuk anak-anak usia sekolah dasar kelas 1 agar kekebalan tubuhnya terhadap campak dan rubella tetap kuat, terutama karena kekebalan dari imunisasi bayi dapat menurun seiring waktu.   Tujuan dan Manfaat BIAS Campak dan Rubella : - Meningkatkan Kekebalan: Memberikan kekebalan tubuh anak usia sekolah terhadap penyakit menular seperti campak dan rubella, yang dapat menyebabkan komplikasi serius.  - Mencegah Penyakit Menular: Melindungi anak-anak dari penyakit campak dan rubella yang dapat berdampak jangka panjang pada kesehatan mereka.  - Melengkapi Imunisasi Dasar: Memastikan anak mendapatkan perlindungan jangka panjang dengan melengkapi imunisasi yang telah diberikan saat bayi dan balita.    #bulanimunisasianaksekolah  #campak  #rubella",https://www.instagram.com/p/DOS5TKqD782/,0,0,5,-1,NaN
319,guildfordnurserysch,2025-09-04T08:30:05.000Z,"Two doses of the #MMR vaccine offers protection for life against #measles, #mumps and #rubella.   Is your child protected? If you’re not sure, contact your GP about getting catch up vaccinations. Fore more info search 'NHS  MMR'.",https://www.instagram.com/p/DOLHWbUjAhH/,0,0,0,-1,NaN
320,boulevardshoppingmall_kuching,2025-09-05T07:00:49.000Z,"Pemberian Imunisasi Tambahan Measles & Rubella  📅 6 September 2025 ⏰10am - 4pm  #children #imunisasi #measles #rubella #boulevardshoppingmallkuching",https://www.instagram.com/p/DONh7bijJZK/,0,0,1,-1,NaN
321,gautengdepartmentofeducation,2025-09-05T08:20:26.000Z,"#Measles & #Rubella are preventable. Together, let’s stop the spread!  Children aged 6 months – 15 years can get vaccinated at schools, crèches, malls & more until 12 Sept 2025.  Parents, please ensure you fill in and sign the consent form for your child to be vaccinated. You may enquire at your nearest clinic for more details about the campaign.  Let’s protect our children’s lives together!   #VaccinesSaveLives #GrowingGautengTogether #Immunisation",https://www.instagram.com/p/DONrCn5jWxN/,0,0,7,-1,NaN
322,puskesmas.temanggung,2025-09-10T04:48:59.000Z,"Hallo Teman Sehat Temanggung...  Pada tahun 2025 ini, Kementerian Kesehatan melalui Direktorat Jenderal Penanggulangan Penyakit telah menerima laporan dan informasi terkait peningkatan kasus campak di beberapa provinsi dan kabupaten/ kota.  Penyakit campak merupakan penyakit yang dapat dicegah dengan imunisasi (PD3I) dengan tingkat penularan yang tinggi serta dapat menimbulkan komplikasi.  Kali ini min sehat mau berbagi informasi seputar penyakit campak mulai dari penyebab sampai cara mencegahnya, disimak ya teman-teman  Salam Sehat  @pemkabtmg @dinkestemanggung @dinkesjateng_prov  #campak #phbs #rubella #imunisasimr #dinkestemanggung #pemkabtemanggung #puskesmastemanggung",https://www.instagram.com/p/DOaK0UYEfLO/,0,0,6,-1,NaN
323,drnatasakb,2025-09-10T12:07:54.000Z,"::  👉 Podijeli ovu objavu da i drugi saznaju važne informacije o TORCH infekcijama! 💬 Ako imaš pitanja ili nedoumice, slobodno mi se javi u inbox – tu sam da pomognem. 📢 Znanje dijelimo, zdravlje čuvamo!   #torch #torchtest #trudnoca #sigurnatrudnoća #zdravljetrudnice #zdravljezene #zdravljebebe #microbiology #prevencija #prevencijainfekcija #toksoplasma #toksoplasmosis #cmv #herpes #rubella #rubellavirus #rubeola",https://www.instagram.com/p/DOa9C9rjN1X/,0,0,4,-1,NaN
324,eurogarden.rasadnik,2025-09-06T18:00:43.000Z,"Želite da osvežite svoj vrt nečim jedinstvenim i atraktivnim? 🌿 Japanska skimija 'Rubella' je pravi izbor! Njeno zimzeleno lišće i predivni crveni pupoljci oživeće vaš prostor tokom cele godine. 🌸 Ova biljka voli polusenku, ali može da raste i na suncu, što je čini svestranom za različite pozicije u vašem vrtu. Nije zahtevna za održavanje, samo joj obezbedite redovno zalivanje i malo ljubavi, i nagradiće vas svojim raskošnim izgledom. 🌺 Idealna je za saksije, ali i kao bordura u bašti.  Posetite Nas❤️ 🌺Eurogarden Rasadnik🌳 🕘08.00-18.00 Po-Su 🏡Petefi Šandora 162, Bečej ☎ 063/7170500 🌐 eurogarden.rs  #Eurogarden #EurogardenBecej #Rasadnik #Cvetnice #Becej #BastenskeBiljke #Baštovanstvo #Cveće #PrirodnaLepota #Bašta #Vrt #Skimija #Rubella",https://www.instagram.com/p/DORSPpXjc7a/,0,0,9,-1,NaN
325,safa_safdina,2025-09-04T09:00:05.000Z,"Apa itu penyakit rubella??   Simak penjelasnnya y 👆👆👆  #rubella #virusrubella #imunisasicampakrubella #imunisasi #imunisasicampak #parentingmom #parentingtips #jagakesehatan #jagakesehatanyuk #jagakesehatanmu",https://www.instagram.com/p/DOLKyJKCR3a/,0,0,472,-1,NaN
326,phuonganh.tran.54772,2025-09-09T01:19:21.000Z,"💝 VẮC XIN NGỪA SỞI – QUAI BỊ – RUBELLA: “LÁ CHẮN ĐÔI” CHO MẸ VÀ BÉ  👩‍🍼 Sởi – Quai bị – Rubella là những bệnh truyền nhiễm lây qua đường hô hấp, có thể gây biến chứng ng/uy h/iểm cho phụ nữ trong thai kỳ và để lại hậu quả lâu dài cho thai nhi: - Sởi: tăng nguy cơ v/iêm phổi, v/iêm não ở mẹ và gây ng/uy h/iểm đến thai (1) - Quai bị: có thể gây v/iêm màng não, v/iêm b/uồng tr/ứng,...và còn có thể gây mất thính lực (2) - Rubella: đặc biệt ng/uy h/iểm nếu mẹ nhiễm trong 3 tháng đầu vì dễ dẫn đến d/ị tật bẩm sinh, hội chứng Rubella bẩm sinh ở bé (3) ⚠️ Và hiện nay, các bệnh này vẫn chưa có thuốc điều trị đặc hiệu.  🩵 Chủ động phòng ngừa bằng vắc xin trước thai kỳ là biện pháp hữu hiệu giúp mẹ phòng bệnh, đồng thời trao cho bé “lá chắn đôi” bảo vệ ngay từ trong bụng mẹ để bé chào đời an toàn và khỏe mạnh các mẹ ơi(4)  👉 Mẹ ơi, hãy bảo vệ cho bản thân mình và con yêu trong bụng nhé. Đừng ngần ngại liên hệ Trung tâm T/iêm chủng Long Châu để được tư vấn bởi bác sĩ 24/7 mẹ nha. ------------- Lưu ý: Thông tin về sức khỏe trong tài liệu này không nhằm mục đích thay thế việc tham khảo ý kiến với chuyên gia tại các cơ sở y tế ------------------------ TIÊM CHỦNG LONG CHÂU Uy tín - An toàn - Bác sĩ tư vấn 24/7 #TiêmChủngLongChâu #Vaccine #Vắcxin #Sởi #Rubella #Quaibị",https://www.instagram.com/p/DOXOB6ijojf/,0,0,0,-1,NaN
327,cherrygoldlondera,2025-09-11T02:24:42.000Z,"Strong mn na ang bebe na wla mn ng cry.02 🤣 Bxta naa lng snacks awh Matic Dyn helom ang bebe na Tas naa ang Momma perme sa kiliran 🥺😔😁 #2 dose vaccine  #rubella  #measles",https://www.instagram.com/p/DOcfGaaAZ58/,0,0,0,-1,NaN
328,boulevardshoppingmall_kuching,2025-09-07T05:01:15.000Z,"📍 Ground Floor, Mall 2 Pemberian Imunisasi Tambahan Measles & Rubella  📅 7 September 2025 ⏰10am - 4pm  #children #imunisasi #measles #rubella #boulevardshoppingmallkuching",https://www.instagram.com/p/DOSd1euiaFw/,0,0,0,-1,NaN
329,pan_ngr,2025-08-26T06:19:11.000Z,"Team Enugu at the Measles Rubella Vaccine Advocacy flag off.  #rubella #immunizationchampions #paediatricassociationofnigeria #advocacy",https://www.instagram.com/p/DNztN0fUDWB/,0,0,3,-1,NaN
330,perpustakaankemenkes,2025-09-03T03:57:00.000Z,"✨️Cegah Campak dan Rubella✨  Campak dan Rubella adalah penyakit menular yang bisa berdampak serius, terutama pada anak-anak.  Tapi tenang, ada cara efektif untuk mencegahnya: ✅ Imunisasi MR ✅ Menjaga kebersihan & hindari kontak dengan penderita  Yuk, lindungi si kecil dari sekarang! 💉  #Perpustakaan #Literasi  #PerpusKemenkes #KemenkesMelekLiterasi #KemenkesGemarMembaca #PemustakaKesehatan #Campak #Rubella",https://www.instagram.com/p/DOIDTZjCaQG/,0,0,21,-1,NaN
331,dokteranak_handa,2025-08-26T10:26:14.000Z,"🚨 Lagi KLB Campak di Indonesia! ➡️ 1 anak campak bisa menular ke 18 anak lain 😱 Solusi? 💉 Vaksin MMR ✅ Lindungi dari Campak → cegah pneumonia & radang otak ✅ Lindungi dari Mumps → cegah meningitis, tuli, orchitis (radang buah zakar) ✅ Lindungi dari Rubella → cegah bayi lahir cacat bila kena ibu hamil ✨ Aman, efektif, dan sudah dipakai >40 tahun. ❌ Tidak menyebabkan autisme (dibantah oleh studi besar, Ann Intern Med 2019 & meta-analisis 2014). 👉 Pastikan si kecil vaksin MMR lengkap, ya Mami. Karena dengan vaksin, kita bukan hanya jaga anak kita, tapi juga putus rantai penularan KLB ❤️  #KLB #Campak #MMR #VaksinAnak #DokterAnak #AnakSehat #MamiTips #KesehatanAnak #Rubella #Mumps #EdukasiAnak #ViralReels #IDAI",https://www.instagram.com/p/DN0JfOmUmwK/,0,0,43,-1,NaN
332,puskesmas_manding,2025-08-26T05:08:19.000Z,"Imunisasi#campak#rubella#Oricampak#ori",https://www.instagram.com/p/DNzlGx5YgyP/,0,0,2,-1,NaN
333,nphcda,2025-08-25T07:34:36.000Z,"Let’s start with the basics!   Here’s what every parent needs to know about CRS and why protecting your child is crucial.   #Rubella #MeaslesPrevention",https://www.instagram.com/p/DNxRDQj2D2b/,0,0,30,-1,NaN
334,dsphcda,2025-08-25T07:46:35.000Z,"Do you have questions about Measles and Rubella? We have answers for you.  Ask!!!  #measlesrubella  #Rubella #SPHCDA",https://www.instagram.com/p/DNxSbCT0Fic/,0,0,1,-1,NaN
335,ngabilasalama,2025-08-28T02:34:34.000Z,"💔patah hatiku melihat anak tak mendapat HAK sehatnya karena keputusan yang tidak bijak & tidak tepat. Ayo tabayyun sebelum memutuskan, antivax merapat!  Imunisasi adalah kerja bersama, cakupan hrs dijaga tinggi, merata, bermutu, minimal 95-100%. Klo byk yg ga diimunisasi, wabah pasti cepat menyebar  Semua ortu di Indo SEGERA lengkapi imunisasi ank! Klo sakit segera obati!  Lakukan surveilans imunisasi aktif pd kondisi wabah: detect, prevent, respond  Detect: diagnosis kasus campak klinis dan konfirmasi laboratorium darah sebanyak mungkin, isolasi segera di rumah / RS untuk memutus mata rantai penularan  Prevent: sweeping imunisasi anak, lengkapi segera, berikan imunisasi tambahan campak rubella di daerah wabah (ORI / outbreak response immunization)  Respond: tatalaksana segera selain diisolasi berikan obat2an seperti vitamin A utk cegah kebutaan, nutrisi yg baik, perbaikan kebersihan lingkungan dan sanitasi di rmh dan sekolah  Kenapa bisa wabah? Cakupan imunisasi tidak tinggi, merata, bermutu. Tinggi artinya cakupan imunisasi anak harus 95-100%. Ada 15 jenis imunisasi GRATIS dr pemerintah dr bayi baru lahir, balita, anak SD, wanita usia subur  Apa yg menyebabkan orang kena campak? Tidak vaksin campak sama sekali, tidak vaksin campak lengkap saat bayi, balita, SD, gizi kurang atau buruk, lingkungan sanitasi rumah tidak bersih, ventilasi udara dan cahaya buruk. Campak menular lewat udara (airborne dan droplet). Semua merk vaksin aman, sehat, halal, bermanfaat, berkualitas. Sukseskan imunisasi ORI di sumenep oleh semua pihak dgn target 95-100% tercapai melalui tokoh masyarakat dan ank  Anak yg tidak vaksin tampak sehat? Ada 4 kondisi pd anak tsb: suatu saat bisa sakit sd meninggal, jadi carrier pembawa penyakit dan menularkan orang lemah seperti lansia, bumil & balita, biang kerok mutasi virus, penyebab wabah  Imunisasi seperti sabuk pengaman, kadang abai tidak dipakai, tp jika ada kecelakaan (sakit) sabuk pengaman akan jadi pelindung agar tidak meninggal. Anak yg divaksin masih bs sakit karena ada pengaruh dari imunitas dan komorbid tiap anak, tp anak yang divaksin jika sakit tidak akan berat / meninggal #campak #rubella #vaksin #vaksinasi #imunisasi #KLB #wabah",https://www.instagram.com/p/DN4dGY4Enwh/,15,0,159,-1,NaN
336,bergmanpediatrics,2025-08-27T18:26:31.000Z,"Not all rashes are the same! From measles to chickenpox, discover the most common childhood rashes, their symptoms, and what parents should look for. Read the full blog at Bergman Pediatrics (link in bio). #Pediatrics #ChildHealth #ParentTips #BergmanPediatrics #ChildHealth #ParentingTips #HealthyKids #PediatricCare #RashAwareness #ChildhoodRashes #Measles #ScarletFever #Rubella #Chickenpox #HandFootMouth #Roseola #Impetigo #FifthDisease #ParentEducation #FamilyWellness",https://www.instagram.com/p/DN3lP03UiOr/,0,0,1,-1,NaN
337,stellakasihmc,2025-08-28T09:34:21.000Z,"𝐀𝐤𝐭𝐢𝐯𝐢𝐭𝐢 𝐈𝐦𝐮𝐧𝐢𝐬𝐚𝐬𝐢 𝐓𝐚𝐦𝐛𝐚𝐡𝐚𝐧 𝐌𝐞𝐚𝐬𝐥𝐞𝐬 𝐑𝐮𝐛𝐞𝐥𝐥𝐚 (𝐌𝐑 𝐒𝐈𝐀)⁣ ⁣ 𝐒𝐭𝐞𝐥𝐥𝐚 𝐊𝐚𝐬𝐢𝐡 𝐌𝐞𝐝𝐢𝐜𝐚𝐥 𝐂𝐞𝐧𝐭𝐫𝐞 dengan kerjasama 𝐏𝐞𝐣𝐚𝐛𝐚𝐭 𝐊𝐞𝐬𝐢𝐡𝐚𝐭𝐚𝐧 𝐃𝐚𝐞𝐫𝐚𝐡 𝐏𝐮𝐭𝐫𝐚𝐣𝐚𝐲𝐚 menganjurkan Program Vaksin Campak bagi memberi peluang kepada ibu bapa melindungi si manja dalam suasana selesa.⁣  ⁣ 💖VAKSIN CAMPAK PERCUMA 💖BAUCAR BERNILAI RM30 💖 HADIAH MISTERI MENANTI ANDA ⁣ 📅 6hb September 2025- 4hb Oktober 2025⁣ 🕘 9:00AM - 1:00PM⁣ 📍 Stella Kasih Medical Centre, Presint 8, Putrajaya⁣ ⁣ Sila imbas QR kod di atas poster utk maklumat selanjutnya. ⁣ ⁣ Terima Kasih.⁣ ⁣⁣ ┏━━━━━━━━━━━━━━━━━━━┓⁣⁣⁣⁣⁣ 📣#stellakasihmedicalcentre📣⁣⁣⁣⁣⁣ ┗━━━━━━━━━━━━━━━━━━━┛⁣⁣⁣⁣⁣ ⁣⁣⁣⁣⁣ ⚡Untuk keterangan lebih lanjut , sila hubungi kami atau tetapkan temujanji anda sekarang! ⚡⁣⁣⁣⁣⁣ ⁣⁣⁣⁣⁣ 🚨 +6010-559 7988 - 𝐔𝐧𝐢𝐭 𝐊𝐞𝐜𝐞𝐦𝐚𝐬𝐚𝐧 https://wa.me/message/3HCI2Z6MMI5FA1⁣⁣⁣⁣⁣ 📞+ 6010-556 7988 - 𝐊𝐥𝐢𝐧𝐢𝐤 𝐏𝐚𝐤𝐚𝐫 https://wa.me/message/FWMS3RUDX7P2G1⁣⁣⁣⁣⁣ 📱 +6010-551 7988 - 𝐓𝐚𝐥𝐢𝐚𝐧 𝐏𝐞𝐫𝐭𝐚𝐧𝐲𝐚𝐚𝐧 https://wa.me/message/J4VQKVIW7YCNC1⁣⁣⁣⁣⁣ ⁣⁣⁣⁣⁣ 📧 bdm@stellakasih.com⁣⁣⁣⁣⁣ 🌐 www.stellakasih.com⁣⁣⁣ ⁣⁣ ⁣⁣⁣ 🎯 Ikuti kami di 𝗧𝗶𝗸𝘁𝗼𝗸 : https://www.tiktok.com/@stellakasihmedicalcentre?_t=ZS-8wAlRC8xRTd&_r=1⁣⁣⁣⁣⁣ ⁣⁣⁣⁣⁣ 🎯 Ikuti kami di 𝗜𝗻𝘀𝘁𝗮𝗴𝗿𝗮𝗺 : http://www.instagram.com/stellakasihmc ⁣⁣⁣⁣⁣ ⁣⁣⁣⁣⁣ 🎯 Ikuti kami di 𝗙𝗮𝗰𝗲𝗯𝗼𝗼𝗸 : https://www.facebook.com/profile.php?id=100085059250194⁣⁣⁣⁣⁣ ⁣⁣⁣⁣ #Stellakasih #stellakasih #nurturinghealthenrichinglives #presint8 #putrajaya #swasta #KKM #measles #rubella #demamcampak",https://www.instagram.com/p/DN5NJAlCci3/,0,0,4,-1,NaN
338,ciknorfaziela,2025-08-27T11:13:46.000Z,"Saya sudah😍😍 #rubella",https://www.instagram.com/p/DN2zuTK0lG4/,0,0,3,-1,NaN
339,pan_ngr,2025-08-26T06:10:59.000Z,"PAN immunization champion at the Measles Rubella advocacy which was flagged off by the wife of the Kastina State Governor.  #rubella  #immunizationchampions  #paediatricassociationofnigeria  #advocacy",https://www.instagram.com/p/DNzsRx7UDk3/,0,0,11,-1,NaN
340,gautengdepartmentofeducation,2025-09-03T03:50:00.000Z,"#Measles & #Rubella are preventable. Together, let’s stop the spread!  Children aged 6 months – 15 years can get vaccinated at schools, crèches, malls & more until 12 Sept 2025.  Parents, please ensure you fill in and sign the consent form for your child to be vaccinated. You may enquire at your nearest clinic for more details about the campaign.  Let’s protect our children’s lives together!   #VaccinesSaveLives #GrowingGautengTogether #Immunisation",https://www.instagram.com/p/DOICi-ejZG8/,0,0,11,-1,NaN
341,epidlife.az,2025-08-26T09:53:51.000Z,"Ümumdünya Səhiyyə Təşkilatı Nepalda məxmərək xəstəliyinin ictimai sağlamlıq problemi kimi aradan qaldırıldığını elan etdi, bu, öz xalqını peyvəndlə qarşısı alına bilən xəstəliklərdən qorumaq üçün birgə səylər göstərən bir ölkə üçün əlamətdar bir nailiyyətdir. Rubella və ya alman qızılcası yüksək yoluxucu virus infeksiyasıdır. Bu, hamilə qadınlar üçün xüsusilə təhlükəlidir, çünki bu, aşağıya, ölü doğuşa və ya ömür boyu davam edə biləcək bir sıra ağır anadangəlmə qüsurlara səbəb ola bilər. Bununla belə, məxmərək xəstəliyinin qarşısını təhlükəsiz və sərfəli peyvəndlərlə almaq olar.  #epidlife #tibdəbugün #ümumdünyasəhiyyətəşkilatı #məxmərək #rubella",https://www.instagram.com/p/DN0FyE4Wn_H/,0,0,1,-1,NaN
342,cassiechah,2025-09-01T16:56:43.000Z,"免费打rubella booster😌 #rubella #injection",https://www.instagram.com/p/DOES8d4k8zJ/,3,0,17,-1,NaN
343,ukhsa,2025-09-02T15:30:11.000Z,"ICYMI: From January 2026, a free #chickenpox vaccination programme will protect around half a million children each year.  Eligible children will get an #MMRV vaccine to protect against #measles, #mumps, #rubella and chickenpox.  Read the full story here: https://bit.ly/4lZ14Bp",https://www.instagram.com/p/DOGt1R_jvdL/,2,0,110,-1,NaN
344,study_monk_,2025-08-25T05:54:01.000Z,"ನೇಪಾಳದಲ್ಲಿ “ರುಬೆಲ್ಲಾ” ನಿರ್ಮೂಲನೆ – ವಿಶ್ವ ಆರೋಗ್ಯ ಸಂಸ್ಥೆಯ ಘೋಷಣೆ  🗞️ ಅಂತರಾಷ್ಟ್ರೀಯ ಸುದ್ದಿಗಳು  ✍️ ನೇಪಾಳವು “ರುಬೆಲ್ಲಾ” (Rubella/German Measles) ರೋಗವನ್ನು ಸಾರ್ವಜನಿಕ ಆರೋಗ್ಯ ಸಮಸ್ಯೆಯಾಗಿ ಯಶಸ್ವಿಯಾಗಿ ನಿವಾರಣೆ ಮಾಡಿದೆ.  🔬 ರುಬೆಲ್ಲಾ ಎಂದರೇನು?  ✍️ ರುಬೆಲ್ಲಾ ಅಥವಾ “German Measles” ಒಂದು ಅತಿ ಸಾಂಕ್ರಾಮಿಕ ವೈರಸ್ ರೋಗ.  ✍️ ಸಾಮಾನ್ಯವಾಗಿ ಮಕ್ಕಳಲ್ಲಿ ಜ್ವರ, ಚರ್ಮದ ಮೇಲೆ ಕೆಂಪು ಚುಕ್ಕೆಗಳು ಕಾಣಿಸುತ್ತವೆ.  ✍️ ಗರ್ಭಿಣಿಯರಿಗೆ ಇದು ಅತ್ಯಂತ ಅಪಾಯಕಾರಿಯಾದದ್ದು:  ✍️ ಆದರೆ, ರುಬೆಲ್ಲಾ ಸಂಪೂರ್ಣವಾಗಿ ರೋಗನಿರೋಧಕ ಲಸಿಕೆಗಳಿಂದ ತಡೆಯಬಹುದಾದ ರೋಗ.  🔬 ರುಬೆಲ್ಲಾ ಹರಡುವಿಕೆ!!!  ✍️ ನೀವು ಕೆಮ್ಮಿದಾಗ, ಸೀನಿದಾಗ ಅಥವಾ ವೈರಸ್ ಇರುವ ಮೇಲ್ಮೈಗಳನ್ನು ಸ್ಪರ್ಶಿಸಿದಾಗ ರುಬೆಲ್ಲಾ ವೈರಸ್ ವ್ಯಕ್ತಿಯಿಂದ ವ್ಯಕ್ತಿಗೆ ಹರಡುತ್ತದೆ.  ✍️ ಇದು ಗರ್ಭಿಣಿ ಮಹಿಳೆಯಿಂದ ಭ್ರೂಣಕ್ಕೂ  ಹರಡಬಹುದು.  🔬 ಲಸಿಕೆ ಲಭ್ಯವಿದೆ !!!!  ✍️ MMR ಲಸಿಕೆ ಎಂದರೆ ದಡಾರ, ಮಂಪ್ಸ್ ಮತ್ತು ರುಬೆಲ್ಲಾ ರೋಗಗಳಿಂದ ರಕ್ಷಿಸುವ ಲಸಿಕೆ. [ The MMR vaccine is a vaccine against measles, mumps, and rubella ]  ಸುದ್ದಿಯ ಮೂಲ: https://www.who.int/southeastasia/news/detail/18-08-2025-nepal-eliminates-rubella  #studymonk #currentaffairs #civilservice #mmrvaccine #rubella #nepal #who",https://www.instagram.com/p/DNxFioS3s_L/,0,0,12,-1,NaN
345,jennilyncafirma,2025-08-26T00:55:57.000Z,"#rubella #donevaccine #freefromrhu #hilightseveryonefollowers2025",https://www.instagram.com/p/DNzIOQO5vzQ/,0,0,0,-1,NaN
346,aquatreattherapy.id,2025-08-26T12:13:15.000Z,"Tahukah kamu kalau rahim bisa melebar hingga 500 kali lipat saat hamil?  Banyak fakta unik dan luar biasa tentang rahim yang mungkin belum kita ketahui. Swipe untuk tahu 5 fakta menariknya 👉  Karena menjaga kesehatan rahim berarti menjaga masa depan 🌸  “  Kontak Info: 0812 1316 824 (H. Hamdi) 089669444387 (mba Diyah)  Jangan sampai lewatkan dan sampai jumpa! ✨  #Aquatreattherapy #Aquatreattherapyindonesia #AQTI #TORCH #TORCHdanSolusinya #Tokso #Rubella #CMV #Herpes #Seminar #Tokso #Toxoplasmagondii #Sulithamil #Gagalhamil #tipshamil",https://www.instagram.com/p/DN0VvAh4i9a/,0,0,23,-1,NaN
347,tnpscunlimited,2025-08-24T16:20:36.000Z,"The World Health Organization (WHO) recently announced that Nepal has eliminated rubella as a public health problem. Rubella, also called German measles or three-day measles, is a contagious viral infection known for its red rash. It is caused by the Rubella virus, a single-stranded RNA virus, different from the measles virus. Rubella spreads through coughing, sneezing, contaminated surfaces, and from mother to fetus during pregnancy. This can lead to fetal death or Congenital Rubella Syndrome (CRS), causing hearing loss, eye and heart defects, autism, diabetes mellitus, and thyroid problems.  TNPSC Unlimited App Best App for TNPSC Exam Preparation  Link in bio 🤳   ⚜️ Free Mock Test  ⚜️ Premium membership with discount price  ⚜️ Past year Questions  ⚜️ Current Affairs  ⚜️ Subject wise Questions (History, Geography, Polity, Economy, தமிழ், English, Aptitude, Physics, Chemistry, Botany, Zoology etc..)  ⚜️ Available both in English and Tamil  ⚜️ 26,000+ Questions with Explanation  ⚜️ Unlimited Mock Tests including full prelims test.  ⚜️ Suitable for all tnpsc groups exams.   *_New Updates_*   ▪️New Revision Mode for learning ▪️New Revised Questions  Follow @tnpscunlimted for daily updates  #rubella #measles #campak #mumps #herbanit #cmv #toxo #covid #herbaltorch #mmr #vaccine #herpes #vaccines #terapitorch #polio #hamilsehat #agenherbanitcilacap #agenherbanitjawatengah #terapikehamilan #vaccination #health #keguguran #imunisasi #coronavirus #vaccineswork #tnpsc #vaksin #torch #programhamil #medicine",https://www.instagram.com/p/DNvoc4j5OnZ/,0,0,8,-1,NaN
348,emmaworld02,2025-08-24T10:30:07.000Z,"#currentaffairs #currentaffairschallenge #generalknowledgequestions #generalknowledgeindia #hpgk #himachalgk #HPPSC #examchallenge #ExamPreparationTips #ssc_auto_pass_challenge #SDM ##DrishtiIASEnglish ##HPS #govtjobpreparation #examprep #rubella",https://www.instagram.com/p/DNvAV7MWpVf/,0,0,0,-1,NaN
349,gdcnursing,2025-09-03T12:30:23.000Z,"""GDC Nursing Flashcards: TORCH Infections at Your Fingertips!""  #TORCHinfections #NursingStudents #GDCNursingExam #Toxoplasmosis #Rubella #Cytomegalovirus #HerpesSimplex #Syphilis #PerinatalCare #ObstetricNursing #NeonatalCare #InfectiousDiseases #NursingFlashcards #NursingLife #NursingRevision #NursePrep #MedicalFlashcards #StudyNursing #NursingMadeEasy #ClinicalKnowledge #gdcnursing #chatgpt #google",https://www.instagram.com/p/DOI-FGkgNTi/,0,0,4,-1,NaN
350,orss.perioperative,2025-08-29T22:00:29.000Z,"Although most commonly found in children, perioperative professionals are still at a significant risk of exposure to Measles, Mumps, & Rubella viruses.   Therefore, if you are unsure of your vaccination history, or have only had one dose of the MMR vaccine, be sure to consult your primary care physician this vaccine season!  Visit the link below, from @cdcgov, to learn more about the MMR vaccine as well as their specific recommendations for healthcare professionals!  MMR Vaccine: https://conta.cc/4fUZQpo  Want to join the team? Apply today!: https://www.orstaffingsolutions.com  #ORSSCares #measles #mumps #rubella #perioperative #healthcare #staffing #agency #surgery #immunization #august",https://www.instagram.com/p/DN9HTJWiXzu/,0,0,0,-1,NaN
351,pkmdrsoetomo,2025-09-01T05:43:14.000Z,"Halo Sobat Sehat #MasTomo  Campak dan Rubella adalah penyakit menular yang bisa menyerang siapa saja, terutama anak-anak. Keduanya sama-sama ditularkan melalui percikan ludah (droplet) saat penderita batuk, bersin, atau kontak langsung.  Gejalanya tidak boleh dianggap sepele, mulai dari demam, ruam kemerahan, batuk, pilek, mata merah, hingga pembesaran kelenjar getah bening dan nyeri sendi. Pada kasus tertentu, penyakit ini bisa menimbulkan komplikasi serius yang berisiko menyebabkan cacat bahkan kematian.  💉 Salah satu cara pencegahan paling efektif adalah dengan imunisasi MR sesuai jadwal. Yuk, lindungi buah hati kita dengan imunisasi lengkap agar tumbuh sehat, terlindungi, dan bebas dari penyakit berbahaya.  #ImunisasiMR #Campak #Rubella #CegahLebihBaikDaripadaMengobati",https://www.instagram.com/p/DODF3xYkzNw/,0,0,9,-1,NaN
352,awanticlasses,2025-08-20T17:06:24.000Z,"Nepal has made history! The World Health Organization (WHO) has officially declared the country free of rubella. This is a monumental public health achievement, especially considering the nation has faced significant hurdles, including the COVID-19 pandemic and devastating natural disasters.  Nepal’s success is a case study in effective public health strategy, focusing on high vaccination coverage and robust surveillance systems. It shows the power of persistent, targeted efforts to eliminate vaccine-preventable diseases and protect future generations.  This is the kind of real-world impact that can inspire a career in public health. Dive into subjects like global health, policy, and infectious diseases with our comprehensive online courses.  #nepal #rubella #who #publichealth #globalhealth #vaccine #healthnews #awanticlasses #onlinelearning #socialgood #currentaffairs #edtech",https://www.instagram.com/p/DNlag4YugiC/,0,0,0,-1,NaN
353,gautengdepartmentofeducation,2025-08-21T09:45:17.000Z,"Protect Their Future – Vaccinate Now!  Children aged 6 months – 15 years can get vaccinated at schools, crèches, malls & more from 04 Aug – 12 Sept 2025.  💉 #Measles & #Rubella are preventable. Let’s stop the spread!  #VaccinesSaveLives #GrowingGautengTogether #Immunisation",https://www.instagram.com/p/DNnM09wMa4H/,34,0,52,-1,NaN
354,official_clearit,2025-08-24T04:01:01.000Z,"Rubella Eliminated in Nepal | 30 |  #Nepal #Rubella   For detailed and regular notes visit our telegram channel.  Link in Bio  Target CLAT 2026 Founder @shachi_.singh . .  #OneLinerGK #CLATPreparation #CLATAspirants #CLATStudyMaterial #LawAspirants #GKForCLAT #DailyGK #currentaffairs",https://www.instagram.com/p/DNuT0GIXuMI/,0,0,0,-1,NaN
355,evidencebasedfamily,2025-08-22T00:33:56.000Z,"Measles was eliminated in the USA in 2000, thanks to vaccines. Unfortunately, due to dropping vaccination rates we are seeing one of the worst outbreaks in over 30 years right now. I would argue the MMR shot is one of the most rigorously tested vaccines in the childhood schedule and no, it doesn’t cause autism. I vaccinated my youngest at 10 months old for some early protection, then went on to get his scheduled dose at 12 months. I also got my second son his MMRV early, just to be safe. MMR immunity is considered to be lifelong, although the rubella portion can possibly wane in women so they screen them during pregnancy to check. Did you know about immune amnesia caused by measles? #measles #measlesoutbreak #mmr #mmrvaccine #mmrvaccination #mmrvaccine #safety #safe #efficacy #ᴠᴀᴄᴄɪɴᴇssᴀᴠᴇʟɪᴠᴇs #vaccine #vaccinated #childhoodvaccines #pregnancy #rubella #mumps #meningitis #sspe #encaphalitis",https://www.instagram.com/p/DNoyhphv0kN/,7,0,49,-1,NaN
356,mahahealthiec,2025-08-19T06:33:36.000Z,"गोवर टाळता येतो! वेळीच लस घ्या आणि संसर्गापासून बचाव करा.  #measles #rubella #vaccination #childhealth #PublicHealthDepartment #GovernmentOfMaharashtra",https://www.instagram.com/p/DNhtTQ1pOwS/,0,0,15,-1,NaN
357,aeonmall_permas_jaya,2025-08-22T03:31:14.000Z,"Ibu dan ayah semua! Jom ke Aeon Mall Permas Jaya esok 👨‍👩‍👧‍👦  Kempen Aktiviti Pengukuhan Imunisasi Measles Rubella Daerah Permas (Measles Rubella Supplementary Immunization Activity = MR SIA)  bagi mengurangkan wabak measles (demam campak) di kalangan kanak-kanak terutamanya yang berumur bawah 5 tahun. 💉‼️  📅 Tarikh : 23 August 2025 (Sabtu) 📍 Lokasi : Ruang Legar, hadapan Jack Studio 👶🏻 kanak-kanak berusia 6 bulan sehingga 59 bulan  (lahir dari 1 Ogos 2020 – 31 Januari 2025)  🕚Waktu Beroperasi : 11pagi - 2petang  Vaksin ini diberikan secara PERCUMA tanpa mengira status vaksinasi dan kewarganegaraan.  #AEONPermasJayaShoppingCentre  #kempenimunisasivaksin #Measles #Rubella #KKMasai",https://www.instagram.com/p/DNpG0K-z0wU/,0,0,0,-1,NaN
358,nphcda,2025-08-20T10:29:09.000Z,"Got questions about Measles and Rubella? We’ve got the answers! 🧾💉  #MeaslesAwareness #Rubella #NPHCDA",https://www.instagram.com/p/DNktDYlMRoW/,1,0,18,-1,NaN
359,healthyaadaayo,2025-08-19T13:14:54.000Z,"Health Yaad Aayo proudly joins the nation in celebrating a historic milestone—the World Health Organization (WHO) has confirmed rubella elimination in Nepal (August 2025).  Nepal has turned the page on rubella—a disease that once put mothers and children at grave risk. Through nationwide vaccination drives, strengthened disease monitoring, and expanded routine immunization, the country has achieved what once seemed impossible: rubella elimination.  This victory is more than a medical milestone—it is a testament to what can be accomplished when communities, health workers, and science come together with one shared goal: safeguarding every life.  #endofRubella #rubella #healthworkers #medicalmilestone #digitalhealth #healthyaadaayo #hya #Nepal",https://www.instagram.com/p/DNibOc6usCU/,0,0,4,-1,NaN
360,mahahealthiec,2025-08-22T09:09:30.000Z,"#गोवर आणि #रुबेलाचे लक्षणे आढळल्यावर काय करायचं? काळजी करू नका! बालकांचे #लसीकरण करून घ्या...   #Measles #Rubella #Vaccination #PublicHealthDepartment #GovernmentOfMaharashtra",https://www.instagram.com/p/DNpthq0J8Ed/,0,0,69,-1,NaN
361,hospitalseribotani,2025-08-23T04:01:19.000Z,"Let’s protect our little ones from measles and rubella 💉🦠  We’re proud to collaborate with 𝗞𝗹𝗶𝗻𝗶𝗸 𝗞𝗲𝘀𝗶𝗵𝗮𝘁𝗮𝗻 𝗚𝘂𝗻𝘂𝗻𝗴 𝗥𝗮𝗽𝗮𝘁 yesterday to carry out the 𝗠𝗲𝗮𝘀𝗹𝗲𝘀-𝗥𝘂𝗯𝗲𝗹𝗹𝗮 (𝗠𝗥) 𝗜𝗺𝗺𝘂𝗻𝗶𝘀𝗮𝘁𝗶𝗼𝗻 for children aged 𝟲 𝗺𝗼𝗻𝘁𝗵𝘀 𝘁𝗼 𝟱𝟵 𝗺𝗼𝗻𝘁𝗵𝘀.  Walk-ins are welcome at Klinik Kesihatan Gunung Rapat during these hours:   🗓 𝗠𝗼𝗻𝗱𝗮𝘆 – 𝗙𝗿𝗶𝗱𝗮𝘆: 8.00 AM – 4.00 PM   - Break (Mon – Thurs): 1.00 PM – 2.00 PM  - Break (Friday): 12.15 PM – 2.45 PM   🗓 𝗦𝗮𝘁𝘂𝗿𝗱𝗮𝘆: 8.00 AM – 1.00 PM   ✅  𝗙𝗿𝗲𝗲 𝗳𝗼𝗿 𝗮𝗹𝗹 𝗰𝗵𝗶𝗹𝗱𝗿𝗲𝗻, including non-citizens  Spread the word and keep our children safe from measles and rubella.   #StopMeasles #ProtectOurChildren #HentikanDemamCampak #LindungiAnakKita #Measles #Rubella #Immunisation #AffordableHealthcare #HospitalSeriBotani #HSBCares",https://www.instagram.com/p/DNrvDcS0IMe/,0,0,14,-1,NaN
362,macgill_schoolnurse_supplies,2025-08-22T11:00:18.000Z,"#susceptiblitylist #schoolexclusion #disease #outbreak #diseaseoutbreak #vaccines #immunization #immunizations #measles #mumps #whoopingcough #rubella #kidshealth #studentshealth #schoolpolicies #school #healthoffice #schoolnurses #nursesupplies #macgill #instahealth",https://www.instagram.com/p/DNp6MubszYs/,0,0,6,-1,NaN
363,zenitheducationjaipur,2025-08-21T11:45:53.000Z,"Comment your answer below 👇 . . . . #Rubella #Virus #Infectious Disease #ScienceQuiz #HealthAwareness #Nepal #WHO #UnitedNations #RecentNews #zenitheducation",https://www.instagram.com/p/DNnajQXPcwy/,0,0,11,-1,NaN
364,myrepublicaofficial,2025-08-19T07:05:05.000Z,"Rubella, also called German measles, is a highly contagious disease caused by the rubella virus, which appears similar to measles.   Read more at myrepublica.com or simply tap the link in bio.  #RepublicaDaily #RepublicaNepal #Rubella #WorldHealthOrganization #WHO #Health",https://www.instagram.com/p/DNhw5xhtmGy/,0,0,1,-1,NaN
365,mysmfm,2025-08-19T14:00:35.000Z,"Measles, a preventable disease through vaccination, is a highly contagious illness that spreads easily through respiratory droplets. The risk for infection is increasing in some parts of the US due to pockets of unvaccinated populations, vaccine misinformation, and imported cases due to travel.   Having measles during pregnancy can increase the chance of serious problems for mom and baby. The newly developed flowchart, developed by SMFM and MotherToBaby, can help patients determine their protection status against measles before pregnancy, during pregnancy, and postpartum. Download, print, and share this resource with your patients. Available in English and Spanish 🔗www.smfm.org/measles  #MMR #Measles #Mumps #Rubella #VaccinesWorks #PatientCare #MFM #MaternalFetalMedicine #Pregnancy",https://www.instagram.com/p/DNigcmoO7A8/,0,0,62,-1,NaN
366,puskesmas_putatjaya,2025-08-19T11:55:59.000Z,"Hallo #dulursehatsurabaya  Mari kita cegah Rubella dengan Vaksin MR ♡ Lengkapi Vaksin MR untuk anak kita semua, jangan sampai kita menemukan tanda dan gejala penyakit campak pada anak kita...  Jika bisa kita cegah penyakitnya, kenapa harus menunggu sakit?  #vaksinMr #CampakRubella #Rubella #tandadangejalacampak #sehatsurabayaku  #BIAS #bulanImunisasianaksekolah",https://www.instagram.com/p/DNiSGqezl0_/,0,0,3,-1,NaN
367,menews247,2025-08-19T09:37:29.000Z,"Nepal is the latest country to eliminate rubella   Nepal has officially eliminated rubella as a public health threat, the World Health Organization (WHO) confirmed on August 18, 2025. The announcement comes after more than a decade of expanded vaccination efforts and health surveillance reforms across the Himalayan nation.  Read the full story ➡ link in bio  #Nepal #WHO #rubella #Germanmeasles #globalhealth #menews247",https://www.instagram.com/p/DNiCWEMxo9C/,0,0,1,-1,NaN
368,jessicamukuan,2025-08-22T02:19:13.000Z,"BIAN ( bulan imunisasi anak nasional ) #school #campak #rubella Giorgino Stillon Mailangkay",https://www.instagram.com/p/DNo-ks2v6NF/,0,0,0,-1,NaN
369,thereportingladies,2025-08-19T08:38:27.000Z,"Nepal has officially eliminated rubella as a public health problem, the WHO announced. The milestone follows a decade of sustained immunisation efforts, beginning in 2012 with a nationwide vaccination campaign for children and the inclusion of a second dose in 2016. Despite challenges such as the COVID-19 pandemic and major earthquakes, Nepal achieved over 95% vaccine coverage by early 2024. WHO credited the success to strong government commitment, healthcare workers, volunteers, and community support, marking a major step toward protecting mothers and babies from rubella-related complications.  #rubella #nepal #nepalnews #WHO #UN #health #thereportingladies",https://www.instagram.com/p/DNh7lq9JiNa/,0,0,10,-1,NaN
370,omyaica,2025-08-21T02:23:41.000Z,"BIAS (Bulan Imunisasi Anak Sekolah)  Bersama SDS Dewi Kartini...   #campak #rubella #HPV",https://www.instagram.com/p/DNmaSj0RSBo/,1,0,7,-1,NaN
371,drishtiias,2025-08-20T12:30:26.000Z,"प्रिय विद्यार्थियो, . इस क्विज़ में हम डेली की करेंट न्यूज़ के आधार पर आपसे प्रश्न पूछते हैं, इसका उत्तर आपको कमेंट बॉक्स में देना है। . #Rubella #Virus #InfectiousDisease #ScienceQuiz #HealthAwareness #Nepal #WHO #UnitedNations #RecentNews #DrishtiIAS",https://www.instagram.com/p/DNk67LmMV5r/,285,0,1500,-1,NaN
372,shrigspoint,2025-08-22T09:30:09.000Z,"General Studies (GS) रूबेला संक्रामक विषाणुजनित रोग  #shrigspoint #रूबेला #Rubellainfectiousviraldisease #Rubella",https://www.instagram.com/p/DNpv49Lsxxt/,0,0,0,-1,NaN
373,anylabtestnowsummerlinnv,2025-08-12T21:01:06.000Z,"Celebrate International Youth Day by ensuring a healthy start to the school year! Get your Student Titers Panel at Any Lab Test Now for essential immunizations like Measles, Mumps, Rubella, and Varicella. Quick and easy! #YouthDay #TitersTest #TitersTesting #CheckYourImmunity #titerlevel #Immunizationtiter #measles #measlestest #measlestiter #measlestiterlevel #measlestitertest #studenttiter #studenttitertest #TBtest #MMRtiter #mumpstiter #rubella #rubellatiter #mumps #varicella #varicellatiter #varicellatitertest #rubellatitertest #mumpstitertest #hepatitis #hepatitisb #hepatitisbtest #hepatitisbtiter #hepatitisbtitertest",https://www.instagram.com/p/DNRPAeMSKoG/,0,0,0,-1,NaN
374,sondeolatino,2025-08-18T15:59:33.000Z,"🔴 | Gracias a una campaña de vacunación intensiva, Nepal elimina la rubéola como problema de salud pública pese a años de pandemia, pobreza y desastres naturales  ✅ | #Salud #SondeoRDNews  #RD  En una región marcada por desafíos geográficos extremos, recursos limitados y desastres naturales recurrentes, un pequeño país asiático ha dado un paso colosal en la historia de la salud pública global. Nepal ha sido declarado libre de rubéola como problema de salud pública, convirtiéndose en el sexto país del sudeste asiático en lograrlo y el primero en hacerlo tras el duro golpe de la pandemia de COVID-19 y los terremotos que sacudieron su territorio en 2015 y 2023.  El anuncio fue realizado por la Organización Mundial de la Salud (OMS) este 18 de agosto de 2025, tras una evaluación técnica realizada por la Comisión Regional de Verificación para la Eliminación del Sarampión y la Rubéola (SEA-RVC). La decisión se basó en una revisión exhaustiva de los datos de vigilancia epidemiológica y de cobertura de vacunación, donde Nepal demostró niveles sostenidos de control y ausencia de transmisión endémica del virus.  Lo que hace aún más notable este logro es que llega un año antes del objetivo regional fijado para 2026, cuando los países del sudeste asiático se comprometieron a erradicar tanto el sarampión como la rubéola. En un contexto donde muchos sistemas de salud aún se están recuperando de los estragos de la pandemia, el caso nepalí sobresale como un modelo de resiliencia, cooperación comunitaria y eficacia en salud pública.  Congratulations! #Nepal 🇳🇵 has eliminated #rubella as a public health problem, becoming the sixth country in @WHOSEARO to do so.This success reflects the commitment & efforts of leaders, health workers, volunteers & community members to ensure a healthy start for babies & a… pic.twitter.com/ibRXOp1rWH— World Health Organization (WHO) (@WHO) August 18, 2025  Una amenaza silenciosa  La rubéola, también conocida como sarampión alemán, es una infección vírica altamente contagiosa que suele manifestarse con síntomas leves o incluso pasar desapercibida en los adultos. Sin em",https://www.instagram.com/p/DNgJRGSTKOS/,0,0,0,-1,NaN
375,whonepal,2025-08-18T11:47:55.000Z,"🗨️ A message from Honourable Minister of Health and Population Mr Pradip Paudel recognizing the national #immunization program and the vital support of Gavi, the Vaccine Alliance, World Health Organization (WHO), health workers, and volunteers in achieving #rubella elimination as a public health problem in #Nepal ahead of the regional target.    **  🗨️ नेपालले क्षेत्रीय लक्ष्यभन्दा अघि नै रुबेलालाई जनस्वास्थ्य समस्याको रूपमा निवारण गर्न सफल भएकोमा, राष्ट्रिय खोप कार्यक्रमको अग्रणी भूमिका तथा गाभी, विश्व स्वास्थ्य संगठन, स्वास्थ्यकर्मी र महिला सामुदायिक स्वास्थ्य स्वयंसेविकाहरूले पुर्‍याएको महत्वपूर्ण योगदानको कदर गर्दै स्वास्थ्य तथा जनसंख्या मन्त्री माननीय श्री प्रदीप पौडेलको सन्देश।  #NepalEliminatesRubella",https://www.instagram.com/p/DNfsej2teeT/,0,0,49,-1,NaN
376,hamaremath,2025-08-18T11:29:14.000Z,"ਬਠਿੰਡਾ ਜ਼ਿਲ੍ਹੇ ਵਿੱਚ ਸਿਹਤ ਵਿਭਾਗ ਵੱਲੋਂ 18 ਤੋਂ 23 ਅਗਸਤ ਤੱਕ ਵਿਸ਼ੇਸ ਹਫ਼ਤਾਵਾਰੀ ਟੀਕਾਕਰਨ ਮੁਹਿੰਮ ਚਲਾਈ ਜਾ ਰਹੀ ਹੈ। ਇਸ ਮੁਹਿੰਮ ਦਾ ਮੁੱਖ ਉਦੇਸ਼ 0-5 ਸਾਲ ਦੇ ਬੱਚਿਆਂ ਦਾ ਮੁਕੰਮਲ ਟੀਕਾਕਰਨ ਅਤੇ ਗਰਭਵਤੀ ਔਰਤਾਂ ਦੀ ਸੁਰੱਖਿਆ ਹੈ। ਮੁਹਿੰਮ ਦੌਰਾਨ ਪ੍ਰਵਾਸੀ ਆਬਾਦੀ ਅਤੇ ਸਲੱਮ ਖੇਤਰਾਂ ਵਿੱਚ ਵਿਸ਼ੇਸ ਧਿਆਨ ਦਿੱਤਾ ਜਾਵੇਗਾ। ਖਸਰਾ ਅਤੇ ਰੁਬੇਲਾ ਨੂੰ ਪੂਰੀ ਤਰ੍ਹਾਂ ਖਤਮ ਕਰਨ ਲਈ ਐਮ ਆਰ-1 ਅਤੇ ਐਮ ਆਰ-2 ਦੀ 100% ਕਵਰੇਜ ਯਕੀਨੀ ਬਣਾਈ ਜਾਵੇਗੀ। #Bathinda #VaccinationDrive #ChildHealth #PregnantWomen #ImmunizationWeek #MR1 #MR2 #TD10 #TD16 #UniversalImmunization #Polio #Measles #Rubella #PreventDisease #HealthAwareness #DropoutChildren #CommunityHealth #HealthForAll #SpecialCampaign #PunjabHealth",https://www.instagram.com/p/DNfqVoIsHEU/,0,0,0,-1,NaN
377,who.searo,2025-08-18T11:04:24.000Z,"Congratulating Nepal for eliminating #rubella as a public health problem, Dr Catharina Boehme, Officer-in-Charge, WHO South-East Asia, lauds Nepal's leadership, health care workers, volunteers, and communities, for their efforts to give babies a healthy start and a future free of rubella.  #HealthForAll #VaccinesWork #Immunization #PublicHealth #VaccinesSaveLives",https://www.instagram.com/p/DNfnfWfJqIk/,0,0,45,-1,NaN
378,sonamm_patel,2025-08-14T12:30:29.000Z,"It was my niece’s 7th birthday when we met her. She tried her best to play along with Nisham, but he wanted to play alone. A little upset, she asked her grandmother (my Badi Mummy), “Why isn’t bhaiya playing?”  Badi Mummy lovingly tried explaining a few things, and somewhere in that conversation came the word “special.” It was a commendable effort on her part though.   A little later, my niece came to me and asked, “Why is bhaiya special?” At first, I was a little surprised-maybe even shocked-and I asked her how she learned that word. She then poured out all the questions running in her mind: ""Bhaiya bachpan se hi chashma pehnta hai?"" ""Bhaiya kabhi baat nahi kiya?"" and so on.  I replied patiently, and she listened carefully, trying her best to understand.  So, how should you respond in such scenarios? If your kids meet any special needs child and ask you this question, here are a few gentle ways to explain:  1. Keep it simple and relatable- Use the words like -Different and unique as everyone is special in their own ways.  ""You know how everyone is different? Some people run fast, some love to draw, and some remember every detail of a story. Similarly Bhaiya is different and you are different.""  2. Highlight strengths, not just differences ""Bhaiya might take longer to talk or play games, but he’s amazing at remembering things, he loves hugs and he loves alphabets too.""   3. Use kindness as the foundation ""Being different doesn’t mean better or worse - it just means unique. And we treat everyone with the same kindness, no matter how they are.""  4. Make it feel natural, not medical Avoid jargon or diagnoses. At that age, children understand feelings and abilities better than medical explanations.  5. Encourage curiosity with empathy If they ask more, say, ""It’s okay to be curious, and it’s okay to ask. We just remember to speak with love."" So, always greet everyone with a smile, be kind and try to make them comfortable.   #inclusive #inclusion #parentingspecialneeds #specialneedsparenting #autismmom  #autismacceptance #adhd #rubella",https://www.instagram.com/p/DNVeMubBeMk/,18,0,3,-1,NaN
379,mahahealthiec,2025-08-18T07:36:03.000Z,"गोवर हा गंभीर संसर्गजन्य आजार असून त्यापासून बचावासाठी वेळेवर लसीकरण करणे अत्यंत आवश्यक आहे  #measles #rubella #vaccination #childhealth #PublicHealthDepartment #GovernmentOfMaharashtra",https://www.instagram.com/p/DNfPp0fpMOs/,0,0,46,-1,NaN
380,scalpel_squad_medical,2025-08-18T13:11:51.000Z,"Nepal eliminates Rubella.#who #rubella #medicalnews #publichealth #mbbs #scalpelsquadmedical",https://www.instagram.com/p/DNf2FTYM4Ct/,0,0,63,-1,NaN
381,drnndumapaed,2025-08-15T09:25:29.000Z,"A crucial vaccination campaign for measles and rubella is happening now  for children aged 6 months to 15 years.   This is our best chance to prevent outbreaks and keep your child protected. Please take your child to get them vaccinated if they haven't yet been.  If you need more information, please feel free to make an appointment with us.  #DrNNDuma #Paediatrician #Paed #children #campaign #vaccinated  #VaccinesSaveLives #Measles #Rubella #ChildHealth",https://www.instagram.com/p/DNXtymTNB43/,0,0,3,-1,NaN
382,opsharmagh_ztof,2025-08-14T03:29:06.000Z,"#nursing #chickenpox #measles #mumps #rubella #nursingexam",https://www.instagram.com/p/DNUgNmUJga6/,0,0,29,-1,NaN
383,hearlife_semarang,2025-08-13T07:13:27.000Z,"Minggu ini kita akan membahas tentang Congenital Rubella Syndrome (CRS) salah satu gangguan pada bayi yang lahir dari ibu yang terinfeksi Rubella.  Bagaimana sih kondisi CRS saat ini di dunia, seberapa pengaruh infeksi rubella pada ibu hamil pada bayi yang dilahirkan? Benarkah CRS adalah salah satu penyebab utama bayi lahir dengan gangguan dengar?  Yuk, simak dulu info grafisnya.  #congenitalrubellasyndrome #rubella #gangguanpendengaran #hearingloss #hearlifeindonesia",https://www.instagram.com/p/DNSVF4rP0LW/,0,0,2,-1,NaN
384,eloisatamon2019,2025-08-12T10:40:45.000Z,"#Bakuna Eskwela 2025#Measles#Rubella",https://www.instagram.com/p/DNQIBQvy7JY/,0,0,2,-1,NaN
385,mumsandbumsclinic,2025-08-13T07:01:27.000Z,"🚨 Breaking News: Measles Outbreak in Gauteng 🚨  Many of our parents are receiving this letter from Gauteng Health.   While the Mass Measles & Rubella Vaccination Campaign will be taking place in schools and ECD centres from 4 August – 12 September 2025, if you’d prefer not to have it done at school, you’re welcome to bring your child to our clinic for their vaccination.  💉 Who’s eligible? All children aged 6 months to under 15 years.  📈 Gauteng has already reported over 270 confirmed measles cases this year, and numbers are climbing.  Vaccination is safe and the best way to protect your child and our community from this highly contagious illness.  📖 For more information, read our blog: Measles Outbreak 2025: Symptoms, Vaccine Info & Parent Guide https://www.mumsandbums.co.za/post/measles-outbreak-south-africa-2025-symptoms-vaccine-info  To book your child for the measles vaccine: 📞 064 508 1672 📧 info@mumsandbums.co.za  #Measles #Rubella #VaccinationDrive #ProtectOurChildren #MumsAndBumsClinic #GautengHealth",https://www.instagram.com/p/DNSTt8dsJ7d/,0,0,11,-1,NaN
386,amnion.clinic,2025-08-15T08:01:55.000Z,"🍼 Pemeriksaan TORCH Saat Hamil🧪 Melindungi buah hati dimulai sejak awal kehamilan 💖 TORCH adalah kelompok infeksi yang dapat membahayakan janin, seperti Toxoplasmosis, Rubella, CMV, Herpes, dan lainnya.  ⚠ Infeksi TORCH bisa menyebabkan keguguran, cacat lahir, hingga gangguan pertumbuhan. 📅 Waktu terbaik pemeriksaan adalah saat merencanakan kehamilan atau di trimester awal.  💡 Yuk, periksakan TORCH di Amnion Clinic untuk kehamilan yang lebih sehat dan aman!  📍 Park 8 Boulevard, Cikini Raya, Sektor 7 ☎ 0877-7810-8320 🔗 linktr.ee/amnion.clinic  #TORCH #KehamilanSehat #AmnionClinic #PemeriksaanKehamilan #MomToBe #CegahInfeksi #Rubella #Toxoplasma",https://www.instagram.com/p/DNXkOpQO-bi/,0,0,2,-1,NaN
387,unimed_hospital,2025-08-15T02:52:16.000Z,"#ЖИРЭМСЭН БОЛОН ЖИРЭМСЛЭХЭЭР ТӨЛӨВЛӨЖ БУЙ БҮСГҮЙЧҮҮД #TORCH ХАЛДВАРЫН ШИНЖИЛГЭЭНД ЗАЙЛШГҮЙ ХАМРАГДАХ ХЭРЭГТЭЙ. Жирэмсний явцад ургийн өсөлт зогсох, амьгүй төрөх, зулбах, ургийн гаж хөгжил үүсэх гэх мэт жирэмсний эмгэгүүдийн шалтгааныг хайх, эрсдэлийг тодорхойлох, урьдчилан сэргийлэх зорилгоор энэ шинжилгээг хийнэ. #TORCH #ХАЛДВАР #ГЭЖ #ЮУ #ВЭ? ТӨРӨХӨӨС ӨМНӨ БОЛОН ТӨРӨХ ҮЕД ЭХЭЭС УРАГТ ДАМЖДАГ БӨГӨӨД УРАГ БОЛОН НЯРАЙН ЭРТ, ХОЖУУ ҮЕИЙН ӨВЧЛӨЛД ХҮРГЭДЭГ БҮЛЭГ ХАЛДВАРУУДЫГ ХЭЛНЭ. 🟣 #TOXOPLASMOSIS -Токсоплазмоз шимэгчийн халдвар 🟣 #OTHER -Тэмбүү, гепатит, бүслүүр, үлд гэх мэт 6 төрлийн вирус. 🟣 #RUBELLA -Улаануудын вирус 🟣 #CYTOMEGALOVIRUS- /Бэлгийн замаар, амьсгалын замаар, шүлс өтгөн зэргээр халдварладаг Цитомегало вирус/ 🟣 #HERPES SIMPLEX VIRUS- Херпес вирус Хэн хамрагдах вэ? ✅ Жирэмсэн болон жирэмслэхээр төлөвлөж буй эмэгтэйчүүд. Бидний хичээл зүтгэл  Та #SONO болон #Storepay application ашиглан төлбөрөө хувааж төлөх боломжтой.  #ТАНЫ_ГЭР_БҮЛД_АЗ_ЖАРГАЛ_БЭЛЭГЛЭНЭ. ❤️❤️❤️❤️❤️ ЦАГИЙН ХУВААРЬ: Даваа – Баасан 𝟎𝟖:𝟎𝟎 – 𝟏𝟕:𝟎𝟎 Бямба, Ням 𝟎𝟗:𝟎𝟎 – 𝟏𝟓:𝟎𝟎 ХАЯГ: БГД, 𝟑,𝟒 хороололд Эх Нялхсын баруун урд Билэг их дэлгүүрийн замын эсрэг талд УТАС: 𝟕𝟕𝟎𝟎-𝟎𝟎𝟎𝟎",https://www.instagram.com/p/DNXAyn0zqto/,0,0,3,-1,NaN
388,immunize.ca,2025-08-11T16:50:10.000Z,"I vaccinate because rubella | https://www.immunize.ca/sites/default/files/because-rubella-e.png #DontLetHistoryRepeatItself #VaccinesWork #VaccinesSaveLives #GetImmunized #NIAM2025 #rubella",https://www.instagram.com/p/DNONfHORRF1/,0,0,4,-1,NaN
389,whonepal,2025-08-18T13:25:09.000Z,"🗨️ @WHO congratulates #Nepal 🇳🇵 on eliminating #rubella as a public health problem and reaffirms its commitment to supporting the country in sustaining this achievement and protecting every child from vaccine-preventable diseases.  **  🗨️ विश्व स्वास्थ्य संगठनले नेपाललाई 🇳🇵 जनस्वास्थ्य समस्याका रूपमा रहेको रुबेला रोग निवारण गर्न सफल भएकोमा  बधाई दिन्छ । साथै, यो उपलब्धि कायम राख्न र प्रत्येक बालबालिकालाई खोपबाट बचाउन सकिने रोगहरूबाट सुरक्षित राख्न  नेपाललाई निरन्तर सहयोग गर्ने आफ्नो प्रतिबद्धता व्यक्त गर्दछ ।   #NepalEliminatesRubella",https://www.instagram.com/p/DNf3mqFRRH5/,0,0,43,-1,NaN
390,who.searo,2025-08-18T09:27:45.000Z,"Congratulations #Nepal 🇳🇵 for eliminating #rubella as a public health problem.  This achievement showcases the country's commitment towards protecting its people from vaccine-preventable diseases.  #HealthForAll #VaccinesWork #Immunization #PublicHealth #VaccinesSaveLives",https://www.instagram.com/p/DNfcbgSsTv6/,3,0,73,-1,NaN
391,anylabtestnowsummerlinnv,2025-08-08T21:01:21.000Z,"Heading back to school? Make sure you're covered with our Student Titers Panel. Fast and reliable testing for essential immunizations. #BackToSchool #TitersTest #TitersTesting #titerlevel #Immunizationtiter #measles #measlestest #measlestiter #measlestiterlevel #measlestitertest #TB #TBtest #MMRtiter #mumpstiter #rubella #rubellatiter #mumps #varicella #varicellatiter #varicellatitertest #rubellatitertest #mumpstitertest #hepatitis #hepatitisb #hepatitisbtest #hepatitisbtiter #hepatitisbtitertest",https://www.instagram.com/p/DNG72weSP6E/,0,0,0,-1,NaN
392,riseandsmilenurseryschool,2025-08-10T08:58:26.000Z,"Good news parents. 🎉  We're excited to be part of a nationwide government vaccination program to protect against Measles and Rubella. 💉  This is a wonderful opportunity to protect your little one and our community.   All you need to do is fill in the consent form we sent home and send it back to us so your child doesn't miss out on this vital health protection. 🔝  Call us at 071 028 1257 with any questions. 😊  #VaccinationProgram #Measles #Rubella #EarlyChildhoodDevelopment #NurserySchool #RiseAndSmileNurserySchool",https://www.instagram.com/p/DNKyuIVNx-E/,0,0,1,-1,NaN
393,vaxiclinics,2025-08-08T06:28:08.000Z,"Giving the MMR vaccine protects against measles, mumps, and rubella. A crucial shot for infants, ensuring a lifetime of health and immunity. #MMRVaccine #InfantVaccination #Measles #Mumps #Rubella #ChildHealth #VaccinesWork #Immunization #Pediatrics #HealthyBabies #VaccineSafety #PublicHealth #PreventiveMedicine #Vaccinate #ProtectChildren",https://www.instagram.com/p/DNFX7i2tnOE/,0,0,1,-1,NaN
394,shiv.hospital369,2025-08-05T06:12:37.000Z,"#5vaccines #hepatitisb#rubella#tdap#influenza#HPV #shivhospitaljamngar",https://www.instagram.com/p/DM9nxRdMvuJ/,0,0,7,-1,NaN
395,cactus20220801,2025-08-09T20:25:23.000Z,"💐 #台北展覽 #StrangeandBeautiful #SoloExhibtion https://whimsyworks.co  💐 #EunjooKim https://kimeunjoo.com  💐 @eunjookim_artist https://www.instagram.com/eunjookim_artist  「奇異而美麗的事物們」 當彼此不同的世界相遇，便會產生微妙的緊張感與細緻的衝突。 透過填補缺口而生成的飽滿感，不那麼舒適卻甜美的連結，這一切交織成一個奇異而美麗的世界。 這次的展覽，講述的是【#김은주】長期以來所探索的主題：「不完美的接納」。 她創作了四位魔法少女——#Narace #나라체（娜蕾絲）、#Selva #밀림（瑟爾芙）、#Rubella #풍진（露貝拉）、#Tavi #타비（塔薇），她們擾亂既有的秩序、直面怪異與混沌，並在那之中顯現出潛藏的美。 擁有欲望、傷痕、匱乏、渴望與失落感，這些感受有時會被視為「奇怪」而被排斥，但她始終相信：正是這些情感，讓我們成為「人」。 不完美，讓人更真實；真實，因此而美麗。 透過創作，【#金恩珠】試圖擁抱這些不完美與衝突，在那其中捕捉「我與他人」、「自然與文明」、「理想與現實」彼此交錯時所綻放出的魔法時刻。  🖼️ #WhimsyWorks #奇想會 https://www.facebook.com/whimsyworksgallery  🖼️ @whimsyworks_ https://www.instagram.com/whimsyworks_  🖼️ #WaybyWod https://www.facebook.com/WaybyWod  🖼️ @way_bywod https://www.instagram.com/way_bywod  📅 展期：2025年7月25日－8月24日 📌 地址：106台北市大安區安和路一段21巷7號 ☎ 電話號碼：(02) 2772-0420 🈺 營業時間：13:00–19:00，[週二–週三] 公休 🚇 交通方式：MRT板南線「#忠孝敦化站」4號出口，租借YouBike微笑單車騎乘至「仁愛敦南圓環東南側」",https://www.instagram.com/p/DNJcis5TjqK/,0,0,36,-1,NaN
396,leashinirevathi,2025-08-04T15:47:18.000Z,"🧚🏻‍♀️TORCHES 🧚🏻‍♀️Powerful Prenatal blood test  Not every infection comes with a fever. Some come with lifelong consequences for your baby.  When you’re expecting a baby, it’s not just vitamins and scans that matter. Some silent infections can cross the placenta and affect your baby’s development.  That’s why doctors screen for a group of infections called:  🧬 TORCHES Antibodies  A powerful prenatal blood test — checking for infections that may harm a fetus.  🔍 What Does TORCHES Stand For?  T – Toxoplasmosis (Can come from undercooked meat or cat poop. May cause eye/brain issues in baby.)  O – Other: Includes syphilis, varicella, HIV, Zika, parvovirus B19  R – Rubella (German measles) (Can cause heart defects, deafness, or cataracts if mom is infected in early pregnancy.)  C – Cytomegalovirus (CMV) (Common virus that can cause hearing loss or learning delays in the newborn.)  H – Herpes Simplex Virus (HSV) (Risk of brain inflammation or severe neonatal infection.)  E/S – Enteroviruses, Syphilis, or Expanded depending on lab panels  🤰 Why It Matters:  ✅ Protects your baby from hidden infections ✅ Helps your doctor take action before it’s too late ✅ Detects IgM (recent infection) and IgG (past exposure or immunity)  TORCHES screening isn’t just a test. It’s a shield.  #PregnancyAwareness #TORCHTest #PrenatalCare #MaternalHealth #SilentInfections #BabySafety #TORCHScreening #HealthBeforeBirth #CMV #Rubella #Toxoplasmosis #SafeMotherhood",https://www.instagram.com/p/DM8Evf2vmeR/,0,0,7,-1,NaN
397,sonamm_patel,2025-08-07T15:30:07.000Z,"Being a special needs parent, life often feels like it’s on a loop. Work. Therapy. School. Meltdowns. Meals. Repeat.  Vacations? They’re not on the calendar. Because most days, we’re just trying to survive- financially, emotionally, and physically.  This week, we took a short staycation after my birthday. And this was the second vacation in the last 8 years.  Just a few days. Just to pause. And while I should’ve felt relaxed, I caught myself constantly feeling unworthy, useless and unhappy, planning things out. And more than me it was my husband stressing about so many things.   And then it hit me - ""I’m not used to taking breaks anymore."" Somewhere between doctor visits, therapies, meetings, I forgot how to rest. How to feel joy without guilt.  But no more. I’m slowly teaching myself that I deserve more than just “getting through the day.” I deserve rest. Peace. Laughter. Memories.  ✨ So here’s to unlearning survival mode. Here’s to embracing joy - even if it’s just a few days at a time.  And if you’re a special needs parent reading this- Please know: you deserve rest too. And it's okay!   #specialneedskids #SpecialNeedsParenting #confession #autism #adhd #rubella #congenitalrubellasyndrome #AutismMom #NeurodivergentParent #SurvivalMode",https://www.instagram.com/p/DNDxM0SBRwm/,31,0,129,-1,NaN
398,hearlife_indonesia,2025-08-11T03:08:02.000Z,"Semangat hari Senin!  Minggu ini kita akan membahas tentang Congenital Rubella Syndrome (CRS) salah satu gangguan pada bayi yang lahir dari ibu yang terinfeksi Rubella.  Bagaimana sih kondisi CRS saat ini di dunia, seberapa pengaruh infeksi rubella pada ibu hamil pada bayi yang dilahirkan? Benarkah CRS adalah salah satu penyebab utama bayi lahir dengan gangguan dengar?  Yuk, simak dulu info grafisnya.  #congenitalrubellasyndrome #rubella #gangguanpendengaran #hearingloss #hearlifeindonesia",https://www.instagram.com/p/DNMvasPyRas/,0,0,14,-1,NaN
399,immunize.ca,2025-08-07T14:00:12.000Z,"#ThrowbackThursday | I vaccinated because rubella. Time tested. Life saving. #GetImmunized | https://www.immunize.ca/sites/default/files/because-rubella-throwback-e.png #DontLetHistoryRepeatItself #VaccinesWork #VaccinesSaveLives #NIAM2025 #rubella",https://www.instagram.com/p/DNDm2jxq22s/,0,0,1,-1,NaN
400,bestmedhelp,2025-08-06T00:41:35.000Z,"DID YOU KNOW!🤔Rubella is also called the “German measles” but it’s not actually related to measles at all! A single vaccine dose can protect you for life. Stopping rubella helps prevent serious birth defects in babies. How amazing is that?  Our wonderful team Researcher- @shehzel_00786   Become a Member of bestmedhelp today for opportunities!💜  Link is in Bio   #rubella #rubellaawareness #Rubellaadvocate #nonprofitorganization #health #bestmedhelp #medicine #medical #highschool #nonprofit #volunteer",https://www.instagram.com/p/DM_mrlMxuSu/,2,0,23,-1,NaN
401,akermanmedicalpractice,2025-07-30T10:23:55.000Z,"The MMR vaccine protects against serious illnesses like #measles, #mumps, and #rubella. Make sure your child receives both doses for full protection. If they missed a dose, contact your GP to catch up.  Read more here: www.nhs.uk/vaccinations/mmr-vaccine/  #NHS #London #Lambeth",https://www.instagram.com/p/DMunwpjqPwv/,0,0,0,-1,NaN
402,zharfa_ayunda_bonde,2025-08-07T05:09:39.000Z,"Bulan imunisasi anak sekolah/Bias #Rubella #kls1",https://www.instagram.com/p/DNCqJ31Rxgx/,0,0,0,-1,NaN
403,immunize.ca,2025-08-06T11:00:12.000Z,"For health care professionals | Pocket Guide for Immunizers: #Measles, #Mumps, and #Rubella Vaccination | https://immunize.ca/sites/default/files/Resource%20and%20Product%20Uploads%20(PDFs)/Products%20and%20Resources/Measles/Pocket%20Guide/mmr_pocketguide_web_e.pdf #DontLetHistoryRepeatItself # VaccinesWork #VaccinesSaveLives #GetImmunized #NIAM2025",https://www.instagram.com/p/DNAtdTVK6ax/,0,0,4,-1,NaN
404,rchpfaisal10153,2025-07-31T04:37:44.000Z,"In line with Nigeria’s Measles and Rubella Elimination Strategic Plan (2019–2030), Kano State is intensifying efforts to strengthen measles outbreak preparedness, timely detection, and swift response to curb transmission and reduce the disease’s impact. To advance this goal, the Kano Center for Disease Control and Prevention, in collaboration with the SMOH KANO, Nigeria Centre for Disease Control, National Primary Health Care Development Agency, United State's CDC, and the AFENET Nigeria, has commenced a capacity-building training on Measles Outbreak Response (MOBR). The training is designed for frontline public health personnel at the local government level, including PHCCs, Disease Surveillance and Notification Officers (DSNOs), Assistant DSNOs, Local Immunization Officers (LIOs), and Health Educators, alongside relevant state officials and implementing partners. It aims to enhance their skills in outbreak preparedness, effective response, and conducting Measles Outbreak Root Cause Analysis (MORCA). The program is divided into two batches, each covering 22 out of the state’s 44 LGAs. The three-day sessions run from July 23 to 30, 2025. #surveillance #outbreakresponse #outbreak #measles #rubella Rchp Hafeez Adam care",https://www.instagram.com/p/DMwk7_7syY0/,4,0,7,-1,NaN
405,fabfulton,2025-08-03T23:15:05.000Z,"Traveling? Measles is spreading in some states and countries. The measles, mumps, and rubella (MMR) vaccine is the best protection against measles. Contact your health care provider to be sure all travelers are protected.  @nysdoh has more information at the link in their IG bio. . #measles #mumps #rubella #travel #prevention #nysdoh",https://www.instagram.com/p/DM6TMMtPGdG/,0,0,0,-1,NaN
406,klinikutamasgbesi24jam,2025-08-07T01:45:41.000Z,"💉 “Comel tak cukup, kena sihat juga!”  Bayangkan anak kita yang comel tu tak dilindungi daripada penyakit campak, beguk dan rubella? 😢  MMR (Measles, Mumps, Rubella) ialah vaksin penting untuk kanak-kanak yang biasanya diberi pada usia 9 bulan dan 12 bulan. Lindungi anak sebelum terlambat.  📍 Datang ke Klinik Utama Sungai Besi untuk vaksin MMR. 📞 Call/WhatsApp kami: +6013-538 4030  #klinikutamasungaibesi #sungaibesi #lakefields #klinik24jam #vaksin #mmr #vaksinmmr #vaccine #mmr #mumps #measles #rubella",https://www.instagram.com/p/DNCSz_ySU1S/,0,0,0,-1,NaN
407,apotekarsketajne,2025-07-29T12:14:13.000Z,"📌 Vodene boginje, rubeola, morbili, roseola... Sve su to boginje, ali nisu iste! 👀 Znaš li kako da ih razlikuješ? 🤔  🔹 Vodene boginje (Varicella) – plikovi koji svrbe i pojavljuju se u talasima 🔸 Rubeola (morbili) – visoka temperatura, kašalj, osip od glave ka telu 🔹 Rubella (nemačke boginje) – blaži osip i uvećani limfni čvorovi 🔸 Roseola (šesta bolest) – prvo visoka temperatura, pa tek onda osip  👶 Najčešće pogađaju decu, ali i odrasli ih mogu dobiti – naročito ako nisu vakcinisani.  📲 Sačuvaj post – nikad ne znaš kad će zatrebati!  #boginje #vodeneboginje #rubeola #rubella #roseola #dečjazdravlje #mama #pedijatar #edukacija #farmaceutpreporučuje",https://www.instagram.com/p/DMsPlmXNzpl/,0,0,79,-1,NaN
408,klinikshalom,2025-08-05T05:10:16.000Z,"Rubella sering tampak ringan, tapi bahayanya besar jika menyerang ibu hamil. Virus ini bisa menyebabkan keguguran atau cacat lahir serius seperti tuli, kebutaan, dan kelainan jantung.  💉 Cegah dengan vaksin MMR yang aman & efektif 📍 Konsultasikan status imunisasi kamu di Klinik Shalom BSD  #rubella #campakjerman #vaksinmmr #imunisasidewasa #vaksinasitangsel #klinikshalombsd #cegahrubella",https://www.instagram.com/p/DM9goszSwxq/,0,0,4,-1,NaN
409,les.proffice,2025-08-06T09:18:17.000Z,"MEDIA TRAINING ON MEASLES AND RUBELLA   August 06, 2025…Ministry of Health, through its Expanded Programme on Immunisation (EPI), is equipping the media on Measles and Rubella (MR) in Berea.  This is through a workshop aimed at equipping journalists and media professionals with accurate information and effective communication skills to support the forthcoming vaccination campaign. The training focused on raising public awareness, dispelling misinformation, and encouraging community engagement to help prevent the spread of these highly contagious diseases.  (by Kananelo Mafereka)  #Measles #Rubella #Immunisation #Lesotho",https://www.instagram.com/p/DNAh0BtR1lr/,0,0,0,-1,NaN
410,alomedika,2025-08-04T08:30:08.000Z,"ALO Dokter! Pasien anak usia 3 bulan datang dengan keluhan ruam merah pada seluruh tubuh sejak 1 bulan yang lalu. Ruam disertai dengan ekskoriasi pada sela jari kaki. Riwayat imunisasi pasien lengkap. Apa diagnosis banding pada kasus ini?  Diagnosis banding kasus diatas, meliputi: Rubella - lesi kulit yang terjadi akibat infeksi virus rubella. Lesi kulit eritema sebesar pinpoint yang menyebar secara kaudal ke badan dan ekstremitas. Scabies - lesi kulit membentuk terowongan yang terdapat pada sela-sela jari kaki dan tangan.  Campak - lesi makulopapular yang muncul di muka atau telinga yang menyebar hingga ekstremitas.  Berdasarkan gambaran lesi pada pasien, apa diagnosis yang paling sesuai menurut dokter? Atau adakah kemungkinan diagnosis banding lain yang perlu dipertimbangkan? Ayo kita diskusi di kolom komentar, Dok!  Jadi Dokter Andal dalam Genggaman. Salam ALOMEDIKA! #rubella #skabies",https://www.instagram.com/p/DM7Sti0ogHq/,0,0,12,-1,NaN
411,immunize.ca,2025-07-30T11:00:11.000Z,"For health care professionals | Pocket Guide for Immunizers: #Measles, #Mumps, and #Rubella Vaccination | https://immunize.ca/sites/default/files/Resource%20and%20Product%20Uploads%20(PDFs)/Products%20and%20Resources/Measles/Pocket%20Guide/mmr_pocketguide_web_e.pdf #MMR #VaccinesWork #VaccinesSaveLives #GetImmunized",https://www.instagram.com/p/DMur5YisZRs/,0,0,6,-1,NaN
412,who.searo,2025-07-22T12:15:15.000Z,"Despite successes, shifting priorities, reduced resources, and subnational coverage gaps have resulted in re-establishment of #measles transmission in areas that had previously interrupted it, Dr Catharina Boehme said, calling for strengthening efforts for elimination of measles and #rubella.  #Healthforalll #VaccinesWork #ImmunizationMatters #VaccinesSaveLives",https://www.instagram.com/p/DMaOIoUNZ1_/,0,0,20,-1,NaN
413,wellmedbangkok,2025-07-19T16:30:12.000Z,"😖Measles is highly contagious and can cause serious complications, especially in children and unvaccinated adults. With cases rising again across Thailand, checking your vaccination status is more important than ever.  The MMR (Measles, Mumps, Rubella) vaccine is safe, effective, and the best protection against this preventable disease.  📍Not sure if you’re covered? Visit WellMed Bangkok Clinic for an MMR booster or blood test to check your immunity.  …………………………………………. 📌For an appointment please contact us : 🌏: www.wellmedbangkok.com 💌: info@wellmedbangkok.com 📱Line : @wellmed ☎️Call / WhatsApp: +66 61 787 4000  #WellMedBangkok #WellMed #Bangkok #thailand #thai #GPClinic #Sukhumvit #MMR #measles #mump #rubella #vaccination #PreventiveCare #health #children",https://www.instagram.com/p/DMS87rVo6yA/,0,0,3,-1,NaN
414,aquatreattherapy.id,2025-07-26T12:49:22.000Z,"✨ Doa yang selalu terpanjat, harapan yang terus hidup. Semoga cinta yang tumbuh, tumbuh karena Allah. Dan rumah tangga yang dibangun, dibangun di atas keimanan. 🤍  #Aquatreattherapy #Aquatreattherapyindonesia #AQTI  #TORCH #TORCHdanSolusinya  #Tokso #Rubella #CMV #Herpes #Seminar #Tokso #Toxoplasmagondii #Sulithamil #Gagalhamil #Tipshamil #Tipspasutri”",https://www.instagram.com/p/DMklOd6xiCC/,0,0,11,-1,NaN
415,neonatology.pearls,2025-07-18T15:12:23.000Z,"The Regional Commission for the Verification of Measles and Rubella Elimination (affiliated with the WHO) has officially confirmed that Iran has achieved measles and rubella elimination.  This elimination status was achieved by the end of 2023, according to the assessment.   Global Context: While the WHO reports that no WHO region had achieved and maintained measles elimination by the end of 2023, Iran is one of the countries that has reached this milestone in the Eastern Mediterranean region.   کمیسیون منطقه‌ای تأیید حذف سرخک و سرخجه (وابسته به سازمان بهداشت جهانی) رسماً تأیید کرده است که ایران به حذف سرخک و سرخجه دست یافته است.  دستاورد به موقع: طبق ارزیابی، این وضعیت حذف تا پایان سال ۲۰۲۳ محقق شده است.  زمینه جهانی: در حالی که سازمان بهداشت جهانی گزارش می‌دهد که هیچ یک از مناطق سازمان بهداشت جهانی تا پایان سال ۲۰۲۳ به حذف سرخک دست نیافته و آن را حفظ نکرده‌اند، ایران یکی از کشورهایی است که در منطقه مدیترانه شرقی به این نقطه عطف رسیده است.  #iran #measlesoutbreak #rubella  #سرخک #سرخچه #واکسیناسیون",https://www.instagram.com/p/DMQPO_LIjID/,0,0,41,-1,NaN
416,airnewsalerts,2025-07-22T13:29:19.000Z,"#Bolivian President Luis Alberto Arce Catacora has extended heartfelt gratitude to the #Indian Government for donating 300,000 doses of the Measles and Rubella (MR) vaccine.  President Arce described the gesture as one of solidarity and timely support amid a growing health emergency in the country.   He said, the vaccines will significantly boost Bolivia's mass immunisation campaign for children aged 1 to 14, helping protect them amid the ongoing outbreak.   Bolivia declared a National Health Emergency on June 23 due to a sudden spike in measles cases across several departments.   In response, the Indian government promptly extended assistance by shipping MR vaccines along with necessary ancillary supplies.  #Rubella #vaccine  @luchoxbolivia @meaindia @indiainbolivia",https://www.instagram.com/p/DMaWnl1vb8J/,0,0,317,-1,NaN
417,medical_associates_clinic,2025-07-20T16:35:09.000Z,"Help protect your child from preventable illnesses with safe, timely vaccines at our MMR Vaccine Clinic—open to patients 6 months to 18 years.  Wednesday, July 23 | 11 AM - 7 PM Medical Associates East Campus, Pediatrics Department  Call 563-584-3440 to schedule your child's appointment today! -- #mmrvaccineclinic #mmr #vaccineclinic #vaccine #clinic #measles #mumps #rubella #medicalassociatespediatricsdepartment #medicalassociates #pediatricsdepartment #pediatrics #eastcampus #dubuque",https://www.instagram.com/p/DMViSVvthIN/,0,0,2,-1,NaN
418,elitorci,2025-07-24T09:54:01.000Z,"Жирэмсэн болон жирэмслэхээр төлөвлөж буй эмэгтэйчүүдийн заавал өгөх шинжилгээ ❤️ TORCH  T- Toxoplasma  O-Other (treponema pallidum, hepatitis B virus, HIV)  R-Rubella  C-Cytomegalovirus  H-Herpes simplex virus  Нярайн төрөлхийн гажиг болон бусад эмгэгүүдийн шалтгааны нэг нь TORCH  халдвар юм. Жирэмсний эхний 3 сард халдвар авах нь нярайд өвчлөл үүсгэх өндөр эрсдэлтэй байдаг. Халдвар эхээс урагт эхийн хэвлийд байх үед болон төрөх үед төрөх замаар дамжиж халдварлаж болно. Уг шинжилгээгээр халдварыг илрүүлээд зогсохгүй идэвхитэй буюу шинэ халдвар байгаа эсэхийг тогтоон эмчилгээний сонголтыг шийдэх ач холбогдолтой.  Шинжилгээг хэн өгөх вэ?  1.	Жирэмсэн ээжүүд 2.	Жирэмслэхээр төлөвлөж буй эмэгтэйчүүд 3.	Өмнө нь дутуу төрөх, зулбах, өсөлтгүй жирэмслэлт өгүүлэмжтэй байсан эмэгтэйчүүд   😇Шинжилгээг яаж өгөх вэ? Шинжилгээг өлөн үед цусаар өгнө.   Эх барих, эмэгтэйчүүдийн ахлах зэргийн эмч Ж.Цэрэнсүрэн эмч эмэгтэйчүүдийн болон жирэмсний бүх төрлийн үзлэг оношлогоо хийж байна.  “Элит Орчи"" эмнэлзүйн лаборатори нь шинжилгээний хувьслыг Монголд уриатайгаар таньд үйлчилж байна   Орчин үеийн шилдэг технологиор бүтээгдсэн бүрэн автомат багаж тоног төхөөрөмжөөр   Олон улсад хүлээн зөвшөөрөгдсөн арга аргачлалаар   Мэргэжлийн салбартаа олон жил ажилласан баг хамт олон  Нотолгоонд тулгуурласан эрүүл мэндийн зөвөлгөө тусламжийг  Шинжилгээний хувийн нууцлал өндөр үйлчилнэ. Та шинжилгээний дэлгэрэнгүй мэдээллийг чатаар болон утсаар холбогдон аваарай. Манай хаяг:  Төв салбар: БЗД 43-р хороо Нарны зам дагуу Миний сүлжээ дэлгүүрийн баруун талд “Алтан орд” төв 3 давхарт Зайсан салбар: ХУД 17-р хороо Удирдлагын академийн баруун талд Оргил рашаан сувилалын 1 давхарт 9 тоот Утас: 7511-0011  #Torch #торч #токсоплазм #rubella #hsv #cmv #Эмэгтэйчүүдийн #эмэгтэйчүүдийнэмнэлэг",https://www.instagram.com/p/DMfHkW1vvwQ/,3,0,19,-1,NaN
419,chef_sheriffs_life,2025-07-23T14:51:59.000Z,"MR vaccine is tested and approved by the global health experts and NAFDAC!!!so why not,it’s the only way to keep safe from Rubella  #mrvaccine #mrvaccine4nigeria #mrvaccineinborno #awareness #rubella #content #contentcreator #nigeria #bornostate #bornoninstagram",https://www.instagram.com/p/DMdE33AovYR/,0,0,0,-1,NaN
420,bibismiles_,2025-07-18T10:01:17.000Z,"The Measles Rubella vaccine (MR) is safe.  Get vaccinated today💉  #MRvaccine4nigeria #MRvaccineinenugu #mrvaccinecampaign #mrvaccine #rubella #rubellasyndrome #rubellaawareness",https://www.instagram.com/p/DMProaEMWYv/,0,0,3,-1,NaN
421,sachbedhadakd,2025-07-17T15:41:08.000Z,"भारत ने बोलीविया को ख़सरा और रूबेला जैसे संक्रामक रोगों के प्रकोप से निपटने के लिए 300,000 खु़राकों वाले टीकों की एक खेप और आवश्यक सहायता सामग्री भेजी है। बोलीविया में अभी दोनों बीमारियों का प्रकोप फैला हुआ है।  #India #Measles #Rubella #Bolivia #Vaccine #sacbedhadakdaily #HindiNews",https://www.instagram.com/p/DMNtulov_8w/,0,0,2,-1,NaN
422,kiwi_kucks,2025-07-18T23:46:57.000Z,"Osmosis Jones oc doodles; featuring the Elder Mimic :3 💚💚 YALL NEVER SAW IT COMING, BUT ITS DOODLE DUMP TIMEEEE!!! I can’t remember the last time I did this LMAOO SORRY but aaa I’ve finally compiled enough art I feel confident in to make another dump!! I I #traditionalart #traditionalartist #amature #amatureartist #sketch #sketchart #prismacolors #prismacoloredpencils #osmosisjones #osmosisjonesfanart #osmosisjonesthrax #osmosisjonesoc #virusoc #redbloodcelloc #tylenol #rubella #vitacarnis #eldermimic #sketchdump #eeh #tagssuck #kiwiosmosisjones",https://www.instagram.com/p/DMRKHuiA262/,5,0,19,-1,NaN
423,aslpclick.in,2025-07-29T07:49:55.000Z,"""TORCH"" syndrome refers to a group of congenital infections that are transmitted from mother to fetus during pregnancy, leading to birth defects, developmental delays, or even fetal death. . . . @aslpclick.in  @aslpclick.in . . . #torch #infection #syndrome #genes #rubella #herpes #viru #fetus #hiv #zika #birth #mbbs #audiology #speech #sound #language #development #birthdefects  www.aslpclick.in",https://www.instagram.com/p/DMrxV1PyQ48/,1,0,12,-1,NaN
424,healwithirina,2025-07-25T06:29:14.000Z,"According to German New Medicine (GNM), many skin conditions are linked to separation conflicts — moments when a person feels emotionally or physically separated from someone or something important. These conflicts can be experienced either as painful separations or as unwanted distances.  For example, herpes may appear after a “kiss-related” separation conflict — when someone wants to break up or quite the opposite: when they don’t want to part with their partner. The body reacts to this emotional pain by triggering a program in the skin near the mouth.  Urticaria (hives) often shows up during the healing phase of a separation conflict. If the person experienced fear or shock at the time of the conflict, the body may retain water (due to the kidney collecting tubules), leading to swelling, blisters, and intense itching.  Diseases like measles, rubella, and chickenpox also occur in the healing phase of widespread separation conflicts. These are common in children, as they are more vulnerable to feelings of separation from their “pack” — which could be their family, classmates, or caregivers.  Even psoriasis and vitiligo can reflect long-term or recurring separation conflicts, where the brain perceives a repeated emotional disconnection from a loved one or familiar environment.  All these conditions are not malfunctions, but meaningful biological programs with specific emotional roots.  #GermanNewMedicine #GNM #HealWithIrina #SkinHealing #SeparationConflict #MindBodyConnection #HerpesMeaning #Urticaria #Measles #Rubella #Chickenpox #Psoriasis #Vitiligo #PsychoEmotionalHealing",https://www.instagram.com/p/DMhU7W9C2hA/,0,0,2,-1,NaN
425,cav_group,2025-07-22T02:45:23.000Z,"Together with Dr Ben Mamou from WHO EURO, Dr Judith Hübschen and Emilie Charpentier conducted an onsite accreditation visit to the National Measles and Rubella Laboratory in North Macedonia in June 2025. Congratulation to the team for the successful accreditation! #WHO #measles #rubella",https://www.instagram.com/p/DMZM7O0oghG/,0,0,5,-1,NaN
426,newsmatapena,2025-07-23T10:11:21.000Z,"Sebuah keluarga di Kotamobagu pernah dilanda kecemasan besar saat anak mereka terdiagnosis Rubella, penyakit menular yang sering menyerang anak-anak dan remaja, serta berbahaya bagi ibu hamil. Melalui berita ini, mengajak kita memahami pentingnya imunisasi MR sebagai upaya nyata mencegah penyakit yang dapat berdampak serius pada kesehatan anak dan generasi mendatang. https://matapena.news/bolmong-raya/kotamobagu/imunisasi-mr-langkah-strategis-mengeliminasi-campak-dan-rubella-di-kotamobagu/  #imunisasi #rubella #kotamobagu #indepth #marijobaimunisasi",https://www.instagram.com/p/DMckwglpE3P/,0,0,3,-1,NaN
427,omephuchoichucnang,2025-07-28T08:21:48.000Z,"Phát ban ở trẻ có thể do nhiều nguyên nhân, ba mẹ cần hiểu đúng để chăm sóc hiệu quả. 🔗 Tìm hiểu tại: https://ome.edu.vn/khoa-hoc/huong-dan-theo-doi-va-cham-soc-benh-phat-ban-o-tre-soi-va-rubella #OME #PhatBan #Rubella #Soi #GiaoVienMamNon #BaMeThongThai",https://www.instagram.com/p/DMpQMaaRBFU/,0,0,0,-1,NaN
428,sofeahomeopathycenter,2025-07-26T03:55:41.000Z,"Disclaimer :  *** Maklumat ini adalah untuk tujuan pendidikan sahaja *** Sila rujuk pengamal bertauliah untuk nasihat lanjut *** Setiap individu mungkin memberi respon yang berbeza  Rubella: Penyakit Senyap yang Bahaya untuk Ibu & Bayi – Adakah Anda Dilindungi?  Apa itu Rubella? Rubella = penyakit berjangkit dari virus RuV. ⚠️ Bahaya untuk ibu mengandung – boleh sebabkan Congenital Rubella Syndrome (CRS) → baby alami masalah kulit, pendengaran, penglihatan, jantung & otak.  Homeopathy Support: REMEDI 1 : Sudden fever + rash, haus & kerap minum REMEDI 2 : Demam tinggi, muka merah, kepala panas, tangan kaki sejuk REMEDI 3 : Lebih teruk bila panas, suka udara terbuka tapi nak cover badan, tak dahaga REMEDI 4 : Untuk simptom rubella & pencegahan (prophylaxis) Nota penting: * Rubella sangat berjangkit dan risiko paling tinggi bila melibatkan ibu hamil. * Jangan ambil mudah – cegah sebelum kena. Lindungi diri & keluarga anda – jangan tunggu simptom muncul. Dapatkan info lanjut & check perlindungan anda hari ini ! Hubungi kami 018-945 0277 untuk online consultation atau boleh walk-in ke center kami di 9450, Jalan Kekwa 1/1, Taman Guru Melayu, 70450 Seremban NSDK. #rubella #sofeahc #sofeahomeopathycenter",https://www.instagram.com/p/DMjoJpERVDY/,0,0,1,-1,NaN
429,omephuchoichucnang,2025-07-28T08:55:28.000Z,"Phân biệt phát ban do sởi và Rubella – ba mẹ đã biết chưa? 📌 Tìm hiểu ngay tại: https://ome.edu.vn/khoa-hoc/can-thiep-y-khoa-trong-roi-loan-tang-dong-giam-chu-y #OME #PhatBan #Soi #Rubella #ChamSocTre #SucKhoeNhi",https://www.instagram.com/p/DMpUDDhRSvd/,0,0,0,-1,NaN
430,dradamfox,2025-07-14T21:17:31.000Z,"This shocking headline reflects a trend with a tragic consequence. Concern about the MMR vaccine is predominantly related to completely discredited research about autism. However, there were also historical concerns about the risk of reactions for children with egg allergy and previous research showed that this was a barrier for some families.   👉Thankfully, we now know that the MMR is completely safe for egg allergic children and no additional precautions are needed for them to receive this vaccine.   Although this is reflected in the regular guidance received by GPs, I still hear occasional stories from patients about surgeries advising that children with egg allergy need to have the MMR in hospital or under special supervision.   👉This is not the case... children with egg allergy can have the vaccine in the same way as non-allergic children.   Thankfully allergic reactions to the MMR jab are very rare and are typically to other components of the jab such as gelatin or neomycin. I would strongly advocate for all children.  #MMRvaccine #MMR #eggallergy #allergyeducation #eggallergykid #measles #mumps #rubella #eggallergies #allergies #foodallergy",https://www.instagram.com/p/DMGl1vDN27e/,49,0,347,-1,NaN
431,aquatreattherapy.id,2025-07-17T09:13:39.000Z,"“1 kali keguguran, 2 kali melahirkan prematur dan buah hati meninggal.. Alhamdulillah... akhirnya Allah titipkan amanah terindah. Seorang anak lahir dengan sehat, menjadi pelipur lara dan penghapus air mata.”  Karena setiap doa pasti punya waktu terbaik untuk dikabulkan. Setiap usaha yang tulus, tidak akan pernah sia-sia di hadapan Allah.  Terima kasih sudah mempercayakan ikhtiarnya bersama Aquatreat Therapy Indonesia. Semoga kisah ini menjadi harapan untuk semua pejuang garis dua di luar sana.  Tetap semangat, tetap tawakal. InsyaAllah, ada waktu terindah yang sedang Allah siapkan.  Informasi lebih lanjut hubungi:  📱0857 8078 6186 (Official Whatsapp) 📱0812 8718 1889 (Official Whatsapp) 🌎 www.spesialistorch.com Jl. Semboja No. 26, akses via Bogor Nirwana Residence   #Aquatreattherapy #Aquatreattherapyindonesia #AQTI  #TORCH #TORCHdanSolusinya  #Tokso #Rubella #CMV #Herpes #Seminar #Tokso #Toxoplasmagondii #Sulithamil #Gagalhamil #Tipshamil #Tipspasutri #programhamil",https://www.instagram.com/p/DMNBYlwS8Tj/,0,0,10,-1,NaN
432,sudinkes_ju,2025-07-18T12:44:27.000Z,"Halo #SobatSehatJakartaUtara 🙌  Suku Dinas Kesehatan Jakarta Utara telah melaksanakan kegiatan penguatan surveilans campak bagi fasilitas pelayanan kesehatan yang dihadiri oleh perwakilan puskesmas dan rumah sakit di wilayah Jakarta Utara.   Kegiatan ini dibuka oleh dr. Ika Subandiyah, M.Epid selaku Kepala Seksi P2P Sudinkes Jakarta Utara dan menghadirkan dua narasumber, yaitu :  ● dr. Sherli Karolina, MKM – Direktorat Imunisasi Kementerian Kesehatan RI ● drg.Dhihram Tenrisau, M.Epid, M.Sc – Kolegium Epidemiologi Kesehatan  Melalui kegiatan ini, diharapkan sistem deteksi dini dan respons terhadap kasus campak di fasilitas pelayanan kesehatan dapat semakin optimal, serta memperkuat upaya eliminasi campak dan rubela di Indonesia tahun 2026.  @dinkesdki @aniruspitawati @dkijakarta @kotajakartautara @hendra_hidayat72  #SudinkesJakut  #SurveilansKesehatan #PD3I #Campak #Rubella #DeteksiRespons",https://www.instagram.com/p/DMP-TYOyjbl/,0,0,17,-1,NaN
433,succulent_jd_kr,2025-07-18T12:35:55.000Z,"#Rubella",https://www.instagram.com/p/DMP9U48TTJo/,0,0,3,-1,NaN
434,chef_sheriffs,2025-07-23T14:51:48.000Z,"MR vaccine is tested and approved by the global health experts and NAFDAC!!!so why not,it’s the only way to keep safe from Rubella  #mrvaccine #mrvaccine4nigeria #mrvaccineinborno #awareness #rubella #content #contentcreator #nigeria #bornostate #bornoninstagram",https://www.instagram.com/p/DMdE2nAoGTp/,0,0,69,-1,NaN
435,indiatvnews,2025-07-17T13:24:09.000Z,"भारत ने बोलीविया को ख़सरा और रूबेला जैसे संक्रामक रोगों के प्रकोप से निपटने के लिए 300,000 खु़राकों वाले टीकों की एक खेप और आवश्यक सहायता सामग्री भेजी है। बोलीविया में अभी दोनों बीमारियों का प्रकोप फैला हुआ है।   #India #Measles #Rubella #Bolivia #Vaccine",https://www.instagram.com/p/DMNeDPGKoB0/,35,0,6115,-1,NaN
436,medico_fmge_neet_pg,2025-07-14T20:51:31.000Z,"#conjunctivitis #rhinorrhea #spots #fmgeexam #neetpg #measles #chickenpox #mumps #rubella #vacinese #fmgerecall #fmge",https://www.instagram.com/p/DMGi3X8TEKC/,7,0,17,-1,NaN
437,bplabline,2025-07-10T18:05:33.000Z,"🔬 U.S. measles cases have more than doubled in 2025 — and rubella threats are re-emerging. Now more than ever, clinical labs must act fast.  🧪 The Measles & Rubella Real-Time PCR Kit by BPLabLine delivers: ✅ Dual-target detection ✅ <2-hour turnaround ✅ High sensitivity & specificity ✅ Ready-to-use, lab-validated  🛡️ Protect your patients. Strengthen your response. 📦 50 tests/kit — ideal for public health labs, hospitals, and diagnostic centers.  #Measles #Rubella #PCRTesting #MMR #ClinicalLab #PublicHealth #LabTools #BPLabLine #InfectiousDisease",https://www.instagram.com/p/DL78ruuB0iK/,1,0,0,-1,NaN
438,cap_research,2025-07-01T12:00:22.000Z,"🦠 Volunteers needed for a Rubella vaccine study!  Are you at least 18 and never vaccinated against rubella?  Help protect communities — and get compensated.  👉 Message us on WhatsApp.  • Quick screening • Free check-up • Paid participation  #CAPResearch #Rubella #HealthyVolunteers #ClinicalTrial2025 #Mauritius",https://www.instagram.com/p/DLkHvlZPh8R/,0,0,1,-1,NaN
439,pedsneurojourney,2025-07-07T11:09:51.000Z,"🧠✨TORCHeS Infections: Important Neuro & Systemic Clues!  These congenital infections can cause serious neuro and systemic issues in newborns. Save this post to review for exams or clinical prep! . . . . .  #MedStudentLife #ToRCHeS #Pediatrics #InfectiousDisease #Rubella #Toxoplasmosis #Congenitalinfections #NeuroClues #Mnemonic #USMLE #MedStudy #FOAMed",https://www.instagram.com/p/DLzeu6kME4V/,0,0,17,-1,NaN
440,archieredcross,2025-06-28T01:03:47.000Z,"Join us this summer to make a difference! Anyone can!  Buy a bundle (2 tickets) for $30 at any Regal Movie Theater. All funds will go to the Measles & Rubella Partnership Foundation. Scan the QR code or use this link in my bio!   You will then be redirected to a page called Groupraise where you can input your information to create your account and buy as many bundles as your heart desires.   After you purchase the bundle, or bundles, you will receive a link to redeem your codes. Each bundle gives you 2 codes, 1 code per ticket.   After you have your codes you can go to the Regal website and choose your movie, time, and seats. When you’re on the page that says “Select Tickets” there is a space that says “Enter Voucher Code”, this is where you enter the code you were emailed.   #americanredcross #redcrossyouth #redcrossclub #measlesandrubellainitiative #measlesandrubellavaccine #measlesandrubellacampaign #measlesrubella #measlesprevention #rubella #measles #vaccinateavillage #helpothers #savemoney",https://www.instagram.com/p/DLbOOKLtVAW/,2,0,12,-1,NaN
441,tttcbvbd,2025-07-03T12:45:05.000Z,"💏 Cặp đôi trẻ chuẩn bị cưới - Checklist vắc-xin không thể thiếu! Chuẩn bị cho ngày trọng đại không chỉ là váy cưới hay thiệp mời… mà còn là sức khỏe sinh sản bền vững cho cả hai vợ chồng 💪💖  👉 Trước ngày cưới từ 3-6 tháng, các cặp đôi nên chủ động tiêm các loại vắc-xin quan trọng để: ✨ Phòng ngừa các bệnh truyền nhiễm nguy hiểm ✨ Bảo vệ thai kỳ trong tương lai ✨ Đảm bảo an toàn cho cả mẹ và bé  💉 Checklist vắc-xin không thể bỏ qua dành cho cặp đôi sắp cưới:  🔹 #Rubella – Tránh nguy cơ dị tật bẩm sinh nếu mắc trong thai kỳ 🤰 🔹 #Viêm_gan_B – Bảo vệ gan và ngăn ngừa lây truyền trong đời sống vợ chồng 🔹 #HPV – Phòng ung thư cổ tử cung, sinh dục ở cả nữ & nam 🔹 (Tuỳ theo tiền sử tiêm chủng, có thể cần thêm thủy đậu, cúm, sởi – quai bị – rubella...)  💡 Tại #Trung_tâm_Tiêm_chủng_Bệnh_viện_Bưu_Điện: ✔️ Tư vấn miễn phí & cá nhân hóa theo kế hoạch kết hôn ✔️ Bác sĩ chuyên khoa trực tiếp tư vấn ✔️ Lịch tiêm linh hoạt, thủ tục nhanh chóng ✔️ Không gian sạch đẹp, riêng tư – phù hợp cho các cặp đôi 👩‍❤️‍👨  🎁 ƯU ĐÃI ĐẶC BIỆT THÁNG 7: 👉 Giảm ngay 5% cho tất cả các gói tiêm chủng trọn gói 💵 ⏰ Áp dụng đến hết ngày 31/7 – Đăng ký sớm để được sắp lịch phù hợp trước ngày cưới nhé!  📞 Liên hệ ngay để đặt lịch và tư vấn miễn phí: 🏥 #Trung_tâm_Tiêm_chủng #Bệnh_viện_Bưu_Điện 📍 Số 49 Trần Điền, phường Định Công, quận Hoàng Mai, Hà Nội 📱 Hotline: 081 661 5858",https://www.instagram.com/p/DLpWc-qN-Kg/,0,0,0,-1,NaN
442,nphcda,2025-07-01T10:39:19.000Z,"Congenital Rubella Syndrome (CRS) is a condition that affects a developing baby in the womb when the mother becomes infected with the rubella virus during pregnancy.  Read more⤵️ #Rubella #NPHCDA #HealthForAll",https://www.instagram.com/p/DLj-eEFN9Sw/,0,0,9,-1,NaN
443,aquatreattherapy.id,2025-07-10T12:52:38.000Z,"2 Kali Lahir Meninggal dan 1 Kali Hamil di Luar Kandungan. Ini adalah pengalaman dari keluarga yang luar biasa hebat, dan berikhtiar bersama Aquatreat Therapy Indonesia.  Setelah berbagai ujian berat, mereka tidak menyerah. Dengan penuh harap dan doa,Setiap proses punya jalan dan waktunya. Jangan pernah menyerah untuk berusaha dan percaya bahwa keajaiban akan datang tepat pada waktunya. 🤍  Informasi lebih lanjut hubungi:  📱0857 8078 6186 (Official Whatsapp) 📱0812 8718 1889 (Official Whatsapp) 🌎 www.spesialistorch.com Jl. Semboja No. 26, akses via Bogor Nirwana Residence   #Aquatreattherapy #Aquatreattherapyindonesia #AQTI  #TORCH #TORCHdanSolusinya  #Tokso #Rubella #CMV #Herpes #Seminar #Tokso #Toxoplasmagondii #Sulithamil #Gagalhamil #Tipshamil #Tipspasutri #programhamil",https://www.instagram.com/p/DL7Y4VXyXcz/,3,0,56,-1,NaN
444,pan_ngr,2025-07-01T13:34:01.000Z,"Talk about a collaborative effort, we are here for it. Dr. Ayebo Sadoh fully representing PAN in meeting on Measles/Rubella introduction with EDO state first lady.   #pan #collaboration #vaccinationcoverage #zerodosechildren #Measles #Rubella",https://www.instagram.com/p/DLkSdlaNBw2/,0,0,10,-1,NaN
445,ilm_e_tibb,2025-07-14T13:59:50.000Z,"Rubella, also known as German Measles, is a mild viral infection—but in pregnant women, it can cause Congenital Rubella Syndrome (CRS), leading to serious birth defects. ⚠️ Preventable with MMR vaccine 🎯 Public health focus: early diagnosis, vaccination & awareness  Stay informed. Stay protected. 💉  ---  #Rubella #GermanMeasles #CRS #MMRVaccine #PreventiveMedicine #PSM #MedicalAwareness #AyushStudents #BUMS #MBBSLife #CommunityMedicine #ViralInfections #CongenitalSyndrome #IlmETibb #UnaniMedicine #PublicHealthAwareness #RubellaAwareness #VaccinationSavesLives #MedicineSimplified #StudyMedicine",https://www.instagram.com/p/DMFzwD3TDe7/,0,0,3,-1,NaN
446,annalsofim,2025-07-03T16:00:28.000Z,"A new commentary from Bruce Farber, MD warns about the potential resurgence of #rubella following the decline in #MMR vaccination rates and recent measles outbreak in the US.",https://www.instagram.com/p/DLpswvqzyrA/,0,0,3,-1,NaN
447,pkugamping,2025-07-03T06:48:40.000Z,"Vaksin MMR Rs PKU Muhammadiyah Gamping  ••••••••••••••••••••••••••••• 🌐 www.pkugamping.com 🔰 WA Informasi Layanan : 0819-1923-1000 🔰 WA Pendaftaran : 0895-4111-43114 ☎️ Call Center : 0274 6499704 (24 JAM) ☎️ Emergency Call : 0274 6499118 (24 JAM)  #PKUGamping #PremiumAffordable #vaksin #imunisasi #vaksinmmr  #campak  #gondongan  #rubella",https://www.instagram.com/p/DLotqh-pYbF/,0,0,29,-1,NaN
448,rubellaballet,2025-07-09T14:11:48.000Z,"*******CALLING ALL PUNKS******** #Rubella Ballet return to Liverpool to play the #Birkenhead Punk Festival the birth place of Day Glo Legend #Zillah Minx lead singer of #Rubella Ballet formed in 1979 at a Crass gig. Rubella Ballet still protesting, still supporting the ALF, still fighting for our rights. This is Anarcho punk at its finest. On Stage at 5pm check out their merch stall for t,shirts, hoodies, badges & stickers. #punk #birkenhead #punkwomen #punkradio #goth #neon #fluorescent #punkrock #punkrockbands #1979 #1980s #zillahminx  #sidtruelove #emilyflea",https://www.instagram.com/p/DL49JW6oe9N/,1,0,58,-1,NaN
449,oyodecides2027,2025-07-09T16:52:14.000Z,"The wife of the Oyo Governor, Engr. Tamunominini Makinde, has led a sensitisation rallies on lifesaving vaccines on Measles, Rubella for children between age 9 months and 15 years.  The event which is an initiative of the Renewed Hope Initiative took place at Government Secretariat, Agodi, Ibadan.  It had in attendance wives of the lawmakers, members of the State Executive Council, caregivers, community leaders and healthcare service providers.  The sole aim of the programme is to boost awareness and uptake of vaccines to prevent measles and rubella, especially among children.  In her address, the First Lady appealed to the stakeholders to support government efforts to curb deaths from vaccine-preventable diseases, particularly among children aged five and below.  “As mothers and leaders in our communities, we must ensure every child receives the necessary vaccination to prevent avoidable deaths,” she said. She also charged the wives of chairmen from all 33 local government areas in the state to take the campaign door-to-door, ensuring no child is left behind.”  Earlier in her welcome address, the Oyo State Commissioner for Health, Dr. Oluwaserimi Ajetunmobi, emphasized that measles remains one of the leading causes of child mortality globally. She also noted that rubella poses severe risks, particularly for pregnant women.  Rubella, according to her, can result in lifelong complications such as visual impairment, congenital blindness, deafness, and mental and growth retardation,  “These are not just personal tragedies but burdens on families and entire communities.”  She noted the challenges being faced to include, lack of awareness and cultural disbelief in vaccination among others.  She, therefore, reiterated the state government’s commitment to ensuring that no child dies from vaccine-preventable diseases.  “The vaccination campaign targets children aged 9 months to 15 years and includes integrated child health interventions such as vitamin A supplementation”.  #firstlady #measlesvaccine #rubella #oyodecides2027 #oyostategovernment #womeninpower #renewedhopeinitiative #vaccination #health #children #oyostate #rubellavaccination",https://www.instagram.com/p/DL5PgU-IP1O/,0,0,3,-1,NaN
450,immunize.ca,2025-07-12T14:00:14.000Z,"The #measles, #mumps, and #rubella (MMR) vaccine: What you need to know | informative factsheet from Immunize Canada | https://immunize.ca/sites/default/files/Resource%20and%20Product%20Uploads%20(PDFs)/Products%20and%20Resources/Measles/mmr_factsheet_web_e.pdf #MMR #VaccinesWork #VaccinesSaveLives #GetImmunized",https://www.instagram.com/p/DMAqLz8obLe/,0,0,5,-1,NaN
451,gnrpublichealth,2025-07-02T14:07:58.000Z,"#Rubella is a virus that often causes a red rash. It can be a serious threat to pregnant women, causing miscarriages and birth defects. MMR vaccines continue to help protect us all from #Rubella. #StayUpToDate at 'Continue Childhood Vaccines' at the link in our bio or schedule a vaccine by calling 770-904-3717!",https://www.instagram.com/p/DLm6vi4s9fe/,0,0,1,-1,NaN
452,aupschoolkulappully,2025-06-30T16:43:58.000Z,"#പേ_വിഷബാധ_ബോധവത്കരണം  ഇന്ന് സ്കൂളിലെ കുട്ടികൾക്ക് വേണ്ടി പേ വിഷബാധക്കെതിരെയുള്ള ബോധവത്കരണവും പ്രതിജ്ഞയും നടത്തി, സാമൂഹിക ആരോഗ്യ കേന്ദ്രത്തിലെ പീഡിയാട്രിസ്റ് ഡോ.ശോഭ  ബോധവത്കരണം നടത്തി. മറ്റു സിസ്റ്റേഴ്‌സും സംബന്ധിച്ചു. #rubella #പേവിഷബാധ #വാക്സിൻ #പ്രതിരോധം #primaryschool #generalawareness #healthylifestyle #Healthcare  A.U.P School Kulappully Primary Health Centre",https://www.instagram.com/p/DLiDaAUhBHg/,1,0,102,-1,NaN
453,karubee.bd,2025-07-03T09:05:07.000Z,"Some colors don’t just catch the eye — they capture the heart. ✨  RUBELLA is the story of ruby dreams and festive fire, where every bangle glows with handcrafted love and crystal clarity.  Celebrate Bold | Celebrate RUBELLA 💖  #RubElla #KaruBee #RedElegance #ThreadedCharm #HandcraftedBangles #FestiveGlow",https://www.instagram.com/p/DLo9Rt4CZ5i/,0,0,3,-1,NaN
454,jquinny333,2025-07-05T14:19:27.000Z,"#Vaccines filled #Viruses  #Measles #Mumps #Rubella #VACCINE  #SIDEEFFECTS #InjuriesNotRare #ReadTheInserts #Physicians4InformedConsent #BeInformed #vaccinesshedviruses",https://www.instagram.com/p/DLuq14kRqHv/,0,0,1,-1,NaN
455,thingsgetstuffed,2025-07-10T11:14:35.000Z,"#rubella",https://www.instagram.com/p/DL7NqL4T4Xy/,0,0,0,-1,NaN
456,almareynosojalos,2025-07-01T09:20:25.000Z,"#CIGurlAwesomeJourney🧡🧡🧡  Malayo pa, pero Malayo na❤️ #Rubella baby #Bilateral Congenital Cataract #Bilateral Profound Hearing Loss # Congenital Heart Disease  To God Be The Glory🙏🙏🙏",https://www.instagram.com/p/DLj1cHeTnt0/,0,0,0,-1,NaN
457,klinikfamiliprisma,2025-07-03T08:15:16.000Z,"🔆 DEMAM CAMPAK 🔆  🔅 Demam campak (Rubeola) adalah jangkitan akut pada kanak-kanak disebabkan oleh virus measles.  🔅 Pesakit demam campak biasanya mengalami gejala jangkitan respiratori dan disertai ruam pada kulit.  🔅 Cara virus ini disebarkan adalah melalui titisan air yang terhasil daripada saluran pernafasan.  🔅 Ia boleh keluar daripada saluran pernafasan pesakit daripada mulut dan hidung semasa bercakap, batuk atau bersin.  TANDA-TANDA DEMAM CAMPAK  🔸 Demam tinggi. 🔸 Batuk, selesema dan sakit tekak. 🔸 Mata berair dan sensitif kepada cahaya. 🔸 Sakit otot.  APAKAH RAWATAN UNTUK DEMAM CAMPAK❓ 🔸 Demam campak tidak mempunyai rawatan yang spesifik ataupun ubat yang boleh digunakan untuk membunuh virus tersebut. Terdapat beberapa rawatan sokongan yang boleh diberikan kepada pesakit antaranya ; 🔸 Ubat Demam 🔸 Pengambilan air yang mencukupi 🔸 Antibiotik jika pesakit mengalami jankitan kuman  Sebarang pertanyaan sila hubungi ; https://linktr.ee/klinikfamiliprisma  WhatsApp : https://wa.me/60126126309  #alamimpian #shahalam #sungaikandis #kampungjawa #klang #kotakemuning #klinikfamiliprisma #theheartofhealthcare #klinikalamimpian #klinikshahalam #rawatankesihatan #doktorwanita #demamcampak #measles #ruam #rubella",https://www.instagram.com/p/DLo3kuiySx5/,0,0,1,-1,NaN
458,jocohealthdept,2025-07-09T14:38:06.000Z,"No se demore, su oportunidad de protección es ahora.  Si usted es un adulto mayor de 19 años sin seguro médico o con seguro insuficiente, tenemos vacunas contra el sarampión, las paperas y la rubéola (MMR) gratuitas disponibles por tiempo limitado en nuestras clínicas de inmunización sin cita previa en Olathe y Mission, se aplicará un costo de $20 para administrar la vacuna.   La vacuna MMR proporciona hasta un 97% de protección contra el sarampión. Es especialmente importante vacunarse si viaja internacionalmente, es un estudiante universitario o un trabajador de la salud o no conoce su estado de vacunación.  Haga clic en el 🔗 de nuestro perfil para información sobre vacunación contra el sarampión.  #JohnsonCountyKS #Measles #Mumps #Rubella #MMR #Sarampión #Paperas #Rubéola #PublicHealth #Preparedness #KSPrepared #SleeveUpJoCo @lamegakc @2mas2kc @univisionkc @telemundokc @dosmundosnews @elcentroinc @juntos_ks @telocuentonewskc @kansascityhispanicnurses @lax1250am",https://www.instagram.com/p/DL5AJiXvTB7/,0,0,1,-1,NaN
459,flobabyspa.id,2025-07-06T13:02:18.000Z,"Hai Moms…   📢 IMUNISASI MR ITU PENTING! 💉✨ Yuk, lindungi buah hati dari virus berbahaya seperti campak dan rubella! Imunisasi bukan hanya melindungi anak kita dari sakit, tapi juga mencegah risiko cacat dan kematian. Jangan tunda, pastikan si kecil mendapatkan imunisasi lengkap untuk masa depan yang lebih sehat dan cerah! 🌈👶❤️  📍FloBabySpa - Baby Sehat, Baby Happy  #flobabyspa #ImunisasiMR #CegahCampakRubella #AnakSehat #FloBabySpa #VaksinItuPenting #ImunisasiAnak #LindungiBuahHati #BayiSehat #KesehatanAnak #PentingnyaVaksin #Rubella #Campak #ImunisasiSekarang",https://www.instagram.com/p/DLxGzuwJAh9/,0,0,1,-1,NaN
460,tttcbvbd,2025-06-17T13:00:39.000Z,"🏥 Nhân viên y tế – Những “chiến binh” cần được bảo vệ 💉🛡️ Sáng thứ Hai, tại #Trung_tâm_Tiêm_chủng_Bệnh_viện_Bưu_Điện, không khí bỗng rộn ràng hơn mọi khi. Những gương mặt quen thuộc trong chiếc blouse trắng – các bác sĩ, điều dưỡng, kỹ thuật viên – đang lần lượt ngồi chờ tiêm… nhưng lần này không phải để khám cho người bệnh mà là để tự bảo vệ chính mình.  👩‍⚕️ Chị Huyền – điều dưỡng khoa #Sản, chia sẻ:  “Mỗi ngày tiếp xúc hàng chục bệnh nhân, mình hiểu rõ nguy cơ lây nhiễm là rất cao. Được tiêm vắc-xin viêm gan B và cúm định kỳ khiến mình yên tâm hơn khi làm việc.”  👨‍⚕️ Bác sĩ Thành – khoa #Khám_bệnh, thì nói thêm:  “Không chỉ bảo vệ bản thân, tiêm phòng còn là cách mình bảo vệ bệnh nhân – đặc biệt là người lớn tuổi và trẻ nhỏ, những người dễ bị tổn thương nhất.”  💉 Vắc-xin nào cần thiết cho nhân viên y tế? ✅ #Viêm_gan_B – Nguy cơ cao khi tiếp xúc với máu, dịch cơ thể ✅ #Cúm – Phòng tránh lây nhiễm trong môi trường đông người ✅ #MMR (#sởi – #quai_bị – #rubella) ✅ #Thủy_đậu – Tránh lây sang bệnh nhân và đồng nghiệp  🎁 ƯU ĐÃI ĐẶC BIỆT: GIẢM 5% 📦 Áp dụng cho mọi gói tiêm chủng dành cho nhân viên y tế và gia đình ⏰ Có hiệu lực đến hết 30/6/2025 📍 Tại: #Trung_tâm_Tiêm_chủng #Bệnh_viện_Bưu_Điện  📝 Gợi ý gói tiêm dành cho nhân viên y tế: Gói tiêm Cúm + Viêm gan B định kỳ Gói tổng hợp: Viêm gan B – Cúm – MMR – Thủy đậu  📞 Tư vấn và đặt lịch: 081 661 5858 📬 Nhắn tin trực tiếp để được hỗ trợ nhanh chóng!  💪 Để mỗi ""chiến binh blouse trắng"" yên tâm hoàn thành sứ mệnh chăm sóc cộng đồng, hãy bắt đầu từ việc bảo vệ chính mình bằng vắc-xin!  #NhanVienYTe #VacxinYTe #VacxinNgheNghiep #TiemPhongChuyenSau #VacxinCUM #VacxinViemGanB #TrungTamTiemChung #BenhVienBuuDien #GiamGiaVacxin #VacxinHe2025 #BaoVeSucKhoe #CanBoYTeTiemPhong",https://www.instagram.com/p/DLALg6YpTsA/,0,0,1,-1,NaN
461,kameddiaqnostika,2025-06-26T16:22:02.000Z,"TORCH infeksiyalar dedikdə daha çox hamiləlikdə patologiya törədə bilən infeksiyalar başa düşülür. TORCH sözü bu infeksiyaların abbreviaturlarından (baş hərfləri) əmələ gəlir:  ✓ T - toksoplazma  ✓ O - other (digər)   ✓ R - rubella  ✓ C - CMV (sitomeqalovirus)  ✓ H - herpes  O - other (digər) infeksiyalara sifilis,hepatit virusları,mikoplazma,candida ,HİV,xlamidiya,listeriya və s. aiddir.  Çox təhlükəli olan bu infeksiyaları hələ hamiləlik planlaşdırılarkən yoxlanması tövsiyə edilir.Əgər planlaşdılırılmamış hamiləlikdir və saxlanılmasına qərar vermisinizsə TORCH infeksiyalar hamiləliyin erkən dövrlərində test edilməlidir.  Vaxtında müayinə və müalicə sağlam övlad deməkdir!  Əlavə məlumat almaq və qəbula yazılmaq üçün: 📱(+994 55) 374 02 02 📱(+994 99) 374 02 02 ☎️(+994 18) 645 02 02  Ünvan: Sumqayıt şəh,. 43-cü məhəllə,. S.Bədəlbəyli 64 ( Sumqayıt Dövlət Universiteti-2-ci korpusun yanı) İş saatı: I - Vl günlər saat 07:00-18:00 Bazar günü saat: 09:00-13:00  #kamed #tibb #usm #sumqayıt #müayinə #sağlamlıq #azərbaycan  #kameddiaqnostika #analiz #laboratoriya #həkim  #doktor #tibbmərkəzi  #müalicə #rentgen #ekq #exo #exokq #eeq #terapevt #torch #CMV #toksoplazma #rubella #herpes #hamiləlik #infeksiyalar",https://www.instagram.com/p/DLXttwaohYQ/,34,0,59,-1,NaN
462,rumahvaksinasi_garut,2025-06-17T03:59:49.000Z,"Vaksin MMR untuk dewasa diberikan guna menghindari atau mengurangi risiko terkena penyakit campak (measles), gondongan (mumps), dan rubella.   Campak, gondongan, dan rubella (campak Jerman) termasuk dalam jenis penyakit yang mudah menular melalui udara. Saat penderita ketiga penyakit tersebut batuk atau bersin, dahak atau percikan air liur yang keluar bisa saja terhirup oleh siapa pun yang ada didekatnya.  Jika hal ini terjadi, orang yang menghirup percikan dahak atau air liur bisa tertular. Inilah yang mendasari mengapa orang dewasa juga perlu mendapatkan vaksin MMR.  Nah, Jika Aybun belum pernah mendapatkan vaksin MMR hingga dewasa, berkonsultasilah dengan dokter kami untuk menentukan jadwal pemberian vaksin ya.   Dengan melakukan vaksinasi MMR, Aybun tidak hanya terlindungi dari campak, gondongan, dan rubella, tetapi juga mencegah penularan penyakit ini kepada orang lain ☺️👌  #vaksinasi #vaksinMMR #MMR #Campak #Rubella #Gondongan #vaksin #jadwalvaksindewasa #jadwalvaksin #jadwalMMR",https://www.instagram.com/p/DK_NnvTJVMV/,0,0,1,-1,NaN
463,rsudaekkanopan,2025-06-25T04:11:26.000Z,"Kenali Rubella Sejak Dini, Lindungi Anak dari Risiko Jangka Panjang  Dalam program inovasi PELUK ERAT (Penyuluhan dan Edukasi Meningkatkan Derajat Kesehatan), dr. Dewi Indriani, M.Ked(ORL-HNS), Sp.THT-BKL memberikan edukasi tentang Congenital Rubella Syndrome (CRS). Waspada sejak kehamilan, cegah dengan imunisasi, dan kenali gejala sejak awal. 📌 Nantikan video edukatifnya di postingan selanjutnya !!  #PELUKERAT #RSUDAekKanopan #PromosiKesehatan #Rubella #CongenitalRubellaSyndrome #EdukasiKesehatan #InfoKesehatan #LayananKesehatan",https://www.instagram.com/p/DLT1T6xpoQY/,0,0,3,-1,NaN
464,klinikutamakerincisehat_duri,2025-06-25T02:00:06.000Z,"Vaksin MMR ini memiliki beberapa manfaat, antara lain : 1. Melindungi dari tiga penyakit menular yang dapat menyebabkan komplikasi serius.  2. Mencegah penyebaran penyakit pada anak-anak dan orang dewasa.  3. Penting untuk ibu hamil untuk mencegah infeksi rubella yang dapat membahayakan janin.   Informasi dan Pendaftaran : 📍Jl. Mawar Gg. Seroja, Duri - Riau ☎ 0823 8851 5682 (WhatsApp) / 627 6559 6259  #vaksin #MMR #Campak #gondongan #rubella",https://www.instagram.com/p/DLTmTlWh9l3/,0,0,3,-1,NaN
465,eseningarden,2025-06-17T07:00:00.000Z,"Ваш сад нуждается в ярком акценте? Тогда встречайте нашу коллекцию пузыреплодников калинолистных – настоящую феерию красок и форм! В садовом центре Есенин вы найдете сорт на любой вкус:  • ‘Andre’: Необычные листья с градиентом от зеленого к медному. • ‘Diable d’Or’: Золотисто-оранжевый красавец, сияющий как закат. • ‘Diabolo’: Драматичный темно-пурпурный с почти черными листьями. • ‘Little Angel’: Миниатюрный, нежный с лимонными листьями. • ‘Nugget’: Яркий золотистый, словно самородок в вашем саду. • ‘Summer Wine’: Винно-красный с изящными дугообразными ветвями. • ‘Zdechovice’: Пурпурно-красные листья с бронзовым оттенком. • ‘Lady in Red’: Невероятно эффектный, словно дама в красном платье. • ‘Rubella’: Компактный с рубиново-красными листьями, особенно яркими весной.  Выбирайте свой оттенок настроения! Пузыреплодник – неприхотливый, морозостойкий и станет настоящим украшением вашего сада. Используйте его для создания живых изгородей, красочных композиций или просто как яркий солитер.  Приезжайте в садовый центр Есенин и заберите своего фаворита! Пусть ваш сад станет еще красивее и оригинальнее!  Ждем вас ежедневно с 10:00 до 19:00 по адресу: Бабяково, ул. Дорожная 19. 🌿✨  #садовыйцентрЕсенин #пузыреплодник #Andre #DiableDOr #Diabolo #LittleAngel #Nugget #SummerWine #Zdechovice #LadyInRed #Rubella #декоративныекустарники #сад #ландшафтныйдизайн #бабяково #растениядлясада",https://www.instagram.com/p/DK_iWS8oFAt/,0,0,11,-1,NaN
466,tttcbvbd,2025-06-22T03:00:02.000Z,"🎒 Bé Đi #Nhà_Trẻ – #Mẹ Đừng Quên Mũi Này!  Thời điểm cho #bé bắt đầu đi lớp, làm quen môi trường mới là lúc hệ miễn dịch non nớt của con cần được hỗ trợ nhiều nhất! 🧒👧 Các bé tiếp xúc với bạn bè, đồ chơi chung, dễ bị lây nhiễm các bệnh truyền nhiễm học đường như:  💉 MMR (#Sởi – #Quai_bị – #Rubella) 💉 #Cúm – dễ gây sốt cao, mệt mỏi kéo dài 💉 #Thủy_đậu – cực kỳ dễ lây khi bé chơi chung, ngủ chung 💉 Và các mũi bổ sung khác như #Phế_cầu, #Hib…  👉 Cha mẹ nên cho bé tiêm phòng đầy đủ trước khi nhập học để tạo ""lá chắn miễn dịch"", bảo vệ bé khỏe mạnh và an tâm trong suốt năm học.  ✅ #Trung_tâm_Tiêm_chủng #Bệnh_viện_Bưu_Điện hiện có Gói tiêm phòng dành riêng cho trẻ chuẩn bị đi nhà trẻ – mẫu giáo, gồm đầy đủ các mũi MMR, cúm, thủy đậu, phế cầu... giúp cha mẹ tiết kiệm thời gian, đảm bảo đủ mũi – đúng lịch – an toàn.  ✨ Đặc biệt: 🎁 Ưu đãi giảm giá 5% tất cả các gói tiêm chủng khi đăng ký trong tháng này!  📞 Liên hệ ngay để được tư vấn lịch tiêm phù hợp theo độ tuổi của bé và đặt lịch tiêm nhanh chóng, không chờ đợi. 📍 Địa chỉ: Số 49 Trần Điền, phường Định Công, quận Hoàng Mai, Hà Nội 📞 Hotline: 081 661 5858   🎁 Đặc biệt: Giảm 5% tất cả các gói tiêm chủng trong tháng này – Cơ hội tuyệt vời để bé vững vàng tới lớp!  ➡️ Bé sẵn sàng đến lớp – Mẹ an tâm gửi gắm!  #TiêmChủngAnToàn #BảoVệConYêu #TrẻĐiNhàTrẻ #TiêmNgừaTrướcKhiVàoLớp #VắcxinMMR #VắcxinThủyĐậu #TrungTâmTiêmChủng #BệnhViệnBưuĐiện #TiêmChủngTrọnGói #GóiTiêmƯuĐãi #SứcKhỏeTrẻNhỏ #YênTâmVàoLớp",https://www.instagram.com/p/DLL-wPOyO2x/,0,0,0,-1,NaN
467,aquatreattherapy.id,2025-06-14T09:56:23.000Z,"Cerita ini diangkat dari kisah seorang pasien yang telah 2 tahun menanti kehamilan. Setelah menjalani tes TORCH, ia didiagnosis Rubella & CMV. Dengan terapi dan perbaikan imun, alhamdulillah kini ia sedang mengandung bayi yang sehat.  Jangan anggap enteng gejala ringan. Bisa jadi tubuhmu sedang berjuang melawan infeksi yang tak tampak. 💡 Kenali TORCH lebih dalam, demi masa depan yang lebih sehat dan bahagia.  ✨  #Aquatreattherapy #Aquatreattherapyindonesia #AQTI  #TORCH #TORCHdanSolusinya  #Tokso #Rubella #CMV #Herpes #Seminar #Tokso #Toxoplasmagondii #Sulithamil #Gagalhamil #Tipshamil #tipspasutri",https://www.instagram.com/p/DK4ICvLS8Ky/,0,0,13,-1,NaN
468,vaccine_pk,2025-06-15T10:09:18.000Z,"The MMR vaccine protects individuals and communities by preventing #measles, #mumps, and #rubella infections and their serious complications, providing long-term #immunity, and contributing to public #health by reducing outbreaks and #disease transmission.  Two doses of the MMR vaccine are about 97% effective at preventing measles and rubella, and about 86-88% effective at preventing mumps.  Schedule your shot today: https://vaccine.pk/booking  #getvaccinted #StayHealthy",https://www.instagram.com/p/DK6uUF-KQq4/,4,0,17,-1,NaN
469,bundaarifrsia,2025-06-19T09:53:46.000Z,"Vaksin MR adalah vaksin yang digunakan untuk mencegah penyakit campak (Measles) dan rubella (campak Jerman).  Campak dan Rubella adalah penyakit infeksi yang menular melalui saluran napas yang disebabkan oleh virus.   AYO! Vaksin anak bunda, untuk terhindar dari penyakit infeksi, virus berbahaya, cacat dan kematian!   RSIA Bunda Arif menyediakan berbagai vaksin yang dibutuhkan termasuk vaksin MR, Yuk daftar sekarang!   RSIA Bunda arif Jl. Jatiwinangun No. 16 Purwokerto Informasi & Pendaftaran : ☎️ (0281) 636555 WhatsApp 08139-2800082  Ikuti IG @bundaarifrsia untuk tahu update terbaru layanan di RSIA Bunda arif 🙏  #RSIABundaarif #KeselamatanAnda #KepuasanAnda #KebahagiaanKami #Layananrumahsakit #rumahsakitibudananak #VaksinMR #Imunisasi #Campak #Rubella",https://www.instagram.com/p/DLE_t8LP0zB/,0,0,19,-1,NaN
470,thosenerdygirls,2025-06-19T11:30:00.000Z,"You probably know there is an ongoing outbreak of measles in the United States, Canada, and Mexico, but did you know that there are several different diseases with “measles” in their everyday name? Rubeola is responsible for the large, ongoing outbreak that began in West Texas earlier in 2025. 😷  🦠 The disease “measles” is caused by a virus. A virus is a tiny particle stuffed with its own instruction booklet on how to make copies of itself. The instructions are written in either DNA or RNA language, depending which type of virus it is. Just like food recipes, the instructions for each virus are unique and equip the virus with different ways to infect the body and cause disease. Even if they’re different, many viruses can cause shared symptoms like rashes.   ❓What are these viruses? Let’s break it down in the slides.  💉The MMR vaccine was introduced in 1969. Once introduced, the number of measles and Rubella cases was reduced by over 99%. The CDC declared Rubeola disease eliminated in the US in 2000 and Rubella in 2004 due to the successful immunization campaign. This means that most cases happen in unvaccinated people who got the virus while they were outside of the US. Unfortunately, there is an ongoing outbreak of measles this year, leading to a large increase in cases.  ➡️ Bottom line, there are many different viruses that can cause a measles-like rash. Fortunately, Rubeola and Rubella are covered by the MMR vaccine. Since it can be hard to tell apart the rashes caused by viruses, it is always best to check with your trusted clinician if your child, or a family member, develops a rash. The best way to protect you and your family is to stay up to date on your vaccines.   Stay well and rash-free,  Those Nerdy Girls  🔗 in bio for the full post from Nerdy Girl Cindy Leifer, PhD  #ThoseNerdy Girls #Measles #Rubeola #babymeasles #rubella #germanmeasles #roseola #VaccinesWork",https://www.instagram.com/p/DLFKvZXRqJG/,2,0,46,-1,NaN
471,sambhaavdiagnostic,2025-06-26T04:30:22.000Z,"Prioritize your baby's health with the TORCH Panel Test at Sambhaav Diagnostic! 👶 If you notice symptoms like fever, jaundice, unexplained rashes, or concerns about your baby's development, this crucial test helps detect infections (Toxoplasmosis, Rubella, Cytomegalovirus, Herpes, and others) that can impact pregnancy outcomes. Ensure peace of mind with accurate and timely diagnosis in Jaipur. 📞 Call us to book your TORCH Panel Test: +91 8428486286 #TORCHPanel #PregnancyScreening #InfectiousDisease #Rubella #CMV",https://www.instagram.com/p/DLWcRXwh_za/,0,0,0,-1,NaN
472,jocohealthdept,2025-06-25T00:07:06.000Z,"Protect yourself now—don’t wait for an outbreak.   If you're an uninsured or underinsured adult age 19 and older, we have free MMR (measles, mumps, rubella) vaccines available for a limited time at our walk-in immunization clinics in Olathe and Mission. A $20 fee applies for administering the vaccine.  The #MMR vaccine provides up to 97% protection against measles. It’s especially important to get vaccinated if you travel internationally, are a college student, a healthcare worker or you don’t know your vaccination status.  Click the 🔗 in our profile for information about the MMR vaccine.  #JohnsonCountyKS #Measles #Mumps #Rubella #SleeveUpJoCo #KSPrepared #Kansas",https://www.instagram.com/p/DLTZV4KMgJe/,1,0,6,-1,NaN
473,jocohealthdept,2025-06-26T19:50:06.000Z,"Protéjase ahora, no espere a que ocurra un brote.  Si usted es un adulto mayor de 19 años sin seguro médico o con seguro insuficiente, tenemos vacunas contra el sarampión, las paperas y la rubéola (MMR) gratuitas disponibles por tiempo limitado en nuestras clínicas de inmunización sin cita previa en Olathe y Mission, se aplicará un costo de $20 para administrar la vacuna.   La vacuna MMR proporciona hasta un 97% de protección contra el sarampión. Es especialmente importante vacunarse si viaja internacionalmente, es un estudiante universitario o un trabajador de la salud o no conoce su estado de vacunación.  Haga clic en el 🔗 de nuestro perfil para información sobre vacunación contra el sarampión.  #JohnsonCountyKS #Measles #Mumps #Rubella #MMR #Sarampión #Paperas #Rubéola #PublicHealth #Preparedness #KSPrepared #SleeveUpJoCo",https://www.instagram.com/p/DLYFhUdvIpe/,0,0,2,-1,NaN
474,gautenghealth,2025-06-17T11:28:51.000Z,"Gauteng has reported a total of 157 confirmed #Measles and 37 #Rubella cases this year. Parents are encouraged to ensure that they’re children are immunised with the MR vaccine to protect against vaccine preventable diseases. The first dose is given at 6 months after birth and the second dose at 12 months. #VaccinesSaveLives",https://www.instagram.com/p/DLABAlptYXl/,18,0,54,-1,NaN
475,klinik_keluarga_ilyana,2025-06-23T00:33:41.000Z,"3 penyakit berjangkit ni amat bahaya dan mampu merisikokan nyawa anak anda! Pastikan anak anda mendapat vaksin MMR untuk melindungi diri mereka dari dijangkiti penyakit ini 😷 . Jom dapatkan konsultasi bersama doktor wanita Klinik Keluarga Ilyana . 𝐊𝐋𝐈𝐍𝐈𝐊 𝐊𝐄𝐋𝐔𝐀𝐑𝐆𝐀 𝐈𝐋𝐘𝐀𝐍𝐀 “𝐘𝐎𝐔𝐑 𝐓𝐑𝐔𝐒𝐓𝐄𝐃 𝐅𝐑𝐈𝐄𝐍𝐃𝐋𝐘 𝐏𝐑𝐈𝐌𝐀𝐑𝐘 𝐂𝐀𝐑𝐄” . Waktu Operasi: Setiap hari termasuk Jumaat 8.00 Pagi - 11.00 Malam 📌Lot No 134-D, Wisma Kesang, Jalan Sultan Zainal Abidin, Kg Tanjong Mengabang, 20000 Kuala Terengganu, Terengganu ☎️ 09-6285969  🌍Google Maps 👇 https://g.co/kgs/GQEuGYv  #Klinikkeluargailyana #kkikt #klinikterengganu #klinikkeluargailyanakualaterengganu #klinikkeluarga #klinikseisikeluarga #vaccinemmr #beguk #cacarair #measles #rubella",https://www.instagram.com/p/DLOSzUIy4Do/,0,0,0,-1,NaN
476,soocanadian,2025-06-26T12:48:33.000Z,"Premier David Eby is urging British Columbians to get vaccinated as measles cases continue to rise across Canada, calling the resurgence a “sadly predictable outcome” of misinformation and political recklessness.  “This is the sadly predictable outcome of some recklessness, frankly, on the parts of some politicians in terms of questioning vaccine safety and ensuring that people are supported in accessing vaccines,” Eby said.  He emphasized the serious threat posed by the disease, especially to children.  “I will encourage all British Columbians to ensure that they are vaccinated. Measles is no joke. It kills kids. It’s a preventable disease, and we don’t want that to be the story of the summer for our province.”  Public health officials across the country have raised concerns about declining vaccination rates and the potential for further outbreaks heading into the summer.  #measles #vaccines #vaccineswork #vaccine #science #antivaccine #polio #medicine #measlesoutbreak #rubella #health #vaccination #pharma #covid #herdimmunity #vaccineskill #mmr #mumps #memes #bhfyp #vaccineinjury #bigpharma #malaria #vaccinsanity #vaccinate #vaxxed #whoopingcough #immune #homeopathy #vaccineasaveslifes",https://www.instagram.com/p/DLXVSKVxwtw/,0,0,2,-1,NaN
477,klinik_keluarga_ilyana_kl,2025-06-23T00:32:38.000Z,"3 penyakit berjangkit ni amat bahaya dan mampu merisikokan nyawa anak anda! Pastikan anak anda mendapat vaksin MMR untuk melindungi diri mereka dari dijangkiti penyakit ini 😷 . Jom dapatkan konsultasi bersama doktor wanita Klinik Keluarga Ilyana  KLINIK KELUARGA ILYANA “YOUR TRUSTED FRIENDLY PRIMARY CARE”  Hubungi kami untuk pertanyaan lanjut🤗🤗 https://linktr.ee/klinikkeluargailyana  Bagi cawangan Klinik Keluarga Ilyana Keramat KL Buka 8am-11pm setiap hari, termasuk Sabtu dan Ahad 60108845969 atau 0341615910  Jangan lupa follow Tiktok kami di https://www.tiktok.com/@klinikkeluargailyana?lang=en  📍Lokasi kami: Klinik Keluarga Ilyana AU3 NO 12, Jalan 3/56, Keramat AU3, 54200 Ampang Ulu Klang  🌍Google Maps 👇 https://g.co/kgs/obdGMye  #klinikkeluargailyana #klinikkeluargailyanakeramat #vaccinemmr #beguk #cacarair #measles #rubella",https://www.instagram.com/p/DLOSrhqT8n3/,0,0,0,-1,NaN
478,immunize.ca,2025-06-04T11:00:28.000Z,"For health care professionals | Pocket Guide for Immunizers: #Measles, #Mumps, and #Rubella Vaccination | https://immunize.ca/sites/default/files/Resource%20and%20Product%20Uploads%20(PDFs)/Products%20and%20Resources/Measles/Pocket%20Guide/mmr_pocketguide_web_e.pdf #MMR #VaccinesWork #GetImmunized",https://www.instagram.com/p/DKefaozvsaC/,0,0,3,-1,NaN
479,jocohealthdept,2025-06-02T14:50:05.000Z,"ACT NOW! If you're an uninsured or underinsured adult age 19 and older, we have free MMR (measles, mumps, rubella) vaccines available for a limited time at our walk-in immunization clinics in Olathe and Mission. A $20 fee applies for administering the vaccine.  The MMR vaccine provides up to 97% protection against measles. It’s especially important to get vaccinated if you travel internationally, are a college student, a healthcare worker or you don’t know your vaccination status.  Click the 🔗 in our profile for walk-in clinic information.  #JohnsonCountyKS #MMR #Measles #Mumps #Rubella #SleeveUpJoCo #KSPrepared #Kansas",https://www.instagram.com/p/DKZwHFQNRCD/,0,0,8,-1,NaN
480,aquatreattherapy.id,2025-06-02T23:19:19.000Z,"Moms, pernah dengar soal TORCH? Katanya bisa ganggu tumbuh kembang anak, lho. Menurut kamu, mitos atau fakta? Coba share pendapatmu di komentar!  #Aquatreattherapy #Aquatreattherapyindonesia #AQTI  #TORCH #TORCHdanSolusinya  #Tokso #Rubella #CMV #Herpes #Seminar #Tokso #Toxoplasmagondii #Sulithamil #Gagalhamil #Tipshamil #tipspasutri",https://www.instagram.com/p/DKaqZI2T5UG/,0,0,16,-1,NaN
481,aquatreattherapy.id,2025-05-27T09:38:08.000Z,"Sudah ikut seminar Aquatreat Therapy Indonesia? Gimana rasanya? Menarik? Bermanfaat?  Yuk, tulis pendapat dan pengalamanmu di kolom komentar, kami pengen denger ceritamu!  #Aquatreattherapy #Aquatreattherapyindonesia #AQTI  #TORCH #TORCHdanSolusinya  #Tokso #Rubella #CMV #Herpes #Seminar #Tokso #Toxoplasmagondii #Sulithamil #Gagalhamil #Tipshamil #tipspasutri",https://www.instagram.com/p/DKJvpSpSY8I/,0,0,12,-1,NaN
482,jocohealthdept,2025-06-12T01:45:05.000Z,"Last week @cdcgov urged international travelers to get fully vaccinated against measles with the MMR vaccine (click the 🔗 in our profile). Most people who bring measles into the United States are unvaccinated U.S. residents who get infected during international travel.  The recommendation includes an early dose for infants 6-11 months old and 2 doses at least 28 days apart for anyone 12 months and older without evidence of immunity.  We also recommend domestic travelers visiting counties and bordering counties with #measles cases be fully vaccinated against measles before visiting those areas.  Currently, Johnson County, Kansas has no confirmed cases of measles; however, there are 11 counties in Kansas and 34 states (including Kansas) with confirmed cases.  #JohnsonCountyKS #Kansas #MMR #Mumps #Rubella #Traveling #Travel #Vacation #InternationalTravel #Immunzation #Vaccine #TravelAbroad #TravelVaccines #PublicHealth #Preparedness #InfectiousDisease #Summer2025 #Summer",https://www.instagram.com/p/DKyGOPLMqON/,0,0,4,-1,NaN
483,jocohealthdept,2025-06-06T14:47:11.000Z,"¡ACTÚA AHORA! Si usted es un adulto mayor de 19 años sin seguro médico o con seguro insuficiente, tenemos vacunas contra el sarampión, las paperas y la rubéola (MMR) gratuitas disponibles por tiempo limitado en nuestras clínicas de inmunización sin cita previa en Olathe y Mission, se aplicará un costo de $20 para administrar la vacuna.   La vacuna MMR proporciona hasta un 97% de protección contra el sarampión. Es especialmente importante vacunarse si viaja internacionalmente, es un estudiante universitario o un trabajador de la salud o no conoce su estado de vacunación.  Haga clic en el 🔗 de nuestro perfil para información sobre nuestra clínica sin cita previa.  #JohnsonCountyKS #Measles #Mumps #Rubella #MMR #Sarampión #Paperas #Rubéola #PublicHealth #Preparedness #KSPrepared #SleeveUpJoCo @lamegakc @2mas2kc @univisionkc @telemundokc @dosmundosnews @elcentroinc @juntos_ks @telocuentonewskc @kansascityhispanicnurses @lax1250am",https://www.instagram.com/p/DKkC9GeTXoQ/,0,0,2,-1,NaN
484,sunshine_kids_and_family_,2025-06-05T04:50:50.000Z,"#immunisation #indianacademyofpaediatricians #iap #uip #universalimmunisationprogramme #vaccinations #catchupvaccination #cervicalcancer #polio #tetanus #mmr #hepatitisb #pulsepolio #tuberculosis #diptheria #typhoid #hepatitisawareness #pertusis #flu #pneumococcal #measles #mumps #rubella #japaneseencephalitis #meningococcal #chickenpox #haemophilus#bcg #opv #ipv",https://www.instagram.com/p/DKgZ6_UTAkn/,0,0,6,-1,NaN
485,allroundchef.ng,2025-06-08T06:33:24.000Z,"🚨 Health Alert from @NCDCgov 🚨 There’s a worrying rise in Measles and Rubella cases in 2025:  📌 1,691 measles cases (Epi-week 01–18) 📌 461 rubella cases (Epi-week 01–20) 📌 For every 10 negative measles tests, 1 rubella case is likely present!  🛡️ Stay informed. Get vaccinated. Protect our communities. #Measles #Rubella #NCDC #StaySafe #VaccinesWork #PublicHealth #mrvaccine4nigeria  #mrvaccineinoyo  #mrvaccineinibadan  #Cwins_official",https://www.instagram.com/p/DKoUC0RCgup/,6,0,16,-1,NaN
486,the_nursingnavigator,2025-06-02T16:57:27.000Z,"One minute learning series -4 Revise daily with @the_nursingnavigator  Topic : Mumps and Rubella - communicable diseases Subject - Community Health Nursing  . . #examstrategy  #study  #norcet  #dailyrevision #nursing #aiimsdelhi #mumps #rubella #notes",https://www.instagram.com/p/DKZ-sKAp_Yy/,0,0,25,-1,NaN
487,bibismiles_,2025-06-07T19:35:44.000Z,"Health matters: Recent updates from the @NCDCgov show a concerning rise in Measles and Rubella infections:  1,691 measles cases reported between Epi-week 01–18, 2025  461 rubella cases reported between Epi-week 01–20, 2025   For every 10 negative measles tests, there is likely 1 rubella case.  #mrvaccine4nigeria #mrvaccineinenugu #Rubella #rubellaawareness #germanmeasles #mrvaccine",https://www.instagram.com/p/DKnIx8wscy0/,0,0,3,-1,NaN
488,shushishuaibu,2025-06-07T19:53:58.000Z,"Recent updates from the @ncdcgov has showed a concerning rise in Measles and Rubella infections:  1,691 measles cases reported between Epi-week 01–18, 2025  461 rubella cases reported between Epi-week 01–20, 2025   For every 10 negative measles tests, there is likely 1 rubella case.  As parents or guardians, it is our duty and responsibility to protect our children from rubella.  Note: Rubella is different from measles and it can be dangerous.   Spread the message because our children are the leaders of tomorrow and their health should be our major concern.  #rubella #mrvaccine4nigeria #mrvaccine #mrvaccineinniger #endrubella #protectourchidren #savethechildren #mrvaccinecampaign",https://www.instagram.com/p/DKnK3bQokg2/,0,0,9,-1,NaN
489,jocohealthdept,2025-06-13T19:54:08.000Z,"La semana pasada los @cdcgov instaron a los viajeros internacionales a vacunarse contra el sarampión con la vacuna #MMR (haga clic en el 🔗 de nuestro perfil). Las personas que traen el sarampión a los Estados Unidos son residentes estadounidenses que fueron infectados durante viajes internacionales.  La recomendación incluye una dosis temprana para infantes de 6-11 meses de edad y dos dosis con al menos de 28 días de diferencia para cualquier persona de 12 meses de edad en adelante sin evidencia de inmunidad.   También recomendamos que los viajadores domésticos visitando otros condados y condados fronterizos con casos de sarampión estén completamente vacunados contra el sarampión antes de visitar esas áreas.   Actualmente, el condado de Johnson, Kansas no ha confirmado ningunos casos del sarampión, sin embargo, hay 11 condados en Kansas y 34 estados (incluyendo Kansas) con casos confirmados.   #JohnsonCountyKS #Measles #Mumps #Rubella #Sarampión #Paperas #Rubéola #PublicHealth #Preparedness #KSPrepared #SleeveUpJoCo @lamegakc @2mas2kc @univisionkc @telemundokc @dosmundosnews @elcentroinc @juntos_ks @telocuentonewskc @kansascityhispanicnurses @lax1250am",https://www.instagram.com/p/DK2npdUPMM7/,0,0,1,-1,NaN
490,homoeo_horizon,2025-06-03T13:31:56.000Z,"MEDICINE MADE EASY  RUBELLA SIMPLIFIED NOTES  FOLLOW FOR MORE MED- Related CONTENT @homoeo_horizon  #rubella  #homoeopathictherapeutics #homoeo_horizon #medicinenotes #shortnotes #medschool #organonofmedicine #medicine #materiamedica #audesapere #homoeopathictherapeutics  #homoeopathicmedicine #homoeopathy_cures  #homoeopathy #homoeopathydoctors  {Homoeopathy, BHMS, Medico, BHMS Notes, Handwritten Notes, Medicine, Materia Medica}",https://www.instagram.com/p/DKcL93XPsO-/,0,0,1,-1,NaN
491,succulent_jd_kr,2025-05-26T13:27:49.000Z,"#Echeveria #Rubella #zusung",https://www.instagram.com/p/DKHlIuizUi_/,0,0,17,-1,NaN
492,rabi.roy.5686,2025-06-06T09:57:12.000Z,"যাদের ভ্যাকসিন নেওয়া নেই, তাদের জন্য এবার বিশেষ অভিযান চালানোর সিদ্ধান্ত নেওয়া হয়েছে।  #Measles #rubella #WestBengal #Vaccination #Drishtibhongi   https://drishtibhongi.in/2025/06/06/vaccination-campaign-begins-with-the-target-of-making-bengal-free-of-measles-and-rubella/",https://www.instagram.com/p/DKjhxk_SKpB/,0,0,1,-1,NaN
493,mayagurantz,2025-06-04T17:33:40.000Z,"My favorite #contentwarning ever, created in collaboration with the stellar team @desaisset. Two weeks left at The Plague Archives!  @theplaguearchives @art.prep @ciaraennis5 @labaines.  #theplaguearchives #measles #tuberculosis #tb #syphilis #hiv #hivaids #covid19 #covid_19 #ebola #trachoma #plague #bubonicplague #diphtheria #polio #mumps #rubella #vaccine #scienceisreal #history #historymatters #historyisnow",https://www.instagram.com/p/DKfMbO9pSTF/,1,0,12,-1,NaN
494,tttcbvbd,2025-06-09T03:00:54.000Z,"💍 HÀNH TRANG TRƯỚC HÔN NHÂN: ĐÃ TIÊM ĐỦ CHƯA? 🧬 Sẵn sàng cho một khởi đầu mới – Đừng quên tiêm chủng tiền hôn nhân!  Tình yêu là khởi đầu của một mái ấm 💑. Nhưng để hành trình làm cha mẹ thật trọn vẹn, sức khỏe sinh sản và miễn dịch trước thai kỳ là điều không thể bỏ qua!  Bạn có biết? 👉 Trước khi kết hôn và chuẩn bị mang thai, cả nam và nữ đều nên tiêm các loại vắc-xin phòng bệnh nguy hiểm có thể ảnh hưởng đến thai nhi và khả năng sinh sản.  💉 Những mũi tiêm quan trọng trước hôn nhân: 👩 Dành cho nữ giới: 🔹 #Rubella: Phòng ngừa dị tật bẩm sinh ở thai nhi 🔹 #Viêm_gan_B: Ngăn ngừa lây truyền từ mẹ sang con 🔹 #HPV: Giảm nguy cơ ung thư cổ tử cung  👨 Dành cho nam giới: 🔹 Viêm gan B: Bảo vệ bản thân và vợ 🔹 #HPV: Giảm nguy cơ nhiễm bệnh qua đường tình dục 🔹 #Cúm: Tăng sức đề kháng trước khi làm cha  🎯 Gợi ý gói tiêm phù hợp: 💑 Gói tiêm tiền hôn nhân – Dành cho cặp đôi sắp cưới → Tư vấn, xét nghiệm và lên lịch tiêm cá nhân hóa → Vắc-xin chất lượng cao – Quy trình chuẩn y khoa  🎁 ƯU ĐÃI THÁNG 6 – GIẢM 5% TOÀN BỘ CÁC GÓI TIÊM CHỦNG 📅 Từ 01/06 – 30/06/2025 💝 Sẵn sàng từ hôm nay – Hạnh phúc trọn vẹn ngày mai!  📍 #Trung_tâm_Tiêm_chủng #Bệnh_viện_Bưu_Điện 🏥 49 Trần Điền, Định Công, Hoàng Mai, Hà Nội 📞 Hotline: 081 661 5858 💬 Inbox fanpage để được bác sĩ tư vấn miễn phí!  🌸 Đừng chờ đến khi mang thai mới lo bảo vệ bé yêu. Hãy chủ động từ hôm nay – vì một tương lai khỏe mạnh cho cả gia đình! 👉 Comment “TÔI MUỐN TIÊM” để được đặt lịch nhanh nhất!  #TiemChungTienHonNhan #VacxinRubella #VacxinHPV #VacxinViemGanB #GoiTiemCapDoi #5PhanTramGiamGia #HanTrangLamChaMe #VacxinBVBuuDien",https://www.instagram.com/p/DKqghLnJG3J/,0,0,0,-1,NaN
495,theculinarygal_,2025-06-07T18:36:09.000Z,"Recent updates from the @NCDCgov show a concerning rise in Measles and Rubella infections:  1,691 measles cases reported between Epi-week 01–18, 2025  461 rubella cases reported between Epi-week 01–20, 2025   For every 10 negative measles tests, there is likely 1 rubella case.  #mrvaccine  #RubellaAwareness  #mrvaccineabia  #measels  #rubella",https://www.instagram.com/p/DKnB9fYMkxN/,0,0,10,-1,NaN
496,minka_ndifon,2025-06-10T13:32:56.000Z,"According to @ncdcgov, for every 10 negative measles test, there is like 1 that is Rubella.  Rubella is generally mild but can be a menace for a developing foetus   It is preventable by vaccination  #MRvaccine4Nigeria #MRvaccineinCrossRiver  #Measles #Rubella",https://www.instagram.com/p/DKuNpPZtMHO/,0,0,7,-1,NaN
497,ehis_healthyhome,2025-06-02T08:49:30.000Z,"It's time to stop worrying about your health problem because what you need is to regain control of your body by turning to natural foods and remedies.  Herbs were given to us to treat any virus or disease, such as HSV, HPV, HIV, diabetes, cancer, lupus, shingles, rubella, chickenpox, etc.  With natural foods and herbs, you can cure any health problem.  for more information, DM me  #herpes #hsv #herpescure #alkalinediet #alkaline #alkalineliving #drsebi #drsebiapproved #hiv #hivawareness #hivpositive #hivaids #hpv #hpvawareness #hpvvirus #diabetes #diabetesawareness #diabetestype1 #diabetestype2 #cancersucks #cancer #cancerawareness #lupus #lupusawareness #lupussucks #shingles #shinglessuck #ese_healthyhome #rubella #chickenpox",https://www.instagram.com/p/DKZG2ZxiMfP/,0,0,1,-1,NaN
498,tttcbvbd,2025-06-13T13:00:35.000Z,"🎒 #Trẻ đi #trại_hè - Chuẩn bị vắc-xin gì? Hè đến là lúc các bé háo hức tham gia trại hè, du lịch, sinh hoạt tập thể cùng bạn bè. Nhưng cha mẹ đừng quên rằng: ➡️ Nơi đông người chính là môi trường lý tưởng để virus, vi khuẩn lây lan!  🌟 Những vắc-xin CẦN ĐƯỢC TIÊM TRƯỚC KHI ĐI TRẠI HÈ: 👧 #Sởi – #Quai_bị – #Rubella (#MMR) 🫧 #Thủy_đậu – Giảm nguy cơ bùng phát dịch trong nhóm đông trẻ 🧠 #Não_mô_cầu – Phòng viêm màng não nguy hiểm, dễ lây qua đường hô hấp 💉 #Cúm – Phòng các triệu chứng mệt mỏi, sốt, ảnh hưởng hoạt động của bé  🎯 Tại sao nên tiêm phòng trước khi đi trại hè? ✅ Tăng cường miễn dịch – giúp con khỏe mạnh trong suốt kỳ trại ✅ Giảm nguy cơ lây nhiễm chéo khi sinh hoạt chung ✅ Bảo vệ sức khỏe không chỉ cho bé mà cả cộng đồng nhỏ tuổi xung quanh  🧒 Gợi ý gói tiêm phù hợp: 📦 Gói tiêm cho trẻ trước khi tham gia trại hè hoặc hoạt động tập thể ✔️ Thiết kế riêng cho lứa tuổi mẫu giáo – tiểu học – trung học ✔️ Đầy đủ các vắc-xin theo khuyến cáo của Bộ Y tế và WHO  🎉 ƯU ĐÃI THÁNG 6 ✨ GIẢM 5% tất cả các gói tiêm chủng 📆 Áp dụng: từ 1/6 – 30/6/2025  📍 #Trung_tâm_Tiêm_chủng #Bệnh_viện_Bưu_Điện 🏥 49 Trần Điền, Định Công, Hoàng Mai, Hà Nội 📞 Hotline: 081 661 5858 💬 Inbox fanpage để được tư vấn & đặt lịch miễn phí!  👪 Cha mẹ hãy chuẩn bị hành trang sức khỏe cho con cùng những mũi tiêm quan trọng nhất mùa hè này nhé! 💬 Comment “TÔI CẦN TƯ VẤN” để được hỗ trợ ngay hôm nay!  #TiemTruocTraiHe #VacxinChoTre #HeAnToan #TiemDungLich #VacxinBVBuuDien #5PhanTramGiamGia #ChamSocSucKhoeTreEm",https://www.instagram.com/p/DK14U5OxVtY/,0,0,0,-1,NaN
499,jocohealthdept,2025-06-05T13:48:05.000Z,"There are currently no confirmed cases of measles in Johnson County, Kansas. However, it’s good to be aware of the symptoms of measles. If you think you may have measles, call your healthcare provider BEFORE going to their office. Measles is highly contagious and your provider will make arrangements for you to be seen and tested.  All healthcare providers and hospitals are required to report suspected and confirmed measles cases directly to @kdheks within 4 hours, which then notifies our office. Providers should NOT wait for test results to report a suspected case.  Click the 🔗 in our profile for the latest guidance about #measles.  #JohnsonCountyKS #Mumps #Rubella #Preparedness #PublicHealth #Kansas",https://www.instagram.com/p/DKhXZiyPXXa/,0,0,20,-1,NaN
500,immunize.ca,2025-05-28T16:00:45.000Z,"For health care professionals | Pocket Guide for Immunizers: #Measles, #Mumps, and #Rubella Vaccination | https://immunize.ca/sites/default/files/Resource%20and%20Product%20Uploads%20(PDFs)/Products%20and%20Resources/Measles/Pocket%20Guide/mmr_pocketguide_web_e.pdf #VaccinesWork #GetImmunized #MMR",https://www.instagram.com/p/DKNAOEeN6xj/,0,0,0,-1,NaN
501,drgjmwolmarans,2025-06-09T19:54:21.000Z,"Message from Acting WHO Regional Director for Africa, Dr Chikwe Ihekweazu  ""This African Vaccination Week, celebrated from 24 to 30 April annually as part of World Immunization Week, we renew our collective commitment to achieving equitable access to lifesaving vaccines for every child, every community and every country in the WHO African Region.  Immunization is not only one of the most effective public health tools; it is a fundamental right, a shared responsibility and a vital investment in our future. Vaccines have saved an estimated 154 million lives over the past 50 years, reducing infant mortality by 40% and protecting people from more than 30 deadly diseases.""  Read more: https://www.afro.who.int/regional-director/speeches-messages/african-vaccination-week-2025  Dr Wolmarans: 012 549 8900 / office@gjmw.co.za Visit our website for more info: www.gjmw.co.za . . . #DrGJMWolmarans #health #healthcare #medicalcare #tuberculosis #tb #hiv #aids #coronavirus #cancer #hivaidsawareness #hivawareness #tuberculosis #diabetes #health #cholera #Chickenpox #Dengue #Diphtheria #Flu #HepatitisA #HepatitisB #Hib  #HPV (Human Papillomavirus) #Measles #Meningococcal #Mumps #Pneumococcal #Polio (Poliomyelitis) #Rotavirus #Rubella (German Measles)",https://www.instagram.com/p/DKsUf-Ws8Zk/,0,0,0,-1,NaN
502,skk_dinkes_kapuas,2025-06-04T04:15:32.000Z,"Serangan campak biasanya tertinggi pada anak usia pra-sekolah yang belum menerima imunisasi ecara lengkap atau belum pernah terpapar campak sebelumnya. Penyakit campak dapat dicegah dengan imunisasi. Imunisasi dilakukan sejak dini mulai anak usia 0 bulan hingga tahap selanjutnya. Imunisasi lanjutan yang diberikan pada usia 18 bulan salah satunya adalah imunisasi Measless Rubella (MR). Imunisasi MR merupakan salah satu upaya pencegahan campak dan rubella.  #surveilanspd3i #campak #rubella  #surveilanskapuas #kekarantinaankesehatan",https://www.instagram.com/p/DKdxFgSRP7r/,0,0,7,-1,NaN
503,mercoglianosalvato,2025-05-26T15:50:56.000Z,"#Western leaders:#dementia,#volatility,#scam(#Manu in #Romania vote),#rape,#perversion,#homosexuality, #drug addiction,#time-waster(of #Ukrinian male escorts) ""livevirus""#vax(#measles #mumps #rubella #chickenpox)risk inducing disease they claim to prevent https://salvatoremercogliano.blogspot.com/2025/05/the-degrowth-for-neo-communists.html?spref=tw",https://www.instagram.com/p/DKH1g18IDZw/,0,0,0,-1,NaN
504,sabinvaccine,2025-06-03T16:46:16.000Z,"📣 Coming June 11! Dr. Natasha Sarah Crowcroft, Vice President of Infectious Diseases and Vaccination Programs at the Public Health Agency of Canada (@healthycdns), brings 5 years of recent experience at the epicenter of measles and rubella elimination efforts for the World Health Organization to a new episode of Getting to Zero.  She explains why #measles, one of the most infectious diseases on the planet, requires an extraordinarily high vaccination rate to keep infections down. The good news, she tells us, is that #rubella (also known as German measles) — which can lead to birth defects or death of babies in pregnant women — is on its way out... hopefully.   Subscribe to our YouTube channel via the link in our bio to ensure you don't miss the premiere!",https://www.instagram.com/p/DKciM7KN7j7/,0,0,3,-1,NaN
505,truecopythink,2025-05-22T07:40:43.000Z,"മെയ് 19 തൊട്ട് 31 വരെ സംസ്ഥാനത്ത് കാമ്പയിൻ നടത്തി, വാക്സിൻ നൽകാൻ വിട്ടുപോയ എല്ലാ കുട്ടികൾക്കും MR വാക്സിൻ നൽകുകയാണ്. 2024-ൽ കേരളത്തിൽ 526 മിസിൽസ് കേസാണ് റിപ്പോർട്ട് ചെയ്തത്. ഈ വർഷം മെയ് 14 വരെ 141- ഓളവും. MR വാക്സിൻ കാമ്പയിന്റെ പ്രാധാന്യത്തെക്കുറിച്ചെഴുതുന്നു, ഡോ. ജയകൃഷ്ണൻ ടി.  Link in Bio   #Measles  #Rubella #Vaccine",https://www.instagram.com/p/DJ8qOQsvk0D/,0,0,11,-1,NaN
506,prodithtklusk,2025-05-20T07:35:08.000Z,"Congenital Rubella Syndrome (CRS) adalah suatu kumpulan gejala akibat infeksi virus rubella selama kehamilan. Virus rubella termasuk dalam famili togaviridae dengan genus rubivirus. Virus rubella umumnya menyebabkan penyakit yang ringan, 50% orang yang terinfeksi rubella tidak terdiagnosis. Namun bila infeksi rubella terjadi pada masa kehamilan, virus rubella dapat menembus sawar placenta dan menginfeksi janin. Kasus CRS dapat dicegah dengan imunisasi rubella, dan lakukan skrining terhadap pasien baru lahir dan dengan sangkaan CRS.  #Skrining CRS #Rubella  #THTKom #PPDSTHTKLUSK",https://www.instagram.com/p/DJ3gATCxTyM/,0,0,12,-1,NaN
507,tttcbvbd,2025-05-18T13:00:24.000Z,"🤰 Tiêm phòng trước thai kỳ – Hành trình an toàn cho mẹ và bé Tầm quan trọng của tiêm phòng trước khi mang thai – Bảo vệ mẹ và bé từ sớm  #Mang_thai là một hành trình diệu kỳ 💫 Và hành trình ấy cần được bắt đầu bằng sự chuẩn bị kỹ lưỡng về sức khỏe – không chỉ cho mẹ mà còn cho cả bé yêu trong tương lai 👶  🛡️ Vì sao nên tiêm phòng trước khi mang thai? Khi mang thai, hệ miễn dịch của người mẹ thường yếu hơn, khiến mẹ dễ mắc bệnh truyền nhiễm. Một số bệnh không chỉ ảnh hưởng đến sức khỏe của mẹ mà còn có thể gây dị tật, sảy thai hoặc sinh non.  Việc tiêm phòng trước thai kỳ giúp tạo kháng thể chủ động, bảo vệ mẹ và bé ngay từ những tuần đầu tiên khi chưa biết mình mang thai.  💉 Những vắc-xin cần thiết trước khi mang thai: ✅ #Rubella – Ngừa dị tật bẩm sinh nguy hiểm ✅ #Viêm_gan_B – Bảo vệ gan mẹ, phòng lây truyền cho con ✅ #Thủy_đậu – Tránh biến chứng nặng khi nhiễm trong thai kỳ ✅ #Cúm – Giảm nguy cơ biến chứng hô hấp cho mẹ bầu ✅ #HPV (virus gây ung thư #cổ_tử_cung) – Bảo vệ sức khỏe sinh sản lâu dài  👩‍⚕️ Gợi ý gói tiêm phòng trước mang thai: GÓI TIÊM PHÒNG TRƯỚC THAI KỲ tại #Trung_tâm_Tiêm_chủng_Bệnh_viện_Bưu_Điện bao gồm đầy đủ các vắc-xin khuyến nghị, được tư vấn kỹ lưỡng bởi đội ngũ bác sĩ chuyên môn giàu kinh nghiệm.  ⏳ Tiêm trước khi có kế hoạch mang thai ít nhất 1 - 3 tháng để đảm bảo an toàn tối đa.  🎁 ƯU ĐÃI THÁNG 5: #Giảm 5% khi đăng ký gói tiêm phòng tiền hôn nhân – trước thai kỳ 👉 Đặt lịch nhanh chóng – Chủ động bảo vệ mẹ và bé từ hôm nay!  🏥 #Trung_tâm_Tiêm_chủng #Bệnh_viện_Bưu_Điện 📍 Địa chỉ: 49 Trần Điền, phường Định Công – Hà Nội 📞 Hotline: 081 661 5858  #TiemPhongTruocMangThai #HanhTrinhLamMe #VacxinMangThai #TrungTamTiemChungBuuDien #TiemPhongChoMeVaBe #GoiTiemThaiKy #MeBauThongThai",https://www.instagram.com/p/DJy7ox1JSwM/,0,0,0,-1,NaN
508,bibismiles_,2025-05-10T08:54:42.000Z,"Rubella congenital syndrome , mild symptoms but serious consequences especially for pregnant women.  You will be seeing more post about rubella measles in the next few months so as to create awareness and I will be working with @cwins_official on this.  Pls like, comment and share and feel free to ask questions in the comment section.  #mrvaccine4nigeria #MRvaccineinenugu #mrvaccinationcampaign #mrvaccine #rubellasyndrome #rubella",https://www.instagram.com/p/DJd5KURsp2N/,0,0,3,-1,NaN
509,ppdsthtklusk,2025-05-20T07:37:26.000Z,"Congenital Rubella Syndrome (CRS) adalah suatu kumpulan gejala akibat infeksi virus rubella selama kehamilan. Virus rubella termasuk dalam famili togaviridae dengan genus rubivirus. Virus rubella umumnya menyebabkan penyakit yang ringan, 50% orang yang terinfeksi rubella tidak terdiagnosis. Namun bila infeksi rubella terjadi pada masa kehamilan, virus rubella dapat menembus sawar placenta dan menginfeksi janin. Kasus CRS dapat dicegah dengan imunisasi rubella, dan lakukan skrining terhadap pasien baru lahir dan dengan sangkaan CRS.  #Skrining CRS #Rubella  #THTKom #PPDSTHTKLUSK",https://www.instagram.com/p/DJ3gRGhhl8S/,0,0,9,-1,NaN
510,akermanmedicalpractice,2025-05-08T10:20:19.000Z,"The #MMR #vaccine gives long-term protection against #measles, #mumps and #rubella. If you have a high temperature or feel very unwell, wait until you feel better before having the MMR vaccine. Read more here: nhs.uk/vaccinations/mmr-vaccine/  #NHS #London #Lambeth",https://www.instagram.com/p/DJY5XmZKMMS/,0,0,0,-1,NaN
511,dr.barbarakarinvela,2025-05-14T18:55:06.000Z,"Hepatitis A is a viral infection. It spreads rapidly, causing fever, body aches, jaundice and stomach issues. There is no cure for hepatitis A, but it can be cleared by the body in about 2 months. It usually affects the liver but does not cause lasting damage. In rare cases, it can cause liver failure and death, but this is more common in individuals over 50 years of age or those with other conditions that affect the liver.  Vaccination against Hepatitis A is recommended if you are travelling to countries where there are poor levels of sanitation and hygiene, and Hepatitis A is common, this includes parts of Africa, Asia, and South America. When travelling, exposure generally comes from consuming contaminated food or water, or through contamination directly from someone with poor personal hygiene.  #drbarbarakarinvela #travelvaccines #malaria #malariaprophylaxis and #travelersdiarrhea #diarrhea #travelvaccines #travelers #diseases #cholera #hepatitisa #hepatitisb #typhoid #japaneseencephalitis #malariatablets #measles #mumps #rubella #meningitis #polio #diphtheria #tetanus #rabiestickborneencephalitis #yellowfever",https://www.instagram.com/p/DJpRDP8Nr8V/,0,0,3,-1,NaN
512,bewustzijnover,2025-05-10T08:15:05.000Z,"Als vaccins écht zo veilig zijn, waarom vroegen farmaceutische bedrijven dan in 1986 bescherming tegen aansprakelijkheid? 🫠  In de Verenigde Staten heeft Big Pharma wettelijk afdwingbare immuniteit gekregen via de National Childhood Vaccine Injury Act.   Sindsdien kunnen mensen die schade oplopen door vaccins de producenten niet meer rechtstreeks aanklagen. In plaats daarvan moeten ze hun zaak indienen bij een speciaal vaccinenschadefonds, betaald door… de burger zelf.  Deze wet kwam er niet zomaar: er waren toen ZOVEEL schadeclaims dat fabrikanten dreigden te stoppen met vaccins produceren — tenzij ze wettelijke bescherming kregen. Dat alleen al is veelzeggend. 😒  Waarom aanvaarden we dit als normaal? Waarom vertrouwen we blind op producten waarvoor de producent niet verantwoordelijk wordt gehouden als het fout gaat?  Echte veiligheid heeft geen immuniteit nodig. Transparantie en aansprakelijkheid zijn de basis van vertrouwen — niet marketing, niet dwang.  Durf vragen te stellen. Kritisch denken is geen extremisme — het is gezond verstand.  Vaccins geven schade, klein of groot.   #vaccinatie #vaccinaties #schijnveiligheid #polio #difterie #tetanus #mazelen #bof #rubella #kinkhoest #griep #pneumokokken #meningitis #baarmoederhalskanker #hpv #blinddoekenaf",https://www.instagram.com/p/DJd0oOTMQUe/,0,0,4,-1,NaN
513,nabpforpatients,2025-05-09T14:30:23.000Z,"An increase in vitamin A exposure cases has recently been seen in children.  @poisoncenters saw a 38.7% increase in the number of cases compared to last year. The organization recommends that patients receive the #measles, #mumps, and #rubella vaccine to prevent measles infection and talk to their health care providers before taking vitamin A or other supplements.  Read more at the link in our bio.",https://www.instagram.com/p/DJb6xYRRect/,0,0,1,-1,NaN
514,sonamm_patel,2025-05-19T06:26:14.000Z,"I know I am not alone, so many special needs parents must have gone through these situations. It's really difficult to navigate through such situations. I urge you to start inclusion from your one own home today.   #inclusionmatters #inclusiveschools #autismacceptance #autismfamily #adhd #autism #rubellasyndrome  #rubella",https://www.instagram.com/p/DJ0zU0KRzkv/,101,0,461,-1,NaN
515,plab.1keys,2025-05-08T18:30:57.000Z,"Viral Rashes in Paediatrics – Classic Exam Patterns You Must Know! 	1.	Measles (Rubeola) → Face/neck first → spreads to body, Koplik spots on buccal mucosa, fever, cough, coryza, conjunctivitis. → No cervical lymphadenopathy. → Mnemonic “K” = Koplik, Cough, Coryza, Conjunctivitis. → Notifiable disease. Management: Support + Reassurance only. 	2.	Rubella (German Measles) → Similar rash but milder, with lymphadenopathy (cervical, suboccipital, postauricular). → Forscheimer’s spots on soft palate, not buccal mucosa. 	3.	Roseola (HHV-6) → Sudden high fever, then non-itchy rash on chest/legs → spreads to body. → Classic PLAB recall. 	4.	Parvovirus B19 (Fifth disease) → Slapped cheek rash, bright red cheeks → may spread to body. → Be cautious in pregnancy and SCD patients (aplastic crisis!). 	5.	Hand, Foot & Mouth (Coxsackie Virus) → Painful oral ulcers + grey vesicles on palms, soles. → Rash is non-pruritic. Supportive only.  Red Flag: If you see neck stiffness, photophobia, or uncontrollable fever → THINK meningitis → different management.  ⸻  ▪️ Exam-Oriented & Continuously Updated: Plab1Keys.com offers high-yield, color-coded notes, mnemonics, bullet points, MCQs, and comparisons tailored to PLAB 1 and UKMLA AKT—always aligned with the latest recalls and guideline updates.  ▪️ No Outdated PDFs: We don’t offer PDFs or printed notes—PLAB 1 changes too fast. Our online-only platform keeps you synced with the latest exam trends.  ▪️ Broad Exam Coverage: Perfect for PLAB 1 and UKMLA, and also highly beneficial for USMLE Step 2 CK, AMC, MCCQE, SMLE, NEET-PG, DHA, HAAD, MRCP, MRCS, and other licensing exams.  ▪️ Trusted Since 2017: Thousands of successful doctors rely on our constantly updated content.  ▪️ Always Up to Date: Get real-time updates, new MCQs, embedded scenarios, and UK-guideline-linked material—all in one place.  #plab1 #ukmla #usmle #paediatrics #measles #rubella #roseola #parvovirusB19 #fifthdisease #handfootmouth #koplikspots #slappedcheek #viralrash #examrevision #plabrevision #ukmlarevision #medicalstudents #clinicalmedicine #highyieldpediatrics #infectiousdisease #rashdiagnosis #mcqprep #doctorsofinstagram #medstudy",https://www.instagram.com/p/DJZxhHcMTox/,0,0,337,-1,NaN
516,klinikandapuchong,2025-05-12T03:20:49.000Z,"💉 Lindungi Anak Anda dengan Vaksin MMR  Vaksin MMR melindungi anak anda daripada Measles (Campak), Mumps (Beguk) dan Rubella. Ia penting untuk:  ✅ Cegah penyakit serius ✅ Perlindungan awal ✅ Jaga kesihatan komuniti  Lindungi masa depan anak anda hari ini! ❤  #klinikanda #klinikanda24jam #vaccination #immunization #MMRvaccine #mumps #rubella #measles #puchong",https://www.instagram.com/p/DJicipwyVsy/,0,0,0,-1,NaN
517,chef_sheriffs,2025-05-09T17:50:24.000Z,"The safest way to prevent Measles and Rubella diseases is by getting vaccinated. The Measles-Rubella Vaccine protects children and help stop the diseases from spreading. Good hygiene like covering your mouth when coughing and washing your hands; also helps protect everyone.  #MRvaccine4Nigeria #mrvaccineinborno  #rubella #vaccination #disease #beware #awareness #becareful",https://www.instagram.com/p/DJcRrEHIKez/,14,0,19,-1,NaN
518,rasjewelry_collection,2025-05-13T15:01:05.000Z,"#LadiesChoice ✨💃 Pick your Favourite one 🥰🔥  Rubellite, Sapphire and EmeralD  For more serious details please DM us only.  𝗗𝗲𝘀𝗶𝗴𝗻𝗲𝗱 𝗮𝗻𝗱 𝗺𝗮𝗱𝗲 𝗯𝘆 @ras_gems_jewelry  @rasjewelry_collection   . .  #sapphire #sapphirering #rubellite #rubellitering #rubella #emeraldring #emerald #emeraude #joyería #schmuck #sɪʟᴠᴇʀᴊᴇᴡᴇʟʀʏ #silverjewelry #kpk #kohat #dubai #pakistan",https://www.instagram.com/p/DJmRedPoRo2/,0,0,23,-1,NaN
519,whonepal,2025-05-22T16:09:08.000Z,"Today, WHO Country Office for Nepal 🇳🇵 handed over a Real-Time Polymerase Chain Reaction (RT-PCR) machine to the National Public Health Laboratory (NPHL), Ministry of Health and Population.  The handover marks a significant step toward strengthening #Nepal’s molecular diagnostic capacity by enabling timely and accurate detection of #vaccine-preventable and other communicable diseases, while guiding targeted public health interventions to enhance #outbreak preparedness and response.  @WHO is committed to bolster Nepal’s efforts in achieving the goal of #measles-#rubella elimination by 2026.",https://www.instagram.com/p/DJ9karJsxo5/,0,0,48,-1,NaN
520,uptd_pkmsukmajaya,2025-05-23T07:15:48.000Z,"Hallo Sobat Sehat, Campak dan Rubella dapat dicegah yaa dengan imunisasi MR. Pemberian imunisasi MR dilakukan pada usia 9 bulan, 18 bulan, dan usia sekolah kelas 1 SD.  Untuk gejalanya, bisa di simak flyer berikut yaa 😉😍  #pkmsukmajaya #campak #rubella #imunisasi",https://www.instagram.com/p/DJ_MLUszjc6/,0,0,10,-1,NaN
521,aquatreattherapy.id,2025-05-21T12:04:07.000Z,"TORCH bukan hanya masalah ibu hamil. Semua orang bisa terinfeksi, bahkan tanpa gejala yang jelas. Namun bagi ibu hamil, risikonya bisa fatal. Itulah kenapa penting untuk kenali, waspadai, dan cegah TORCH sedini mungkin.  Yuk, jaga diri dan orang-orang tersayang dengan langkah sederhana yang bisa menyelamatkan masa depan.  #Aquatreattherapy #Aquatreattherapyindonesia #AQTI  #TORCH #TORCHdanSolusinya  #Tokso #Rubella #CMV #Herpes #Seminar #Tokso #Toxoplasmagondii #Sulithamil #Gagalhamil #Tipshamil #tipspasutri",https://www.instagram.com/p/DJ6jlPTyVi7/,0,0,11,-1,NaN
522,nphcda,2025-05-12T07:47:58.000Z,"Measles and Rubella are contagious viral diseases that can lead to serious complications, including pneumonia, birth defects, and even death. Early detection and awareness are key.   #Measles #Rubella",https://www.instagram.com/p/DJi7HWPNY5A/,0,0,14,-1,NaN
523,dr.aazam_gauri,2025-05-18T04:02:47.000Z,"@dr.aazam_gauri #maajagdambasuperspecialityhospital #residentmedicalofficer #doctors #hospitality #rubella #headache #chikenpox #disease #bronchitis #osteoporosis #influenza",https://www.instagram.com/p/DJx-HNeJuRE/,1,0,21,-1,NaN
524,richardcodor,2025-05-16T17:57:58.000Z,"",https://www.instagram.com/p/DJuUGldRCDF/,2,0,28,-1,NaN
525,aquatreattherapy.id,2025-05-19T01:23:36.000Z,"✨ Hamil bukan hanya soal fisik, tapi juga mental. Perubahan hormon, tekanan sosial, dan rasa cemas bisa memengaruhi ibu hamil secara emosional. Itulah kenapa dukungan mental & sosial sangat penting diberikan sepanjang kehamilan.  Mulai dari konseling psikologis, dukungan keluarga, sampai komunitas ibu hamil semua bisa jadi kekuatan.   Yuk, hadir dan dengarkan ibu hamil di sekitar kita!  #Aquatreattherapy #Aquatreattherapyindonesia #AQTI  #TORCH #TORCHdanSolusinya  #Tokso #Rubella #CMV #Seminar #Herpes #Seminar #Tokso #Toxoplasmagondii #Sulithamil #Gagalhamil #Tipshamil #tipspasutri",https://www.instagram.com/p/DJ0QsMCyI3L/,0,0,10,-1,NaN
526,pathquestdiagnostics,2025-05-22T16:45:42.000Z,"TORCH IgM Panel Test at Pathquest Diagnostics!  The TORCH IgM Panel detects IgM antibodies against a group of infections that can affect both pregnancy and newborn health if not diagnosed early.  What Does TORCH Stand For?  T – Toxoplasmosis  O – Other infections (like Syphilis, Varicella-Zoster, Parvovirus B19)  R – Rubella (German Measles)  C – Cytomegalovirus (CMV)  H – Herpes Simplex Virus (HSV-1 & HSV-2)  Why the IgM Test?  IgM antibodies are the first sign of recent or active infection. This test helps detect infections that can:   Cause miscarriage or stillbirth  Lead to birth defects  Affect the baby’s brain, vision, or development  Recommended For: ▪️ Pregnant women (especially in the first trimester) ▪️ Women planning to conceive ▪️ Infants with unexplained symptoms ▪️ Couples with history of recurrent miscarriage . . . Book today: 8368416335 Visit: www.pathquestdiagnostics.com . . . #PathquestDiagnostics #TORCHPanel #TORCHIgM #PrenatalCare #PregnancyTest #MaternalHealth #Toxoplasmosis #Rubella #CMV #Herpes #Cytomegalovirus #DiagnosticCare #PregnancyScreening #HealthyBaby #AccurateTesting #Pathquest #PathquestLab #GurugramLab #StayHealthy",https://www.instagram.com/p/DJ9omjBTgzS/,0,0,2,-1,NaN
527,learning_with_dr.emi,2025-05-09T15:51:26.000Z,"Measles and Rubella—two viral infections that look similar but have very different consequences. Do you know how to tell them apart? Swipe the pictures to learn about them   Today, I am sharing this post in collaboration with @cwins_official to create awareness on measles and rubella.   Did you learn anything new? Do you have questions?   Please share in the comment section.   NOW YOU KNOW, YOU CAN DO BETTER    #MRvaccine4Nigeria #MRvaccineinRivers  #Measles #Rubella",https://www.instagram.com/p/DJcEDumo2rV/,1,0,9,-1,NaN
528,leskovo.pitomnik,2025-05-20T03:25:00.000Z,"🍂 ПУЗЫРЕПЛОДНИКИ ‘RUBELLA’ VS. ‘ALL BLACK’ – СХОЖИ, НО НЕ ОДИНАКОВЫ! 🍂  Если вам кажется, что все темнолистные пузыреплодники на одно лицо – держите два живых доказательства обратного. Оба компактные, оба эффектные, оба с темной листвой, но разница между ними есть.  🖤 ‘RUBELLA’ Этот кустарник вечно в черном, без компромиссов. Его листья угольно-чёрные с холодным подтоном, а к осени приобретают стальной отблеск. Отличный выбор для строгих цветовых решений в саду.  ❤️ ‘ALL BLACK’ Представьте себе стильного француза в бордовом пальто – вот вам и ‘All Black. Его листья темно-красные, летом уходят в насыщенный винный оттенок. Идеален для живых изгородей и миксбордеров.  ЧТО ВЫБРАТЬ? Если нужен яркий акцент – ‘All Black'. Хотите создать глубокий контраст – ‘Rubella’. Но идеальный вариант – сочетание обоих! Контраст текстур, оттенков и размеров делает их отличной парой в ландшафтном дизайне.  📌 Выбирайте свой стиль – или не выбирайте вовсе и берите оба!  ✅ Есть в наличии (только опт): C10 – 2500 руб., C20 –  4100 руб.  🌐 Больше об этих растениях на нашем сайте: leskovo-pitomnik.ru  #лесково #питомникрастений #садовыйцентр #озеленение #применение_в_лд #ландшафтныйдизайн #сад #сравнение #рубрика #похожи_но #пузыреплодник #пузыреплодник_калинолистный #physocarpus #physocarpus_opulifolius #AllBlack #Rubella",https://www.instagram.com/p/DJ3DesuC9tZ/,0,0,57,-1,NaN
529,klinikandaputraperdana,2025-05-12T03:21:44.000Z,"💉 Lindungi Anak Anda dengan Vaksin MMR  Vaksin MMR melindungi anak anda daripada Measles (Campak), Mumps (Beguk) dan Rubella. Ia penting untuk:  ✅ Cegah penyakit serius ✅ Perlindungan awal ✅ Jaga kesihatan komuniti  Lindungi masa depan anak anda hari ini! ❤  #klinikanda #klinikanda24jam #vaccination #immunization #MMRvaccine #mumps #rubella #measles #puchong",https://www.instagram.com/p/DJicpYwTwzZ/,0,0,0,-1,NaN
530,parisya_clinic,2025-05-14T16:43:25.000Z,"Haii Sahabat Parisya✨  Vaksin MR (Measles and Rubella) adalah vaksin yang melindungi terhadap dua penyakit, yaitu: 1. Campak (Measles) 2. Rubella (German Measles)  Vaksin ini diberikan untuk mencegah infeksi dan komplikasi yang dapat timbul dari kedua penyakit tersebut.   Layanan Imunisasi Vaksin MR Tersedia! di Parisya Clinic ✨ 📝 Buat Janji Pendaftaran dibuka Setiap Hari (via Dm instagram) 🗓️ Vaksinasi Dilakukan Setiap Hari Rabu ⏰ 08.00 - 19.30  Daftar Sekarang untuk Imunisasi MR! Hubungi kami untuk membuat janji dan pastikan anak Anda terlindungi dari Campak dan Rubella untuk masa depan yang lebih sehat. Kami tunggu kedatangan Anda!"" __________________ Jangan lupa like, repost dan follow terus @parisya_clinic untuk mengetahui informasi Jadwal praktek dokter spesialis Parisya Clinic, dan kegiatan-kegiatan edukasi yang dilaksanakan di Parisya Clinic  ____________________ 🏥 Jl. Angkatan 66 No.63, Pipa Jaya, Kemuning,Palembang ☎️ 0711-864-381 📞 0812-9312-6747  #clinic #palembang #sumateraselatan #imunisasi #kesehatan #campak #rubella #bayi #anak-anak #vaksinmr #vaksin",https://www.instagram.com/p/DJpB-zdSxDp/,0,0,4,-1,NaN
531,amcmastery,2025-05-16T03:30:00.000Z,"💉Which test confirms rubella immunity? A must-know for any candidate tackling vaccine-related questions on the AMC MCQ 1!  👶 Especially important when assessing women of childbearing age — avoid congenital rubella syndrome at all costs.  📚 Master the difference between: • Rubella IgM (recent infection) • Rubella IgG (past infection or immunity) • Antibody titres vs vaccine history  🧠 Stay sharp. Small details = big points.  👉 For daily high-yield questions and exam-focused discussions, follow us at @amcmastery 🔗 amcmastery.learnworlds.com  #AMCprep #AMCMastery #Rubella #Vaccines #MCQchallenge #MedicalEducation #IMGsupport #Immunisation #AustralianGuidelines",https://www.instagram.com/p/DJsw1S-TUps/,0,0,2,-1,NaN
532,dr.chhimcp,2025-04-29T05:50:26.000Z,"#ស្អូច #កន្ទួល #rubella #rashes #DrChhim #ពូពេទ្យ #DrChhimAndBeyond",https://www.instagram.com/p/DJBPVI0yvKN/,0,0,0,-1,NaN
533,nuviaallbetterpediatric,2025-05-03T12:55:32.000Z,"🇺🇸Both cause skin rashes, but they are different diseases and important to recognize and especially to protect babies and pregnant women.  🌸 Rubella (German Measles) Cause: Rubella virus Transmission: Through the air (coughing, sneezing)  Common symptoms: ✅ Pink spots starting on the face and spreading through the body ✅ Low-grade fever ✅ Swollen lymph nodes (behind the ears and neck) ✅ Mild discomfort  Duration: 3 to 5 days Prevention: MMR vaccine (measles, mumps, rubella) ⚠️ Higher risk: Unvaccinated pregnant women – can cause severe birth defects in the baby  👶 Roseola (Sixth Disease) Cause: Human herpesvirus type 6 or 7 Transmission: Saliva, droplets – common in babies  Common symptoms: ✅ Sudden high fever lasting 2–3 days ✅ After the fever, pink spots appear on the trunk and neck ✅ The child usually remains active  Duration: 4 to 7 days Prevention: No vaccine available ⚠️ Possible complication: Febrile seizure (due to sudden high fever)  👩‍⚕️ Tip for parents: Keep vaccinations up to date (MMR) Pay attention to the symptom sequence (fever before or after the rash) If you have concerns or persistent fever, consult your pediatrician! . . #allbetterpediatricgroup #pediatrics #drrenatoberger #vᴀᴄiɴᴀcᴏᴠɪᴅ19 #pediatrician #coconutcreek #healthykids #rubella #roseola",https://www.instagram.com/p/DJMTKJzt94U/,2,0,4,-1,NaN
534,theprintindia,2025-04-25T05:30:09.000Z,"India has set a target of eliminating measles and rubella—highly infectious but vaccine-preventable diseases in children that can result in serious illnesses and prove fatal in some cases—by 2026, after missing the target of eliminating them by 2023.  The target to eliminate the diseases was first set by the Union government for 2015, which was later pushed to 2020 but was again revised for 2023 during the Covid-19 pandemic period.  Union Health Minister J. P. Nadda Thursday launched the National Zero Measles-Rubella Elimination Campaign on the occasion of World Immunization Week, calling it an opportunity to achieve 100 percent immunisation coverage to provide high-quality life to children by administering them with two doses of measles and rubella vaccine.  Link in bio to complete report by Sumi Sukanya Dutta (@sumi_dutta23)  #india #measles #Rubella #UniversalImmunisationProgramme",https://www.instagram.com/p/DI2505ro7-c/,1,0,157,-1,NaN
535,medly.md,2025-05-01T08:35:16.000Z,"Rubella is a fairly common viral disease that is easily tolerated by children and does not require special treatment.   #Rubella #ChildHealth #ViralInfection #PediatricCare #MildIllness #healthawareness #medical #MedicalInformation",https://www.instagram.com/p/DJGr0JOqnIe/,0,0,3,-1,NaN
536,cap_research,2025-05-06T07:00:54.000Z,"💬 Not vaccinated against Rubella?  We’re looking for healthy volunteers aged at least 18 for a paid clinical study.  It’s safe. It’s important. And yes — it makes a difference.  Want to help protect future generations from outbreaks?  👉 DM us or WhatsApp now.  - Quick screening - Free check-up - Compensation provided • • • #CAPResearch #Rubella #HealthyVolunteers #MauritiusTrial #ClinicalTrial2025",https://www.instagram.com/p/DJTY9SONfui/,0,0,1,-1,NaN
537,konnivartha3,2025-04-25T01:19:16.000Z,"അഞ്ചാം പനി -റുബെല്ല: നിർമാർജനത്തിനുള്ള ദേശീയ പരിപാടിക്ക് തുടക്കം കുറിച്ചു Union Health Minister J P Nadda launches National Zero Measles-Rubella Elimination Campaign on the occasion of World Immunization Week  https://www.konnivartha.com/2025/04/25/measles-rubella-elimination-campaign/  #JPNadda #MeaslesRubella #Rubella #WorldImmunizationWeek #UnionHealthMinister  #HealthandFamilyWelfare #healthnews",https://www.instagram.com/p/DI2dHilzKmj/,0,0,0,-1,NaN
538,medicaldialogues,2025-04-26T06:08:50.000Z,"Union Minister of Health and Family Welfare, Shri Jagat Prakash Nadda, recently virtually launched the National Zero Measles-Rubella Elimination campaign 2025-26 on the first day of the World Immunization Week (24-30 April), marking a significant step towards India's goal of eliminating Measles and Rubella by 2026.  Read the full news on: www.medicaldialogues.in  #latestnews #centre #national #measles #rubella #campaign #medicalnewstoday #mednews #medicalnews #medicalnewsupdates #medicaldialogues",https://www.instagram.com/p/DI5jDRyzjYk/,0,0,295,-1,NaN
539,icmr_niv,2025-04-25T04:03:12.000Z,"@icmr_niv commits to #elimination of #vaccine #preventable #viral #diseases - #Measles, #Rubella & #HepatitisB by testing #blood samples and #immunity levels of #children. The #survey aims to assess immunity of #children from 900 #clusters across 180 #districts in 6 #zones. 65 clusters completed from 13 districts & 22 #states to follow in 2025. United, let’s join forces to eradicate #vaccine #preventable #viral #diseases. @icmrorganisation #HumanlyPossible #WorldImmunizationWeek2025 #VaccinesWork #HealthForAll #ImmunizationMatters",https://www.instagram.com/p/DI2v4LqI9Cn/,0,0,59,-1,NaN
540,who.searo,2025-05-06T12:06:06.000Z,"Did you know❓  Bhutan, DPR Korea, Maldives, Sri Lanka and Timor-Leste are free of #rubella.   This was possible because of collaboration between government and healthcare workers, along with community participation.   #VaccinesWork #HealthForAll #PublicHealth #VaccinesSaveLives",https://www.instagram.com/p/DJT74q_SJKr/,0,0,21,-1,NaN
541,aquatreattherapy.id,2025-05-05T06:28:10.000Z,"Jika kamu sedang merencanakan kehamilan. Yuk pertimbangkan buat cek TORCH. Ini langkah awal yang bijak untuk jaga kesehatan kamu dan calon buah hati.  #AquatreatTherapy #AQTI #TORCH #SehatSejakAwal #TipsHamil #ProgramHamil #TORCHdanSolusinya #Toxoplasma #Rubella #CMV #Herpes",https://www.instagram.com/p/DJQwawMySqs/,0,0,9,-1,NaN
542,wastemytimemachine,2025-04-29T05:00:10.000Z,"An exciting day for virus prevention!  #10Years #10YearsAgo #10YearAnniversary #10thAnniversary #2015events #PAHO #PanAmericanHealthOrganization #Rubella #Vaccines #VirusPrevention #WorldHealthOrganization #WHO #TheTimelineMachine #TimelineMachine #WasteMyTimeMachine",https://www.instagram.com/p/DJBJkvjqTev/,0,0,2,-1,NaN
543,carefirst_medical_centres,2025-05-08T08:00:13.000Z,"✈️ Travelling soon? Check your immunisations! ✈️ Measles cases are rising in popular destinations like Australia, the U.S., Canada, the U.K., Vietnam, Thailand, and India. While Aotearoa does not have measles cases, low immunisation rates put us at risk.  ✅ Had two doses of the measles vaccine? You’re protected! ❓ Unsure? Ask us to check your records—it’s safe to get another dose. 👶 Travelling with a pēpi under 12 months? Talk to us about a free early MMR dose (in addition to the scheduled doses at 12 and months) before travel. ✈️ Going somewhere else? Contact our Travel Clinic for other support to stay well before, during and after your trip.  Protect yourself, your whānau, and our community — get vaccinated before you go! ✈️👋  #MeaslesPrevention #MMR #Carefirst #CarefirstCares #TravelClinic #TravelSafe #StayProtected #GetVaccinated #Immunisation #MMR #Measles #Mumps #Rubella",https://www.instagram.com/p/DJYpVgqM3ix/,0,0,4,-1,NaN
544,iuidfellowship,2025-04-25T00:46:24.000Z,"#idboardreview 50 M from 🇬🇧 recent mountain biking trip to 🇩🇪 🇪🇸 presents w/ fever, sore throat, cervical lymphadenopathy, myalgia, plt100, AST300, ALT200, prickly rash face then arms, now on trunk. Spares palms/soles. Diagnosis? #medEd #idmedEd #idSky #idfellows #idfellowship #infectioninstagram #infectiousdiseases",https://www.instagram.com/p/DI2ZWx3s4c_/,13,0,6,-1,NaN
545,labkesjateng,2025-04-28T11:51:17.000Z,"Hallo sahabat sehat,  Yuk cek kesehatan kita sebelum melaksanakan pernikahan dan yang akan berencana punya momongan.  •• Tidak hanya wanita saja ya, tetapi juga laki-laki sangat bisa terinfeksi. •• Agar tidak menyesal di kemuadian hari, mari segera periksa TORCH untuk memastikan kita terbebas dari virus yang berbahaya bagi pertumbuhan janin.  Silahkan datang ke kantor kami: Balai Laboratorium Kesehatan dan Pengujian Alat Kesehatan Provinsi Jawa Tengah Jl. Soekarno Hatta No. 185 Semarang  #virus #torch #toxoplasma #rubella #herpes #ibuhamil #calonpengantin #calonpengantinwanita #tescalonpengantin #labkesjateng #balabkespakjateng #balabkespak #balabkespakprovjateng",https://www.instagram.com/p/DI_T1N9TPPA/,1,0,26,-1,NaN
546,diecodsbccpatan,2025-04-25T11:23:46.000Z,"જિલ્લામાં આવતી કાલે બે વર્ષ થી ઓછી ઉંમર ના બાળકોને નિયમિત રસીકરણ અંતર્ગત MR રસીના બે ડોઝ સુનિશ્ચિત કરશો. #measles #rubella",https://www.instagram.com/p/DI3iS_vNlhB/,0,0,12,-1,NaN
547,konnivartha3,2025-04-25T01:43:39.000Z,"National Zero Measles-Rubella Elimination Campaign on the occasion of World Immunization Week केंद्रीय स्वास्थ्य मंत्री श्री जेपी नड्डा ने विश्व टीकाकरण सप्ताह के अवसर पर राष्ट्रीय शून्य खसरा-रूबेला उन्मूलन अभियान का शुभारंभ किया உலக நோய்த்தடுப்பு மருந்து வாரத்தை முன்னிட்டு, ரூபெல்லா, தட்டம்மை ஒழிப்புக்கான தேசிய பிரச்சாரத்தை மத்திய சுகாதார அமைச்சர் திரு ஜே பி நட்டா தொடங்கி வைத்தார்  https://www.konnivartha.com/2025/04/25/national-zero-measles-rubella-elimination-campaign-on-the-occasion-of-world-immunization-week/  #HealthandFamilyWelfare #JagatPrakashNadda #MeasleRubella #Rubella #खसरारूबेला #रूबेला #ரூபெல்லா",https://www.instagram.com/p/DI2f6CbvEzE/,0,0,0,-1,NaN
548,schcontario,2025-04-24T15:02:25.000Z,"SCHC is hosting a #Measles, #Mumps and #Rubella #clinic on April 25th and 26th for children 12 months+ who are not up-to-date! No OHIP is needed.  Book your appointment at 👉🏾 https://outlook.office.com/owa/calendar/MMRVaccineClinic@schcontario.ca/bookings/ (link in bio)  #clinic #scarborough #health #ScarboroughStrong",https://www.instagram.com/p/DI1Wg7XT8RE/,0,0,6,-1,NaN
549,tttcbvbd,2025-05-07T03:00:08.000Z,"❤️ VẮC-XIN TRƯỚC HÔN NHÂN – KHỞI ĐẦU HÀNH TRÌNH LÀM CHA MẸ KHỎE MẠNH 📌 Lời khuyên từ chuyên gia: Tiêm phòng #Rubella, #Viêm_gan_B, #HPV… trước khi kết hôn  Bạn sắp bước vào hành trình thiêng liêng của hôn nhân và làm cha mẹ? 💍 Hãy bắt đầu hành trình ấy bằng một bước chuẩn bị quan trọng nhưng thường bị bỏ quên: TIÊM PHÒNG TRƯỚC HÔN NHÂN.  💡 Vì sao cần tiêm vắc-xin trước khi kết hôn? Tiêm phòng trước hôn nhân không chỉ là bảo vệ bản thân, mà còn là món quà sức khỏe dành cho người bạn đời và những đứa trẻ trong tương lai. 💑  Các bệnh truyền nhiễm như Rubella, Viêm gan B, HPV... đều có thể ảnh hưởng nghiêm trọng đến thai kỳ và khả năng sinh sản nếu không được phòng ngừa từ sớm.  💉 Các vắc-xin quan trọng nên tiêm trước khi kết hôn: #Rubella (sởi – quai bị – rubella) ➤ Rubella nếu mắc trong thai kỳ có thể gây dị tật thai nhi. ✅ Nên tiêm ít nhất 3 tháng trước khi mang thai.  #Viêm_gan_B ➤ Lây qua đường tình dục và từ mẹ sang con. ✅ Cả nam và nữ đều nên tiêm để bảo vệ bản thân và em bé sau này.  #HPV (Human Papillomavirus) ➤ Nguyên nhân chính gây ung thư cổ tử cung ở nữ giới và mụn cóc sinh dục ở cả hai giới. ✅ Tiêm càng sớm càng tốt, lý tưởng trước 26 tuổi.  #Thủy_đậu, #Cúm, #Bạch_hầu – #Ho_gà – #Uốn_ván ➤ Các bệnh này có thể ảnh hưởng nghiêm trọng đến sức khỏe thai phụ và thai nhi.  🏥 #Trung_tâm_Tiêm_chủng #Bệnh_viện_Bưu_Điện đồng hành cùng bạn Tại #Trung_tâm_Tiêm_chủng_Bệnh_viện_Bưu_Điện, bạn sẽ được tư vấn cá nhân hóa theo độ tuổi, giới tính và kế hoạch sinh con. Đội ngũ chuyên gia sẽ giúp bạn xây dựng lộ trình tiêm phù hợp nhất 💼.  🎁 Tháng này, đừng bỏ lỡ cơ hội ưu đãi #GIẢM 5% cho tất cả các gói tiêm chủng tại Trung tâm!  📍 Địa chỉ: 49 Trần Điền, phường Định Công, Hà Nội 📞 Hotline: 081 661 5858  Hãy chuẩn bị sức khỏe thật tốt cho hành trình hôn nhân và làm cha mẹ! 🌸  #TiemPhongTruocHonNhan #VacxinHonNhan #TiemChungBuuDien #SucKhoeSinhSan #VacxinRubella #VacxinHPV #VacxinViemGanB #HonNhanVaGiaDinh #TiemChungAnToan",https://www.instagram.com/p/DJViMvmh1BG/,0,0,0,-1,NaN
550,merseycarenhsft,2025-04-30T10:30:02.000Z,"#WorldImmunisationWeek, is a perfect reminder that vaccines protect against serious illnesses like #Measles, #Mumps and #Rubella (#MMR) 💉  If your child’s missed a dose, it’s not too late, contact your local #Immunisation Team ⬇  https://www.merseycare.nhs.uk/imms  #EveryDoseCounts",https://www.instagram.com/p/DJEUHQ-NxVI/,0,0,0,-1,NaN
551,bewustzijnover,2025-04-30T07:05:56.000Z,"💔 Real Story  Als mama van een zoon die EXACT hetzelfde heeft gehad net als hij 1 jaar was is dit hartverscheurend om te weten. Zijn oog ging op 1 week tijd compleet naar binnen. 😭  😖 Vaccins geven ook oogzenuwschade  💉Staat in de bijsluiter.  💉Nooit gezien toen.  💉Nooit gelezen.  💉Nooit voor gewaarschuwd of geïnformeerd  💉Heeft 1 jaar met een totaal schuin oog gelopen want hij was te klein om het recht te zetten 💉 Het heet strabisme.  💉 Hij was geopereerd als hij 2j was 💉Heel regelmatig naar de oogarts erna 💉 Zijn oog nog jaren moeten afplakken met een pleister om zijn ‘slecht’ oog te versterken  Toppunt: de zus heeft het erna ook gehad maar minder erg… ook strabisme. “Het zal in de familie liggen mevrouw” werd ons meegedeeld. Dochter ook geopereerd. Ook lange tijd oogartsen en het oog ook afplakken. We wisten van niets!   Om dan nu, na AL die jaren, erachter te komen dat dit komt van de vaccins op 1 jaar.  - Mazelen Bof Rubella - Pneumokokken 13  Mijn kinderen zijn levenslang beschadigd door de vaccinaties, beide zijn nu aan het brillen.   🥺👀😒💔  #oogschade #zenuwschade #vaccinatieschade #nietgeinformeerd #vaccins #vaccinaties #mmr #mbr #mazelen #bof #rubella #pneumokokken",https://www.instagram.com/p/DJD8w5YsUBM/,0,0,0,-1,NaN
552,aquatreattherapy.id,2025-04-29T06:43:54.000Z,"Kado Terindah Setelah Ujian Berat “Setelah dua kali mengalami keguguran, Allah akhirnya menghadirkan empat buah hati yang luar biasa dalam kehidupan kami.”  Semoga keempat anak ini tumbuh menjadi pribadi yang sholeh, sholehah, dan selalu dalam lindungan Allah. Aamiin.  🤍  #Aquatreattherapy #Aquatreattherapyindonesia #AQTI  #TORCH #TORCHdanSolusinya  #Tokso #Rubella #CMV #Herpes #Seminar #Tokso #Toxoplasmagondii #Sulithamil #Gagalhamil #Tipshamil #tipspasutri",https://www.instagram.com/p/DJBVcpPymNS/,0,0,20,-1,NaN
553,hseimm,2025-05-02T09:10:00.000Z,"#ThenAndNow: Rubella  Then: Rubella may seem mild, but if caught in pregnancy it can cause miscarriage or serious birth defects (Congenital Rubella Syndrome).  Now: Thanks to the MMR vaccine, rubella is now very rare in Ireland.  Vaccination protects you and your future children.  #ThenAndNow #HumanlyPossible #NIO20 #EIW2025 #Rubella #VaccinesWork",https://www.instagram.com/p/DJJUjWtsgRa/,0,0,14,-1,NaN
554,immunize.ca,2025-04-28T22:00:27.000Z,"The #measles, #mumps, and #rubella (#MMR) vaccine: What you need to know | an informative factsheet from Immunize Canada | https://immunize.ca/sites/default/files/Resource%20and%20Product%20Uploads%20(PDFs)/Products%20and%20Resources/Measles/mmr_factsheet_web_e.pdf #VaccinesWork #DontLetHistoryRepeatItself #GetImmunized #NIAW2025",https://www.instagram.com/p/DJAZiI6tlFd/,0,0,5,-1,NaN
555,salsabila_homecare,2025-05-08T04:19:49.000Z,"Banyak yg belum tau kapan vaksin campak ini diberikan.  Anak menerima vaksin campak secara terpisah sebanyak 3 kali, yakni saat berumur 9 bulan dan diulangi pada usia 24 bulan dan 6 tahun.   Khusus untuk anak yang mendapat imunisasi MR/MMR saat berumur 15 bulan, pemberian vaksin tetap 3 kali, tapi yang terakhir adalah ketika umurnya 5-6 tahun.  Nah, coba deh bunda liat KMS ny . Apa sudah lengkap pemberian vaksinnya ? Kalo belum, yuk hubungi @salsabila_homecare untuk vaksin MR dirumah. 😊 klik link di BIO ya  #imunisasimr #imunisasicampak #imunisasianak #imunisasilengkap #imunisasicampakrubella #imunisasiwajib #imunisasiwajib #imunisasidasar #vaksin #campak #viruscampak #mumps #rubella #gondongan #campakjerman #morbili #bidanputrisalsabila #salsabila_homecare #homecarevaksin #homevisitvaksin #homecarebidan #vaksinasi #imunitasanak #imunitas #homecarevaksintangerang #yukvaksin #vaksinpanggilantangerang",https://www.instagram.com/p/DJYQHN-Sjpd/,0,0,1,-1,NaN
556,dr.barbarakarinvela,2025-04-27T15:37:25.000Z,"Country-specific risks are those that may be picked up in their destination, such as foodborne, waterborne, bloodborne, and respiratory diseases. Many of these can be easily prevented with the appropriate vaccine and advice on how the diseases are commonly transmitted.  Anyone who is going to travel outside of the UAE should undergo a pre-travel health assessment as a preventative measure. Travel consultations inform patients of what preparations they need to undertake prior to their trip to ensure their health and safety is a considered part of their travels.  #drbarbarakarinvela #travelvaccines #malaria #malariaprophylaxis #travelersdiarrhea #diarrhea #travelvaccines #travelers #diseases #cholera #hepatitisa #hepatitisb #typhoid #japaneseencephalitis #malariatablets #measles #mumps #rubella #meningitis #polio #diphtheria #tetanus #rabiestickborneencephalitis #yellowfever",https://www.instagram.com/p/DI9I6hvglTe/,0,0,4,-1,NaN
557,jono.pa,2025-05-05T19:03:04.000Z,"🩺 German Measles (Rubella): A PA Student’s Guide to Exanthem #3 🌸  Rubella, also known as German measles, is a mild but highly contagious viral illness that poses serious risks in pregnancy. Recognizing this exanthem is crucial for preventing congenital complications! 🚨  💥 What is Rubella? Cause: Rubella virus (a Togavirus). Transmission: Respiratory droplets; incubation period 14-21 days. Key Concern: Congenital rubella syndrome (CRS) in pregnancy.  🔍 Classic Signs and Symptoms: Prodromal Phase (Often mild or absent in children) Low-grade fever, headache. Postauricular, occipital, and posterior cervical lymphadenopathy (classic finding!). Rubella Rash (Appears 1-5 days after prodrome) Pink, maculopapular rash that starts on the face and spreads downward. Spreads faster than measles and fades within 3 days (""3-day measles""). Forchheimer Spots (25% of cases) Small, red spots on the soft palate.  ⚡ Diagnosis: Clinical Diagnosis (based on symptoms and history). Confirmatory Tests: Rubella IgM antibodies (serology). PCR of nasopharyngeal swab.  ⚡ Management: Supportive Care (hydration, fever control). Isolation Precautions: Droplet precautions for 7 days after rash onset. Pregnancy Consideration: Congenital rubella syndrome (CRS) risk → requires IgG testing and counseling.  ⚡ Congenital Rubella Syndrome (CRS) Risks: Highest risk if infection occurs in the 1st trimester. Classic triad: Sensorineural deafness (most common). Cardiac defects (PDA, pulmonary artery stenosis). Cataracts or microphthalmia. Other complications: Hepatosplenomegaly, blueberry muffin rash, mental disability.  ⚡ Prevention: ✅ MMR Vaccine 2-dose schedule (1st dose at 12-15 months, 2nd dose at 4-6 years). Preconception Screening: Women of childbearing age should confirm immunity before pregnancy.  📚 Pro Tip: Think ""Postauricular lymphadenopathy + descending rash = Rubella.""  #PAStudent #FuturePA #Rubella #GermanMeasles #Exanthem #MMRVaccine #Pediatrics #PANCEPrep #MedicalEducation #PAJourney #LearnMedicine #InfectiousDisease #CongenitalRubella #PAGuide",https://www.instagram.com/p/DJSGzU3T2Pm/,0,0,3,-1,NaN
558,immunize.ca,2025-05-01T16:01:38.000Z,"The #measles, #mumps, and #rubella (#MMR) vaccine: What you need to know | informative factsheet from Immunize Canada | https://immunize.ca/sites/default/files/Resource%20and%20Product%20Uploads%20(PDFs)/Products%20and%20Resources/Measles/mmr_factsheet_web_e.pdf #VaccinesWork #GetImmunized",https://www.instagram.com/p/DJHe2q3zGFm/,0,0,6,-1,NaN
559,doula_lindsay_757,2025-04-16T02:17:05.000Z,"Repost from @infantrisk • Measles is a virus which spreads easily from person to person, especially through coughs, sneezes, and even just being in the same room as someone who is sick. 🤧 The virus can linger in the air for up to two hours after an infected person leaves. If someone is not immune, there’s a very high chance (up to 90%) they’ll get sick after being exposed.  Symptoms of measles usually start with a high fever, feeling very tired, and three main signs: cough, runny nose, and red, watery eyes. 🌡 Tiny white spots may appear inside the mouth (called Koplik spots), and a rash soon follows—starting on the face and spreading down the body.  For babies and young children, measles can be especially dangerous. It can lead to pneumonia, swelling of the brain (encephalitis), and a weakened immune system which makes it easier to catch other illnesses for several years afterward.  Breastfeeding and the Measles Vaccine: If you’re a breastfeeding mom 🤱 and haven’t had your MMR vaccine (for measles, mumps, and rubella), it’s safe to get it—even while nursing. The vaccine does not harm your baby, and it may actually help.  While breastfeeding doesn’t directly protect your baby from catching measles, your body might pass some helpful antibodies through your milk after you get vaccinated. Researchers are currently studying this to see just how much protection breast milk might offer.  What About Vitamin A?: Vitamin A has been used in the treatment of measles in certain patients. However, it’s a fat-soluble vitamin, which means too much of it can build up in the body and cause toxicity. Vitamin A also transfers into breast milk, and large maternal doses during breastfeeding could pose risks to the infant.  📲 Visit infantrisk.com for greater details and access to research.  #InfantRiskCenter #BreastfeedingSupport #MommyMeds #infantriskhcp #ibclc #breastfeeding #breastmilk #MMR #MMRvaccine #measels #mumps #rubella #measlesmumpsrubella",https://www.instagram.com/p/DIfYlCbuc0A/,0,0,0,-1,NaN
560,fertilitynestcoach,2025-04-07T11:39:51.000Z,"🔹Understanding TORCH Infections: Impct on Fertility and Pregnancy 🔹 Link in Stories & Highlights ✨  Introduction TORCH infections are a group of infectious diseases that can affect pregnant women and their unborn babies. The acronym TORCH stands for Toxoplasmosis, Other (such as syphilis, varicella-zoster, parvovirus B19), Rubella, Cytomegalovirus (CMV), and Herpes simplex virus (HSV). These infections can have significant implications for both fertility and pregnancy outcomes. This blog post will explore each component of the TORCH complex, how they can impact fertility, and the measures that can be taken to mitigate their effects....  https://fertility-nest.com/2024/07/27/understanding-torch-infections-impact-on-fertility-and-pregnancy/  #torch #torchinfections #toxoplasmosis #syphillis #rubella #cytomegalovirus #herpessimplexvirus #fertilitysupport #fertilityjourney #wellness #ttc #ttccommunity #ttccommunitysupport",https://www.instagram.com/p/DIJN0wRR1GK/,0,0,6,-1,NaN
561,tttcbvbd,2025-04-21T13:00:34.000Z,"❤️ Chuẩn bị sức khỏe #vợ_chồng với vắc-xin trước khi #kết_hôn Hôn nhân là khởi đầu của một hành trình yêu thương và gắn bó lâu dài. Nhưng trước khi cùng nhau viết nên câu chuyện gia đình, đừng quên chuẩn bị sức khỏe vững vàng cho cả hai bằng các mũi tiêm phòng quan trọng!  👩‍⚕️ Lời khuyên từ chuyên gia:  💉 Tiêm vắc-xin trước kết hôn không chỉ giúp phòng ngừa bệnh tật mà còn là cách chủ động bảo vệ tương lai của cả gia đình.  📌 Các vắc-xin cần thiết mà các #cặp_đôi nên tiêm trước khi cưới:  #Sởi - #Quai_bị - #Rubella (#MMR): Phòng tránh các bệnh gây biến chứng nặng, ảnh hưởng đến thai nhi nếu mang thai sớm sau cưới.  #Viêm_gan_B: Bảo vệ gan – lá chắn sống còn của cơ thể, tránh nguy cơ lây nhiễm cho vợ/chồng.  #HPV: Giúp phòng ngừa ung thư cổ tử cung.  #Cúm: Đặc biệt quan trọng nếu có kế hoạch mang thai.  👉 Một bước chuẩn bị nhỏ – Một hành trình sống khỏe dài lâu!  🎁 ƯU ĐÃI THÁNG 4 – CHỈ CÓ TẠI TRUNG TÂM TIÊM CHỦNG BỆNH VIỆN BƯU ĐIỆN 💥 Giảm ngay 5% tất cả các gói tiêm chủng trong tháng 4/2025 📅 Đăng ký sớm để được tư vấn cá nhân hóa theo độ tuổi và tình trạng sức khỏe!  📍 Địa chỉ: #Trung_tâm_Tiêm_chủng_Bệnh_viện_Bưu_Điện, 49 Trần Điền, Định Công, Hoàng Mai, Hà Nội 📞 Đặt lịch tư vấn: 081 661 5858  💬 Bạn đã lên kế hoạch tiêm phòng trước khi cưới chưa? 💌 Nhắn tin ngay để được tư vấn miễn phí từ đội ngũ chuyên gia tại Trung tâm nhé!  #TiemPhongTruocHonNhan  #VacxinChoVoChongMoiCuoi  #SucKhoeGiaDinh  #TiemChungAnToan  #TrungTamTiemChungBuuDien  #UuDaiThang4  #ChuanBiChoHonNhan  #TiemPhongViTuongLai",https://www.instagram.com/p/DItaMX7tS-T/,0,0,0,-1,NaN
562,immunize.ca,2025-04-16T16:00:38.000Z,"For health care professionals | Pocket Guide for Immunizers: #Measles, #Mumps, and #Rubella Vaccination | https://immunize.ca/sites/default/files/Resource%20and%20Product%20Uploads%20(PDFs)/Products%20and%20Resources/Measles/Pocket%20Guide/mmr_pocketguide_web_e.pdf #MMR #VaccinesWork #GetImmunized",https://www.instagram.com/p/DIg20PVO4YW/,0,0,6,-1,NaN
563,immunize.ca,2025-04-23T18:00:31.000Z,"For health care professionals | Pocket Guide for Immunizers: #Measles, #Mumps, and #Rubella Vaccination | https://immunize.ca/sites/default/files/Resource%20and%20Product%20Uploads%20(PDFs)/Products%20and%20Resources/Measles/Pocket%20Guide/mmr_pocketguide_web_e.pdf #VaccinesWork #DontLetHistoryRepeatItself #GetImmunized #NIAW2025",https://www.instagram.com/p/DIzGGgtzoml/,0,0,6,-1,NaN
564,immunize.ca,2025-04-19T20:00:27.000Z,"The #measles, #mumps, and #rubella (#MMR) vaccine: What you need to know | informative factsheet from Immunize Canada | https://immunize.ca/sites/default/files/Resource%20and%20Product%20Uploads%20(PDFs)/Products%20and%20Resources/Measles/mmr_factsheet_web_e.pdf #VaccinesWork #GetImmunized",https://www.instagram.com/p/DIpApYCTiMu/,0,0,10,-1,NaN
565,kcs_ny,2025-04-21T13:30:10.000Z,"Are you protected against MMR? MMR stands for Measles, Mumps, and Rubella. Measles is very contagious. Make sure you are protected against MMR by staying up to date with vaccines.  #mmr #measles #mumps #rubella #vaccine #health #immunization #protect #communityservice #publichealth  MMR 예방 접종을 받으셨나요? MMR은 홍역(Measles), 볼거리(Mumps), 풍진(Rubella)의 약자입니다. 홍역은 전염성이 매우 강합니다. MMR 예방 접종을 정기적으로 받아 예방하세요.",https://www.instagram.com/p/DItdlQtp-Ox/,0,0,2,-1,NaN
566,optometryarchive,2025-04-10T09:36:56.000Z,"@doutordeolho Rubéola Congênita com Retinopatia em Sal em Pimenta / Congenital Rubella Syndrome with Salt-and-Pepper Retinopathy   22yr, female, with hearing loss, salt-and-pepper retinopathy, and intellectual impairment. Her mother presented acute rubella infection during pregnancy. Besides retinopathy, ocular alterations involves glaucoma, and cataract. Their is no treatment to the retinopathy, and the visual acuity is usually good  #ophthalmology #oftalmologia #oftalmo #retina #rubeola #rubella",https://www.instagram.com/p/DIQuJcWtyMz/,0,0,237,-1,NaN
567,medstudent112,2025-04-24T13:51:02.000Z,"#Rubella #Mumps #ViralInfections #HealthAwareness #MedicalInfo #InfectiousDiseases #PublicHealth #VaccinationMatters #DiseasePrevention #SymptomsAwareness #HealthEducation #ChildhoodDiseases #MedicalFacts #stayinformed",https://www.instagram.com/p/DI1OWsZClA1/,2,0,644,-1,NaN
568,metropolitanmedicalbb,2025-04-15T17:05:47.000Z,"With the recent outbreak of measles in the United States, we urge all Barbadians who did not receive the vaccine as children, to do so 💉   Just 2 shots of the MMR vaccine protects everyone from ever contracting measles, mumps, or rubella 😮‍💨  Prioritize getting your children vaccinated today! 👧👦  To learn more and to book your appointment, contact us at (246) 823-9559  #MetroMedicalCares #WorldImmunizationMonth #Vaccine #Measles #Mumps #Rubella",https://www.instagram.com/p/DIeZfPPgYG9/,0,0,4,-1,NaN
569,aquatreattherapy.id,2025-04-21T04:01:35.000Z,"Dalam diam, ia menulis. Dalam keterbatasan, ia bersuara. Dalam kesederhanaan, ia melahirkan perubahan. Selamat Hari Kartini, untuk semua perempuan hebat Indonesia.  #Aquatreattherapy #Aquatreattherapyindonesia #AQTI  #TORCH #TORCHdanSolusinya  #Tokso #Rubella #CMV #Seminar #Herpes #Seminar #Tokso #Toxoplasmagondii #Sulithamil #Gagalhamil #Tipshamil #tipspasutri",https://www.instagram.com/p/DIscg4xSwhA/,0,0,6,-1,NaN
570,infantrisk,2025-04-11T00:00:19.000Z,"Located in the Texas Panhandle, the InfantRisk Center is in the epicenter of the measles outbreak. 🩺🧪 If you're a breastfeeding mom and have not had your MMR vaccine (for measles, mumps, and rubella), it’s safe to get it—even while nursing. The vaccine does not harm your baby, and it may help. 🤱👶  While breastfeeding does not directly protect your baby from catching measles, your body might pass some helpful antibodies through your milk after you get vaccinated. Researchers are currently studying this to see just how much protection breast milk might offer. If you have recently gotten (or plan to get) an MMR vaccine while breastfeeding, your breast milk donation could make a huge difference in this research.   https://www.infantrisk.com/help-infantrisk-research   #InfantRiskCenter #BreastfeedingSupport #MommyMeds #infantriskhcp #ibclc #breastfeeding #breastmilk #MMR #MMRvaccine #measels #mumps #rubella #measlesmumpsrubella",https://www.instagram.com/p/DISQ88iN-bD/,0,0,11,-1,NaN
571,kiwi_kucks,2025-04-13T01:24:11.000Z,"Yaaa I’ve been wanting to do this for so long!!! Throzzix + OJ OC relationship chart babyyyy!! 💞💞 I I #osmosisjones #drix #thrax #osmosisjonesoc #osmosisjonesfanart #osmosisjonesfandom #redbloodcell #influenza #rubella #giardia #tylenol #ocrelationship #ocrelationshipchart #relationshipchart #fanart #huion #huiontablet #huiontabletart #huiontabletdrawing #firealpaca #firealpacaart #firealpacadrawing #digitalart #digitalillustration #eeh #tagssuck #smallartiststogether #throzzix #kiwiosmosisjones",https://www.instagram.com/p/DIXkJCRABhH/,3,0,23,-1,NaN
572,materne.ca,2025-04-13T15:00:00.000Z,"😷 Votre famille est-elle protégée contre la rougeole? Il y a une éclosion en cours au Québec, et c’est maintenant qu’il faut agir.  Depuis décembre, 40 cas ont été confirmés dans la province. Pour l’instant, la ville de Québec n’a pas de cas déclarés, mais la rougeole est très contagieuse — un seul cas peut tout changer.  MAIS CE N’EST QU’UN VIRUS, LE CORPS NE PEUT-IL PAS LE COMBATTRE SEUL ?  C’est une question fréquente et logique. Mais certains virus, même s’ils semblent bénins, peuvent causer de graves dommages.  Pensez au VIH, à la rage, à la COVID 🤔🤔🤔  La rougeole peut également être dangereuse. La différence, c’est que le vaccin a presque éradiqué le virus. C’est pourquoi on l’oublie. Mais le risque est toujours là. Et quand la vaccination diminue, le virus en profite.  Rappelez-vous : la prévention est ce qui rend les problèmes lointains.  QUI SONT LES PLUS VULNÉRABLES ?  📌 Bébés de moins d’un an  📌 Femmes enceintes  📌 Personnes immunodéprimées   Et surtout : ces personnes ne peuvent pas être vaccinées. C’est donc à nous de les protéger.  LES COMPLICATIONS DE LA ROUGEOLE PEUVENT ÊTRE GRAVES  📌 Surdité ou cécité  📌 Lésions neurologiques irréversibles  📌 Et même la mort (1 cas sur 3 000)  Il n’existe aucun traitement pour éliminer le virus. On peut seulement soutenir le corps pendant qu’il lutte.  CONTAGION ET SYMPTÔMES : quelques minutes dans le même espace suffisent. Et les symptômes ressemblent à ceux d’une grippe 👇👇👇  - Fièvre  - Nez qui coule  - Yeux rouges  - Sensibilité à la lumière  - Malaise général  Vérifier votre carnet de vaccination peut protéger ceux que vous aimez — et même ceux que vous ne connaissez pas, mais qui dépendent de vous. Parlez-en à un professionnel de santé et gardez votre famille protégée.  LIEN AVEC PLUS D’INFOS DANS LA BIO ET LES STORIES 📱📱📱  Source : www.quebec.ca/sante/problemes-de-sante/a-z/rougeole/eclosion-de-rougeole  #materneca #rubeola #rougeole #rubella #vacina #vacinada #vaccin #vaccine #vaccinesavelives #vaccinated #villedequebec #quebeccity",https://www.instagram.com/p/DIZBipuARzI/,4,0,29,-1,NaN
573,patientcarelocallyuk,2025-04-07T11:16:21.000Z,"Today is World Health Day 2025 - an event founded by the World Health Organisation and celebrated annually to draw attention to a specific health topic of concern to people across the globe.  This year's theme is ""healthy beginnings, hopeful futures"" and focuses on the health of mothers and babies, supporting the end of preventable maternal and new-born diseases and prioritising women's longer-term health and well-being.  The past year has seen PCL deliver Pertussis (Whooping Cough), RSV and MMR vaccinations to Mums, Mums-to-be and children across the East Midlands region.  We are proud to deliver healthcare directly in the heart of the community and are committed to upholding the ambitions of the WHO by listening to women and supporting families.  #Leicester #Leicestershire #children #childrenshealth #childhoodillness #childhooddisease #helpparents #child #motherandbaby #toddler #illness #measles #baby #parent #infanthealth #MMR #Mumps #Rubella #nurseries #protectagainstmeasles  #RSV #pregnancy #mothertobe #pregnancyhealth #immunisation #babyhealth #infanthealth #newbornhealth #newborn #babies",https://www.instagram.com/p/DIJLGt0vMZM/,0,0,1,-1,NaN
574,westhartfordbloomfieldhd,2025-04-22T18:28:45.000Z,"In recognition of National Infant Immunization Week, we are emphasizing the importance of the MMR vaccine today. The MMR vaccine is a combined immunization that offers protection against measles, mumps, and rubella. It is essential for children to receive two doses of this vaccine, as it plays a crucial role in preventing serious complications associated with these illnesses.   For further details, please visit the CDC’s website at: https://www.cdc.gov/measles/vaccines/index.html.  #mmrvaccine #measles #mumps #rubella",https://www.instagram.com/p/DIwkjCaOohR/,0,0,3,-1,NaN
575,imunicareid,2025-04-21T13:29:54.000Z,"[UPDATE TERBARU] Halo Sahabat Imunicare  Sekarang nggak ada alasan lagi buat gak #updateimun, karena Imunicare lagi ngasih SUPER PROMO buat berbagai jenis layanan imunisasi yang penting banget buat kesehatan kita.  Swipe ke kanan buat lihat detail harganya 👉 Jangan sampai kelewatan promonya ya! ✨  #promovaksin #imunisasi #influenza #hpv #polio #hepatitisa #hepatitisb #measles #rubella #vaksin",https://www.instagram.com/p/DItdjS-hshf/,132,0,490,-1,NaN
576,istaresearch,2025-04-03T08:31:24.000Z,"3D structures that mimic the human brain   Organoids are miniaturized versions of organs, grown in a Petri dish. While not exact replicas of human organs, they offer significant insights and provide platforms for disease modeling, drug testing, and understanding developmental processes.  The Siegert group at the Institute of Science and Technology Austria (ISTA) now presents a new brain organoid model that reveals details of the developing nervous system’s response to viral infections, such as Rubella.   For the first time, their model integrates microglia—special cells that scan our brain for germs and initiate an anti-inflammatory response to remove them—to mimic inflammatory reactions and their treatment.  Published in the Journal of Neuroinflammation, this model could influence pharmaceutical testing, particularly benefiting drug safety for pregnant women.   Read more about these stunning organoids 👉 link in bio  ____________________  📓 V. Schmied, M. Korkut-Demirbaş, J. P. Maya-Arteaga, A. Venturino & S. Siegert. 2025. Microglia determine an immune-challenged environment and facilitate ibuprofen action in human retinal organoids. Journal of Neuroinflammation. DOI: 10.1186/s12974-025-03366-x  📸 Image 1: Pink skies. Microglia (magenta) integrated into a retinal organoid. The cell nuclei of neurons are stained in blue. © Schmied et al. / Journal of Neuroinflammation   📸 Image 2: The authors from the Siegert group. From left to right: Sandra Siegert, Juan Pablo Maya-Arteaga, Alessandro Venturino, Verena Schmied and Medina Korkut-Demirbaş. © ISTA   #ISTAresearch #ISTAustria #science #brain #infections #viralinfections #humanorgans #organoids #organs #rubella #drugtesting #pregancy #pharmaceuticaltesting #biology @ver_hue_ @meda_ko_de",https://www.instagram.com/p/DH-lE-_uLLi/,2,0,213,-1,NaN
577,tttcbvbd,2025-04-20T13:00:39.000Z,"👪 Cẩm nang đưa trẻ đi #tiêm_phòng #an_toàn #mùa_hè Mùa hè đến cùng với thời tiết nóng ẩm là điều kiện lý tưởng cho các bệnh truyền nhiễm phát triển mạnh mẽ. Đưa trẻ đi tiêm phòng đúng lúc không chỉ giúp tăng sức đề kháng mà còn bảo vệ bé trước nguy cơ dịch bệnh như: #cúm, #thủy_đậu, #sởi – #quai_bị – #rubella, #viêm_não_Nhật_Bản…  Để việc tiêm phòng trong mùa hè an toàn và hiệu quả, ba mẹ cần lưu ý:  ☀️ Chọn khung giờ mát mẻ (sáng sớm hoặc chiều muộn) để tránh nắng nóng gây mệt mỏi cho bé. 🍼 Cho bé ăn nhẹ trước khi tiêm khoảng 1 giờ, không để bé quá đói hay quá no. 🧴 Mang theo đầy đủ giấy tờ tiêm chủng, thẻ BHYT nếu có. 🧼 Vệ sinh cá nhân sạch sẽ, mặc đồ thoáng mát, dễ cởi để bác sĩ dễ thao tác. 👩‍⚕️ Theo dõi bé sau tiêm ít nhất 30 phút tại điểm tiêm và tiếp tục quan sát tại nhà trong 1-2 ngày sau đó.  🎁 ƯU ĐÃI ĐẶC BIỆT THÁNG 4: 💥 Giảm 5% cho tất cả các gói tiêm chủng khi đăng ký trong tháng 4/2025 tại #Trung_tâm_Tiêm_chủng #Bệnh_viện_Bưu_Điện ⏰ Thời gian ưu đãi: Đến hết 30/04/2025  📍 #Trung_tâm_Tiêm_chủng_Bệnh_viện_Bưu_Điện 🏥 Địa chỉ: 49 Trần Điền, Định Công, Hoàng Mai, Hà Nội 📞 Hotline tư vấn: 081 661 5858  #TiemChungMuaHe  #ChamSocTreKhoeManh  #PhongBenhChuDong  #TiemChungAnToan  #UuDaiThang4  #TrungTamTiemChungBuuDien  #MeoNuoiConKhoaHoc  #VacxinChoBe",https://www.instagram.com/p/DIq1aNAMsJm/,0,0,0,-1,NaN
578,greenecoph,2025-04-08T13:00:26.000Z,"Vaccines are available for many dangerous or deadly diseases. Over the years, vaccines have prevented countless cases of disease and saved millions of lives. #Rubella #VaccinesWork #Prevention #Protection #PublicHealth #GCPH  Learn more: https://www.cdc.gov/vaccines/by-disease/index.html",https://www.instagram.com/p/DIL71dnR15n/,0,0,1,-1,NaN
579,aquatreattherapy.id,2025-04-15T00:14:16.000Z,"Ketika kita merasakan atau menerima rangsangan, otak kita bisa merespons dalam sekejap, bahkan dalam hitungan milidetik 🧠⚡  #Aquatreattherapy #Aquatreattherapyindonesia #AQTI  #TORCH #TORCHdanSolusinya  #Tokso #Rubella #CMV #Herpes #Seminar #Tokso #Toxoplasmagondii #Sulithamil #Gagalhamil #Tipshamil #Tipspasutri #otak",https://www.instagram.com/p/DIcluuWTXfv/,1,0,5,-1,NaN
580,akermanmedicalpractice,2025-03-20T12:43:27.000Z,"The MMR vaccine protects against serious illnesses like #measles, #mumps, and #rubella. Make sure your child receives both doses for full protection. If they missed a dose, contact your GP to catch up.  Read more here: www.nhs.uk/vaccinations/mmr-vaccine/  #NHS #London #Lambeth",https://www.instagram.com/p/DHa-zGEKewQ/,0,0,1,-1,NaN
581,pmsnaps,2025-03-25T07:15:54.000Z,"#skimmiajaponicarubella #skimmiajaponica #skimmiarubella #skimmia #lowersilesia #poland #photooftheday #shotons23ultra #samsunggalaxys23ultra #withgalaxy #samsunggalaxy #yesimmobile #sharetheepic  #skimmiajapońska #skimiajapońska #skimia #rubella #wrzosowate #pąkikwiatów #pąkikwiatowe #dalków #gminagaworzyce #dolnośląskie #dolnyśląsk #polska #zdjeciednia #igerspoland #odkryjdolnyśląsk #artystycznapodroz #zgalaxymozesz",https://www.instagram.com/p/DHnRSYisU6U/,0,0,67,-1,NaN
582,tttcbvbd,2025-03-28T03:00:11.000Z,"💑 MỚI CƯỚI? ĐỪNG QUÊN TIÊM PHÒNG ĐỂ BẢO VỆ SỨC KHỎE GIA ĐÌNH NHỎ! 💉👶  Vừa bước vào cuộc sống hôn nhân, chắc hẳn hai bạn đang háo hức chuẩn bị cho hành trình xây dựng tổ ấm. Nhưng bạn đã chuẩn bị đủ sức khỏe để đón nhận tin vui hay chưa? 🤔  🏥 Lời khuyên từ chuyên gia: Vì sao cặp vợ chồng mới cưới cần tiêm phòng? 🔹 Bảo vệ sức khỏe #trước khi #mang_thai: Một số bệnh truyền nhiễm như sởi, quai bị, rubella, thủy đậu, cúm có thể ảnh hưởng trực tiếp đến thai nhi nếu mắc trong thai kỳ. 🔹 Ngăn ngừa nguy cơ lây nhiễm cho #con: Việc tiêm vắc-xin giúp vợ chồng bạn tạo hàng rào miễn dịch vững chắc, giảm nguy cơ lây bệnh cho bé sau khi sinh. 🔹 Chủ động phòng bệnh, #giảm #chi_phí y tế: Tiêm phòng là cách tiết kiệm và hiệu quả nhất để tránh những biến chứng đáng tiếc do bệnh truyền nhiễm gây ra.  💉 Những vắc-xin cặp đôi mới cưới nên tiêm ✅ Vắc-xin #Sởi - #Quai_bị - #Rubella (MMR): Nên tiêm ít nhất 3 tháng trước khi mang thai để tránh ảnh hưởng đến thai nhi. ✅ Vắc-xin #thủy_đậu: Giúp ngăn ngừa dị tật thai nhi và biến chứng nặng nếu mắc bệnh khi mang thai. ✅ Vắc-xin #viêm_gan_B: Bảo vệ mẹ và bé khỏi nguy cơ nhiễm virus viêm gan B từ sớm. ✅ Vắc-xin #cúm: Phòng tránh bệnh cúm trong thai kỳ, giảm nguy cơ sốt cao, viêm phổi. ✅ Vắc-xin #HPV: Giúp bảo vệ phụ nữ khỏi ung thư cổ tử cung, nam giới cũng có thể tiêm để ngăn ngừa lây nhiễm HPV.  👩‍⚕️ Chuyên gia khuyên gì? 📌 Tiêm phòng càng sớm càng tốt! Đừng đợi đến khi mang thai mới lo lắng, vì một số vắc-xin cần có thời gian để cơ thể tạo miễn dịch. 📌 Chọn cơ sở uy tín để đảm bảo an toàn! #Trung_tâm_Tiêm_chủng_Bệnh_viện_Bưu_Điện là địa chỉ tiêm chủng an toàn với nguồn vắc-xin chất lượng, đội ngũ y bác sĩ chuyên môn cao.  ❤️ Hạnh phúc gia đình bắt đầu từ sức khỏe vững chắc! Hãy đến #Trung_tâm_Tiêm_chủng #Bệnh_viện_Bưu_Điện để được tư vấn và tiêm phòng đầy đủ nhé!  📍 Địa chỉ: 49 Trần Điền, phường Định Công - Hoàng Mai - Hà Nội 📞 Hotline: 081 661 5858  🔹 #TiêmChủngAnToàn 🔹 #ChuẩnBịMangThai 🔹 #BảoVệSứcKhỏeGiaĐình 🔹 #CặpĐôiMớiCưới 🔹 #TrungTâmTiêmChủngBưuĐiện",https://www.instagram.com/p/DHuiaM5NhWj/,0,0,1,-1,NaN
583,heuserhearing,2025-04-01T13:29:43.000Z,"Along with hearing health, vaccinations are an extremely important part of keeping you and others around you safe from harmful viruses 💉 Two of those includes the MMR and Varicella vaccines! Please read the information above to educate yourself and make sure to keep your child up to date for these vaccinations- Click the link in our bio or scan the QR codes for even more info now 🤳  #heuserhearing #vaccine #mmr #varicella #measles #mumps #rubella #chickenpox",https://www.instagram.com/p/DH59ogvRuyx/,0,0,6,-1,NaN
584,jessiejae2,2025-03-26T19:54:33.000Z,"I see Fraud cases coming up, Indictments, Money Laundering, Extortion, attempted murder cases, multiple murder cases coming up. These Hidalgo County, Texas mmr varicela rubella covid 19 vaccines channel minds programs are big thing for the entire United States of America. What say you Mr President Donald J. Trump Office of the Governor Greg Abbott ? I think this is an exact picture of whats to come all around. People killing people here in America and yall letting it happen just like other countries. Mark My Words GO In PEACE forever! I am a victim !  #cdc #COVID19Vaccine #universityhealthsciencecenter #behavioraltendencies #CentersforDisease #HealthandHumanServices #behavioralhealth #Medicaid #channelthoughts #rubella #MindtoMind #CHANNELBROADCAST",https://www.instagram.com/p/DHrM50tyyiy/,0,0,0,-1,NaN
585,malaivel_siddha_hospital,2025-03-21T12:05:38.000Z,"ಮೇಘಾ ವೇಟ್ಟೈ ಔಷಧಿಯ ಪ್ರಯೋಜನಗಳು: ಮೇಘಾ ವೇಟ್ಟೈ ಔಷಧವು ಎಲ್ಲಾ ರೀತಿಯ ಚರ್ಮದ ಕಾಯಿಲೆಗಳು ಮತ್ತು ಲೈಂಗಿಕವಾಗಿ ಹರಡುವ ಸೋಂಕುಗಳಿಗೆ  ತುಂಬಾ ಪರಿಣಾಮಕಾರಿಯಾಗಿದೆ. ಹೆಚ್ಚಿನ ಮಾಹಿತಿಗಾಗಿ, ಮಲೈವೇಲ್ ಸಿದ್ಧ ಆಸ್ಪತ್ರೆಯನ್ನು ಸಂಪರ್ಕಿಸಿ  Malaivel foundation run by Malaivel Siddha Hospital expertised in providing free counselling, Specialized Awareness for HIV/AIDS, HSV and HBsAg Diabetics, Arthritis, All type of skin disease De-addiction.  Contact us: 83 444 777 63, 7373 729999 Website: https://www.malaivelsiddhahospital.com/  #megavettai #hiv #hivaids #aidshospital  #vdrl #Syphilis #toxogondii #EBV #epsteinbarrvirus #rubella #CMV #cytomgelovirus #hsv #hbsag #aids #SkinCare #SkinHealth #STIs #Health #Wellness #NaturalRemedies #Healing #MegaVettai #MalaivelSiddha",https://www.instagram.com/p/DHdfQ_xsga3/,0,0,4,-1,NaN
586,onefamilypediatrics,2025-04-02T12:00:09.000Z,"🚨 Rubella: Protect Yourself & Your Baby! 🚨  Rubella is a contagious virus that spreads through coughing and sneezing. While postnatal rubella is usually mild, it can cause severe birth defects if contracted during pregnancy.  💥 Symptoms (Develop 14-23 days after exposure & last ~3 days): ✅ Mild fever & headache ✅ Pink or red rash (starts on the face, spreads to the body) ✅ Swollen lymph nodes ✅ Joint pain (especially in teens & adults)  ⚠️ Serious Risks for Pregnant Women ⚠️ If a woman gets rubella during pregnancy, the baby can develop Congenital Rubella Syndrome (CRS), leading to: ❌ Deafness ❌ Blindness (cataracts) ❌ Heart defects ❌ Intellectual disabilities ❌ Growth retardation ❌ Liver & spleen enlargement ❌ Bleeding problems  Risk of birth defects: 🩸 85% if infected in the first trimester 🩸 54% between 13-16 weeks 🩸 25% by the end of the second trimester  🚫 No Treatment—Only Prevention! 🚫 The MMR vaccine (measles, mumps, rubella) 💉 is the best protection against rubella and its devastating effects on unborn babies.  Before the vaccine, rubella outbreaks led to thousands of birth defects. Thanks to vaccination, cases are now rare!  📞 Call us at 678-962-7337 or visit onefamilypediatrics.com/rubella for more info!  #Rubella #ProtectOurBabies #VaccinesSaveLives #OneFamilyPediatrics",https://www.instagram.com/p/DH8YK9mRhi9/,0,0,0,-1,NaN
587,filmoremedical,2025-03-19T14:00:47.000Z,"Campak dan Rubella bukan sekadar ruam merah biasa. Keduanya bisa menyebabkan demam tinggi, infeksi paru-paru, radang otak, hingga komplikasi serius bagi ibu hamil.  Namun hal ini bisa dicegah dengan vaksin MR. Tidak hanya untuk anak-anak dan wanita yang berencana hamil, tapi bisa juga untuk orang dewasa yang belum pernah mendapatkan vaksinasi MR ya!  Satu dosis untuk perlindungan jangka panjang, yuk book appointment vaksinmu sekarang! ______________  🩺 Book your appointment now via :  📱 WA: +62 852-8382-4420 or click link on bio 🔍 https://filmoremedicalcenter.com/ 📍 Jl. Metro Pondok Indah SG 25, Pondok Indah, Kec. Kby. Lama, Jakarta Selatan 12310  #campak #rubella #measles #MRvaccine #vaksinMR #germanmeasles #vaksinwajib",https://www.instagram.com/p/DHYi2qdz7O-/,0,0,17,-1,NaN
588,vaksinasjonskontoret_krs,2025-03-25T07:30:00.000Z,"⚠️Forebygging av mesling utbrudd krever minst 95% vaksinasjonsdekning med to doser MMR vaksine ⚠️   Dette forteller hvor viktig det er å følge barnevaksinasjonsprogrammet🫶🏼💉  @familiens_hus_ost @familienshusvagsbygd  @familiens_hus_lund  @familienshussentrum  @familiens_hus_vest  @smittevern_sshf  @fodebarsel_ssk   #vaksinering💉  #measles #outbreak #barnevaksinasjonsprogrammet #mmr #mumps #rubella #forebygge #utbrudd #cdc #who #fhi",https://www.instagram.com/p/DHnS9g2tDtK/,0,0,6,-1,NaN
589,driscollhp,2025-03-24T16:01:44.000Z,"🤔 Got questions about the MMR vaccine? You’re not alone! Check out our top FAQs and get the facts to keep you and your family safe. 🤝⁠ ⁠ #measlesoutbreak #mmrvaccine #measles #mumps #rubella #vaccines",https://www.instagram.com/p/DHlok47z9RM/,0,0,2,-1,NaN
590,tttcbvbd,2025-04-02T03:00:26.000Z,"🤰💉 TẠI SAO TIÊM PHÒNG #MMR TRƯỚC KHI MANG THAI LÀ QUAN TRỌNG? Bạn đang lên kế hoạch mang thai và muốn đảm bảo sức khỏe tốt nhất cho mẹ và bé? Đừng quên tiêm vắc-xin Sởi - Quai bị - Rubella (MMR) trước khi mang thai để phòng ngừa những rủi ro đáng tiếc!  🔎 Tại sao cần tiêm phòng MMR trước khi mang thai? 🔸 #Sởi: Có thể gây sảy thai, sinh non, thai chết lưu hoặc khiến bé sinh ra có dị tật bẩm sinh. 🔸 #Quai_bị: Nguy cơ cao gây viêm tuyến nước bọt, viêm màng não, ảnh hưởng đến khả năng sinh sản. 🔸 #Rubella: Nếu mẹ bầu mắc rubella trong 3 tháng đầu thai kỳ, thai nhi có thể bị dị tật bẩm sinh nặng (hội chứng Rubella bẩm sinh) như khiếm thính, tim bẩm sinh, chậm phát triển trí tuệ.  💡 Lưu ý: Vắc-xin MMR cần tiêm trước khi mang thai ít nhất 3 tháng để đảm bảo an toàn cho thai nhi.  💉 Giải pháp bảo vệ mẹ và bé? ✅ Tiêm phòng MMR giúp cơ thể sản sinh kháng thể, bảo vệ mẹ và bé khỏi 3 bệnh nguy hiểm. ✅ Tăng cường hệ miễn dịch, giảm nguy cơ biến chứng khi mang thai. ✅ Hiệu quả kéo dài, bảo vệ sức khỏe suốt thai kỳ.  💥 ƯU ĐÃI ĐẶC BIỆT THÁNG 4/2025 - GIẢM NGAY 5% 💥 🎯 Từ 01/04 - 30/04/2025, tất cả các gói tiêm chủng tại Trung tâm Tiêm chủng Bệnh viện Bưu Điện được giảm ngay 5%!  📍 Trung tâm Tiêm chủng Bệnh viện Bưu Điện 🏥 Địa chỉ: 49 Trần Điền, phường Định Công - Hoàng Mai - Hà Nội 📞 Hotline: 081 661 5858  👉 Đừng chờ đợi! Hãy tiêm phòng ngay hôm nay để đảm bảo một thai kỳ khỏe mạnh! 💖  🔹 #TiêmChủngTrướcMangThai 🔹 #MMRVaccine 🔹 #BảoVệMẹVàBé 🔹 #TiêmChủngAnToàn 🔹 #TrungTâmTiêmChủngBưuĐiện 🔹 #ƯuĐãiTiêmChủng",https://www.instagram.com/p/DH7aaW6tWLN/,0,0,1,-1,NaN
591,therunningepidemiologist,2025-04-01T13:10:02.000Z,"The final part of the MMR vaccine, rubella!  #mmw #rubella #cdc #epidemiology #infectiousdiseases #publichealth #vaccines",https://www.instagram.com/p/DH57YYHOthQ/,0,0,7,-1,NaN
592,malaivel_siddha_hospital,2025-03-21T12:00:39.000Z,"மேகவெட்டை மருந்தின் பயன்கள்: அனைத்துவகையான  தோல் நோய்களுக்கும் மற்றும் பால்வினை நோய்களுக்கும் மேகவெட்டை மருந்து நல்ல பயனுள்ளதாக இருக்கும். மேலும் தகவல் அறிய மலைவேல் சித்த மருத்துவமனையைத் தொடர்பு கொள்ளவும்: 83 444 777 63, 7373 729999   Malaivel foundation run by Malaivel Siddha Hospital expertised in providing free counselling, Specialized Awareness for HIV/AIDS, HSV and HBsAg Diabetics, Arthritis, All type of skin disease De-addiction.  Contact us: 83 444 777 63, 7373 729999 Website: https://www.malaivelsiddhahospital.com/  #megavettai #hiv #hivaids #aidshospital  #vdrl #Syphilis #toxogondii #EBV #epsteinbarrvirus #rubella #CMV #cytomgelovirus #hsv #hbsag #aids #SkinCare #SkinHealth #STIs #Health #Wellness #NaturalRemedies #Healing #MegaVettai #MalaivelSiddha",https://www.instagram.com/p/DHdesbSs9lQ/,4,0,3,-1,NaN
593,aquatreattherapy.id,2025-03-21T03:27:18.000Z,"Ibu hamil tidak boleh merasa disalahkan jika mengalami keguguran ya! 🤗✨  #Aquatreattherapy #Aquatreattherapyindonesia #AQTI  #TORCH #TORCHdanSolusinya  #Tokso #Rubella #CMV #Herpes #Seminar #Tokso #Toxoplasmagondii #Sulithamil #Gagalhamil #Tipshamil #tipspasutri",https://www.instagram.com/p/DHcj8mITCTS/,0,0,2,-1,NaN
594,theuterinesound,2025-03-20T07:32:30.000Z,"Just what you've been waiting for - the summary slides for Rubella in pregnancy. Hopefully no cases in the near future but great for studying. Also find that information you need about immunity.   #rubella #rubellainpregnancy #birthdefectsprevention #sensorineuralhearingloss",https://www.instagram.com/p/DHabNpuym1Q/,0,0,22,-1,NaN
595,jessiejae2,2025-03-20T23:43:20.000Z,"They’re beginning to understand Pops.. Whyit is there are so many like you here…   #usarmy #usa #riograndevalley #mmr #varicella #rubella #covid19vaccines #channel #mindtomind #mindbroadcasting",https://www.instagram.com/p/DHcKUQIuiv-/,1,0,4,-1,NaN
596,tttcbvbd,2025-03-30T13:00:11.000Z,"👶 TIÊM VẮC-XIN MÙA XUÂN-HÈ CHO BÉ – BẢO VỆ #AN_TOÀN SUỐT MÙA! 🌞💉 Mùa xuân - hè không chỉ mang lại thời tiết ấm áp mà còn tiềm ẩn nhiều nguy cơ bệnh truyền nhiễm đối với trẻ nhỏ. Cơ thể bé yêu còn non nớt, hệ miễn dịch chưa hoàn thiện, vì vậy tiêm chủng đầy đủ là lá chắn vững chắc giúp bé khỏe mạnh, vui chơi thỏa thích trong những ngày hè! 🌼👦👧  📌 NHỮNG #VẮC_XIN QUAN TRỌNG BÉ CẦN TIÊM TRONG MÙA XUÂN - HÈ:  ✅ Vắc-xin phòng #Cúm – 🌬 Ngăn ngừa virus cúm A, B gây sốt cao, ho dai dẳng, viêm phổi, đặc biệt nguy hiểm cho trẻ nhỏ. ✅ Vắc-xin phòng #Sởi - #Quai_bị - #Rubella (#MMR) – 🦠 Giảm nguy cơ biến chứng nặng của bệnh sởi, quai bị, rubella, tránh lây nhiễm trong cộng đồng. ✅ Vắc-xin phòng #Viêm_não_Nhật_Bản – 🧠 Giúp bảo vệ bé khỏi căn bệnh viêm não nguy hiểm, dễ bùng phát trong mùa hè. ✅ Vắc-xin phòng #Thủy_đậu – 🌿 Ngăn ngừa bệnh thủy đậu gây sốt cao, nổi mụn nước toàn thân và có thể để lại sẹo vĩnh viễn. ✅ Vắc-xin phòng #Tiêu_chảy do #Rota virus – 🚼 Bảo vệ bé khỏi nguy cơ tiêu chảy cấp, mất nước nghiêm trọng. ✅ Vắc-xin phòng #Viêm_phổi, #Viêm_màng_não do #phế_cầu (PCV) – 🏥 Giúp bé phòng bệnh viêm phổi, viêm tai giữa, nhiễm khuẩn huyết nguy hiểm. ✅ Vắc-xin phòng #Viêm_gan_A – 🍲 Bảo vệ bé khỏi nguy cơ viêm gan do thực phẩm, nước uống nhiễm virus.  ✨ TIÊM VẮC-XIN ĐÚNG LỊCH – BÉ KHỎE MẠNH SUỐT CẢ MÙA! ✨  Đừng để bệnh tật ảnh hưởng đến niềm vui tuổi thơ của con! Hãy đến ngay #Trung_tâm_Tiêm_chủng #Bệnh_viện_Bưu_Điện để bé được tiêm phòng đầy đủ, an toàn và hiệu quả. 💖  📍 Địa chỉ: 49 Trần Điền, phường Định Công - Hoàng Mai - Hà Nội 📞 Hotline: 081 661 5858  🔹 #BảoVệBéYêu 🔹 #TiêmChủngMùaXuânHè 🔹 #TiêmChủngAnToàn 🔹 #TrungTâmTiêmChủngBưuĐiện 🔹 #PhòngBệnhChủĐộng",https://www.instagram.com/p/DH0wqZ2vV3c/,0,0,0,-1,NaN
597,malaivel_siddha_hospital,2025-03-21T12:04:57.000Z,"మెగా వెట్టై మెడిసిన్ యొక్క ప్రయోజనాలు: మెగా వెట్టై మెడిసిన్ అన్ని రకాల చర్మ వ్యాధులు మరియు లైంగికంగా సంక్రమించే ఇన్ఫెక్షన్లకు చాలా ప్రభావవంతంగా ఉంటుంది. మరిన్ని వివరాలకు, మలైవేల్ సిద్ధ హాస్పిటల్‌ను సంప్రదించండి:   Malaivel foundation run by Malaivel Siddha Hospital expertised in providing free counselling, Specialized Awareness for HIV/AIDS, HSV and HBsAg Diabetics, Arthritis, All type of skin disease De-addiction.  Contact us: 83 444 777 63, 7373 729999 Website: https://www.malaivelsiddhahospital.com/  #megavettai #hiv #hivaids #aidshospital  #vdrl #Syphilis #toxogondii #EBV #epsteinbarrvirus #rubella #CMV #cytomgelovirus #hsv #hbsag #aids #SkinCare #SkinHealth #STIs #Health #Wellness #NaturalRemedies #Healing #MegaVettai #MalaivelSiddha",https://www.instagram.com/p/DHdfL-7sThp/,0,0,2,-1,NaN
598,aquatreattherapy.id,2025-03-26T02:40:26.000Z,"Setelah kehamilan sebelumnya berhasil lahir dengan sehat dan selamat karna berobat di Aquatreat Therapy, Ibu Musriyatum kembali mempercayakan Aquatreat untuk di kehamilan ke-5 nya 🙏🏻✨  Semoga diberikan kesehatan untuk Ibu dan buah hati sampai lahir nanti dengan selamat 🤲🏻  #Aquatreattherapy #Aquatreattherapyindonesia #AQTI  #TORCH #TORCHdanSolusinya  #Tokso #Rubella #CMV #Herpes #Seminar #Tokso #Toxoplasmagondii #Sulithamil #Gagalhamil #Tipshamil #Tipspasutri",https://www.instagram.com/p/DHpWjtUS7Fq/,0,0,14,-1,NaN
599,fs_loft_,2025-03-19T20:04:56.000Z,"Upcoming Rubellas  #rubella #homers #racing #racingpigeonvideo #racingpigeoninsta #racingpigeonsofinstagram #india #delhi",https://www.instagram.com/p/DHZMhzXT_Rt/,0,0,20,-1,NaN
600,aquatreattherapy.id,2025-03-28T04:13:20.000Z,"it’s time to Quiz!  #Aquatreattherapy #Aquatreattherapyindonesia #AQTI  #TORCH #TORCHdanSolusinya  #Tokso #Rubella #CMV #Herpes #Seminar #Tokso #Toxoplasmagondii #Sulithamil #Gagalhamil #Tipshamil #Tipspasutri",https://www.instagram.com/p/DHuqx88ySTw/,0,0,9,-1,NaN
601,vculibraries,2025-03-31T14:59:43.000Z,"Now through May 6, the Health Sciences Library will exhibit the National Library of Medicine’s Traveling Exhibit, “Rashes to Research: Scientists and Parents Confront the 1964 Rubella Epidemic.”  As the rubella epidemic raged in 1964, 20,000 children were born with serious heart, hearing and vision problems related to rubella exposure during pregnancy. While the nation’s scientists rushed to create a vaccine and develop better screening tests, families faced difficult decisions about current and future pregnancies.   The ""Rashes to Research"" exhibit highlights the work of researchers and parents to respond to rubella in the years before an effective vaccine nearly eliminated the disease in the United States.  #VCU #MCV @nlm_collections #Rubella #Vaccination #Epidemics",https://www.instagram.com/p/DH3jIzUAfbx/,0,0,8,-1,NaN
602,aquatreattherapy.id,2025-03-31T00:57:22.000Z,"Taqabbalallahu minna wa minkum, mohon maaf lahir dan batin. Semoga hari yang penuh berkah ini membawa kebahagiaan dan kedamaian bagi kita semua. Selamat Idul Fitri! 🕌✨  #Aquatreattherapy #Aquatreattherapyindonesia #AQTI  #TORCH #TORCHdanSolusinya  #Tokso #Rubella #CMV #Herpes #Seminar #Tokso #Toxoplasmagondii #Sulithamil #Gagalhamil #Tipshamil #Tipspasutri",https://www.instagram.com/p/DH2CvOgy0Jx/,0,0,7,-1,NaN
603,tttcbvbd,2025-03-26T02:00:13.000Z,"🌞 NHỮNG BỆNH DỄ MẮC TRONG MÙA XUÂN - HÈ VÀ CÁCH BẢO VỆ SỨC KHỎE! 💉🌿  Mùa xuân - hè không chỉ mang đến không khí ấm áp, những chuyến du lịch đầy hứng khởi mà còn là thời điểm bùng phát nhiều bệnh truyền nhiễm nguy hiểm! 🚨 Nếu không chủ động phòng ngừa, nguy cơ mắc bệnh là rất cao, đặc biệt với trẻ nhỏ, phụ nữ mang thai và người cao tuổi.  🔥 Những bệnh phổ biến trong mùa xuân - hè ✅ #Cúm: Do virus cúm gây ra, dễ lây lan qua đường hô hấp, gây sốt, đau đầu, mệt mỏi. ✅ #Sởi - #Quai_bị - #Rubella: Các bệnh có thể gây biến chứng nguy hiểm, đặc biệt là ở trẻ em và phụ nữ mang thai. ✅ #Thủy_đậu: Lây qua đường hô hấp hoặc tiếp xúc trực tiếp, dễ gây sẹo và biến chứng nếu không phòng ngừa. ✅ #Sốt_xuất_huyết: Do muỗi truyền virus Dengue, gây sốt cao, xuất huyết, nguy cơ sốc và biến chứng nặng. ✅ #Viêm_não_Nhật_Bản: Bệnh nguy hiểm do muỗi truyền, có thể gây tổn thương não vĩnh viễn. ✅ #Viêm_gan A & B: Lây qua thực phẩm, nước uống hoặc đường máu, có thể gây viêm gan mạn tính.  💡 Cách phòng tránh hiệu quả: Tiêm vắc-xin đầy đủ: Đây là cách bảo vệ tối ưu nhất, giúp cơ thể có miễn dịch chủ động trước virus.  💉 Bảo vệ sức khỏe chủ động và #tiêm_chủng_an_toàn tại #Trung_tâm_Tiêm_chủng #Bệnh_viện_Bưu_Điện! 📍 Địa chỉ: 49 Trần Điền, phường Định Công - Hoàng Mai - Hà Nội 📞 Hotline: 081 661 5858  ⏳ Chủ động phòng bệnh ngay hôm nay để tận hưởng mùa xuân - hè khỏe mạnh và tràn đầy năng lượng! 🌿💪  #PhòngBệnhMùaXuânHè #TiêmChủngAnToàn #SốngKhỏeMỗiNgày #TrungTamTiemChungBVBD",https://www.instagram.com/p/DHpR9LuPpL6/,0,0,0,-1,NaN
604,icmr_niv,2025-03-15T14:10:43.000Z,"Dr Yogesh Gurav, Scientist F, presented #poster #video on 8–9 March at New Delhi, on cost-effectiveness of #Rubella #Vaccination among #women in #Maharashtra. @mohfwindia @icmrorganisation #departmentofhealthresearch #HTAIn @who.searo @cgdev_ #Symposium #HTA #Healthcare in #ISHTA2025",https://www.instagram.com/p/DHOQz8nNZ6E/,0,0,87,-1,NaN
605,myblackmath,2025-03-08T04:44:22.000Z,"Awesome show! Thanks guys!! #smokingpopes @smokingpopesmusic #conduitorlando @conduit_fl #borntoquit #orlandoflorida #rubella",https://www.instagram.com/p/DG7ObpnsN2G/,0,0,17,-1,NaN
606,aquatreattherapy.id,2025-03-06T03:51:24.000Z,"Alhamdulillah, terima kasih sudah mempercayakan Aquatreat untuk ikhtiar bersama mendapatkan buah hati 😇🤍  #Aquatreattherapy #Aquatreattherapyindonesia #AQTI  #TORCH #TORCHdanSolusinya  #Tokso #Rubella #CMV #Herpes #Seminar #Tokso #Toxoplasmagondii #Sulithamil #Gagalhamil #Tipshamil #tipspasutri",https://www.instagram.com/p/DG1-yAcyDmF/,0,0,17,-1,NaN
607,storygirljo,2025-03-16T09:48:14.000Z,"Reposted from @thepediatricianmom Which is your favorite book in this genre?  #measles #rubella #sarahjmaas #bookstagram #acotar #tog #fourthwing #rebeccayarros #onyxstorm #xadenriorson  #booktok #daughterofsmokeandbone #lainitaylor",https://www.instagram.com/p/DHQXkTjgKgN/,0,0,1,-1,NaN
608,the_antibody_guy,2025-03-06T18:51:00.000Z,"What is the Measles Virus?  The measles virus (MeV) is a negative-sense, single-stranded RNA virus belonging to the Paramyxoviridae family. It possesses a lipid envelope with two surface proteins, hemagglutinin-neuraminidase (HN) and fusion protein (F). MeV uses its HN protein to initiate infection by binding to specific receptors on the host cell's surface, typically CD46, CD150 (SLAM), or nectin-4, depending on the type of host cell. Hence, the HN protein is the primary target of neutralizing antibodies (nAbs). The measles vaccine induces nAbs that target the HN protein and, to a lesser extent, also the F protein. #measles #measlesoutbreak #mmrvaccine #mumps #rubella #masern #masernmumpsröteln #vaccines #vaccinessavelives #harvard #brown #dartmouth #upenn #columbia #yale #stanford #ucsd #ucberkeley #ucla #heidelberg #karolinska #impfungen #impfung #children #kinder #science #immunology #tcell #bcell #antigenpresentingcells",https://www.instagram.com/p/DG3lu6ytOsb/,0,0,4,-1,NaN
609,funkomavintage_is_left_coast,2025-03-12T06:55:12.000Z,"I got a MMR vaccine last week; I get a vaccine of some kind every 6 months since 2020!! If you don’t vaccinate your kids, if you don’t keep up with your vaccines, then you are a piece of shit 💩💩💩. Public health is our responsibility. Old cemeteries are full of dead children from diseases we can now prevent. #rfkjr is a vile monster.    #measles #mumps #rubella #vaccines #publichealth #stupidpeople will kill you with arrogance and narcissism.",https://www.instagram.com/p/DHFwld_uCyc/,1,0,10,-1,NaN
610,odyolojiakademi,2025-03-08T17:08:30.000Z,"Rubella, halk arasında kızamıkçık olarak adlandırılmaktadır. Son derece yaygın olarak görülen döküntülerle kendisini gösteren ateşli virüs kaynaklı bir enfeksiyondur🦠  #odyolojiakademi #çevreselnedenlişitmekayıpları #rubella #kızamıkçık #virüs",https://www.instagram.com/p/DG8jl8dtHcc/,0,0,12,-1,NaN
611,rtcpediatrics,2025-03-07T14:34:52.000Z,"What IS measles, mumps, and rubella? They are viruses that can cause serious and deadly illnesses in children. The MMR vaccine helps protect against these viral infections! #ᴠᴀᴄᴄɪɴᴇssᴀᴠᴇʟɪᴠᴇs #mmr #measles #mumps #rubella #pediatrics #nova",https://www.instagram.com/p/DG5tNuoRh4w/,1,0,4,-1,NaN
612,immunize.ca,2025-03-11T16:00:34.000Z,"The #measles, #mumps, and #rubella (#MMR) vaccine: What you need to know | informative factsheet from Immunize Canada | https://immunize.ca/sites/default/files/Resource%20and%20Product%20Uploads%20(PDFs)/Products%20and%20Resources/Measles/mmr_factsheet_web_e.pdf #VaccinesWork #GetImmunized",https://www.instagram.com/p/DHEKMU0z_Uy/,0,0,4,-1,NaN
613,aquatreattherapy.id,2025-03-14T07:09:48.000Z,"Dalam ajaran Islam, puasa itu wajib bagi orang yang mampu menjalankannya dan tidak membahayakan dirinya atau orang lain.   Ibu hamil yang merasa bahwa puasa bisa membahayakan dirinya atau janinnya 🤰🏻  #Aquatreattherapy #Aquatreattherapyindonesia #AQTI  #TORCH #TORCHdanSolusinya  #Tokso #Rubella #CMV #Herpes #Seminar #Tokso #Toxoplasmagondii #Sulithamil #Gagalhamil #Tipshamil #tipspasutri",https://www.instagram.com/p/DHK72IFS2Y0/,0,0,9,-1,NaN
614,bitesize.obgyn,2025-03-14T13:05:00.000Z,"TORCH: Rubella #torch #rubella #creogstudy",https://www.instagram.com/p/DHLkfvGA_i3/,0,0,1,-1,NaN
615,pathquestdiagnostics,2025-03-08T12:38:19.000Z,"Rubella / German measles is a contagious viral infection that may cause mild or no symptoms in most people. Symptoms include fever, headache, skin rash, stuffy nose & red itchy eyes. However, it can cause serious problems for..... For More Visit Our website- www.pathquestdiagnostics.com . . Phone No.- 8368416335 . . #rubella #bloodtest #bloodtest💉 #bloodtesting #BetterHealth #pathquestdiagnostics #pathquest #pathquestlab #medical #healthservices #healthpanel #explorepage #dailypost",https://www.instagram.com/p/DG8ErC1Tbi6/,0,0,5,-1,NaN
616,elbeaconcomunidad,2025-03-14T19:07:09.000Z,"Routine vaccines are safe and they save lives. Make sure the children in your familia are up to date. #ElBeacon #Vaccines #Polio, #Tetanus #Rubella #Mumps,  #ChickenPox",https://www.instagram.com/p/DHMN73Wujs8/,0,0,8,-1,NaN
617,kristelskosmos,2025-03-16T11:29:56.000Z,"De skimmia japonica rubella vertoont zich nog in zijn winterkostuum en de magnoliastellata is wat later dan vorig jaar maar toch voel je dat de lente in de lucht zit. Laat de zon maar schijnen en die vitamine D komen. Ik ben er klaar voor. 😊  #skimmiajaponica #skimmiajaponicarubella #skimmia #japonica #vertoont #winterkostuum #rubella #magnoliastellata #magnolia #stellata #later #vorigjaar #voel #lente #lucht #zon #schijnen #vitamined #komen #klaar #poëzievandenatuur",https://www.instagram.com/p/DHQjNNiIV5F/,0,0,24,-1,NaN
618,theuterinesound,2025-03-10T09:53:08.000Z,"🎙️ Rubella in Pregnancy: What You NEED to Know!  Did you know that a single virus can change the course of a pregnancy? In this must-listen episode, we unravel the hidden dangers of rubella in pregnancy—from the risks of congenital rubella syndrome (CRS) to how this preventable infection can impact a baby’s future. We’ll break down the science, bust common myths, and reveal why timing is everything when it comes to protection. Whether you're an expecting parent, a healthcare pro, or just love a good medical deep dive, this episode is packed with life-saving insights you won’t want to miss! 🚼🔬💉  #OBGYN #RANZCOG #Perinatalinfections #rubella #Pregnancy #Pregnancyinfections #TORCH #obgynresident #",https://www.instagram.com/p/DHA7W56S7vI/,0,0,17,-1,NaN
619,jessiejae2,2025-03-16T15:29:43.000Z,"1980 1981 my picture of me at age 5. I have a black eye. It is the mmr, varicella, and rubella vaccine that places people to the channel thought 🗣️🧠. I was a victim since this age. The @queencityofmercedes had turned me into a little (Tranny) wearing a towel over my head pretending it was long hair and high heels. Curses of activations is what the city and State of Texas had in me. I grew out of it of course, These are Neurological vaccines and the Government knows but I am still a victim. HELP ME!! #911   #mmr #varicella #rubella #covid19vaccines #cdc #riograndevalleytexas #iconqour",https://www.instagram.com/p/DHQ-pVdurhU/,0,0,0,-1,NaN
620,bitesize.obgyn,2025-03-17T00:42:42.000Z,"TORCH: Rubella #creogstudy #rubella",https://www.instagram.com/p/DHR97mKsmnX/,0,0,1,-1,NaN
621,alheriysfoundation,2025-03-14T07:59:47.000Z,"THE NIGERIA GOVERNORS’ SPOUSES FORUM, UNDER THE OFFICE OF HER EXCELLENCY, THE FIRST LADY OF BAUCHI STATE, SUCCESSFULLY ORGANIZED A ONE-DAY SENSITIZATION PROGRAM ON THE IMPORTANCE OF THE MEASLES-RUBELLA (MR) VACCINE  Alheri-YS Foundation , known for its unwavering commitment to child health, proudly participated in the program.  The event was a remarkable success, as women were educated on the vital role of the MR vaccine in protecting their families and communities. As an organization dedicated to promoting the health and well-being of children, Alheri-Ys Foundation  will continue to raise awareness about the importance of the measles vaccine to ensure that every child is protected.  Notably, the wives of the 20 LGA chairmen were in attendance and have pledged to extend this vital information to their respective local government areas.  Together, we are making significant strides toward a healthier and safer Bauchi State! #NigeriaGovernorsForum #nigeriagovernorswivesforum #nigeriagovernment #GateFoundation #UNICEF #SaveTheChildren #MeaslesPrevention #MeaslesAwareness #MeaslesRubella #measles #AFENET #worldhealthorganization #rubella #childrenhealthcare #VaccinesSaveLives #newincentives",https://www.instagram.com/p/DHLBkMmNmTX/,1,0,7,-1,NaN
622,apothecarist_diary,2025-03-08T13:58:05.000Z,"Rubella ( German Measle ) - In Newborns and Pregnancy  Basic Introduction and Facts ⚠️  Childhood Illnesses Awareness Series Day - 4/15 #mmrvacccine #rubella #neonatology #pediatric #viralpost #internalmedicine #medicine  #generalmedicine #healthawareness #heathcounselingconsult #health #patientcouncelling #publichealth #communitymedicine #pharmacy #pharmacystudent  #cardivasularhealth #pathology #pathophysiology #anatomy #physiology  #clinicaldiagnosis #clinicalpharmacy #pharmacyresident #medicalstudent #medicalscience #pharmacology #hospital #emergencymedicine",https://www.instagram.com/p/DG8NzTUN-Bb/,0,0,5,-1,NaN
623,aquatreattherapy.id,2025-03-12T10:52:34.000Z,"MasyaAllah, Alhamdulillah.. terima kasih sudah mempercayakan Aquatreat untuk ikhtiar bersama untuk mendapatkan buah hati 🤗🤍  #Aquatreattherapy #Aquatreattherapyindonesia #AQTI  #TORCH #TORCHdanSolusinya  #Tokso #Rubella #CMV #Herpes #Seminar #Tokso #Toxoplasmagondii #Sulithamil #Gagalhamil #Tipshamil #tipspasutri",https://www.instagram.com/p/DHGLwBsSy1c/,0,0,18,-1,NaN
624,bluecrosslk,2025-03-16T02:30:03.000Z,"💉𝐌𝐞𝐚𝐬𝐥𝐞𝐬 𝐈𝐦𝐦𝐮𝐧𝐢𝐳𝐚𝐭𝐢𝐨𝐧 𝐃𝐚𝐲😷  Measles is a highly contagious viral disease, primarily affecting children, and remains a leading cause of death and disability among young children. Measles Immunization Day is celebrated on March 16 to raise awareness about prevention through vaccination, which is safe and cost-effective. Immunization is very important as there is no specific treatment.  ⭕𝘞𝘏𝘖 𝘳𝘦𝘤𝘰𝘮𝘮𝘦𝘯𝘥𝘴 𝘵𝘸𝘰 𝘥𝘰𝘴𝘦𝘴 𝘰𝘧 𝘵𝘩𝘦 𝘮𝘦𝘢𝘴𝘭𝘦𝘴 𝘷𝘢𝘤𝘤𝘪𝘯𝘦 (𝘔𝘙 - 𝘔𝘦𝘢𝘴𝘭𝘦𝘴 𝘙𝘶𝘣𝘦𝘭𝘭𝘢 /𝘔𝘔𝘙 - 𝘔𝘦𝘢𝘴𝘭𝘦𝘴 𝘔𝘶𝘮𝘱𝘴 𝘙𝘶𝘣𝘦𝘭𝘭𝘢)  Contact Our Vaccinologist (Dr. Kanthi Nanayakkara): https://bit.ly/4igXPnk  👇𝘝𝑎𝘤𝑐𝘪𝑛𝘦 𝘊𝑙𝘪𝑛𝘪𝑐 𝐷𝘢𝑡𝘦𝑠 𝑎𝘯𝑑 𝑇𝘪𝑚𝘦: 𝙈𝙤𝙣𝙙𝙖𝙮 𝙖𝙩 04:00 𝙋𝙈 𝙏𝙪𝙚𝙨𝙙𝙖𝙮 𝙖𝙩 04:00 𝙋𝙈 𝙏𝙝𝙪𝙧𝙨𝙙𝙖𝙮 𝙖𝙩 04:00 𝙋𝙈 𝙁𝙧𝙞𝙙𝙖𝙮 𝙖𝙩 04:00 𝙋𝙈 𝙎𝙖𝙩𝙪𝙧𝙙𝙖𝙮 𝙖𝙩 12:00 𝙋𝙈  📞 𝐹𝘰𝑟 𝑚𝘰𝑟𝘦 𝘪𝑛𝘧𝑜𝘳𝑚𝘢𝑡𝘪𝑜𝘯: 076 006 5361  📞: +94112876888 / +94112876889 / +94112876890 📧: 𝘪𝑛𝘧𝑜@𝑏𝘭𝑢𝘦𝑐𝘳𝑜𝘴𝑠.𝑙𝘬 👉: 𝑤𝘸𝑤.𝑏𝘭𝑢𝘦𝑐𝘳𝑜𝘴𝑠.𝑙𝘬 📍: 𝑁𝘰. 682, 𝘒𝑜𝘵𝑡𝘦 𝘙𝑜𝘢𝑑, 𝘙𝑎𝘫𝑎𝘨𝑖𝘳𝑖𝘺𝑎.  #BlueCross #Medical #MedicalCentre #MeaslesImmunizationDay #MR #MMR #Rubella #Vaccine",https://www.instagram.com/p/DHPla3bPVpd/,0,0,1,-1,NaN
625,providencehealthsystem,2025-03-06T17:57:11.000Z,"Measles is making a comeback in some parts of the U.S. It's important to know about it to stay safe and healthy. Whether you're a parent, pregnant person, or just want to stay healthy, knowing about #measles can help you protect yourself and your loved ones. ♥️   For more information, check reliable sources like the @CDCgov and talk to your health care provider. Your proactive approach can make a big difference in keeping everyone safe. 🛡️   #measlesoutbreak",https://www.instagram.com/p/DG3fkd2s8Fe/,5,0,31,-1,NaN
626,bioprocessupdates,2025-03-17T07:01:41.000Z,"📢 Egypt Boosts Local Vaccine Manufacturing with New Partnership!  🌍 Batavia Biosciences is partnering with VBC and MEVAC in Egypt.  🔬 The goal is to boost local vaccine manufacturing for diseases like measles, rubella, and rotavirus.  💡 Batavia will provide essential production processes and standards to ensure quality.  🏴‍☠️ This initiative supports Egypt's role in vaccine self-reliance for the Middle East and Africa.  💉 It aims to enhance access to affordable vaccines in underserved regions.  #BioprocessUpdates #BataviaBiosciences #VaccineManufacturing #LocalizedVaccines #EgyptHealth #PublicHealthInitiative #Measles #Rubella #Rotavirus #HealthcareAccess #VaccineEquity #MiddleEastAfrica #SelfReliance #AffordableVaccines #GlobalHealth #InnovationInHealthcare  ▷ Full article in our description and here:   📎 https://bioprocessupdates.com/companies/egypt-boosts-local-vaccine-manufacturing-with-new-partnership/",https://www.instagram.com/p/DHSpS7Xu11o/,0,0,0,-1,NaN
627,immunize.ca,2025-03-19T12:00:36.000Z,"For health care professionals | Pocket Guide for Immunizers: #Measles, #Mumps, and #Rubella Vaccination | https://immunize.ca/sites/default/files/Resource%20and%20Product%20Uploads%20(PDFs)/Products%20and%20Resources/Measles/Pocket%20Guide/mmr_pocketguide_web_e.pdf #MMR #VaccinesWork #GetImmunized",https://www.instagram.com/p/DHYVF2pMyvp/,0,0,5,-1,NaN
628,aquatreattherapy.id,2025-03-17T12:10:11.000Z,"Kamu udah tau belum apa sih Fidyah itu? 🤔    #Aquatreattherapy #Aquatreattherapyindonesia #AQTI  #TORCH #TORCHdanSolusinya  #Tokso #Rubella #CMV #Herpes #Seminar #Tokso #Toxoplasmagondii #Sulithamil #Gagalhamil #Tipshamil #tipspasutri",https://www.instagram.com/p/DHTMmyvSB5p/,0,0,5,-1,NaN
629,bitesize.obgyn,2025-03-16T03:30:08.000Z,"TORCH: Rubella #creogstudy #rubella",https://www.instagram.com/p/DHPsS_FsjPu/,0,0,1,-1,NaN
630,lewisandclarkpublichealth,2025-03-10T20:48:32.000Z,"History matters. Vaccination against communicable diseases is one of the greatest gifts to human civilization in human history. And we will never stop advocating for safe and effective immunizations for all.  Declared eliminated in the United States in 2000, Measles is staging a concerning comeback due to low vaccination rates caused by misinformation and disinformation.   MMR (measles, mumps, rubella) vaccines are available at every provider's office and pharmacy. Families can also call Lewis and Clark Public Health to discuss vaccine schedules with one of our highly experienced public health nurses. That number is 406-457-8900.   Photo provided by Montana Historical Society. These child polio braces were found stuffed in a crawl space during the 2015 renovations to the building that housed Shodair Hospital from 1938 to 1997.   #lewisandclarkpublichealth #Montana #MMR #calltodayforappointment #VaccinesSaveLives #historymatters #polio #measles #mumps #rubella",https://www.instagram.com/p/DHCGXOhRBh2/,0,0,2,-1,NaN
631,klinikandapuchong,2025-02-21T07:33:47.000Z,"💉 Lindungi Anak Anda dengan Vaksin MMR  Vaksin MMR melindungi anak anda daripada Measles (Campak), Mumps (Beguk) dan Rubella. Ia penting untuk:  ✅ Cegah penyakit serius ✅ Perlindungan awal ✅ Jaga kesihatan komuniti  Lindungi masa depan anak anda hari ini! ❤  #klinikanda #klinikanda24jam #vaccination #immunization #MMRvaccine #mumps #rubella #measles",https://www.instagram.com/p/DGU55eTyLII/,0,0,0,-1,NaN
632,littlespurspedi,2025-02-28T17:05:31.000Z,"With confirmed cases of Rubella in Texas, it’s important to know that Rubella is NOT the same as measles! 🦠 Let’s break down the key differences between these two viruses and what symptoms parents should watch for. 👀  Read more here:https://littlespurspedi.com/blog/rubella-in-children/  #measles #rubella #sanantonio #texas #mmr",https://www.instagram.com/p/DGn85FUR6WJ/,0,0,11,-1,NaN
633,vaccine.choice.canada,2025-02-23T11:00:20.000Z,"The measles, mumps, and rubella (MMR) vaccine is a live virus vaccine that was introduced in 1963.  Approximately 40 cases of death and permanent injury from the MMR vaccine are reported to VAERS annually. As few as 1.6% of MMR-related seizures are reported to VAERS.  Learn more about the MMR vaccine: https://physiciansforinformedconsent.org/mmr-vrs/  #measles #mumps #rubella #MMR #MMRshot #infanthealth #childrenshealthcare #measlesoutbreak #rubellavirus #riskvsbenefit @picphysicians",https://www.instagram.com/p/DGabICEIaAT/,34,0,1025,-1,NaN
634,aquatreattherapy.id,2025-02-23T00:40:59.000Z,"Salah satu sayur yang sering dibilang “bisa bikin cepat hamil” , ternyata toge juga punya banyak manfaat.  Kalo gini namanya sekali mendayung, dua-tiga pulau terlampaui 🫣  #Aquatreattherapy #Aquatreattherapyindonesia #AQTI  #TORCH #TORCHdanSolusinya  #Tokso #Rubella #CMV #Herpes #Seminar #Tokso #Toxoplasmagondii #Sulithamil #Gagalhamil #Tipshamil #Tipspasutri",https://www.instagram.com/p/DGZUPvAyJgW/,0,0,12,-1,NaN
635,thepediatricianmom,2025-03-03T13:49:30.000Z,"Which is your favorite book in this genre?  #measles #rubella #sarahjmaas #bookstagram #acotar #tog #fourthwing #rebeccayarros #onyxstorm #xadenriorson  #booktok #daughterofsmokeandbone #lainitaylor",https://www.instagram.com/p/DGvU1-rusMX/,26,0,3,-1,NaN
636,northgahealth,2025-02-28T23:54:09.000Z,"Give your child the gift of protection! 💪 The MMR vaccine helps guard against measles, mumps, and rubella. Learn more here: bit.ly/40VA5iN, and contact one of our Public Health Departments for vaccination in #Cherokee, #Fannin, #Gilmer, #Murray, #Pickens, or #Whitfield County - go to www.nghd.org  #MMR #Measles #Mumps #Rubella #MMRvaccine #GADPH  ---En Español---  ¡Dale a tu hijo el regalo de la protección! 💪 La vacuna MMR ayuda a proteger contra el sarampión, las paperas y la rubéola. Obtenga más información aquí: bit.ly/40VA5iN y comuníquese con uno de nuestros Departamentos de Salud Pública para la vacunación en el condado de #Cherokee, #Fannin, #Gilmer, #Murray, #Pickens o #Whitfield: visite www.nghd.org  #MMR #Sarampión #Paperas #Rubéola #VacunaMMR #GADPH",https://www.instagram.com/p/DGorp-9xX0b/,0,0,2,-1,NaN
637,who.searo,2025-03-03T08:40:00.000Z,"Planning for pregnancy? Get the #rubella vaccine before getting pregnant to prevent serious birth defects.   #VaccinesWork #BirthDefectsAwareness #birthdefects #WBDD #childhealth #newbornhealth #SouthEastAsia #WorldBirthDefectsDay",https://www.instagram.com/p/DGuxh9_zQ2d/,0,0,20,-1,NaN
638,aquatreattherapy.id,2025-03-04T05:00:14.000Z,"Siapa yang suka makan gorengan?  Kamu udah tau belum berapa kalori sih gorengan favorit kamu itu?🧐  #Aquatreattherapy #Aquatreattherapyindonesia #AQTI  #TORCH #TORCHdanSolusinya  #Tokso #Rubella #CMV #Herpes #Seminar #Tokso #Toxoplasmagondii #Sulithamil #Gagalhamil #Tipshamil #tipspasutri",https://www.instagram.com/p/DGw9EXgy6Gf/,0,0,7,-1,NaN
639,cwins_official,2025-03-04T10:21:01.000Z,"When a pregnant woman is infected with #Rubella there are chances that it will lead to Congenital Rubella Syndrome (CRS) and the new baby may be born blind, deaf, or with a hole in the heart.   All these can be prevented with a vaccine. Protect your child now!  #MRvaccine4Nigeria",https://www.instagram.com/p/DGxhx6QNJmg/,0,0,7,-1,NaN
640,bethpodel,2025-02-28T22:57:31.000Z,"Now it's Rubella, a disease I don't remember hearing about anyone having in my entire 49 years of life. At a charter school, natch.  https://news4sanantonio.com/news/local/case-of-german-measles-confirmed-in-san-antonio-at-legacy-traditional-school-local-news-near-me-health-pulic-safety?fbclid=IwY2xjawIvHaBleHRuA2FlbQIxMQABHRDAqGRmdgiyQL7OyFVhub_08hitU_JdRJHJlxUaEZXwVgiOkpOPB6obXw_aem_Oq9dJkI2WWsTrSdOcfdG-Q  #rubella #germanmeasles #vaccine #vaccinate #ᴜɴᴠᴀᴄᴄɪɴᴀᴛᴇᴅ #sanantoniotexas #rfk #legacytraditionalschool #charterschool #antivax",https://www.instagram.com/p/DGolLJAyYIm/,0,0,0,-1,NaN
641,therunningepidemiologist,2025-02-27T14:59:14.000Z,"The MMR Vaccine  #measles #mumps #rubella #mmr #vaccines #vaccine #outbreak #publichealth #epidemiology",https://www.instagram.com/p/DGlJpPeuumr/,0,0,11,-1,NaN
642,westlancsbc,2025-02-26T16:01:10.000Z,"The #MMR vaccine is the best way to protect against #Measles, #Mumps and #Rubella – and a version without gelatine is available for those who need it. Ask your GP practice for more info.",https://www.instagram.com/p/DGir7RdtGI3/,1,0,0,-1,NaN
643,two_npsinapod,2025-03-05T21:30:00.000Z,"Not the sexy content the world wants, but here's the content the world needs 🤌🏼🤌🏼  Reasons why the MMR vaccine is important:   One-to protect yourself from preventable illnesses and diseases because ain’t nobody got time for foolish things like measles, polio, and hepatitis.   And two, to protect others who do not have the privilege to be immunized. Yes, it is a privilege to be vaccinated. There are those unable to be vaccinated for reasons such as they are immunocompromised, they are allergic to a vaccine’s ingredients, or they haven’t even been born yet but could still contract a vaccine-preventable illness in utero. Be a good human, and do your part to protect your neighbors.  #measlesoutbreak #mmrvacccine #measles #mumps #rubella #publichealth #primarycare #npslead #ᴠaccinesaveslives",https://www.instagram.com/p/DG1TI-QyYK-/,0,0,25,-1,NaN
644,rutgershsl,2025-03-04T14:29:36.000Z,"The NLM traveling exhibit Rashes to Research: Scientists and Parents Confront the 1964 Rubella Epidemic is now at the Robert Wood Johnson Library of the Health Sciences. Stop by to learn about it today! #rutgers #rutgersnb #nlmtravelingexhibits #rubella",https://www.instagram.com/p/DGx-Oj3piG-/,0,0,13,-1,NaN
645,immunize.ca,2025-02-23T15:00:26.000Z,"The #measles, #mumps, and #rubella (#MMR) vaccine: What you need to know | informative factsheet from Immunize Canada | https://immunize.ca/sites/default/files/Resource%20and%20Product%20Uploads%20(PDFs)/Products%20and%20Resources/Measles/mmr_factsheet_web_e.pdf #VaccinesWork #GetImmunized",https://www.instagram.com/p/DGa2l5DThg_/,0,0,0,-1,NaN
646,myrongilbert,2025-02-27T15:32:47.000Z,"DAILY DRAWING — “Close Your Eyes. Nothing To See Here.” So far, just one child dead. RFKJR says it is no big deal. #rfkjr #measles #measlesoutbreak #rubella #disease #robertfkennedyjr #makeamericagreatagain #virus #protest #revolt",https://www.instagram.com/p/DGlNfCBJNxL/,0,0,3,-1,NaN
647,balleralert,2025-02-27T15:05:39.000Z,"Robert F. Kennedy Jr. Falsely Claims Measles Outbreaks Happen “Every Year” as Texas Reports First Measles Death Since 2015  Blogged by thinktank  A growing #measles outbreak in rural West #Texas has led to the first U.S. death from the disease in nearly a decade, state health officials confirmed Wednesday. The victim, a school-aged child who was not vaccinated, died after being hospitalized, marking a grim milestone in what has become Texas’ largest measles outbreak in almost 30 years.  Since the outbreak began last month, at least 124 cases have been reported across nine counties, raising concerns among health experts about the resurgence of the highly contagious, but preventable, virus. Measles, which spreads through respiratory droplets, can lead to severe complications, including pneumonia, brain swelling, and in rare cases, death.  Despite the seriousness of the outbreak, Health & Human Services Secretary #RobertFKennedyJr. downplayed concerns, telling reporters, “We have measles outbreaks every year.” This statement is false, as widespread measles outbreaks have been rare in the U.S. since the disease was declared eliminated in 2000, thanks to vaccination efforts. The last reported measles-related death in the country occurred in 2015.  Public health officials are urging parents to ensure their children receive the measles, #mumps, and #rubella (MMR) vaccine, which is 97% effective at preventing measles. The outbreak in Texas is believed to have been fueled by declining vaccination rates, which have left more children and communities vulnerable to preventable diseases.  The Centers for Disease Control and Prevention #CDC has sent teams to assist Texas health authorities in containing the outbreak, while hospitals in affected counties are working to isolate infected patients and prevent further spread.  As measles cases continue to rise, officials warn that misinformation and vaccine hesitancy could lead to more outbreaks across the country, putting lives at unnecessary risk .....to read the rest log on to BallerAlert.com (clickable link on profile)",https://www.instagram.com/p/DGlKQKboIZP/,941,0,3,-1,NaN
648,breastfriends_tx,2025-03-03T17:13:23.000Z,"Have you recently received or are looking to receive the MMR vaccine booster and are breastfeeding? We need your help! The InfantRisk Center is conducting important research, and your breastmilk donation could make a huge difference in ensuring the safety of medications for breastfeeding moms and their babies. If you have received the MMR vaccine booster recently, please fill out the form on our website: https://www.infantrisk.com/help-infantrisk-research @infantrisk   #InfantRiskCenter #BreastfeedingSupport #MommyMeds #infantriskhcp #ibclc #breastfeeding #breastmilk #MMR #MMRvaccine #measels #mumps #rubella #measlesmumpsrubella",https://www.instagram.com/p/DGvsLU0u_hQ/,1,0,9,-1,NaN
649,aquatreattherapy.id,2025-02-27T01:50:44.000Z,"Ayat ini mengandung pesan yang sangat dalam, yaitu memberikan harapan dan ketenangan bagi setiap orang yang sedang menghadapi kesulitan atau ujian.   Allah mengingatkan bahwa setiap kesulitan yang dihadapi pasti diikuti oleh kemudahan 😇🤲🏻  #Aquatreattherapy #Aquatreattherapyindonesia #AQTI  #TORCH #TORCHdanSolusinya  #Tokso #Rubella #CMV #Herpes #Seminar #Tokso #Toxoplasmagondii #Sulithamil #Gagalhamil #Tipshamil #tipspasutri",https://www.instagram.com/p/DGjvaIXSplS/,0,0,11,-1,NaN
650,mbentle,2025-02-26T18:37:09.000Z,"This childhood disease should have been eradicated by now.  #Measles #Mumps #Rubella are making a comeback @dallasnews",https://www.instagram.com/p/DGi9ye4PtVS/,0,0,3,-1,NaN
651,jocohealthdept,2025-02-27T18:00:42.000Z,"The news about the measles outbreak in Texas and New Mexico may have adults wondering, “Do I need a measles booster?” In most cases, the answer is no. Adults who have received at least one dose of the MMR (Measles, Mumps, Rubella) vaccine in their lifetime or have natural immunity from a previous infection are considered sufficiently protected.   Starting in 1989, @cdcgov recommended that all children receive two doses of the MMR vaccine – one dose at 12-15 months and the second dose between the ages of 4 and 6. Two doses of the measles vaccine provide lifetime protection and are 97% effective at preventing measles.   Adults born in 1957 or later should get at least one dose of the MMR vaccine unless they have proof of vaccination or immunity. Those born before 1957 are generally considered immune, except for healthcare workers, who need documented immunity. If you don’t know whether you had #measles as a child or received an MMR vaccine, talk to your healthcare provider or our immunization nurses to determine if vaccination is right for you.   Others who may want to consider getting a MMR booster if immunity is unknown:  🔸 People visiting an area where there is an ongoing measles outbreak or who travel internationally 🔸 College or trade school students 🔸 Healthcare workers 🔸 Close contacts of immunocompromised people   If you fall into one of these categories, discuss it with your healthcare provider and check your health benefit plan to determine if the MMR vaccine is covered.   We offer the #MMR #vaccine for adults and children at our Olathe and Mission walk-in immunization clinics. The 🔗 in our profile has more information.   #Pediatrics #Pediatrician #PublicHealth #InfectiousDisease #InternalMedicine #Vaccination #Vax2Protect #SleeveUpJoCo #Mumps #Rubella #Immunization #Immunize #JohnsonCountyKS",https://www.instagram.com/p/DGleZ3Iz-VX/,1,0,5,-1,NaN
652,st_lukes_surgery_guildford,2025-03-05T10:00:12.000Z,"#vaccinations #childhoodimmunisations #measles #mumps #rubella #whoopingcough #nhs #primarycare #nurses #gp #guildfordsurrey #stlukessurgery #surrey #guildford #thisisguildford #stlukes",https://www.instagram.com/p/DG0EMPIp31Y/,0,0,1,-1,NaN
653,flora_park_centrum_ogrodnicze,2025-03-02T11:43:38.000Z,"#skimmia #Rubella #garden",https://www.instagram.com/p/DGshpOTt4nh/,0,0,11,-1,NaN
654,aquatreattherapy.id,2025-02-25T06:44:40.000Z,"Masya Allah, kali kedua Ibu Shelly dan Bapak Syaif berikhtiar bersama Aquatreat Therapy untuk mendapatkan buah hati 🥹  Selamat dan terima kasih kami ucapkan sudah mempercayai kembali Aquatreat Therapy, semoga anak-anak Ibu dan Bapak bisa menjadi kebanggaan bagi kedua orang tua dan juga agama 🥰🤲🏻✨  #Aquatreattherapy #Aquatreattherapyindonesia #AQTI  #TORCH #TORCHdanSolusinya  #Tokso #Rubella #CMV #Herpes #Seminar #Tokso #Toxoplasmagondii #Sulithamil #Gagalhamil #Tipshamil #tipspasutri",https://www.instagram.com/p/DGfHdH8SS3s/,0,0,18,-1,NaN
655,ivax_bayambang,2025-02-17T01:25:05.000Z,"What is MMR Vaccine? MMR vaccine is a vaccine against #measles , #mumps  and #rubella (German measles), abbreviated as MMR. The first dose is generally given to children around 9 months to 15 months of age, with a second dose at 15 months to 6 years of age, with at least four weeks between the doses. After two doses, 97% of people are protected against measles, 88% against mumps, and at least 97% against rubella. The vaccine is also recommended for those who do not have evidence of immunity, those with well-controlled HIV/AIDS, and within 72 hours of exposure to measles among those who are incompletely immunized. It is given by injection. LOOKING FOR MMR VACCINE?? Visit us today clinic hour 7am to 12midnight Located: Mangga St.Brgy,Bical Norte. Bayambang Pangasinan. IVAX Animal Bite and Vaccination Center-Bayambang Vaccines play a critical role in maintaining public health and preventing the spread of infectious diseases Protect yourself and your loved ones, BE PROTECTED! 🛡 GET VACCINATED! 💉 ☑️ We use 100% Authentic Vaccines. ☑️ Affordable Prices. ☑️ Trained Vaccinator for Animal Bite Treatment. 🛡 We offer: 💉 Pre Exposure / Post Exposure Anti Rabies Vaccination. 💉 ERIG Infiltration (Passive Rabies Immunoglobulin) 💉 HRIG (Human Rabies Immune Globulin)  💉 Anti Tetanus 💉 Other vaccines Upon Request  🩹 Wound Dressing 💉 HPV Vaccine 💉 Measles / MMR / MMRV 💉 Typhoid / Varicella / Rotavirus 💉 Pneumonia Vaccine / Meningococcal 💉 Influenza (FLU) Vaccine 💉 TDAP / Polio Vaccine 💉  Hepa A and Hepa B Vaccine 💉  BCG / DPT /  PPD and many more! Rabies is 99.9% fatal but it is 100% preventable.  Magpabakuna na! Huwag baliwalain! #getvaccinatedtobeprotected  #IvaxMedicalSolutions  #ivaxanimalbitevaccinationcenter  IVAX Animal Bite and Vaccination Center-Bayambang  Ivax Bayambang",https://www.instagram.com/p/DGJ8hhRygGA/,0,0,0,-1,NaN
656,ivax_bayambang,2025-02-12T03:49:51.000Z,"What is MMR Vaccine? MMR vaccine is a vaccine against #measles , #mumps  and #rubella (German measles), abbreviated as MMR. The first dose is generally given to children around 9 months to 15 months of age, with a second dose at 15 months to 6 years of age, with at least four weeks between the doses. After two doses, 97% of people are protected against measles, 88% against mumps, and at least 97% against rubella. The vaccine is also recommended for those who do not have evidence of immunity, those with well-controlled HIV/AIDS, and within 72 hours of exposure to measles among those who are incompletely immunized. It is given by injection. LOOKING FOR MMR VACCINE?? Visit us today clinic hour 7am to 12midnight Located: Mangga St.Brgy,Bical Norte. Bayambang Pangasinan. IVAX Animal Bite and Vaccination Center-Bayambang Vaccines play a critical role in maintaining public health and preventing the spread of infectious diseases Protect yourself and your loved ones, BE PROTECTED! 🛡 GET VACCINATED! 💉 ☑️ We use 100% Authentic Vaccines. ☑️ Affordable Prices. ☑️ Trained Vaccinator for Animal Bite Treatment. 🛡 We offer: 💉 Pre Exposure / Post Exposure Anti Rabies Vaccination. 💉 ERIG Infiltration (Passive Rabies Immunoglobulin) 💉 HRIG (Human Rabies Immune Globulin)  💉 Anti Tetanus 💉 Other vaccines Upon Request  🩹 Wound Dressing 💉 HPV Vaccine 💉 Measles / MMR / MMRV 💉 Typhoid / Varicella / Rotavirus 💉 Pneumonia Vaccine / Meningococcal 💉 Influenza (FLU) Vaccine 💉 TDAP / Polio Vaccine 💉  Hepa A and Hepa B Vaccine 💉  BCG / DPT /  PPD and many more! Rabies is 99.9% fatal but it is 100% preventable.  Magpabakuna na! Huwag baliwalain! #getvaccinatedtobeprotected  #IvaxMedicalSolutions  #ivaxanimalbitevaccinationcenter  IVAX Animal Bite and Vaccination Center-Bayambang  Ivax Bayambang",https://www.instagram.com/p/DF9VHYDyZeG/,0,0,0,-1,NaN
657,ivax_bayambang,2025-02-14T23:37:01.000Z,"What is MMR Vaccine? MMR vaccine is a vaccine against #measles , #mumps  and #rubella (German measles), abbreviated as MMR. The first dose is generally given to children around 9 months to 15 months of age, with a second dose at 15 months to 6 years of age, with at least four weeks between the doses. After two doses, 97% of people are protected against measles, 88% against mumps, and at least 97% against rubella. The vaccine is also recommended for those who do not have evidence of immunity, those with well-controlled HIV/AIDS, and within 72 hours of exposure to measles among those who are incompletely immunized. It is given by injection. LOOKING FOR MMR VACCINE?? Visit us today clinic hour 7am to 12midnight Located: Mangga St.Brgy,Bical Norte. Bayambang Pangasinan. IVAX Animal Bite and Vaccination Center-Bayambang Vaccines play a critical role in maintaining public health and preventing the spread of infectious diseases Protect yourself and your loved ones, BE PROTECTED! 🛡 GET VACCINATED! 💉 ☑️ We use 100% Authentic Vaccines. ☑️ Affordable Prices. ☑️ Trained Vaccinator for Animal Bite Treatment. 🛡 We offer: 💉 Pre Exposure / Post Exposure Anti Rabies Vaccination. 💉 ERIG Infiltration (Passive Rabies Immunoglobulin) 💉 HRIG (Human Rabies Immune Globulin)  💉 Anti Tetanus 💉 Other vaccines Upon Request  🩹 Wound Dressing 💉 HPV Vaccine 💉 Measles / MMR / MMRV 💉 Typhoid / Varicella / Rotavirus 💉 Pneumonia Vaccine / Meningococcal 💉 Influenza (FLU) Vaccine 💉 TDAP / Polio Vaccine 💉  Hepa A and Hepa B Vaccine 💉  BCG / DPT /  PPD and many more! Rabies is 99.9% fatal but it is 100% preventable.  Magpabakuna na! Huwag baliwalain! #getvaccinatedtobeprotected  #IvaxMedicalSolutions  #ivaxanimalbitevaccinationcenter  IVAX Animal Bite and Vaccination Center-Bayambang  Ivax Bayambang",https://www.instagram.com/p/DGEmkPGT0yH/,0,0,0,-1,NaN
658,west_redcross,2025-02-11T06:17:27.000Z,"From our meeting last week! Thank you for coming!! ✨ #redcross #rubella #measelsrubella",https://www.instagram.com/p/DF7BNljuNKJ/,0,0,7,-1,NaN
659,northgahealth,2025-02-07T19:04:36.000Z,"Give your child the gift of protection! 💪 The MMR vaccine helps guard against measles, mumps, and rubella. Learn more here: bit.ly/40VA5iN, and contact one of our Public Health Departments for vaccination in #Cherokee, #Fannin, #Gilmer, #Murray, #Pickens, or #Whitfield County - go to www.nghd.org  #MMR #Measles #Mumps #Rubella #MMRvaccine #GADPH  ---En Español---  ¡Dale a tu hijo el regalo de la protección! 💪 La vacuna MMR ayuda a proteger contra el sarampión, las paperas y la rubéola. Obtenga más información aquí: bit.ly/40VA5iN y comuníquese con uno de nuestros Departamentos de Salud Pública para la vacunación en el condado de #Cherokee, #Fannin, #Gilmer, #Murray, #Pickens o #Whitfield: visite www.nghd.org  #MMR #Sarampión #Paperas #Rubéola #VacunaMMR #GADPH",https://www.instagram.com/p/DFyF031xsKJ/,0,0,0,-1,NaN
660,aquatreattherapy.id,2025-02-20T02:25:48.000Z,"Dengan pengalaman 4 X Keguguran dan melahirkan anak dengan Microcephaly yang menyebabkan anak dari Ibu Nurhayati dan Pak Wahyudi meninggal. Alhamdulillah Allah memberikan kesempatan kembali untuk menjadi orang tua seutuhnya 🤲🏻😇  #Aquatreattherapy #Aquatreattherapyindonesia #AQTI  #TORCH #TORCHdanSolusinya  #Tokso #Rubella #CMV #Herpes #Seminar #Tokso #Toxoplasmagondii #Sulithamil #Gagalhamil #Tipshamil #tipspasutri",https://www.instagram.com/p/DGRx22VyouL/,0,0,15,-1,NaN
661,youngpeopleliketae,2025-02-19T09:57:18.000Z,"Parents are being urged to check for symptoms of measles and ensure their children's vaccinations are up to date.  Data published by the UK Health Security Agency (UKHSA) shows Bristol has had the highest number of measles cases in the country this year.  With 25 cases, it has reached almost half the number reported in 2024. Dr Toyin Ejidokun at UKHSA South West said: ""Measles is highly infectious, and it can cause serious disease or even death in some rare cases.""  Dr Ejidokun said symptoms to look out for include cold-like symptoms, sore red eyes, a high temperature or a red-brown blotchy rash.  ""If you experience these symptoms, seek medical attention, but please ensure that you phone ahead before visiting a healthcare setting, so that arrangements can be made to prevent others from being infected,"" he added. Julie Northcott, deputy director of public health at Bristol City Council, said measles spreads ""very easily and quickly"" among unvaccinated people.  ""One person infected by measles can infect nine out of 10 of their unvaccinated close contacts,"" she said. ""The MMR vaccine is safe and by far the most effective way to protect yourself and those around you."" Approximately 14.9% of five-year-olds in Bristol have not had the MMR vaccination.  Ms Northcott said: ""It's never too late to have the vaccine, so if you've not received two doses of the vaccine in the past – or you're unsure – speak to your GP.""  #WHOSWATCHINGTHEBABIES #EDUCATEBOYS #EDUCATEGIRLS #KNIFECRIME #COUNTYLINES #CHILDEXPLOITATION #NHS #VACCINATIONS #PUBLICHEALTH #MMR #MEASLES #MUPS #RUBELLA #DIPTHERIA #WHOOPINGCOUGH #TETANUS #POLIO #CHILDHOODDIESEASES #BRISTOL #UK #GP  #BRISTOLCITYCOUNCIL #UKHSA #MINDFULNESS #MENTALHEALTHAWARENESS #COMMUNITYSUPPORT",https://www.instagram.com/p/DGQAuy2MW0N/,0,0,4,-1,NaN
662,puribundasgr,2025-02-17T04:06:38.000Z,"✋ Kehamilan adalah anugerah, tetapi juga membutuhkan perhatian ekstra!  Tahukah Bunda? Infeksi prenatal seperti TORCH, bakteri, atau virus lainnya bisa berdampak pada tumbuh kembang si Kecil di masa depan. Oleh karena itu, penting untuk:  ✅ Melakukan pemeriksaan kehamilan secara rutin ✅ Mengonsumsi makanan bergizi dan menghindari makanan mentah ✅ Menjaga kebersihan diri dan lingkungan ✅ Menghindari kontak dengan orang yang sedang sakit ✅ Mengikuti imunisasi yang direkomendasikan dokter  Dengan persiapan dan perawatan yang tepat, Bunda bisa menjalani kehamilan yang sehat dan memberikan yang terbaik untuk si Kecil sejak dalam kandungan!  #KehamilanSehat #Rubella #Influenza #TORCH #MerawatKehidupan #PrenatalCare #PrenatalInfectionAwarenessMonth",https://www.instagram.com/p/DGKPAsrSbmP/,2,0,40,-1,NaN
663,ivax_bayambang,2025-02-17T08:50:27.000Z,"What is MMR Vaccine? MMR vaccine is a vaccine against #measles , #mumps  and #rubella (German measles), abbreviated as MMR. The first dose is generally given to children around 9 months to 15 months of age, with a second dose at 15 months to 6 years of age, with at least four weeks between the doses. After two doses, 97% of people are protected against measles, 88% against mumps, and at least 97% against rubella. The vaccine is also recommended for those who do not have evidence of immunity, those with well-controlled HIV/AIDS, and within 72 hours of exposure to measles among those who are incompletely immunized. It is given by injection. LOOKING FOR MMR VACCINE?? Visit us today clinic hour 7am to 12midnight Located: Mangga St.Brgy,Bical Norte. Bayambang Pangasinan. IVAX Animal Bite and Vaccination Center-Bayambang Vaccines play a critical role in maintaining public health and preventing the spread of infectious diseases Protect yourself and your loved ones, BE PROTECTED! 🛡 GET VACCINATED! 💉 ☑️ We use 100% Authentic Vaccines. ☑️ Affordable Prices. ☑️ Trained Vaccinator for Animal Bite Treatment. 🛡 We offer: 💉 Pre Exposure / Post Exposure Anti Rabies Vaccination. 💉 ERIG Infiltration (Passive Rabies Immunoglobulin) 💉 HRIG (Human Rabies Immune Globulin)  💉 Anti Tetanus 💉 Other vaccines Upon Request  🩹 Wound Dressing 💉 HPV Vaccine 💉 Measles / MMR / MMRV 💉 Typhoid / Varicella / Rotavirus 💉 Pneumonia Vaccine / Meningococcal 💉 Influenza (FLU) Vaccine 💉 TDAP / Polio Vaccine 💉  Hepa A and Hepa B Vaccine 💉  BCG / DPT /  PPD and many more! Rabies is 99.9% fatal but it is 100% preventable.  Magpabakuna na! Huwag baliwalain! #getvaccinatedtobeprotected  #IvaxMedicalSolutions  #ivaxanimalbitevaccinationcenter  IVAX Animal Bite and Vaccination Center-Bayambang  Ivax Bayambang",https://www.instagram.com/p/DGKvfgISjSR/,0,0,0,-1,NaN
664,kliniktangkubanperahu,2025-02-10T02:14:19.000Z,"Usia 28 thn, hamil pertama 5 bln pernikahan, loss hamil ke-2 sampai lahir 38w namun kelainan jantung berat, bbrp hr kemudian bayinya meninggal hamil ke-3, detak janin hilang di 12w. Keguguran berulang #recurrentpregnancyloss , faktor apa yg dicurigai? #thalassemiaminor istri (+) tapi suami (-) #rubella (-) selama hamil #toxoplasma (-) #spermaanalisa suami normal  Jujur, takut bgt waktu akan #programhamil lagi aplg kehilangan anak yg sudah sempat lahir dan dipeluk. Namun didukung oleh suami, 1 thn dr #keguguran yg ke-3 akhirnya pasangan ini maju ke #ivf dgn catatan pemeriksaan ulang yg lengkap sampai ke #karyotyping genetik suami istri.  . Dan di sinilah baru ketahuan bahwa terdapat kelainan kromosom 47,XXY #klinefeltersyndrome pada suami. Jadi, apa masih bisa hamil krn sedang ada beberapa kasus serupa di #kliniktangkubanperahu . Tentu bisa ya, namun sebaiknya dgn #ivf dan wajib #pgta utk menghindari keguguran berulang. . Wanita ini melakukan akupunktur sbg persiapan dgn dr @yolandateja agar setidaknya telur yg dipanen kualitasnya bagus utk membantu agak embrio yg didapat banyak, krn PGTA akan mengeliminasi cukup banyak. Akupunktur dilakukan rutin 3 bln sblm masuk ke IVF. Hasilnya ketika OPU dari 8 sel telur terbentuk 6 #blastocyst good yg dibiopsi utk PGTA.  . 2 mgg kmdn, hasil PGTA 1 euploid dan 4 low level mozaic yg masih transferable. Hanya 1 yg hasilnya mozaic berat & tdk bisa ditransfer. Sungguh di luar ekspektasi!  . Wanita ini melanjutkan #acupunctureassistedfet sampai ketebalan dinding rahim 10.2 triple line dan dilakukan transfer 1 blastosis good euploid. BHCG di angka 631.5 yg artinya positif hamil. Momen2 hamil mjd momen mendebarkan krn selalu loss dan masih terbayang trauma ketika lahir apa akan sehat sempurna? . Puji Tuhan, saat ini sdh lahir seorang putra yg sehat sempurna. Dlm kasus ini, periode menunggu hasil PGTA & hamil mjd lebih mendebarkan daripada 2ww menanti BHCG darah. . Semoga kasus di atas membawa inspirasi bagi yg pernah mengalami keguguran >2x. Have a blessed week!",https://www.instagram.com/p/DF4Al57BkeT/,0,0,32,-1,NaN
665,sabinvaccine,2025-02-12T17:06:10.000Z,"🔬 Different types of vaccines protect in different ways, making some more suitable for certain diseases, populations of people, and geographic regions.  🔹 Live-Attenuated vaccines use weakened germs to provide strong, long-lasting immune response. These require refrigeration, limiting use in some areas. Examples include #measles, #mumps, #rubella, #rotavirus, #YellowFever, and #chickenpox vaccines.  🔹 Messenger RNA (mRNA) vaccines use synthetic mRNA to make proteins that trigger an immune response. These are faster to manufacture and carry no risk of causing the disease because they do not contain a live virus. Examples include #COVID19 and #RSV vaccines.  🔹 Subunit, Recombinant, Polysaccharide, and Conjugate vaccines use specific parts of a pathogen, such as a carbohydrate, to produce a targeted immune response. These are safe for people with weakened immune systems. Examples include #HepatitisB, #HPV, #WhoopingCough, #PneumococcalDisease, #MeningococcalDisease, and #shingles vaccines.  More details at the link in our bio. #VaccinesWork",https://www.instagram.com/p/DF-wPbktLeZ/,0,0,3,-1,NaN
666,immunize.ca,2025-02-12T17:00:40.000Z,"For health care professionals | Pocket Guide for Immunizers: #Measles, #Mumps, and #Rubella Vaccination | https://immunize.ca/sites/default/files/Resource%20and%20Product%20Uploads%20(PDFs)/Products%20and%20Resources/Measles/Pocket%20Guide/mmr_pocketguide_web_e.pdf #VaccinesWork #GetImmunized #MMR",https://www.instagram.com/p/DF-vnEytkOa/,0,0,2,-1,NaN
667,unimed_hospital,2025-02-18T05:19:10.000Z,"👩‍🔬 TORCH шинжилгээ 🤰 Эхээс урагт дамжин халдварлах олон төрлийн халдварыг илрүүлдэг шинжилгээ бол TORCH-ын шинжилгээ🦠 юм. ✅ T – Токсоплазма ✅ O – Бусад (Тэмбүү, варицелла зостер вирус, ДОХ) ✅ R – Рубелла вирус ✅ C - Цитомегаловирус ✅ H – Херпес вирус зэрэг халдвар үүсгэгчид ордог. 🧪 Уг шинжилгээ нь эдгээр халдварт өвчний үүсгэгчдийг илрүүлэхдээ тэдгээрийн өвөрмөц молекулуудыг таньж илрүүлэн саармагжуулах зорилгоор хүний дархлааны системийн дүнд үүсдэг иммуноглобулин G (IgG) ба иммуноглобулин M (IgM) гэсэн хоёр эсрэгбиеийг тодорхойлох замаар халдварыг илрүүлдэг. 📍Иммуноглобулин G (IgG) нь архаг/хуучин халдварыг илэрхийлнэ. 📍Иммуноглобулин M (IgM) нь шинэ халдварыг илэрхийлнэ. Бидний хичээл зүтгэл #ТАНЫ_ГЭР_БҮЛД_АЗ_ЖАРГАЛ_БЭЛЭГЛЭНЭ. ❤️❤️❤️❤️❤️ ЦАГИЙН ХУВААРЬ: Даваа – Баасан 𝟎𝟖:𝟎𝟎 – 𝟏𝟕:𝟎𝟎 Бямба, Ням 𝟎𝟗:𝟎𝟎 – 𝟏𝟓:𝟎𝟎 ХАЯГ: БГД, 𝟑,𝟒 хороололд Эх Нялхсын баруун урд Билэг их дэлгүүрийн замын эсрэг талд УТАС: 𝟕𝟕𝟎𝟎-𝟎𝟎𝟎𝟎 #TORCH #Toxoplasmosis #cytomegalovirus #rubella #herpes #ojinmed #ojinmed_ivf_center #mild_stimulation #ivf #natural_cycle_ivf #kato_ladies_clinic #ivfmongolia #Жирэмсэн #pregnancy",https://www.instagram.com/p/DGM8GzWTI4f/,2,0,4,-1,NaN
668,aamsoneth3,2025-02-17T03:35:23.000Z,"#Vaccination | MR Vaccine is your child’s shield against #Measles and #Rubella.  Ensure both doses for a healthy future!",https://www.instagram.com/p/DGKLbxKy2qo/,0,0,0,-1,NaN
669,aquatreattherapy.id,2025-02-05T09:20:11.000Z,"Sebagai wanita kita harus menjaga kesehatan, salah satunya kesehatan rahim.  Untuk menjaga kesehatan rahim, disarankan untuk mengonsumsi makanan bergizi seperti buah-buahan, sayuran, biji-bijian, protein sehat, dan lemak sehat 🥑🍊🥗🥩🥛  #Aquatreattherapy #Aquatreattherapyindonesia #AQTI  #TORCH #TORCHdanSolusinya  #Tokso #Rubella #CMV #Herpes #Seminar #Tokso #Toxoplasmagondii #Sulithamil #Gagalhamil #Tipshamil #tipspasutri",https://www.instagram.com/p/DFr5WrXyY-2/,0,0,10,-1,NaN
670,dr_strus,2025-02-13T19:30:08.000Z,"🌹 Różyczka to wirusowa choroba zakaźna, która na pierwszy rzut oka może wydawać się niegroźna. Choroba ta rozwija się tylko u ludzi. Zwykle jej przebieg jest łagodny – z wysypką, gorączką i osłabieniem. Jednak dla kobiet w ciąży, szczególnie w pierwszym trymestrze, może stanowić poważne zagrożenie dla rozwijającego się dziecka.  🌹 Zakażenie różyczką w pierwszych 16 tygodniach ciąży może prowadzić do tzw. zespołu różyczki wrodzonej (CRS – congenital rubella syndrome). Zespół różyczki wrodzonej (CRS) przebiega z zaćmą, utratą słuchu, wadami serca i zaburzeniami ze strony ośrodkowego układu nerwowego.  🌹 Im wcześniej dojdzie do zakażenia, tym większe ryzyko poważnych powikłań dla dziecka.  🌹 Największe ryzyko wystąpienia CRS występuje w krajach, w których kobiety w wieku rozrodczym nie mają odporności na tę chorobę - ani w wyniku szczepienia, ani w wyniku przebytej różyczki.  🌹 Najlepszym sposobem ochrony jest szczepienie przeciw różyczce. Kobiety planujące ciążę, które nie mają odporności (nie były szczepione lub nie przechodziły różyczki), powinny zaszczepić się co najmniej 3 miesiące przed poczęciem. W ciąży szczepienie jest przeciwwskazane, dlatego ważna jest wcześniejsza profilaktyka!  🌹 Jak można zapobiec zakażeniu różyczką w ciąży? Najlepszym sposobem ochrony jest szczepienie przeciw różyczce. Kobiety planujące ciążę, które nie mają odporności (nie były szczepione lub nie przechodziły różyczki), powinny zaszczepić się co najmniej 3 miesiące przed poczęciem. W ciąży szczepienie jest przeciwwskazane, dlatego ważna jest wcześniejsza profilaktyka!  🌹 Pojedyncza dawka szczepionki w profilaktyce różyczki może zapewnić ochronę przed różyczką przez całe życie.  🌹 Co zrobić, jeśli kobieta w ciąży miała kontakt z różyczką? Jeśli ciężarna miała kontakt z osobą chorą na różyczkę, powinna jak najszybciej skonsultować się z lekarzem i wykonać badanie na obecność przeciwciał IgM i IgG.  #różyczka #choroba #infekcja #wirusowa #rubella #ciąża #poród #dlamamy #zdrowie #zdrowamama #rodzęw2025 #rodzę #ginekologia #położnictwo #profilaktyka #lekarz #medycyna #edu #edukacja #kobieta #dlakobiet #drstrus #rcm #rcmskawina #rcmniepołomice #małopolska #kraków",https://www.instagram.com/p/DGBlhL_OPY5/,8,0,168,-1,NaN
671,ivax_bayambang,2025-02-11T12:20:52.000Z,"What is MMR Vaccine? MMR vaccine is a vaccine against #measles , #mumps  and #rubella (German measles), abbreviated as MMR. The first dose is generally given to children around 9 months to 15 months of age, with a second dose at 15 months to 6 years of age, with at least four weeks between the doses. After two doses, 97% of people are protected against measles, 88% against mumps, and at least 97% against rubella. The vaccine is also recommended for those who do not have evidence of immunity, those with well-controlled HIV/AIDS, and within 72 hours of exposure to measles among those who are incompletely immunized. It is given by injection. LOOKING FOR MMR VACCINE?? Visit us today clinic hour 7am to 12midnight Located: Mangga St.Brgy,Bical Norte. Bayambang Pangasinan. IVAX Animal Bite and Vaccination Center-Bayambang Vaccines play a critical role in maintaining public health and preventing the spread of infectious diseases Protect yourself and your loved ones, BE PROTECTED! 🛡 GET VACCINATED! 💉 ☑️ We use 100% Authentic Vaccines. ☑️ Affordable Prices. ☑️ Trained Vaccinator for Animal Bite Treatment. 🛡 We offer: 💉 Pre Exposure / Post Exposure Anti Rabies Vaccination. 💉 ERIG Infiltration (Passive Rabies Immunoglobulin) 💉 HRIG (Human Rabies Immune Globulin)  💉 Anti Tetanus 💉 Other vaccines Upon Request  🩹 Wound Dressing 💉 HPV Vaccine 💉 Measles / MMR / MMRV 💉 Typhoid / Varicella / Rotavirus 💉 Pneumonia Vaccine / Meningococcal 💉 Influenza (FLU) Vaccine 💉 TDAP / Polio Vaccine 💉  Hepa A and Hepa B Vaccine 💉  BCG / DPT /  PPD and many more! Rabies is 99.9% fatal but it is 100% preventable.  Magpabakuna na! Huwag baliwalain! #getvaccinatedtobeprotected  #IvaxMedicalSolutions  #ivaxanimalbitevaccinationcenter  IVAX Animal Bite and Vaccination Center-Bayambang  Ivax Bayambang",https://www.instagram.com/p/DF7qzUwy3U6/,0,0,0,-1,NaN
672,klinikandaputraperdana,2025-02-21T07:33:35.000Z,"💉 Lindungi Anak Anda dengan Vaksin MMR  Vaksin MMR melindungi anak anda daripada Measles (Campak), Mumps (Beguk) dan Rubella. Ia penting untuk:  ✅ Cegah penyakit serius ✅ Perlindungan awal ✅ Jaga kesihatan komuniti  Lindungi masa depan anak anda hari ini! ❤  #klinikanda #klinikanda24jam #vaccination #immunization #MMRvaccine #mumps #rubella #measles",https://www.instagram.com/p/DGU53_BzfU7/,2,0,0,-1,NaN
673,thisasiandad,2025-02-05T02:41:32.000Z,"Centers for Disease Control and Prevention (CDC). (2024). Health and Economic Benefits of Routine Childhood Immunizations in the Era of the Vaccines for Children Program — United States, 1994–2023. Morbidity and Mortality Weekly Report, 73(31), 1017–1022.  #diptheria #tetanus #pertussis #polio #measles #mumps #rubella #varicella #cdc #publichealth #rotavirus #hepatitis #preventivemedicine",https://www.instagram.com/p/DFrLu4Ev9tC/,0,0,3,-1,NaN
674,ivax_bayambang,2025-02-10T03:49:11.000Z,"What is MMR Vaccine? MMR vaccine is a vaccine against #measles , #mumps  and #rubella (German measles), abbreviated as MMR. The first dose is generally given to children around 9 months to 15 months of age, with a second dose at 15 months to 6 years of age, with at least four weeks between the doses. After two doses, 97% of people are protected against measles, 88% against mumps, and at least 97% against rubella. The vaccine is also recommended for those who do not have evidence of immunity, those with well-controlled HIV/AIDS, and within 72 hours of exposure to measles among those who are incompletely immunized. It is given by injection. LOOKING FOR MMR VACCINE?? Visit us today clinic hour 7am to 12midnight Located: Mangga St.Brgy,Bical Norte. Bayambang Pangasinan. IVAX Animal Bite and Vaccination Center-Bayambang Vaccines play a critical role in maintaining public health and preventing the spread of infectious diseases Protect yourself and your loved ones, BE PROTECTED! 🛡 GET VACCINATED! 💉 ☑️ We use 100% Authentic Vaccines. ☑️ Affordable Prices. ☑️ Trained Vaccinator for Animal Bite Treatment. 🛡 We offer: 💉 Pre Exposure / Post Exposure Anti Rabies Vaccination. 💉 ERIG Infiltration (Passive Rabies Immunoglobulin) 💉 HRIG (Human Rabies Immune Globulin)  💉 Anti Tetanus 💉 Other vaccines Upon Request  🩹 Wound Dressing 💉 HPV Vaccine 💉 Measles / MMR / MMRV 💉 Typhoid / Varicella / Rotavirus 💉 Pneumonia Vaccine / Meningococcal 💉 Influenza (FLU) Vaccine 💉 TDAP / Polio Vaccine 💉  Hepa A and Hepa B Vaccine 💉  BCG / DPT /  PPD and many more! Rabies is 99.9% fatal but it is 100% preventable.  Magpabakuna na! Huwag baliwalain! #getvaccinatedtobeprotected  #IvaxMedicalSolutions  #ivaxanimalbitevaccinationcenter  IVAX Animal Bite and Vaccination Center-Bayambang  Ivax Bayambang",https://www.instagram.com/p/DF4Lcv1yZjR/,0,0,0,-1,NaN
675,aquatreattherapy.id,2025-02-09T12:18:13.000Z,"Yuk kita menerapkan hidup sehat dengan makan makanan yang sehat, rutin berolahraga dan jangan lupa minum vitamin untuk menghindari masalah pada rahim 😉✨  #Aquatreattherapy #Aquatreattherapyindonesia #AQTI  #TORCH #TORCHdanSolusinya  #Tokso #Rubella #CMV #Herpes #Seminar #Tokso #Toxoplasmagondii #Sulithamil #Gagalhamil #Tipshamil #tipspasutri",https://www.instagram.com/p/DF2g6HuytPS/,0,0,9,-1,NaN
676,dr.sandhyanagargoje,2025-02-15T04:30:07.000Z,"TORCH Test – Essential for a Healthy Pregnancy! 🩸  The TORCH Test is a vital screening test for detecting infections that can affect pregnancy and newborn health. Early detection helps in timely treatment and prevention of complications.  What is the TORCH Test? The test screens for a group of infections: ✅ T – Toxoplasmosis ✅ O – Other infections ✅ R – Rubella ✅ C – Cytomegalovirus (CMV) ✅ H – Herpes Simplex Virus (HSV)  💰 MRP: ₹2500  📍 Where to Get Tested? 🔬 Nagargoje Pathology Lab 🏢 Shop No.1, Devki Tower, Kalpade Jin, Shegaon, Maharashtra 444203 📞 Contact us: +91 91726 42630  Protect your health & your baby’s future—Book your TORCH Test today! 🏥💙  #TORCHTest #PregnancyCare #InfectionScreening #Toxoplasmosis #Rubella #CMV #HerpesSimplexVirus #NagargojePathologyLab #ShegaonHealthcare #BloodTest #StayHealthy #PathologyLab #DiagnosticCare #PrenatalHealth  👉 Early detection saves lives—Get tested today",https://www.instagram.com/p/DGFIG9fM3re/,0,0,0,-1,NaN
677,puskesmas.temanggung,2025-02-08T11:01:11.000Z,"Hallo Teman Sehat Temanggung...  Kegiatan kali ini, Tim Puskesmas Temanggung bersama dengan Tim dari Dinas Kesehatan Kabupaten Temanggung melakukan Penyelidikan Epidemiologi serta tindak lanjut kasus Rubella di Kelurahan Manding.  Rubella itu sendiri adalah penyakit infeksi yang disebabkan oleh virus rubella. Disebut juga sebagai Campak Jerman, penyakit ini mempengaruhi kulit dan kelenjar getah bening. Meski pada umumnya bersifat ringan dan sering terjadi pada anak-anak, rubella dapat menyebabkan komplikasi serius jika menyerang wanita hamil.  Jadi karena ini infeksi virus, Teman Sehat Temanggung sekalian tetap jaga imunitasnya ya dengan makan makanan yang bergizi serta rutin melakukan aktifitas fisik (olahraga)  Salam Sehat...  #dinkestemanggung #puskesmastemanggung #pemkabtemanggung #rubella",https://www.instagram.com/p/DFzzTJGTcHe/,0,0,13,-1,NaN
678,aquatreattherapy.id,2025-02-16T03:01:14.000Z,"Buah yang penuh kontroversial karna ada yang sangat menyukainya dan ada juga yang sangat menghindarinya, yaitu Durian.  Kamu tim suka atau ga suka nih? 🤔  #Aquatreattherapy #Aquatreattherapyindonesia #AQTI  #TORCH #TORCHdanSolusinya  #Tokso #Rubella #CMV #Herpes #Seminar #Tokso #Toxoplasmagondii #Sulithamil #Gagalhamil #Tipshamil #Tipspasutri #buahdurian",https://www.instagram.com/p/DGHiu3myX_g/,0,0,6,-1,NaN
679,indian_patel9,2025-02-16T15:42:06.000Z,"#vaccine #india #health  #measles #rubella #indiahealthcare",https://www.instagram.com/p/DGI5zmvIP58/,0,0,2,-1,NaN
680,swachclinics,2025-02-08T07:51:52.000Z,"👶👧Children are more likely to get sick😞 because their immune systems are still developing and they are exposed to more germs at school and daycare or playing areas. 🌺some common  diseases. ▶️ Sore Throat.🗣 ▶️ Ear Pain. 👂 ▶️ Urinary Tract Infection. 😱 ▶️ Skin Infection. 🦠 ▶️ Cough.😫 ▶️ Pain. 😖 ▶️ Common Cold.🤧 If you suspect your child has a common childhood illness, you should consult a health care provider for specific advice. Dr. Mounika. M   M.B.B.S MD PEDIATRICS,FPN (FELLOWSHIP IN PEDIATRICS NEPHROLOGY) For More Details Reach us: 🍀Swach Clinics 🏥Location : Unit No.4 D, Ground Floor Vasavi MPM Grand Beside Ameerpet Metro Station Yellareddyguda  Hyderabad Pin Code-500073 ☎ Book an appointment Now : 9573096218 🕒Clinic Timings :6 PM TO 9 PM   Sunday : 10am to 1pm #PediatricDiseases #ChildhoodIllnesses #KidsHealth #SickKids #FluSeason #RSV #CommonCold #Bronchiolitis #WhoopingCough #CroupCough #AsthmaAwareness #PediatricPneumonia #HandFootMouth #Chickenpox #Measles #StrepThroat #Viral  #Mumps #Impetigo #VaccinateKids #ChildhoodVaccines #Rubella #Trending #ScarletFever #MonoInKids #StomachFlu #PediatricDiarrhea  #PediatricCare  #SkinConditions #RingwormKids",https://www.instagram.com/p/DFzdobSP-rp/,0,0,4,-1,NaN
681,satyanitaenglish,2025-02-16T06:49:01.000Z,"#Vaccination | MR Vaccine is your child’s shield against #Measles and #Rubella. Ensure both doses for a healthy future!   #healthforall #health",https://www.instagram.com/p/DGH8zKdz-v2/,0,0,3,-1,NaN
682,lasciencedabord,2025-02-03T17:00:56.000Z,"Le 30 janvier, lors de son audition, Robert F. Kennedy Jr. a été interrogé sur une déclaration qu'il avait faite en 2021: « Nous ne devrions pas administrer aux personnes noires les mêmes vaccins qu'aux personnes blanches, car leur système immunitaire est meilleur que le nôtre » (1,2). Mais est-ce vrai ?  Pas si l'on en croit l'étude à laquelle il se référait. Une étude de 2014 sur les réponses immunitaires au vaccin contre la rubéole en fonction de l’origine ethnique, du sexe et de la génétique a révélé qu'en moyenne, les personnes d'origine africaine présentaient des taux d'anticorps plus élevés après la vaccination contre la rubéole que les personnes d'origine européenne ou hispanique (3). Mais qu'est-ce que cela signifie ? 👇  Il s'agit d'une étude génératrice d'hypothèses, qui explore les relations possibles afin d'orienter les recherches futures - elle n'établit pas de relation de cause à effet. D’autres études sont nécessaires pour tester ces hypothèses avant de tirer des conclusions. Insinuer que les résultats d'une étude génératrice d'hypothèses sont définitifs est trompeur.   (2,4,5).  Par ailleurs, l'étude n'a jamais cherché à savoir si la différence se traduisait par une meilleure protection contre l'infection ou si les taux d'anticorps plus élevés étaient même dus à la vaccination. L'étude n'a jamais non plus suggéré de modifier les recommandations actuelles en matière de vaccination en fonction de l’origine ethnique (2,3).  Tout ce que fait cet article, c'est mettre en évidence la variabilité naturelle des réponses immunitaires, ce qui a déjà été observé avec d'autres vaccins – parfois favorisant une population, d’autre fois une autre (3,6-11).  Ces affirmations sont non seulement trompeuses mais aussi stigmatisantes. Les communautés défavorisées sont déjà confrontées à des obstacles en matière de soins de santé et restent sous-vaccinées (12-16). Des études à grande échelle ont montré à plusieurs reprises les avantages de la vaccination (17-24), mais des informations erronées comme celles-ci risquent d'aggraver les disparités existantes en santé.  Sources : tinyurl.com/SUFRFKSenate  #ScienceUpFirst #LaSciencedAbord #EnsembleContreLaDésinformation",https://www.instagram.com/p/DFnkfX3tGsK/,3,0,43,-1,NaN
683,ivax_bayambang,2025-01-30T11:08:42.000Z,"What is MMR Vaccine? MMR vaccine is a vaccine against #measles , #mumps  and #rubella (German measles), abbreviated as MMR. The first dose is generally given to children around 9 months to 15 months of age, with a second dose at 15 months to 6 years of age, with at least four weeks between the doses. After two doses, 97% of people are protected against measles, 88% against mumps, and at least 97% against rubella. The vaccine is also recommended for those who do not have evidence of immunity, those with well-controlled HIV/AIDS, and within 72 hours of exposure to measles among those who are incompletely immunized. It is given by injection. LOOKING FOR MMR VACCINE?? Visit us today clinic hour 7am to 12midnight Located: Mangga St.Brgy,Bical Norte. Bayambang Pangasinan. IVAX Animal Bite and Vaccination Center-Bayambang Vaccines play a critical role in maintaining public health and preventing the spread of infectious diseases Protect yourself and your loved ones, BE PROTECTED! 🛡 GET VACCINATED! 💉 ☑️ We use 100% Authentic Vaccines. ☑️ Affordable Prices. ☑️ Trained Vaccinator for Animal Bite Treatment. 🛡 We offer: 💉 Pre Exposure / Post Exposure Anti Rabies Vaccination. 💉 ERIG Infiltration (Passive Rabies Immunoglobulin) 💉 HRIG (Human Rabies Immune Globulin)  💉 Anti Tetanus 💉 Other vaccines Upon Request  🩹 Wound Dressing 💉 HPV Vaccine 💉 Measles / MMR / MMRV 💉 Typhoid / Varicella / Rotavirus 💉 Pneumonia Vaccine / Meningococcal 💉 Influenza (FLU) Vaccine 💉 TDAP / Polio Vaccine 💉  Hepa A and Hepa B Vaccine 💉  BCG / DPT /  PPD and many more! Rabies is 99.9% fatal but it is 100% preventable.  Magpabakuna na! Huwag baliwalain! #getvaccinatedtobeprotected  #IvaxMedicalSolutions  #ivaxanimalbitevaccinationcenter  IVAX Animal Bite and Vaccination Center-Bayambang  Ivax Bayambang",https://www.instagram.com/p/DFcpASlyGYQ/,0,0,0,-1,NaN
684,bjp4andhra,2025-01-27T04:10:14.000Z,"అంటువ్యాధులను అరికట్టి భారత్ ని ఆరోగ్యవంతంగా తీర్చిదిద్దేందుకు ఎనలేని కృషి చేస్తున్న @narendramodi ప్రభుత్వం!  #PMModi #Measles #Rubella #Vaccination",https://www.instagram.com/p/DFUKursyEYc/,4,0,36,-1,NaN
685,ivax_bayambang,2025-01-26T01:26:16.000Z,"What is MMR Vaccine? MMR vaccine is a vaccine against #measles , #mumps  and #rubella (German measles), abbreviated as MMR. The first dose is generally given to children around 9 months to 15 months of age, with a second dose at 15 months to 6 years of age, with at least four weeks between the doses. After two doses, 97% of people are protected against measles, 88% against mumps, and at least 97% against rubella. The vaccine is also recommended for those who do not have evidence of immunity, those with well-controlled HIV/AIDS, and within 72 hours of exposure to measles among those who are incompletely immunized. It is given by injection. LOOKING FOR MMR VACCINE?? Visit us today clinic hour 7am to 12midnight Located: Mangga St.Brgy,Bical Norte. Bayambang Pangasinan. IVAX Animal Bite and Vaccination Center-Bayambang Vaccines play a critical role in maintaining public health and preventing the spread of infectious diseases Protect yourself and your loved ones, BE PROTECTED! 🛡 GET VACCINATED! 💉 ☑️ We use 100% Authentic Vaccines. ☑️ Affordable Prices. ☑️ Trained Vaccinator for Animal Bite Treatment. 🛡 We offer: 💉 Pre Exposure / Post Exposure Anti Rabies Vaccination. 💉 ERIG Infiltration (Passive Rabies Immunoglobulin) 💉 HRIG (Human Rabies Immune Globulin)  💉 Anti Tetanus 💉 Other vaccines Upon Request  🩹 Wound Dressing 💉 HPV Vaccine 💉 Measles / MMR / MMRV 💉 Typhoid / Varicella / Rotavirus 💉 Pneumonia Vaccine / Meningococcal 💉 Influenza (FLU) Vaccine 💉 TDAP / Polio Vaccine 💉  Hepa A and Hepa B Vaccine 💉  BCG / DPT /  PPD and many more! Rabies is 99.9% fatal but it is 100% preventable.  Magpabakuna na! Huwag baliwalain! #getvaccinatedtobeprotected  #IvaxMedicalSolutions  #ivaxanimalbitevaccinationcenter  IVAX Animal Bite and Vaccination Center-Bayambang  Ivax Bayambang",https://www.instagram.com/p/DFRTK6tSsH7/,0,0,0,-1,NaN
686,districtadministrationpatna,2025-01-28T02:17:10.000Z,"जिलाधिकारी, पटना की अध्यक्षता में डिस्ट्रिक्ट टास्क फोर्स की बैठक में खसरा-रूबैला उन्मूलन अभियान, जीरो डोज इम्प्लीमेंटेशन प्लैन, नियमित टीकाकरण उन्मुखीकरण कार्यान्वयन एवं वैक्सीन प्रीवेंटेबल डिजीज (वीपीडी) सर्विलांस की समीक्षा की गई। Zero Dose बच्चों की सूची तैयार कर टीकाकरण सुनिश्चित करने, सभी प्रखण्डों एवं शहरी क्षेत्रों में 31 जनवरी, 2025 तक HCS (Headcount Survey) पूरा करने तथा नियमित टीकाकरण हेतु सभी प्रखण्डों में ब्लॉक टास्क फोर्स की बैठक आयोजित करने का निर्देश दिया गया। #Measles #Rubella #Immunization #ZeroDose #ZeroDoseImplementationPlan #RoutineImmunization #VPD @cmobihar @unicefindia @unicef  @iprdbihar  @minstry_of_health  @statehealthsociety_bihar  @biharhealthdepartment  @mib_india  @pibindia  @boc_mib @cbc_patna",https://www.instagram.com/p/DFWilfJz6eh/,0,0,5,-1,NaN
687,rosacheney,2025-01-31T11:01:20.000Z,"#tulipani🌷 #rubella photographed by the talented @britt.willoughby.photography I just made it to her stunning exhibition @thyme.england on Wednesday evening to see the exhibition and am very pleased with the catalogue #absorbedbythebeauty to remember the exhibition",https://www.instagram.com/p/DFfM9I-I62i/,6,0,35,-1,NaN
688,cudogrodek,2025-01-29T10:28:15.000Z,"Skimmia rubella męska i skimmia veitchii żeńska. #skimmia #kwiatyzimowąporą #kwiatyzimozielone #czerwień #rubella #veitchii #skimmiajaponica #skimmiajaponicarubella   Zimową porą w ogrodzie może być również kolorowo a to dzięki skimmi japonica. Skimmia rubella to odmiana męska, natomiast skimmia veitchii to odmiana żeńska.Odmiana veitchii potrzebuje osobnika męskiego,aby zawiązać owoce.Owoce są trujące,ale pięknie zdobią krzew zimą.Roslina jest mrozoodporna do okolo -18 stopni.Gleba w której czuje się najlepiej to gleba kwaśna ,zasobna w próchnicę i przepuszczalna.Stanowisko w jakim czuje się najlepiej to cień lub półcień.Nie lubi zastoju wody szczególnie zimą.Ale dobrze żeby gleba była wilgotna.Nie wymaga  przycinania. A Wy macie już ja w swoich ogrodach?",https://www.instagram.com/p/DFZ_lGqNZem/,0,0,4,-1,NaN
689,gautenghealth,2025-01-24T06:28:05.000Z,"Ente ke tsela e molemohali ea ho thibela Rubella. E bolokehile ebile e sebetsa haholo. #AsibeHealthyGP #Rubella #VaccinesSaveLives",https://www.instagram.com/p/DFMsHuztP8n/,0,0,0,-1,NaN
690,dreluri,2025-01-27T07:24:31.000Z,"అంటువ్యాధులను అరికట్టి భారత్ ని ఆరోగ్యవంతంగా తీర్చిదిద్దేందుకు ఎనలేని కృషి చేస్తున్న  @narendramodi ప్రభుత్వం! #PMModi #Measles #Rubella",https://www.instagram.com/p/DFUg9rNubEr/,0,0,0,-1,NaN
691,aquatreattherapy.id,2025-01-31T02:50:37.000Z,"Secara keseluruhan, rahim adalah organ vital yang mendukung keberlangsungan hidup manusia dengan kemampuannya dalam reproduksi dan memastikan kelangsungan generasi berikutnya ✨  #Aquatreattherapy #Aquatreattherapyindonesia #AQTI  #TORCH #TORCHdanSolusinya  #Tokso #Rubella #CMV #Herpes #Seminar #Tokso #Toxoplasmagondii #Sulithamil #Gagalhamil #Tipshamil #Tipspasutri",https://www.instagram.com/p/DFeUzFIyzCs/,0,0,5,-1,NaN
692,bjp4andhra,2025-01-27T04:10:05.000Z,"అంటువ్యాధులను అరికట్టి భారత్ ని ఆరోగ్యవంతంగా తీర్చిదిద్దేందుకు ఎనలేని కృషి చేస్తున్న @narendramodi ప్రభుత్వం!  #PMModi #Measles #Rubella #Vaccination",https://www.instagram.com/p/DFUKtk9y78r/,5,0,81,-1,NaN
693,aquatreattherapy.id,2025-01-27T03:32:31.000Z,"Dalam peringatan Isra’ Mi’raj, mari kita tingkatkan kualitas ibadah dan keimanan kita. Semoga perjalanan spiritual Nabi Muhammad SAW menjadi teladan dalam hidup kita 🤲🏻✨  #IsraMi’raj #PeringatanIsraMi’raj #Aquatreattherapy #Aquatreattherapyindonesia #AQTI  #TORCH #TORCHdanSolusinya  #Tokso #Rubella #CMV #Herpes #Seminar #Tokso #Toxoplasmagondii #Sulithamil #Gagalhamil #Tipshamil #Tipspasutri",https://www.instagram.com/p/DFUGaZpyyUu/,0,0,8,-1,NaN
694,raaonline_medinfopedia,2025-01-29T10:29:24.000Z,"Lecture Update in Pediatrics - Rubella by Dr. Abinaya on the RAAONLINE App.  For more Details Contact: +91-9994994266  #Raaonline #students #videolectures #pastexampapers #medical #medicalstudent #examprep #pediatrics  #pediatricexam #pediatricpulse #pediatricspecialists #pediatricstudents #FutureDoctors #MedicalStudents  #nelsonbasedteaching #infectiousdiseases #rubella",https://www.instagram.com/p/DFZ_tlrPR46/,0,0,9,-1,NaN
695,aquatreattherapy.id,2025-01-26T05:53:57.000Z,"MasyaAllah testimoni dari Ibu Anita yang pernah mengalami 3 kali keguguran, Alhamdulillah berhasil mendapatkan buah hati dengan ikhtiar bersama Aquatreat Therapy Cabang Lampung.  #Aquatreattherapy #Aquatreattherapyindonesia #AQTI  #TORCH #TORCHdanSolusinya  #Tokso #Rubella #CMV #Herpes #Seminar #Tokso #Toxoplasmagondii #Sulithamil #Gagalhamil #Tipshamil #tipspasutri",https://www.instagram.com/p/DFRxzakydm6/,2,0,8,-1,NaN
696,gautenghealth,2025-01-24T07:54:51.000Z,"Ukugoma kuyindlela engcono kakhulu yokuvimbela i-Rubella, uphephile futhi usebenza kahle kakhulu.   #AsibeHealthyGP #Rubella #VaccinesSaveLives",https://www.instagram.com/p/DFM2DOAt7u7/,0,0,1,-1,NaN
697,bjppathuri,2025-01-27T10:29:07.000Z,"అంటువ్యాధులను అరికట్టి భారత్ ని ఆరోగ్యవంతంగా తీర్చిదిద్దేందుకు ఎనలేని కృషి చేస్తున్న  @narendramodi ప్రభుత్వం! #PMModi #Measles #Rubella",https://www.instagram.com/p/DFU2FuOgDI_/,0,0,0,-1,NaN
698,researcher.salayna,2025-02-01T12:00:10.000Z,"🦠 Check with your healthcare provider to ensure you’re up to date on your vaccines before getting pregnant! Comment a 💉 if you learned something new! 👶🍼💖  What other questions do you have? Comment or DM me if you have any ideas for posts or topics you’d like to learn about pregnancy or women’s health. 💕🤰🌸 #womenshealthcare #womensupportingwomen #VaccinesSaveLives #womenshealth #vaccines #pregnancy #pregnant_world #pregnancyannouncement #PregnancyJourney #pregnancylife #vaccination #vaccination #VaccinesWork #VaccinatedAndLoved #momtobe2025 #momhumor #momtobe #girlmom #boymom #girldadforlife #boydad #rubella #chickenpoxjourney #miscarriageawareness #BirthDefectsAwarenessMonth #birthday #trimester1 #trimester2 #trimester3 #trimester",https://www.instagram.com/p/DFh4e87p33I/,3,0,26,-1,NaN
699,rutgershsl,2025-01-31T15:22:35.000Z,"This National Library of Medicine Traveling Exhibition is now featured at the George F. Smith Library of the Health Sciences. As the rubella epidemic raged in 1964, 20,000 children were born with serious heart, hearing, and vision problems related to rubella exposure during pregnancy. While the nation’s scientists rushed to create a vaccine and develop better screening tests, families faced difficult decisions about current and future pregnancies. Rashes to Research: Scientists and Parents Confront the 1964 Rubella Epidemic highlights the work of researchers and parents to respond to rubella in the years before an effective vaccine nearly eliminated the disease from the United States. #RutgersLibraries #vaccines #rutgers #VaccinesSaveLives #rubella @nlm_collections",https://www.instagram.com/p/DFfq2otJPhI/,0,0,10,-1,NaN
700,thisasiandad,2025-01-31T04:52:15.000Z,"Questions? Call 1-800-CDC-INFO.  #measles #mumps #rubella #polio #COVID #influenza #vaccine #vaccines",https://www.instagram.com/p/DFeit9txVZL/,0,0,2,-1,NaN
701,vaccine.choice.canada,2025-01-27T21:00:21.000Z,"Prelicensure clinical trials for vaccines, including the MMR shot, are “relatively small and usually last no longer than a few years,” according to the Centers for Disease Control and Prevention’s (CDC) 2024 “Manual for the Surveillance of Vaccine-Preventable Diseases.”  Dr. Shira Miller explained that the MMR vaccine clinical trials didn’t include enough subjects to be able to prove that the risk of permanent disability or death from the vaccine is less than the risk of permanent disability or death from measles, mumps or rubella.  No safety studies on the MMR vaccine have been done that looked for possible genetic mutations, impaired fertility or cancer, according to the product’s package insert.  Also, seizures from the MMR vaccine occur five times more often than measles-related seizures.  Read the full article:  https://childrenshealthdefense.org/defender/measles-mumps-rubella-infection-mmr-vaccine-risk/  #childrenshealth #MMR #MMRshot #measles #mumps #rubella #measlesawareness #childhooddisease #CDC #disabilityawareness #permanentdisability",https://www.instagram.com/p/DFV-U7UC2VL/,20,0,550,-1,NaN
702,kvrbjp,2025-01-27T06:59:39.000Z,"అంటువ్యాధులను అరికట్టి భారత్ ని ఆరోగ్యవంతంగా తీర్చిదిద్దేందుకు ఎనలేని కృషి చేస్తున్న @narendramodi ప్రభుత్వం!  #PMModi #Measles #Rubella #Vaccination",https://www.instagram.com/p/DFUeHeqMNZL/,1,0,18,-1,NaN
703,ivax_bayambang,2025-01-29T11:48:29.000Z,"What is MMR Vaccine? MMR vaccine is a vaccine against #measles , #mumps  and #rubella (German measles), abbreviated as MMR. The first dose is generally given to children around 9 months to 15 months of age, with a second dose at 15 months to 6 years of age, with at least four weeks between the doses. After two doses, 97% of people are protected against measles, 88% against mumps, and at least 97% against rubella. The vaccine is also recommended for those who do not have evidence of immunity, those with well-controlled HIV/AIDS, and within 72 hours of exposure to measles among those who are incompletely immunized. It is given by injection. LOOKING FOR MMR VACCINE?? Visit us today clinic hour 7am to 12midnight Located: Mangga St.Brgy,Bical Norte. Bayambang Pangasinan. IVAX Animal Bite and Vaccination Center-Bayambang Vaccines play a critical role in maintaining public health and preventing the spread of infectious diseases Protect yourself and your loved ones, BE PROTECTED! 🛡 GET VACCINATED! 💉 ☑️ We use 100% Authentic Vaccines. ☑️ Affordable Prices. ☑️ Trained Vaccinator for Animal Bite Treatment. 🛡 We offer: 💉 Pre Exposure / Post Exposure Anti Rabies Vaccination. 💉 ERIG Infiltration (Passive Rabies Immunoglobulin) 💉 HRIG (Human Rabies Immune Globulin)  💉 Anti Tetanus 💉 Other vaccines Upon Request  🩹 Wound Dressing 💉 HPV Vaccine 💉 Measles / MMR / MMRV 💉 Typhoid / Varicella / Rotavirus 💉 Pneumonia Vaccine / Meningococcal 💉 Influenza (FLU) Vaccine 💉 TDAP / Polio Vaccine 💉  Hepa A and Hepa B Vaccine 💉  BCG / DPT /  PPD and many more! Rabies is 99.9% fatal but it is 100% preventable.  Magpabakuna na! Huwag baliwalain! #getvaccinatedtobeprotected  #IvaxMedicalSolutions  #ivaxanimalbitevaccinationcenter  IVAX Animal Bite and Vaccination Center-Bayambang  Ivax Bayambang",https://www.instagram.com/p/DFaIwzhypps/,0,0,0,-1,NaN
704,tchdwi,2025-01-24T13:00:22.000Z,"Get protected against measles, mumps, and rubella! We have the MMR vaccine available at the Taylor County Health Department. To make an appointment or find out if you are up to date on your MMR vaccine, give us a call at 715-748-1410 to make an appointment.   We accept insurance, AND have financial assistance options available if you do not have insurance.  #measles #mumps #rubella #MMRVaccine #GetProtected",https://www.instagram.com/p/DFNZA08O_Tt/,0,0,0,-1,NaN
705,ifa.org.au,2025-01-27T23:00:13.000Z,"#Rubella is a highly contagious viral infection, not the kind of ""viral"" you want in your ""for you"" page.  Rubella can lead to:  • rash  • fever  • joint pain  • swollen lymph glands  Vaccination is the best way to protect everyone from a rubella infection.  Consult your child's healthcare provider and learn more from our resources here: https://www.ifa.org.au/resources",https://www.instagram.com/p/DFWMC67tsrv/,0,0,1,-1,NaN
706,scienceupfirst,2025-02-03T16:00:58.000Z,"On January 30, during his nomination hearing, Robert F. Kennedy Jr. was asked about a claim he made in 2021. The claim was that “We should not be giving Black people the same vaccine schedule that’s given to whites, because their immune system is better than ours” (1,2). But is this true?   Not according to the very same study he was referencing. A 2014 study on immune responses to the rubella vaccine based on race, sex, and genetics found that, on average, individuals of African descent had higher neutralizing antibody levels after rubella vaccination compared to individuals of European descent or Hispanic ethnicity (3). But what does this actually mean? 👇  First, this is a hypothesis-generating study, which explores patterns and relationships to guide future research – it doesn’t establish cause-and-effect. Larger confirmatory studies are needed to rigorously test these hypotheses before drawing conclusions. Treating findings from hypothesis-generating studies as definitive is misleading (2,4,5).   Secondly, the study never looked into whether the difference resulted in better protection against infection or if the higher antibody levels were even due to vaccination. The study also never suggested changing current vaccine recommendations according to race (2,3).   All this paper does is further highlight the natural variability in immune responses, which have been observed with other vaccines – at times being stronger in one population and at other times in another (3,6-11).   Beyond being misleading, claims like this are harmful. Equity-deserving communities already face barriers to healthcare, and remain under-vaccinated (12-16). Large-scale studies have repeatedly shown the benefits of routine vaccination (17-24), yet misinformation like this risks widening existing health disparities.  Sources: tinyurl.com/SUFRFKSenate  #ScienceUpFirst #LaSciencedAbord #TogetherAgainstMisinformation",https://www.instagram.com/p/DFndoHPtzf0/,4,0,357,-1,NaN
707,immunize.ca,2025-01-24T23:00:31.000Z,"Informative factsheet from Immunize Canada | #Rubella: What you need to know | https://immunize.ca/sites/default/files/Resource%20and%20Product%20Uploads%20(PDFs)/Products%20and%20Resources/Rubella/rubella_factsheet_web_e.pdf #GetImmunized #VaccinesWork",https://www.instagram.com/p/DFOdsCzx8_1/,0,0,0,-1,NaN
708,ivax_bayambang,2025-01-24T07:27:38.000Z,"What is MMR Vaccine? MMR vaccine is a vaccine against #measles , #mumps  and #rubella (German measles), abbreviated as MMR. The first dose is generally given to children around 9 months to 15 months of age, with a second dose at 15 months to 6 years of age, with at least four weeks between the doses. After two doses, 97% of people are protected against measles, 88% against mumps, and at least 97% against rubella. The vaccine is also recommended for those who do not have evidence of immunity, those with well-controlled HIV/AIDS, and within 72 hours of exposure to measles among those who are incompletely immunized. It is given by injection. LOOKING FOR MMR VACCINE?? Visit us today clinic hour 7am to 12midnight Located: Mangga St.Brgy,Bical Norte. Bayambang Pangasinan. IVAX Animal Bite and Vaccination Center-Bayambang Vaccines play a critical role in maintaining public health and preventing the spread of infectious diseases Protect yourself and your loved ones, BE PROTECTED! 🛡 GET VACCINATED! 💉 ☑️ We use 100% Authentic Vaccines. ☑️ Affordable Prices. ☑️ Trained Vaccinator for Animal Bite Treatment. 🛡 We offer: 💉 Pre Exposure / Post Exposure Anti Rabies Vaccination. 💉 ERIG Infiltration (Passive Rabies Immunoglobulin) 💉 HRIG (Human Rabies Immune Globulin)  💉 Anti Tetanus 💉 Other vaccines Upon Request  🩹 Wound Dressing 💉 HPV Vaccine 💉 Measles / MMR / MMRV 💉 Typhoid / Varicella / Rotavirus 💉 Pneumonia Vaccine / Meningococcal 💉 Influenza (FLU) Vaccine 💉 TDAP / Polio Vaccine 💉  Hepa A and Hepa B Vaccine 💉  BCG / DPT /  PPD and many more! Rabies is 99.9% fatal but it is 100% preventable.  Magpabakuna na! Huwag baliwalain! #getvaccinatedtobeprotected  #IvaxMedicalSolutions  #ivaxanimalbitevaccinationcenter  IVAX Animal Bite and Vaccination Center-Bayambang  Ivax Bayambang",https://www.instagram.com/p/DFMy776SiZ0/,0,0,0,-1,NaN
709,whonepal,2025-01-22T09:47:46.000Z,"📸 from the workshop held to review the subnational progress toward Nepal’s 🇳🇵 goal of achieving #measles and #rubella (MR) elimination by 2026, where over 6️⃣5️⃣ health professionals analyzed measles immunization and surveillance data and received updates on global and regional elimination strategies.   👏 The comprehensive review resulted in practical recommendations to address gaps, enabled participants to clearly define responsibilities for each tier of government and develop targeted provincial action plans to eliminate measles and rubella in Nepal  The two-day workshop was organized by the MoHP and @WHO Country Office for #Nepal.",https://www.instagram.com/p/DFH5Yc4yJeB/,0,0,35,-1,NaN
710,aquatreattherapy.id,2025-01-11T13:01:38.000Z,"MasyaAllah.. Bu Viva salah satu pasien Aquatreat Cabang Madiun yang sudah berhasil mendapatkan anak yang sehat. Semoga keluarga Bu Viva dan Bapak Sukoco selalu diberikan keberkahan dan kesehatan, Aamiin..  #Aquatreattherapy #Aquatreattherapyindonesia #AQTI  #TORCH #TORCHdanSolusinya  #Tokso #Rubella #CMV #Herpes #Seminar #Tokso #Toxoplasmagondii #Sulithamil #Gagalhamil #Tipshamil #tipspasutriharmonis",https://www.instagram.com/p/DEr602VS5R5/,0,0,13,-1,NaN
711,cmi_communications,2025-01-12T23:10:08.000Z,"★ Just published:  #Communicable episode on #polio and #rubella management. Angela Huttner sits down with two experts Bernard Hirschel (Geneva) & Kerrigan McCarthy (Johannesburg) who share their clinical experience for a world with #vaccines at risk.   Listen here: https://share.transistor.fm/s/f18b82c5",https://www.instagram.com/p/DEvlQXwNDmH/,0,0,1,-1,NaN
712,youngpeopleliketae,2025-01-09T10:04:08.000Z,"New Year, New discussion!! Join us at @thelegacycoe for a discussion around childhood vaccinations and how we feel about them. Are you for or against them? Do you think there's a link between immunisations and some disabilities?Do you trust the NHS? WHY? WHY NOT? Thursday 30th January 2025 @7:30pm  #VACCINATIONS #PUBLICHEALTH #GENERALPRACTICE #AWARENESS #DOCTORSSURGERIES #NURSES #THETUSKEGEEEXPERIMENT #DISABILITIES #GUINEAPIGS #MIDWIVES #NHS #EXPERIMENTS #IMMUNISATIONS #AGENDA #CHILDHOODDIESEASES #MEASLES #MUMPS #RUBELLA #DIPTHERIA #WHOOPINGCOUGH #TETANUS #POLIO #TUBERCULOSIS #HPV #MINDFULLNESS #STIGMA #MENTALHEALTHAWARENESS",https://www.instagram.com/p/DEmc7CWsmSI/,0,0,14,-1,NaN
713,tchdwi,2025-01-07T21:00:12.000Z,"Get protected against measles, mumps, and rubella! We have the MMR vaccine available at the Taylor County Health Department. To make an appointment or find out if you are up to date on your MMR vaccine, give us a call at 715-748-1410 to make an appointment.   We accept insurance, AND have financial assistance options available if you do not have insurance.  #measles #mumps #rubella #MMRVaccine #GetProtected",https://www.instagram.com/p/DEieaRkCfoK/,0,0,1,-1,NaN
714,xplant_popular_items,2025-01-02T05:00:20.000Z,"다육식물 분야 클릭수 1위 누벨라색금(E. Rubella) (2025-01-02)팔로우하시면 각 식물 분야별 인기순위를 알려드립니다.국내 최대 식물 쇼핑몰 엑스플랜트 (www.xplant.co.kr) #누벨라색금 #E. #Rubella #Echeveria #Rubella#다육이 #다육식물  #선인장 #다육키우기#succulents #sukkulenten #pflanzen #cactus #succulent #koreasucculents #succulentlove #다육판매 #たにく #ハオルチア #カクタス #多肉 #多肉植物 #суккуленты #суккулент #кактус",https://www.instagram.com/p/DET4leAOv0L/,0,0,0,-1,NaN
715,gautenghealth,2025-01-14T09:31:13.000Z,"Mzansi, Rubella vaccines are available at no cost at public clinics as part of routine immunisation (EPI). It is administered as part of the Measles and Rubella (MR) vaccine. The first dose given at 6 months after birth and the second dose at 12 months. It’s important to note that children who’ve already received the measles vaccine at 6 and 12 months do not require additional MR vaccine. #AsibeHealthyGP #Rubella #VaccinesSaveLives",https://www.instagram.com/p/DEzRIUutcWQ/,0,0,0,-1,NaN
716,cmi_communications,2025-01-09T16:00:45.000Z,"We are back w/ a new #Communicable episode dropping Monday! Rising misinformation & antivax sentiment are a threat to #publichealth. Host Angela Huttner invites two experts, Bernard Hirschel (Geneva) & Kerrigan McCarthy (Johannesburg), to share their clinical expertise on #polio and #rubella management.",https://www.instagram.com/p/DEnFu4_oBsW/,0,0,4,-1,NaN
717,creativenursee_,2025-01-16T09:46:43.000Z,"RUBELLA  #india #medical #medico #nursing #doctor #inc #covid #rubella #instagram#fhmc #medicalcollege",https://www.instagram.com/p/DE4cfgEPMwd/,1,0,15,-1,NaN
718,jatin_medical_nursing_academy,2025-01-16T01:06:46.000Z,"#smallpox #measles #chickenpox #rubella #communityhealthnursing",https://www.instagram.com/p/DE3g_VeovSi/,10,0,19,-1,NaN
719,primehealhospital_,2025-01-04T17:18:26.000Z,"MMR (Measles, Mumps, Rubella) vaccine now available in Prime Heal Hospital! Get Vaccinated, Stay Protected! Taking vaccines is a simple yet effective way to safeguard yourself and loved ones against serious diseases.  Stay healthy, stay safe! • • • • For Booking 📲+91 7510 510 345 ☎️0467 2080 123 • • • • #primehealhospital #primeheal #trikaripur #hospital #mmrvaccine #vaccine #vaccination #mmr #measles #mumps #rubella",https://www.instagram.com/p/DEaWpgky0iq/,0,0,6,-1,NaN
720,aquatreattherapy.id,2025-01-22T01:47:43.000Z,"Pengalaman Ibu Agustina dan Bapak Muliadi yang berobat di Aquatreat Therapy Cabang Banjarmasin dengan kasus 2 kali keguguran janin tidak berkembang.    #Aquatreattherapy #Aquatreattherapyindonesia #AQTI  #TORCH #TORCHdanSolusinya  #Tokso #Rubella #CMV #Herpes #Seminar #Tokso #Toxoplasmagondii #Sulithamil #Gagalhamil #Tipshamil #tipspasutri",https://www.instagram.com/p/DFHCcc7y_Sv/,0,0,12,-1,NaN
721,unimed_hospital,2025-01-21T03:39:24.000Z,"👩‍🔬 TORCH шинжилгээ  🤰 Эхээс урагт дамжин халдварлах олон төрлийн халдварыг илрүүлдэг шинжилгээ бол TORCH-ын шинжилгээ🦠 юм. ✅ T – Токсоплазма ✅ O – Бусад (Тэмбүү, варицелла зостер вирус, ДОХ) ✅ R – Рубелла вирус ✅ C - Цитомегаловирус ✅ H – Херпес вирус зэрэг халдвар үүсгэгчид ордог.  🧪 Уг шинжилгээ нь эдгээр халдварт өвчний үүсгэгчдийг илрүүлэхдээ тэдгээрийн өвөрмөц молекулуудыг таньж илрүүлэн саармагжуулах зорилгоор хүний дархлааны системийн дүнд үүсдэг иммуноглобулин G (IgG) ба иммуноглобулин M (IgM) гэсэн хоёр эсрэгбиеийг тодорхойлох замаар халдварыг илрүүлдэг.  📍Иммуноглобулин G (IgG) нь архаг/хуучин халдварыг илэрхийлнэ. 📍Иммуноглобулин M (IgM) нь шинэ халдварыг илэрхийлнэ.  Бидний хичээл зүтгэл #ТАНЫ_ГЭР_БҮЛД_АЗ_ЖАРГАЛ_БЭЛЭГЛЭНЭ. ❤️❤️❤️❤️❤️ ЦАГИЙН ХУВААРЬ: Даваа – Баасан 𝟎𝟖:𝟎𝟎 – 𝟏𝟕:𝟎𝟎 Бямба, Ням 𝟎𝟗:𝟎𝟎 – 𝟏𝟓:𝟎𝟎 ХАЯГ: БГД, 𝟑,𝟒 хороололд Эх Нялхсын баруун урд Билэг их дэлгүүрийн замын эсрэг талд УТАС: 𝟕𝟕𝟎𝟎-𝟎𝟎𝟎𝟎  #TORCH #Toxoplasmosis #cytomegalovirus #rubella #herpes #ojinmed #ojinmed_ivf_center #mild_stimulation #ivf #natural_cycle_ivf #kato_ladies_clinic #ivfmongolia #Жирэмсэн #pregnancy",https://www.instagram.com/p/DFEqbn-TI2w/,6,0,369,-1,NaN
722,childrenshealthdefensecanada,2025-01-21T20:15:18.000Z,"📢 NO Evidence MMR Vaccine Is Safer Than Measles, Mumps or Rubella, Says PIC  🔍 Physicians for Informed Consent (PIC) reports that:   •	Most measles, mumps and rubella cases were mild before mass vaccination.   •	Immunity from the MMR vaccine wanes, leaving many susceptible by their teens.   •	Serious side effects, like seizures, occur more often with the vaccine than the diseases.  Learn more about MMR risks and PIC’s key findings:  🔗 https://childrenshealthdefense.ca/news/no-evidence-mmr-vaccine-is-safer-than-measles-mumps-or-rubella-physicians-for-informed-consent-reports/ . . . #MMR #Vaccines #MMRvaccine #Measles #Mumps #Rubella #InformedConsent #MedicalFreedom #HealthFreedom #VaccineFacts #LearntheRisk #PhysiciansforInformedConsent #ChildrensHealth #CHDCanada",https://www.instagram.com/p/DFGcZ21yhs4/,23,0,938,-1,NaN
723,robbymchale,2025-01-13T16:40:52.000Z,"#Measles #MMR #Mumps #Rubella #Autism #Vaccines #Publichealth #Vaccinehesistancy",https://www.instagram.com/p/DExdgR3OSY7/,0,0,1,-1,NaN
724,medlife_gg,2025-01-05T11:54:24.000Z,"RUBELLA PSM Notes  #psm #PSMNotes  #communitymedicine #mbbs #communicablediseases #rubella #proffexams #handwrittennotes  #medicine #revision",https://www.instagram.com/p/DEcWXGIJ-u9/,2,0,7,-1,NaN
725,aquatreattherapy.id,2025-01-23T05:49:04.000Z,"Secara keseluruhan, menstruasi memiliki beberapa fungsi penting, baik secara fisiologis maupun sebagai indikator kesehatan.  #Aquatreattherapy #Aquatreattherapyindonesia #AQTI  #TORCH #TORCHdanSolusinya  #Tokso #Rubella #CMV #Herpes #Seminar #Tokso #Toxoplasmagondii #Sulithamil #Gagalhamil #Tipshamil #tipspasutri",https://www.instagram.com/p/DFKC3FXSbZB/,0,0,6,-1,NaN
726,babycenterdeutschland,2025-01-09T14:18:07.000Z,"Umfassende Informationen über Röteln, ihre Symptome, Risiken und Präventionsmöglichkeiten. (Link in Bio)  #baby #kind #schwangerschaft #schwangere #röteln #rubella #impfen",https://www.instagram.com/p/DEm5-3xzNHN/,0,0,0,-1,NaN
727,dr.fitamauli,2025-01-12T03:32:06.000Z,"Toksoplasma adalah parasit yang hidup di feses hewan, seperti kucing, burung, dan anjing ( JADI TIDAK CUMA KUCING YAH ANABUL YANG BERESIKO MEMBAWA KISTA TOXOPLASMA🫶🏻).   Infeksi toksoplasma dapat terjadi jika seseorang mengonsumsi makanan mentah yang terinfeksi, atau terpapar kotoran hewan yang terinfeksi. Pada ibu hamil, infeksi toksoplasma dapat menyebabkan keguguran, kelahiran prematur, atau penyakit bawaan lahir pada janin  Jangan lupa di awal perencanaan kehamilan atau awal kehamilan periksakan TORCH untuk mendeteksi adanya infesi toxoplasma pada momsbun sekalian ya 🫶🏻  Semoga bermanfaat  #drfitamauli #dokter #toxoplasma #toxoplasmosis #rubella #kehamilan #kehamilansehat #kehamilanbunda #ibuhamilsehat #ibuhamilindonesia #ibuhamilmuslimah #ibuhamilmudahbersalin #ibuhamildanmenyusui #tipskehamilan #tipskehamilanbunda #edukasiinstagram #kucingindonesia #kucinglucu #kucingindonesia #kucingku #kucing #anabuljakarta #anabul #kehamilanku #wanitaindonesia #pejuanggarisdua #catlover #catlovers #catloversclub #pecintakucing #keguguran",https://www.instagram.com/p/DEtecQdTGpU/,0,0,61,-1,NaN
728,aquatreattherapy.id,2025-01-16T04:08:29.000Z,"Banyak mitos tentang kehamilan yang sering dipercaya, namun beberapa ternyata memiliki manfaat yang nyata jika dilakukan dengan bijak.  #Aquatreattherapy #Aquatreattherapyindonesia #AQTI  #TORCH #TORCHdanSolusinya  #Tokso #Rubella #CMV #Herpes #Seminar #Tokso #Toxoplasmagondii #Sulithamil #Gagalhamil #Tipshamil #tipspasutriharmonis",https://www.instagram.com/p/DE31yPNyj7W/,0,0,12,-1,NaN
729,imunicareid,2025-01-24T03:13:09.000Z,"Tahun baru, semangat baru! Yuk, wujudkan resolusi sehatmu dengan rutin melakukan update imun. Karena kesehatan adalah kunci untuk mewujudkan semua harapan kamu!  Ikuti promo layanan Imunisasi spesial utk mendukung Resolusi 2025 di Slide 2 yaa...  #imunicare #imunisasi #vaksinasi #hepatitisb #covid-19 #measless #rubella #hpv",https://www.instagram.com/p/DFMVz7Qz6Vc/,11,0,43,-1,NaN
730,aquatreattherapy.id,2025-01-09T02:29:03.000Z,"Doa ini bertujuan agar Allah mempermudah proses persalinan ibu hamil dan memberi kekuatan agar ibu dan bayi selamat. 🤲🏻✨  #Aquatreattherapy #Aquatreattherapyindonesia #AQTI  #TORCH #TORCHdanSolusinya  #Tokso #Rubella #CMV #Herpes #Seminar #Tokso #Toxoplasmagondii #Sulithamil #Gagalhamil #Tipshamil #Tipspasutri",https://www.instagram.com/p/DElo15hyGRg/,0,0,11,-1,NaN
731,nursingofficer_aiims,2025-01-16T01:06:46.000Z,"#smallpox #measles #chickenpox #rubella #communityhealthnursing",https://www.instagram.com/p/DE3g_VSoOph/,4,0,11,-1,NaN
732,nursingvacancy,2025-01-16T01:06:46.000Z,"#smallpox #measles #chickenpox #rubella #communityhealthnursing",https://www.instagram.com/p/DE3g_VMorBt/,14,0,41,-1,NaN
733,immunize.ca,2025-01-01T12:01:09.000Z,"For health care professionals | Pocket Guide for Immunizers: #Measles, #Mumps, and #Rubella Vaccination | https://immunize.ca/sites/default/files/Resource%20and%20Product%20Uploads%20(PDFs)/Products%20and%20Resources/Measles/Pocket%20Guide/mmr_pocketguide_web_e.pdf #VaccinesWork #GetImmunized",https://www.instagram.com/p/DESD8eYzIrx/,0,0,3,-1,NaN
734,anylabtestnowsummerlinnv,2025-01-23T18:00:56.000Z,"As students gear up for the new school year this National Immunization Month, stay ahead with Any Lab Test Now®'s Student Titers Panel!  Need proof of immunity for school registrations? Our reliable titers tests have got you covered! Get confirmation for:  ▫️ Measles ▫️ Mumps ▫️ Rubella ▫️ Hepatitis B ▫️ Varicella  Fast, convenient, and no doctor's visit required! Check these off your back-to-school checklist in just minutes at your Any Lab Test Now®.  View pricing on our website!  https://www.anylabtestnow.com/las-vegas-89147/tests/student-titer-ii-panel/  #NationalImmunizationMonth #summerlinnv #summerlinnevada #summerllinlife #downtownsummerlin #summerlin #dtsummerlin #nevada #lasvegas #Mumps #Measles #Rubella #Hepatitis #Varicella #Mumpstiter #Measlestiter #Rubellatiter #Hepatitistiter #Varicellatiter #titers #vaccinetiter #vaccinetiters #studenttiter #titerlevel #mmr #sicklecell #drugtest #mmrtiter #sicklecelltest",https://www.instagram.com/p/DFLWm-UTUdz/,0,0,1,-1,NaN
735,labkesjateng,2025-01-10T03:21:53.000Z,"Hallo sahabat sehat,  Yuk cek kesehatan kita sebelum melaksanakan pernikahan dan yang akan berencana punya momongan.  •• Tidak hanya wanita saja ya, tetapi juga laki-laki sangat bisa terinfeksi. •• Agar tidak menyesal di kemuadian hari, mari segera periksa TORCH untuk memastikan kita terbebas dari virus yang berbahaya bagi pertumbuhan janin.  Silahkan datang ke kantor kami: Balai Laboratorium Kesehatan dan Pengujian Alat Kesehatan Provinsi Jawa Tengah Jl. Soekarno Hatta No. 185 Semarang Jam Pelayanan: Senin- Sabtu: 07.00-12.00 (Kecuali pemeriksaan tertentu)  #virus #torch #toxoplasma #rubella #herpes #ibuhamil #calonpengantin #calonpengantinwanita #tescalonpengantin #labkesjateng #balabkespakjateng #balabkespak #balabkespakprovjateng",https://www.instagram.com/p/DEoTruRSSH5/,1,0,25,-1,NaN
736,dr.emelpolat,2025-01-01T08:10:16.000Z,"Alopesi areata, halk arasında saçkıran olarak bilinen, bağışıklık sisteminin saç köklerine saldırması sonucu ortaya çıkan otoimmün bir saç dökülme hastalığıdır. Saçkıran tedavilerinde bütünsel yaklaşım için bizimle iletişime geçebilirsiniz…  Daha fazla bilgi için: 📱🇹🇷+90 533 432 00 84 📱🇬🇧+90 532 061 00 84 🌍 www.emelpolat.com 🕹Istanbul/Turkiye  #clinicbeauté #dremelpolat #hiperpigmentasyon #uçuk #saçkıran #alopesiareata #dermatolog #iyihissetmeyebaşla  ~~~ 🇬🇧   Alopecia areata, commonly known as ringworm, is an autoimmune hair loss disease caused by the immune system attacking the hair follicles. You can contact us for a holistic approach in ringworm treatments...  For more information: 📱🇹🇷+90 533 432 00 84 📱🇬🇧+90 532 061 00 84 🌍 www.emelpolat.com 🕹Istanbul/Turkey  #clinicbeauté #dremelpolat #hyperpigmentation #rubella #alopesiareata #dermatologist #startfeelinggood",https://www.instagram.com/p/DERph_fMInM/,0,0,10,-1,NaN
737,pkk_kel_blimbing,2025-11-28T11:01:59.000Z,"Repost from @pemkotmalang   Yuk cegah campak mulai dari sekarang! Campak bisa sembuh sendiri, tapi penularannya super cepat. Jadi lebih baik kita waspada sejak dini ya #NAWAK! Kalau anak menunjukkan gejala seperti demam tinggi, batuk pilek, mata merah, atau muncul ruam dari wajah ke seluruh tubuh segera lakukan perawatan di rumah: istirahat cukup, banyak minum, obat penurun demam, dan kamar yang nyaman. Kalau belum membaik, jangan tunda! langsung periksakan ke dokter. Jangan lupa vaksinasi Campak Rubela (MR) sesuai jadwal agar anak punya perlindungan maksimal. Ditambah dengan PHBS: rajin cuci tangan, tutup mulut saat batuk/bersin, dan hindari kontak dengan penderita. Melindungi anak hari ini adalah investasi kesehatan mereka di masa depan. Cegah campak, mulai sekarang! #PemkotMalang #NgalamTahes #CegahCampak #VaksinMR #PHBS #MalangMboisBerkelas",https://www.instagram.com/p/DRmQTUckdqQ/,0,0,1,-1,NaN
738,klinik_bayijenius,2025-12-02T04:34:16.000Z,"📢 INFO VAKSINASI BCG & MR 📢 Bunda, yuk pastikan si kecil mendapatkan perlindungan lengkap lewat vaksin BCG dan MR! 💉✨ Vaksin ini penting banget untuk mencegah penyakit serius seperti TBC dan campak, lho!  📅 Jadwal Vaksinasi 🩺 Bersama dokter spesialis anak kami 📍 Lokasi: Klinik Bayi Jenius  📝 Jangan lupa bawa Buku KIA ya, Bunda! Ayo lindungi si kecil sejak dini 💪💖  📲 0822-2600-5575 Reservasi sekarang juga via admin kami!  #VaksinBCG #VaksinMR #KesehatanAnak #KlinikBayiJenius #ImunisasiAnak #TumbuhSehatCeria",https://www.instagram.com/p/DRv3HHTidiS/,0,0,13,-1,NaN
739,nauramedika,2025-12-10T05:13:57.000Z,"Kenapa anak perlu vaksin MR? Karena Campak & Rubella bukan penyakit ringan. Campak bisa sebabkan pneumonia & kejang, sedangkan Rubella berbahaya untuk ibu hamil dan dapat menyebabkan cacat lahir pada bayi.  Vaksin MR sangat aman, efektif, dan termasuk imunisasi wajib yang direkomendasikan IDAI. Jadwalnya: 9 bulan – 18 bulan – Booster 5–7 tahun.  Semakin cepat vaksin, semakin kuat perlindungan anak ✨ Ayo imunisasi MR di Klinik Naura Medika untuk perlindungan maksimal dan pelayanan yang nyaman untuk si kecil.  Simpan & bagikan agar lebih banyak orang tua paham tentang pentingnya vaksin MR.  Hubungi kami sekarang untuk info & booking! ❤️KLINIK NAURA MEDIKA❤️ ☎Customer Service : 021-7782 7515⁣ 📱Info & Pendaftaran : 0811 101 8481 🌐 www.kliniknnauramedika.com 📸 : @nauramedika  #vaksinMR #imunisasiMR #campakrubella #vaksinanak #imunisasianak #dokteranak #kliniknauramedika #polianak #idairi #jadwalimunisasi #imunisasidepok #klinikdepok #kesehatananak #pencegahancampak #edukasikesehatananak #parentingindonesia #anaksehatindonesia #dokteranaksehat #klinikramahanak #imunisasibayi #vaksincampakrubella #nauramedika",https://www.instagram.com/p/DSEiAutklYd/,0,0,20,-1,NaN
740,kim_obama_bareng,2025-11-28T16:40:01.000Z,"Yuk cegah campak mulai dari sekarang! Campak bisa sembuh sendiri, tapi penularannya super cepat. Jadi lebih baik kita waspada sejak dini ya #NAWAK!  Kalau anak menunjukkan gejala seperti demam tinggi, batuk pilek, mata merah, atau muncul ruam dari wajah ke seluruh tubuh segera lakukan perawatan di rumah: istirahat cukup, banyak minum, obat penurun demam, dan kamar yang nyaman. Kalau belum membaik, jangan tunda! langsung periksakan ke dokter.  Jangan lupa vaksinasi Campak Rubela (MR) sesuai jadwal agar anak punya perlindungan maksimal. Ditambah dengan PHBS: rajin cuci tangan, tutup mulut saat batuk/bersin, dan hindari kontak dengan penderita.  Melindungi anak hari ini adalah investasi kesehatan mereka di masa depan. Cegah campak, mulai sekarang!  #PemkotMalang #NgalamTahes #CegahCampak #VaksinMR #PHBS #MalangMboisBerkelas Reposted from @pemkotmalang",https://www.instagram.com/p/DRm2_Glkoml/,0,0,3,-1,NaN
741,kimpurwoagung,2025-11-28T14:47:14.000Z,"Pemkotmalang Yuk cegah campak mulai dari sekarang! Campak bisa sembuh sendiri,tapi penularannya super cepat. Jadi lebih baik kita waspada sejak dini ya #Nawak!  Kalau anak menunjukkan gejala seperti demam tinggi, batuk pilek,mata merah, atau muncul ruam dari wajah ke seluruh tubuh, segera lakukan perawatan di rumah: istirahat cukup, banyak minum obat penurun demam, dan kamar yang nyaman. Kalau belum membaik, jangan tunda! langsung periksakan ke dokter.  Jangan lupa vaksinasi Campak Rubella (MR) sesuai jadwal agar anak punya perlindungan maksimal. Ditambah dengan PHBS: rajin cuci tangan, tutup mulut saat batuk/bersin, dan hindari kontak dengan penderita.  Melindungi anak hari ini adalah investasi kesehatan mereka di masa depan. Cegah Campak, mulai sekarang!  #NgalamTahes #CegahCampak #VaksinMR #PHBS",https://www.instagram.com/p/DRmqFErkg6j/,0,0,2,-1,NaN
742,kim.balearjosari,2025-12-01T00:28:29.000Z,"Yuk cegah campak mulai dari sekarang! Campak bisa sembuh sendiri, tapi penularannya super cepat. Jadi lebih baik kita waspada sejak dini ya #NAWAK!  Kalau anak menunjukkan gejala seperti demam tinggi, batuk pilek, mata merah, atau muncul ruam dari wajah ke seluruh tubuh segera lakukan perawatan di rumah: istirahat cukup, banyak minum, obat penurun demam, dan kamar yang nyaman. Kalau belum membaik, jangan tunda! langsung periksakan ke dokter.  Jangan lupa vaksinasi Campak Rubela (MR) sesuai jadwal agar anak punya perlindungan maksimal. Ditambah dengan PHBS: rajin cuci tangan, tutup mulut saat batuk/bersin, dan hindari kontak dengan penderita.  Melindungi anak hari ini adalah investasi kesehatan mereka di masa depan. Cegah campak, mulai sekarang!  #PemkotMalang #NgalamTahes #CegahCampak #VaksinMR #PHBS #MalangMboisBerkelas #kimkotamalang",https://www.instagram.com/p/DRs2MC5Eier/,1,0,7,-1,NaN
743,nauramedika,2025-12-02T08:18:29.000Z,"🩺 Sudah waktunya si kecil vaksinasi? Yuk, jangan tunda lagi! Vaksin MR & BCG penting untuk melindungi anak dari penyakit berbahaya seperti campak, rubella, dan TBC 👶✨  📅 Jadwal Vaksinasi MR & BCG – Desember 2025 Dengan dokter spesialis anak: 👩‍⚕️ dr. Intan AP Tumbelaka, Sp.A 👩‍⚕️ dr. Yessy Yuniarti, Sp.A 👩‍⚕️ dr. Neneng Arie Komariah, Sp.A  💉 Pastikan jadwal vaksinasi buah hati sesuai anjuran dokter agar tumbuh sehat dan kuat 💪 Yuk, booking jadwalnya dari sekarang!  Untuk Informasi lebih lanjut👇🏻 Telepon : (021) 77827515 WhatsApp : +62 811 101 8481 Alamat : Jl. Kemakmuran Raya No. 37, Mekar Jaya, Sukmajaya, Depok 16411  #NauraMedika #VaksinAnak #VaksinMR #VaksinBCG #DokterAnakDepok #KlinikDepok #DepokSehat #MelayaniSetulusHati #AnakSehatIbuBahagia #ImunisasiAnak",https://www.instagram.com/p/DRwQxQtEjys/,0,0,25,-1,NaN
744,puskesmas_pasirnangka,2025-12-23T03:40:17.000Z,"Slide Informasi Campak dan Rubella✍️  #CampakRubella #VaksinMR #PuskesmasPasirNangka",https://www.instagram.com/p/DSl1oFLky8y/,0,0,7,-1,NaN
745,rscondongcatur,2025-12-04T06:22:35.000Z,"Halo Sahabat RSCC! Semoga semua tetap dalam keadaan sehat ya 😊  Sahabat RSCC apakah mengetahui manfaat Imunisasi BCG & MR ?  Imunisasi BCG dapat memberikan perlindungan terhadap Tuberkulosis / TBC, sedangkan imunisasi MR dapat memberikan perlindungan terhadap Measles (Campak) & Rubella (Vampak Jerman).  RS Condong Catur Melayani Imunisasi BCG & MR yang dilaksanakan pada :  Hari : Senin, 8 Desember 2025 Tempat : Klinik Anak Jam : 16.00 sd Selesai  Yuk Bunda akses layanan Imunisasi anak BCG & MR di klinik anak RS Condong Catur.  🏥 RS Condong Catur 📍Alamat : Jl. Manggis No.6 Condong Catur Sleman Yogyakarta ☎ Telepon : (0274) 887494 WhatsApp : 0859 3932 0877 . -Solusi JITU Kesehatan Anda- . #klinik #anak #klinikanak #vaksinanak #vaksin #vaksinbcg #vaksinmr #jogja #condongcatur #kesehatan #rscondongcatur #pelayanan #sehat #rumahsakityogyakarta #klinikbersalin #klinikanak #polianak #dokteranak #dokterspesialisanak #RSCCjitu #rsccjitu",https://www.instagram.com/p/DR1NGKUExky/,0,0,25,-1,NaN
746,rsuddungus.jatimprov,2025-12-02T08:01:44.000Z,"Sobat Dungus  Imunisasi adalah langkah penting untuk melindungi buah hati dari berbagai penyakit berbahaya. Yuk, pastikan si kecil mendapatkan vaksin MR dan BCG sesuai jadwal!  🔹 Vaksin MR Melindungi anak dari Campak (Measles) dan Rubella (Campak Jerman). 📌 Diberikan pada usia 9 bulan dan 18 bulan.  🔹 Vaksin BCG Membantu tubuh membentuk kekebalan untuk melawan bakteri penyebab Tuberkulosis. 📌 Diberikan mulai usia 0–3 bulan.  📍 Klinik Anak RSUD Dungus 🗓️ Selasa, 9 Desember 2025 ⏰ Pukul 09.00 WIB 💉 Vaksin Gratis  Untuk informasi & pendaftaran: 0811-3332-0078  Bunda & Ayah, jangan lewatkan kesempatan melindungi anak sejak dini. Imunisasi sekarang, sehatnya kemudian! 💗  #RSUDDungus #ImunisasiAnak #VaksinMR #VaksinBCG #KesehatanAnak",https://www.instagram.com/p/DRwO2lpk8s8/,6,0,57,-1,NaN
747,kim_parsehjaya,2025-11-28T02:12:18.000Z,"Yuk cegah campak mulai dari sekarang! Campak bisa sembuh sendiri, tapi penularannya super cepat. Jadi lebih baik kita waspada sejak dini ya #NAWAK!  Kalau anak menunjukkan gejala seperti demam tinggi, batuk pilek, mata merah, atau muncul ruam dari wajah ke seluruh tubuh segera lakukan perawatan di rumah: istirahat cukup, banyak minum, obat penurun demam, dan kamar yang nyaman. Kalau belum membaik, jangan tunda! langsung periksakan ke dokter.  Jangan lupa vaksinasi Campak Rubela (MR) sesuai jadwal agar anak punya perlindungan maksimal. Ditambah dengan PHBS: rajin cuci tangan, tutup mulut saat batuk/bersin, dan hindari kontak dengan penderita.  Melindungi anak hari ini adalah investasi kesehatan mereka di masa depan. Cegah campak, mulai sekarang!  #PemkotMalang #NgalamTahes #CegahCampak #VaksinMR PHBS MalangMboisBerkelas Reposted from @pemkotmalang",https://www.instagram.com/p/DRlTr1GkgzQ/,0,0,4,-1,NaN
748,pemkotmalang,2025-11-26T08:11:05.000Z,"Yuk cegah campak mulai dari sekarang! Campak bisa sembuh sendiri, tapi penularannya super cepat. Jadi lebih baik kita waspada sejak dini ya #NAWAK!  Kalau anak menunjukkan gejala seperti demam tinggi, batuk pilek, mata merah, atau muncul ruam dari wajah ke seluruh tubuh segera lakukan perawatan di rumah: istirahat cukup, banyak minum, obat penurun demam, dan kamar yang nyaman. Kalau belum membaik, jangan tunda! langsung periksakan ke dokter.  Jangan lupa vaksinasi Campak Rubela (MR) sesuai jadwal agar anak punya perlindungan maksimal. Ditambah dengan PHBS: rajin cuci tangan, tutup mulut saat batuk/bersin, dan hindari kontak dengan penderita.  Melindungi anak hari ini adalah investasi kesehatan mereka di masa depan. Cegah campak, mulai sekarang!  #PemkotMalang #NgalamTahes #CegahCampak #VaksinMR #PHBS #MalangMboisBerkelas",https://www.instagram.com/p/DRgzJ2kEptx/,1,0,50,-1,NaN
749,amaliamedicalcenter,2025-11-03T12:02:34.000Z,"Persiapkan keberangkatanmu dengan Medical Check Up lengkap di Amalia Medical Center 💚 Pastikan kesehatanmu sebelum berangkat bekerja ke China 🇨🇳  🏥 Jl. Dewi Sartika No.364 A Cawang Jakarta  📆 Senin - Jumat ( Sabtu Minggu, Tgl Merah & Libur Nasional tutup )  🕚 10.00 - 17.00 ☎️ 021 8090762 📱0813-8080-4680  #MedicalCheckUp #Visachina #MCUVisa #VaksinMR #VaksinMMR #MCUKaryawan #CekKesehatan #TenagaKerjaTaiwan #KerjaKeTaiwan #MCUVisaKerja #KesehatanTenagaKerja",https://www.instagram.com/p/DQl_XMkCY0D/,35,0,350,-1,NaN
750,rscondongcatur,2025-10-07T08:18:06.000Z,"Halo Sahabat RSCC! Semoga semua tetap dalam keadaan sehat ya 😊  Sahabat RSCC apakah mengetahui manfaat Imunisasi BCG & MR ?  Imunisasi BCG dapat memberikan perlindungan terhadap Tuberkulosis / TBC, sedangkan imunisasi MR dapat memberikan perlindungan terhadap Measles (Campak) & Rubella (Vampak Jerman).  RS Condong Catur Melayani Imunisasi BCG & MR yang dilaksanakan pada :  Hari : Senin, 13 Oktober 2025 Tempat : Klinik Anak Jam : 16.00 sd Selesai  Yuk Bunda akses layanan Imunisasi anak BCG & MR di klinik anak RS Condong Catur.  🏥 RS Condong Catur 📍Alamat : Jl. Manggis No.6 Condong Catur Sleman Yogyakarta ☎ Telepon : (0274) 887494 WhatsApp : 0859 3932 0877 . -Solusi JITU Kesehatan Anda- . #klinik #anak #klinikanak #vaksinanak #vaksin #vaksinbcg #vaksinmr #jogja #condongcatur #kesehatan #rscondongcatur #pelayanan #sehat #rumahsakityogyakarta #klinikbersalin #klinikanak #polianak #dokteranak #dokterspesialisanak #RSCCjitu #rsccjitu",https://www.instagram.com/p/DPgENgnDv-H/,0,0,17,-1,NaN
751,nurshadhia,2025-10-24T01:50:17.000Z,"suntikan d sekolah #vaksinMR",https://www.instagram.com/p/DQLJV8VDMQI/,0,0,0,-1,NaN
752,rsia_ananda_smg,2025-11-10T07:46:55.000Z,"“Tahukah Bunda–Ayah, kasus TBC & campak di Indonesia lagi NAIK lagi? 😱” Dan dua penyakit itu… bisa dicegah cuma dengan satu langkah kecil: imunisasi tepat waktu! 💉✨  📅 Jangan sampai kelewatan! Besok, Sabtu 15 November | Pukul 10.00–12.00 WIB 📍 Klinik Anak Langkah Si Kecil – RSIA Ananda Pasar Ace  Bareng dr. Fajar Taufiq Widodo, Sp.A 🩺 akan diadakan imunisasi BCG dan MR, dua vaksin dasar yang wajib banget buat si kecil! 👶  💉 BCG → perlindungan dari TBC, penyakit yang masih jadi ancaman nyata di sekitar kita. 💉 MR (Measles-Rubella) → cegah campak dan rubella, penyakit menular yang bisa sebabkan komplikasi berat bahkan cacat seumur hidup.  🫶 Buat para new mom & dad, ini bukan sekadar jadwal rutin — tapi investasi seumur hidup untuk kesehatan anakmu. ❤️  📲 Yuk, amankan slot imunisasi si kecil sekarang juga! 📞 0853-2520-0567 (Langkah Si Kecil – RSIA Ananda Pasar Ace)  Karena sekali terlambat, risikonya bisa nggak sesederhana pilek biasa. 💡 Cegah sekarang, sebelum terlambat!  #RSIAAnandaPasarAce #LangkahSiKecil #ImunisasiAnak #VaksinBCG #VaksinMR #NewMomNewDad #StopTBC #CegahCampak #FriendlyHospital #AnandaCare",https://www.instagram.com/p/DQ3jq62EciU/,2,0,6,-1,NaN
753,nauramedika,2025-10-16T07:17:02.000Z,"👩‍⚕️✨ Sahabat Naura, Informasi untuk Ayah & Bunda yang biasa kontrol anak ke dr. Intan AP Tumbelaka, Sp.A, dokter tidak praktek pada tanggal 17 dan 21 Oktober 2025.  Jangan khawatir, layanan Poli Anak tetap buka dengan dokter lainnya sesuai jadwal. Terima kasih atas perhatiannya 💕  Untuk Informasi lebih lanjut👇🏻 Telepon : (021) 77827515 WhatsApp : +62 811 101 8481 Alamat : Jl. Kemakmuran Raya No. 37, Mekar Jaya, Sukmajaya, Depok 16411  #klinikdepok #klinik24jam #klinik24jamdepok  #vaksinmr #kliniknauramedika #klinikanak #vaksinanak #imunisasianak #campakrubella #depok #dokteranakdepok #melayanisetulushati",https://www.instagram.com/p/DP3IYHbkuKb/,0,0,25,-1,NaN
754,amaliamedicalcenter,2025-11-02T12:00:08.000Z,"*update tahun 2026 untuk MCU Taiwan Teto pribadi/umum - kami tdk memeriksa HIV, Hbsag, Urin, dan Darah Samar*  Persiapkan keberangkatanmu dengan Medical Check Up lengkap di Amalia Medical Center 💚 Pastikan kesehatanmu sebelum berangkat bekerja ke Taiwan 🇹🇼  🏥 Jl. Dewi Sartika No.364 A Cawang Jakarta  📆 Senin - Jumat ( Sabtu Minggu, Tgl Merah & Libur Nasional tutup )  🕚 10.00 - 17.00 ☎️ 021 8090762 📱0813-8080-4680  #MedicalCheckUp #VisaTaiwan #MCUVisa #VaksinMR #VaksinMMR #MCUKaryawan #CekKesehatan #TenagaKerjaTaiwan #KerjaKeTaiwan #MCUVisaKerja #KesehatanTenagaKerja",https://www.instagram.com/p/DQjaSbYiYAc/,15,0,316,-1,NaN
755,prfmnews,2025-11-26T00:35:06.000Z,"🚨 WASPADA RUAM PANAS! Bukan Cuma Demam Biasa. 🚨  Sering bingung membedakan ruam Campak dengan ruam biasa? Atau masih percaya mitos kalau Campak itu penyakit 'ringan'?  Ruam di wajah dan tubuh yang disertai demam tinggi adalah tanda bahaya yang tidak boleh diabaikan!  Yuk, bongkar tuntas Campak (Measles) Bersama dengan Sekretaris Asosiasi Klinik Indonesia (Asklin) Kota Bandung, dr. Dhany Kartika Sari  Kita akan bahas: ✅ Penyebab ruam Campak yang khas  ✅ Kapan harus segera ke dokter?  ✅ Fakta penting tentang Vaksin MR/MMR.  Jangan Sampai Ketinggalan!   📅 Rabu, 26 November 2025  ⏰ 20.00 s/d 21.00 WIB  📍 Radio 107,5 PRFM News Channel atau streaming di prfmnews.id  Tag teman atau keluarga yang mempunyai anak kecil agar #SiagaCampak!  #TalkshowTanyaDokter #Campak #DemamAnak #VaksinMR #PRFMNews",https://www.instagram.com/p/DRf--JnDqOt/,0,0,17,-1,NaN
756,vacca_gadingserpong,2025-11-18T05:47:10.000Z,"Perlindungan lengkap untuk si kecil dimulai sejak dini 💉✨ Di Vacca Clinic Bitung, bayi usia 9 bulan dapat menerima paket imunisasi Japanese Encephalitis (JE) pertama dan MR untuk mencegah penyakit menular yang berisiko tinggi.  Kami siap memberikan pelayanan yang aman, nyaman, dan profesional untuk buah hati Anda ❤️ Segera jadwalkan imunisasi si kecil dan pastikan tumbuh kembangnya terlindungi maksimal 🌼👶  📲 BOOK NOW! WhatsApp: 085129467642 Instagram: vacca_clinic_bitung Facebook : vacca clinic (vacca klinik bitung)  #VaccaClinicBitung #ImunisasiBayi #ImunisasiAnak #VaksinJE #VaksinMR #JapaneseEncephalitis #MRVaccine #Bayi9Bulan #Klinikvaksinasi #KlinikBitung #PelayananKesehatan #KesehatanAnak #CegahPenyakit #PerlindunganSejakDini #BabyCare #AnakSehat #MomAndBaby #ParentingID #KlinikVaksin #VaksinAnak #BitungHealth",https://www.instagram.com/p/DRL8UxMCRSw/,0,0,4,-1,NaN
757,nauramedika,2025-11-03T07:21:25.000Z,"🩺 Sudah waktunya si kecil vaksinasi? Yuk, jangan tunda lagi! Vaksin MR & BCG penting untuk melindungi anak dari penyakit berbahaya seperti campak, rubella, dan TBC 👶✨  📅 Jadwal Vaksinasi MR & BCG – November 2025 Dengan dokter spesialis anak: 👩‍⚕️ dr. Intan AP Tumbelaka, Sp.A 👩‍⚕️ dr. Yessy Yuniarti, Sp.A 👩‍⚕️ dr. Neneng Arie Komariah, Sp.A  💉 Pastikan jadwal vaksinasi buah hati sesuai anjuran dokter agar tumbuh sehat dan kuat 💪 Yuk, booking jadwalnya dari sekarang!  Untuk Informasi lebih lanjut👇🏻 Telepon : (021) 77827515 WhatsApp : +62 811 101 8481 Alamat : Jl. Kemakmuran Raya No. 37, Mekar Jaya, Sukmajaya, Depok 16411  #NauraMedika #VaksinAnak #VaksinMR #VaksinBCG #DokterAnakDepok #KlinikDepok #DepokSehat #MelayaniSetulusHati #AnakSehatIbuBahagia #ImunisasiAnak",https://www.instagram.com/p/DQlfL-vEoS7/,0,0,27,-1,NaN
758,alkindi.islamicschool,2025-11-17T04:31:04.000Z,"Alhamdulillah, kegiatan vaksinasi Campak Rubella di SDIT Al Kindi berjalan sukses! Berkolaborasi dengan Puskesmas Rejosari, siswa kelas 2–6 mengikuti imunisasi untuk menjaga kesehatan dan perlindungan sejak dini. 💉✨  Yuk jaga kesehatan bareng-bareng biar tetap kuat dan ceria!🤩🥰✨  #VaksinMR #CampakRubella #PuskesmasRejosari #SDITAlKindi #ImunisasiAnak #AnakSehat",https://www.instagram.com/p/DRJO0iWEXC8/,0,0,10,-1,NaN
759,biyubiclinic,2025-10-31T07:22:30.000Z,"Tahukah biyubies? Influenza bisa menyerang siapa saja loh, tapi kelompok tertentu lebih rentan terkena influenza, seperti: 👶 Anak-anak 🤰 Ibu hamil 👵 Lansia 🤒 Orang dengan daya tahan tubuh lemah  Yuk, lindungi mereka (dan diri sendiri) dengan pola hidup sehat dan vaksinasi influenza di Klinik Utama Biyubi 💉✨  #KlinikUtamaBiyubi #Influenza #BCG #FluSingapore #Vaksin #VaksinMR #HFMD #VaksinFlu #KesehatanKeluarga #BiyubiCare",https://www.instagram.com/p/DQdw7PaklRM/,0,0,4,-1,NaN
760,dr_dewi_s,2025-12-10T00:05:00.000Z,"Campak adalah infeksi virus yang sangat menular dan sering kali dimulai seperti flu biasa. Setelah masa inkubasi sekitar 10–14 hari, anak mulai menunjukkan demam tinggi, batuk-pilek, dan mata merah. Banyak orang tua tidak menyadari bahwa pada tahap ini anak sudah bisa menularkan virus ke orang lain melalui batuk, bersin, atau udara yang terkontaminasi. Ruam khas campak biasanya muncul beberapa hari kemudian, bermula dari wajah dan cepat menyebar ke seluruh tubuh, sering disertai bercak putih kecil di dalam pipi (Koplik spots).  Di balik tampilannya yang terlihat seperti ruam biasa, campak memiliki potensi komplikasi berat. Pneumonia, diare berat yang menyebabkan dehidrasi, kejang, hingga infeksi otak adalah risiko nyata yang dapat terjadi, terutama pada bayi, anak dengan gizi kurang, atau mereka yang belum diimunisasi. Karena itu, campak bukan penyakit yang bisa ditunggu-tunggu atau dianggap ringan. Vaksinasi MR/MMR lengkap tetap menjadi perlindungan terbaik untuk mencegah penularan dan menurunkan tingkat keparahan penyakit. Bila anak mengalami ruam disertai demam tinggi, batuk-pilek, atau tampak sangat lemas, pemeriksaan segera sangat dianjurkan untuk mencegah terlambatnya penanganan.  #SehatBarengDrDewi #campak #ruamanak #measlesawareness #imunisasilengkap #vaksinMR #pediatrimedan #dokteranakmedan #demammanak #batukpilekanak #kesehatananak #edukasikesehatan #parentingmedan #pencegahancampak #wajibvaksin #RSIAStellaMaris #RSReginaMaris",https://www.instagram.com/p/DSD-q48iTXN/,0,0,3,-1,NaN
761,nauramedika,2025-10-02T01:26:19.000Z,"Jadwal Vaksin MR & BCG Oktober 2025 di Klinik Naura Medika Lindungi si Kecil dari campak dan rubella! Vaksin MR (Measles-Rubella) penting untuk kekebalan tubuh anak dan mencegah penularan penyakit berbahaya. 🛡️  📅 Jadwal Dokter Spesialis Anak: 👩‍⚕️ dr. Intan AP Tumbelaka, Sp.A Sabtu, 04/10/2025 (MR & BCG) Kamis, 16/10/2025 (MR)  👩‍⚕️ dr. Yessy Yuniarti, Sp.A Rabu, 8/10/2025 (MR) Selasa, 28/10/2025 (MR & BCG)  👩‍⚕️ dr. Neneng Arie Komariah, Sp.A Senin, 13/10/2025 (MR & BCG) Jumat, 24/10/2025 (MR)  Untuk Informasi lebih lanjut👇🏻 Telepon : (021) 77827515 WhatsApp : +62 811 101 8481 Alamat : Jl. Kemakmuran Raya No. 37, Mekar Jaya, Sukmajaya, Depok 16411  #KlinikDepok #Klinik24Jam #Klinik24JamDepok #VaksinMR #NauraMedika #KlinikAnak #VaksinAnak #ImunisasiAnak #CampakRubella #Depok #KlinikDepok #DokterAnakDepok #MelayaniSetulusHati",https://www.instagram.com/p/DPSdHFSEvcK/,0,0,36,-1,NaN
762,mediasuaragong,2025-09-05T07:17:02.000Z,"Lonjakan kasus campak di Sumenep menewaskan 17 anak dan menginfeksi lebih dari 2.000 anak akibat rendahnya imunisasi, diperparah hoaks vaksin haram. Pemprov Jatim bergerak lewat imunisasi massal ORI dan didorong untuk gandeng ulama serta transparansi medis demi meyakinkan masyarakat.  Baca berita selengkapnya diwebsite suaragong.com  #CampakSumenep #Imunisasi #VaksinMR #mediasuaragong #fyp",https://www.instagram.com/p/DONjyPZEucL/,0,0,0,-1,NaN
763,rumahvaksinasi_malang,2025-09-01T10:57:30.000Z,"Indonesia Darurat Campak!  Wabah Campak sudah terjadi di beberapa wilayah, dan sudah ada kasus meninggal dunia.   Nyatanya Vaksinasi dengan Dosis lengkap mempunyai efektifitas hingga 97% dalam mencegah campak!   Yuk Aybun lebih hati-hati lagi dalam membaca berita ya, jangan sampai termakan Hoax! Jika ada yg sudah terkena gejala-gejalanya segera ke faskes terdekat 🙏🏻  #rumahvaksinasimalang #vaksinasilengkapmalang  #imunisasibayimalang  #imunisasimurahmalang  #vaksinlengkapmalang #imunisasiterjangkaumalang  #imunisasidewasa #imunisasibayi #vaksinbcg #vaksinmr #vaksindpt  #vaksinrotavirus #vaksinprogrammalang",https://www.instagram.com/p/DODp1beFQEK/,0,0,4,-1,NaN
764,rscondongcatur,2025-09-01T08:27:10.000Z,"Halo Sahabat RSCC! Semoga semua tetap dalam keadaan sehat ya 😊  Sahabat RSCC apakah mengetahui manfaat Imunisasi BCG & MR ?  Imunisasi BCG dapat memberikan perlindungan terhadap Tuberkulosis / TBC, sedangkan imunisasi MR dapat memberikan perlindungan terhadap Measles (Campak) & Rubella (Vampak Jerman).  RS Condong Catur Melayani Imunisasi BCG & MR yang dilaksanakan pada :  Hari : Senin, 8 September 2025 Tempat : Klinik Anak Jam : 13.00 sd Selesai  Yuk Bunda akses layanan Imunisasi anak BCG & MR di klinik anak RS Condong Catur.  🏥 RS Condong Catur 📍Alamat : Jl. Manggis No.6 Condong Catur Sleman Yogyakarta ☎ Telepon : (0274) 887494 WhatsApp : 0859 3932 0877 . -Solusi JITU Kesehatan Anda- . #klinik #anak #klinikanak #vaksinanak #vaksin #vaksinbcg #vaksinmr #jogja #condongcatur #kesehatan #rscondongcatur #pelayanan #sehat #rumahsakityogyakarta #klinikbersalin #klinikanak #polianak #dokteranak #dokterspesialisanak #RSCCjitu #rsccjitu",https://www.instagram.com/p/DODYoY3E2wP/,0,0,5,-1,NaN
765,pkc_palmerah,2025-09-25T23:35:00.000Z,"✨ Kenali & Cegah Campak pada Anak ✨  Campak adalah penyakit menular yang disebabkan virus dan mudah menyebar lewat batuk atau bersin.  Gejala campak: 🔴 Demam tinggi 🔴 Batuk, pilek, mata merah 🔴 Ruam merah di seluruh tubuh  👉 Pencegahan terbaik: dengan imunisasi lengkap (vaksin campak/MR).  💡 Jangan tunggu sampai terlambat! Ayo lindungi buah hati kita dengan imunisasi agar terhindar dari campak. 💉❤️  Sumber: @dinkesdki  #CegahCampak #CampakPadaAnak #ImunisasiCampak #VaksinMR #sehattanpacampak",https://www.instagram.com/p/DPCzoUnEq6h/,0,0,3,-1,NaN
766,rsiakendangsari,2025-09-18T02:13:58.000Z,"#ksedukasi  Campak bukan sekadar ruam merah biasa! Campak mudah menular dan berisiko komplikasi serius, terutama pada anak-anak.  Kabar baiknya: campak bisa dicegah lewat imunisasi MR. Cek kembali status imunisasi anak dan jangan ragu konsultasi ke tenaga kesehatan jika ada gejala mencurigakan.  ✅ Langkah kecil seperti imunisasi = perlindungan besar untuk komunitas. 🔁 Save & share untuk bantu sebarkan info ini. Bersama kita bisa cegah penyebaran campak!  Informasi selengkapnya dapat menghubungi Layanan Pelanggan kami di nomor 📱082257251113  ☎(031) 8436200  #rsiasurabaya #rsiakendangsari #rumahsakitibudananak #rsiaterbaik #campak #vaksinmr #measles",https://www.instagram.com/p/DOufb8UE1wo/,0,0,10,-1,NaN
767,sdmudacileungsi,2025-09-01T05:30:52.000Z,"✨BIAS Bulan Imunisasi Anak Sekolah✨  SD Muhammadiyah 02 Cileungsi bersama Puskesmas Pasirangin dan Klinik PKO Muhammadiyah Cileungsi mengadakan Bulan Imunisasi Anak Sekolah (BIAS). Program ini bertujuan untuk melindungi kesehatan anak sejak dini, agar terhindar dari penyakit berbahaya dan tumbuh sehat optimal.  Jenis Vaksin:  Kelas 1: Vaksin Measles Rubella (MR)  Kelas 5: Vaksin Human Papilloma Virus (HPV)  🗓 Hari/Tanggal: Senin, 01 September 2025 📍 Lokasi: Ruang kelas SD Muhammadiyah 02 Cileungsi  Jangan lupa pastikan anak dalam kondisi sehat dan sudah sarapan pagi sebelum imunisasi. Dengan imunisasi, kita turut menjaga kesehatan diri, keluarga, dan lingkungan sekitar.  “Lindungi diri, lindungi keluarga, lindungi sesama.”  #sdmuhammadiyah02 #sdmuda #vaksin #vaksinmr&hpv #imunisasi #imunisasimr #imunisasihpv #sekolahunggulan #puskesmaspasirangin #sdterbaikswastacileungsi",https://www.instagram.com/p/DODEdI-Ea0w/,0,0,4,-1,NaN
768,japenwpkl,2025-09-04T08:14:22.000Z,"🌈✨ VAKSIN TAMBAHAN MR DAH MULA! Campak & Rubella? Jangan beri peluang! 📢 Ibu ayah! 💉 Vaksin tambahan MR kini tersedia di Klinik KKM sekitar KL & Putrajaya! 💪 Lindungi anak anda dari campak & rubella – langkah kecil, perlindungan besar! Anak sihat ➡ Sekolah pun ceria! 😄  Sumber : KKM Jabatan Kesihatan WP Kuala Lumpur & Putrajaya  #SediaMelindungi  #VaksinMR  #KKMLindungiAnakKita #MalaysiaMadani  #JaPenWPKLP",https://www.instagram.com/p/DOLFjQXD7k2/,0,0,6,-1,NaN
769,n.f_bidankita,2025-09-14T04:03:01.000Z,"Hallo cinta-cinta N.F Bidan Kita 👋🏻 Pemberian vaksinasi dasar mengikuti jadwal yang telah ditentukan untuk memastikan anak terlindungi secara optimal dari penyakit-penyakit tersebut, dan jika terlewat, dapat diikuti dengan program imunisasi kejar. #salamsehatcinta🤍  #senyumanandabahagiakami . . . . . . . . . . . . . #imunisasi #imunisasibayi #imunisasilengkap #imunisasiklapanunggal #imunisasibayicileungsi #imunisasidasarlengkap #rotavirus #imunisasibidanklapanunggal  #babycarecileungsi #babycareklapanunggal #imunisasidpt2 #bayisehat #babyspa #babyspacileungsi #babyspaklapanunggal #nfbidankitababycare&spa #mombabyspa #vaksinpnemokokus #nfbidankita #nfmombabyspa #babyspamurahcileungsi #spababycileungsi #bayisehat #imunisasibayi #imunisasirotavirusklapanunggal #vaksinmr #imunisasicampakrubella #imunisasipcv #fypppppppppppppppppppppppppppppppppppppppppppppppppppppppppppppppppppppp",https://www.instagram.com/p/DOkYvFsk2q5/,0,0,8,-1,NaN
770,rumahvaksinasi_malang,2025-09-01T11:06:08.000Z,"apakah KIPI itu ? Apabila terjadi KIPI, apa yang harus orangtua lakukan?   Geser slide untuk info lengkapnya yaa AyBun~ supaya tidak panik saat anak habis diimunisasi  #rumahvaksinasimalang #vaksinasilengkapmalang  #imunisasibayimalang  #imunisasimurahmalang  #vaksinlengkapmalang #imunisasiterjangkaumalang  #imunisasidewasa #imunisasibayi #vaksinbcg #vaksinmr #vaksindpt  #vaksinrotavirus #vaksinprogrammalang",https://www.instagram.com/p/DODq0wIlRE5/,0,0,2,-1,NaN
771,gmc.tangerangselatan,2025-10-07T02:53:28.000Z,"Vaksin MR Serpong Utara Tangerang Selatan  Lindungi si kecil dari campak dan rubella dengan vaksin MR di Klinik Galaxy Medical Center Tangerang Selatan!  Vaksin ini mencegah demam tinggi, ruam, komplikasi berat, serta risiko cacat lahir pada janin.  Yuk vaksin sekarang untuk masa depan sehat! ☎ 0811-1909-118  #VaksinMR #KlinikGalaxyMedicalCenter #TangerangSelatan #ImunisasiAnak #VaksinAman #KesehatanAnak #KlinikGMC #klinikgalaxymedicalcentertangerangselatan",https://www.instagram.com/p/DPffD1rjy1D/,1,0,6,-1,NaN
772,kpjpahangofficial,2025-10-07T02:41:30.000Z,"Sedang Berlangsung🌟🌟  🩺 Program Imunisasi Tambahan di KPJ Pahang Specialist Hospital! 🌈  Ibu bapa, jom pastikan anak-anak kita dilindungi daripada Campak & Rubella (MR Vaccine) 💉✨  📅 Tarikh: 7 Oktober 2025 (Selasa) 🕘 Masa: 9.00 pagi – 2.00 petang 📍 Tempat: Level 2, (Bilik sebelah Gloria Jean’s) 👶 Untuk: Kanak-kanak berumur 6 – 59 bulan (lahir Ogos 2020 – Jan 2025) 💰 Percuma!  Jangan lupa bawa MyKid dan Buku Rekod Vaksinasi anak ya ❤️ Walk- in turut diterima.  #KPJPahang #ImunisasiTambahan #VaksinMR #KesihatanAnak #LindungiAnakAnda #KejapSakitLamaSihat",https://www.instagram.com/p/DPfdsJllIxZ/,0,0,32,-1,NaN
773,rsiahusadabunda,2025-09-30T02:37:15.000Z,"Tahukah Sobat Healthy?  Vaksin BCG diberikan untuk mencegah penyakit tuberkulosis (TBC) yang bisa menyerang paru-paru dan organ tubuh lainnya. Sementara vaksin MR sangat penting untuk melindungi anak dari penyakit campak dan rubella, dua infeksi yang bisa menyebabkan komplikasi serius, bahkan kecacatan.  🗓️ Kini, jadwal vaksinasi BCG & MR di RSIA Husada Bunda telah dibuka! Pastikan buah hati mendapatkan perlindungan maksimal sejak dini.  📍 Jadwal bisa cek di postingan ya ayah bunda 📲 Segera daftar sekarang sebelum kuota penuh!  🌟 Anak sehat, tumbuh kuat! 🌟 #VaksinBCG #VaksinMR #ImunisasiAnak #JadwalVaksin #AnakSehat #CegahTBC #CegahCampakRubella-—————————— RSIA Husada Bunda Jl. Pahlawan Trip No.2, Oro-oro Dowo, Kec. Klojen, Kota Malang -—————————— Dapatkan informasi terbaru seputar Kesehatan Husada bunda melalui : Instagram @rsiahusadabunda Tiktok: @rsia_husada_bunda Website : www.rsiahusadabunda.com Facebook : RSIA Husada Bunda Google Review : https://bit.ly/GReviewRSHB Pendaftaran Pasien Rawat Jalan * Whatsapp: 08818889595 (chat only) * Telepon: (0341) 566972 Marketing Husada Bunda : 0851-7411-6060 (WA) -———————————————————— Keselamatan Pasien adalah Prioritas Kami",https://www.instagram.com/p/DPNbo5ciRXc/,0,0,3,-1,NaN
774,sempuraivictoria,2025-09-02T07:35:49.000Z,"Ngnjung org k manchal vaksin k klinik.. #vaksinMR",https://www.instagram.com/p/DOF3jIXknlt/,0,0,0,-1,NaN
775,sditmambaulula,2025-09-26T07:01:31.000Z,"✨ Pemeriksaan Kesehatan Gratis di Sekolah Dasar ✨ Hari ini anak-anak hebat kami mengikuti PKG untuk memastikan tumbuh kembang tetap optimal 💚. Kegiatan meliputi: 👀 Pemeriksaan mata 🩺 Cek tensi darah 👂 Tes pendengaran 💉 Vaksin MR untuk seluruh murid kelas 1 💉 Vaksin HPV khusus siswi kelas 5  Langkah kecil ini menjadi investasi besar untuk kesehatan dan masa depan mereka. Mari kita dukung bersama, agar generasi penerus tetap sehat, aktif, dan berprestasi! 🌟💪 . #generasisehat #vaksinmr #vaksinhpv #sdit #mambaulula #anaksehat",https://www.instagram.com/p/DPDms68E5by/,0,0,22,-1,NaN
776,parentmedica.id,2025-09-25T11:16:41.000Z,"“Campak bukan sekadar ruam merah biasa! 🚨 👉 Fakta penting yang wajib orang tua tahu: 	1.	Campak sangat menular – 9 dari 10 orang yang kontak bisa tertular bila belum imunisasi. 	2.	Komplikasi serius: pneumonia, diare berat, bahkan ensefalitis. 	3.	Imunisasi MR/MMR terbukti aman & efektif mencegah campak. 	4.	WHO menegaskan vaksinasi tinggi penting untuk cegah wabah.  ⚠️ Jangan anggap remeh campak – cegah dengan vaksinasi tepat waktu.  👉 Save postingan ini biar nggak lupa & share ke orang tua lain. 🔔 Follow @edumedika.official untuk info kesehatan anak berbasis evidence!”  ⸻  Referensi : [1] Patel, M.K., Goodson, J.L., Alexander, J.P., Kretsinger, K., Sodha, S.V., Steulet, C., Gacic-Dobo, M. & Rota, P.A., 2020. Progress toward regional measles elimination — worldwide, 2000–2019. Morbidity and Mortality Weekly Report, 69(45), pp.1700–1705. doi:10.15585/mmwr.mm6945a6 [2] World Health Organization, 2022. Measles vaccines: WHO position paper, April 2022. Weekly Epidemiological Record, 97(16), pp.185–208. Available at: https://www.who.int/publications/i/item/who-wer9716-185-208 [3] Paules, C.I., Marston, H.D. & Fauci, A.S., 2019. Measles in 2019 — going backward. New England Journal of Medicine, 380(23), pp.2185–2187. doi:10.1056/NEJMp1905099  ⸻  #campak #imunisasianak #vaksinmr #tipsparenting #parentingindonesia #kesehatananak #stopcampak #orangtuabijak #trendinghealth",https://www.instagram.com/p/DPBfG9Qj9h0/,0,0,19,-1,NaN
777,doktersimon.bsd,2025-09-03T14:25:42.000Z,"MR vs MMR, sering bikin bingung? Singkatnya:  MR 👉 vaksin campak & rubella, dipakai untuk bayi (9 bulan, 18 bulan) & anak sekolah (program pemerintah Indonesia) di usia 5-7 tahun.  MMR 👉 lebih lengkap (campak, gondongan, rubella), bisa diberikan hingga dewasa.  💡 Tips: Buat yang mau promil atau syarat keluar negeri, pilih MMR. Kalau dulu waktu kecil sudah pernah, aman kok diulang saat dewasa 💉✨  Save & share poster ini biar makin banyak yang paham 🙌  #doktersimonbsd #yourfriendlyvaccinator #vaksinMMR #vaksinMR #edukasikesehatan #vaksinpranikah #vaksinpromil #sehatbersama #vaksinuntuksemua #infokesehatan",https://www.instagram.com/p/DOJLLwOEjp0/,0,0,1,-1,NaN
778,official.sdn2ngunut,2025-09-01T03:56:55.000Z,"Imunisasi adalah proses untuk menciptakan kekebalan tubuh terhadap penyakit tertentu dengan cara memasukkan vaksin ke dalam tubuh, sehingga tubuh menjadi terlindungi dari serangan penyakit tersebut.   Proses ini menstimulasi sistem kekebalan tubuh untuk menghasilkan antibodi tanpa menimbulkan penyakit yang parah, karena vaksin berisi kuman penyakit yang sudah dilemahkan atau dimatikan.   #bias2025  #vaksinmr  #vaksintd",https://www.instagram.com/p/DOC5tFSkSB_/,0,0,10,-1,NaN
779,dokter_me,2025-08-27T07:13:30.000Z,"Waspada KLB Campak di Indonesia! Sepanjang tahun 2022, Indonesia mencatat 3.341 kasus campak yang tersebar di 223 kabupaten/kota dan 31 provinsi, meningkat drastis hingga 32 kali lipat dibanding tahun sebelumnya  Faktor utamanya? Menurunnya cakupan imunisasi dasar, terutama selama pandemi COVID-19 — menyebabkan kekebalan komunitas (herd immunity) jadi rentan   Campak mudah menular dan bisa berujung pada komplikasi serius seperti pneumonia, diare, hingga radang otak  Apa yang Bisa Kita Lakukan?  Pastikan anak dan keluarga mendapatkan vaksin MR (Measles-Rubella) sesuai jadwal: usia 9 bulan, 18 bulan, dan sekolah dasar.  Edukasi diri dari sumber tepercaya, hindari hoaks yang bisa membahayakan.  Konsultasi cepat dan mudah lewat Dokterme:  Tanya dokter anak tentang vaksinasi dan gejala dengan aman via chat atau video.  Akses artikel edukasi kesehatan langsung dari dokter.  Lindungi generasi penerus bangsa dari penyakit yang seharusnya bisa dicegah. Karena bangsa kuat dimulai dari masyarakat yang sehat.  Dokterme — Terhubung Lebih Baik. Peduli Lebih Dalam. #ImunisasiCampak #KLBcampak #VaksinMR #StopHoaxVaksin #EdukasiKesehatan #Dokterme #KonsultasiOnline #Telemedis #SehatBersamaDokterme",https://www.instagram.com/p/DN2YOcO5KaG/,0,0,2,-1,NaN
780,dr.taniaparamita,2025-08-26T00:13:14.000Z,". Lawan hoaks dan sebarkan FAKTA !  Penyakit Campak seberbahaya itu! TAPI BISA DICEGAH dengan memberikan imunisasi MR !  Apa komplikasi berat campak? 1. Pneumonia 2. Encephalitis (radang otak) 3. SSPE ➡️ Subacute Sclerosing Pan Encephalitis (rare but fatal!)  SSPE ini terjadi bertahun-tahun setelah infeksi awal.  Menyebabkan kerusakan otak progresif, penurunan kognitif, gangguan perilaku, dan kejang.  SSPE disebabkan oleh virus campak yang bermutasi dan ""sembunyi"" di sistem saraf pusat (otak) yang kemudian aktif dan menyebabkan peradangan serta kerusakan otak jangka panjang. . . Penyakit campak bisa dicegah! Jangan ragu lagi vaksin MR yaa MamaPapa semua!  Kita bisa lawan hoaks, demi kesehatan dan keselamatan anak2 kita!  Sehat selaku anak-anak Indonesia-ku ! ❤️ . . #sharingilmudrtania #vaksinmr #orimr #klbcampak #vaccinesaveslives #tumbuhkembang #tumbuhkembanganak #jadwalimunisasiidai2024",https://www.instagram.com/p/DNzDVdLZjeG/,25,0,276,-1,NaN
781,klinikdrabdulradjak,2025-08-29T02:04:30.000Z,"🚨 Campak itu bukan penyakit sepele loh  Tapi jangan khawatir, cara mencegahnya gampang 👉 cukup dengan imunisasi MR (Measles-Rubella) ✅ Lebih baik cegah daripada mengobati, kan? 😉  👉 Klik link/scan QR untuk info imunisasi & booking jadwal!  #klinikpratama #klinikdrabdulradjak #vaksinmr #imunisasianak #cegahcampak #sehatbersama #kesehatananak #sayangibu #sayanganak",https://www.instagram.com/p/DN6-dDNkxOI/,0,0,4,-1,NaN
782,nauramedika,2025-08-21T02:40:09.000Z,"👩‍⚕️✨ Sahabat Naura, Informasi untuk Ayah & Bunda yang biasa kontrol anak ke dr. Intan AP Tumbelaka, Sp.A, dokter tidak praktek pada tanggal 22–23 Agustus 2025.  Jangan khawatir, layanan Poli Anak tetap buka dengan dokter lainnya sesuai jadwal. Terima kasih atas perhatiannya 💕  Untuk Informasi lebih lanjut👇🏻 Telepon : (021) 77827515 WhatsApp : +62 811 101 8481 Alamat : Jl. Kemakmuran Raya No. 37, Mekar Jaya, Sukmajaya, Depok 16411  #KlinikDepok #Klinik24Jam #Klinik24JamDepok #VaksinMR #NauraMedika #KlinikAnak #VaksinAnak #ImunisasiAnak #CampakRubella #Depok #KlinikDepok #DokterAnakDepok #MelayaniSetulusHati",https://www.instagram.com/p/DNmcLK1StQM/,0,0,36,-1,NaN
783,saifull67.aepol,2025-08-27T12:15:11.000Z,"👱🏻‍♂️🧕🏻Ayah Ibu, *JOM* lindungi si kecil dengan mengambil imunisasi tambahan Measles-Rubella (MR)💪🏻  📌 *PERCUMA* untuk semua kanak-kanak warganegara DAN bukan warganegara yang lahir dari 1 Ogos 2020 - 31 Januari 2025  Untuk maklumat lanjut sila klik di sini 👉🏻 linktr.ee/MRSIAPKDHL  📢 Ambil langkah pencegahan sekarang! Jumpa ibu ayah dan anak kecil anda di sana!!  🌟Mohon pautan ini dihebahkan kepada komuniti setempat   #VaksinMR #HentikanDemamCampak  #stopmeaslesprotectourchildren  #SihatMilikSelangor  #LindungiAnakKita",https://www.instagram.com/p/DN26wARWi8N/,0,0,0,-1,NaN
784,pkmkrembanganselatan,2025-08-25T05:58:49.000Z,"💉 Lindungi si kecil dari campak dan rubella dengan imunisasi MR! Satu vaksin, dua perlindungan. 🌟 Yuk, pastikan anak-anak kita mendapat imunisasi MR di Puskesmas Krembangan Selatan. 👉 Sehatkan generasi, cegah penyakit sejak dini!  #ayosehatkemenkes  #sehatsurabayaku  #vaksinmr",https://www.instagram.com/p/DNxGFt9XpeV/,2,0,4,-1,NaN
785,ibi_gibreson,2025-08-30T00:44:04.000Z,"Komited  Team Klinik Kesihatan Kota Sentosa tetap komited menjalankan pemeriksaan kesihatan. Saya hantar anak untuk vaksin Measles-Rubella hari ini.   Lindungi anak-anak kita dari demam campak (Penyakit Measles)!  Measles adalah penyakit berjangkit yang boleh membawa komplikasi serius.  Vaksin MR (Measles-Rubella) adalah cara paling berkesan untuk mencegahnya.  ✅ Sesuai untuk kanak-kanak berusia 6 bulan hingga 59 bulan ✅ Diberikan secara percuma melalui Program Imunisasi Kebangsaan & Kempen MRSIA ✅ Lindungi diri, keluarga & komuniti melalui imuniti kelompok.  Vaksin MR adalah kombinasi vaksin yang diperuntukkan untuk Kempen Aktiviti Imunisasi Tambahan Measles & Rubella (MRSIA) yang memberi perlindungan kepada demam campak san penyakit rubella.  📌 Dapatkan maklumat lanjut di klinik kesihatan terdekat.  #melestarikesihatankomuniti #sihatmilikku #LindungiAnakKita  #VaksinMR  #MeaslesRubella  #Imunisasi  #MRSIA",https://www.instagram.com/p/DN9aC3qD5CX/,0,0,5,-1,NaN
786,klinikpratamairas,2025-08-27T01:30:37.000Z,"""Campak bukan penyakit sepele ❌ Ruam merah & demam bisa berkembang jadi komplikasi serius kalau tidak ditangani.  Yuk, cegah campak sejak dini dengan vaksinasi di Klinik Pratama IRAS 💉✨ Kesehatan si kecil, prioritas kita bersama ❤️  📍 Kunjungi Klinik Pratama IRAS sekarang juga atau hubungi kami untuk informasi lebih lanjut!"" 👉 Konsultasi & vaksinasi campak sekarang di Klinik Pratama IRAS! 📞 0857-7375-5507 📍 Map: Klinik Pratama IRAS  #KlinikPratamaIRAS #Campak #CegahCampak #KesehatanAnak #Vaksinasi #SehatBersama #StopCampak #KlinikKesehatan #VaksinMR #SehatItuPenting",https://www.instagram.com/p/DN1w_FBZHeh/,0,0,3,-1,NaN
787,dokteranakkuofficial,2025-08-28T02:12:17.000Z,"Waspada KLB Campak di Indonesia!‼️  ‼️ IDAI mengingatkan bahwa Campak bukan sekadar ruam dan demam. Komplikasinya bisa berbahaya, bisa sampai pneumonia, kerusakan otak permanen, bahkan mematikan, terutama pada anak-anak yang belum divaksinasi.  Berdasarkan data Kementerian Kesehatan sampai minggu ke-33 tahun 2025 atau periode 1 Januari - 21 Agustus 2025, sebanyak 46 KLB (Kejadian Luar Biasa) Campak telah dilaporkan di 42 wilayah di Indonesia.  🔸Lima wilayah yang baru melaporkan adanya KLB pada minggu ke-33, yakni Jakarta Utara, Jakarta Barat, Serang, Kota Tangerang, dan Kota Tangerang Selatan. 🔸  Total kasus campak yang terkonfirmasi di Indonesia mencapai 3.444 kasus.  🔸  Sebelumnya, ramai diperbincangkan KLB campak di Kabupaten Sumenep, Jawa Timur. Setidaknya per 20 Agustus 2025 sebanyak 2.035 kasus suspek campak dilaporkan di wilayah tersebut dengan 159 kasus telah terkonfirmasi positif campak dan 17 kasus di antaranya meninggal. 😞  👉  Ayo lindungi anak kita, dan lengkapi imunisasinya. 💉👶  👨🏻‍⚕ Segera dapatkan imunisasi MR (Campak dan Rubella) Gratis di Puskesmas, atau MR/MMR di dokter spesialis anak.  Salam sehat.  𝐃𝐨𝐤𝐭𝐞𝐫𝐀𝐧𝐚𝐤𝐤𝐮 𝘚𝘢𝘩𝘢𝘣𝘢𝘵 𝘱𝘢𝘳𝘢 𝘔𝘶𝘮𝘴 (Sumber data: https://www.kompas.id)  #VaksinMR #Campak #KLBCampak #Sumenep #imunisasi",https://www.instagram.com/p/DN4ajJgD6ux/,0,0,67,-1,NaN
788,kiwikid_clinic,2025-08-30T07:25:16.000Z,"✨ Lindungi Buah Hati dengan Vaksin MR & MMR ✨  Mom & Dad, tahukah kalau campak, rubella, dan gondongan bisa menimbulkan komplikasi serius pada anak? 👉 Campak dapat menyebabkan radang paru & otak 👉 Rubella berbahaya untuk ibu hamil karena bisa menular ke janin 👉 Gondongan bisa mengganggu kelenjar dan bahkan kesuburan  💉 Dengan vaksin MR (Measles & Rubella) dan MMR (Measles, Mumps, Rubella), anak akan mendapatkan perlindungan optimal dari ketiga penyakit tersebut.  Vaksin bukan hanya melindungi si kecil, tapi juga melindungi keluarga dan lingkungan sekitar. 🌿  Yuk, pastikan jadwal vaksinasi anak Mom tidak terlewat! Konsultasikan kebutuhan imunisasi si kecil di Kiwikid Clinic 🌸  #KiwikidClinic #VaksinMR #VaksinMMR #ImunisasiAnak #ParentingTips #TumbuhKembangAnak #KesehatanAnak",https://www.instagram.com/p/DN-H9WYCYM1/,0,0,2,-1,NaN
789,dr.sri_rezeki.spak,2025-08-29T02:13:22.000Z,"Waspada KLB Campak di Indonesia!‼️  ‼️ IDAI mengingatkan bahwa Campak bukan sekadar ruam dan demam. Komplikasinya bisa berbahaya, bisa sampai pneumonia, kerusakan otak permanen, bahkan mematikan, terutama pada anak-anak yang belum divaksinasi.  Berdasarkan data Kementerian Kesehatan sampai minggu ke-33 tahun 2025 atau periode 1 Januari - 21 Agustus 2025, sebanyak 46 KLB (Kejadian Luar Biasa) Campak telah dilaporkan di 42 wilayah di Indonesia.  🔸Lima wilayah yang baru melaporkan adanya KLB pada minggu ke-33, yakni Jakarta Utara, Jakarta Barat, Serang, Kota Tangerang, dan Kota Tangerang Selatan. 🔸  Total kasus campak yang terkonfirmasi di Indonesia mencapai 3.444 kasus.  🔸  Sebelumnya, ramai diperbincangkan KLB campak di Kabupaten Sumenep, Jawa Timur. Setidaknya per 20 Agustus 2025 sebanyak 2.035 kasus suspek campak dilaporkan di wilayah tersebut dengan 159 kasus telah terkonfirmasi positif campak dan 17 kasus di antaranya meninggal. 😞  👉  Ayo lindungi anak kita, dan lengkapi imunisasinya. 💉👶  👨🏻‍⚕ Segera dapatkan imunisasi MR (Campak dan Rubella) Gratis di Puskesmas, atau MR/MMR di dokter spesialis anak.  Salam sehat.  𝐃𝐨𝐤𝐭𝐞𝐫𝐀𝐧𝐚𝐤𝐤𝐮 𝘚𝘢𝘩𝘢𝘣𝘢𝘵 𝘱𝘢𝘳𝘢 𝘔𝘶𝘮𝘴 (Sumber data: https://www.kompas.id)  #VaksinMR #Campak #KLBCampak #Sumenep #imunisasi",https://www.instagram.com/p/DN6_eCFE6Y4/,0,0,4,-1,NaN
790,puskesmaskelayantimur,2025-08-27T11:04:10.000Z,"📢 Waspadai Campak & Rubella! Campak rubella adalah penyakit menular yang disebabkan oleh virus, dan bisa berdampak serius — terutama bagi anak-anak dan ibu hamil. Gejalanya bisa ringan, bahkan tanpa disadari, tapi bahayanya nyata: ruam, demam, hingga cacat lahir pada janin. 💉 Kabar baiknya? Bisa dicegah dengan vaksin MR! Satu suntikan = perlindungan seumur hidup. Ayo lindungi anak, keluarga, dan calon generasi bangsa. 📍Segera vaksinasi di puskesmas atau fasilitas kesehatan terdekat. Karena pencegahan selalu lebih baik daripada pengobatan. #CampakRubella #VaksinMR #LindungiAnakKita #WaspadaRubella #IndonesiaSehat #ImunisasiLengkap",https://www.instagram.com/p/DN2yn6CZiK6/,0,0,4,-1,NaN
791,intanwulandari3553,2025-08-26T12:01:35.000Z,"Masya Allah, kakak hebat 👍 berani tanpa drama ini dan itu. Terimakasih Bu bintan dan Bu Tami yg selalu mendampingi ananda² kami🙏 #vaksinMR #kelas1C #sekolahbahagia #SA'AM  @sorotan",https://www.instagram.com/p/DN0UZmJwAx3/,0,0,0,-1,NaN
792,dr.evajeumpa_spak,2025-08-29T02:10:21.000Z,"Waspada KLB Campak di Indonesia!‼️  ‼️ IDAI mengingatkan bahwa Campak bukan sekadar ruam dan demam. Komplikasinya bisa berbahaya, bisa sampai pneumonia, kerusakan otak permanen, bahkan mematikan, terutama pada anak-anak yang belum divaksinasi.  Berdasarkan data Kementerian Kesehatan sampai minggu ke-33 tahun 2025 atau periode 1 Januari - 21 Agustus 2025, sebanyak 46 KLB (Kejadian Luar Biasa) Campak telah dilaporkan di 42 wilayah di Indonesia.  🔸Lima wilayah yang baru melaporkan adanya KLB pada minggu ke-33, yakni Jakarta Utara, Jakarta Barat, Serang, Kota Tangerang, dan Kota Tangerang Selatan. 🔸  Total kasus campak yang terkonfirmasi di Indonesia mencapai 3.444 kasus.  🔸  Sebelumnya, ramai diperbincangkan KLB campak di Kabupaten Sumenep, Jawa Timur. Setidaknya per 20 Agustus 2025 sebanyak 2.035 kasus suspek campak dilaporkan di wilayah tersebut dengan 159 kasus telah terkonfirmasi positif campak dan 17 kasus di antaranya meninggal. 😞  👉  Ayo lindungi anak kita, dan lengkapi imunisasinya. 💉👶  👨🏻‍⚕ Segera dapatkan imunisasi MR (Campak dan Rubella) Gratis di Puskesmas, atau MR/MMR di dokter spesialis anak.  Salam sehat.  𝐃𝐨𝐤𝐭𝐞𝐫𝐀𝐧𝐚𝐤𝐤𝐮 𝘚𝘢𝘩𝘢𝘣𝘢𝘵 𝘱𝘢𝘳𝘢 𝘔𝘶𝘮𝘴 (Sumber data: https://www.kompas.id)  #VaksinMR #Campak #KLBCampak #Sumenep #imunisasi",https://www.instagram.com/p/DN6_H6kkpI8/,0,0,10,-1,NaN
793,mialamin_tabanan,2025-09-01T00:34:20.000Z,"📢 Vaksin MR dan HPV di MI Al-Amin Jumat, 30 Agustus 2025 berjalan dengan lancar.  Alhamdulillah, MI Al-Amin Tabanan bekerjasama dengan Puskesmas Tabanan 3 dalam program vaksinasi MR (Measles-Rubella) dan HPV (Human Papilloma Virus) bagi peserta didik. 🌸  ✨ Vaksin MR (Measles–Rubella) bertujuan melindungi anak-anak dari penyakit campak dan rubella yang berbahaya, Vsksin ini diberikan untuk seluruh anak kelas 1 baik putra maupun putri.  ✨ Vaksin HPV (Human Papilloma Virus) diberikan terutama kepada anak perempuan untuk mencegah kanker serviks sejak dini, sehingga di masa depan mereka tumbuh sehat dan berdaya. Vaksin ini diberikan untuk peserta didik perempuan kelas 5.  Kerjasama ini merupakan bentuk nyata sinergi antara lembaga pendidikan dan layanan kesehatan masyarakat. Dengan dukungan penuh dari Puskesmas Tabanan 3  Terima kasih kepada Puskesmas Tabanan 3 atas dukungan dan pendampingannya 🙏💚 Mari bersama kita sukseskan imunisasi demi masa depan anak-anak yang lebih sehat dan ceria! 🌟 #kemenag_tabanan #kemenag_bali #pendis_bali #pendiskemenag #kemenag_ri #pendistabanan #PuskesmasTabanan3 #VaksinMR #VaksinHPV #KurikulumBerbasisCinta",https://www.instagram.com/p/DOCihPUEsjE/,0,0,6,-1,NaN
794,anatanakonda,2025-08-27T05:52:12.000Z,"Kegiatan hari ini #VaksinMR #FOTOFYP",https://www.instagram.com/p/DN2O6_AZFNG/,0,0,0,-1,NaN
795,pkksandakan,2025-08-22T08:20:58.000Z,"🛡️LINDUNGI ANAK ANDA DARI CAMPAK & RUBELLA! 💉Vaksin Measles-Rubella (MR) PERCUMA, SELAMAT, dan BERKESAN  Tempoh Pemberian Vaksin: 🗓️4 OGOS - 12 OKTOBER 2025 📍KLINIK KESIHATAN BERHAMPIRAN ANDA  👶Untuk kanak-kanak 6 bulan - 59 bulan (bawah 5 tahun) ✅ 1 suntikan = 2 perlindungan seumur hidup!  “Jom Vaksinasi Anak Kita Bersama” “Lindungi Anak Anda, Lindungi Komuniti Kita” #VaksinMR #AgendaNasionalMalaysiaSihat #kkmprihatin  #MRSIA #UnitPromosiKesihatan #pejabatkesihatankawasansandakan #MalaysiaMadani",https://www.instagram.com/p/DNpn-Pyz7jJ/,1,0,6,-1,NaN
796,klinikdrabdulradjakbekasi,2025-08-29T02:28:40.000Z,"🚨 Campak itu bukan penyakit sepele loh  Tapi jangan khawatir, cara mencegahnya gampang 👉 cukup dengan imunisasi MR (Measles-Rubella) ✅ Lebih baik cegah daripada mengobati, kan? 😉  👉 Klik link/scan QR untuk info imunisasi & booking jadwal!  #klinikpratama #klinikdrabdulradjak #vaksinmr #imunisasianak #cegahcampak #sehatbersama #kesehatananak #sayangibu #sayanganak",https://www.instagram.com/p/DN7BOGuARTO/,0,0,2,-1,NaN
797,dr.rafli_sarafanak,2025-08-29T02:18:59.000Z,"Waspada KLB Campak di Indonesia!‼️  ‼️ IDAI mengingatkan bahwa Campak bukan sekadar ruam dan demam. Komplikasinya bisa berbahaya, bisa sampai pneumonia, kerusakan otak permanen, bahkan mematikan, terutama pada anak-anak yang belum divaksinasi.  Berdasarkan data Kementerian Kesehatan sampai minggu ke-33 tahun 2025 atau periode 1 Januari - 21 Agustus 2025, sebanyak 46 KLB (Kejadian Luar Biasa) Campak telah dilaporkan di 42 wilayah di Indonesia.  🔸Lima wilayah yang baru melaporkan adanya KLB pada minggu ke-33, yakni Jakarta Utara, Jakarta Barat, Serang, Kota Tangerang, dan Kota Tangerang Selatan. 🔸  Total kasus campak yang terkonfirmasi di Indonesia mencapai 3.444 kasus.  🔸  Sebelumnya, ramai diperbincangkan KLB campak di Kabupaten Sumenep, Jawa Timur. Setidaknya per 20 Agustus 2025 sebanyak 2.035 kasus suspek campak dilaporkan di wilayah tersebut dengan 159 kasus telah terkonfirmasi positif campak dan 17 kasus di antaranya meninggal. 😞  👉  Ayo lindungi anak kita, dan lengkapi imunisasinya. 💉👶  👨🏻‍⚕ Segera dapatkan imunisasi MR (Campak dan Rubella) Gratis di Puskesmas, atau MR/MMR di dokter spesialis anak.  Salam sehat.  𝐃𝐨𝐤𝐭𝐞𝐫𝐀𝐧𝐚𝐤𝐤𝐮 𝘚𝘢𝘩𝘢𝘣𝘢𝘵 𝘱𝘢𝘳𝘢 𝘔𝘶𝘮𝘴 (Sumber data: https://www.kompas.id)  #VaksinMR #Campak #KLBCampak #Sumenep #imunisasi",https://www.instagram.com/p/DN7AHHwCURZ/,0,0,11,-1,NaN
798,dr.taniaparamita,2025-08-27T01:50:03.000Z,". Vaksin MR dan MMR tidak menyebabkan autism.  Saya tdk akan bahas lebih lanjut.  Yang ditekankan disini adalah mengenai autism.  Lebih lengkapnya, Autism Spectrum Disorder (ASD).  Deteksi red flags bisa dinilai sejak usia dini 6-12 bulan.  Waspada kalau anak: ✨️Tidak merespons saat namanya dipanggil (start usia 6bln) ✨️Tidak menunjuk yang dimau ✨️Tidak ada kontak mata saat diajaj bicara ✨️Ada gerakan repetitif ✨️Speech delay    ➡️➡️ Jangan lakukan self-diagnosis. Dan jangan putuskan untuk terapi sendiri.  Biasanya dilakukan oleh tim dokter anak/rehab medik dan terapist yg sesuai.   Semoga bermanfaat ya.   Sumber: IDAI dan AAP  #sharingilmudrtania #autism #speechdelay #tumbuhkembang #tumbuhkembanganak #asd #autismspectrumdisorder #hoaxvaksin #biasanaksd #vaksinmr #vaksinmmr",https://www.instagram.com/p/DN1zNcnZkfa/,0,0,36,-1,NaN
799,safa_safdina,2025-08-27T04:29:58.000Z,"Hai bunda shasa abis Imunisasi MR (Measles-Rubella)   program Bulan Imunisasi Anak Sekolah (BIAS) yang diselenggarakan oleh Kementerian Kesehatan Indonesia.   Kenapa sih mama bolehkan shasa imunisasi ??  Karena...  Imunisasi ini bertujuan untuk melindungi anak-anak dari penyakit campak (measles) dan rubella.  Tujuan Imunisasi MR :  - *Melindungi dari Campak dan Rubella*: Imunisasi MR membantu melindungi anak-anak dari penyakit campak dan rubella yang dapat menyebabkan komplikasi serius seperti radang paru-paru, radang otak, kebutaan, dan bahkan kematian.  - *Pencegahan pada Ibu Hamil*: Rubella dapat menyebabkan kecacatan pada bayi jika ibu hamil terinfeksi.  Keamanan Imunisasi MR  - *Vaksin Aman*: Vaksin MR yang digunakan telah mendapat rekomendasi dari WHO dan izin edar dari Badan POM.  - *Efek Samping Ringan*: Efek samping yang mungkin terjadi biasanya ringan dan sementara, seperti demam ringan atau nyeri di tempat suntikan.  Yukk bun bijak untuk kesehatan anak 🥰 Part Selanjutnya aq akan jelaskan campak dan rubella...  Yukk komen dulu di bawah mau di jelasin yang mana dulu nih ... Campak?? Atau Rubella?  @kemenkes_ri  #vaksin #vaksinasi #vaksinaman #imunisasi #imunisasicampak #imunisasicampakrubella #vaksinmr",https://www.instagram.com/p/DN2FgyK0iPb/,0,0,522,-1,NaN
800,pusk.punggur,2025-08-26T04:00:58.000Z,"Waspadai Campak! Jangan Anggap Sepele  Campak adalah penyakit menular yang bisa berakibat serius, terutama pada anak-anak. Kenali gejala, cara penularan, dan pencegahannya!  Pastikan imunisasi anak lengkap dan tepat waktu! Lindungi diri dan sekitar dari wabah campak.  #Campak#VaksinMR #ImunisasiAnak #CegahCampak #SehatItuPenting#phbs",https://www.instagram.com/p/DNzdZdu4h1e/,0,0,3,-1,NaN
801,puskesmassebengkok,2025-08-28T10:48:27.000Z,"💉✨ Bulan Imunisasi Anak Sekolah (BIAS) Puskesmas Sebengkok melaksanakan kegiatan BIAS di SDN 037 Tarakan dengan pemberian vaksin HPV dan MR. Kegiatan ini bertujuan untuk melindungi anak-anak dari penyakit berbahaya, khususnya kanker serviks melalui vaksin HPV serta campak dan rubella melalui vaksin MR 👦👧🌱  Mari bersama wujudkan generasi sehat dan terlindungi 💙💛  #PuskesmasSebengkok #BIAS2025 #ImunisasiAnak #VaksinHPV #VaksinMR #AnakSehat #Tarakan #KalimantanUtara",https://www.instagram.com/p/DN5VnvSjzHp/,0,0,5,-1,NaN
802,doktersimon.bsd,2025-08-25T04:36:10.000Z,"🚨 2.000 anak kena campak, 17 meninggal di Sumenep! Banyak orang masih percaya hoaks vaksin: katanya haram, bikin mandul, bikin sakit parah.  ❌ Itu semua nggak benar! ✅ Vaksin MR halal & aman, sudah dipakai sebelum pandemi, dan tidak ada bukti bikin mandul. ✅ Justru tanpa imunisasi, anak bisa kena radang paru, radang otak, bahkan meninggal.  👉 Faskes pemerintah & swasta menyediakan imunisasi MR. Jangan tunggu sampai terlambat. Kalau anak kita yang kena, sanggup nggak bayangin rasanya? 💔  #Campak #BreakingNews #FYP #StopHoaks #VaksinMR #AnakSehat #edukasikesehatan",https://www.instagram.com/p/DNw8oa25LLq/,0,0,5,-1,NaN
803,pkm.jemberkidul,2025-08-28T06:23:38.000Z,"🚨 WASPADA CAMPAK 🚨  Campak adalah penyakit infeksi akut yang disebabkan oleh virus. Campak bisa menular dan dapat menyebabkan komplikasi serius, terutama pada anak/orang dengan sistem kekebalan yang lemah. Oleh karena itu, penting untuk mengetahui gejala dan cara pencegahannya.   Jika menemukan tanda dan gejala, segera kunjungi fasilitas kesehatan terdekat  Dan tentunya, jangan lupa berikan imunisasi pada anak untuk mencegah campak 😉  Salam sehat!  #puskesmas #puskesmasjember #puskesmasjemberkidul #campak #rubella #waspada #vaksin #imunisasi #imunisasicampak #imunisasiMR #measlesrubela #vaksinMR",https://www.instagram.com/p/DN43UFJEnX3/,0,0,4,-1,NaN
804,adqiaaufa,2025-08-23T01:59:18.000Z,"#fbpro #vaksinMR",https://www.instagram.com/p/DNrhFt-6MJ4/,2,0,1,-1,NaN
805,pkmsemplak,2025-08-06T04:33:20.000Z,"*Imunisasi untuk Masa Depan yang Lebih Baik*  Tahu kah kamu? Vaksin MR melindungi anak-anak dari penyakit campak dan rubella, sedangkan vaksin HPV melindungi dari kanker serviks. Lindungi anak-anak kita dari penyakit berbahaya! Bulan Imunisasi Anak Sekolah (BIAS) hadir untuk memberikan vaksin MR bagi siswa kelas 1 dan vaksin HPV bagi siswi kelas 5 dan Kelas 6 perempuan ( yang belum mendapatkan imunisasi HPV )   Mari kita dukung kesehatan anak kita ! Jangan ragu untuk imunisas  #puskesmassemplak #melayanidengancerdas #BIAS #ImunisasiAnakSekolah #KesehatanAnak #VaksinMR #VaksinHPV #kankerserviks",https://www.instagram.com/p/DNABNCvRXYR/,0,0,8,-1,NaN
806,voxpapua.id,2025-08-04T09:44:31.000Z,"Memasuki Agustus, Dinas Kesehatan Papua Barat kembali menggencarkan Bulan Imunisasi Anak Sekolah (BIAS) sebagai upaya melindungi generasi bangsa dari penyakit berbahaya.  Tahun ini, program difokuskan pada pemberian vaksin MR (Measles Rubella) dan HPV (Human Papillomavirus) untuk anak usia sekolah dasar demi mencegah campak, rubella, dan kanker serviks sejak dini.  Langkah kecil hari ini, demi masa depan anak Papua Barat yang lebih sehat 🤍💉  Sumber: Oridek News  #BIAS2025 #PapuaBaratSehat #ImunisasiAnak #VaksinMR #VaksinHPV #VoxPapua #VoxIndonesia",https://www.instagram.com/p/DM7bOZLydcT/,0,0,67,-1,NaN
807,salampapua,2025-08-08T07:52:37.000Z,"600 Dosis Vaksin Disiapkan, Puskesmas Wania Jalankan Program BIAS Di Mimika  SALAM PAPUA (TIMIKA) – Puskesmas Wania menjalankan Bulan Imunisasi Anak Sekolah (BIAS) dengan target 22 SD dan 600 dosis vaksin untuk melindungi kesehatan anak-anak Mimika. ⠀ 📍 Sasaran Vaksinasi: 🔹 Kelas 1 → Vaksin MR & DT 🔹 Kelas 2 & 5 → Vaksin Td 🔹 Kelas 5 & 6 (Siswi) → Vaksin HPV (pencegahan kanker serviks) ⠀ 📌 Fakta Penting: ✅ Imunisasi HPV tahun ini hanya 1 kali (tahun lalu 2 kali) ✅ Persetujuan orang tua menjadi syarat pemberian vaksin ✅ Program berlangsung Agustus–September 2025 ✅ Vaksin HPV tersedia 600 dosis (termasuk untuk 11 SMP) ✅ Vaksin Td tersedia 100 dosis untuk 22 SD ⠀ 💬 Elis Meti – Petugas BIAS Puskesmas Wania: ""Vaksin yang diberikan aman dan penting untuk mencegah penyakit berbahaya pada anak."" ⠀ 📢 Baca berita selengkapnya di: 🌐 www.salampapua.com ⠀ 📲 Follow Salam Papua di: IG: @salampapua | TikTok: SALAM PAPUA | YouTube: SALAM PAPUA Media Online ⠀ #SalamPapua #Mimika #PapuaTengah #BIAS2025 #PuskesmasWania #KesehatanAnak #ImunisasiAnak #VaksinMR #VaksinDT #VaksinTd #VaksinHPV #CegahKankerServiks #BeritaPapua #PapuaUpdate #KabarMimika #MediaPapua",https://www.instagram.com/p/DNFhmUORVwW/,0,0,19,-1,NaN
808,nettyvest22,2025-08-04T02:48:22.000Z,"Hari ni dia hadir klinik untuk vaksin mr. Sebelum dan selepas vaksin. Awal datang klinik happy, di round betul klinik. Di kasih tengok upin ipin, diam sekejap. Time jarum, eh teriak menangis juga sekejap. Tak dia fokus sama hp, fokus tu jarum sudah. Last gambar tu lepas vaksin. 🤣  #NoahVaksin #storytoday #vaksinmr",https://www.instagram.com/p/DM6rmf-PC6a/,13,0,10,-1,NaN
809,puskesmastanjungsakti.lahat,2025-08-08T10:19:44.000Z,"[ KEGIATAN BIAS VAKSIN HPV U/ ANAK SEKOLAH DASAR KELAS 5 DAN KELAS 9 SMP USIA 15 TH SERTA  VAKSIN MR U/ ANAK SEKOLAH DASAR KELAS 1 WILAYAH KERJA UPT PUSKESMAS TANJUNG SAKTI]  Giat pelaksanaan Kegiatan BIAS  Vaksin HPV untuk anak sekolah dasar kelas 5 dan Kelas 9 SMP Usia 15 Th dan Vaksin MR untuk anak sekolah dasar kelas 1 wilaya kerja UPT Puskesmas Tanjung Sakti,  Kec. Tanjung Sakti PUMI, Kab. Lahat.  Program BIAS( Bulan Imunisasi Anak Sekolah) sangat penting, karena sejak anak mulai memasuki usia sekolah dasar terjadi penurunan kekebalan yang diperoleh saat imunisasi ketika bayi.   Anak kelas 1 akan mendapatkan imunisasi MR sedangkan anak Perempuan kelas 5 dan kelas 9 SMP akan mendapatkan imunisasi HPV.  Setiap anak usia sekolah harus dipastikan memiliki riwayat imunisasi rutin lengkap yang bertujuan untuk: 1) Meningkatkan kekebalan anak usia sekolah terhadap penyakit Campak, Rubela, Tetanus, dan Difteri.  2) Memberikan kekebalan bagi anak perempuan usia sekolah terhadap penyakit Kanker leher rahim.  3) Menurunkan angka kesakitan dan kematian akibat penyakit Campak, Rubela, Tetanus, Difteri dan Kanker leher rahim.  Salam sehat !!! Sehat berawal dari kita 😉  ================================== Media UPT Puskesmas Tanjung Sakti : 📌 Email: puskesmastanjungsakti123@gmail.com 📌 Facebook: Puskesmas Tanjung Sakti 📌 Instagram: @puskesmastanjungsakti.lahat  #dinkeskabupatenlahat #uptpuskesmastanjungsakti #salamsehat #sehatberawaldarikita  #AyosukseskanBIAS  #vaksinhpv  #vaksinmr",https://www.instagram.com/p/DNFyb3GR8j3/,0,0,17,-1,NaN
810,kvraisha,2025-08-20T14:16:00.000Z,"MR vs MMR: Apa Bedanya? Mana yang Dibutuhkan Anak?  Banyak orang tua masih bingung antara vaksin MR dan MMR. Yuk, kenali perbedaannya :  🔹 Vaksin MR 👉 Kandungan: Measles + Rubella 👉 Proteksi: 2 penyakit (campak & rubella) 👉 Usia pemberian: mulai 9 bulan (sesuai IDAI)  🔹 Vaksin MMR 👉 Kandungan: Measles + Mumps + Rubella 👉 Proteksi: 3 penyakit (campak, gondongan, rubella) 👉 Usia pemberian: mulai 12 bulan   Keduanya sama-sama penting untuk melindungi anak dari penyakit berbahaya. Konsultasikan dengan dokter untuk jadwal vaksinasi terbaik sesuai usia si kecil.  Raisha Vaccine Center 0821-3430-4204  Buka Senin-Sabtu Pukul 15.00-20.00 WIB  #VaksinAnak #VaksinMR #VaksinMMR #KlinikVaksinasiRaisha #AkulahMasaDepan #CegahPenyakit #raishavaccinecenter #vaksindewasa #klinikvaksin #klinikyogyakarta #kvraisha #vaksindewasa #cegahpenyakit",https://www.instagram.com/p/DNlHAzdSHej/,0,0,3,-1,NaN
811,eynaefiza,2025-08-13T07:41:33.000Z,"Done ambik vaksin campak kat Klinik Desa Mengabang Telipot todayyyyy ✅   Hebak ah Mohammad Eidlan 💙 To parents gi la ambik sebab sekarang goverment dah bagi FREE 🙏🏼 Lepas habis tarikh expired dia , kena ambil dekat private sebab ni additional vaccines   Thankyou KKM & misi misi KDMT🫰🏻  #vaksinMR #SayaSudahAndaBilaLagi",https://www.instagram.com/p/DNSYTqO1fUj/,0,0,0,-1,NaN
812,loen512,2025-08-06T03:25:59.000Z,"Imunisasi campak rubella (MR) diberikan kepada anak pada usia 9 bulan sebagai dosis pertama (primer) dan pada usia 18 bulan sebagai dosis kedua (booster). Selain itu, booster kedua bisa diberikan lagi saat anak berusia 5-7 tahun. Pemberian dosis booster kedua pada usia 5-7 tahun direkomendasikan untuk memastikan perlindungan optimal terhadap campak dan rubella sepanjang masa kanak-kanak. Pentingnya Vaksinasi: Imunisasi campak rubella penting untuk mencegah penyebaran penyakit campak dan rubella yang sangat menular, terutama pada anak-anak  #mySAR #vaksinMR",https://www.instagram.com/p/DM_5fnZJS6o/,0,0,0,-1,NaN
813,abi_zarif_zahra,2025-08-15T03:58:44.000Z,"Saya baru balik dari klinik..kena ambil suntikan vaksin Meales&Rubella.🤗 Mujur tak mengamuk.Duduk diam je dia..bagus2 hihihi😊😋 #programimunisasikebangsaan #vaksinMR",https://www.instagram.com/p/DNXIZfDThSs/,0,0,1,-1,NaN
814,sdnbanjarsugihan_v_sby,2025-08-10T14:14:58.000Z,"Pemberian Imunisasi MR ( Seluruh Siswa Kelas 1 ) yang dilakukan oleh Puskesmas Manukan Kulon pada Rabu (6/8/2025) . Melakukan pemeriksaan kondisi tubuh dan pemberian Vaksin MR   @dispendiksby @surabaya @sehatsurabayaku @puskesmasmanukankulon @mega_mendung232  @sdnbanjarsugihan_v_sby   #dispendiksby #vaksinmr #puskesmasmanukankulon  #sehat #kuat #sehatsurabayaku #sdnbanjarsugihan5",https://www.instagram.com/p/DNLW8hqpSMw/,0,0,3,-1,NaN
815,victoriabantin,2025-08-07T10:56:52.000Z,"Saya sudah ko si dadup mmy 😍.. Anda bila lg🤗.. #kkselangau #vaksinMR #kesihatan #fyp",https://www.instagram.com/p/DNDR44KPuwx/,0,0,0,-1,NaN
816,rscondongcatur,2025-08-07T04:11:43.000Z,"Halo Sahabat RSCC! Semoga semua tetap dalam keadaan sehat ya 😊  Sahabat RSCC apakah mengetahui manfaat Imunisasi BCG & MR ?  Imunisasi BCG dapat memberikan perlindungan terhadap Tuberkulosis / TBC, sedangkan imunisasi MR dapat memberikan perlindungan terhadap Measles (Campak) & Rubella (Vampak Jerman).  RS Condong Catur Melayani Imunisasi BCG & MR yang dilaksanakan pada :  Hari : Senin, 11 Agustus 2025 Tempat : Klinik Anak Jam : 13.00 sd Selesai  Yuk Bunda akses layanan Imunisasi anak BCG & MR di klinik anak RS Condong Catur.  🏥 RS Condong Catur 📍Alamat : Jl. Manggis No.6 Condong Catur Sleman Yogyakarta ☎ Telepon : (0274) 887494 WhatsApp : 0859 3932 0877 . -Solusi JITU Kesehatan Anda- . #klinik #anak #klinikanak #vaksinanak #vaksin #vaksinbcg #vaksinmr #jogja #condongcatur #kesehatan #rscondongcatur #pelayanan #sehat #rumahsakityogyakarta #klinikbersalin #klinikanak #polianak #dokteranak #dokterspesialisanak #RSCCjitu #rsccjitu",https://www.instagram.com/p/DNCjhi2zRQ9/,0,0,7,-1,NaN
817,upklms,2025-08-04T08:55:03.000Z,"🦉💉 O-Well pun dah ambil vaksin MR! Kempen MR SIA (Measles-Rubella Supplementary Immunisation Activity) kini sedang berlangsung! Jangan lepaskan peluang!  📢 Pemberian imunisasi Measles Rubella (MR) secara percuma kepada semua kanak-kanak berumur 6 bulan hingga 59 bulan (bawah 5 tahun)!  📆 Tempoh: 4 Ogos – 12 Oktober 2025 📍 Lokasi: Klinik kesihatan kerajaan & lokasi terpilih seluruh negara  🌈 Lindungi anak-anak kita daripada jangkitan campak & rubella. Vaksin itu mudah, percuma & selamat!  💬 “Jom Vaksin Campak & Rubella! Lindungi Anak-Anak Kita 💉” – O-Well  #MRSIA #VaksinMR #PKDLMS #OWell #ImunisasiPercuma #LindungiAnakKita #measlesrubella",https://www.instagram.com/p/DM7VkH8RkDA/,0,0,3,-1,NaN
818,puskesmastanjungsakti.lahat,2025-08-10T10:57:59.000Z,"[ KEGIATAN BIAS VAKSIN HPV U/ ANAK SEKOLAH DASAR KELAS 5 DAN KELAS 9 SMP USIA 15 TH SERTA  VAKSIN MR U/ ANAK SEKOLAH DASAR KELAS 1 WILAYAH KERJA UPT PUSKESMAS TANJUNG SAKTI]  Giat pelaksanaan Kegiatan BIAS  Vaksin HPV untuk anak sekolah dasar kelas 5 dan Kelas 9 SMP Usia 15 Th dan Vaksin MR untuk anak sekolah dasar kelas 1 wilaya kerja UPT Puskesmas Tanjung Sakti,  Kec. Tanjung Sakti PUMI, Kab. Lahat.  Program BIAS( Bulan Imunisasi Anak Sekolah) sangat penting, karena sejak anak mulai memasuki usia sekolah dasar terjadi penurunan kekebalan yang diperoleh saat imunisasi ketika bayi.   Anak kelas 1 akan mendapatkan imunisasi MR sedangkan anak Perempuan kelas 5 dan kelas 9 SMP akan mendapatkan imunisasi HPV.  Setiap anak usia sekolah harus dipastikan memiliki riwayat imunisasi rutin lengkap yang bertujuan untuk: 1) Meningkatkan kekebalan anak usia sekolah terhadap penyakit Campak, Rubela, Tetanus, dan Difteri.  2) Memberikan kekebalan bagi anak perempuan usia sekolah terhadap penyakit Kanker leher rahim.  3) Menurunkan angka kesakitan dan kematian akibat penyakit Campak, Rubela, Tetanus, Difteri dan Kanker leher rahim.  Salam sehat !!! Sehat berawal dari kita 😉  ================================== Media UPT Puskesmas Tanjung Sakti : 📌 Email: puskesmastanjungsakti123@gmail.com 📌 Facebook: Puskesmas Tanjung Sakti 📌 Instagram: @puskesmastanjungsakti.lahat  #dinkeskabupatenlahat #uptpuskesmastanjungsakti #salamsehat #sehatberawaldarikita  #AyosukseskanBIAS  #vaksinhpv  #vaksinmr",https://www.instagram.com/p/DNLAZvyRnfD/,0,0,10,-1,NaN
819,n.f_bidankita,2025-08-17T01:36:38.000Z,"Hallo cinta-cinta N.F Bidan Kita 👋🏻 Imunisasi PCV dapat mencegah pneumonia dan penyakit serius lainnya yang disebabkan oleh bakteri pneumokokus. Pemberian vaksin PCV biasanya dilakukan dalam beberapa dosis, tergantung pada usia anak. Umumnya, dosis pertama diberikan pada usia 2 bulan, dosis kedua pada usia 3 bulan, dan dosis ketiga pada usia 12 bulan 💕 #salamsehatcinta🤍  #senyumanandabahagiakami . . . . . . . . . . . . . #imunisasi #imunisasibayi #imunisasilengkap #imunisasiklapanunggal #imunisasibayicileungsi #imunisasidasarlengkap #rotavirus #imunisasibidanklapanunggal  #babycarecileungsi #babycareklapanunggal #anaksehat #bayisehat #babyspa #babyspacileungsi #babyspaklapanunggal #nfbidankitababycare&spa #mombabyspa #vaksinpnemokokus #nfbidankita #nfmombabyspa #babyspamurahcileungsi #spababycileungsi #bayisehat #imunisasibayi #imunisasirotavirusklapanunggal #vaksinmr #imunisasicampakrubella #imunisasipcv #fypppppppppppppppppppppppppppppppppppppppppppppppppppppppppppppppppppppp",https://www.instagram.com/p/DNcBudsy23F/,0,0,3,-1,NaN
820,rumahvaksinasi_malang,2025-08-17T04:05:14.000Z,"DIRGAHAYU REPUBLIK INDONESIA KE 80 INDONESIA JAYA  MERDEKA   Jangan lewatkan promo di bulan Agustus 2025  #rumahvaksinasimalang #vaksinasilengkapmalang  #imunisasibayimalang  #imunisasimurahmalang  #vaksinlengkapmalang #imunisasiterjangkaumalang  #imunisasidewasa #imunisasibayi #vaksinbcg #vaksinmr #vaksindpt  #vaksinrotavirus #vaksinprogrammalang",https://www.instagram.com/p/DNcSu2hzyJN/,0,0,0,-1,NaN
821,puskesmastanjungsakti.lahat,2025-08-07T10:51:41.000Z,"[ KEGIATAN BIAS VAKSIN HPV U/ ANAK SEKOLAH DASAR KELAS 5 DAN KELAS 9 SMP USIA 15 TH SERTA  VAKSIN MR U/ ANAK SEKOLAH DASAR KELAS 1 WILAYAH KERJA UPT PUSKESMAS TANJUNG SAKTI]  Giat pelaksanaan Kegiatan BIAS  Vaksin HPV untuk anak sekolah dasar kelas 5 dan Kelas 9 SMP Usia 15 Th dan Vaksin MR untuk anak sekolah dasar kelas 1 wilaya kerja UPT Puskesmas Tanjung Sakti,  Kec. Tanjung Sakti PUMI, Kab. Lahat.  Program BIAS( Bulan Imunisasi Anak Sekolah) sangat penting, karena sejak anak mulai memasuki usia sekolah dasar terjadi penurunan kekebalan yang diperoleh saat imunisasi ketika bayi.   Anak kelas 1 akan mendapatkan imunisasi MR sedangkan anak Perempuan kelas 5 dan kelas 9 SMP akan mendapatkan imunisasi HPV.  Setiap anak usia sekolah harus dipastikan memiliki riwayat imunisasi rutin lengkap yang bertujuan untuk: 1) Meningkatkan kekebalan anak usia sekolah terhadap penyakit Campak, Rubela, Tetanus, dan Difteri.  2) Memberikan kekebalan bagi anak perempuan usia sekolah terhadap penyakit Kanker leher rahim.  3) Menurunkan angka kesakitan dan kematian akibat penyakit Campak, Rubela, Tetanus, Difteri dan Kanker leher rahim.  Salam sehat !!! Sehat berawal dari kita 😉  ================================== Media UPT Puskesmas Tanjung Sakti : 📌 Email: puskesmastanjungsakti123@gmail.com 📌 Facebook: Puskesmas Tanjung Sakti 📌 Instagram: @puskesmastanjungsakti.lahat  #dinkeskabupatenlahat #uptpuskesmastanjungsakti #salamsehat #sehatberawaldarikita  #AyosukseskanBIAS  #vaksinhpv  #vaksinmr",https://www.instagram.com/p/DNDRTDEz9nO/,0,0,15,-1,NaN
822,pkmsemplak,2025-08-04T00:15:36.000Z,"*Imunisasi untuk Masa Depan yang Lebih Baik*  Tahu kah kamu? Vaksin MR melindungi anak-anak dari penyakit campak dan rubella, sedangkan vaksin HPV melindungi dari kanker serviks. Lindungi anak-anak kita dari penyakit berbahaya! Bulan Imunisasi Anak Sekolah (BIAS) hadir untuk memberikan vaksin MR bagi siswa kelas 1 dan vaksin HPV bagi siswi kelas 5 dan Kelas 6 perempuan ( yang belum mendapatkan imunisasi HPV )   Mari kita dukung kesehatan anak kita ! Jangan ragu untuk imunisas  #puskesmassemplak #melayanidengancerdas #BIAS #ImunisasiAnakSekolah #KesehatanAnak #VaksinMR #VaksinHPV #kankerserviks",https://www.instagram.com/p/DM6aHlBTGVe/,0,0,9,-1,NaN
823,rumahvaksinasi_malang,2025-07-31T13:48:33.000Z,"Kalo kemarin mimin bahas tentang 5 jenis vaksin sebelum menikah, nah sekarang mimin mau info terkait jadwal pemberiannya nih? Kapan sebaiknya vaksin2 sebelum menikah dilakukan? Jawabannya ada ditabel ya👆🏻👆🏻 Jika ada yg belum paham, boleh ya komen dibawah👇🏻 atau hubungi @rumahvaksinasi_malang Dan jika bermanfaat boleh save and share postingan ini ya☺️  #rumahvaksinasimalang #vaksinasilengkapmalang  #imunisasibayimalang  #imunisasimurahmalang  #vaksinlengkapmalang #imunisasiterjangkaumalang  #imunisasidewasa #imunisasibayi #vaksinbcg #vaksinmr #vaksindpt  #vaksinrotavirus #vaksinprogrammalang",https://www.instagram.com/p/DMxj-SozFXg/,0,0,9,-1,NaN
824,puskesmastanjungsakti.lahat,2025-08-14T02:13:36.000Z,"[ KEGIATAN BIAS VAKSIN HPV U/ ANAK SEKOLAH DASAR KELAS 5 DAN KELAS 9 SMP USIA 15 TH SERTA  VAKSIN MR U/ ANAK SEKOLAH DASAR KELAS 1 WILAYAH KERJA UPT PUSKESMAS TANJUNG SAKTI]  Giat pelaksanaan Kegiatan BIAS  Vaksin HPV untuk anak sekolah dasar kelas 5 dan Kelas 9 SMP Usia 15 Th dan Vaksin MR untuk anak sekolah dasar kelas 1 wilaya kerja UPT Puskesmas Tanjung Sakti,  Kec. Tanjung Sakti PUMI, Kab. Lahat.  Program BIAS( Bulan Imunisasi Anak Sekolah) sangat penting, karena sejak anak mulai memasuki usia sekolah dasar terjadi penurunan kekebalan yang diperoleh saat imunisasi ketika bayi.   Anak kelas 1 akan mendapatkan imunisasi MR sedangkan anak Perempuan kelas 5 dan kelas 9 SMP akan mendapatkan imunisasi HPV.  Setiap anak usia sekolah harus dipastikan memiliki riwayat imunisasi rutin lengkap yang bertujuan untuk: 1) Meningkatkan kekebalan anak usia sekolah terhadap penyakit Campak, Rubela, Tetanus, dan Difteri.  2) Memberikan kekebalan bagi anak perempuan usia sekolah terhadap penyakit Kanker leher rahim.  3) Menurunkan angka kesakitan dan kematian akibat penyakit Campak, Rubela, Tetanus, Difteri dan Kanker leher rahim.  Salam sehat !!! Sehat berawal dari kita 😉  ================================== Media UPT Puskesmas Tanjung Sakti : 📌 Email: puskesmastanjungsakti123@gmail.com 📌 Facebook: Puskesmas Tanjung Sakti 📌 Instagram: @puskesmastanjungsakti.lahat  #dinkeskabupatenlahat #uptpuskesmastanjungsakti #salamsehat #sehatberawaldarikita  #AyosukseskanBIAS  #vaksinhpv  #vaksinmr",https://www.instagram.com/p/DNUXkkVzaL3/,0,0,11,-1,NaN
825,dhammasekhaexcellent,2025-08-12T07:49:10.000Z,"𝙎𝙚𝙝𝙖𝙩 𝙙𝙞𝙢𝙪𝙡𝙖𝙞 𝙙𝙖𝙧𝙞 𝙡𝙖𝙣𝙜𝙠𝙖𝙝 𝙠𝙚𝙘𝙞𝙡 𝙩𝙖𝙥𝙞 𝙗𝙚𝙧𝙢𝙖𝙠𝙣𝙖 👋  Hari ini anak-anak mengikuti Program Imunisasi MR untuk mencegah campak & rubella. Siap melangkah menuju masa depan bebas penyakit 🌟  #ImunisasiMR #LindungiAnakKita #CegahCampakRubella #AnakSehatIndonesiaKuat #SehatSejakDini #GenerasiSehat #VaksinMR #PerlindunganSeumurHidup #CegahPenyakit #SehatBersama #KesehatanAnak #AnakHebat #ProgramKesehatan #SehatItuPenting #VaksinItuAman",https://www.instagram.com/p/DNP0YkmJM1z/,0,0,6,-1,NaN
826,sdnbambuapus04,2025-08-19T05:09:54.000Z,"📸 Kegiatan BIAS 2025 di SDN Bambu Apus 04 💉👩‍⚕️  Selasa, 19 Agustus 2025, anak-anak kelas 1 mengikuti vaksin MR (Campak-Rubella), sedangkan siswi kelas 5 menerima vaksin HPV untuk perlindungan sejak dini. 💪👧  Kegiatan dimulai dengan skrining kesehatan meliputi: 📏 Pengukuran tinggi & berat badan 👁️ Pemeriksaan mata 👂 Pemeriksaan telinga  Semua dilakukan oleh tim medis dari Puskesmas Kecamatan Cipayung & Pustu Bambu Apus 2 yang selalu siap siaga demi kesehatan putra-putri bangsa. 👨‍⚕️👩‍⚕️  📣 Terima kasih untuk semua tenaga kesehatan & guru yang mendampingi dengan penuh perhatian dan kasih sayang 💖  Mari kita dukung program imunisasi untuk anak-anak yang lebih sehat dan kuat! 🙌🌟 ⠀ #BIAS2025  #VaksinMR  #VaksinHPV  #ImunisasiAnak  #SehatSejakDini  #SDNBambuApus04  #PuskesmasCipayung  #AnakSehat  #SekolahSehat  #CipayungSehat 🏫💉🩺",https://www.instagram.com/p/DNhjuLkz5H0/,0,0,32,-1,NaN
827,pkmsemplak,2025-08-06T04:35:13.000Z,"*Imunisasi untuk Masa Depan yang Lebih Baik*  Tahu kah kamu? Vaksin MR melindungi anak-anak dari penyakit campak dan rubella, sedangkan vaksin HPV melindungi dari kanker serviks. Lindungi anak-anak kita dari penyakit berbahaya! Bulan Imunisasi Anak Sekolah (BIAS) hadir untuk memberikan vaksin MR bagi siswa kelas 1 dan vaksin HPV bagi siswi kelas 5 dan Kelas 6 perempuan ( yang belum mendapatkan imunisasi HPV )   Mari kita dukung kesehatan anak kita ! Jangan ragu untuk imunisas  #puskesmassemplak #melayanidengancerdas #BIAS #ImunisasiAnakSekolah #KesehatanAnak #VaksinMR #VaksinHPV #kankerserviks",https://www.instagram.com/p/DNABa1exJdz/,0,0,10,-1,NaN
828,ihc.rslavalette,2025-07-01T03:14:34.000Z,"💉 #Imunisasi dasar lengkap adalah perlindungan untuk mencegah beberapa penyakit berbahaya yang rentan menyerang balita dan wajib diberikan kepada bayi baru lahir hingga usia tertentu.  🤗 Yuk #LavaMoms tunggu apalagi.. Lindungi buah hati, dengan segera Imunisasi !  Pendaftaran dan Lokasi : 🏥 Langsung datang ke Poli Anak 👶🏻 Persyaratan untuk Usia Bayi minimal 9 bulan  ‼️ KUOTA TERBATAS 👤 Informasi lebih lanjut : 📱 0881 9121 918 🏥 PMO IHC RS Lavalette  * Belum termasuk biaya konsultasi dan tindakan Dokter Spesialis Anak  #VaksinMR #Imunisasi #MelayaniSepenuhHati #Ceriia #SehatItuLavalette #NusantaraSebelasMedika #BUMN #IHC #IndonesiaHealthcareCorporation #IHCRSLavalette #Malang",https://www.instagram.com/p/DLjLkhbSwQJ/,2,0,19,-1,NaN
829,klinik_edelweiss,2025-06-09T03:59:34.000Z,"💉 Vaksin MR & BCG itu penting! Lindungi anak dari campak, rubella, dan TBC sejak dini. Satu langkah kecil, perlindungan besar! 💪  📍Yuk, cek jadwal imunisasi di Klinik Edelweiss  #KlinikEdelweiss #LebihTenang #VaksinMR #VaksinBCG #Campak",https://www.instagram.com/p/DKqnO-3zioP/,0,0,26,-1,NaN
830,rscondongcatur,2025-07-07T06:38:25.000Z,"Halo Sahabat RSCC! Semoga semua tetap dalam keadaan sehat ya 😊  Sahabat RSCC apakah mengetahui manfaat Imunisasi BCG & MR ?  Imunisasi BCG dapat memberikan perlindungan terhadap Tuberkulosis / TBC, sedangkan imunisasi MR dapat memberikan perlindungan terhadap Measles (Campak) & Rubella (Vampak Jerman).  RS Condong Catur Melayani Imunisasi BCG & MR yang dilaksanakan pada :  Hari : Senin, 14 Juli 2025 Tempat : Klinik Anak Jam : 13.00 sd Selesai  Yuk Bunda akses layanan Imunisasi anak BCG & MR di klinik anak RS Condong Catur.  🏥 RS Condong Catur 📍Alamat : Jl. Manggis No.6 Condong Catur Sleman Yogyakarta ☎ Telepon : (0274) 887494 WhatsApp : 0859 3932 0877 . -Solusi JITU Kesehatan Anda- . #klinik #anak #klinikanak #vaksinanak #vaksin #vaksinbcg #vaksinmr #jogja #condongcatur #kesehatan #rscondongcatur #pelayanan #sehat #rumahsakityogyakarta #klinikbersalin #klinikanak #polianak #dokteranak #dokterspesialisanak #RSCCjitu #rsccjitu",https://www.instagram.com/p/DLy_q3Sz-qd/,0,0,8,-1,NaN
831,nauramedika,2025-07-02T01:15:02.000Z,"Halo sahabat Naura Medika berikut adalah jadwal vaksin MR bulan Juli tahun 2025  Konsultasikan kesehatan buah hati anda di Klinik Naura Medika Informasi lebih lanjut :  ————————————— KLINIK NAURA MEDIKA ☎Customer Service : 021-7782 7515⁣ 📱Info & Pendaftaran : 0811 101 8481 🌐 www.kliniknnauramedika.com 📸 : @nauramedika  #KlinikDepok #KlinikDepok24Jam #DokterObgyn #DokterObgynDepok #DokterKandungan #vaksinmr #vaksinanak #vaksinmrdepok",https://www.instagram.com/p/DLlir-2SZce/,2,0,30,-1,NaN
832,rumahvaksinasi_malang,2025-06-05T21:17:06.000Z,"Selamat Hari Raya Idul Adha 1446H  #rumahvaksinasimalang #vaksinasilengkapmalang  #imunisasibayimalang  #imunisasimurahmalang  #vaksinlengkapmalang #imunisasiterjangkaumalang  #imunisasidewasa #imunisasibayi #vaksinbcg #vaksinmr #vaksindpt  #vaksinrotavirus #vaksinprogrammalang",https://www.instagram.com/p/DKiKymKTTQn/,0,0,0,-1,NaN
833,rsiahusadabunda,2025-06-25T02:57:36.000Z,"🧠💉 Tahukah Ayah & Bunda?  Vaksin BCG diberikan untuk mencegah penyakit tuberkulosis (TBC) yang bisa menyerang paru-paru dan organ tubuh lainnya. Sementara vaksin MR sangat penting untuk melindungi anak dari penyakit campak dan rubella, dua infeksi yang bisa menyebabkan komplikasi serius, bahkan kecacatan.  🗓️ Kini, jadwal vaksinasi BCG & MR di RSIA Husada Bunda telah dibuka! Pastikan buah hati mendapatkan perlindungan maksimal sejak dini.  📍 Jadwal bisa cek di postingan ya ayah bunda 📲 Segera daftar sekarang sebelum kuota penuh!  🌟 Anak sehat, tumbuh kuat! 🌟 #VaksinBCG #VaksinMR #ImunisasiAnak #JadwalVaksin #AnakSehat #CegahTBC #CegahCampakRubella-—————————— RSIA Husada Bunda Jl. Pahlawan Trip No.2, Oro-oro Dowo, Kec. Klojen, Kota Malang -—————————— Dapatkan informasi terbaru seputar Kesehatan Husada bunda melalui : Instagram @rsiahusadabunda Tiktok: @rsia_husada_bunda Website : www.rsiahusadabunda.com Facebook : RSIA Husada Bunda Google Review : https://bit.ly/GReviewRSHB Pendaftaran Pasien Rawat Jalan * Whatsapp: 08818889595 (chat only) * Telepon: (0341) 566972 Marketing Husada Bunda : 0851-7411-6060 (WA) -———————————————————— Keselamatan Pasien adalah Prioritas Kami",https://www.instagram.com/p/DLTs3Dhpqk4/,0,0,6,-1,NaN
834,rumahrosbudiman,2025-06-03T05:54:29.000Z,"Bismillah.. “JADWAL IMUNISASI” #EdisiJuni2025   ➡️ Vaksin BCG : Tgl 07 & 21 Juni 2025 - Pukul: 08.00 - 13.00 ➡️ Vaksin MR : Tgl 07 & 21 Juni 2025 - Pukul: 08.00 - 13.00 ➡️ Vaksin : DPT - Polio - Rotavirus - PCV - IPV - Hexaxim - Influenza ( Buka Setiap Hari)  Note: • Untuk DPT anak > 1 th stok terbatas, harap melalui reservasi. • Ketersediaan vaksin khususnya BCG dan MR bisa berubah sewaktu-waktu (hari/jam nya) mohon konfirmasi/reservasi terlebih dahulu.  📲Pendaftaran: Bidan Fia - 0895 1326 5930  RESERVASI SEKARANG JUGA!😍  ____________________________________________ ✨Rumah Ros Budiman✨  📍 Jl. Kayu Manis (Gang Habib Ali) No. 58 Condet, balekambang, Jakarta timur   🕰 Persalinan 24 Jam Buka Setiap Hari Pagi 08.00 - 13.00 Sore 15.00 - 21.00  📲 0812 9065 9270 atau klik nomor di bio ____________________________________________ #klinikbersalin #hamil #ibuhamil #pregnant #rrb #rumahrosbudiman #infobayi #mengasihi #bidanameliamy #bidankramatjati #bidanjakartatimur #babymassage #pijatbayi #babyspa #persalinan #bidan #babyspa #infojakartatimur #imunisasianak #imunisasibcg #imunisasijakartatimur #imunisasicondet #vaksinbcg #vaksinmr #vaksin #bcg #vaksinpolio",https://www.instagram.com/p/DKbXnWxTEI9/,0,0,6,-1,NaN
835,ihc.rslavalette,2025-05-13T01:48:19.000Z,"💉 #Imunisasi dasar lengkap adalah perlindungan untuk mencegah beberapa penyakit berbahaya yang rentan menyerang balita dan wajib diberikan kepada bayi baru lahir hingga usia tertentu.  🤗 Yuk #LavaMoms tunggu apalagi.. Lindungi buah hati, dengan segera Imunisasi !  Pendaftaran dan Lokasi : 🏥 Langsung datang ke Poli Anak 👶🏻 Persyaratan untuk Usia Bayi 0 s.d. 2 Bulan  ‼️ KUOTA TERBATAS 👤 Informasi lebih lanjut : 📱 0881 9121 918 🏥 PMO IHC RS Lavalette  * Belum termasuk biaya konsultasi dan tindakan Dokter Spesialis Anak  #VaksinBCG #VaksinMR #Imunisasi #MelayaniSepenuhHati #Ceriia #SehatItuLavalette #NusantaraSebelasMedika #BUMN #IHC #IndonesiaHealthcareCorporation #IHCRSLavalette #Malang",https://www.instagram.com/p/DJk2v_7SW-9/,0,0,19,-1,NaN
836,rskia_sawojajar,2025-06-03T08:49:52.000Z,"🔔 Jangan lupa! Jadwal Imunisasi Vaksin MR dan BCG di RSKIA Sawojajar untuk bulan JUNI sudah tiba! 🔔  Lindungi buah hati Anda dari penyakit berbahaya dengan imunisasi lengkap. Catat tanggalnya ya Bunda dan Ayah:  💉 VAKSIN MR:  Rabu : 11 Juni 2025 Jumat : 20 Juni 2025 💉 VAKSIN BCG:  Sabtu : 07 Juni 2025 Rabu : 18 Juni 2025 Segera daftarkan si kecil dan jaga ""Kesehatan Keluarga, Prioritas Kami.""  Pendaftaran dan Info Lebih Lanjut: 📞 0877-7832-4371  #JadwalImunisasi #VaksinMR #VaksinBCG #ImunisasiAnak #KesehatanAnak #RSKIASawojajar #CegahPenyakit #BayiSehat",https://www.instagram.com/p/DKbrr96ylTH/,0,0,8,-1,NaN
837,rv_slawitegal,2025-05-20T04:42:56.000Z,"Ikut Vaksinasi BCG Bersama di Rumah Vaksinasi Slawi yuuk, AyBun!  Dengan vaksinasi berama, AyBun bisa mendapatkan harga vaksin lebih terjangkau looh! 😍  Segera daftar melalui Admin Rumah Vaksinasi Slawi yaa!  Yuk, vaksinasi di Rumah Vaksinasi Slawi! Hubungi WhatsApp : 0813-2964-6330 atau klik link di bio 😉  #imunisasi #vaksinasi #vaksin #imunisasibayi #imunisasianak #vaksinanak #vaksinbcg #vaksinpolio #vaksinmr  #vaksinasislawi #vaksinasitegal #imunisasislawi #imunisasitegal",https://www.instagram.com/p/DJ3MTI1TEnz/,0,0,5,-1,NaN
838,puskesmas_janti,2025-03-17T02:29:54.000Z,"[PENGUMUMAN]  Vaksin Campak (MR) dan polio sudah  TERSEDIA KEMBALI di Puskesmas Janti  Jadwal vaksin: - Polio (Senin-Jum’at, 08.00-10.00 WIB) - Campak (Jum’at, 08.00-10.00 WIB)  Persyaratan: 1. Membawa Buku KIA 2. Membawa identitas anak (KK atau Kartu Identitas Anak)  Untuk informasi ketersediaan vaksin bisa menghubungi hotline imunisasi Puskesmas Janti melalui whatsapp 0814-5909-1060  #Stokvaksin #vaksinpolio #vaksinMR #Campak",https://www.instagram.com/p/DHSKMp6PK8A/,0,0,14,-1,NaN
839,rsupetukangan,2025-03-04T06:26:33.000Z,"Sobat Sehat, Yuk Lindungi Si Kecil dengan Vaksin GRATIS! 💉✨  Setiap Kamis ada vaksin BCG, setiap Jumat ada vaksin MR, plus vaksin dasar lainnya sesuai jadwal poli anak!  Jangan tunda perlindungan untuk buah hati, pastikan mereka tumbuh sehat dan kuat! 💪👶  Info lebih lanjut? Hubungi 0812 8348 6414 📲  #VaksinAnak #ImunisasiGratis #AnakSehat #ParentingTips #VaksinMR #VaksinBCG #KesehatanAnak #IbuAnak #SobatSehat",https://www.instagram.com/p/DGxG8pxzNeB/,0,0,69,-1,NaN
840,rsuherminapekalongan,2025-04-02T04:40:17.000Z,"Halo sahabat Hermina, Jangan lewatkan momen penting! Jadwal imunisasi BCG dan MR bulan April Rumah Sakit Hermina Pekalongan telah dibuka. Pastikan si kecil mendapatkan perlindungan terbaik untuk kesehatan masa depannya. Hubungi kami untuk info lebih lanjut dan jadwal pendaftaran! (0285)432525 🩺🏥  #herminahospitals #herminapekalongan #vaksinanak #vaksinbcg #vaksinmr",https://www.instagram.com/p/DH7l1tZPFoH/,1,0,11,-1,NaN
841,rumahvaksinasi_malang,2025-03-30T13:38:49.000Z,"Keluarga Rumah Vaksinasi Malang mengucapkan Selamat Hari Raya Idul Fitri 1446H Taqobballahu Minna Waminkum 🙏🙏🙏  #rumahvaksinasimalang #vaksinasilengkapmalang  #imunisasibayimalang  #imunisasimurahmalang  #vaksinlengkapmalang #imunisasiterjangkaumalang  #imunisasidewasa #imunisasibayi #vaksinbcg #vaksinmr #vaksindpt",https://www.instagram.com/p/DH01FbiTZ4I/,0,0,0,-1,NaN
842,rscondongcatur,2025-04-05T03:34:14.000Z,"Halo Sahabat RSCC! Semoga semua tetap dalam keadaan sehat ya 😊  Sahabat RSCC apakah mengetahui manfaat Imunisasi BCG & MR ?  Imunisasi BCG dapat memberikan perlindungan terhadap Tuberkulosis / TBC, sedangkan imunisasi MR dapat memberikan perlindungan terhadap Measles (Campak) & Rubella (Vampak Jerman).  RS Condong Catur Melayani Imunisasi BCG & MR yang dilaksanakan pada :  Hari : Senin 14 April 2025 Tempat : Klinik Anak Jam : 13.00 sd Selesai  Yuk Bunda akses layanan Imunisasi anak BCG & MR di klinik anak RS Condong Catur.  🏥 RS Condong Catur 📍Alamat : Jl. Manggis No.6 Condong Catur Sleman Yogyakarta ☎ Telepon : (0274) 887494 WhatsApp : 0859 3932 0877 . -Solusi JITU Kesehatan Anda- . #klinik #anak #klinikanak #vaksinanak #vaksin #vaksinbcg #vaksinmr #jogja #condongcatur #kesehatan #rscondongcatur #pelayanan #sehat #rumahsakityogyakarta #klinikbersalin #klinikanak #polianak #dokteranak #dokterspesialisanak #RSCCjitu #rsccjitu",https://www.instagram.com/p/DIDMqeFT62M/,0,0,8,-1,NaN
843,ihc.rslavalette,2025-04-14T03:00:14.000Z,"💉 #Imunisasi dasar lengkap adalah perlindungan untuk mencegah beberapa penyakit berbahaya yang rentan menyerang balita dan wajib diberikan kepada bayi baru lahir hingga usia tertentu.  🤗 Yuk #LavaMoms tunggu apalagi.. Lindungi buah hati, dengan segera Imunisasi !  Pendaftaran dan Lokasi : 🏥 Langsung datang ke Poli Anak 👶🏻 Persyaratan untuk Usia Bayi 0 s.d. 2 Bulan  ‼️ KUOTA TERBATAS 👤 Informasi lebih lanjut : 📱 0881 9121 918 🏥 PMO IHC RS Lavalette  * Belum termasuk biaya konsultasi dan tindakan Dokter Spesialis Anak * Untuk vaksin MR bisa diberikan setelah terkumpul minimal 6 pasien  #VaksinBCG #VaksinMR #Imunisasi #MelayaniSepenuhHati #Ceriia #SehatItuLavalette #NusantaraSebelasMedika #BUMN #IHC #IndonesiaHealthcareCorporation #IHCRSLavalette #Malang",https://www.instagram.com/p/DIaT7Z3sjYa/,2,0,18,-1,NaN
844,rsuherminapekalongan,2025-03-03T02:32:43.000Z,"Halo sahabat Hermina, Jangan lewatkan momen penting!💉 Jadwal imunisasi BCG dan MR bulan Maret Rumah Sakit Hermina Pekalongan telah dibuka. Pastikan si kecil mendapatkan perlindungan terbaik untuk kesehatan masa depannya. Hubungi kami untuk info lebih lanjut dan jadwal pendaftaran! (0285) 432525🏥🩺  #herminahospitals #herminapekalongan #vaksinanak #vaksinbcg #vaksinmr",https://www.instagram.com/p/DGuHZJVPjqe/,1,0,12,-1,NaN
845,kidsfirst.official,2025-02-22T05:20:43.000Z,"Mom & Dad buat yang mau vaksin‼️ 👀  Nihh jadwal vaksin di Klinik Kids First Mom & Dad 🥰  Untuk info lebih lanjut & reservasi hubungi nomor admin yang tertera di bio ya 💕  Bersama Optimalkan Tumbuh Kembang Si Kecil, Klinik Kids First by Bicara Si Kecil ✨  #bicarasikecil #dokteranak #dokteranaksolo #dokterhendraspa #parenting #klinikanak #promo #sweet #babyspa #klinikanakkidsfirst #vaksin #imunisasi #vaksinMR #vaksinBCG",https://www.instagram.com/p/DGXPdmGS1Ui/,0,0,13,-1,NaN
846,apotek_kva_,2025-02-20T06:57:52.000Z,"Lagi nyari vaksinasi internasional??yuk ke kva aja😍😍  #vaksinasi #vaksinmr #apotekkva #tonjongbrebes",https://www.instagram.com/p/DGSQ_bSJ2Qu/,0,0,2,-1,NaN
847,rscondongcatur,2025-04-21T01:44:59.000Z,"Rumah Sakit Condong Catur Memperingati Hari Kartini bagi seluruh wanita Indonesia.  Jadikan semangat R.A Kartini dalam memperjuangkan emansipasi wanita dan berkarya demi mewujudkan harapan dan cita citanya.  Memperingati Hari Kartini 21 April 2025  Informasi dan Pendaftaran Pelayanan RS Condong Catur : 🏥 RS Condong Catur 📍Alamat : Jl. Manggis No.6 Condong Catur Sleman Yogyakarta ☎ Telepon : (0274) 887494 WhatsApp : 0859 3932 0877 . -Solusi JITU Kesehatan Anda-  #kartiniday #kartini #womensupportingwomen #wanita #emansipasiwanita #kartini2025 #condongcatur #rscondongcatur #klinik #anak #klinikanak #vaksinanak #vaksin #vaksinbcg #vaksinmr #jogja #condongcatur #kesehatan #rscondongcatur #MedicalCheckUp",https://www.instagram.com/p/DIsM4aUSlMv/,0,0,18,-1,NaN
848,rumahvaksinasi_malang,2025-02-28T13:12:35.000Z,"Marhaban Yaa Ramadhan   Jadwal RV malang selama Ramadhan bisa dicek di slide 2 ->  rumahvaksinasimalang #vaksinasilengkapmalang  #imunisasibayimalang  #imunisasimurahmalang # #vaksinlengkapmalang #imunisasiterjangkaumalang  #imunisasidewasa #imunisasibayi #vaksinbcg #vaksinmr #vaksindpt",https://www.instagram.com/p/DGniO8aJAd9/,0,0,7,-1,NaN
849,rumahrosbudiman,2025-03-20T04:00:00.000Z,"Bismillah.. ""JADWAL IMUNISASI"" #EdisiMaret2025  ➡️ Vaksin BCG : Tgl 23 Maret 2025 - Pukul: 08.00 - 13.00 ➡️ Vaksin MR : Tgl 23 Maret 2025 - Pukul: 08.00 - 13.00 ➡️ Vaksin : DPT - Polio - Rotavirus - PCV - IPV - Hexaxim - Influenza ( Buka Setiap Hari)  Note: • Untuk DPT anak > 1 th stok terbatas, harap melalui reservasi. • Ketersediaan vaksin khususnya BCG dan MR bisa berubah sewaktu-waktu (hari/jam nya) mohon konfirmasi/reservasi terlebih dahulu.  📲Pendaftaran: Bidan Fia - 0895 1326 5930  RESERVASI SEKARANG JUGA!😍  ____________________________________________ ✨Rumah Ros Budiman✨  📍 Jl. Kayu Manis (Gang Habib Ali) No. 58 Condet, balekambang, Jakarta timur   🕰 Persalinan 24 Jam Buka Setiap Hari Pagi 08.00 - 13.00 Sore 15.00 - 21.00  📲 0812 9065 9270 atau klik nomor di bio ____________________________________________ #klinikbersalin #hamil #ibuhamil #pregnant #rrb #rumahrosbudiman #infobayi #mengasihi #bidanameliamy #bidankramatjati #bidanjakartatimur #babymassage #pijatbayi #babyspa #persalinan #bidan #babyspa #infojakartatimur #imunisasianak #imunisasibcg #imunisasijakartatimur #imunisasicondet #vaksinbcg #vaksinmr #vaksin #bcg #vaksinpolio",https://www.instagram.com/p/DHaDAgJh_a2/,0,0,3,-1,NaN
850,nauramedika,2025-05-08T08:37:45.000Z,"Assalamualikum hai sahabat Naura Medika berikut adalah jadwal vaksin MR bulan Mei tahun 2025  Konsultasikan kesehatan buah hati anda di Klinik Naura Medika Informasi lebih lanjut :  ————————————— KLINIK NAURA MEDIKA ☎Customer Service : 021-7782 7515⁣ 📱Info & Pendaftaran : 0811 101 8481 🌐 www.kliniknnauramedika.com 📸 : @nauramedika  #KlinikDepok #KlinikDepok24Jam #DokterObgyn #DokterObgynDepok #DokterKandungan #vaksinmr #vaksinanak #vaksinmrdepok",https://www.instagram.com/p/DJYtoamSW-4/,0,0,27,-1,NaN
851,rscondongcatur,2025-03-30T07:31:17.000Z,"PENGUMUMAN HARI LIBUR NASIONAL SENIN 31 MARET & 1 APRIL 2025.  Halo Sahabat RSCC! Semoga semua tetap dalam keadaan sehat ya 😊  Berikut kami informasikan pelayanan Libur Poliklinik Spesialis & Instalasi Rehabilitasi Medik RS Condong Catur pada hari Senin 31 Maret & Selasa 1 April 2025.  Layanan Poliklinik Spesialis kembali dibuka menyesuaikan informasi cuti Dokter selama libur Lebaran 2025.  Layanan Instalasi Rehabilitasi Medik kembali dibuka Kamis, 3 April 2025.  Terima kasih.  -Solusi JITU Kesehatan Anda- . 🏥 RS Condong Catur 📍Alamat : Jl. Manggis No.6 Condong Catur Sleman Yogyakarta ☎ Telepon : (0274) 887494 WhatsApp : 0859 3932 0877.  #hariidulfitri #idulfitri2025 #harirayaidulfitri #lebaran2025 #harilebaran1446h #1syawal1446h #hariraya #yogyakarta #sleman #condongcatur #klinikvaksin #rscondongcatur #sleman #vaksinvaricela #vaksinhepatitisb #vaksinhepatitisa #vaksinmr #vaksininfluenza",https://www.instagram.com/p/DH0LBbgTZPF/,0,0,9,-1,NaN
852,rumahrosbudiman,2025-04-06T11:42:23.000Z,"Bismillah.. ""JADWAL IMUNISASI"" #EdisiApril2025  ➡️ Vaksin BCG : Tgl 12 & 27 April 2025 - Pukul: 08.00 - 13.00 ➡️ Vaksin MR : Tgl 12 & 27 April 2025 - Pukul: 08.00 - 13.00 ➡️ Vaksin : DPT - Polio - Rotavirus - PCV - IPV - Hexaxim - Influenza ( Buka Setiap Hari)  Note: • Untuk DPT anak > 1 th stok terbatas, harap melalui reservasi. • Ketersediaan vaksin khususnya BCG dan MR bisa berubah sewaktu-waktu (hari/jam nya) mohon konfirmasi/reservasi terlebih dahulu.  📲Pendaftaran: Bidan Fia - 0895 1326 5930  RESERVASI SEKARANG JUGA!😍  ____________________________________________ ✨Rumah Ros Budiman✨  📍 Jl. Kayu Manis (Gang Habib Ali) No. 58 Condet, balekambang, Jakarta timur   🕰 Persalinan 24 Jam Buka Setiap Hari Pagi 08.00 - 13.00 Sore 15.00 - 21.00  📲 0812 9065 9270 atau klik nomor di bio ____________________________________________ #klinikbersalin #hamil #ibuhamil #pregnant #rrb #rumahrosbudiman #infobayi #mengasihi #bidanameliamy #bidankramatjati #bidanjakartatimur #babymassage #pijatbayi #babyspa #persalinan #bidan #babyspa #infojakartatimur #imunisasianak #imunisasibcg #imunisasijakartatimur #imunisasicondet #vaksinbcg #vaksinmr #vaksin #bcg #vaksinpolio",https://www.instagram.com/p/DIGpUwBBrtG/,0,0,9,-1,NaN
853,rv.cikupa,2025-03-06T03:08:34.000Z,"Usia  0-2 Tahun banyak banget ya jadwal imunisasinya, lalu bagaimana cara mengatur jadwalnya tuh?  Sebenarnya jadwalnya bisa bervariasi kok (cek slide 1 dan Slide 2) atau mengikuti jadwal tabel pemerintah juga boleh. Silahkan mau pilih yang mana , tinggal diskusikan dengan dokter kesayangan AyBun 😇 yang gak boleh tuh, kalau AyBun skip vaksin buat buah hati tersayang 🤭  Kalau AyBun, mengikuti jadwal kunjungan vaksin yang mana nih? Sharing yukk di kolom komentar :D   Gak perlu bingung lagi ya, Mimin sudah buatkan ilustrasinya.   Lindungi Buah Hati kita dari penyakit & komplikasinya yg bisa dicegah dengan vaksinasi  Bisa Langsung Chat WA Admin @rv.cikupa untuk Konsultasi dan Pendaftaran ya atau bisa juga mendaftar melalui WA/Aplikasi PRIMAKU @official.primaku   See U di @rv.cikupa AyBun 🫶😍  📍 Alamat : Rumah Vaksinasi Cikupa.  Cluster Melia Residence. Jl Melia Utama Utara Blok X01/71 CITRA RAYA CIKUPA , KAB TANGERANG  WA Admin: 0812 8250 0149  #jadwalrvcikupa #rvcikupa #klinikvaksincitraraya #rumahvaksinasicikupa #rumahvaksinasitangerang #rumahvaksincitraraya #klinikvaksinasicitraraya #klinikvaksinasicikupa #jadwalrvcikupa #vaksinMR #Vaksincovid #vaksincovidtangerang #vaksincovidcitraraya #kunjunganvaksinasi #variasijadwalvaksinasi #jadwalvaksin #hematongkos #hematwaktu #hematbiaya #vaksinasisimultan",https://www.instagram.com/p/DG154RHp73I/,0,0,57,-1,NaN
854,rumahrosbudiman,2025-05-06T02:03:40.000Z,"Bismillah.. “JADWAL IMUNISASI” #EdisiMei2025   ➡️ Vaksin BCG : Tgl 11 & 25 Mei 2025 - Pukul: 08.00 - 13.00 ➡️ Vaksin MR : Tgl 11 & 25 Mei 2025 - Pukul: 08.00 - 13.00 ➡️ Vaksin : DPT - Polio - Rotavirus - PCV - IPV - Hexaxim - Influenza ( Buka Setiap Hari)  Note: • Untuk DPT anak > 1 th stok terbatas, harap melalui reservasi. • Ketersediaan vaksin khususnya BCG dan MR bisa berubah sewaktu-waktu (hari/jam nya) mohon konfirmasi/reservasi terlebih dahulu.  📲Pendaftaran: Bidan Fia - 0895 1326 5930  RESERVASI SEKARANG JUGA!😍  ____________________________________________ ✨Rumah Ros Budiman✨  📍 Jl. Kayu Manis (Gang Habib Ali) No. 58 Condet, balekambang, Jakarta timur   🕰 Persalinan 24 Jam Buka Setiap Hari Pagi 08.00 - 13.00 Sore 15.00 - 21.00  📲 0812 9065 9270 atau klik nomor di bio ____________________________________________ #klinikbersalin #hamil #ibuhamil #pregnant #rrb #rumahrosbudiman #infobayi #mengasihi #bidanameliamy #bidankramatjati #bidanjakartatimur #babymassage #pijatbayi #babyspa #persalinan #bidan #babyspa #infojakartatimur #imunisasianak #imunisasibcg #imunisasijakartatimur #imunisasicondet #vaksinbcg #vaksinmr #vaksin #bcg #vaksinpolio",https://www.instagram.com/p/DJS28WfzVlL/,0,0,5,-1,NaN
855,rscondongcatur,2025-03-03T03:03:48.000Z,"Halo Sahabat RSCC! Semoga semua tetap dalam keadaan sehat ya 😊  Sahabat RSCC apakah mengetahui manfaat Imunisasi BCG & MR ?  Imunisasi BCG dapat memberikan perlindungan terhadap Tuberkulosis / TBC, sedangkan imunisasi MR dapat memberikan perlindungan terhadap Measles (Campak) & Rubella (Vampak Jerman).  RS Condong Catur Melayani Imunisasi BCG & MR yang dilaksanakan pada :  Hari : Senin 10 Maret 2025 Tempat : Klinik Anak Jam : 08.00 sd Selesai  Yuk Bunda akses layanan Imunisasi anak BCG & MR di klinik anak RS Condong Catur.  🏥 RS Condong Catur 📍Alamat : Jl. Manggis No.6 Condong Catur Sleman Yogyakarta ☎ Telepon : (0274) 887494 WhatsApp : 0859 3932 0877 . -Solusi JITU Kesehatan Anda- . #klinik #anak #klinikanak #vaksinanak #vaksin #vaksinbcg #vaksinmr #jogja #condongcatur #kesehatan #rscondongcatur #pelayanan #sehat #rumahsakityogyakarta #klinikbersalin #klinikanak #polianak #dokteranak #dokterspesialisanak",https://www.instagram.com/p/DGuK8yPzA9M/,0,0,6,-1,NaN
856,puskesmaspenumping,2025-03-12T13:15:08.000Z,"Hallo momies..  Ada apa di hari kamis minggu kedua? Yap betul, ada Imunisasi MR.  Jangan lewatkan kesempatan ini ya mam karena kuotanya terbatas.   #dinaskesehatankotasurakarta #puskesmaspenumping #imunisasi #vaksinMR  @kemenkes_ri @dinkessurakarta",https://www.instagram.com/p/DHGcEKBhFzN/,0,0,4,-1,NaN
857,rsiwonosobo,2025-04-28T13:39:28.000Z,"Ayah Bunda, ada info penting! RSI Wonosobo membuka layanan Vaksin MR (Campak) untuk anak-anak, program dari pemerintah.  Yuk, catat jadwalnya: 📅 Tanggal: Rabu, 30 April 2025 ⏰ Jam: 09.00 WIB sampai selesai 📍 Tempat: Poli Anak RSI Wonosobo 👶 Kuota terbatas! Hanya 15 anak 💵 Biaya: Umum (hanya dikenai biaya pendaftaran & pemeriksaan dokter) sebesar Rp.65.000  Segera daftarkan buah hati Ayah Bunda sebelum kuota penuh! Untuk informasi dan pemesanan vaksin, bisa menghubungi nomor informasi (0821-3480-8484)  Sehatkan anak, lindungi masa depannya!  #VaksinMR  #rsiwonosobo #mantepRSImawon #melayaniadalahibadah #RSIsemakinASIIKK #menuju3dekade",https://www.instagram.com/p/DI_gNjxyGdT/,3,0,89,-1,NaN
858,rscondongcatur,2025-03-28T07:09:59.000Z,"Segenap Direksi, Manajemen & Staff Rumah Sakit Condong Catur mengucapkan Selamat Hari Suci Nyepi Tahun Baru Saka 1947. 29 Maret 2025 bagi umat Hindu yang merayakan. . Hari Suci Nyepi bagi umat Hindu memiliki makna untuk menyucikan diri, alam, dan pikiran. Nyepi juga menjadi waktu untuk introspeksi dan merenungkan kehidupan. . Mari menjadikan Hari Suci Nyepi sebagai sarana intropeksi diri semoga kita semua mendapat kebahagiaan, kesehatan dan keselamatan . . -Solusi JITU Kesehatan Anda-  #harinyepi #nyepi2025 #harisucinyepi #harisuci2025 #silentday #harirayanyepi #hariraya #yogyakarta #sleman #condongcatur #klinikvaksin #rscondongcatur #sleman #vaksinvaricela #vaksinhepatitisb #vaksinhepatitisa #vaksinmr #vaksininfluenzan #RSCCjitu #rsccjitu",https://www.instagram.com/p/DHu-_wjTh7W/,0,0,9,-1,NaN
859,puskesmassenaken,2025-01-15T03:37:11.000Z,"📢 PENGUMUMAN  Kami informasikan bahwa saat ini **stok vaksin MR (Campak dan Rubella)** di fasilitas kesehatan kami sedang *kosong*.   Kami memahami pentingnya vaksinasi untuk melindungi anak-anak dari penyakit campak dan rubella. Oleh karena itu, kami akan segera menginformasikan kembali apabila stok vaksin telah tersedia.   Terima kasih atas pengertian dan kesabaran Anda.   #PengumumanVaksin #VaksinMR #ImunisasiAnak #SehatBersama #PencegahanPenyakit",https://www.instagram.com/p/DE1NaMUzUQC/,0,0,0,-1,NaN
860,medcare.hs,2025-02-12T11:00:24.000Z,"Ayah Bunda, jangan biarkan anak Anda terkena campak, mumps, dan rubela! Kenali 4 gejala campak dan lindungi anak Anda dengan vaksinasi MR/MMR.  Vaksinasi MR bulan ini tersedia di Hari Minggu, Tanggal 23 Februari 2025. Jangan lewatkan kesempatan ini! Info lebih lanjut dan konsultasi via chat dengan Dok Min, Link ada di BIO.  #imunisasianakdewasa #imunisasimr #imunisasimmr  #vaksinasimmr  #vaksinmr #vaksinasi9bulan  #imunisasi9bulan  #imunisasi18bulan  #imunisasidepok #imunisasibojongsari  #imunisasiparung  #imunisasicampak #imunisasimrsubsidi",https://www.instagram.com/p/DF-GcngyXuF/,0,0,3,-1,NaN
861,kidsfirst.official,2025-02-07T09:36:10.000Z,"Mom & Dad buat yang mau vaksin‼️ 👀  Nihh jadwal vaksin di Klinik Kids First Mom & Dad 🥰  Untuk info lebih lanjut & reservasi hubungi nomor admin yang tertera di bio ya 💕  Bersama Optimalkan Tumbuh Kembang Si Kecil, Klinik Kids First by Bicara Si Kecil ✨  #bicarasikecil #dokteranak #dokteranaksolo #dokterhendraspa #parenting #klinikanak #promo #sweet #babyspa #klinikanakkidsfirst #vaksin #imunisasi  #vaksinMR #vaksinBCG",https://www.instagram.com/p/DFxExfGuo2G/,0,0,14,-1,NaN
862,klinikutamasitich,2025-01-12T00:24:33.000Z,"#jadwalimunisasi #imunisasi #imunisasibcg #imunisasidpt #imunisasipolio #ipv #rv #pcv #vaksinhepatitis #vaksinmr #vaksininfluenza",https://www.instagram.com/p/DEtI-laSDaK/,0,0,1,-1,NaN
863,nauramedika,2025-02-05T07:36:37.000Z,"Assalamualikum hai sahabat Naura Medika berikut adalah jadwal vaksin MR bulan Februari tahun 2025  Konsultasikan kesehatan buah hati anda di Klinik Naura Medika Informasi lebih lanjut :  ————————————— KLINIK NAURA MEDIKA ☎Customer Service : 021-7782 7515⁣ 📱Info & Pendaftaran : 0811 101 8481 🌐 www.kliniknnauramedika.com 📸 : @nauramedika  #KlinikDepok #KlinikDepok24Jam #DokterObgyn #DokterObgynDepok #DokterKandungan #vaksinmr #vaksinanak #vaksinmrdepok",https://www.instagram.com/p/DFrtgHgyyAN/,0,0,10,-1,NaN
864,rscondongcatur,2025-01-02T02:24:09.000Z,"Halo Sahabat RSCC! Semoga semua tetap dalam keadaan sehat ya 😊  Sahabat RSCC apakah mengetahui manfaat Imunisasi BCG & MR ?  Imunisasi BCG dapat memberikan perlindungan terhadap Tuberkulosis / TBC, sedangkan imunisasi MR dapat memberikan perlindungan terhadap Measles (Campak) & Rubella (Vampak Jerman).  RS Condong Catur Melayani Imunisasi BCG & MR yang dilaksanakan pada :  Hari : Senin 13 Januari 2025 Tempat : Klinik Anak Jam : 13.00 sd Selesai  Yuk Bunda akses layanan Imunisasi anak BCG & MR di klinik anak RS Condong Catur.  🏥 RS Condong Catur 📍Alamat : Jl. Manggis No.6 Condong Catur Sleman Yogyakarta ☎ Telepon : (0274) 887494 WhatsApp : 0859 3932 0877 . -Solusi JITU Kesehatan Anda- . #klinik #anak #klinikanak #vaksinanak #vaksin #vaksinbcg #vaksinmr #jogja #condongcatur #kesehatan #rscondongcatur #pelayanan #sehat #rumahsakityogyakarta #klinikbersalin #klinikanak #polianak #dokteranak #dokterspesialisanak",https://www.instagram.com/p/DETmt2gTJIT/,0,0,4,-1,NaN
865,rscondongcatur,2025-02-05T01:52:27.000Z,"Halo Sahabat RSCC! Semoga semua tetap dalam keadaan sehat ya 😊  Sahabat RSCC apakah mengetahui manfaat Imunisasi BCG & MR ?  Imunisasi BCG dapat memberikan perlindungan terhadap Tuberkulosis / TBC, sedangkan imunisasi MR dapat memberikan perlindungan terhadap Measles (Campak) & Rubella (Vampak Jerman).  RS Condong Catur Melayani Imunisasi BCG & MR yang dilaksanakan pada :  Hari : Selasa 11 Februari 2025 Tempat : Klinik Anak Jam : 08.00 sd Selesai  Yuk Bunda akses layanan Imunisasi anak BCG & MR di klinik anak RS Condong Catur.  🏥 RS Condong Catur 📍Alamat : Jl. Manggis No.6 Condong Catur Sleman Yogyakarta ☎ Telepon : (0274) 887494 WhatsApp : 0859 3932 0877 . -Solusi JITU Kesehatan Anda- . #klinik #anak #klinikanak #vaksinanak #vaksin #vaksinbcg #vaksinmr #jogja #condongcatur #kesehatan #rscondongcatur #pelayanan #sehat #rumahsakityogyakarta #klinikbersalin #klinikanak #polianak #dokteranak #dokterspesialisanak",https://www.instagram.com/p/DFrGHYlTFkU/,0,0,4,-1,NaN
866,puskesmassenaken,2025-02-18T00:26:48.000Z,"📢 PENGUMUMAN  Kami informasikan bahwa saat ini stok vaksin MR (Campak dan Rubella) di fasilitas kesehatan kami sedang kosong.   Kami memahami pentingnya vaksinasi untuk melindungi anak-anak dari penyakit campak dan rubella. Oleh karena itu, kami akan segera menginformasikan kembali apabila stok vaksin telah tersedia.   Terima kasih atas pengertian dan kesabaran Anda.   #PengumumanVaksin #VaksinMR #ImunisasiAnak #SehatBersama #PencegahanPenyakit",https://www.instagram.com/p/DGMapemTFQe/,0,0,3,-1,NaN
867,rumahrosbudiman,2025-01-23T05:00:00.000Z,"Bismillah.. ""JADWAL IMUNISASI"" #EdisiJanuari2025  ➡️ Vaksin BCG : Tgl 26 Januari 2025 - Pukul: 08.00 - 13.00 ➡️ Vaksin MR : Tgl 26 Januari 2025 - Pukul: 08.00 - 13.00 ➡️ Vaksin : DPT - Polio - Rotavirus - PCV - IPV - Hexaxim - Influenza ( Buka Setiap Hari)  Note: • Untuk DPT anak > 1 th stok terbatas, harap melalui reservasi. • Ketersediaan vaksin khususnya BCG dan MR bisa berubah sewaktu-waktu (hari/jam nya) mohon konfirmasi/reservasi terlebih dahulu.  📲Pendaftaran: Bidan Fia - 0895 1326 5930  RESERVASI SEKARANG JUGA!😍  ____________________________________________ ✨Rumah Ros Budiman✨  📍 Jl. Kayu Manis (Gang Habib Ali) No. 58 Condet, balekambang, Jakarta timur   🕰 Persalinan 24 Jam Buka Setiap Hari Pagi 08.00 - 13.00 Sore 15.00 - 21.00  📲 0812 9065 9270 atau klik nomor di bio ____________________________________________ #klinikbersalin #hamil #ibuhamil #pregnant #rrb #rumahrosbudiman #infobayi #mengasihi #bidanameliamy #bidankramatjati #bidanjakartatimur #babymassage #pijatbayi #babyspa #persalinan #bidan #babyspa #infojakartatimur #imunisasianak #imunisasibcg #imunisasijakartatimur #imunisasicondet #vaksinbcg #vaksinmr #vaksin #bcg #vaksinpolio",https://www.instagram.com/p/DFJ9R3izucm/,0,0,5,-1,NaN
868,nauramedika,2025-01-09T06:11:43.000Z,"Assalamualikum hai sahabat Naura Medika berikut adalah jadwal vaksin MR bulan Januari tahun 2025  Konsultasikan kesehatan buah hati anda di Klinik Naura Medika Informasi lebih lanjut :  ————————————— KLINIK NAURA MEDIKA ☎Customer Service : 021-7782 7515⁣ 📱Info & Pendaftaran : 0811 101 8481 🌐 www.kliniknnauramedika.com 📸 : @nauramedika++  #KlinikDepok #KlinikDepok24Jam #DokterObgyn #DokterObgynDepok #DokterKandungan #vaksinmr #vaksinanak #vaksinmrdepok",https://www.instagram.com/p/DEmCUxfS8qr/,0,0,8,-1,NaN
869,kidsfirst.official,2025-01-18T05:00:12.000Z,"Mom & Dad buat yang mau vaksin‼️ 👀  Nihh jadwal vaksin di Klinik Kids First Mom & Dad 🥰  Untuk info lebih lanjut & reservasi hubungi nomor admin yang tertera di bio ya 💕  Dengan hati dan logika di setiap langkahnya, Klinik Kids First by Bicara Si Kecil ✨  #bicarasikecil #dokteranak #dokteranaksolo #dokterhendraspa #parenting #babyspa #nanyananya #konsultasitumbuhkembang #vaksinMR #vaksinBCG",https://www.instagram.com/p/DE9FSyDBxE3/,0,0,16,-1,NaN
870,ihc.rslavalette,2025-02-09T06:00:11.000Z,"💉 #Imunisasi dasar lengkap adalah perlindungan untuk mencegah beberapa penyakit berbahaya yang rentan menyerang balita dan wajib diberikan kepada bayi baru lahir hingga usia tertentu.  🤗 Yuk #LavaMoms tunggu apalagi.. Lindungi buah hati, dengan segera Imunisasi !  Pendaftaran dan Lokasi : 🏥 Langsung datang ke Poli Anak  👶🏻 Persyaratan untuk Usia Bayi 0 s.d. 2 Bulan  ‼️ KUOTA TERBATAS 👤 Informasi lebih lanjut : 📱 0881 9121 918 🏥 PMO IHC RS Lavalette  *Belum termasuk biaya konsultasi dan tindakan Dokter Spesialis Anak  #VaksinBCG #VaksinMR #Imunisasi #MelayaniSepenuhHati #Ceriia #SehatItuLavalette #NusantaraSebelasMedika #BUMN #IHC #IndonesiaHealthcareCorporation #IHCRSLavalette #Malang",https://www.instagram.com/p/DF11pZqvKLA/,0,0,18,-1,NaN
871,puskesmassidorekso,2025-02-04T10:34:46.000Z,"Pelaksanaan Imunisasi di Puskesmas Sidorekso Khusus imunisasi MR karena ketersediaan terbatas hanya ada di hari Selasa tanggal 18 Februari 2025 ya sahabat.. Yok infokan ke saudara dan teman teman wilayah puskesmas sidorekso  #imunisasisanak #vaksinmr #puskesmassidorekso  #dinkeskabkudus  #kecamatankaliwungu",https://www.instagram.com/p/DFpdGFJpsdg/,0,0,6,-1,NaN
872,rscondongcatur,2025-02-15T01:52:44.000Z,"Rumah Sakit Condong Catur Memperingati Hari Kanker Anak Sedunia 15 Februari 2025.  Penyakit Kanker tidak mengenal Umur, mulai dari anak-anak hingga dewasa dapat terserang penyakit kanker.  Pada tahun ini, Hari Kanker Anak Sedunia 2025 mengusung tema 'Childhood Cancer: Inspiring Action'. Tema ini diangkat berdasarkan wawasan yang dikumpulkan pada tahun pertama kampanye (2024) yang bertema ""Univeiling Challenges"". Fase kedua kampanye mengalihkan fokusnya ke solusi yang dapat ditindaklanjuti.  Pada momen ini sekaligus memberikan penghargaan kepada orang terdekat, keluarga dan tenaga kesehatan yang membantu berjuang untuk pemulihan mereka.  -Solusi JITU Kesehatan Anda- . 🏥 RS Condong Catur 📍Alamat : Jl. Manggis No.6 Condong Catur Sleman Yogyakarta ☎ Telepon : (0274) 887494 WhatsApp Pendaftaran : 0859 3932 0877 (WA Only) . #klinikanak #harikankeranaksedunia #kankeranak2025 #kankeranak #kankeranaksedunia #polianak #anaksehat #vaksinanakjogja #vaksinmmr #vaksinmr #mr #mmr #klinikvaksin #dokteranak #anaksehat #dokteranakjogja #anaksleman #cegahkankeranak #sleman #condongcatur #doktersleman",https://www.instagram.com/p/DGE2GMyTSvt/,0,0,6,-1,NaN
873,klinikapotik.aasiyahmedika,2025-12-15T14:19:52.000Z,"Demam setelah vaksin? Tenang, ini NORMAL!  Banyak orang langsung khawatir saat demam muncul setelah vaksinasi. Padahal, justru ini tanda baik ✨ Artinya, sistem imun sedang bekerja membentuk antibodi untuk melindungi tubuh.  🔥 Demam ringan biasanya muncul dalam 24–48 jam setelah vaksin dan akan hilang dengan sendirinya.  ⚠️ Perlu waspada jika: 1. Demam tinggi tidak turun dalam waktu lama 2. Muncul reaksi alergi seperti sesak napas atau ruam hebat  💡 Tips sederhana mengatasi demam pasca vaksin: ✔️ Istirahat cukup ✔️ Kompres hangat ✔️ Minum parasetamol sesuai dosis anjuran  📍 Klinik Aasiyah Medika 💉 Layanan vaksinasi lengkap 📄 Sertifikat ICV untuk Umroh & Haji 📞 WhatsApp: 0813 9000 3123 📲 DM IG: @klinikapotik.aasiyahmedika 🏩 Jl. Mayor Safei No. 65, Lontar Jiwantaka, Serang  @klinikapotik.aasiyahmedika @klinikapotik.aasiyahmedika @klinikapotik.aasiyahmedika   #VaksinAman #EfekSampingVaksin #DemamPascaVaksin #KlinikAasiyahMedika #VaksinasiSerang #KesehatanAnak #InfoVaksin",https://www.instagram.com/p/DSSYdjRETsB/,0,0,1,-1,NaN
874,rv_makassar,2025-08-10T10:13:17.000Z,"Gimanaa nih, ada panik dan ketat ketir juga ngga Bun karena si kecil mendadak demam, bengkak, dan muncul ruam setelah vaksin?  Tenang Bunn, sini mimin jelasin sedikit apa itu KIPI ya,  KIPI adalah Kejadian Ikutan Pasca Imunisasi yang merupakan reaksi tubuh yang tidak diinginkan yang muncul pasca vaksinasi.  Nah, efek samping vaksinasi ini memiliki reaksi yang berbeda-beda di setiap orang, tergantung respons masing-masing anak, dan KIPI ini sendiri dibagi dalam 2 kelompok yakni KIPI ringan (lebih sering terjadi) seperti demam, bengkak, serta muncul ruam dan KIPI berat (sangat jarang terjadi).   Lalu bagaimana cara mengatasinya? Simak di postingan selanjutnya nanti ya, stay tune! ☺️☺️☺️  #KIPI #Efeksampingvaksin #vaksinasi #vaksin #vaksinbayi #vaksinasianak #vaksinanak #KejadianIkutanPascaImunisasi #imunisasi #demam #syok",https://www.instagram.com/p/DNK7SXMzmWI/,0,0,1,-1,NaN
875,rvserang,2025-08-25T03:15:45.000Z,"Gimanaa nih, ada panik dan ketat ketir juga ngga Bun karena si kecil mendadak demam, bengkak, dan muncul ruam setelah vaksin?  Tenang Bunn, sini mimin jelasin sedikit apa itu KIPI ya,  KIPI adalah Kejadian Ikutan Pasca Imunisasi yang merupakan reaksi tubuh yang tidak diinginkan yang muncul pasca vaksinasi.  Nah, efek samping vaksinasi ini memiliki reaksi yang berbeda-beda di setiap orang, tergantung respons masing-masing anak, dan KIPI ini sendiri dibagi dalam 2 kelompok yakni KIPI ringan (lebih sering terjadi) seperti demam, bengkak, serta muncul ruam dan KIPI berat (sangat jarang terjadi).   Lalu bagaimana cara mengatasinya? Simak di postingan selanjutnya nanti ya, stay tune! ☺️☺️☺️  #KIPI #Efeksampingvaksin #vaksinasi #vaksin #vaksinbayi #vaksinasianak #vaksinanak #KejadianIkutanPascaImunisasi #imunisasi #demam #syok",https://www.instagram.com/p/DNwzbWhZvIL/,0,0,2,-1,NaN
876,rumahvaksinasi_garut,2025-08-08T03:44:22.000Z,"Apabila terjadi KIPI, apa yang harus orangtua lakukan?   Geser slide untuk info lengkapnya yaa AyBun~  #KIPI #Efeksampingvaksin #vaksinasi #vaksin #vaksinbayi #vaksinasianak #vaksinanak #KejadianIkutanPascaImunisasi #imunisasi #demam #syo",https://www.instagram.com/p/DNFFMJOJ4iM/,0,0,0,-1,NaN
877,alergi_imunologi_interna,2025-10-29T04:20:00.000Z,"Halo Sobat Immunity! 👋🏻  Pernah nggak, setelah vaksin badan terasa pegal, demam ringan, atau lemas?  Tenang, itu reaksi normal kok, Tubuhmu sedang latihan perang kecil untuk membentuk pertahanan imun yang lebih kuat 💙  Yuk, cari tahu kenapa tubuh bisa terasa “nggak enak” setelah vaksin di slide berikut!  #HaloSobatImmunity #AlergiImunologi #Imunisasi #VaksinKadoTerindah #EfekSampingVaksin #Vaksinasi #Kesehatan #TipsSehat #CegahPenyakit #SehatBersama #EdukasiMedis #Vaksin #KesehatanMasyarakat",https://www.instagram.com/p/DQYSc3FkUWT/,0,0,19,-1,NaN
878,ummibabyspatreatment,2025-12-25T07:47:11.000Z,"🌱Dosis imunisasi BCG adalah 0,05 ml untuk bayi di bawah usia satu tahun. Umumnya penyuntikan imunisasi BCG dilakukan pada lengan bagian atas. Lengan bagian tersebut tidak boleh diberikan imunisasi lain, minimal selama 3 bulan.  🌱Meski tergolong imunisasi wajib, ada beberapa kondisi bayi yang membuat pemberian imunisasi BCG perlu ditunda, seperti demam,  infeksi kulit, dan bayi dari ibu dengan TB aktif. Bayi dari ibu yang menderita TB aktif perlu diberikan terapi pencegahan. Selain itu, imunisasi BCG tidak boleh diberikan pada bayi dengan HIV.  🌱Imunisasi BCG merupakan tindakan yang penting untuk melindungi kesehatan anak dari penyakit tuberkulosis. Namun, pastikan bayi dalam keadaan sehat sebelum mendapatkan vaksin BCG, ya.  🍃🍃🍃🍃🍃🍃🍃🍃🍃🍃🍃🍃🍃🍃 Silahkan yang mau reservasi  Jl. SMA 14 cawang Kramat jati. Jakarta Timur Kontak person : 0858-8012-7475 Instagram : @ummibabyspatreatment  ☘️☘️☘️☘️☘️☘️☘️☘️☘️☘️☘️☘️☘️☘️☘️ #babyspa #babyspajakartatimur#vaksinbcg #efeksampingvaksin #babyspajakartaselatan #babytreatment #momtreatment #babyspabekasi#bayihappymommydaddyhappy #baby #babyhappy #babygirl #babyboy #babymasaage #babymassagrpediatric #babymasagejakarta #babymasagejakartatimur#babymasagejakrtaselatan#hometreatmentspa #babymassagrpediatric #babymasagejakartatimur #babymassagrpediatric #babyspa #babymasagejakrtaselatan #babyhappy#babyspabekasitimur",https://www.instagram.com/p/DSrbePdksOe/,0,0,0,-1,NaN
879,rv.cempakamas,2025-08-12T02:57:43.000Z,"Gimanaa nih, ada panik dan ketat ketir juga ngga Bun karena si kecil mendadak demam, bengkak, dan muncul ruam setelah vaksin?  Tenang Bunn, sini mimin jelasin sedikit apa itu KIPI ya,  KIPI adalah Kejadian Ikutan Pasca Imunisasi yang merupakan reaksi tubuh yang tidak diinginkan yang muncul pasca vaksinasi.  Nah, efek samping vaksinasi ini memiliki reaksi yang berbeda-beda di setiap orang, tergantung respons masing-masing anak, dan KIPI ini sendiri dibagi dalam 2 kelompok yakni KIPI ringan (lebih sering terjadi) seperti demam, bengkak, serta muncul ruam dan KIPI berat (sangat jarang terjadi).   Lalu bagaimana cara mengatasinya? Simak di postingan selanjutnya nanti ya, stay tune! ☺️☺️☺️  #KIPI #Efeksampingvaksin #vaksinasi #vaksin #vaksinbayi #vaksinasianak #vaksinanak #KejadianIkutanPascaImunisasi #imunisasi #demam #syok",https://www.instagram.com/p/DNPTB9DvG6h/,0,0,3,-1,NaN
880,imunpro.id,2025-10-20T11:01:17.000Z,"Flu bukan sekadar pilek biasa! 🤧 Influenza bisa menyerang saluran pernapasan dan berisiko menyebabkan komplikasi serius seperti pneumonia, radang telinga, hingga sinusitis   Tapi tahukah kamu? 💡 Vaksin influenza bisa membantu mencegah influenza lho! Jangan tunggu sakit — mencegah selalu lebih baik daripada mengobati. Yuk, segera jadwalkan vaksin flu untuk kamu dan orang tersayang di Klinik Vaksin Imunpro sekarang juga!  _____________  Informasi pendaftaran, price list, konsultasi langsung dengan dokter, hubungi: 0812 3135 2244 💚⁣ . .. #imunpro #imunpropalembang #imunproid #vaksinpalembang #imunisasipalembang #vaksin #imunisasi #imunisasianak #imunisasianakpalembang #vaksinanak #vaksindewasa #tumbuhkembang #tumbuhkembanganak #imunisasibayi# bayisehat #edukasianak #imunisasiituperlu #efeksampingvaksin #vaksin24jam #lindungikeluarga #cegahpenyakit #vaksininfluenza #vaksinflu #cegahflu",https://www.instagram.com/p/DQB1OCojY6t/,0,0,21,-1,NaN
881,rumahvaksinasi_cikarang,2025-08-08T10:12:35.000Z,"Gimanaa nih, ada panik dan ketat ketir juga ngga Bun karena si kecil mendadak demam, bengkak, dan muncul ruam setelah vaksin?  Tenang Bunn, sini mimin jelasin sedikit apa itu KIPI ya,  KIPI adalah Kejadian Ikutan Pasca Imunisasi yang merupakan reaksi tubuh yang tidak diinginkan yang muncul pasca vaksinasi.  Nah, efek samping vaksinasi ini memiliki reaksi yang berbeda-beda di setiap orang, tergantung respons masing-masing anak, dan KIPI ini sendiri dibagi dalam 2 kelompok yakni KIPI ringan (lebih sering terjadi) seperti demam, bengkak, serta muncul ruam dan KIPI berat (sangat jarang terjadi).   Lalu bagaimana cara mengatasinya? Simak di postingan selanjutnya nanti ya, stay tune! ☺️☺️☺️  #KIPI #Efeksampingvaksin #vaksinasi #vaksin #vaksinbayi #vaksinasianak #vaksinanak #KejadianIkutanPascaImunisasi #imunisasi #demam #syok",https://www.instagram.com/p/DNFxne9Jbiv/,0,0,0,-1,NaN
882,ummibabyspatreatment,2025-12-20T05:18:47.000Z,"Setelah bayi mendapatkan imunisasi BCG, tidak perlu panik apabila muncul luka melepuh di area suntikan. Tidak jarang, luka tersebut terasa sakit dan lebam selama beberapa hari.   🌱Setelah 3–4 minggu, titik suntikan tersebut dapat membesar hingga berukuran hampir 1 cm dan mengeras, lalu meninggalkan bekas luka yang kecil. Sebagian bayi mungkin akan mengalami bekas luka yang lebih berat, tapi umumnya akan sembuh setelah beberapa minggu. Bekas luka ini dinamakan skar BCG.  Walau sangat jarang terjadi, terkadang vaksin BCG bisa menyebabkan efek samping yang berbahaya, yaitu reaksi anafilaktik. Untuk mewaspadai dan mencegah efek samping vaksin yang berbahaya, proses vaksinasi harus dilakukan oleh dokter atau petugas medis yang telah terlatih. 🍃🍃🍃🍃🍃🍃🍃🍃🍃🍃🍃🍃🍃🍃 Silahkan yang mau reservasi  Jl. SMA 14 cawang Kramat jati. Jakarta Timur Kontak person : 0858-8012-7475 Instagram : @ummibabyspatreatment  ☘️☘️☘️☘️☘️☘️☘️☘️☘️☘️☘️☘️☘️☘️☘️ #babyspa #babyspajakartatimur#vaksinbcg #efeksampingvaksin #babyspajakartaselatan #babytreatment #momtreatment #babyspabekasi#bayihappymommydaddyhappy #baby #babyhappy #babygirl #babyboy #babymasaage #babymassagrpediatric #babymasagejakarta #babymasagejakartatimur#babymasagejakrtaselatan#hometreatmentspa #babymassagrpediatric #babymasagejakartatimur #babymassagrpediatric #babyspa #babymasagejakrtaselatan #babyhappy#babyspabekasitimur",https://www.instagram.com/p/DSeSg3hEiA3/,0,0,1,-1,NaN
883,rumahvaksinasicibiru,2025-08-07T05:54:30.000Z,"... Gimanaa nih, ada panik dan ketat ketir juga ngga Bun karena si kecil mendadak demam, bengkak, dan muncul ruam setelah vaksin? Tenang Bunn, sini mimin jelasin sedikit apa itu KIPI ya, KIPI adalah Kejadian Ikutan Pasca Imunisasi yang merupakan reaksi tubuh yang tidak diinginkan yang muncul pasca vaksinasi. Nah, efek samping vaksinasi ini memiliki reaksi yang berbeda-beda di setiap orang, tergantung respons masing-masing anak, dan KIPI ini sendiri dibagi dalam 2 kelompok yakni KIPI ringan (lebih sering terjadi) seperti demam, bengkak, serta muncul ruam dan KIPI berat (sangat jarang terjadi). Lalu bagaimana cara mengatasinya? Simak di postingan selanjutnya nanti ya, stay tune! ☺️☺️☺️ #KIPI #Efeksampingvaksin #vaksinasi #vaksin #vaksinbayi #vaksinasianak #vaksinanak #KejadianIkutanPascaImunisasi #imunisasi #demam #syok",https://www.instagram.com/p/DNCvSUQzEVA/,0,0,1,-1,NaN
884,rumahvaksinasi_jagakarsa,2025-08-11T07:09:19.000Z,"Gimanaa nih, ada panik dan ketat ketir juga ngga Bun karena si kecil mendadak demam, bengkak, dan muncul ruam setelah vaksin?  Tenang Bunn, sini mimin jelasin sedikit apa itu KIPI ya,  KIPI adalah Kejadian Ikutan Pasca Imunisasi yang merupakan reaksi tubuh yang tidak diinginkan yang muncul pasca vaksinasi.  Nah, efek samping vaksinasi ini memiliki reaksi yang berbeda-beda di setiap orang, tergantung respons masing-masing anak, dan KIPI ini sendiri dibagi dalam 2 kelompok yakni KIPI ringan (lebih sering terjadi) seperti demam, bengkak, serta muncul ruam dan KIPI berat (sangat jarang terjadi).   Lalu bagaimana cara mengatasinya? Simak di postingan selanjutnya nanti ya, stay tune! ☺️☺️☺️  #KIPI #Efeksampingvaksin #vaksinasi #vaksin #vaksinbayi #vaksinasianak #vaksinanak #KejadianIkutanPascaImunisasi #imunisasi #demam #syok",https://www.instagram.com/p/DNNLB3lRXdN/,0,0,3,-1,NaN
885,rumahvaksinasipasteur,2025-08-11T13:53:03.000Z,"Gimanaa nih, ada panik dan ketat ketir juga ngga Bun karena si kecil mendadak demam, bengkak, dan muncul ruam setelah vaksin?  Tenang Bunn, sini mimin jelasin sedikit apa itu KIPI ya,  KIPI adalah Kejadian Ikutan Pasca Imunisasi yang merupakan reaksi tubuh yang tidak diinginkan yang muncul pasca vaksinasi.  Nah, efek samping vaksinasi ini memiliki reaksi yang berbeda-beda di setiap orang, tergantung respons masing-masing anak, dan KIPI ini sendiri dibagi dalam 2 kelompok yakni KIPI ringan (lebih sering terjadi) seperti demam, bengkak, serta muncul ruam dan KIPI berat (sangat jarang terjadi).   Lalu bagaimana cara mengatasinya? Simak di postingan selanjutnya nanti ya, stay tune! ☺️☺️☺️  #KIPI #Efeksampingvaksin #vaksinasi #vaksin #vaksinbayi #vaksinasianak #vaksinanak #KejadianIkutanPascaImunisasi #imunisasi #demam #syok",https://www.instagram.com/p/DNN5O3bvVHT/,0,0,5,-1,NaN
886,solusinyeritulangbelakang,2025-10-12T10:05:26.000Z,".⁣ Efek samping imunisasi sering bikin was-was. Tapi, nggak semua keluhan harus dianggap berbahaya.⁣  👉 Pegal ringan? Normal.⁣  👉 Nyeri sendi & otot lebih dari seminggu? Perlu perhatian.⁣ ⁣ Jadi, tetap dukung imunisasi, tapi juga dengarkan sinyal tubuhmu. Kalau gejala makin mengganggu, jangan ragu untuk konsultasi ke dokter saraf.⁣ . . .⁣⁣⁣⁣⁣⁣⁣⁣⁣⁣⁣⁣⁣⁣⁣⁣⁣⁣⁣⁣⁣⁣⁣⁣⁣⁣⁣⁣⁣⁣⁣⁣⁣⁣⁣⁣⁣⁣⁣⁣⁣⁣⁣⁣ Dr. dr. Alfred Sutrisno Sim,. Sp.BS,. Subsp N-TB (K),. SH., FINSS,. FINPS⁣⁣⁣⁣⁣⁣⁣⁣⁣⁣⁣⁣⁣⁣⁣⁣⁣⁣⁣⁣⁣⁣⁣⁣⁣⁣⁣⁣⁣⁣⁣⁣⁣⁣⁣⁣⁣⁣⁣⁣⁣⁣⁣⁣ .⁣⁣⁣⁣⁣⁣⁣⁣⁣⁣⁣⁣⁣⁣⁣⁣⁣⁣⁣⁣⁣⁣⁣⁣⁣⁣⁣⁣⁣⁣⁣⁣⁣⁣⁣⁣⁣⁣⁣⁣⁣⁣⁣⁣ Consultant of Neurosurgery Spine, Pain and Peripheral Reconstruction⁣⁣⁣⁣⁣⁣⁣⁣⁣⁣⁣⁣⁣⁣⁣⁣⁣⁣⁣⁣⁣⁣⁣⁣⁣⁣⁣⁣⁣⁣⁣⁣⁣⁣⁣⁣⁣⁣⁣⁣⁣⁣⁣⁣ .⁣⁣⁣⁣⁣⁣⁣⁣⁣⁣⁣⁣⁣⁣⁣⁣⁣⁣⁣⁣⁣⁣⁣⁣⁣⁣⁣⁣⁣⁣⁣⁣⁣⁣⁣⁣⁣⁣⁣⁣⁣⁣⁣⁣ RS PIK & RS EMC Alam Sutera⁣⁣⁣⁣⁣⁣⁣⁣⁣⁣⁣⁣⁣⁣⁣⁣⁣⁣⁣⁣⁣⁣⁣⁣⁣⁣⁣⁣⁣⁣⁣⁣⁣⁣⁣⁣⁣⁣⁣⁣⁣⁣⁣⁣ .⁣⁣⁣⁣⁣⁣⁣⁣⁣⁣⁣⁣⁣⁣⁣⁣⁣⁣⁣⁣⁣⁣⁣⁣⁣⁣⁣⁣⁣⁣⁣⁣⁣⁣⁣⁣⁣⁣⁣⁣⁣⁣⁣⁣ Contact in Profile⁣⁣⁣⁣⁣⁣⁣⁣⁣⁣⁣⁣⁣⁣⁣⁣⁣⁣⁣⁣⁣⁣⁣⁣⁣⁣⁣⁣⁣⁣⁣⁣⁣⁣⁣⁣⁣⁣⁣⁣⁣⁣⁣⁣ . . .⁣⁣⁣⁣ #Imunisasi #EfekSampingVaksin #KesehatanSaraf #SarafKejepit #NyeriPunggung #LeherKaku #KesehatanIndonesia #SehatBersama #CekSaraf #KonsultasiDokter",https://www.instagram.com/p/DPtIeC1in3V/,0,0,0,-1,NaN
887,rumahvaksinasi_depok,2025-08-11T11:51:23.000Z,"Gimanaa nih, ada panik dan ketat ketir juga ngga Bun karena si kecil mendadak demam, bengkak, dan muncul ruam setelah vaksin?  Tenang Bunn, sini mimin jelasin sedikit apa itu KIPI ya,  KIPI adalah Kejadian Ikutan Pasca Imunisasi yang merupakan reaksi tubuh yang tidak diinginkan yang muncul pasca vaksinasi.  Nah, efek samping vaksinasi ini memiliki reaksi yang berbeda-beda di setiap orang, tergantung respons masing-masing anak, dan KIPI ini sendiri dibagi dalam 2 kelompok yakni KIPI ringan (lebih sering terjadi) seperti demam, bengkak, serta muncul ruam dan KIPI berat (sangat jarang terjadi).   Lalu bagaimana cara mengatasinya? Simak di postingan selanjutnya nanti ya, stay tune! ☺️☺️☺️  #KIPI #Efeksampingvaksin #vaksinasi #vaksin #vaksinbayi #vaksinasianak #vaksinanak #KejadianIkutanPascaImunisasi #imunisasi #demam #syok",https://www.instagram.com/p/DNNrTzLzCVu/,0,0,1,-1,NaN
888,rvbogor,2025-08-07T23:16:39.000Z,"Gimanaa nih, ada panik dan ketat ketir juga ngga Bun karena si kecil mendadak demam, bengkak, dan muncul ruam setelah vaksin?  Tenang Bunn, sini MinBo jelasin apa itu KIPI ya,  KIPI adalah Kejadian Ikutan Pasca Imunisasi yang merupakan reaksi tubuh yang tidak diinginkan yang muncul pasca vaksinasi.  Nah, efek samping vaksinasi ini memiliki reaksi yang berbeda-beda di setiap orang, tergantung respons masing-masing anak, dan KIPI ini sendiri dibagi dalam 2 kelompok yakni KIPI ringan (lebih sering terjadi) seperti demam, bengkak, serta muncul ruam dan KIPI berat (sangat jarang terjadi).   Lalu bagaimana cara mengatasinya? Simak di postingan selanjutnya nanti ya, stay tune! ☺️☺️☺️  #KIPI #Efeksampingvaksin #vaksinasi #vaksin #vaksinbayi #vaksinasianak #vaksinanak #KejadianIkutanPascaImunisasi #imunisasi #demam #syok",https://www.instagram.com/p/DNEmjTQTsHu/,0,0,4,-1,NaN
889,rumahvaksinasi,2025-08-06T10:20:33.000Z,"Gimanaa nih, ada panik dan ketat ketir juga ngga Bun karena si kecil mendadak demam, bengkak, dan muncul ruam setelah vaksin?  Tenang Bunn, sini mimin jelasin sedikit apa itu KIPI ya,  KIPI adalah Kejadian Ikutan Pasca Imunisasi yang merupakan reaksi tubuh yang tidak diinginkan yang muncul pasca vaksinasi.  Nah, efek samping vaksinasi ini memiliki reaksi yang berbeda-beda di setiap orang, tergantung respons masing-masing anak, dan KIPI ini sendiri dibagi dalam 2 kelompok yakni KIPI ringan (lebih sering terjadi) seperti demam, bengkak, serta muncul ruam dan KIPI berat (sangat jarang terjadi).   Lalu bagaimana cara mengatasinya? Simak di postingan selanjutnya nanti ya, stay tune! ☺️☺️☺️  #KIPI #Efeksampingvaksin #vaksinasi #vaksin #vaksinbayi #vaksinasianak #vaksinanak #KejadianIkutanPascaImunisasi #imunisasi #demam #syok",https://www.instagram.com/p/DNAo8D9zcAD/,2,0,8,-1,NaN
890,marianovita01_,2025-06-25T17:24:23.000Z,"𝗪𝗔𝗦𝗣𝗔𝗗𝗔 𝗖𝗘𝗗𝗘𝗥𝗔 𝗝𝗔𝗡𝗧𝗨𝗡𝗚 𝗣𝗥𝗜𝗔 𝗠𝗨𝗗𝗔 𝗬𝗔𝗡𝗚 𝗩𝗔𝗞𝗦𝗜𝗡 𝗣𝗙𝗜𝗭𝗘𝗥 & 𝗠𝗢𝗗𝗘𝗥𝗡𝗔!  Baru-baru ini terungkap bahwa vaksin COVID mRNA (Pfizer & Moderna) bisa memicu cedera jantung, terutama pria muda.   Adapun tindakan yang bisa mengantisipasi masalah ini adalah pemeriksaan rutin kardiovaskular dan konsumsi SOP Subarashi.   𝗦𝗢𝗣 𝗦𝘂𝗯𝗮𝗿𝗮𝘀𝗵𝗶 hadir sebagai solusi dari Jepang yang dipatenkan manfaatnya secara ilmiah dapat membantu menjaga sirkulasi peredaran darah, meregenerasi sel yang rusak, anti-hypertensive agent juga mencegah pembekuan darah berlebihan.   Ingat, jantungmu hanya 1. Kalau rusak, tidak ada gantinya. Apalagi kalau kamu tulang punggung keluarga satu-satunya. Rawat jantungmu dsri sekarang sebelum terlambat!   #AFCLifescience #SOPSubarashi #JagaJantung #EfekSampingVaksin #KesehatanAdalahInvestasi #RegenerasiSel",https://www.instagram.com/p/DLVQDpYvyUF/,0,0,0,-1,NaN
891,oksehat,2025-02-02T09:39:49.000Z,"Langka! Remaja ini mengalami efek samping setelah Vaksin COVID! Swipe untuk detailnya! 🔍  Sumber: CNN News  #oksehat #MakanBergiziGratis #Sukoharjo #JawaTengah #InfoKesehatan #BeritaKesehatan #InformasiKesehatan #Keracunan #AyamTidakMatang #Autoimuncare #AutoimuncareIndonesia #Berita #BeritaTerkini #Covid19 #EfekSampingVaksin #Vaksin #vaksincovid19",https://www.instagram.com/p/DFkNN6TSjyG/,4,0,70,-1,NaN
892,zonasehat.today,2025-06-19T03:14:45.000Z,"FDA baru saja menginstruksikan Pfizer dan Moderna untuk memperbarui label peringatan vaksin COVID-19 mereka. Peringatan ini berkaitan dengan risiko cedera jantung seperti miokarditis dan perikarditis, khususnya pada remaja laki-laki dan pria muda usia 16–25 tahun.  📉 Meski tergolong langka (sekitar 38 kasus per 1 juta dosis) dan umumnya ringan, langkah ini diambil demi transparansi dan keselamatan publik.  🩺 Gejala biasanya muncul dalam seminggu setelah vaksinasi dan cenderung membaik seiring waktu. CDC menegaskan bahwa manfaat vaksin tetap jauh lebih besar dibandingkan risikonya.  Sikap terbuka seperti ini penting agar masyarakat tetap percaya, tapi juga waspada. ____  Share ke temen kamu yang butuh info ini. follow @zonasehat.today   cr: cnnindonesia.com  #zonasehat  #EfekSampingVaksin #Miokarditis #Perikarditis #FDAUpdate #VaksinCovid #EdukasiKesehatan #VaksinAman #FaktanyaGimana #KesehatanRemaja",https://www.instagram.com/p/DLESDfeymiQ/,38,0,394,-1,NaN
893,mrfreshnature,2025-06-01T00:18:25.000Z,"𝗪𝗔𝗦𝗣𝗔𝗗𝗔 𝗖𝗘𝗗𝗘𝗥𝗔 𝗝𝗔𝗡𝗧𝗨𝗡𝗚 𝗣𝗥𝗜𝗔 𝗠𝗨𝗗𝗔 𝗬𝗔𝗡𝗚 𝗩𝗔𝗞𝗦𝗜𝗡 𝗣𝗙𝗜𝗭𝗘𝗥 & 𝗠𝗢𝗗𝗘𝗥𝗡𝗔!  Baru-baru ini terungkap bahwa vaksin COVID mRNA (Pfizer & Moderna) bisa memicu cedera jantung, terutama pria muda.   Adapun tindakan yang bisa mengantisipasi masalah ini adalah pemeriksaan rutin kardiovaskular dan konsumsi SOP Subarashi.   𝗦𝗢𝗣 𝗦𝘂𝗯𝗮𝗿𝗮𝘀𝗵𝗶 hadir sebagai solusi dari Jepang yang dipatenkan manfaatnya secara ilmiah dapat membantu menjaga sirkulasi peredaran darah, meregenerasi sel yang rusak, anti-hypertensive agent juga mencegah pembekuan darah berlebihan.   Ingat, jantungmu hanya 1. Kalau rusak, tidak ada gantinya. Apalagi kalau kamu tulang punggung keluarga satu-satunya. Rawat jantungmu dsri sekarang sebelum terlambat!   #AFCLifescience #SOPSubarashi #JagaJantung #EfekSampingVaksin #KesehatanAdalahInvestasi #regenerasisel  #timika #papuatengah #papua",https://www.instagram.com/p/DKVnkNoyj6S/,0,0,0,-1,NaN
894,vaccinity_smd,2025-04-25T04:38:22.000Z,"Bener gak sih vaksin itu bikin sakit?   HOAX itu mah! 🙅‍♀️   Efek samping vaksin biasanya ringan kok, misalnya pegal sedikit atau demam ringan.  Jangan dengerin mitos, vaksin itu justru melindungi kita dari penyakit! 💪   Get vaccinated, stay protected!  Jadwalkan homecare vaksinasi bersama Vaccinity Samarinda!  #vaccinity #vaksinasi #vaksin #layananvaksinasi #layananvaksinasihomecare #layananvaksinasisamarinda #mitosataufakta #faktavaksin #efeksampingvaksin #janganpercayaHoax #vaksinaman #vaksinberkhasiat #lindungidirimu #kesehatan #infovaksin",https://www.instagram.com/p/DI2z5z2Rg8X/,0,0,0,-1,NaN
895,lavina.prasista,2025-05-26T14:56:02.000Z,"𝗪𝗔𝗦𝗣𝗔𝗗𝗔 𝗖𝗘𝗗𝗘𝗥𝗔 𝗝𝗔𝗡𝗧𝗨𝗡𝗚 𝗣𝗥𝗜𝗔 𝗠𝗨𝗗𝗔 𝗬𝗔𝗡𝗚 𝗩𝗔𝗞𝗦𝗜𝗡 𝗣𝗙𝗜𝗭𝗘𝗥 & 𝗠𝗢𝗗𝗘𝗥𝗡𝗔!  Baru-baru ini terungkap bahwa vaksin COVID mRNA (Pfizer & Moderna) bisa memicu cedera jantung, terutama pria muda.   Adapun tindakan yang bisa mengantisipasi masalah ini adalah pemeriksaan rutin kardiovaskular dan konsumsi SOP Subarashi.   𝗦𝗢𝗣 𝗦𝘂𝗯𝗮𝗿𝗮𝘀𝗵𝗶 hadir sebagai solusi dari Jepang yang dipatenkan manfaatnya secara ilmiah dapat membantu menjaga sirkulasi peredaran darah, meregenerasi sel yang rusak, anti-hypertensive agent juga mencegah pembekuan darah berlebihan.   Ingat, jantungmu hanya 1. Kalau rusak, tidak ada gantinya. Apalagi kalau kamu tulang punggung keluarga satu-satunya. Rawat jantungmu dsri sekarang sebelum terlambat!   #AFCLifescience #SOPSubarashi #JagaJantung #EfekSampingVaksin #KesehatanAdalahInvestasi #RegenerasiSel #Miokarditis #Perikarditis",https://www.instagram.com/p/DKHvOzMyR8Z/,13,0,54,-1,NaN
896,klinikpringgohusada,2025-03-16T07:50:37.000Z,"Vaksin meningitis sering dikaitkan dengan demam berkepanjangan. Tapi… ini MITOS! 😱❌  Efek samping vaksin ini umumnya ringan, seperti nyeri di area suntikan atau demam ringan yang cepat reda. Jadi, Sobat Kondang nggak perlu ragu buat vaksinasi sebelum berangkat haji/umroh!   Pernah dengar mitos kesehatan lain yang bikin ragu? Share di kolom komentar ya!   #KlinikPringgoHusada #PonorogoSehat #KlinikPonorogo #KlinikKesehatan #SehatBersama #JagaKesehatan #MitosFaktaKesehatan #VaksinMeningitis #EfekSampingVaksin",https://www.instagram.com/p/DHQKG4eS5aa/,0,0,5,-1,NaN
897,didahlaelatul,2025-05-31T23:23:09.000Z,"𝗪𝗔𝗦𝗣𝗔𝗗𝗔 𝗖𝗘𝗗𝗘𝗥𝗔 𝗝𝗔𝗡𝗧𝗨𝗡𝗚 𝗣𝗥𝗜𝗔 𝗠𝗨𝗗𝗔 𝗬𝗔𝗡𝗚 𝗩𝗔𝗞𝗦𝗜𝗡 𝗣𝗙𝗜𝗭𝗘𝗥 & 𝗠𝗢𝗗𝗘𝗥𝗡𝗔!  Baru-baru ini terungkap bahwa vaksin COVID mRNA (Pfizer & Moderna) bisa memicu cedera jantung, terutama pria muda.   Adapun tindakan yang bisa mengantisipasi masalah ini adalah pemeriksaan rutin kardiovaskular dan konsumsi SOP Subarashi.   𝗦𝗢𝗣 𝗦𝘂𝗯𝗮𝗿𝗮𝘀𝗵𝗶 hadir sebagai solusi dari Jepang yang dipatenkan manfaatnya secara ilmiah dapat membantu menjaga sirkulasi peredaran darah, meregenerasi sel yang rusak, anti-hypertensive agent juga mencegah pembekuan darah berlebihan.   Ingat, jantungmu hanya 1. Kalau rusak, tidak ada gantinya. Apalagi kalau kamu tulang punggung keluarga satu-satunya. Rawat jantungmu dsri sekarang sebelum terlambat!   Dapatkan Produk Asli AFC HANYA DI DISTRIBUTOR RESMI AFC HUBUNGI : DIDAH : 08170866946  #afclifescienceindonesia #afcallstarsteam #afcallstarsdepok #sopsubarashi #JagaJantung #EfekSampingVaksin #KesehatanAdalahInvestasi #RegenerasiSel  SEMUA ORANG",https://www.instagram.com/p/DKVhPXiBIKk/,0,0,2,-1,NaN
898,afcoriginal100,2025-05-27T05:00:38.000Z,"𝗪𝗔𝗦𝗣𝗔𝗗𝗔 𝗖𝗘𝗗𝗘𝗥𝗔 𝗝𝗔𝗡𝗧𝗨𝗡𝗚 𝗣𝗥𝗜𝗔 𝗠𝗨𝗗𝗔 𝗬𝗔𝗡𝗚 𝗩𝗔𝗞𝗦𝗜𝗡 𝗣𝗙𝗜𝗭𝗘𝗥 & 𝗠𝗢𝗗𝗘𝗥𝗡𝗔!  Baru-baru ini terungkap bahwa vaksin COVID mRNA (Pfizer & Moderna) bisa memicu cedera jantung, terutama pria muda.   Adapun tindakan yang bisa mengantisipasi masalah ini adalah pemeriksaan rutin kardiovaskular dan konsumsi SOP Subarashi.   𝗦𝗢𝗣 𝗦𝘂𝗯𝗮𝗿𝗮𝘀𝗵𝗶 hadir sebagai solusi dari Jepang yang dipatenkan manfaatnya secara ilmiah dapat membantu menjaga sirkulasi peredaran darah, meregenerasi sel yang rusak, anti-hypertensive agent juga mencegah pembekuan darah berlebihan.   Ingat, jantungmu hanya 1. Kalau rusak, tidak ada gantinya. Apalagi kalau kamu tulang punggung keluarga satu-satunya. Rawat jantungmu dsri sekarang sebelum terlambat!   #AFCLifescience #SOPSubarashi #JagaJantung #EfekSampingVaksin #KesehatanAdalahInvestasi #RegenerasiSel",https://www.instagram.com/p/DKJP400vn8p/,0,0,1,-1,NaN
899,rumahvaksinasi_garut,2025-08-07T03:27:07.000Z,"Gimanaa nih, ada panik dan ketat ketir juga ngga Bun karena si kecil mendadak demam, bengkak, dan muncul ruam setelah vaksin?  Tenang Bunn, sini mimin jelasin sedikit apa itu KIPI ya,  KIPI adalah Kejadian Ikutan Pasca Imunisasi yang merupakan reaksi tubuh yang tidak diinginkan yang muncul pasca vaksinasi.  Nah, efek samping vaksinasi ini memiliki reaksi yang berbeda-beda di setiap orang, tergantung respons masing-masing anak, dan KIPI ini sendiri dibagi dalam 2 kelompok yakni KIPI ringan (lebih sering terjadi) seperti demam, bengkak, serta muncul ruam dan KIPI berat (sangat jarang terjadi).   Lalu bagaimana cara mengatasinya? Simak di postingan selanjutnya nanti ya, stay tune! ☺️☺️☺️  #KIPI #Efeksampingvaksin #vaksinasi #vaksin #vaksinbayi #vaksinasianak #vaksinanak #KejadianIkutanPascaImunisasi #imunisasi #demam #syok",https://www.instagram.com/p/DNCea3BJPQq/,0,0,0,-1,NaN
900,radarjabar.id,2025-05-15T08:00:26.000Z,"Badan Pengawas Obat dan Makanan (BPOM) resmi menyetujui pelaksanaan uji klinis fase 3 vaksin Tuberkulosis (TBC) di Indonesia. Persetujuan tersebut disampaikan Kepala BPOM Taruna Ikrar usai menerima perwakilan dari Bill & Melinda Gates Foundation, Kamis (15/5/2025).  “BPOM telah memutuskan memberikan approval terhadap uji klinis fase 3 ini,” ujar Taruna kepada wartawan. Ia menjelaskan bahwa keputusan itu diambil setelah evaluasi ilmiah ketat oleh Komite Nasional Evaluasi Obat yang melibatkan para profesor dari UI dan ITB.  Uji klinis ini bertujuan menilai efikasi vaksin TBC yang dikembangkan dengan dukungan Bill Gates Foundation, dengan target efektivitas di atas 50 persen. “Vaksin ini sudah melalui uji pre-klinis dan dua fase awal, serta dinyatakan aman oleh tim independen,” jelas Taruna.  Taruna menambahkan, efek samping yang ditemukan bersifat ringan dan tidak mengancam jiwa. “Efek sampingnya hanya demam. Ini sudah diteliti di negara maju seperti Swiss,” tambahnya.  #VaksinTBC #BPOM #UjiKlinisFase3 #BillGatesFoundation #TBCIndonesia #KesehatanPublik #EfekSampingVaksin #VaksinAman #UjiKlinisVaksin",https://www.instagram.com/p/DJqq7M4Nuuz/,0,0,3,-1,NaN
901,maxdabearafelanda.holistic,2025-05-27T00:48:42.000Z,"𝗪𝗔𝗦𝗣𝗔𝗗𝗔 𝗖𝗘𝗗𝗘𝗥𝗔 𝗝𝗔𝗡𝗧𝗨𝗡𝗚 𝗣𝗥𝗜𝗔 𝗠𝗨𝗗𝗔 𝗬𝗔𝗡𝗚 𝗩𝗔𝗞𝗦𝗜𝗡 𝗣𝗙𝗜𝗭𝗘𝗥 & 𝗠𝗢𝗗𝗘𝗥𝗡𝗔!  Yang pake ASTRA ZANECA BELUM SELESAI KETAR KETIR nya penyebab menariknya Ddimer / kekentalan darah,sekarang udah keluar klinis lagi 2 vaksin penyebab cedera jantung.   Baru-baru ini terungkap bahwa vaksin COVID mRNA (Pfizer & Moderna) bisa memicu cedera jantung, terutama pria muda.   Adapun tindakan yang bisa mengantisipasi masalah ini adalah pemeriksaan rutin kardiovaskular dan konsumsi SOP Subarashi.   𝗦𝗢𝗣 𝗦𝘂𝗯𝗮𝗿𝗮𝘀𝗵𝗶 hadir sebagai solusi dari Jepang yang dipatenkan manfaatnya secara ilmiah dapat membantu menjaga sirkulasi peredaran darah, meregenerasi sel yang rusak, anti-hypertensive agent juga mencegah pembekuan darah berlebihan.   Ingat, jantungmu hanya 1. Kalau rusak, tidak ada gantinya. Apalagi kalau kamu tulang punggung keluarga satu-satunya. Rawat jantungmu dsri sekarang sebelum terlambat!   #AFCLifescience #SOPSubarashi #JagaJantung #EfekSampingVaksin #KesehatanAdalahInvestasi #RegenerasiSel #ujiklinis #organic #antihipertensi  #vaksin",https://www.instagram.com/p/DKIzDoVhyhC/,0,0,0,-1,NaN
902,sopsubarashibekasi,2025-05-27T05:21:55.000Z,"𝗪𝗔𝗦𝗣𝗔𝗗𝗔 𝗖𝗘𝗗𝗘𝗥𝗔 𝗝𝗔𝗡𝗧𝗨𝗡𝗚 𝗣𝗥𝗜𝗔 𝗠𝗨𝗗𝗔 𝗬𝗔𝗡𝗚 𝗩𝗔𝗞𝗦𝗜𝗡 𝗣𝗙𝗜𝗭𝗘𝗥 & 𝗠𝗢𝗗𝗘𝗥𝗡𝗔!  Baru-baru ini terungkap bahwa vaksin COVID mRNA (Pfizer & Moderna) bisa memicu cedera jantung, terutama pria muda.   Adapun tindakan yang bisa mengantisipasi masalah ini adalah pemeriksaan rutin kardiovaskular dan konsumsi SOP Subarashi.   𝗦𝗢𝗣 𝗦𝘂𝗯𝗮𝗿𝗮𝘀𝗵𝗶 hadir sebagai solusi dari Jepang yang dipatenkan manfaatnya secara ilmiah dapat membantu menjaga sirkulasi peredaran darah, meregenerasi sel yang rusak, anti-hypertensive agent juga mencegah pembekuan darah berlebihan.   Ingat, jantungmu hanya 1. Kalau rusak, tidak ada gantinya. Apalagi kalau kamu tulang punggung keluarga satu-satunya. Rawat jantungmu dsri sekarang sebelum terlambat!   #AFCLifescience #SOPSubarashi #JagaJantung #EfekSampingVaksin #KesehatanAdalahInvestasi #RegenerasiSel",https://www.instagram.com/p/DKJSUu2PvhK/,0,0,1,-1,NaN
