index,account,postdate,tweet,link,comments,retweets,likes,views,replysource
1,anakfarmasi02,2025-01-27T06:39:23.000Z,"VAKSIN CAMPAK DIBERIKAN PADA BULAN KE 9  #ANAKFARMASI02 #AF02 #UKMPPAI #UKMPPAI2025",https://x.com/anakfarmasi02/status/1883766738476827049,0,0,0,210,NaN
2,clevernonie,2025-01-20T05:53:23.000Z,"Kalo Vernon pepsos collab, gua gipewey sertifikat vaksin ama imunisasi campak, bantu ramein guys",https://x.com/clevernonie/status/1881218444319969633,0,0,0,87,NaN
3,Jumianto_RK,2025-01-18T12:10:35.000Z,"Pencegahan sejak usia di kandungan dengan memberikan makanan bergizi buat bumil, berlanjut setelah lahiran program imunisasi ke posyandu. Vaksin TT, Campak, Folio. Dan disertai pemberian makanan bergizi bagi balita.",https://x.com/Jumianto_RK/status/1880588595431714958,0,0,0,195,NaN
4,mhisbullaht,2025-01-16T09:00:59.000Z,"syukur banget gw pas kecil cmn ada persoalan vaksin campak (?), disuntik ""paksa"" pas di sekolah.",https://x.com/mhisbullaht/status/1879816104299909617,0,0,0,281,NaN
5,mario_an19,2025-01-10T13:32:38.000Z,"bodo amat   gw dari kecil dah d vaksin polio, campak, cacar, dll   ampe sekarang juga ga kenapa2 cok",https://x.com/mario_an19/status/1877710140448907578,0,0,0,75,NaN
6,AsalGombak,2025-01-10T07:58:02.000Z,"PROGRAM PEMBERIAN VAKSIN DEMAN CAMPAK PERCUMA @ KAMPUNG CHANGKAT  Tarikh : 11 Januari 2025 (Sabtu) Masa : 8 pagi - 1 tengah hari Lokasi : Dewan JPKK Kampung Changkat",https://x.com/AsalGombak/status/1877625935048094069,0,0,0,980,NaN
7,RadioTaiwan_IDN,2025-01-10T07:00:01.000Z,"Wabah Campak Kian Meluas! Vaksin Campak Kehabisan Stok? Ini Penjelasan Menteri Kesehatan di Taiwan  Selengkapnya: https://id.rti.org.tw/news/view/id/108888…",https://x.com/RadioTaiwan_IDN/status/1877611334008975727,0,0,0,37,NaN
8,kakikukaki15,2025-01-02T11:07:38.000Z,"Tahun 2024 kemarin, hanya 1X anakku pakai antibiotik. Saat campak kemarin. Loh? Loh? Loh? Koq campak pakai antibiotik? Campak kan penyebabnya virus. Bisa sembuh sendiri, apalagi vaksin MMR nya lengkap.",https://x.com/kakikukaki15/status/1874774548719280422,0,0,0,107,NaN
9,rskdsitifatimah,2025-01-02T02:36:32.000Z,"Immunization is the process of building the body's immunity against a disease. This process is carried out through the administration of vaccines, either by injection or orally. Below is the immunization service schedule at RSKDIA Siti Fatimah. ____ #imunisasi #BCG #DPT#Polio",https://x.com/rskdsitifatimah/status/1874645924540273103,0,0,0,65,NaN
10,biolahitam,2025-02-27T09:21:55.000Z,"Campak mulai muncul lagi di luar wkwkwk. Banyak yang ga vaksin.",https://x.com/biolahitam/status/1895041662080164172,0,0,0,72,NaN
11,dion_sauruss,2025-02-25T04:25:47.000Z,"Karena belum vaksin campak.",https://x.com/dion_sauruss/status/1894242365042504137,0,0,0,44,NaN
12,finochk,2025-02-25T03:59:42.000Z,"Wkwkwkwk mau vaksin berkali-kali jg umur 32 tetep kena campak",https://x.com/finochk/status/1894235799190655140,0,0,0,29,NaN
13,KemenkesRI,2025-02-24T14:40:02.000Z,"Fakta penting tentang vaksin HPV  Vaksinnya aman & terbukti efektif serta telah digunakan miliaran orang untuk melindungi dari penyakit berbahaya  Efek sampingnya pun ringan & sementara, manfaatnya mencegah komplikasi serius seperti polio, campak, difteri, & kanker leher rahim",https://x.com/KemenkesRI/status/1894034559047532594,0,0,0,801,NaN
14,Urluvvbaby,2025-02-23T17:16:16.000Z,"Walaupun udh vaksin trnyata bisa kena campak lg y pas dewasa?. Menjelang sidang kmarin ternyata ddiagnosis campak trs ruam merah & efek pemulihanny jd bikin muka super kering kek bersisik dan kaku. Tp disaranin dokter pake labore dan kaget!!! Bagus bgt mo nangis langsung sembuh",https://x.com/Urluvvbaby/status/1893711487958466655,0,0,0,242,NaN
15,moresowju,2025-02-23T12:28:45.000Z,"buat apa vaksin campak kalo pas gedhe kamu juga dicampakkan",https://x.com/moresowju/status/1893639132670316937,0,0,0,241,NaN
16,thetaintedsrrw,2025-02-22T09:02:05.000Z,"udah mulai siap2 deh soalnya stok obat dan vaksin di dinas pada kosong2.... vaksin campak sama dpt aja kosong kaya PENING efisiensi tolol ini",https://x.com/thetaintedsrrw/status/1893224731593056527,0,0,0,118,NaN
17,juyimin,2025-02-22T03:18:17.000Z,"Kalau vaksin campak udah?",https://x.com/juyimin/status/1893138213356872058,0,0,0,22,NaN
18,Chivil047,2025-02-21T11:54:09.000Z,"Per detik ini jg vaksin campak di ibukota salah satu provinsi 3T juga habissss (udah ada sebulan kali), masih mau blg ini bukan  #IndonesiaGelap ???",https://x.com/Chivil047/status/1892905649350332427,0,0,0,393,NaN
19,prajnamu,2025-02-15T15:19:08.000Z,"Ngeri banget campak di AS.  Campak sangat menular sehingga potensi satu orang bisa menularkan mencapai 90% pada orang yang dekat tanpa kekebalan. Sbnrnya sgt bs dicegah dgn vaksin, tp belakangan makin marak gerakan anti-vaksin. https://nfid.org/infectious-disease/measles/…",https://x.com/prajnamu/status/1890782907225997521,0,0,0,63,NaN
20,Voljinyy,2025-02-13T03:27:34.000Z,"Lebih miris lagi karena harusnya penyakit measles/campak ini bisa dicegah dengan VAKSIN, tapi cakupan vaksinasi menurun gara-gara para antivax bodoh nan jahat itu",https://x.com/Voljinyy/status/1889879060513431884,0,0,0,107,NaN
21,voaindonesia,2025-02-11T07:00:12.000Z,"Lima belas kasus campak — sebagian besar terjadi pada anak usia sekolah — telah dikonfirmasi di Texas Barat. Kasus-kasus itu terjadi di daerah kecil dengan salah satu tingkat pengecualian vaksin tertinggi di negara bagian tersebut.",https://x.com/voaindonesia/status/1889207793015837101,0,0,0,308,NaN
22,yamanatau_,2025-02-09T12:34:00.000Z,"Padahal pas kecil udah vaksin campak kenapa pas Udah besar masih di campakan",https://x.com/yamanatau_/status/1888567020020453488,0,0,0,176,NaN
23,rskdsitifatimah,2025-02-04T01:36:47.000Z,"Imunisasi adalah proses pembentukan kekebalan tubuh terhadap suatu penyakit. Proses ini dilakukan melalui pemberian vaksin, baik berupa suntikan ataupun minum. Berikut jadwal pelayanan imunisasi di RSKDIA Siti Fatimah. ____ #imunisasi #BCG #DPT#Polio #campak #rskdiasitifatimah",https://x.com/rskdsitifatimah/status/1886589688431173670,0,0,0,68,NaN
24,blue_berets7,2025-03-24T17:35:23.000Z,"Penelitian trsb melaporkan hasil yg dihasilkan dari analisis galur sel MRC 5, khususnya yg terkandung dalam vaksin tetravalen campak-gondong-rubella-cacar air (MMRV) milik GlaxoSmithKline.",https://x.com/blue_berets7/status/1904225547439546497,0,0,0,116,NaN
25,kecsmgutara,2025-03-24T08:13:18.000Z,"Ayo, pastikan anak-anak Anda mendapatkan vaksin campak rubela (MR) sebanyak *3 kali pada Usia 9 bulan, 18 bulan dan Kelas 1 SD/MI sederajat atau usia 7 tahun bagi anak yang tidak sekolah*   **Gejala Campak**: - Demam tinggi - Ruam merah yang mulai muncul di wajah dan tubuh",https://x.com/kecsmgutara/status/1904084094520267176,0,0,0,134,NaN
26,yazzurbae0_0,2025-03-22T09:01:15.000Z,"Vaksin campak bisa mencegah penyakit, tapi sayangnya nggak ada vaksin buat mencegah dicampakkan.",https://x.com/yazzurbae0_0/status/1903371382538531023,0,0,0,30,NaN
27,GieshaW,2025-03-20T23:17:24.000Z,"Bulan depan campak, ipv lagi, terus mau vaksin tambahan. Influenza sih yang harus duluuu",https://x.com/GieshaW/status/1902862067029381453,0,0,0,99,NaN
28,kudirukadi1,2025-03-16T14:30:26.000Z,"Waktu kecilnya mungkin ga dapat vaksin Campak …",https://x.com/kudirukadi1/status/1901279897030635998,0,0,0,12,NaN
29,catchmeupco,2025-03-11T07:07:35.000Z,"Udah dibilangin, vaksin itu penting! Tapi ternyata banyak yang tetap nolak. Sekarang campak merajalela lagi di US.",https://x.com/catchmeupco/status/1899356510393979036,0,0,0,3,NaN
30,ThatSun510,2025-03-10T00:29:40.000Z,"Apapun propagandanya, jadilah masyarakat dunia yg melek kebenaran. Kematian karena campak jauh lebih kecil daripada karena vaksin campak.  Data nyata!!! Case closed, STOP Vaksin!   @StopPlandemit @MiraninonLita",https://x.com/ThatSun510/status/1898893983700684838,0,0,0,2,NaN
31,ddonvl,2025-03-07T01:32:53.000Z,"Duh percuma dong yaa vaksin campak haha",https://x.com/ddonvl/status/1897822730306961628,0,0,0,24,NaN
32,Sisilkrispi_,2025-03-07T00:41:01.000Z,": Kenapa harus vaksin siy, ntar habis vaksin juga masih ada kemungkinan kena penyakitnya? : Waktu kecil juga lo vaksin campak, tapi pas gede di campakkan",https://x.com/Sisilkrispi_/status/1897809677330923654,0,0,0,458,NaN
33,gvuily,2025-03-05T06:11:28.000Z,"cmiiw ya setau aku yg wajib itu vaksin campak kak kalo vaksin cacar air emg beda lagi.. makanya aku vaksin cacar air juga baru pas dewasa",https://x.com/gvuily/status/1897168061289128255,0,0,0,209,NaN
34,beritartm,2025-03-03T03:24:49.000Z,"Kennedy, who was recently sworn in as Health Secretary, has previously often made misleading claims regarding the safety of the measles, mumps, and rubella (MMR) vaccine. https://berita.rtm.gov.my/dunia/senarai-berita-dunia/senarai-artikel/robert-f-kennedy-jr-sokong-penggunaan-vaksin-campak…  'Yang sahih di Berita RTM' #RTM #BeritaRTM #MalaysiaMadani #TaatSetia",https://x.com/beritartm/status/1896401348117299611,0,0,0,186,NaN
35,Fahmibinhassan,2025-03-03T02:51:16.000Z,"US lantik Rober F Kennedy Jr sebagai State Secretary of Health.  Dia antivaksin tegar dan pengikut teori konspirasi. Banyak promosi rawatan yang tiada bukti.   Selepas wabak campak berlaku dan sebabkan kematian, dia akhirnya minta ibu bapa untuk pertimbangkan kepentingan vaksin.",https://x.com/Fahmibinhassan/status/1896392905641853149,0,0,0,297,NaN
36,rskdsitifatimah,2025-03-03T00:29:23.000Z,"Imunisasi adalah proses pembentukan kekebalan tubuh terhadap suatu penyakit. Proses ini dilakukan melalui pemberian vaksin, baik berupa suntikan ataupun minum. Berikut jadwal pelayanan imunisasi di RSKDIA Siti Fatimah. ____ #imunisasi #BCG #DPT#Polio #campak #rskdiasitifatimah",https://x.com/rskdsitifatimah/status/1896357201008333078,0,0,0,55,NaN
37,syahbwz,2025-04-29T19:52:31.000Z,"Masa sekolah dulu takda dapat chicken pox vaccine kan? Dapat vaksin demam campak je kan? Tiber risau sebab tak pernah kena chicken pox so I don't have the immunity against it",https://x.com/syahbwz/status/1917306017941192940,0,0,0,207,NaN
38,xymphoony,2025-04-28T04:59:49.000Z,"Sumpah gue udah vaksin campak guys, ini ketularan dd bayi yang belum campak.",https://x.com/xymphoony/status/1916718976975228959,0,0,0,68,NaN
39,behappyei,2025-04-27T00:23:15.000Z,"Jaman dulu emang campak separah itu. Lu gak liat tahunnya? Waktu itu vaksin belum seluas sekarang. Coba jaman itu orang pada kayak kamu semua memilih jd antivax, campak masih akan jadi penyakit mematikan. https://t.co/mvUcsb0TzL",https://x.com/behappyei/status/1916286986828321032,0,0,0,50,NaN
40,behappyei,2025-04-26T00:02:22.000Z,"Sepupuku juga gini nih, pas anaknya lahir gamau vaksin, dibilangin ngeyel. Dimarahin mamaku, krn mama adlah korban campak parah di usia 3 bln, thn 60an blm masif vaksin, dan membekas diwajahnya sampe sekarang. Di skak sama mamaku, mau anakmu kayak aku?",https://x.com/behappyei/status/1915919346154803258,0,0,0,3,NaN
41,lolitarkd,2025-04-25T01:35:19.000Z,"pernah ketemu balita kena campak sampek pneumonia berat. pas ditanya ortunya apakah vaksin anaknya lengkap. dijawab gk pernah vaksin. gimana gk emosi dok  kasihan banget anaknya punya ortu kyk gitu.",https://x.com/lolitarkd/status/1915580348622086361,0,0,0,237,NaN
42,EtoHendarto,2025-04-24T10:13:42.000Z,"Kita dulu belajar kulitnya saja yg baik2 saja, hanya hal yg baik2 kita ketahui pdhal keampuhan vaksin tdk ada yg mencapai 100% & jg tdk tahu perihal efek2 lainnya. fakta saudara sepupu meninggal krn campak pdhal sdh di vaksin & kakak ipar meninggal krn covid pdhal sdh divaksin jg",https://x.com/EtoHendarto/status/1915348416034746420,0,0,0,81,NaN
43,_heavenpostman,2025-04-24T08:19:11.000Z,"Pernah juga ada campak berat sampe komplikasi pneumoni karena blom vaksin MR. Sedih banget, padahal itu semua bisa dicegah oleh imunisasi",https://x.com/_heavenpostman/status/1915319598188237018,0,0,0,308,NaN
44,nnatawwin,2025-04-24T07:28:21.000Z,"Yakin, aku vaksin lengkap dari kecil(yang dari pemerintah ataupun yang tambahan) booster jg ikut semua dan aku jarang sakit. Waktu kena cacar dan campak pun ngga pernah sampai parah & sampe skrng ga ada bekasnya",https://x.com/nnatawwin/status/1915306805351370876,0,0,0,344,NaN
45,Hari01892872,2025-04-24T02:23:45.000Z,"di negara pembuat vaksin,, kyak amerika ja tidak mewajibkan warga negaranya vaksin campak dan cacar..",https://x.com/Hari01892872/status/1915230150012391546,0,0,0,1,NaN
46,jjkoverrated,2025-04-24T00:34:06.000Z,"Netral sama kehebohan ini, tetep perlu beberapa vaksin yg dibutuhkan spt polio, BCG, campak, hepatitis, rota, tp kalo kyk flu aku sih skip divaksin atau nggak tetep bakalan kena https://x.com/kegblgnunfaedh/kegblgnunfaedh/status/1914945671804985626…",https://x.com/jjkoverrated/status/1915202555484971200,0,0,0,129,NaN
47,Karinbahary2,2025-04-23T23:32:18.000Z,"Gak pernah krna kalo ada vaksin atau suntik campak gua bolos",https://x.com/Karinbahary2/status/1915187004138307767,0,0,0,358,NaN
48,boredsaurus,2025-04-23T22:50:57.000Z,"Kasian sih anak yg dilahirin dari orangtua antivaxer gini. Aku yg lahir taun 95 aja vaksin lengkap. Skrg jaman udah maju, akses informasi udah di mana2, tapi orangtua masih takut anaknya sakit gara2 vaksin. Apa gak lebih kasian kalo anaknya kena campak?",https://x.com/boredsaurus/status/1915176597835178145,0,0,0,612,NaN
49,yoons_cheonsa,2025-04-23T18:52:36.000Z,"Ibu tau gak dampaknya penyakit campak jaman dulu sebelum ada vaksin? Kematian… tp begitu ada vaksin, resiko kematiannya berkurang. Jadi vaksin itu mengurangi resiko berat",https://x.com/yoons_cheonsa/status/1915116612732199396,0,0,0,544,NaN
50,Caocaoever,2025-04-23T17:48:38.000Z,"Sumber gw kemenkes sih bang, bkn AI, masih ngelak lu? Vaksin kan yg di masukkan ke dlm tubuh shg terjadi imunisasi  Perkara vaksin yg dimasukkan lah elu emang ga jelas, covid kan, campak kah, cikumunya. Ya intinya semua vaksin untuk meningkatkan imun.",https://x.com/Caocaoever/status/1915100516826128572,0,0,0,115,NaN
51,khafidsiddiq,2025-04-23T17:41:26.000Z,"Kalo gak vaksin campak ya bisa lebih parah itu",https://x.com/khafidsiddiq/status/1915098702508879875,0,0,0,272,NaN
52,nakedhbee,2025-04-23T13:28:45.000Z,"berilmu dong, kan sekolah belajar yg benar. sekolah mahal kuliah mahal masa ga ada isinya. 'vaksin membantu mencegah penyakit seperti diare dan campak, yang dapat menyebabkan malnutrisi dan stunting'. banyak studinya di google cari aja. pake smartphone kan.",https://x.com/nakedhbee/status/1915035114184249837,0,0,0,240,NaN
53,cinamoyoll,2025-05-27T15:00:08.000Z,"terus ngapain tuh dia pas kecil vaksin campak, hepatitis, dll. kan semua obatnya udah ada di alquran",https://x.com/cinamoyoll/status/1927379299411112081,0,0,0,31,NaN
54,oldchangkew,2025-05-26T08:06:56.000Z,"Kasian aksa jdi demam abis imunisasi 3 vaksin sekaligus dpt, campak sama pcv gws acaaa anak mamah pasti kuatt",https://x.com/oldchangkew/status/1926912927363207664,0,0,0,204,NaN
55,Juragann_muda2,2025-05-26T00:44:30.000Z,"ayolah Doc jangan kek gini, nanti yang gak mau vaksin tambah banyak, campak aja di jawa barat masih tinggi, mau sampe kapan kasih info sesat sampe komunitas di negara ini akhirnya berkutat terus dengan penyakit yang sebenernya sudah ada vaksinnya. dan di negara lain hampir punah.",https://x.com/Juragann_muda2/status/1926801583259419046,0,0,0,9,NaN
56,adnanm_akbar,2025-05-24T10:40:51.000Z,"Vaksin lindungi anak dari penyakit berbahaya seperti polio, campak, dan COVID-19.  AXA Mandiri #axamandiri #AmanTerlindungi AXA_Mandiri @AXA_Mandiri",https://x.com/adnanm_akbar/status/1926226882577543262,0,0,0,38,NaN
57,sxxbinc,2025-05-16T09:05:31.000Z,"Sampe bbnya naiknya cimit2, bahkan turun (lagi), alhamdulillah skg udh mau makan lagi naiknya juga pelan2, gapapa yg penting ga stuck.  Kemarin pas abis vaksin JE juga malah sakit, ketularan temennya campak-,-",https://x.com/sxxbinc/status/1923303791861825728,0,0,0,126,NaN
58,anckermine,2025-05-15T09:14:27.000Z,"Menkes buka suara soal vaksin campak, tapi bisik-bisik publik makin nyaring: jangan-jangan vaksin COVID 2019 mau diulang? Bijaks atau bisnis?  https://vt.tiktok.com/ZSh9rM9mf/  #bijaksnews #vaksin #covid19 #menkes #TheFirstfruit_LIVEinNAGOYA #PondxVersaceFragrancesMY #MARKと初の実の旅",https://x.com/anckermine/status/1922943650226421910,0,0,0,60,NaN
59,lautraneira,2025-05-15T08:48:02.000Z,"Menkes bicara soal campak, tapi yang terasa justru bayang-bayang vaksinasi massal. Bijaks? Atau kembali ke pola lama: takut, paksa, tutup mulut?  https://vt.tiktok.com/ZSh9rM9mf/  #bijaksnews #vaksin #covid19 #menkes #campak #timeskop #telkomsel #ketumpdip  #MyGoldenBloodEP10",https://x.com/lautraneira/status/1922937001398952414,0,0,0,60,NaN
60,Sukab63,2025-05-14T13:31:27.000Z,"Dingin sperti sikapnya. Apa karena gak vaksin campak ya jadinya dicampakkan",https://x.com/Sukab63/status/1922645937421156457,0,0,0,51,NaN
61,BloombergTZ,2025-05-14T00:07:09.000Z,"Menkes: Campak di AS karena tak Percaya Vaksin, Wanti-wanti RI",https://x.com/BloombergTZ/status/1922443531211231647,0,0,0,92,NaN
62,Baguscar,2025-05-13T20:48:19.000Z,"Gak menolak vaksin yang bermanfaat spt vaksin polio campak dst .. but terima vaksin dan utk uji coba ke rakyat ???   Hellooo kami tidak bodoh pak ...  silahkan berikan saja ke 58ners dan buzzerRp vaksin uji coba ini ...",https://x.com/Baguscar/status/1922393491855888808,0,0,0,31,NaN
63,jiw_han,2025-05-13T12:06:01.000Z,"Dlm sejarah manusia beberapa kali terancam kepunahan krn wabah penyakit, contoh flu Spanyol, campak, cacar, covid dll. Dan vaksin adl penyelamatnya. Masa iya sih wabah penyakit dihadapi dg bekam, rukyah, air suci ?? Kita hrsnya menghargai usaha pd Bill Gates.",https://x.com/jiw_han/status/1922262049255555350,0,0,0,108,NaN
64,hanan052020,2025-05-12T07:11:58.000Z,"Vaksin MR : campak-rubella (Measles-Rubella).. tdk ada gondongan divaksinnya",https://x.com/hanan052020/status/1921825662832111636,0,0,0,104,NaN
65,jiw_han,2025-05-11T14:44:34.000Z,"Sudah pasti lbh percaya pd vaksin. Dlm sejarah manusia vaksin berjasa menghentikan kepunahan manusia akibat wabah.  Ingat flu Spanyol, cacar, campak dll. Masa iya wabah akibat virus akan dilawan dg bekam, madu, atau rukyah? Pengobatan nabi gitu?",https://x.com/jiw_han/status/1921577175725060279,0,0,0,42,NaN
66,yourpadawann,2025-05-10T11:14:47.000Z,"Ini harga vaksin campak ama dpt lanjutan manyep juga ye, gapapa lah demi anak wkwkw",https://x.com/yourpadawann/status/1921161995044127199,0,0,0,49,NaN
67,Blue_Shoe_Cant,2025-05-09T12:46:39.000Z,"Kasih vaksin CAMPAK aja.. Lho kok??  Iya CAMPAK kan ke sampah..",https://x.com/Blue_Shoe_Cant/status/1920822724483592557,0,0,0,9,NaN
68,WiniYlita,2025-05-09T12:09:13.000Z,"Vaksin campak aja pada gak mau",https://x.com/WiniYlita/status/1920813302835192136,0,0,0,24,NaN
69,rahmat3prawira,2025-06-23T23:24:10.000Z,"Contoh mengapa misinformasi & gerakan anti-vaksin itu sangat berbahaya bagi kesehatan masyarakat secara luas.  Karena di Texas para orang tua  menolak untuk memberikan vaksin pada anaknya, sekarang muncul kenaikan kasus penyakit campak di daerah tersebut",https://x.com/rahmat3prawira/status/1937290615483695556,0,0,0,230,NaN
70,yodseo,2025-06-23T12:01:45.000Z,"Nne sudah ak vaksin pagi td diantar papi, tadi pagi list vaksin yg aku jalani adalah sbb : Vaksin siput gila dan Vaksin campak (supaya gak di campakin)",https://x.com/yodseo/status/1937118880260030928,0,0,0,34,NaN
71,suaramerdeka,2025-06-18T06:13:27.000Z,"Wabah campak kembali mengguncang Amerika Serikat, jumlah kasus yang dikonfirmasi melonjak menjadi 1.197, tersebar di 35 yurisdiksi berbeda, angka yang jauh melampaui total kasus sepanjang tahun 2024.  https://suaramerdeka.com/gaya-hidup/0415362922/wabah-campak-menggana-di-as-sudah-1197-kasus-mayoritas-penderita-ternyata-belum-pernah-divaksin…  #suaramerdeka #wabah #campak #amerikaserikat #vaksin",https://x.com/suaramerdeka/status/1935219287284973636,0,0,0,114,NaN
72,chevalierrrrr,2025-06-09T02:47:02.000Z,"yaudah gw vaksin campak lagi",https://x.com/chevalierrrrr/status/1931905850056257938,0,0,0,54,NaN
73,Fanderwoodsen,2025-06-07T12:33:22.000Z,"Padahal dulu udh dikasih vaksin campak, pas udah gede eh malah dicampakkin",https://x.com/Fanderwoodsen/status/1931328632401928400,0,0,0,141,NaN
74,higuchikeitaro,2025-06-07T04:57:59.000Z,"Percuma waktu kecil vaksin campak kalo ujung""nya pas gede tetep dicampakkan",https://x.com/higuchikeitaro/status/1931214030691328390,0,0,0,28,NaN
75,arridhofa,2025-06-07T03:56:07.000Z,"Anak campak, sodara campak, si anu campak, si wawi campak, si fufu campak. Semua ini pasti gara2 konspirasi vaksin ₿ i £ £  G a t € $ !!!",https://x.com/arridhofa/status/1931198460243706236,0,0,0,321,NaN
76,SiPeNutur,2025-06-07T02:05:19.000Z,"Kami sekeluarga besar sejak covid dll sampe kapanpun g akan mau vaksin Dlu generasi sy waktu bayi dpt vaksin bcg,campak,polio itu krn ortu kami blum sadar/tau bahayany..mulai generasi anak"" sampe cucu & kelak cicit &sterusny g akan ad vaksin apapun yg masuk pd tubuh kami..sehat",https://x.com/SiPeNutur/status/1931170576116388160,0,0,0,207,NaN
77,salsbljoan,2025-06-05T00:37:46.000Z,"Bar wi prei sek vaksin e, sampe 9 sasi lg campak wkwk",https://x.com/salsbljoan/status/1930423767945359611,0,0,0,37,NaN
78,jenowjem,2025-06-04T08:59:24.000Z,"aku pernah dpt px kakak sama 2 adeknya kena campak barengan dan yap emng mereka semua ga ada yg d vaksin karena ortunya anti vax",https://x.com/jenowjem/status/1930187621311058121,0,0,0,51,NaN
79,suaramerdeka,2025-06-04T06:21:02.000Z,"Amid a surge in measles cases across various parts of the world, including Europe and the United States, U.S. health authorities are now changing the direction of their policy.  https://suaramerdeka.com/internasional/0415285671/lonjakan-campak-di-as-dan-eropa-para-pelancong-diminta-vaksin-sebelum-bepergian-ke-berbagai-destinasi-luar-negeri…  #suaramerdeka #suaramerdekacom #suaramerdekanetwork #campak #vaksincampak",https://x.com/suaramerdeka/status/1930147765566185816,0,0,0,82,NaN
80,meng_oren_,2025-06-04T03:00:46.000Z,"Mempersiapkan diri buat drama vaksin DPT taunya demamnya cuma “gitu” aja  Pas vaksin campak ga persiapan apa apa taunya DEMAM AMPE 39  Shock",https://x.com/meng_oren_/status/1930097367040307573,0,0,0,90,NaN
81,meng_oren_,2025-06-04T03:00:03.000Z,"Aku salah dosis parasetamol pas awal jadinya lama demamnya. Pas udh pas tetep turunnya 2 hari kemudian sih  gelo vaksin campak bikin trauma anjir",https://x.com/meng_oren_/status/1930097188371345679,0,0,0,29,NaN
82,m0on_liight,2025-07-26T04:18:31.000Z,"Semoga cepet sembuh, kakak dulu belum vaksin campak?",https://x.com/m0on_liight/status/1948961102064148889,0,0,0,52,NaN
83,HB03INTAK,2025-07-25T06:54:18.000Z,"Penolakan vaksin bisa membuka kembali pintu bagi penyakit berbahaya yang dulu sudah hampir hilang. Campak dan polio bisa kembali merebak jika imunisasi diabaikan. Jangan biarkan sejarah kelam muncul lagi karena kelalaian atau informasi keliru.",https://x.com/HB03INTAK/status/1948637917511123245,0,0,0,54,NaN
84,HB03INTAK,2025-07-25T06:54:12.000Z,"Imunisasi bukan sekadar jarum dan tangisan sesaat. Ia adalah tameng pelindung jangka panjang dari penyakit berbahaya seperti polio, campak, dan hepatitis. Setiap vaksin yang diberikan adalah investasi kasih sayang dan perlindungan hidup untuk si kecil.",https://x.com/HB03INTAK/status/1948637894736048639,0,0,0,72,NaN
85,owvtyd,2025-07-24T15:07:43.000Z,"Kalau kata temen ku dia dpt karma nder  soalnya pas vaksin campak pada bayi, dia bikin nangisss mangkanya dicampakkan",https://x.com/owvtyd/status/1948399703353069749,0,0,0,121,NaN
86,l0stgrll,2025-07-24T14:58:43.000Z,"Iyalg, vaksin campak bisa kedaluwarsa keknya jd exp",https://x.com/l0stgrll/status/1948397437607104542,0,0,0,99,NaN
87,sapphicsfess,2025-07-24T14:35:13.000Z,"-sf guys ingat gak pas kitaa masih bayi selalu di vaksin campak usia 9 bulan. Tapi kok pas kita sudah dewasa sering nya di Campakan yah?",https://x.com/sapphicsfess/status/1948391525324403007,0,0,0,5,NaN
88,dandeaniee,2025-07-22T14:07:22.000Z,"udah. Kalo kamu udah vaksin campak? Soalnya terlihat dicampakan sama seorang dancer",https://x.com/dandeaniee/status/1947659739778978231,0,0,0,53,NaN
89,aureell_htg,2025-07-16T05:44:04.000Z,"Semoga ga rewel ya nak habis vaksin campak",https://x.com/aureell_htg/status/1945358752921870519,0,0,0,78,NaN
90,bebeimut,2025-07-13T02:47:08.000Z,"kk udah vaksin campak belum? biar ga DICAMPAKKAN",https://x.com/bebeimut/status/1944227062816158204,0,0,0,31,NaN
91,MyPaijoKun,2025-07-10T11:24:22.000Z,"Vaksin campak bang makanya dicampakin mulu.",https://x.com/MyPaijoKun/status/1943270065912320420,0,0,0,69,NaN
92,AmirulA1253,2025-08-29T14:24:10.000Z,"Provaksin gay bontot longgar : Kadar kesembuhan campak tanpa vaksin 99.99% - orang moden tak panggil campak tetapi measles dan dianggap pandemik wabak.  Doktor mula mengarang cerpen dan bermodalkan gambar sebuah ambulans. Kisah menyayat hati.",https://x.com/AmirulA1253/status/1961434705360027978,0,0,0,55,NaN
93,AmirulA1253,2025-08-29T14:23:12.000Z,"Provaksin gay suka kena sodom oleh zionist : Contoh, selsema adalah jangkitan bukan penyakit.   Jangkitan Campak natural ke atas anak-anak, ianya datang 10 hari kemudian pergi meninggalkan tubuh dengan imuniti semulajadi, ia lebih kuat berbanding vaksin.",https://x.com/AmirulA1253/status/1961434463512170521,0,0,0,40,NaN
94,yayagitulahh,2025-08-29T12:22:39.000Z,"seng ga gelem vaksin campak iku wong2 seng mendem agama",https://x.com/yayagitulahh/status/1961404125851390173,0,0,0,28,NaN
95,radarbangsa_com,2025-08-29T10:36:51.000Z,"Pemerintah Kabupaten (Pemkab) Jember menegaskan kesiapan menghadapi potensi lonjakan kasus campak yang tengah merebak di sejumlah daerah.",https://x.com/radarbangsa_com/status/1961377502707761590,0,0,0,64,NaN
96,mardianana,2025-08-29T05:46:04.000Z,"Efisiensi Gaji mereka naik Keracunan MBG KLB Campak Pro Kontra Vaksin  Omaygatttt",https://x.com/mardianana/status/1961304320990974214,0,0,0,188,NaN
97,zonadamaii,2025-08-29T04:27:02.000Z,"Asi bisa gantikan fungsi imunisasi campak dan polio  #vaksin #polio #campak #kesehatan #komdigi",https://x.com/zonadamaii/status/1961284434369413573,0,0,0,2,NaN
98,halo_anisa,2025-08-29T03:44:26.000Z,"Duh punya bayi yg belum waktunya vaksin campak jadi khawatir aku",https://x.com/halo_anisa/status/1961273711207837992,0,0,0,90,NaN
99,nusabalicom,2025-08-29T03:22:26.000Z,"Dinas Kesehatan Klungkung menggencarkan upaya pencegahan penyebaran Campak lewat imunisasi. Stok vaksin Campak di Kabupaten Klungkung masih mencukupi, dengan ketersediaan 283 vial atau untuk 2.830 anak di Instalasi Farmasi Kabupaten (IFK) Banjarangkan.",https://x.com/nusabalicom/status/1961268177100575007,0,0,0,38,NaN
100,kumparanMOM,2025-08-28T09:15:32.000Z,"Siapa yang pernah mendapat informasi bahwa vaksin campak menyebabkan kecacatan? Kabar itu hoaks ya, Moms!  #momsupdate #update #mom #quote #vaksin #campak #vaksincampak #IDAI #vaksinMMR #kumparanmom",https://x.com/kumparanMOM/status/1960994650115760418,0,0,0,145,NaN
101,kikiadnankarim,2025-08-28T07:23:28.000Z,"Itu di Sumenep ada anak2 Muslim yg mati belasan orang karena campak dan mereka belum vaksin. Sempurna gimana yg lu maksud? Lengkap tangan dan kaki?",https://x.com/kikiadnankarim/status/1960966447896911918,0,0,0,165,NaN
102,kumparanMOM,2025-08-28T07:02:36.000Z,"Isu bahwa vaksin campak bisa menyebabkan kecacatan kembali menyebar di masyarakat, tapi, benarkah demikian? #momsupdate #moms #update #text",https://x.com/kumparanMOM/status/1960961197140009249,0,0,0,918,NaN
103,YMM_180623,2025-08-28T06:04:25.000Z,"D sini lg byk kasus campak Makanya buat siapapun dr negara manapun yg masuk SG diharuskan ada surat keterangan sdh prnh ambil vaksin rubella",https://x.com/YMM_180623/status/1960946554828722233,0,0,0,67,NaN
104,kompascom,2025-08-28T03:42:45.000Z,"Ketua MUI Bangkalan, KH  Makki Nasir mengatakan, pihaknya telah mengeluarkan fatwa halal untuk  vaksin itu dengan berbagai argumentasi yang sesuai dengan syariat Islam. | #Vaksinasi #Campak",https://x.com/kompascom/status/1960910902863257937,0,0,0,1,NaN
105,Pahleffi,2025-08-28T03:42:23.000Z,"Efek vaksin apaan? KIPI maksud lu? Kan udh ada panduannya kocak. Kalo anak lu ga vaksin terus kena campak koid juga mau tanggung jawab gimana emang lu?",https://x.com/Pahleffi/status/1960910810559209835,0,0,0,47,NaN
106,rahmat3prawira,2025-08-28T02:36:25.000Z,"Kalau melihat kejadian KLB campak di Indonesia sekarang ini, polanya sama seperti yg terjadi di Texas Amerika Serikat beberapa waktu yg lalu.  Mayoritas korbannya dari anak-anak yg tidak divaksin karena orang tuanya menolak untuk memberikan vaksin pada anaknya",https://x.com/rahmat3prawira/status/1960894206962188716,0,0,0,247,NaN
107,Leetaeyofng,2025-09-27T08:49:55.000Z,"Gejala demam tinggi yang dialami, batuk pilek sebelumnya, sakit tenggorokan, serta bintik merah menyebar yang muncul pada pasien tanpa riwayat vaksin MMR sangat mengarah pada campak (measles). Infeksi ini ditandai fase prodromal diikuti ruam khas yang biasanya dimulai dari leher.",https://x.com/Leetaeyofng/status/1971859836821496171,0,0,0,251,NaN
108,sunoowim,2025-09-27T08:48:12.000Z,"Gejala yang dialami Rangga; demam tinggi, sakit tenggorokan, ruam kemerahan yang menyebar dari leher ke dada, serta riwayat infeksi saluran pernapasan atas seminggu sebelumnya sangat mengarah pada penyakit Campak (Morbili/Measles), apalagi Rangga belum pernah menerima vaksin MMR.",https://x.com/sunoowim/status/1971859408214020178,0,0,0,208,NaN
109,myungzjae,2025-09-27T08:48:07.000Z,"Berdasarkan analisis, Rangga, 17 tahun, datang dengan demam tinggi, sakit tenggorokan, dan ruam merah yang bermula di leher lalu menyebar ke dada. Riwayat batuk pilek sebelumnya dan belum pernah vaksin MMR mendukung dugaan campak, yaitu penyakit infeksi virus yang sangat menular.",https://x.com/myungzjae/status/1971859385774493770,0,0,0,239,NaN
110,rozthka_,2025-09-26T15:21:50.000Z,"dapet pasien anak umur 4 tahun gejala demam, ga lama dia kejang waktu digendong ibunya. waktu ditanya apa dulu ngga vaksin campak? dan bener, orang tuanya ga mau anaknya di vaksin campak.  tolong para orang tua jangan sepelekan vaksin.. apalagi vaksin campak itu penting bgt",https://x.com/rozthka_/status/1971596079230767435,0,0,0,106,NaN
111,maasind,2025-09-25T05:07:14.000Z,"1 pasien difteri terdeteksi dikatakan KLB, kemarin di sumenep KLB campak langsung vaksin susulan buat pencegahan, ini KLB keracunan gak ada antisipasi malah tambah gas. Insane!",https://x.com/maasind/status/1971079024152817751,0,0,0,501,NaN
112,nrkhamilah,2025-09-24T02:50:40.000Z,"Kkm ada buat vaksin free untuk campak tu, ramai gila rupanya antivaksin bitter. Cakap nurse paksa. Actually dorang ada kpi dorang. Kalau ramai tak ambil kira program tu tak berjaya lah. Nurse tu sendiri cerita. Kalau tak nak cakap je tak nak.",https://x.com/nrkhamilah/status/1970682268218990751,0,0,0,85,NaN
113,noopiieeeeee,2025-09-23T12:52:45.000Z,"vaksin aja deh campak dicampakkan",https://x.com/noopiieeeeee/status/1970471396427104759,0,0,0,17,NaN
114,CochraneIna,2025-09-22T12:45:59.000Z,"“Tahukah kamu? Satu suntikan bisa cegah 4 penyakit berbahaya sekaligus!”   Vaksin MMR & MMRV terbukti:  Ampuh cegah campak, gondongan, rubella & cacar air  Aman, nggak ada kaitan dengan autisme  Efek samping ringan & sementara",https://x.com/CochraneIna/status/1970107307389595946,0,0,0,656,NaN
115,minyuwnki,2025-09-18T14:28:23.000Z,"HAHAHAHHAAH vaksin campak kakkk biar ga dicampakkan",https://x.com/minyuwnki/status/1968683526640803976,0,0,0,102,NaN
116,PolsekPalengaan,2025-09-18T02:57:44.000Z,"Bhabinkamtibams Ds Kacok Polsek Palengaan Polres Pamekasan  mendapingi bidan desa pemberian vaksin Campak ke pada anak 7 bulan s. d 7 Tahun",https://x.com/PolsekPalengaan/status/1968509716784668753,0,0,0,41,NaN
117,PolsekPalengaan,2025-09-17T03:20:06.000Z,"Bhabinkamtibamas desa Kacok Polsek Palengaan Polres Pamekasan, Giat pendampingan Vaksin Campak",https://x.com/PolsekPalengaan/status/1968152960007110756,0,0,0,29,NaN
118,djrizzhaikal,2025-10-30T23:05:14.000Z,"Penularan wabak campak di Israel semakin tidak terkawal apabila lapan bayi dilaporkan meninggal dunia, kebanyakannya akibat tidak menerima vaksin.  Berita penuh:  https://tvpertiwi.com/2025/10/30/israel-bergelut-tangani-wabak-campak-lapan-bayi-maut-setakat-ini/…",https://x.com/djrizzhaikal/status/1984033887476183128,0,0,0,30,NaN
119,sa_kosh28,2025-10-30T12:30:32.000Z,"Gak heran, wong vaksin campak aja ditolak sampai² banyak anak² kena campak",https://x.com/sa_kosh28/status/1983874159982866689,0,0,0,27,NaN
120,TvPertiwi,2025-10-30T03:41:54.000Z,"Penularan wabak campak di Israel semakin tidak terkawal apabila lapan bayi dilaporkan meninggal dunia, kebanyakannya akibat tidak menerima vaksin.  Berita penuh: https://tvpertiwi.com/2025/10/30/israel-bergelut-tangani-wabak-campak-lapan-bayi-maut-setakat-ini/…   Sokong perjuangan TV Pertiwi dan langgan: https://tvpertiwi.com/eksklusif/",https://x.com/TvPertiwi/status/1983741124973154435,0,0,0,30,NaN
121,Jinwonkwan_26,2025-10-29T00:31:47.000Z,"Bulan terbanyak setelah agustus-sepetember Ini kalo gak di cegah pasti bakalan naik lagi angkanya. Ayo skrg pake masker lagi, bukan covid tapi si virus campak ini udah kena ke dewasa juga, yg anak2 harus banget di vaksin ya! Influ tipe a juga udah ada kasus pertama. Pusing",https://x.com/Jinwonkwan_26/status/1983330892484637129,0,0,0,147,NaN
122,kumparanMOM,2025-11-29T02:58:50.000Z,"Kasus campak turun, tapi infeksinya naik karena cakupan vaksin dua dosis belum mencapai ambang 95%. Tahun 2024, baru 84% anak mendapat dosis pertama dan 76% dosis kedua. Lengkapi imunisasi anak agar terlindungi dari campak dan komplikasinya. #momsupdate #update #mom #oneliner",https://x.com/kumparanMOM/status/1994601921873940727,0,0,0,240,NaN
123,ini_friscaya,2025-11-28T12:49:49.000Z,"Anak selesai vaksin DPT 3 dan udah vaksin IPV rasanya legaaaaa. Tinggal nunggu 4bln lg buat vaksin campak.",https://x.com/ini_friscaya/status/1994388257749266839,0,0,0,31,NaN
124,HalodocID,2025-11-28T03:25:57.000Z,"Kalau si Kecil menunjukkan gejala mirip campak, segera konsultasi dengan dokter di Halodoc. Untuk pencegahan, kamu juga bisa jadwalkan vaksin MR/MMR lewat Halodoc Homecare biar lebih aman dan nyaman di rumah, ya!",https://x.com/HalodocID/status/1994246356102467941,0,0,0,337,NaN
125,HalodocID,2025-11-28T03:25:54.000Z,"Virus campak ini bisa bertahan hingga 2 jam di udara sehingga campak termasuk salah satu penyakit paling menular. Pencegahan terbaik tetap dengan vaksin MR/MMR yang dapat membantu membentuk herd immunity dan melindungi anak dari risiko komplikasi serius.",https://x.com/HalodocID/status/1994246345427955963,0,0,0,327,NaN
126,VladisVya,2025-11-29T23:25:46.000Z,"17 korban jiwa akibat campak. Oke. Kapan? Lokasinya? Apakah di kota atau di desa? Tingkat pendidikan ortunya? Kasus difteri, apakah pasien yg tdk di vaksin adl SATU-SATUNYA penyebab penyebaran penyakit? Di jaman skg di mana bayi yg tdk divaksin BUKAN penyebab utama penyebaran—",https://x.com/VladisVya/status/1994910689920782712,0,0,0,44,NaN
127,kautunggujap,2025-11-27T00:58:29.000Z,"RM70juta MySejahtera is a ghost town now. Baik redevelop je, campak semua dalam MyDigital ID. Satu app settle semua: vaksin, roadtax, saman, KWSP, beli minyak masak, apa-apa lah. Stop suruh download 20 app berbeza. MyDigital ID nama dah cantik, universal, guna tu jelah.",https://x.com/kautunggujap/status/1993846857760690194,0,0,0,204,NaN
128,Kimigeonwoo,2025-11-26T03:22:46.000Z,"Lu cek aja sendiri dah nih, gua udah sunat belum? Udah sunat dan udah vaksin campak pas imunisasi, yak.",https://x.com/Kimigeonwoo/status/1993520779728978106,0,0,0,122,NaN
129,sziszistz,2025-11-25T16:09:10.000Z,"Di threads banyak dsa yg blg pasien campak yg berobat ke polinya lg meningkat. Jd galau bawa anak w buat cek tumbang, takut di klinik lg ada yg kena. YaAllah sehat2 ya nak soalnya msh blm bisa vaksin campak",https://x.com/sziszistz/status/1993351262142972192,0,0,0,57,NaN
130,ultraviolrncr,2025-11-25T06:39:10.000Z,"serem ish kasus campak banyak lg grgr banyak antivax. bahkan bayi usia 5-6 bulanan jg byk yg kena campak krn usianya emg blm bs dapat vaksin ckck",https://x.com/ultraviolrncr/status/1993207818493837597,0,0,0,48,NaN
131,arvkevin,2025-11-25T06:28:30.000Z,"Mana kemarin yang bilang vaksin gak ada gunanya. Mau tanggung jawab ini anak2 masuk campak dengan pneumonia dan diare hebatkah?",https://x.com/arvkevin/status/1993205132067271038,0,0,0,599,NaN
132,ardi_tama1,2025-11-25T05:56:21.000Z,"Dulu kita vaksin campak itu 6 bulan, cuma sekarang ikut international 9 bulan",https://x.com/ardi_tama1/status/1993197044488716402,0,0,0,64,NaN
133,sanjeox,2025-11-23T17:45:23.000Z,"Vaksin yang akan diberikan kepada anak-anak sebagai program vaksin campak gratis telah melewati uji keamanan dan halal yang ketat oleh kedua lembaga tersebut. Sehingga seharusnya sudah tidak perlu ragu lagi untuk melakukan vaksinasi. Tapi sayangnya masyarakat-",https://x.com/sanjeox/status/1992650699600208306,0,0,0,24,NaN
134,sanjeox,2025-11-23T17:45:09.000Z,"Tersebarnya hoaks di Sumenep Jawa Timur menyebabkan mewabahnya penyakit campak di daerah tersebut. Berita bahkan vaksin campak mengandung bahan haram sudah lama diklarifikasi oleh MUI dan BPOM bahwa berita tersebut tidak benar-",https://x.com/sanjeox/status/1992650641936962025,0,0,0,20,NaN
135,reinerrism,2025-11-22T04:54:46.000Z,"imunisasi dongg. alhamdulillah udah sampe DPT 3. ini lagi break bentar, nnti 9 bulan vaksin campak sama polio",https://x.com/reinerrism/status/1992094382804353163,0,0,0,41,NaN
136,eccedentesiax,2025-11-22T03:51:36.000Z,"Kaa izin qoute  Akhir-akhir ini kayanya banyak yg kena campak esp di RS tempatku kerja dan tau apa pas ibunya ditanya? ""Ga vaksin campak, takut sakit abis vaksin"" terus skrg pas outbreak gini, jauh lebih parah gejalanya  Kasian liat anaknya",https://x.com/eccedentesiax/status/1992078484248952972,0,0,0,168,NaN
137,koming94,2025-11-22T03:28:59.000Z,"2 kali dapet bayi gizi buruk, kedua orang tuanya antivaks, anaknya ga divaksin sm sekali dr lahir. Saya sebagai ibu nangis liatnya. Tidakkah KLB campak di Sumenep tahun ini yg menyebabkan 17 anak meninggal cukup menyadarkan kakak pentingnya vaksin? (bicara dgn nada sehalus mngkn)",https://x.com/koming94/status/1992072792859394275,0,0,0,394,NaN
138,Matchachatime_,2025-11-21T19:14:12.000Z,"Gue yg vaksin campak aja masih kena campak 2x pas kecil anjay",https://x.com/Matchachatime_/status/1991948275080139026,0,0,0,40,NaN
139,sidbyz,2025-12-30T15:25:42.000Z,"macan kumbang min  kalo tutul belom vaksin campak",https://x.com/sidbyz/status/2006023898769273009,0,0,0,136,NaN
140,501Awani,2025-12-26T21:15:50.000Z,"Kelewatan penghantaran vaksin dan penangguhan berulang kempen vaksinasi reaktif menyebabkan kanak-kanak tiada perlindungan ketika wabak itu terus merebak. #AWANInews #AWANIpagi",https://x.com/501Awani/status/2004662460809445607,0,0,0,1,NaN
141,BPJSKesehatanRI,2025-12-26T07:53:39.000Z,"Salam. Mohon maaf, BPJS Kesehatan memberikan atau menanggung imunisasi dasar kepada bayi atau balita. Imunisasi dasar yang ditanggung: - Vaksin BCG - Hepatitis B - DPT - Polio dan Campak. Pelayanan dilakukan di FKTP terdaftar di kartu peserta. Terima kasih. :) -alin",https://x.com/BPJSKesehatanRI/status/2004460586592350652,0,0,0,194,NaN
142,Mpell__,2025-12-20T14:34:22.000Z,"Kontrol dan vaksin campak adek",https://x.com/Mpell__/status/2002387103426970022,0,0,0,28,NaN
143,Larissta071993,2025-12-11T09:35:34.000Z,"Voucher Promo Halodoc DESEMBER  Konsul Dokter Spkk,Psikolog,Gizi,dll: HLDXKONSULVZ5A  Tebus/beli obat,vitamin: HLDXOBATDFM  Haloskin:  HALOSKINAFFFY9D3  Homecare : vaksin,suntik vit,cek lab: HLDXHOMECARE5CBG #zonauang #zonajajan️️ #Twitter #trend #dbd #campak #batuk",https://x.com/Larissta071993/status/1999050415602913580,0,0,0,273,NaN
144,BPJSKesehatanRI,2025-12-08T11:03:57.000Z,"Salam. Dijamin ya Sahabat. Perihal imunisasi yang ditanggung BPJS Kesehatan adalah Vaksin BCG, Hepatitis B, DPT, dan Polio dan Campak dan pelayanan dapat dilakukan di Faskes Tingkat I terdaftar. Silakan dapat melakukan konfirmasi ke Faskes terdaftar, ya. Terima kasih. :) -lia",https://x.com/BPJSKesehatanRI/status/1997985495406817471,0,0,0,148,NaN
145,Larissta071993,2025-12-05T23:25:13.000Z,"Voucher Promo Halodoc DESEMBER  Konsul Dokter Spkk,Psikolog,Gizi,dll: HLDXKONSULVZ5A  Tebus/beli obat,vitamin: HLDXOBATDFM  Haloskin:  HALOSKINAFFFY9D3  Homecare : vaksin,suntik vit,cek lab: HLDXHOMECARE5CBG #zonauang #zonajajan️️ #TrendingNow #diabetes #dbd #campak",https://x.com/Larissta071993/status/1997084876626079887,0,0,0,213,NaN
146,bedugtengahawan,2025-02-20T02:37:10.000Z,"Kampanye Vaksinasi Sekolah Baru-Baru Ini di Benggala Barat (India) Tidak Berakhir dengan Baik - Saksikan Seorang Ibu Menangis Saat Mereka Memasukkan Putranya yang Sudah Meninggal ke Dalam Mobil Van Setelah Menerima Vaksin MR (Gondongan, Rubella) di Sekolah. https://x.com/toobaffled/sta/toobaffled/status/1617288972778242048…",https://x.com/bedugtengahawan/status/1892403088478405084,0,0,0,75,NaN
147,roze_pasta,2025-03-23T11:07:27.000Z,"Aku tak kena BCG. Abg ngan adik je kena. Masa time aku kena cucuk rubella vaksin je",https://x.com/roze_pasta/status/1903765532345594321,0,0,0,3,NaN
148,cetirizink,2025-03-05T17:23:32.000Z,"6 vaksin yang dianjurkan bahkan penting dilakukan sebelum menikah  1. DPT (difteri, pertusis, tetanus) 2. MMR (measles, mumps, rubella) 3. HVP (human papillomavirus) 4. Varicella (cacar air) 5. Influenza (flu) 6. Hepatitis B  banyak banget calon pengantin yang belum tau kan?",https://x.com/cetirizink/status/1897337195784270164,0,0,0,4,NaN
149,voaindonesia,2025-03-01T10:00:40.000Z,"Penyakit ini umumnya menyerang anak-anak, dan metode pencegahan terampuhnya adalah vaksin MMR (measles, mumps, and rubella).   http://voaindonesia.com",https://x.com/voaindonesia/status/1895776189836619883,0,0,0,264,NaN
150,hanan052020,2025-04-25T12:46:01.000Z,"Vaksin MR ini bearti measles dan rubella... Jika betul mengandung babi, apakah bisa menjadi halal? Dalilnya apa? Darurat? Kira2 infeksi MR ini kategorinya darurat?",https://x.com/hanan052020/status/1915749135078285772,0,0,0,400,NaN
151,typowritr,2025-04-12T05:40:14.000Z,"lanjut arrange jadwal untuk  vaksin mmr ( rubella) vaksin varisela  karena kehamilan dimulai dari h-3 wkwk, pesiapan menyeluruh pria dan wanita.",https://x.com/typowritr/status/1910930940194664924,0,0,0,44,NaN
152,FGHutabarat11,2025-05-19T18:53:03.000Z,"Ya sama aja vaksin rubella juga begitu",https://x.com/FGHutabarat11/status/1924538812279226462,0,0,0,63,NaN
153,attentizon,2025-05-18T12:21:38.000Z,"""Vaxxed: From Cover-Up to Catastrophe"" adalah film dokumenter yang dibuat oleh Andrew Wakefield pada tahun 2016. Film ini membahas tentang kontroversi vaksin dan mengklaim bahwa vaksin MMR (Measles, Mumps, dan Rubella) dapat menyebabkan autisme.",https://x.com/attentizon/status/1924077920513044618,0,0,0,86,NaN
154,tjhoea315,2025-05-09T00:28:24.000Z,"Aku n anakku vaksin lengkap si. Bahkan aku vaksin hpv. Ngga menentang juga.  Cuma jujur ya kesel juga tetep kena. Apalagi sampe bikin bb anakku stuck. Aku kena rubella, cacar campak sampe 2x pas aku kecil.  Jadi maaf, kalau aku mungkin lebih ke fomo, n males disalahin aja ""oh",https://x.com/tjhoea315/status/1920636938744479969,0,0,0,405,NaN
155,tjhoea315,2025-05-08T14:39:20.000Z,"Di sini udah vaksin aja tetep kena TBC, cacar  campak rubella.",https://x.com/tjhoea315/status/1920488697079730418,0,0,0,3,NaN
156,drlrst,2025-07-09T05:25:58.000Z,"Gaes ada yang pernah vaksin rubella dan cacar? Tersedia di mana ya? Dan itu tuh kalau kita lupa/gak tau udah pernah dapat atau belum, gpp kah ya jadi double2?",https://x.com/drlrst/status/1942817485381853448,0,0,0,1,NaN
157,MiraninonLita,2025-07-01T21:20:39.000Z,"27 AUG 2024 BIO FARMA.. INOVASI KESEHATAN GLOBAL.. 10 vaksin utama yg sedang mereka kembangkan KONJUGASI TYPHOID BARU (TCV), ROTAVIRUS, HEPATITIS B !!! , nOPV tipe 1 dan 3, MR (measles rubella), VAKSIN NEW TB, vaksin hexavalent, serta VAKSIN PLATFORM mRNA  https://jabar.tribunnews.com/2024/08/27/bio-farma-pendorong-inovasi-kesehatan-global-dengan-kolaborasi-dan-teknologi-terdepan…",https://x.com/MiraninonLita/status/1940158636132610100,0,0,0,337,NaN
158,azmanrocks,2025-08-29T01:21:18.000Z,"Untuk warga KL dan kawasan sekitar yang punya anak umur 5 tahun dan ke bawah. Boleh bawa anak untuk dos tambahan vaksin Measles-Rubella.  Percuma untuk semua, warganegara atau bukan warganegara.",https://x.com/azmanrocks/status/1961237690629927018,0,0,0,2,NaN
159,MazeUpdate,2025-08-27T10:51:00.000Z,"IDAI Emphasizes: MR Vaccine (Measles Rubella) Does Not Cause Autism  The hoax issue regarding the measles-rubella (MR) vaccine is circulating again on social media.  Read More: https://globalhealthwire.com/idai-tegaskan-vaksin-mr-campak-rubella-tidak-menyebabkan-autisme/… #vaccines #autisme #kids #HealthLink   WANMAEWNAM LOVE FOREVER",https://x.com/MazeUpdate/status/1960656286242234698,0,0,0,85,NaN
160,purityringgu,2025-08-26T12:21:45.000Z,"iya orang jelas kok itu vaksin covid ada screening kesehatannya dulu, yang pada mau vaksin juga kalo kondisi mau vaksin kemaren harus udah negatif covid dan sehat. tetanus, rubella, semua vaksin cuma boleh dikasih kalo ga ada kondisi penyakit bawaan dan tubuh fit kok.",https://x.com/purityringgu/status/1960316736768778635,0,0,0,140,NaN
161,LtdAkbar,2025-08-25T11:24:49.000Z,"Tentu kita berasumsi, knp tdk dibuat vaksin campak monovalen saja? Kl Rubella yg berbahaya menyerang ibu hamil?  Kasus campak ini meningkat di Amerika dan yg dituduh antivax. Tp tdk diketahui spesifik campak atau rubella (@hanan052020 )  Semua diindikasikan campak.  Indonesia?",https://x.com/LtdAkbar/status/1959940020980334592,0,0,0,149,NaN
162,LtdAkbar,2025-08-25T11:24:48.000Z,"Campak dan Rubella itu 2 jenis yang berbeda. Rubella scr umum tdk mematikan dibanding campak. Dulu vaksin campak yg digunakan monovalen khusus campak, skrg gabungan campak dan rubella MR.  Campak dpt dikembangkan dg embrio ayam, rubella dikembangkan dr sel MRC5 atau dr janin",https://x.com/LtdAkbar/status/1959940015691100342,0,0,0,343,NaN
163,joharighani,2025-09-28T12:34:14.000Z,"Antara program yang dijalankan termasuklah bengkel asas pertolongan cemas, saringan kesihatan wanita, pemberian suntikan vaksin MR (Measles, Rubella) bagi kanak-kanak berusia lima tahun ke bawah, ujian kesihatan, rawatan pergigian serta perkongsian pelbagai ilmu kesihatan kepada",https://x.com/joharighani/status/1972278678353838474,0,0,0,199,NaN
164,klangupk,2025-09-18T06:26:14.000Z,"Dapatkan perlindungan tambahan Measles dan Rubella untuk anak-anak anda hari ini. Vaksin percuma ini ditawarkan sehingga 12 Oktober 2025.  #SihatMilikSelangor",https://x.com/klangupk/status/1968562189649768737,0,0,0,53,NaN
165,MyHEALTHKKM,2025-09-14T02:00:01.000Z,"Vaksin Measles dan Rubella merupakan vaksin gabungan dua dalam satu.  Dengan hanya satu suntikan vaksin MR, anak-anak kita mendapat perlindungan berganda daripada dua penyakit berbahaya ini.  #mrsia #MalaysiaSihat #SihatItuSaya",https://x.com/MyHEALTHKKM/status/1967045639834894694,0,0,0,541,NaN
166,neburry,2025-10-24T01:16:33.000Z,"Adaa contoh paling gampang vaksin rubella sama je",https://x.com/neburry/status/1981530215856951687,0,0,0,26,NaN
167,AugustHardiyan,2025-10-21T06:20:15.000Z,"Vaksin itu tindakan preventif jadi walaupun udh di vaksin pun masih bisa tertular, sama seperti vaksin campak/rubella.",https://x.com/AugustHardiyan/status/1980519481719017905,0,0,0,1,NaN
168,bedugtengahawan,2025-10-21T03:25:07.000Z,"Vaksin MMR dapat menyebabkan kejadian buruk yang mengakibatkan kecacatan permanen 21 kali lebih sering daripada vaksin campak, gondongan, dan rubella yang dapat berakibat fatal atau mengakibatkan kecacatan permanen bagi anak-anak AS   Tak tahu malu, ngaku beriman menipu rakyat.",https://x.com/bedugtengahawan/status/1980475410115883485,0,0,0,86,NaN
169,SinarOnline,2025-10-01T23:43:02.000Z,"Suntikan vaksin tambahan Measles, Rubella percuma di Jualan Gudang Karangkraf  Karangkraf dengan kerjasama Klinik Kesihatan Seksyen 7 di sini akan mengadakan pemberian suntikan vaksin tambahan Measles dan Rubella secara percuma.  #SinarHarian #vaksin #JualanGudangKarangkraf",https://x.com/SinarOnline/status/1973534150780137817,0,0,0,1,NaN
170,heatjher,2025-11-18T17:22:58.000Z,"Ada anak yg buta dan tuli pernah cerita di tiktok aku lupa nama akunnya. Dia bilang mamahnya pas mengandung dia gak vaksin  rubella. Baru ketauan pas di USG, udah kejangkit virus janinnya. Raw food? Itu vior korban jg karena makan ikan mentah. Pada gak melek aja.",https://x.com/heatjher/status/1990833120107544879,0,0,0,658,NaN
171,jkn_kedah,2025-11-18T14:53:41.000Z,"This additional Measles Rubella immunization vaccine is SAFE.  There are still a handful of parents who have not obtained the additional Measles Rubella immunization for their beloved children due to doubts & concerns regarding safety and side effects after the vaccine.",https://x.com/jkn_kedah/status/1990795552137850963,0,0,0,42,NaN
172,chanmooii,2025-11-12T06:48:31.000Z,"3 penyakit, 1 vaksin, 100% perlindungan.  Campak, gondongan, dan rubella bisa menyebabkan komplikasi serius seperti pneumonia, radang otak, hingga cacat lahir pada janin.  Yuk, jadwalkan vaksinasi anak atau booster dewasa sekarang.  #Halodoc #VaksinMMR #ImunisasiAnak",https://x.com/chanmooii/status/1988499127119073575,0,0,0,533,NaN
173,petongmom,2025-01-30T22:35:39.000Z,"Setara pekerjaan itu ga penting. Tapi pendidikan dan latar belakang itu sangat penting. Pernah ga kamu nikah tapi baru tau dia ga sejalan ma kamu soal imunisasi anak? Ga sejalan sama kamu soal pentingnya pendidikan?",https://x.com/petongmom/status/1885094553470091348,0,0,0,43,NaN
174,MiraninonLita,2025-01-30T21:55:12.000Z,"30DEC 2023 ! Bayi  ADIBA HUBA AZZAHRA Meninggal Usai Suntik Imunisasi .. Baru saja menyambut kelahiran anaknya 25 Des 2023 namun beberapa hari kemudian meninggal dunia diduga setelah menerima imunisasi Hb0 di Puskesmas Pembina,Plaju,Palembang, INDONESIA !",https://x.com/MiraninonLita/status/1885084373588025667,0,0,0,347,NaN
175,nyunyekrahmawan,2025-01-30T15:18:16.000Z,"ndug cah ayu abis imunisasi PCV, Alhamdulillah sampai saat ini aman. ndak rewel, anget dikit badan nya. masih bisa bobok nyenyak. love you ndug cah ayu",https://x.com/nyunyekrahmawan/status/1884984483839152501,0,0,0,60,NaN
176,syaifen,2025-01-30T13:33:39.000Z,"Dibayangan gua 2006 tuh masih sibuk imunisasi. https://x.com/aedrik/status//aedrik/status/1884957590054191519…",https://x.com/syaifen/status/1884958154729164999,0,0,0,38,NaN
177,Rintodianssulut,2025-01-30T13:07:02.000Z,"Imunisasi Massal Gratis di UPTD Puskesmas Airmadidi:  Tingkatkan Kekebalan Tubuh, Jaga Kesehatan Bersama!  https://jendelasulut.com/imunisasi-massal-gratis-di-uptd-puskesmas-airmadidi-tingkatkan-kekebalan-tubuh-jaga-kesehatan-bersama/…",https://x.com/Rintodianssulut/status/1884951454580167160,0,0,0,28,NaN
178,deedline_,2025-01-30T12:51:58.000Z,"Help dari pagi lengan kiri gue yang bekas disuntik vaksin/imunisasi dulu kedut-kedutan terus. Normal ga ya ini?",https://x.com/deedline_/status/1884947665538171139,0,0,0,283,NaN
179,urfavvnats,2025-01-30T12:39:17.000Z,"emang agak agak bodoh nadia nadia ini mau imunisasi catin tapi gak makan dulu pantesan lemes nya naudzubillah",https://x.com/urfavvnats/status/1884944472305435014,0,0,0,84,NaN
180,Koramil03seren1,2025-01-30T12:11:07.000Z,"TNI Peduli Kesehatan, Serma Yudhi Dampingi Pelayanan KB dan Imunisasi Anak di Puskesmas Kratonan https://mnrtvnews.com/2025/01/30/tni-peduli-kesehatan-serma-yudhi-dampingi-pelayanan-kb-dan-imunisasi-anak-di-puskesmas-kratonan…",https://x.com/Koramil03seren1/status/1884937383487082748,0,0,0,19,NaN
181,Koramil03seren1,2025-01-30T12:09:09.000Z,"Peduli Kesehatan Ibu dan Anak Serma Yudhi  Dampingi Kegiatan KB Dan Imunisasi Anak     | https://sidikutama.online/2025/01/peduli-kesehatan-ibu-dan-anak-serma.html?m=1…",https://x.com/Koramil03seren1/status/1884936891113619685,0,0,0,19,NaN
182,rubrikbahasa,2025-01-30T12:00:20.000Z,"Iwan Kurniawan: Saling Tukar Vaksinasi dan Imunisasi (Tempo, 30 Jan 2021)  http://rubrikbahasa.wordpress.com/2021/01/30/saling-tukar-vaksinasi-dan-imunisasi…  Dalam bahasa  Inggris, tidak ada kata kerja “immunization” dan “vaccination”, melainkan  “immunize” dan “vaccinate”.",https://x.com/rubrikbahasa/status/1884934672292954513,0,0,0,55,NaN
183,whalienprose,2025-01-30T09:58:32.000Z,"berkat di ospek kedua kokonya, adik cantik kepikiran sembunyi di mesin cuci biar tidak jadi di imunisasi.  Papi panik, mami panik, mbak Emi dna Mba eni nangis tapi koko nya hanya tos sambil cengar cengir.   yang masukin dede ke mesin cucu kalian kan ? Hayo ngaku!",https://x.com/whalienprose/status/1884904017186439362,0,0,0,2,NaN
184,sahabatjahanam,2025-01-30T07:03:45.000Z,"lagian ngatasin stunting tuh dari usia 0 kandungan - usia 2 tahun, bukan sudah usia sekolah. Stunting juga gak cuma masalah makan tok, sistem sanitasi yang buruk pun bisa jadi penyebab stunting. Daripada maksi gratis, mending sekolah gratis, atau imunisasi paksa.",https://x.com/sahabatjahanam/status/1884860033017774128,0,0,0,1,NaN
185,kecsmgutara,2025-01-30T06:56:53.000Z,"terlindung sepenuhnya dari penyakit berbahaya dan ikut melindungi orang lain yang rentan.  Tips yang harus segera dilakukan 1.Cek buku imunisasi anak anda, masih adakah yang belum lengkap imunisasinya??  2.Segera ke Puskesmas terdekat untuk konsultasi dan melengkapi imunisasi",https://x.com/kecsmgutara/status/1884858303441928615,0,0,0,34,NaN
186,kecsmgutara,2025-01-30T06:56:42.000Z,"terlindungi oleh anak-anak lain disekitarnya yang sudah lengkap imunisasinya. Ini yang disebut herd immunity/ kekebalan masyarakat. Namun, jangan hanya tergantung pada perlindungan orang lain. Yuk, ambil peran aktif dengan memberikan imunisasi lengkap untuk si kecil agar",https://x.com/kecsmgutara/status/1884858259259150609,0,0,0,25,NaN
187,kecsmgutara,2025-01-30T06:56:31.000Z,"hak nak, tetapi juga kewajiban kita sebagai orang tua untuk melindungi mereka dari penyakit berbahaya seperti difteri, TBC, pertusis, Campak,dll.  Ayah dan Bunda, mungkin ada yang berpikir “Anak Saya gak imunisasi tapi tetap sehat, kok! Tapi tahukah, bisa jadi itu karena anak",https://x.com/kecsmgutara/status/1884858213897732332,0,0,0,39,NaN
188,kalissabitah,2025-02-27T20:14:16.000Z,"Standar tidur ku beda tiap hari tergantung besok tugas deadline jam berapa   Padahal pagi tadi muntah karena masuk angin dan tidur juga jam 3 pagi. Kata temanku ""larang mati sebelum habis semester 6"" asli imun ku kuat aja ini, terima kasih mamah ga skip imunisasi dulu.",https://x.com/kalissabitah/status/1895205833845399760,0,0,0,43,NaN
189,Garis_diagonal,2025-02-27T12:31:58.000Z,"keirian hari ini  Liat temen udah aware buat mau imunisasi HPV   Semoga diri ini segera ada rezekinya buat ikutan juga",https://x.com/Garis_diagonal/status/1895089489573544275,0,0,0,11,NaN
190,Mieju,2025-02-27T12:13:22.000Z,"Demi apa sih ternyata imunisasi aku belum lengkap? Bapak gimana sih jadi orang tua kok nggak becus gini.  Nggak mau ah, besok aku udah ada janji sama temenku yaaa Bapak kalau mau ajak aku suntik harus atur jadwal dari jauh-jauh hari.",https://x.com/Mieju/status/1895084811204837603,0,0,0,31,NaN
191,yourqkitten,2025-02-27T11:18:20.000Z,"⠀  ⠀— kakak2 yang mau periksa kehamilan, persalinan atau imunisasi anak, bisa ke @ElternHospi yaaa.. staffnya ramah2 dan dokter nyaa cantikk ganteng lhoo..    ⠀  ⠀",https://x.com/yourqkitten/status/1895070959830479091,0,0,0,41,NaN
192,_absenceoflight,2025-02-27T11:15:09.000Z,"Gue sampe ribut di tiktok gue suruh anaknya gaul sama sesama yg ga imunisasi aja eh protes katanya kok takut katanya kebal lah tilil imunisasi ga bikin kebal lu kata debus kesel bgt udh 2025 cari di google aja gabisa",https://x.com/_absenceoflight/status/1895070159406313716,0,0,0,41,NaN
193,fulia,2025-02-27T11:09:11.000Z,"Hai gais, teruntuk para bumil dan busui atau yang mau lahiran, boleh ke @ElternHospi ya, Disini ada banyak pelayanan dengan service yang terbaik, selain untuk melakukan persalinan, disini juga bisa cek kandungan dan melakukan imunisasi, gimana? Tertarik? Jangan lupa cek pinned ya",https://x.com/fulia/status/1895068656494956756,0,0,0,51,NaN
194,awnyaraa__,2025-02-27T10:34:58.000Z,"Halo semua yang mau periksa bayinya, USG, lahiran, sampai imunisasi anak bisa ke sini yups, staffnya ramah"" pol dan pelayanannya bagus bangett, jangan lupa untuk mampirrrr yak",https://x.com/awnyaraa__/status/1895060046918361125,0,0,0,32,NaN
195,calonsultannnnn,2025-02-27T09:07:14.000Z,"Imunisasi DPT selalu bikin deg-degan",https://x.com/calonsultannnnn/status/1895037968639017029,0,0,0,68,NaN
196,seraclr,2025-02-27T08:11:34.000Z,"Nemu konten ditiktok yang ibunya antivac terus anaknya gak imunisasi samsek. Tolong lah kalo antivac simpen sendirii, gausah punya anak. Jahat tau gak.",https://x.com/seraclr/status/1895023959772668345,0,0,0,18,NaN
197,cublossom,2025-02-27T06:41:12.000Z,"pemerintah gila, sampai vaksin aja langka. pasien banyak yang udah nunda imunisasi.",https://x.com/cublossom/status/1895001216238919748,0,0,0,39,NaN
198,Ryudjeans,2025-02-27T04:02:45.000Z,"- Membaca buku KIA agar mengetahui panduan menyiapkan asupan makanan yang tepat untuk anak  - Melakukan pemeriksaan rutin ke posyandu untuk memantau tahapan tumbuh kembang anak  - Memastikan anak mendapatkan imunisasi lengkap",https://x.com/Ryudjeans/status/1894961344958603457,0,0,0,49,NaN
199,purbabangkabltg,2025-03-30T17:13:05.000Z,"Presiden #AmerikaSerikat @realDonaldTrump @POTUS  membatalkan pendanaan untuk Aliansi Global untuk Vaksin dan Imunisasi, sebuah organisasi yang didirikan oleh @BillGates   Trump Telah melawan keluarga BillEugenicsGates dan Rockefeller selama lebih dari 140 TAHUN kebohongan",https://x.com/purbabangkabltg/status/1906394262142689391,0,0,0,24,NaN
200,timexsaving,2025-03-30T15:12:45.000Z,"- selain harus nanya kepada pasien, kamu juga harus nanya ke orang tua karena riwayat mereka dari lahir, tumbuh kembang dan imunisasi pun bisa membantu penegakan diagnosis.""  ""Kalau kata guru saya dulu, 80% informasi penyakit bisa didapat dari anamnesis atau tanya jawab -",https://x.com/timexsaving/status/1906363977959194994,0,0,0,48,NaN
201,Luke_Paath,2025-03-30T14:07:12.000Z,"Tdk ada Politik yg berhasil tanpa merangkul hijau & coklat, memusuhi hijau & coklat sama dgn bunuh diri Politik.  PDIP th betul ini. Knp PDIP mendukung revisi UU TNI ? krn mereka punya kepentingan & butuh perlindungan utk nasib Partainya. Jg bth imunisasi bagi kader2nya yg korup.",https://x.com/Luke_Paath/status/1906347483472822363,0,0,0,1,NaN
202,AmpedAdorer,2025-03-30T10:11:50.000Z,"Rewel sih enggak, tapi habis selesai imunisasi si Dedek, kita langsung cus ke vet buat kasih vaksin tahunan mereka.",https://x.com/AmpedAdorer/status/1906288249624305727,0,0,0,35,NaN
203,llumierc,2025-03-30T09:24:45.000Z,"ADUH lucu banget. nanti kalo si dedek dibawa imunisasi anabulnya mas juga bakal rewel minta ikut gak kira kira?",https://x.com/llumierc/status/1906276402447712569,0,0,0,54,NaN
204,HIMAKBMKMUnsoed,2025-03-30T09:10:58.000Z,"Info lengkap:  https://instagram.com/p/DHbLC1cBlum/?igsh=MTZ0bXlnemZ5bTJnNw==…  So, tunggu apalagi? Tunjukkan kreativitasmu dan jadilah bagian dari Generasi Berani Imunisasi!   Semangat Berprestasi!  -----------------------------------------------  Divisi Keilmuan Kabinet Rajut Karsa HIMA KBMKM UNSOED 2025",https://x.com/HIMAKBMKMUnsoed/status/1906272933103943824,0,0,0,40,NaN
205,HIMAKBMKMUnsoed,2025-03-30T09:09:29.000Z,"Penasaran bukan? Berikut beberapa info tentang lombanya, disimak baik-baik ya  LOMBA VIDEO KREATIF Lomba ini mengusung tema “#MengejarImunisasi”  Ayo dukung Pekan Imunisasi Dunia, dengan cara seru! Buat video pendek kreatif menggunakan jingle.",https://x.com/HIMAKBMKMUnsoed/status/1906272557218840690,0,0,0,144,NaN
206,jaehakyut,2025-03-30T07:08:45.000Z,"aku anak sehat, tubuhku kuat karena ibukku rajin dan cermat selama aku kecil aku diberi asi, makanan bergizi dan imunisasi  #GFRunTheWorldinMacau  @tawattannn #Fourthnattawat #โฟร์ทณัฐวรรธน์",https://x.com/jaehakyut/status/1906242173491916896,0,0,0,227,NaN
207,jejerytan,2025-04-29T23:50:27.000Z,"kaya tetangga gua, anaknya ada 8, gamau kb, lahiran dirumah, anaknya ga pernah imunisasi karena matanya ga percaya sama dokter  paling nyebelin nya anak nya kaya kaga keurus https://x.com/convomf/status/convomf/status/1917247535632077111…",https://x.com/jejerytan/status/1917365896227742150,0,0,0,78,NaN
208,pluviophi_le,2025-04-29T23:31:18.000Z,"Tau ga pikira mereka2 ini kek mana? Yapp tar jg ada rezekinya, bawa rezekinya, liat kedepannya aja.. KB haram vaksin haram imunisasi haram wkwk Kenyataannya begini. Gabisa ngontrol tp sok2an",https://x.com/pluviophi_le/status/1917361076502683878,0,0,0,104,NaN
209,mantannyaichang,2025-04-29T23:16:40.000Z,"1. Gagal edukasi? Wah mainnya kurang jauh.   Itu kader-kader di desa udah sampai busa ngadain acara utk edukasi.  Jangankan edukasi, soal imunisasi saja sampai harus didatengin ke rumah-rumah.",https://x.com/mantannyaichang/status/1917357396554572023,0,0,0,1,NaN
210,KenapaGwWNI,2025-04-29T23:14:08.000Z,"Masalahnya ortu konservatif yang nentang childfree ini, uronically, adalah ortu yang biasanya ga pantes jadi ortu  Ex : ortu antivaxx yang gamau ngasih imunisasi ke anaknya karena alesan sesepele ""nanti anaknya rewel gegara demam mulu""",https://x.com/KenapaGwWNI/status/1917356758433231136,0,0,0,858,NaN
211,enimia21,2025-04-29T14:43:54.000Z,"Fypku dari tiga hari sampe hari ini imunisasi sama adek2 SMA wisuda pake selempang merah Mulu muak aku",https://x.com/enimia21/status/1917228355105202403,0,0,0,40,NaN
212,wuu_Hz,2025-04-29T14:21:07.000Z,"hampir sama kayak ini yaa, punya pasangan aja enggak tau-tau disuruh bawa anak imunisasi wkwk",https://x.com/wuu_Hz/status/1917222621743288361,0,0,0,25,NaN
213,puji2024,2025-04-29T13:48:11.000Z,"Kemenkes Akui Masih Ada Tantangan Dalam Meningkatkan Cakupan Imunisasi di Indonesia https://suaranegeri.com/2025/04/kemenkes-akui-masih-ada-tantangan-dalam.html… Selasa Malam",https://x.com/puji2024/status/1917214331806384512,0,0,0,26,NaN
214,RsudPemkotTsm,2025-04-29T13:46:30.000Z,"Lindungi anak dari TBC! Berikan imunisasi BCG sebelum usia 1 tahun, ajarkan etika batuk, dan jaga kebersihan lingkungan. TBC menular lewat udara, yuk cegah sejak dini! #SobatDokar #TBC #ImunisasiBCG #RSUDSoekardjo",https://x.com/RsudPemkotTsm/status/1917213906680119391,0,0,0,71,NaN
215,Urpin168,2025-04-29T13:45:49.000Z,"Kemenkes Akui Masih Ada Tantangan Dalam Meningkatkan Cakupan Imunisasi di Indonesia https://suaranegeri.com/2025/04/kemenkes-akui-masih-ada-tantangan-dalam.html… Vasektomi",https://x.com/Urpin168/status/1917213735120523501,0,0,0,34,NaN
216,TedInvestigasi,2025-04-29T13:32:08.000Z,"Ini apaaa??? Saya menggugat Kemenkes karena mereka merahasiakan data risiko vaksinasi/imunisasi, kemudian mereka mengancam saya di sidang! Gila!!!!",https://x.com/TedInvestigasi/status/1917210293157155307,0,0,0,3,NaN
217,jimseamy,2025-05-30T23:52:19.000Z,"Klo dliat2 dia pling seimbang apalagi ada pelampungbya , body juga lebih slim makanya bisa satsetsatset  Imunisasi, vitamin  lengkap betapa sehat kali anak alpukat itu",https://x.com/jimseamy/status/1928600392884977998,0,0,0,40,NaN
218,rsudbdh,2025-05-30T09:04:00.000Z,"Halo Sobat BDH!  Vaksin MMR adalah salah satu vaksin yang paling penting untuk anak-anak dan orang dewasa yang belum pernah terinfeksi atau divaksinasi.  Simak informasi lengkapnya dan pelajari bagaimana vaksin MMR dapat membantu menjaga kesehatan Anda dan keluarga!  #Imunisasi",https://x.com/rsudbdh/status/1928376838709248430,0,0,0,57,NaN
219,DibDil,2025-05-30T06:00:34.000Z,"Kurang zat buatkan anak jadi,   Imunisasi lemah  degil tak dengar cakap  mental tak fokus  Ikut kajian 30 tahun, Tok Abah hasilkan Excel PRO, Jom cuba dengan link dibawah.   https://WhatsappTokAbahXpro.wasap.my https://WhatsappTokAbahXpro.wasap.my https://WhatsappTokAbahXpro.wasap.my   #excelpro #dibdil",https://x.com/DibDil/status/1928330677440647364,0,0,0,9,NaN
220,caqiff,2025-05-30T05:27:32.000Z,"Halo kak boleh kinta pedoman imunisasi idainya ga ya kak makasihh kak sebelumnya",https://x.com/caqiff/status/1928322364594332143,0,0,0,96,NaN
221,aldora__enigma,2025-05-30T04:58:41.000Z,"Bahkan tunjangannya sampe 30jt nanti dapet akses periksa RS gratis kalo sakit, imunisasi, konsultasi tumbuh kembang gratis",https://x.com/aldora__enigma/status/1928315102358348272,0,0,0,31,NaN
222,teukkieduckie,2025-05-30T03:40:18.000Z,"Iya lagi  kata kakakku sampe males dia bawa suaminya tiap imunisasi anaknya. Lebay katanya",https://x.com/teukkieduckie/status/1928295374952788393,0,0,0,176,NaN
223,UlyaAmaranggana,2025-05-30T03:28:28.000Z,"suami saya bisa ngurus pajak motor,ke bengkel,ngerakit komputer sendiri g perlu ke itc,tp utk urusan ke rs dri pendaftaran sampe jelasin ke dokter bisa,malah lebih sering anak imunisasi&berobat cm berdua bapaknya.anak kena tb suami yg kasih obatnya tiap pagi.ngurus anak jg bisa",https://x.com/UlyaAmaranggana/status/1928292397512806453,0,0,0,186,NaN
224,JulianaPutong,2025-05-29T18:57:28.000Z,"Tolak imunisasi, vaksinasi, merusak kesehatan, kita bukan laler yg  makan virus",https://x.com/JulianaPutong/status/1928163802316415252,0,0,0,37,NaN
225,kominfodiy,2025-06-29T15:05:44.000Z,"Imunisasi ini 𝐆𝐑𝐀𝐓𝐈𝐒 di fasilitas kesehatan pemerintah, lho! Jangan sampai terlewat, Sedulur!   Yuk, cek jadwal lengkapnya di infografis diatas  𝐏𝐚𝐬𝐭𝐢𝐤𝐚𝐧 𝐚𝐧𝐚𝐤-𝐚𝐧𝐚𝐤 𝐤𝐢𝐭𝐚 𝐝𝐚𝐩𝐚𝐭 𝐡𝐚𝐤 𝐤𝐞𝐬𝐞𝐡𝐚𝐭𝐚𝐧𝐧𝐲𝐚 𝐬𝐞𝐣𝐚𝐤 𝐝𝐢𝐧𝐢!",https://x.com/kominfodiy/status/1939339509004386545,0,0,0,79,NaN
226,kominfodiy,2025-06-29T15:05:38.000Z,"Imunisasi bukan cuma soal suntik, tapi investasi kesehatan  𝐣𝐚𝐧𝐠𝐤𝐚 𝐩𝐚𝐧𝐣𝐚𝐧𝐠 yang tidak boleh diabaikan!",https://x.com/kominfodiy/status/1939339482223841677,0,0,0,15,NaN
227,pvhenyl,2025-06-29T13:52:02.000Z,"Eyoow ges, yuk mampir di rs kece ku enih, yang mau usg, lahiran, imunisasi anaknya, program hamil, bisa betul disini. Yok gaskaan, nanti jumpa dokter kece seperti ak",https://x.com/pvhenyl/status/1939320958906687880,0,0,0,343,NaN
228,neogguk_97,2025-06-29T13:49:13.000Z,"Hai teman teman..  Kalau ada yg mau periksa usg, lahiran, imunisasi anak bisa di @ElternHospi staff nya ramah ramah dan sangat membantuu lohh",https://x.com/neogguk_97/status/1939320251679940862,0,0,0,153,NaN
229,sexy_killer404,2025-06-29T12:29:56.000Z,"Bahkan Jepang Sudah Mengakhiri Wajib Vaksinasi Anak, Kematian Bayi Mendadak,  'Menghilang'  Apa emak² orang Jepang bodoh ya gak syg anak?  Bahan baku imunisasi itu tp  udh dihalalkan kok, dicuci Milyaran x, dg Mesin Cuci Ultra Clean buatan Kementerian Kesehatan RI  di Labnya.",https://x.com/sexy_killer404/status/1939300299971465239,0,0,0,1,NaN
230,IniSiblackkkk,2025-06-29T11:36:58.000Z,"Lah yang bikin vidio edukasi cara membikin adek bayi aja dibiarin, masa itu yang mengimplementasikan imunisasi buat hewan ga boleh?",https://x.com/IniSiblackkkk/status/1939286971668656392,0,0,0,118,NaN
231,homenumravelio,2025-06-29T11:24:16.000Z,"Udah gt ga imunisasi",https://x.com/homenumravelio/status/1939283775097303455,0,0,0,872,NaN
232,nanadulcet_,2025-06-29T10:12:57.000Z,"untuk bunda bundi atau calon bunda bundi yang mau cek kehamilan atau imunisasi anak bisaa ke sini lohh. oh iyaa buat pasangan mau promil jugaa bisa kesinii. ayoo mampiir!!",https://x.com/nanadulcet_/status/1939265827603382696,0,0,0,113,NaN
233,joesvult,2025-06-29T06:22:34.000Z,"anti imunisasi sejak dini karna hidup pasrah hanya di tangan Tuhan",https://x.com/joesvult/status/1939207848535433547,0,0,0,1,NaN
234,mymarchae,2025-06-29T02:41:49.000Z,"sesimple lu block masa ga bisa? ini yg di fb org bego pemicu war apa gmn si?  KATA GUA MAH MENDING MULUNG SIAPIN AMUNISI IMUNISASI KONSUMSI ETC BUAT HOLO NYA YAELAH. masi aje anjing",https://x.com/mymarchae/status/1939152296245682660,0,0,0,71,NaN
235,bzzrhj,2025-06-28T16:23:09.000Z,"Ngrumati dapuranmu ndek bayi juga kesel mbak. Nyewoki, nyusuni, ganti popok, ngeter imunisasi, melekan goro2 mual, durung maneh angel ngising. Kalau di tanya yg minta anak siapa? Yg jawabnya gak ada yg minta, itu naluri manusia dan pemberian dari Gusti Allah. Ngoten ndoro",https://x.com/bzzrhj/status/1938996601097527328,0,0,0,153,NaN
236,rainbowrain97,2025-06-28T15:06:17.000Z,"Jadi rindu masa-masa menjadi bidan seutuhnya. Menangani pemeriksaan hamil-persalinan-nifas sampai imunisasi. Dunia kerjaku sekarang lebih ke menjadi perawat dokter umum gigi dan bidan di poli kandungan saja",https://x.com/rainbowrain97/status/1938977257403621546,0,0,0,116,NaN
237,pemkab_brebes,2025-06-28T13:31:32.000Z,"UNICEF Indonesia Bersama Dinkesda, Kemenag, Dindikpora, Puskesmas & sekolah di Kabupaten Brebes menggelar Diskusi Kolaborasi ""Jaga Bersama""di Gedung IDI Brebes dengan Fokus utama meningkatkan cakupan imunisasi HPV untuk mencegah kanker serviks sejak usia dini.",https://x.com/pemkab_brebes/status/1938953411854246245,0,0,0,133,NaN
238,jmndcastle_,2025-06-28T13:30:04.000Z,"taunya kita udah ngebadut, aslinya itu tuh bekas suntik imunisasi gitu loh https://t.co/TVq78JktvU",https://x.com/jmndcastle_/status/1938953045523718451,0,0,0,29,NaN
239,ElternHospi,2025-06-28T12:47:36.000Z,"—— ☘︎ 𝐑𝐄𝐖𝐀𝐑𝐃 𝐅𝐎𝐑 𝐁𝐀𝐁𝐘 ☘︎ —— ㅤ to : Aquiliana Sekar Wicaksono   Yeay, selamat untuk baby. Hari ini imunisasinya lancar ya! Ada reward dari dokter, semoga suka Janan yupaa minum cucu biar cepet besar ^^  See you imunisasi selanjutnya!   ✎ @.ElternHospi",https://x.com/ElternHospi/status/1938942358487474371,0,0,0,254,NaN
240,haibundacom,2025-07-30T16:35:15.000Z,"Ketahui Jadwal Imunisasi Anak Usia 0-6 Bulan agar Tak Terlewat",https://x.com/haibundacom/status/1950596058276671744,0,0,0,12,NaN
241,die_letma,2025-07-30T15:08:47.000Z,"Ala Kalyan tawu... Dulu pas imunisasi SD kelas 1 aku vaksin paling terakhir Krn loncat² sambil nangis kabur Sampek di pegangin banyak orang trs pas aku dah terpojok nakesnya ku tendangin   Maaf bangett buat nakes sm guru² ku dulu",https://x.com/die_letma/status/1950574298915365264,0,0,0,65,NaN
242,azhariamalia12,2025-07-30T11:45:05.000Z,"meriangan bgt abis imunisasi :(",https://x.com/azhariamalia12/status/1950523036349661194,0,0,0,36,NaN
243,AyoSehatKemkes,2025-07-30T08:30:00.000Z,"Imunisasi anak udah lengkap sesuai usianya belum Bun?  Nah, di usia sekolah, anak juga perlu diimunisasi. Supaya meningkatkan dan memperpanjang masa kekebalan anak dan mencegah penyakit.  #AyoSehat #Kemenkes #CekKesehatanGratis #CKGSekolah #BIAS #Imunisasi",https://x.com/AyoSehatKemkes/status/1950473943800041499,0,0,0,284,NaN
244,NutrisiKluarga,2025-07-30T06:34:33.000Z,"Itu HOAKS. Tidak ada data resmi yang menyebut terjadi KLB difteri di dua wilayah tersebut.   Waspadai hoaks kesehatan.  Bagikan postingan ini agar makin banyak yang paham dan tidak tertipu. #CekFakta #StopHoaks #Difteri #Imunisasi #KesehatanMasyarakat #Kemenkes #Jakarta #KLB",https://x.com/NutrisiKluarga/status/1950444886051963054,0,0,0,108,NaN
245,DiniRTM,2025-07-30T02:24:43.000Z,"Awal bulan disambut EKin Pertengahan bulan posyandu, kelas ibu hamil, pelayanan imunisasi  Muter gitu aja gk ada istirahat bentar gitu",https://x.com/DiniRTM/status/1950382014911406413,0,0,0,15,NaN
246,DiniRTM,2025-07-30T02:23:14.000Z,"Agenda akhir bulan Lap KIA, Lap KB, Sigizi, Lap imunisasi, ASIK, PKG, Sintesa, Pcare Sehat, Skrining Sehat, INM, BOK. Kohort kudu terisi dengan baik Belum kalau laporan online ada pembatasan jam dan loading yang gak kira2. Tapi semua minta selesai Masih ada laporan dadakan lain",https://x.com/DiniRTM/status/1950381644076241078,0,0,0,33,NaN
247,Ombahku,2025-07-30T00:21:05.000Z,"Ternyata Koruptor desa jauh lebih kreatif dan inovatif serta lebih mainstream, dibanding Koruptor kota, jarang yang kepikiran jual tempat imunisasi balita demi cuan.  Koruptor kota sibuk nunggu proyek triliunan, Koruptor desa gak pakai lama, Posyandu pun jadi korban.",https://x.com/Ombahku/status/1950350903820644532,0,0,0,119,NaN
248,zephyrsuh,2025-07-29T17:09:57.000Z,"day 5, 29 juli 2024, kita mulai kegiatan keluar, yang cewek kegiatan ke posyandu bareng ibu2 disana, cowoknya misah. ini lucu bgt adek nya langsung nempel sama gue di peluk terus, pas mau imunisasi jg mau nya sambil di peluk gue, dapet makanan gratis",https://x.com/zephyrsuh/status/1950242405585997898,0,0,0,104,NaN
249,cheysunz,2025-08-30T16:44:48.000Z,"dia gasadar kalo dia sendiri juga beban negara. coba suruh dia ikut demo, pasti takut. orang ginian waktu kecil ga pernah dapet imunisasi kali yak https://x.com/sashumie/statu/sashumie/status/1961767915369402718…",https://x.com/cheysunz/status/1961832486180430229,0,0,0,93,NaN
250,kodim0811_tuban,2025-08-30T16:05:50.000Z,"Dukung Kesehatan Pemerintah, Babinsa Koramil 0811/02 Palang Dampingi Imunisasi Anak SDN Leran  #tni_angkatan_darat #puspentni  #dispenad  #kodam5brw   #pen_korem082  #tniad  #tniangkatandarat #tniprima  #profesional  #responsif #integratif",https://x.com/kodim0811_tuban/status/1961822681235632219,0,0,0,69,NaN
251,UlfiSem,2025-08-30T10:54:34.000Z,"Aku lahir dari keluarga yang Alhamdulillah sadar kalo vaksin imunisasi penting (bukan nakes juga sih). Dulu aku pas bayi (sekarang 29 tahun) udah rutin imunisasi meskipun harus ke rumah sakit besar, jauh, bayar pula. Sekarang udah enak, deket, gratis. Kalo gak mau kebangetan",https://x.com/UlfiSem/status/1961744347541737983,0,0,0,52,NaN
252,panromanticist,2025-08-30T09:53:14.000Z,"owalah syukurlah!!!! tetep semangat ya soalnya kalo ada imunisasi kan nanti RUAME BGT ITU lopyu",https://x.com/panromanticist/status/1961728914012922311,0,0,0,16,NaN
253,bbahtiarr,2025-08-30T08:41:19.000Z,"Yahya Zaini menyampaikan keprihatinan atas kejadian luar biasa Campak di kabupaten Sumenep, Jawa Timur yang telah merenggut 17 nyawa anak-anak di mana 16 diantaranya tidak pernah menerima imunisasi",https://x.com/bbahtiarr/status/1961710814722974128,0,0,0,143,NaN
254,vnlvnl,2025-08-30T05:55:13.000Z,"balek balek malem di kerjaan  di bisnis karyawan cam tai, semua duit dipake untuk bayar hutang die trus minjem duit pribadiku untuk imunisasi bayinya (manaaa bisa aku gak ngasih untuk bocil gemesss)  trus siang ini masuk 4 biji laptop MALAH DITUNDA bjirrr AHHHH",https://x.com/vnlvnl/status/1961669011747561685,0,0,0,58,NaN
255,ayamgrepreq,2025-08-30T05:22:56.000Z,"kaya anak sd mau imunisasi yang megangin banyak betul",https://x.com/ayamgrepreq/status/1961660888290927087,0,0,0,54,NaN
256,ParlemenTerkini,2025-08-30T02:11:35.000Z,"Adanya Kejadian Luar Biasa (KLB) campak di Sumenep menunjukkan perlunya evaluasi sistem imunisasi dan pendekatan bagi yang resisten.",https://x.com/ParlemenTerkini/status/1961612733763522973,0,0,0,140,NaN
257,meow_seayy,2025-08-30T00:33:27.000Z,"heran ajaa apakah akun ku sehatt krna bnyk di imunisasi",https://x.com/meow_seayy/status/1961588038871699596,0,0,0,21,NaN
258,AlyaGilaan,2025-08-30T00:03:37.000Z,"27/8/2025 2y6m Alisa dah discharge Occupational Therapy ! Check up okay Berat 11.4kg Tinggi 87cm Ada cucuk imunisasi Measles & Rubella  Yayy alhamdulillah Alisa boleh !!",https://x.com/AlyaGilaan/status/1961580528513245269,0,0,0,50,NaN
259,Violayel,2025-08-29T23:09:06.000Z,"Jwb tetangga sya KB suntik dok.. Lalu dr nya jwb lagi.. Dri KB ibu penyakit jantung nya.. Paham sampe sini ya??  Vaksin imunisasi  dan sejenis nya itu sama dan bawa efek bahya utk kesehatan dan keselamatan manusia",https://x.com/Violayel/status/1961566812828831954,0,0,0,45,NaN
260,kotajakbar,2025-08-29T16:29:14.000Z,"Pemkot Jakarta Barat melalui Suku Dinas Kesehatan melakukan Outbreak Respon Imunisasi (ORI) campak secara masif di wilayah Kapuk, Kecamatan Cengkareng, Jakarta Barat. Upaya ini dilakukan untuk memutus rantai penularan kasus penyakit campak, Jumat (29/8).  #PemkotJB",https://x.com/kotajakbar/status/1961466179840823318,0,0,0,290,NaN
261,MyHEALTHKKM,2025-08-29T13:02:16.000Z,"Imunisasi Measles Rubella  Kanak-kanak berusia 6 bulan hingga 5 tahun ke bawah digalakkan menerima imunisasi tambahan demam campak. Imunisasi tersebut diberikan secara percuma.  Hentikan demam campak, lindungi anak kita.  #MalaysiaSihat #SihatItuSaya",https://x.com/MyHEALTHKKM/status/1961414095430979902,0,0,0,632,NaN
262,davirgogurll,2025-09-29T23:16:47.000Z,"Bayikku after getting vaccinated this afternoon-evening is still super happy, just sleeping at night until waking up again in the morning around 5",https://x.com/davirgogurll/status/1972802769179550003,0,0,0,50,NaN
263,ponylompat,2025-09-29T16:42:01.000Z,"aku sampe sekarang selalu bilang ke temen2ku, ""jangan nikah dulu"" aku realistis aja. nikah gak cuma modal cinta, tapi uang juga. apalagi kalo udh pny anak. popok, susu, imunisasi. ditambah orang bali. upacara 42 hari, 3 bulan dll.",https://x.com/ponylompat/status/1972703420219093487,0,0,0,69,NaN
264,gIomerulus,2025-09-29T14:44:37.000Z,"Sempat galau krn dikonsulin apakah pasien ini tetep blh ikut vaksin, kalo sesuai pengalaman pas koas (kasusnya rada mirip) sih ttp boleh. Tapi aku aga takut jd aku suruh konsul SpA dulu.. sempet ngerasa bodoh ""ah masa sih gt doang konsul SpA"" tp akhirnya rewatch kuliah imunisasi",https://x.com/gIomerulus/status/1972673875201638423,0,0,0,647,NaN
265,DitjenPK,2025-09-29T13:13:29.000Z,"Layanan tersebut seperti pelayanan kesehatan dasar, layanan terkait penurunan stunting seperti Pemberian Makanan Tambahan (PMT) balita dan ibu hamil serta pelayanan imunisasi, pelayanan kesehatan ibu hamil dan balita, pelayanan terkait Tuberculosis.",https://x.com/DitjenPK/status/1972650942370861396,0,0,0,18,NaN
266,paprblunts,2025-09-29T12:45:00.000Z,"justru ini termasuk ringan krn imunisasi ku lengkap dulu, kl yg ga lengkap malah ada yg gbs bangun samsek, demam tinggii, ak masih bs nyuci motor bjir.",https://x.com/paprblunts/status/1972643776100446398,0,0,0,42,NaN
267,desa_padasuka,2025-09-29T11:40:37.000Z,"Kamis, 25 September 2025  Polindes Desa Padasuka  Kegiatan ini dihadiri oleh Petugas Kesehatan Puskesmas Padasuka dan  PKK Pokja 4. Program imunisasi ini untuk memberikan kekebalan aktif terhadap penyakit.",https://x.com/desa_padasuka/status/1972627570979156192,0,0,0,21,NaN
268,vaniabetrip,2025-09-29T09:54:48.000Z,"Kenzo 5 hari di dunia kmrn demam aja gue panik mantau suhu tiap jam, itu kn pas cuti ga kerja ye ok lah begadang  Besok kalau imunisasi dpt mah saya udah kerja",https://x.com/vaniabetrip/status/1972600940462317664,0,0,0,60,NaN
269,vaniabetrip,2025-09-29T09:51:36.000Z,"Gue kerja punya duit jga buat anak gue, jdi udah imunisasi yg efek demam kita pindah ke DSA aja, sebagai working mom gamau jdi khawatir ps kerja",https://x.com/vaniabetrip/status/1972600135327895992,0,0,0,58,NaN
270,AtexLurner,2025-09-29T09:43:00.000Z,"G5425092901513  Nyusahin anjing! Udah 3 jam ini lu kalo ada pemadaman panjang, dikasih imbauan tolol, ini kasian anak gua baru selesai imunisasi kena imbas begini, kontol",https://x.com/AtexLurner/status/1972597973298393162,0,0,0,154,NaN
271,from_kangb,2025-10-30T15:38:04.000Z,"Yapss, mana ngasih duit cukup buat beli diapers doang 3 ball, dia pikir anaknya kaga makan, kaga mandi, kaga skinkeran, kaga minum vitamin, kaga imunisasi kali yaa",https://x.com/from_kangb/status/1983921353574031689,0,0,0,16,NaN
272,raf_bracket,2025-10-30T12:20:54.000Z,"Tahukah kamu kalau gigi juga perlu “imunisasi”?   #ImunisasiGigi #CegahGigiBerlubang #FluorideVarnish #RAfDentalCare #SehatSejakDini",https://x.com/raf_bracket/status/1983871733661929734,0,0,0,12,NaN
273,DDKlinikCiputat,2025-10-30T09:34:29.000Z,"Siapa yang baru tau kalau imunisasi itu bukan cuma suntik biasa! Tapi langkah penting melindungi buah hati dari berbagai penyakit berbahaya   Di DD Klinik Ciputat, imunisasi GRATIS untuk pasien BPJS, lho! Jadi, pastikan si kecil tumbuh sehat dan kuat dengan imunisasi lengkap",https://x.com/DDKlinikCiputat/status/1983829854987715057,0,0,0,50,NaN
274,GoRiauCom,2025-10-30T09:23:48.000Z,"Terdapat 520 Suspek dan 89 Kasus Positif Campak di Pekanbaru, Pengamat: Cermin Lemahnya Sistem Imunisasi",https://x.com/GoRiauCom/status/1983827166015189361,0,0,0,61,NaN
275,RiaupagiSurya,2025-10-30T08:10:46.000Z,"Dinkes Riau Nilai Meningkatnya Kasus Campak karena Imunisasi Rendah",https://x.com/RiaupagiSurya/status/1983808785966936135,0,0,0,11,NaN
276,infoPKU,2025-10-30T04:32:21.000Z,"Sebagai tindak lanjut, Dinkes Riau mulai melaksanakan imunisasi tambahan campak di Kota Pekanbaru sejak 27 Oktober hingga 10 November 2025.  Selengkapnya",https://x.com/infoPKU/status/1983753818249789697,0,0,0,185,NaN
277,infoPKU,2025-10-30T04:32:20.000Z,"Pelaksana Tugas (Plt) Kepala Dinkes Riau, Widodo mengungkapkan capaian Imunisasi Dasar Lengkap (IDL) di Pekanbaru baru mencapai 36,60 persen dari target 90 persen.   #infoPKU",https://x.com/infoPKU/status/1983753815183781945,0,0,0,382,NaN
278,prokopim_medan,2025-10-30T04:01:52.000Z,"Dengan Penuh Kelembutan & Kasih Sayang, Rico Waas Bersama Ketua TP PKK Imunisasi Bayi dari Rumah ke Rumah",https://x.com/prokopim_medan/status/1983746148948177196,0,0,0,21,NaN
279,PosoRutan,2025-10-30T03:29:27.000Z,"Sebanyak 14 orang balita menjalani imunisasi, 2 ibu hamil dan 14 orang lansia melakukan pemeriksaan kesehatan.  #bergerakberdampak #setahunberdampak #imipassetahunbergerakberdampak",https://x.com/PosoRutan/status/1983737988313141336,0,0,0,15,NaN
280,gfriendmingyu,2025-10-30T01:53:20.000Z,"Aku anak sehat tubuhku kuad  Karena Eommaku rajin dan cermat Semasa aku bayi selalu diberi asi  Makanan bergizi dan imunisasi",https://x.com/gfriendmingyu/status/1983713801200652557,0,0,0,115,NaN
281,daddyyuki,2025-02-26T12:38:00.000Z,"STOP VAKSIN HPV hari demi hari penderita efek samping dari vaksin HPV di Jepang bertambah. mr Tamura DEPKES Jepang dengan cepat menghentikan program vaksinasi ini sejak Juni 2013. Akan tetapi mr Tamura 2014 diberhentikan dan program di mulai kembali.  https://x.com/kuu331108/status/1691852887285285299?t=sMPDm30w-2_hUkdBTlgbzQ&s=09…",https://x.com/daddyyuki/status/1894728620897452075,0,0,0,7,NaN
282,daddyyuki,2025-02-12T06:05:35.000Z,"Mr. Kazu Ishii, medical jurnalis Permohonan paten Pfizer, yang disetujui pd tanggal 31 Agustus 2021, adalah yang pertama dari lebih dari 18.500 paten yang didaftarkan untuk tujuan pelacakan kontak jarak jauh dari semua penerima vaksin di seluruh dunia.  https://x.com/kazu_uracorona/status/1889487925194400044?t=Vqh3yvH0qdu0hmsr2CQMeQ&s=09…",https://x.com/daddyyuki/status/1889556436801278195,0,0,0,815,NaN
283,JulianaPutong,2025-02-09T07:45:58.000Z,"Scientia asal kata sains yg brarti pengetahuan, pengetahuan? Manusia, miris ny sains itu sendiri isi ny se bagian kebohongan , sprti vaksin yg tdk sesuai fungsiny, listrik sudah di temukan di era tartaria, bumi bulat, grafitasi, phitekantropus, dinosaurus, pergi ke bulan, satelit",https://x.com/JulianaPutong/status/1888494535359000890,0,0,0,59,NaN
284,mr_adityason,2025-02-09T01:37:55.000Z,"Itu cuma satu kuartal kok. Lagian emang perdagangan dunia lg turun Krn imbas semua negara dipaksa goblok hrs lockdown. Tp Q3 udh naik lg. Negara anies sok sok psbb emang sebagus apa sih, pertumbuhan ekonomi cuma ditunjang impor vaksin doang kok wkwkwk",https://x.com/mr_adityason/status/1888401911226966493,0,0,0,210,NaN
285,estehmilo,2025-02-09T01:36:41.000Z,"Vaksin MR done, Alhamdulillah. Buldep lanjut JE. Sehat² anakku.",https://x.com/estehmilo/status/1888401601528004960,0,0,0,61,NaN
286,Ailurophies,2025-02-08T10:30:59.000Z,"“Betul sekali, itu saya!” jawab Yoshio sembari melangkah mengikuti Mr. Elliote untuk menuju ruangan vaksinasi. Ia tersenyum, menatap sekitar dengan perlahan sebelum duduk pada salah satu tempat yang disediakan untuk pasien vaksin.",https://x.com/Ailurophies/status/1888173674530029679,0,0,0,42,NaN
287,happyselaluya,2025-02-06T17:40:22.000Z,"buldep rumi vaksin MMR + IPV2, yang dari pemerintah cuma MR, harga MMR nyampe 500 . kenapa pemerintah ga subsidi MMR  PCV ke faskes aja yakan, lebih mahal daripada DPT",https://x.com/happyselaluya/status/1887556957533577302,0,0,0,66,NaN
288,jondivar,2025-02-06T02:46:21.000Z,"Harus dikasih pelajaran sama organisasi ini selama ini dia mendukung banget soal covid krn ada donatur utk mensukseskan covid dan vaksin serta wabah dari http://Mr.BG  Ikuti Jejak Trump, Argentina Bakal Keluar dari WHO https://cnnindonesia.com/internasional/20250206045015-134-1195133/ikuti-jejak-trump-argentina-bakal-keluar-dari-who…",https://x.com/jondivar/status/1887331970784633328,0,0,0,22,NaN
289,adamc_r,2025-03-26T07:25:39.000Z,"Takde kena mengena kulat dengan vaksin typhoid",https://x.com/adamc_r/status/1904796876307870062,0,0,0,243,NaN
290,happyselaluya,2025-03-17T04:50:39.000Z,"bidannya bilang “bulan depan aja vaksinnya, naikin dulu BB nya”, padahal harusnya rumi vaksin MR sama IPV2",https://x.com/happyselaluya/status/1901496380733972921,0,0,0,29,NaN
291,daddyyuki,2025-03-14T05:23:41.000Z,"Kalo di Jepang, mentri yg paling mempromosikan “ makanan protein Serangga ” adalah mr. Taro Khono. dia sebelummya mentri Khusus Penanggulangan pandemic bidang Vaksin Corona.  di TV dia promosi makan serangga dll.... entah apa yg di janjikan Bill Gate di kakek pisikopat itu ke dia",https://x.com/daddyyuki/status/1900417527974400423,0,0,0,124,NaN
292,daddyyuki,2025-03-02T00:57:58.000Z,"bagi Elite Globalis sangat menakutkan karena rencana Pandemic utk menjual Vaksin nya bisa gagal total kalo Mr. Abe membagikan Ivermectin. rencana EG mengurangi populasi Jepang dengan vaksin akan gagal Total.",https://x.com/daddyyuki/status/1896002002444042355,0,0,0,475,NaN
293,sorrycapek,2025-04-25T16:58:46.000Z,"Dok bulan depan kan anakku ada vaksin influenza yg kedua. Misal 2 minggu berikutnya mau vaksin dpt 3 sama booster mr apakah bisa dok? Apa nunggu bulan berikutnya?",https://x.com/sorrycapek/status/1915812744055476381,0,0,0,5,NaN
294,InnaZuyyinah,2025-04-24T12:10:41.000Z,"Dokden, anak saya sudah vaksin MR di puskesmas saat usia 9 bulan. Apakah boleh jika lanjutannya nanti vaksin MMR? Jika boleh, di usia berapa, dok?",https://x.com/InnaZuyyinah/status/1915377854743032035,0,0,0,3,NaN
295,jondivar,2025-05-30T01:01:23.000Z,"Elite Global dan Mr.Bill G ambisius mensukseskan Al, Chip, Robot maka ini dia membayar suap kepada pejabat agar wabah dan vaksin terlaksana dgn baik..Maka ini kenapa Bill G tdk melaksanakan di AS karena menteri dan pejabat atasan tdk menyetujui vaksin tbc dri Bill",https://x.com/jondivar/status/1928255384944529642,0,0,0,44,NaN
296,mr_adityason,2025-05-28T06:03:27.000Z,"Hoax antivaksin itu dimana ya. Perasaan jelas2 provaks yg sering hoax. Contoh aja yg paling current covidvax. Awalnya dijamin ga kena covid, trus ralat 90% efektif, turun lg 70%, turun lg cuma mencegah keparahan. Realitanya yg ga vaksin tenang2 aja, yg vaksin bolak balik positif",https://x.com/mr_adityason/status/1927606625910841744,0,0,0,268,NaN
297,dennyarisman,2025-05-28T03:55:40.000Z,"Kalo aman silahkan gunakan vaksin ini utk seluruh jajaran @KemenkesRI dan @BPOM_RI dulu saja, biarkan masyarakat menilai urgensi penggunaannya. Jgn paksa masyarakat via syarat perjalanan dll demi cuan dr Mr Gates.",https://x.com/dennyarisman/status/1927574469645832396,0,0,0,61,NaN
298,Mr_cosanostra,2025-05-26T09:31:54.000Z,"Kita harus kompak menolak vaksin TBC  mRNa buatan bill gates",https://x.com/Mr_cosanostra/status/1926934308796645616,0,0,0,446,NaN
299,Mr_cosanostra,2025-05-26T09:31:23.000Z,"setelah vaksin corona dusta banyak yang mengalami auto imun, tubuh gak punya kemampuan menyembuhkan dirinya. Dan terus mau di enjus lagi apa gak gempor di hantem terus sama toxic, yang baru 1x enjus covid aja udah pada stroke, jantung, tumor. Dan akhirnya meninggal.",https://x.com/Mr_cosanostra/status/1926934179138195484,0,0,0,173,NaN
300,Mr_cosanostra,2025-05-25T22:30:44.000Z,"ditentukan bahwa vaksinasi mRNa ada penyebab kematian""  Jadi kesimpulannya, vaksin mRNa buatan bill gates menyebakan kematian. Kita harus nolak vaksin TBC bill gates yang mengandung mRNa.",https://x.com/Mr_cosanostra/status/1926767918529884259,0,0,0,400,NaN
301,ittmktechnology,2025-05-25T13:14:57.000Z,"* Bandara utk mengukur suhu tubuh manusia itu salah besar.apabila manusia dicuaca panas pasti akan naik suhu.. * Sejak World dilarang oleh beberapa negara Mr.Bill dan Elite global turun gunung agar mensukseskan covid, vaksin tbc.",https://x.com/ittmktechnology/status/1926628054563963249,0,0,0,61,NaN
302,jondivar,2025-05-24T15:53:24.000Z,"Bagi Para Pejabat, Dokter, Rumah sakit dan media jangan karena uang haram sampe menyetujui soal vaksin tbc dan covid..Para elite global dan Mr.Bill rela mengeluarkan uang utk menyuap mereka agar sukses acara wabah..Jangan sampe karma dan Tuhan Yesus marah",https://x.com/jondivar/status/1926305539538969086,0,0,0,66,NaN
303,Hamengkuperkoro,2025-05-24T05:25:16.000Z,"Kebanyakan orang mikir kalau vaksin itu berbahaya, karena side efek vaksin. padahal kita ngelihat side efek vaksin itu justru karena orang berhasil diselamatkan oleh vaksin. Ga ada anak mati karena polio lagi jadi demam karena vaksin polio dilebih lebihkan.",https://x.com/Hamengkuperkoro/status/1926147465553514951,0,0,0,56,NaN
304,Hamengkuperkoro,2025-05-20T05:06:12.000Z,"Vaksin tidak menyebabkan autisme. Ini adalah permainan statistik tolol yang dipake kaum teoris konspirasi karena ga bisa baca narasi statistik. Korelasi vaksin dan anak dengan autisme itu bukan karena vaksin menyebabkan autisme, tapi semakin rendahnya kematian anak dr penyakit.",https://x.com/Hamengkuperkoro/status/1924693117720281522,0,0,0,43,NaN
305,adi062002,2025-05-19T08:47:46.000Z,"Iya haha cabangnya g sengaja ketemu soalnya sejalan sama rsud tempat vaksin",https://x.com/adi062002/status/1924386487317266928,0,0,0,88,NaN
306,ittmktechnology,2025-06-23T15:49:12.000Z,"Karena perusahaan besar tdk berpikir panjang, yg menciptakan al itu siapa..Sejak ada al semua manusia disingkirkan maka ini elite global dan http://Mr.BG berani menyuap semua pejabat utk mensukseskan mengurangi manusia dgn cara wabah dan vaksin  https://kompas.com/edu/read/2025/06/23/111433171/ilmu-komputer-masuk-daftar-jurusan-dengan-pengangguran-tertinggi-di-as?page=2…",https://x.com/ittmktechnology/status/1937176119423483978,0,0,0,33,NaN
307,_matcha_____,2025-06-22T13:16:33.000Z,"Habis vaksin IPV 2 & MR, jadi lemes bgt beneran rewel bgt, biasa walaupun demam tetep mau makan, kali ini samsek ga mau makan  ditambah lagi ketularan ayah flu jadinya kombo, huhu kasiannya anak Ibu. Sabar ya nak sisanya ga akan sebulan sekali lagi..",https://x.com/_matcha_____/status/1936775314799223212,0,0,0,84,NaN
308,ittmktechnology,2025-06-11T15:59:29.000Z,"At a time when poor countries and global elites and http://Mr.BG are planning a vaccine action   as guinea pigs. Just like Indonesia    https://cnbcindonesia.com/news/20250611143157-4-640075/negara-bangkrut-ini-makin-sengsara-kini-penduduk-sudah-tak-punya-duit…",https://x.com/ittmktechnology/status/1932830050963107975,0,0,0,23,NaN
309,jondivar,2025-06-08T14:23:11.000Z,"Elite global dan Mr.Bill inilah rencana mereka agar manusia berkurang jadi dibuatlah wabah covid, vaksin berbentuk virus agar manusia meninggak dan gampang sakit2an.",https://x.com/jondivar/status/1931718656624676882,0,0,0,31,NaN
310,ittmktechnology,2025-06-04T01:13:04.000Z,"Orang yang punya uang bisa menyuap siapa saja seperti Mr.Bill demi mensukseskan ide bisnis negatif yaitu al, chip, robot, nuklir dia membuat wabah dan vaksin agar manusia berkurang dan gampang penyakit..sedangkan org yg tdk punya uang bisa masuk penjara",https://x.com/ittmktechnology/status/1930070265129775131,0,0,0,30,NaN
311,Paijocece1,2025-06-03T14:58:10.000Z,"Betul vaksin bikin saya lemah, gampang sakit , bulan kemarin saya kena flu parah indra penciuman perasa semua hilang, mungkin kalau di jaman kopet sy kena virus korona, sy beli obat dibapotik juga sembuh, untuk indra penciumannya dan perasa agak lama sembuh sekitar 1 bulan sembuh",https://x.com/Paijocece1/status/1929915520796766491,0,0,0,48,NaN
312,jondivar,2025-06-03T07:01:10.000Z,"Menkes RI lebih takut kepada Elite global dan Mr.Bill Gat dripd takut kepada Tuhan..Kalo dia mengikuti program covid dan vaksin percayalah karma akan menghampiri anda beserta keluarga.Indonesia banyak gulung tikar anda sbg menteri tdk ada kebutuhan seperti makanan, minumam dll.",https://x.com/jondivar/status/1929795479292072157,0,0,0,81,NaN
313,spacerangersRRR,2025-06-03T04:20:28.000Z,"Bisa pake kode voucher ini ya kakkk biar lbh murah  Konsul Dokter  KONSULCBXWEC Beli Obat  OBATCBGVH Vaksin/Tes Lab  HLDXHOMECAREVNN Haloskin  HALOSKINAFFZU25",https://x.com/spacerangersRRR/status/1929755036512669743,0,0,0,26,NaN
314,cokowidudu,2025-06-03T03:45:35.000Z,"Lu ga kena penyakit bukan herbal herbal tapi karena orang lain udah vaksin",https://x.com/cokowidudu/status/1929746256454418575,0,0,0,132,NaN
315,ittmktechnology,2025-06-02T16:35:32.000Z,"Elite global dan Mr.Bill G tdk berpikir kedepan yg penting uang dan rencana jahat sukses seperti covid, vaksin, al, dll..Manusia Butuh pangan kalo bill Gates dan pejabat tdk berpikir kedepan hanya memikirkan diri sendiri mrk pasti akan mati dan kena karma",https://x.com/ittmktechnology/status/1929577633764843874,0,0,0,37,NaN
316,ittmktechnology,2025-06-02T04:35:50.000Z,"Elite Global dan http://Mr.BG utk mensukseskan Al, Chip, Robot vaksin mereka membuat Wabah buatan..Mereka rela membayar pejabat, media, Dokter, Rumah Sakit agar terlaksana pandemi, apalagi wabah sampe bisa tahu varian sedangkan alami hanya 1    https://health.detik.com/berita-detikhealth/d-7941214/rilis-edaran-soal-covid-19-ini-pesan-kemenkes-ri-soal-masker-dan-hand-sanitizer?utm_campaign=detikcomsocmed&utm_medium=oa&utm_source=twitter&utm_content=detikhealth…",https://x.com/ittmktechnology/status/1929396514503188680,0,0,0,34,NaN
317,stustustuuu,2025-07-28T02:42:16.000Z,"Di menu fitur ada bagian sertifikat vaksin ada vaksin & imunisasi lainnya",https://x.com/stustustuuu/status/1949661657963356332,0,0,0,79,NaN
318,stustustuuu,2025-07-28T02:33:55.000Z,"Download aja app Satusehat dia pengganti peduli lindungi rekam medis vaksin disitu semua",https://x.com/stustustuuu/status/1949659556147003647,0,0,0,113,NaN
319,demeter_mr,2025-07-28T01:50:45.000Z,"ini kenapa masih ada aja pertanyaan soal vaksin siii, gw udh lupaaa njirrr, mau cek kartu settifikat vaksinnya jg udh gatau dimana filenya",https://x.com/demeter_mr/status/1949648691691708661,0,0,0,1,NaN
320,happyselaluya,2025-07-16T12:54:33.000Z,"btw hari ini juga si baby girl vaksin PCV, tinggal DPT 4 sama MR  alhamdulillah",https://x.com/happyselaluya/status/1945467086915981780,0,0,0,64,NaN
321,wiltedverses,2025-07-11T10:05:03.000Z,"""Terima kasih,"" gumam si nona pada perawat yang mengantarnya hingga ruangan sang healer. Ia mengekori langkah Mr. Audebert setelahnya, agak kikuk meski bukan pertama kali vaksin seorang diri.  ""Terima kasih, Sir."" Ia kembali mengangguk sopan.",https://x.com/wiltedverses/status/1943612494821703972,0,0,0,65,NaN
322,wiltedverses,2025-07-11T09:25:29.000Z,"Lain kali, ia harus memasang alarm sebelum mulai membaca buku baru.  Ia menghentikan langkah di meja resepsionis, tak tampak kehabisan napas. ""Selamat sore,"" sapanya, ""saya ada janji vaksin dengan Mr. Audebert.""  @AH_StMungo @MrAudebert",https://x.com/wiltedverses/status/1943602535832371530,0,0,0,88,NaN
323,racovnteur,2025-08-30T10:19:24.000Z,"ㅤㅤ Dadanya berdebar keras dengan Mr Xanderious menanyakan apakah ia sudah siap untuk vaksin? Dua detik bibirnya melongo kemudian menjawab pasrah, ""Sudah, Mr.""  | @MrXanderious ㅤㅤ",https://x.com/racovnteur/status/1961735496780153015,0,0,0,41,NaN
324,DulKemprut,2025-08-30T01:30:30.000Z,"Masalah vaksin koped kemarin jangan dibawa ke segala ranah bro",https://x.com/DulKemprut/status/1961602393193243021,0,0,0,36,NaN
325,arienugraha87,2025-08-29T01:14:40.000Z,"Lah statistik berkata lebih banyak yang selamat oleh vaksin. Ente ga pernah ngeliat video polio jaman dulu apa?",https://x.com/arienugraha87/status/1961236024648241537,0,0,0,26,NaN
326,officialinews_,2025-08-27T21:04:01.000Z,"Penyebab Campak Bisa Mematikan, Dokter: Tidak Vaksin MR",https://x.com/officialinews_/status/1960810556136534494,0,0,0,155,NaN
327,AmirulA1253,2025-08-27T16:29:37.000Z,"Dr suhazeli kena sodom dengan dildo vaksin 10 inci : Dia jawab - kamu bukan ahli, belajar tak habis.  Kita tanya, kenapa perlu tambahan vaksin MR iaitu untuk cegah Campak dan Rubela padahal ketika 9 dan 12 bulan bayi diberikan vaksin MMR kombinasi untuk Beguk, Rubela dan Campak?",https://x.com/AmirulA1253/status/1960741500700230033,1,0,0,66,NaN
328,mr_adityason,2025-08-27T10:41:42.000Z,"Yg vaksin siapa? Dokter kan? Mana tanggung jawabnya? Ente yg ngablu. Ditampar fakta sejelas ini msh ngeles.",https://x.com/mr_adityason/status/1960653945224802639,0,0,0,74,NaN
329,ucu19462270,2025-08-27T06:58:57.000Z,"kan td nanya selain vaksin gmn caranya..udah belajar ajaaa.. biar tambah pinterrrrrr, biar tau mnrt science, antibodi itu apa..fungsinya apaa dst..",https://x.com/ucu19462270/status/1960597887798403137,0,0,0,83,NaN
330,HerinoorCh,2025-08-27T01:17:53.000Z,"Bagaimana dgn vaksin MR yg mengandung enzim babi menurut madzab Hanbali, boleh tidak sbg preventif penyakit campak?",https://x.com/HerinoorCh/status/1960512057880772833,0,0,0,79,NaN
331,Ary_LFC,2025-08-26T21:26:09.000Z,"Nah ini yg paling logis... knp gak brani bilang bahwa klo ada efek samping vaksin, yg melakukan vaksinasi bertanggung jawab? Katanya dokter sekolahnya mahal, lama, susah, ahli dan berilmu... ditanya kok malah dijawab dgn pertanyaan lagi... pasti ini dokter muridnya Mulyono!",https://x.com/Ary_LFC/status/1960453741079093702,0,0,0,580,NaN
332,L_minWOOharu,2025-08-26T12:53:57.000Z,"waktu wabah polio merebak langsung bisa gercep nyediain vaksin kan itu terus langsung di distribusikan ke puskes sama sekolah sekolah.. skrg jg lg merebak campak yg sampai banyak meninggal jg langsung booster MR anak anak SD..  kapan vaksin demam berdarah jg masuk program ?",https://x.com/L_minWOOharu/status/1960324838759047612,0,0,0,550,NaN
333,risenshine777,2025-08-26T10:42:57.000Z,"Dok anak aku bulan depan 15 bulan, mau vaksin MMR tapi takut katanya bikin autis sama speech delay vaksin MMR itu? Kmrn pas 10 bulan udah vaksin MR.",https://x.com/risenshine777/status/1960291873957769664,0,0,0,16,NaN
334,Cnisaju,2025-09-29T13:37:42.000Z,"Anak masuk 9 bulan wkt jadwal vaksin mr, emaknya bukan takut vaksinnya tapi takut wkt nimbang bb anak",https://x.com/Cnisaju/status/1972657037776466285,0,0,0,23,NaN
335,ProfsStorm,2025-09-23T12:26:02.000Z,"⠀⠀⠀  Healer mengangguk, ""Sure, Mr. Vyshnevskiy. Anda sudah boleh pulang, jangan lupa lewat resepsionis lagi untuk diberikan kartu vaksin dan CBG¹.""  Sebagai salam perpisahan, ia memberi satu bingkisan kecil, ""See you around, boy. Be careful on your way back."" ⠀⠀⠀",https://x.com/ProfsStorm/status/1970464673662411005,0,0,0,111,NaN
336,SelangorLibrary,2025-09-12T02:36:54.000Z,"Program Imunisasi Tambahan Demam Campak oleh KKM   dapatkan suntikan vaksin MR (Measles & Rubella)   PERCUMA utk semua kanak-kanak warganegara & bukan warganegara yg lahir pada 1 Ogos 2020 – 31 Jan 2025 shj   13, 20 & 27 Sept 2025 (Sabtu)  8.30 pg – 2.30 ptg  PRTU",https://x.com/SelangorLibrary/status/1966330148422300124,0,0,0,148,NaN
337,radarmadiunweb,2025-09-10T07:01:56.000Z,"BIAS 2025 di Magetan targetkan 29 ribu lebih pelajar. Anak SD mendapat vaksin MR, TD, hingga HPV untuk mencegah penyakit menular.",https://x.com/radarmadiunweb/status/1965672069762326786,0,0,0,108,NaN
338,AlanUstad56,2025-09-09T00:18:37.000Z,"Terlihat sekali ya jika kelompok oselem itu sangat panik dengan ßabi. Padahal enak. Dan sahabat naby saat itu jg makan ßabi dari Yah udi.  Lucunya Vaksin MR Haji, malah ternuat dari enzim ßabi.  Wah.. terkejut aku",https://x.com/AlanUstad56/status/1965208185226363377,0,0,0,84,NaN
339,PACU_PMO,2025-09-06T02:15:20.000Z,"petugas kesihatan tanpa sebarang bayaran.  Antara yang menanti anda termasuklah analisis wajah (face analysis), suntikan vaksin influenza percuma untuk warga emas, serta suntikan MR percuma bagi kanak-kanak. Selain itu, ada juga saringan kesihatan dan kecergasan,",https://x.com/PACU_PMO/status/1964150392561807778,0,0,0,55,NaN
340,KKusumawardani,2025-09-05T13:16:41.000Z,"Babi. MR SII. Fatwa. dan tentu saja antivaxx gak vaksin sehat-sehat saja tuh. Cakupan di sana masih 30an%.",https://x.com/KKusumawardani/status/1963954437363532258,0,0,0,137,NaN
341,gembilihi,2025-09-04T08:27:30.000Z,"Eh bener bgt kenapa sih zionist, antivak dan 02 voters itu biasanya datang bersamaan dalam sanubari satu orang wkwkwk sok edgy dah.  Temen w ada yg pas covid ga vaksin, malas social distancing ga maskeran, trus pastinya zionist dan boom terakhir pamer I stand with mr.president.",https://x.com/gembilihi/status/1963519277518246086,0,0,0,13,NaN
342,MissChocolattes,2025-09-01T14:04:30.000Z,"ㅤ ㅤ ㅤ""Halo, selamat malam Ronan! Vaksin hari ini dengan saya ya, Mr Killiannya sedang berhalangan."" Ucap Chocolate sembari membenarkan jas hijau khas healernya.  ""Ditensi dulu ya,"" mulai memasangkan tensi meter pada lengan kiri Ronan. ㅤ ㅤ",https://x.com/MissChocolattes/status/1962516920525316350,0,0,0,57,NaN
343,AlanUstad56,2025-09-01T06:55:22.000Z,"Vaksin MR jamaah haji juga ternuat dari enzim ßabi. MUi juga gk masalah tuh...",https://x.com/AlanUstad56/status/1962408926047252868,0,0,0,723,NaN
344,Cnisaju,2025-10-13T12:41:12.000Z,"Besok anak gua mau vaksin mr aaa tidak aku takut dengan timbangan anakku",https://x.com/Cnisaju/status/1977716247832699031,0,0,0,30,NaN
345,SinarOnline,2025-10-04T09:40:44.000Z,"Sambil beli buku, dapatkan suntikan vaksin tambahan MR  Klinik Kesihatan Seksyen 7 tawar 30–50 dos vaksin MR percuma untuk kanak-kanak 6 bulan–5 tahun sempena Jualan Gudang Karangkraf 2025. #sinarharian #JualanGudang #Karangkraf",https://x.com/SinarOnline/status/1974409343413223462,0,0,0,572,NaN
346,MiraninonLita,2025-10-01T08:54:47.000Z,"(COPY) Mr Budi G Sadikin berkata suksesnya vaksin di Indonesia KARENA EFEK NEGATIF VAKSIN TIDAK TERLALU TEREKSPOSE (TERUNGKAP).",https://x.com/MiraninonLita/status/1973310614136299722,0,0,0,149,NaN
347,Mikarry_,2025-11-28T09:26:13.000Z,"Raina berjalan menuju St. Mungo, rumah sakit kesehatan Hogwarts, dengan perasaan yang campur aduk karena hari ini adalah jadwal vaksin, dan Raina harus bertemu dengan Mr. Kairo yang akan memberikannya vaksin.  "" Duh kenapa harus vaksin, gak mau disuntik.""",https://x.com/Mikarry_/status/1994337021272215806,0,0,0,50,NaN
348,demeter_mr,2025-11-27T04:41:10.000Z,"eh masih ada kerja yg persyaratannya vaksin?",https://x.com/demeter_mr/status/1993902898938564634,0,0,0,104,NaN
349,glowtweets,2025-11-25T16:37:02.000Z,"Seharusnya tidak ada 'tidak mampu vaksin', karena vaksin MR itu ada dipuskesmas dan gratis.",https://x.com/glowtweets/status/1993358274247508239,0,0,0,24,NaN
350,dravenorn,2025-11-25T11:33:03.000Z,"ᅠ Lalu mengangguk sekali lagi saat Mr. Everleight memintanya untuk mendongak. Tubuh bersandar ke belakang, dagu diangkat ke atas, sementara matanya menatap langit-langit ruangan dengan pandangan kosong. Meski begitu, ia terlihat amat siap menerima vaksin dari @MrEverleight. ᅠ",https://x.com/dravenorn/status/1993281776740188176,0,0,0,55,NaN
351,RudiFarthuaks,2025-11-11T11:29:55.000Z,"Undangan Kepolisian untuk di mintai keterangan itu kan biasa...!!  Pke kawal kawal segala...!!  Royi Panci GAGAP INDONESIA RAYA Cemen yaaa...!!  Halo dr TIVA TIVU VAKSIN...!! Siap bikin Vaksin Valsu di Penjara kan...???  Mr RESMONCONG  PAR BANUA HOLING...!! Apa kencing LANCAR..??",https://x.com/RudiFarthuaks/status/1988207557769654694,0,0,0,681,NaN
352,mr_kampretz,2025-11-03T02:21:50.000Z,"Emang aneh, binik aja gak jadi lanjut kenalan gara2 si co ngeremehin vaksin, ini malah lanjut  Gak kebayang ngobrol keseharian kayak apa.",https://x.com/mr_kampretz/status/1985170526013399118,0,0,0,110,NaN
353,daddyyuki,2025-01-20T13:36:21.000Z,"kok sama ya sama efek samping vaksin... padahal di jepang gak ada seblak",https://x.com/daddyyuki/status/1881334954610803029,0,0,0,103,NaN
354,garindabayumi,2025-01-17T22:20:08.000Z,"Kan kali aja ada efek samping dari vaksin",https://x.com/garindabayumi/status/1880379607783993575,0,0,0,35,NaN
355,AdyatamaBaskoro,2025-01-15T19:02:03.000Z,"Waktu covid vaksin nya Astra Zeneca bukan koh? Ada penelitian katanya Astra Zaneca efek samping nya banyak dan di rasakan hingga sekarang.",https://x.com/AdyatamaBaskoro/status/1879604981923471491,0,0,0,245,NaN
356,unexplnd,2025-01-15T02:15:57.000Z,"Zuckerberg: ""Mereka mendesak kami hapus hal-hal yang sebenarnya benar! yang mengatakan vaksin itu memiliki efek samping, harus dihapus""",https://x.com/unexplnd/status/1879351786613649830,0,0,0,296,NaN
357,nisrinarfh,2025-01-13T15:35:54.000Z,"Keanehan dunia lvl aku tu kmrn lusa vaksin sehari 2 + tes darah utk screening sblm vaksin. Ni 2 vaksin ga menunjukkan efek samping apa2 malah yg ada efek sampingnya adlh; bekas tes darah itu alias kulitku yg bekas plester tuh jd ruam gatel2 gt??!!",https://x.com/nisrinarfh/status/1878828324048511402,2,0,0,315,NaN
358,Brandanara,2025-01-12T22:10:51.000Z,"Intinya?   Berarti program vaksin covid itu tidak baik untuk tubuh?   Ada efek samping yang mungkin merugikan manusia?",https://x.com/Brandanara/status/1878565328424505692,0,0,0,78,NaN
359,daddyyuki,2025-02-27T01:51:22.000Z,"Selama DEPKES masih menutupi aib maka kami tdk dapat info yg jelas masalah isi vaksin. kami hanya bisa menggumpulkan data efek samping yg dikeluhkan dan di laporkan.  menurut info dari dokter² bahwa semua vaksin pasti ada side efek nya. sayangnya byk yg tdk mengakui itu.",https://x.com/daddyyuki/status/1894928280492613674,0,0,0,430,NaN
360,natureadmirer8,2025-02-26T15:48:33.000Z,"Tadi pagi baru baca berita, di kabupatenku banyak orangtua pelajar wanita yang menolak vaksin HPV karena takut efek samping",https://x.com/natureadmirer8/status/1894776575843086681,0,0,0,171,NaN
361,landa_0313,2025-02-24T08:46:30.000Z,"banyak bgt 4× kak aku dksh tau vaksin itu banyak efek samping ny ke tubuh di tmpt aku kerja jadi ya disuruh gak usah vaksin dan untung lah enggak",https://x.com/landa_0313/status/1893945586543460371,0,0,0,53,NaN
362,MiraninonLita,2025-02-18T21:58:41.000Z,"(Terjemahan)  CLASS ACTION KORBAN VAKSIN HPV  !!!   Pengacara kami sedang meninjau tuntutan hukum vaksin Gardasil ... untuk korban yang MENDERITA EFEK SAMPING DARI VAKSIN HPV GARDASIL.  Kematian dan cedera telah dikaitkan dengan vaksin ini.",https://x.com/MiraninonLita/status/1891970618049831070,0,0,0,164,NaN
363,jsehyuno,2025-02-17T02:22:52.000Z,"Vaksin coklatnya udah aman, kan? Yang penting gak ada efek samping tiba-tiba jadi ketagihan terus nagih tiap hari. Kalo kayak gitu, nanti aku harus stok lebih banyak lagi buat kamu sama member. Tapi kayaknya biar itu bagian tugasnya captain kamu.",https://x.com/jsehyuno/status/1891312328718635391,0,0,0,27,NaN
364,djedjeandrea,2025-02-16T07:58:03.000Z,"Ada yang bilang namanya graphene oxide, itu kan program si Bill Gates, Bill Gates pernah bilang efek samping vaksin akan terlihat dalam 2 tahun ke depan, ya ini udah lebih dari 2 tahun, hasilnya ? Gangguan psikologis. Dulu aku ada videonya soal Bill Gates itu tapi kehapus.",https://x.com/djedjeandrea/status/1891034290000888176,0,0,0,45,NaN
365,bukanpanda69,2025-02-15T22:13:31.000Z,"Kebetulan aku tahun 2024 lalu umroh kak. Gak ada masalah kak. Aman lancar karena gak ada pemeriksaan hiv juga. Arv di tas pun gak digeledah sama sekali. Vaksin menengitispun aman gak ada efek samping.",https://x.com/bukanpanda69/status/1890887190751641624,0,0,0,275,NaN
366,samoodraa,2025-02-12T14:43:13.000Z,"Kenapa juga infonya mendadak sih soal vaksin vaksin ini.. KENAPA GA DARI MINGGU LALU??? Ini pikiran dah ruwet mau orientasi magang malah ketambahan beban efek samping vaksin",https://x.com/samoodraa/status/1889686704681865444,0,0,0,55,NaN
367,TurnBackHoax,2025-02-12T06:18:41.000Z,"Wakil Direktur CDC Akui Vaksin Covid Bikin Tubuh Lemah dan Mudah Sakit     • Deputy Director CDC Tom Shimabukuro menyebut frasa “debilitating illnesses” yang berarti kondisi tubuh melemah. Namun, tidak menyatakan kondisi tersebut merupakan efek samping yang dikonfirmasi",https://x.com/TurnBackHoax/status/1889559732245102614,0,0,0,286,NaN
368,daddyyuki,2025-02-11T11:11:21.000Z,"sebagai org tua harus faham. 1. beda virus dan bakteri 2. jenis vaksin ( fresh vax, Rekayasa genegik) 3. isi dari masing² vax itu apa 4. Cara kerja masing² vax 5. efek samping jangka pendek dan panjang 6. Dok mengakui kah efek² tersebut 7. Shedding itu apa. 8. alternatif ex vax",https://x.com/daddyyuki/status/1889270995950895141,0,0,0,174,NaN
369,MrElliote,2025-02-08T14:12:35.000Z,"ㅤ “Besok mencoba metode lain?” Ia menuliskan beberapa catatan ke dalam kartu vaksin. “Tentu. Sebelum itu, saya hendak memberikan beberapa catatan. Apabila ada efek samping seperti demam, mual, kesulitan bernafas, atau kesehatan menurun drastis lainnya bisa kembali kemari.” ㅤ",https://x.com/MrElliote/status/1888229443170345098,0,0,0,66,NaN
370,MrElliote,2025-02-08T10:59:21.000Z,"ㅤ “Besok mencoba metode lain?” Ia menuliskan beberapa catatan ke dalam kartu vaksin. “Tentu. Sebelum itu, saya hendak memberikan beberapa catatan. Apabila ada efek samping seperti demam, mual, kesulitan bernafas, atau kesehatan menurun drastis lainnya bisa kembali kemari.” ㅤ",https://x.com/MrElliote/status/1888180813877104732,0,0,0,50,NaN
371,sitamanda,2025-02-08T02:46:08.000Z,"Gw juga kudu disclaimer bahwa gw percaya benefit vaksin pad komunitas jauh lebih besar dibanding risiko munculnya efek samping.",https://x.com/sitamanda/status/1888056692983927057,0,0,0,138,NaN
372,receivve,2025-03-30T00:49:26.000Z,"Suhu badan sangat normal, pip pup oke, gak ada muntah, makan minum juga aman (df, wf recovery, creamy treats semua masuk), pecicilan jelas iya. Alhamdulillah efek samping vaksin Ultra cuma demam sedikit sama nafsu makan sedikit turun. Sehat terus ya Ul pokoknya",https://x.com/receivve/status/1906146715062907001,0,0,0,74,NaN
373,receivve,2025-03-29T14:42:07.000Z,"Suapin RC Recovery lagi, abis lumayan banyak. Minum juga aman. Suhu tubuh berangsur-angsur normal.  Pas sore disuapin wf tadi dia udah nyoba kabur. Kayaknya efek samping vaksin ga lama nih di Ultra, karena dia stray cat mungkin lebih kuat aja kali ya  Bismillah pokoknya sehat.",https://x.com/receivve/status/1905993882073989230,0,0,0,56,NaN
374,daddyyuki,2025-03-29T07:33:33.000Z,"Di Jepang juga, tahun demi tahun efek samping dari makan pecel Lele terus bertambah   ※ Ginjal para rusak karena efek samping vaksin.  Otot larut dalam darah, menyumbat dan memberi tekanan pada ginjal dan menyebabkan gagal ginjal.",https://x.com/daddyyuki/status/1905886029321740770,0,0,0,558,NaN
375,aureliald,2025-03-25T19:42:56.000Z,"Efek samping vaksin: Demam  Tiba tiba banyak ketawa   Yaallah anak gue kenapa",https://x.com/aureliald/status/1904620033151479909,0,0,0,57,NaN
376,haibundacom,2025-03-25T08:41:26.000Z,"Mengenal Vaksin Tifoid untuk Anak, Manfaat, Efek Samping, dan Jadwal Pemberiannya",https://x.com/haibundacom/status/1904453558499713075,0,0,0,46,NaN
377,erlinaburhan,2025-03-24T07:23:57.000Z,"Seperti vaksin lain, vaksin TB baru bisa menimbulkan KIPI (Kejadian Ikutan Pasca Imunisasi) seperti nyeri di tempat suntikan, demam, atau gatal. Penelitian dilakukan dengan ketat, peserta dipantau setelah vaksinasi, & jika ada efek samping, semua biaya ditanggung asuransi.  (EB)",https://x.com/erlinaburhan/status/1904071674494149096,0,0,0,618,NaN
378,BinderClips155,2025-03-19T04:56:09.000Z,"gblk!!! org sakit krn gaya hidup tdk sehat kok yg dituduh efek samping vaksin. kalo mmg vaksin penyebab nya pasti dampak yg diterima sangat luas hingga scr global. tapi ini apa adem ayem doang org mah normal normal aja.",https://x.com/BinderClips155/status/1902222539604025735,0,0,0,30,NaN
379,MiraninonLita,2025-04-27T04:57:07.000Z,"Ini berita valid. 28Apr2024 AstraZeneca admits its Covid vaccine can cause rare side effect in court documents for first time/  AstraZeneca mengakui vaksin Covid-nya dapat menyebabkan efek samping yang langka dalam dokumen pengadilan untuk pertama kalinya  https://telegraph.co.uk/news/2024/04/28/astrazeneca-admits-covid-vaccine-causes-rare-side-effect/…",https://x.com/MiraninonLita/status/1916355909712023588,0,0,0,286,NaN
380,MiraninonLita,2025-04-27T03:56:21.000Z,"28 APRIL 2024 ASTRAZENECA admits its Covid vaccine can cause rare side effect in  court documents for first time.  /  AstraZeneca mengakui vaksin Covid-nya dapat menyebabkan efek samping yang langka dalam dokumen pengadilan untuk pertama kalinya  https://telegraph.co.uk/news/2024/04/28/astrazeneca-admits-covid-vaccine-causes-rare-side-effect/…",https://x.com/MiraninonLita/status/1916340615136121309,0,0,0,76,NaN
381,Hari01892872,2025-04-24T02:18:40.000Z,"vaksin itu memiliki efek samping jangka panjang.. yg akhir2ni banyak muncul artikel2 penelitian terbaru,, semakin dini anak diberi vaksin,, semakin besar efek sampingnya..",https://x.com/Hari01892872/status/1915228870955126808,0,0,0,92,NaN
382,hanan052020,2025-04-21T00:29:21.000Z,"""Produsen vaksin memiliki perlindungan hukum terhadap efek samping vaksin"" Kenapa demikian? ya jelas krn big pharma tsb yg bukan membuat kebijakan-kebijakan, serta bukan mereka juga yg legalkan produk untuk diberikan ke publik. Yg menyuntik juga bukan mereka tapi petugas publik.",https://x.com/hanan052020/status/1914114197593690121,0,0,0,238,NaN
383,MrAudebert,2025-04-19T07:13:03.000Z,"ㅤ ""Karena sudah keren sekali berani suntik vaksin, saya ada hadiah untukmu. Sekarang sudah boleh pulang dan istirahat. Kalau ada efek samping, boleh datang lagi kemari. Terima kasih sudah datang!"" Ucapnya sembari tersenyum.   ( @AsKurosawa ) ㅤ",https://x.com/MrAudebert/status/1913491013823504443,0,0,0,83,NaN
384,MrAudebert,2025-04-14T14:23:52.000Z,"ㅤ  Pasiennya itu memberikan respon positif. Ia lantas kembali ke mejanya, dan mengeluarkan sesuatu. ""Kalau ada efek samping yang terasa, kamu boleh kembali lagi kemari. Ini ada sedikit hadiah untukmu karena sudah vaksin. Terima kasih sudah datang!"" Ucapnya.  ( @selcoush ) ㅤ",https://x.com/MrAudebert/status/1911787495756599788,0,0,0,66,NaN
385,es_twr,2025-04-14T14:20:34.000Z,"Oiya efek samping vaksin jadi demam emang. Mudah2an besok udah gapapa ya Pras.",https://x.com/es_twr/status/1911786661907939398,0,0,0,21,NaN
386,orepras,2025-04-14T14:19:07.000Z,"kemarin abis vaksin, hari ini demam tinggi mba kata dokter bisa jadi efek samping vaksinnya  sekarang udah istirahat sih mba, tidur. doain yaa",https://x.com/orepras/status/1911786299230658918,0,0,0,61,NaN
387,daddyyuki,2025-04-12T09:56:53.000Z,"di Jepang efek samping vaksin sudah bukan hanya katanya tapi sdh di bicarakan di rapat kabinet bahkan sudah di sidangkan.",https://x.com/daddyyuki/status/1910995531197038825,0,0,0,59,NaN
388,MrAudebert,2025-04-12T06:13:15.000Z,"ㅤ ""Kalau ada sesuatu yang terasa sebagai efek samping, jangan ragu untuk datang kembali. Terima kasih sudah datang, sudah boleh pulang!"" Gumamnya menyudahi kegiatan vaksin dan memperbolehkan muda itu pulang.  ( @octgh ) ㅤ",https://x.com/MrAudebert/status/1910939251644219512,0,0,0,47,NaN
389,_avocado221,2025-04-07T13:43:29.000Z,"Aku belum pernah sih, kata temen ku efek samping nya tergantung jenis vaksin/dosisnya kan ada beberapa type tuh yang gardasil. Tapi aku pernah observasi anak dibawah 25th yang pake vaksin HPV jenis Cervarix  aman sih setelah 2 kali dosis ga ada gejala yang gimana gimana",https://x.com/_avocado221/status/1909240614568468605,0,0,0,264,NaN
390,ArtaN7707,2025-05-30T13:42:52.000Z,"""Ada demam, ada peningkatan suhu pada awal dan itu sama dengan vaksin pada umumnya""  (Taruna Ikrar, 15 Mei 2025)  Hemmmm  15/5/2025: BPOM Ungkap Efek Samping Uji Coba Vaksin TBC Bill Gates  https://tempo.co/politik/bpom-ungkap-efek-samping-uji-coba-vaksin-tbc-bill-gates-1443994…  #TurunkanGibranAdiliJokowi  #TurunkanGibranAdiliJokowi",https://x.com/ArtaN7707/status/1928447015941222787,0,0,0,213,NaN
391,omonomonsiemon,2025-05-30T09:57:49.000Z,"Itu bisa jadi hipermpigmentasi! Krn matahari  Penyakit bawaan  Luka  Efek samping obat/bahan Kimia  Nah, kan doi pejabat pertama disuntik masa covid, bisa jadi tuh krn suntikan yg bisa vaksin bisa boongan! Nah yg boongan ini yg dikhawatirkan jd penyebabnya  Hnya asumsi liar",https://x.com/omonomonsiemon/status/1928390382678692321,0,0,0,1,NaN
392,dponeglyph,2025-05-29T05:56:49.000Z,"Bukti nya banyak yg punya penyakit berat meninggal itu org yang udh di vaksin. Krna efek samping vaksin itu. Dan efek samping vaksin itu ditutupin sama kemenkes dan media",https://x.com/dponeglyph/status/1927967343180927330,0,0,0,115,NaN
393,DSwibi,2025-05-28T17:23:35.000Z,"Efek samping vaksin bilgets apa ya? Jadi gasabar liat sikon indonesia",https://x.com/DSwibi/status/1927777787185602834,0,0,0,36,NaN
394,june_one,2025-05-28T17:01:29.000Z,"Sepertinya kena efek samping vaksin jadi otaknya nggak jalan. Udah banyak bukti dimedia masih dibilang hoax  atau emang sales vaksin jadi takut vaksinnya nggak laku ?",https://x.com/june_one/status/1927772224368341225,0,0,0,48,NaN
395,SupratmanAndang,2025-05-28T06:20:58.000Z,"Sesungguhnya segala efek samping akibat penggunaan vaksin itu adalah tg jawab produsen dan hrs diketahui sebelum digunakan scr umum. Uji klinis serta uji apapun, tdk cukup sebulan dua bulan,hrs smp dinyatakan aman. Bila tdk,ini merupakan kesengajaan & kejahatan thd kemanusiaan.",https://x.com/SupratmanAndang/status/1927611032345911662,0,0,0,31,NaN
396,Miftakhul300824,2025-05-27T23:14:01.000Z,"Kek lo nggak bisa berfikiran jernih otak udah konslet tinggal nunggu ajah efek samping covid vaks bereaksi di tubuh lo...lah dia menteri kesehatan yang juga dokter bukan asal njalanin agenda asing lah lo percaya mendewakan vaksin",https://x.com/Miftakhul300824/status/1927503589414441345,0,0,0,46,NaN
397,jimmybon86,2025-05-27T13:51:36.000Z,"Kami (masyarakat Indonesia) boleh mendapatkan surat kompensasi/guarantee dari @KemenkesRI gak semisalnya terjadi efek samping bahkan penyakit lain muncul krn vaksin tsb?? Kami bukan kelinci percobaan!!!",https://x.com/jimmybon86/status/1927362053078962484,0,0,0,57,NaN
398,AskPerplexity,2025-05-27T13:34:38.000Z,"Saat ini, vaksin terbaru yang didukung Bill Gates adalah vaksin TBC M72/AS01E, yang sedang diuji coba di beberapa negara termasuk Indonesia.  Belum ada data resmi tentang ""doksin tinggi"" (mungkin maksudnya dosis atau efek samping tinggi) dari vaksin ini, karena masih dalam tahap",https://x.com/AskPerplexity/status/1927357780068884614,0,0,0,81,NaN
399,sllysherryl,2025-05-27T06:59:36.000Z,"kalo habis vaksin efek samping paling ngeselin tuh demam, semoga demamnya ga lama lama ya aikoo!!",https://x.com/sllysherryl/status/1927258369024221599,0,0,0,16,NaN
400,kraken691085,2025-05-27T05:41:47.000Z,"mau tau pendapat penyepong pro vaksin apa saja(tanpa tau historynya). kemaren2 dah banyak pro vaksin covid yg menyesal divaksin karna sekarang terbuka borok2 vaksin covid itu mempunyai efek samping.wkwkkwkwkwk (bill gates kalian percaya,di amerika aja dia banyak dicaci org2)",https://x.com/kraken691085/status/1927238786896765104,0,0,0,56,NaN
401,zxfffrr,2025-05-27T02:36:31.000Z,"Tu kan pejabatnya aja gamau disuntik duluan, malah ngumpanin rakyatnya Nanti kalo ada efek samping dari vaksin yg kena ya rakyat duluan",https://x.com/zxfffrr/status/1927192161444913556,0,0,0,59,NaN
402,YashaOki,2025-05-27T01:59:35.000Z,"sudah jelas mengandung efek samping. Fyi;vaksin adalah virus itu sendiri yg modifikasi sedemikian rupa sehingga menjadi antivirus. SDH SDH lah covid covitan..Singapura,Tiongkok.cpt nyebar krn warganya suka makan (daging babi/mknn non halal).",https://x.com/YashaOki/status/1927182866657546464,0,0,0,78,NaN
403,MrAudebert,2025-06-28T07:34:07.000Z,"⠀ Ia tersenyum. Senang rasanya mendengar bahwa pasien tidak mengalami kesulitan saat vaksin. ""Kalau begitu, sudah selesai. Kalau ada gejala efek samping seperti demam atau apapun, boleh kembali lagi kemari."" ⠀",https://x.com/MrAudebert/status/1938863467869675933,0,0,0,44,NaN
404,msJnlee0023,2025-06-28T01:05:33.000Z,"dri vaksin ada efek samping, apd kena korup. Besok aja sekalian tu virus makan sendiri sama yg korup",https://x.com/msJnlee0023/status/1938765681274822893,0,0,0,4,NaN
405,MiraninonLita,2025-06-24T18:55:41.000Z,"GUGATAN VAKSIN HPV GARDASIL  Bantuan Hukum untuk Efek Samping Gardasil.  Apa isi Vaksin Gardasil? : POLYSORBATE80 !!!  Gardasil HPV Vaccine Lawsuit- Legal Help for Gardasil Side Effects. What's in the Gardasil Vaccine? : POLYSORBATE 80  !!!",https://x.com/MiraninonLita/status/1937585436882534419,0,0,0,156,NaN
406,daddyyuki,2025-06-24T02:12:46.000Z,"silahkan search saja 「stevens Johnson syndrom dose」atau 「stevens Johnson syndrom vaccine」tertulis juga di kertas panduan efek samping vaksin influenza (mRNA) juga.  atau tanya ke dokter @dokter_kampung apakah benar SJS adalah efek samping resmi dari beberapa obat dan vaksin.",https://x.com/daddyyuki/status/1937333043402015047,0,0,0,123,NaN
407,meow_meng_,2025-06-22T12:02:06.000Z,"Dulu habis vaksin covid, efek samping vaksin kyk ngantuk banget, laper banget, ato lengan pegel banget seharian, itu kerasa banget nggak, kak?",https://x.com/meow_meng_/status/1936756578323202557,0,0,0,125,NaN
408,cinderceIa,2025-06-17T14:01:49.000Z,"Tapi aku sudah minum vitamin D juga masih ngga ngaruh sih Kayanya emang karena stress dan efek samping dari vaksin kemarin (bisa jadi)",https://x.com/cinderceIa/status/1934974768488534023,0,0,0,69,NaN
409,citrangs,2025-06-16T03:41:15.000Z,"iya kak krn keburu melahirkan waktu itu, cuma saranku ttp vaksin dulu ya kak. Puji Tuhan ga ada efek samping nya kak, anak anaknya sehat sampe skrg. paling abis steril aja itu pada oleng dan misalnya makan sendiri mereka muntah, tp h+1/2 uda normal lg",https://x.com/citrangs/status/1934456207684825458,0,0,0,91,NaN
410,jondivar,2025-06-16T00:59:30.000Z,"Banyak Pasien dirumah sakit kesana setelah di vaksin covid ditambah akan beredar vaksin tbc. Hampir 90% org yg mengalami gagal ginjal, serangan jantung, kaki, dll itu diakibatkan efek samping dari vaksin covid ditambah ntr lagi vaksin tbc..",https://x.com/jondivar/status/1934415504405590115,0,0,0,171,NaN
411,inspiresyen,2025-06-15T08:51:50.000Z,"Alhamdulillah ga kerasa efek samping vaksin tapi kenapa malah satu badan yang rasanya pengen copot yak",https://x.com/inspiresyen/status/1934171981991268618,0,0,0,71,NaN
412,temu28,2025-06-14T03:25:52.000Z,"Mbah Nun adalah orang yang turut menyarankan melakukan vaksin covid 19. Pendarahan otak yang terjadi pada mbah Nun onok hubungane kambek efek samping vaksin covid 19 gak yo? https://x.com/bengkeldodo/st/bengkeldodo/status/1933136739570417927…",https://x.com/temu28/status/1933727562720833897,0,0,0,76,NaN
413,naebilae,2025-06-11T13:53:55.000Z,"halo kakk sebelumnya maaf nimbrung sedikit. kamu udah sterilin kucingmu di oye petshop? posisi kucingmu sudah vaksin blm ya? aku tgl 18 juni besok mau steril kucingku tp ragu krn kucingku blm vaksin (tp katanya gpp). boleh review sedikit ga kak kucingmu ada kena efek samping gak?",https://x.com/naebilae/status/1932798454633570763,0,0,0,66,NaN
414,widadawidiw,2025-06-09T04:46:05.000Z,"Nope. Jangan nder. Di US uda byk efek samping vaksin HPV bahkan byk yg smpe lumpuh dan ga bs punya anak. Jd mending jaga pola hidup sehat sm naikin imun. Hidup happy biar stress menjauh. Better kamu save itu duit buat tabungan.",https://x.com/widadawidiw/status/1931935809210568794,0,0,0,374,NaN
415,PartaiPonsel,2025-06-07T12:51:30.000Z,"Itu namanya Vitiligo alias Baros. Penyakit autoimun. Bisa krn efek samping vaksin, akibat stress atau akibat supranatural. Tapi perubahan pada JKW sangat cepat menyebar.",https://x.com/PartaiPonsel/status/1931333195154309434,0,0,0,212,NaN
416,hizbnashor,2025-06-04T18:53:42.000Z,"Patut dicurigai vaksin saat itu ,karena banyak yg mengalami efek samping",https://x.com/hizbnashor/status/1930337182587466029,0,0,0,25,NaN
417,hizbnashor,2025-06-04T18:50:08.000Z,"Gatal dilengan apakah ditempat suntikan vaksin Jokowi saat covid19. Banyak yang di vaksin saat itu mengalami efek samping bermacam-macam",https://x.com/hizbnashor/status/1930336284767334704,0,0,0,92,NaN
418,MrAudebert,2025-07-30T06:53:32.000Z,"⠀ Plunger ditekan secara perlahan, sampai seluruh dosis masuk dengan sempurna. Setelahnya, ia menyimpan bekas vaksin tersebut ke tempat yang disediakan. ""Sudah selesai, apakah sakit atau terasa efek samping seperti pusing atau mual, Bu?"" tanyanya pada @MissValenielle. ⠀",https://x.com/MrAudebert/status/1950449664383410671,0,0,0,46,NaN
419,MrAudebert,2025-07-29T06:03:26.000Z,"⠀ Menit berselang, vaksinasi telah selesai. Tatapnya lekat pada @NoirOfNacht, sembari meletakkan bekas vaksin pada tempat yang tersedia. ""Sudah selesai, apakah ada sakit atau ada efek samping yang terasa?"" tanyanya. ⠀",https://x.com/MrAudebert/status/1950074671350579225,0,0,0,96,NaN
420,OxanaRen,2025-07-28T07:58:34.000Z,"Bisa jadi efek samping vaksin copet",https://x.com/OxanaRen/status/1949741254172123293,0,0,0,93,NaN
421,yuansiensean,2025-07-27T03:19:35.000Z,"Baru tau vaksin BCG kita ma sana beda ya. Ternyata jarumnya banyak efek samping minimal. Tapi   pas disuntiknya pasti lebih kerasa kan",https://x.com/yuansiensean/status/1949308658392900022,0,0,0,234,NaN
422,MrAudebert,2025-07-25T07:09:17.000Z,"ㅤ Kembali, ia mengembangkan senyum di wajahnya. Lakunya membuang bekas vaksin tersebut pada tempat yang tersedia, lalu kembali duduk di kursinya. ""Kalau begitu sudah selesai, setelah ini apabila ada efek samping yang terasa boleh kembali kemari."" Jelasnya. ㅤ",https://x.com/MrAudebert/status/1948641691512307927,0,0,0,24,NaN
423,kumparanMOM,2025-07-24T04:44:09.000Z,"Beberapa orang tua merasa khawatir dengan efek samping vaksin, seperti demam atau nyeri, sehingga ragu untuk membawa anak vaksin. #momsupdate #moms #update #text",https://x.com/kumparanMOM/status/1948242778984792515,0,0,0,310,NaN
424,LimpatraB,2025-07-23T14:18:36.000Z,"seharusnya mrka sudah dapat edukasi tentang vaksin setelah melahirkan ataupun sebelum, yang kasian nanti bayi nya kalo nggak dikasih vaksin, bahaya besar dan tenaga kesehatan punya SOP tentang sesudah tindakan edukasi tentang efek samping, dan ibu harus apa tentang efek samping",https://x.com/LimpatraB/status/1948024955125534735,0,0,0,34,NaN
425,MrAudebert,2025-07-23T06:38:33.000Z,"⠀ Selesai dengan apa yang dilakukan, ia menyimpan bekas vaksin ke tempat yang tersedia. ""Sudah selesai, bagaimana rasanya? Apakah ada efek samping yang terasa?"" tanyanya pada @galliox. ⠀",https://x.com/MrAudebert/status/1947909178288443438,0,0,0,45,NaN
426,mommiesdaily,2025-07-21T04:00:01.000Z,"Vaksin HPV bertujuan cegah kanker & kutil kelamin. Efektif diberikan sebelum aktif secara seksual dengan harga yang ditawarkan mulai Rp 600.000 ribu/dosis.",https://x.com/mommiesdaily/status/1947144507277050265,0,0,0,585,NaN
427,daddyyuki,2025-07-19T01:11:39.000Z,"masuk ke akun saya dan search “ginjal” disitu banyak saya bahas efek samping dari vaksin yg merusak ginjal.  ini salah satunya",https://x.com/daddyyuki/status/1946377361865204108,0,0,0,58,NaN
428,Elaradreams,2025-07-15T17:31:10.000Z,"Ketiduran pas jam kerja. Mana lagi sibuk2 nya lagih, tidur sambil duduk dikursi dgn tumpuan meja beserta laptop  ini tuh grgr efek di vaksin covid pertama, dan efek samping nya gua jadi gampang bgt turu.",https://x.com/Elaradreams/status/1945174313792934108,0,0,0,137,NaN
429,moncherie94,2025-07-11T15:15:43.000Z,"sayur buah disemprot pestisida, belum lagi makanan minuman UPF berseliwiran dimana2, jenis vaksin makin banyak tapi beberapa vaksin lebih banyak efek samping drpd manfaatnya. Ga heran makin banyak orang sakit padahal masih muda. Mau jaga makan ajah harus super ekstra sekarang",https://x.com/moncherie94/status/1943690674135597295,0,0,0,67,NaN
430,SumandoGaek,2025-07-09T11:55:33.000Z,"Sudah banyak bayi/anak tak berdosa jadi korban efek samping vaksin, walau selalu tak diakui. Karena vax / imunisasi tak boleh salah. Kalau salah nanti jualannya nggak laku.",https://x.com/SumandoGaek/status/1942915525052620908,0,0,0,150,NaN
431,tonojombang,2025-07-08T07:22:43.000Z,"EFEK SAMPING VAKSIN COVID BERJILID ITU SIH SAYA RASA DAN YAKIN 10000%.",https://x.com/tonojombang/status/1942484477231653035,0,0,0,6,NaN
432,moncherie94,2025-07-04T15:00:53.000Z,"Efek vaksin covid kah? Pengen berburuk sangka sih. Kalo sampai bener efek samping vaksin, semoga yg menciptakan virus covid, vaksin covid dan pemerintah2 di indonesia yg ikut ngewajibin vaksin bisa menanggung dosa2 orang yg meninggal",https://x.com/moncherie94/status/1941150227978920327,0,0,0,109,NaN
433,MrAudebert,2025-07-03T07:33:45.000Z,"ㅤ Sekon kemudian, proses vaksin telah selesai. Ia menyimpan bekas vaksin yang digunakan, kemudian kembali ke kursi kerjanya. ""Sudah selesai. Apakah sakit atau terasa efek samping apapun, Pak?"" tanyanya pada @MrGRavindra. ㅤ",https://x.com/MrAudebert/status/1940675313878614350,0,0,0,44,NaN
434,MiraninonLita,2025-07-03T06:14:39.000Z,"@grok gejala tidak cocok dengan efek samping vaksin ? Memangnya apa gejala yg dialami Trio ? Dan apa gejala efek samping Covishield  ? Berbedanya bagaimana? Jawab semua pertanyaan ini",https://x.com/MiraninonLita/status/1940655406688489692,0,0,0,49,NaN
435,satzchoochoo,2025-08-30T10:52:47.000Z,"Membuat banyak orang percaya bahwa suntikan eksperimental vaksin itu aman tanpa efek samping berbahaya mereka saja bisa, apalagi membuat kerusuhan sebuah negara saat demonstrasi dengan menguasai ekonomi dan memberi asupan dana. Hati2 teman2 yang sedang berdemo saling jaga.",https://x.com/satzchoochoo/status/1961743897580990934,0,0,0,43,NaN
436,satzchoochoo,2025-08-29T03:05:24.000Z,"Udah paling bener anggota DPR RI diem aja dulu wkwk masih aja merasa diri selalu benar dan tidak pernah ada kesalahan. Sama halnya dengan suntikan vaksin eksperimental paksa kemarin tidak merasa ada suatu kesalahan dan efek samping berbahaya. Hati2 lho pemerintah dan DPR.",https://x.com/satzchoochoo/status/1961263890576412744,0,0,0,30,NaN
437,cemitimas71,2025-08-28T04:35:24.000Z,"Jelas-jelas kandungan vaksin bisa dibaca di insert package yang ada di dalam kemasan ampul vaksin dari pabrik, apa sudah dibaca semua? Kalau sudah dibaca semua, apa sudah disearching apa efek samping setiap bahan yang ada di dalam vaksin?",https://x.com/cemitimas71/status/1960924151717462458,0,0,0,31,NaN
438,ultima_kawaii,2025-08-27T10:59:03.000Z,"1. Apakah yang bermasalah semua vaksin mRNA atau cuma pada kasus vaksin Covid-19?  2. Bagaimana vaksin menyebabkan efek samping tadi?  3. Bagian apa dari vaksin yang menyebabkan efek samping? Formulasi? Adjuvant? Antigen? Atau komponen lain dalam formulasi vaksin tadi",https://x.com/ultima_kawaii/status/1960658310895374467,0,0,0,40,NaN
439,ultima_kawaii,2025-08-27T10:59:02.000Z,"Beberapa isu hangat terkait vaksin diantaranya ada laporan vaksin covid-19 berbasis mRNA yang menyebabkan beberapa efek samping seperti thrombosis dan myocarditis. Sebelum langsung menjudge Klo vaksin mRNA ini ga aman, sebaiknya kita telaah perlahan lebih dulu",https://x.com/ultima_kawaii/status/1960658308282335648,0,0,0,45,NaN
440,bragazoel,2025-08-27T09:33:36.000Z,"Punya kekebalan alami, setiap makanan halal dimakan, Insyallah jadi filter atas efek samping semua makanan. Makanya di Islam ada makanan halalan thoyibah, itu sudah vaksin alami",https://x.com/bragazoel/status/1960636807189815675,0,0,0,17,NaN
441,ch4o5Myth,2025-08-27T08:49:07.000Z,"memangnya ada kasus efek samping serius vaksin di indonesia dimana dokter, kemenkes, menkes, BPOM, IDAI  tanggung jawab?  yang selalu digembar-gemborkan KOMNAS KIPI pun , efek negatif yang ringan2 aja, sambil koar2 aman!",https://x.com/ch4o5Myth/status/1960625614714757297,0,0,0,63,NaN
442,uhatuka,2025-08-27T08:42:12.000Z,"nih kalo mau bahas efek samping vaksin dan tidak. sudah jelas lebih besar angka tidak tapi kalian tutup mata soal itu.",https://x.com/uhatuka/status/1960623871792497000,0,0,0,32,NaN
443,uhatuka,2025-08-27T08:41:16.000Z,"saya tanya memangnya ada kasus efek samping vaksin di indonesia yang dimana dokter lepas tanggung jawab setelah memberikan? kamu sendiri tau KIPI gak? semua juga ada efek sampingnya. mau divaksin apa tidak. salah efek samping yaitu KIPI dan gak semua anak bisa dapet",https://x.com/uhatuka/status/1960623636420739303,0,0,0,31,NaN
444,AtomicData1,2025-08-27T00:40:37.000Z,"Dari 4 jenis vaksin, semuanya pasti ada resikonya alias ada efek samping yg diterima.  Coba ada ga kandungan vaksin yg disebarkan ke publik itu apa saja?",https://x.com/AtomicData1/status/1960502676279713867,0,0,0,1,NaN
445,SumandoGaek,2025-08-26T16:45:56.000Z,"Selama ini apakah ada tanggung jawab pemerintah yg transparan soal efek samping vaksin?  Jika ayah dari anaknya tak menyetujui dipastikan dia punya alasan kuat. Lagi pula vaksinasi itu pilihan bukan paksaan. Semua pilihan pasti ada resiko.",https://x.com/SumandoGaek/status/1960383219041472754,0,0,0,575,NaN
446,illugea,2025-08-26T14:51:54.000Z,"Kakak aku juga takut dan gak mau anaknya divaksin. Dia kemakan sama konten2 diluar sana tentang efek samping vaksin, yang tentu aja pembahasannya dibuat menakutkan.  Padahal udah ku jelasin sedemikian rupa tapi dia lebih percaya sama konten2 itu daripada adiknya yang apoteker",https://x.com/illugea/status/1960354522175291732,0,0,0,360,NaN
447,afrkml,2025-08-26T14:44:46.000Z,"Mau mainan angka?  Efek samping vaksin serius (misal reaksi alergi berat) biasanya <1 per 1 juta dosis.  Risiko kematian akibat campak bisa 1–3 per 1.000 kasus.  Sementara kasus di Sumenep, 2000 anak kena, & 16 di antaranya meninggal.  Alih2 3:1000, rasionya jadi 8 per 1000!!!",https://x.com/afrkml/status/1960352725834829999,0,0,0,2,NaN
448,afrkml,2025-08-26T14:41:53.000Z,"Kenapa ya argumentasi antivaks selalu berkutat soal dipaksa & efek samping?  Kita ga denial setiap intervensi medis punya efek samping, obat jg gitu, vaksin pun iya.  Tapi, risiko efek samping vaksin JAUH LEBIH KECIL dibanding risiko meninggal akibat penyakit krn ga divaksin",https://x.com/afrkml/status/1960352001503764880,0,0,0,10,NaN
449,whinnnzzz,2025-08-26T14:16:03.000Z,"Kemungkinan efek samping berat pasca vaksin perbandingannya 1: 1.000.000  Kemungkinan meninggal anak yg tidak divaksin lalu kena campak adlh 1:1.000.   Sementara di sumenep sudah 17 anak meninggal dr ribuan kasus, dmn 16 di antaranya ga divaksin.",https://x.com/whinnnzzz/status/1960345500798062893,0,0,0,7,NaN
450,virsie_levy,2025-09-29T12:15:33.000Z,"Layaknya baca berita pejabat memuja muji vaksin Covid Bill Gates saat banyak berita vaksin tsb tak punya efek samping dahsyat.",https://x.com/virsie_levy/status/1972636364220117364,0,0,0,51,NaN
451,MrAudebert,2025-09-29T08:11:36.000Z,"⠀ Selesai dengan proses sebelumnya, ia melepaskan capitan dan mengaplikasikan sisa vaksin pada bagian lainnya. Usai melakukan vaksinasi, ia bergerak kembali ke kursi dan menatap @blowinflag. “Sudah selesai, apakah sakit? Atau ada efek samping yang terasa?” tanyanya. ⠀",https://x.com/MrAudebert/status/1972574970221056283,0,0,0,75,NaN
452,rozthka_,2025-09-26T15:23:34.000Z,"plis kenapa ya orang tua egois bgt... iya sih tau efek samping vaksin tuh kadang beragam, tapi kan itu buat kesehatan anak-anak mereka di masa depan  please orang tua lebih cerdas yuk bisa yukk",https://x.com/rozthka_/status/1971596517543989310,0,0,0,56,NaN
453,ch4o5Myth,2025-09-26T03:15:40.000Z,"bisa juga diartikan  MBG & VAKSIN itu sama! (sama2 keluar dari mulut Pemerintah yg super CORRUPT) Tapi diperlakukan berbeda! (perlakuan efek samping yang ditimbulkan)",https://x.com/ch4o5Myth/status/1971413332507934858,0,0,0,187,NaN
454,shafiraoo,2025-09-25T23:32:58.000Z,"Ibu muda yg sedang hamil saturasi <85%dtg masih sadar. Besok nya meninggal secepat itu, guru2 saya pd meninggal . Nakes pada meninggal. Tanya org2 yg survive dari covid yg berat. Mereka biasanya punya sisa efek samping dari covid. Jd pilihannya wkt itu vaksin atau kena covid.",https://x.com/shafiraoo/status/1971357291439169622,0,0,0,83,NaN
455,MrAudebert,2025-09-24T07:25:38.000Z,"⠀ Ia melanjutkan kegiatannya setelah melepaskan capitan, dan menyemprotkan sisa dosis vaksin secara menyeluruh. “Sudah selesai. Apakah ada sakit yang terasa atau efek samping setelah vaksin dilakukan?” tanyanya disertai sorotan kepada @wandxerlust. ⠀",https://x.com/MrAudebert/status/1970751465255006510,0,0,0,46,NaN
456,ProfsStorm,2025-09-23T11:12:02.000Z,"⠀⠀⠀  Begitu cairan vaksin sepenuhnya habis, lekas ia tarik botol untuk diamankan ke tempat sampah. Kuasanya menarik selembar tisu untuk diberikan pada @errorveil, ""Vaksinnya sudah selesai. Jika ada efek samping mual, demam dan sebagainya, tolong hubungi kami."" ⠀⠀⠀",https://x.com/ProfsStorm/status/1970446050327699550,0,0,0,63,NaN
457,lipetancelana,2025-09-22T11:41:57.000Z,"Pastinya selalu bisa dikritisi, dengan harapan minimalisir efek samping dan tingkatkan manfaat.  Tapi kalau pilihannya vaksin atau tidak vaksin itu justru perspektif yg salah. Sama halnya kaya obat, selalu ada efek samping tapi bukan berarti kita tidak menggunakan obat.",https://x.com/lipetancelana/status/1970091193355862235,0,0,0,117,NaN
458,kayaamanojaku,2025-09-22T06:08:58.000Z,"Kucingku tiga-tiganya abis vaksin rabies minggu lalu, tapi gak keliatan efek samping apa-apa so far. Cuma abis vaksin tidur lelap aja mereka. Bangun-bangun pada lincah lagi.",https://x.com/kayaamanojaku/status/1970007392944550159,0,0,0,155,NaN
459,kejutanpasusu,2025-09-22T04:01:53.000Z,"Kucingku minggu kemaren baru vaksin rabies. Aku perhatiin sampe seminggu sih ga ada efek samping apa2. Ga demam, ga muntah, makan minum oke. Cuma abis pulang vaksin, dia tidur seharian kayak ga mood. Kayaknya sih bete karena ketemu banyak orang dan ganggu waktu tidur dia",https://x.com/kejutanpasusu/status/1969975411712090129,0,0,0,43,NaN
460,MiraninonLita,2025-09-18T23:10:48.000Z,"@grok Ada laporan AEFI (efek samping), termasuk 1 kematian dalam studi yang dinilai tidak terkait vaksin ?  1 kematian ? Bayi umur berapa yg meninggal ?  Dalam uji phase 3 atau phase 2 ? dalam kelompok umur bayi yg direkrut  >6 minggu atau  >18 minggu ?",https://x.com/MiraninonLita/status/1968814996235735151,0,0,0,34,NaN
461,MiraninonLita,2025-09-17T00:54:09.000Z,"@grok UJI KLINIS FASE III sudah dilakukan di Gambia ?  Tapi,  BAYI USIA 0 - 5 MINGGU tidak diikutsertakan dalam uji klinis phase 3 vaksin tetes Polio nOPV2 kan",https://x.com/MiraninonLita/status/1968116229966807088,0,0,0,109,NaN
462,Stue_too,2025-09-17T00:54:08.000Z,"Setelah pakai vaksin jenis mRNA ini, efek samping nyeri sendi, mirip rematik, di sendi lutut dan lengan saat lagi flu/pilek, plus gejalanya jg muncul saat konsumsi kacang-kacangan. Sebelumnya gk pernah mengalami ini. Ternyata... oh ini...",https://x.com/Stue_too/status/1968116225093013837,0,0,0,91,NaN
463,UHumaimah,2025-09-16T11:10:57.000Z,"Sama pas vaksin dulu, anak wajib vaksin tapi ortu disuruh ttd tidak boleh menuntut kalau ada efek samping,  Sampai ribut di sekolah nya dulu",https://x.com/UHumaimah/status/1967909063616073747,0,0,0,159,NaN
464,La_Manggilaa,2025-09-12T13:01:58.000Z,"Rusia mengumumkan keberhasilan uji klinis vaksin kanker berbasis mRNA bernama Enteromix. Vaksin ini dirancang untuk melatih sistem imun mengenali dan menghancurkan sel kanker. Uji praklinis menunjukkan hasil menjanjikan, dgn pengecilan tumor hingga 60-80 persen tanpa efek samping",https://x.com/La_Manggilaa/status/1966487449322082344,0,0,0,64,NaN
465,mariobr75400661,2025-09-11T11:55:58.000Z,"Mjb kak.. di sekolah anakku besok juga mau ada vaksin kanker serviks ini. Baru ada pemberitahuan di grup tapi blm ada info lebih. Mungkin kakak tau, ada efek samping gak ya?",https://x.com/mariobr75400661/status/1966108451547046389,0,0,0,49,NaN
466,ellguma,2025-10-30T13:31:39.000Z,"Tolol karena pertama kali jd ibu ya gapapa tapi setidaknya tolabul ilmi ke tempat yg tepat. Belum pernah gue nemu dokter yang menganjurkan anak-anak biat ga vaksin.  Masa gegara nonton video efek samping vaksin di sosmed jd memutuskan antivaksin. Haduh pengen gue kepret",https://x.com/ellguma/status/1983889539799335126,0,0,0,27,NaN
467,AymanAlatas,2025-10-27T02:04:33.000Z,"Makin banyak aja yang anti vaksin, cuma mau bilang ini perkiraan pake riset ga cuma “katanya”, angka kematian bayi turun 40% karena adanya vaksin.  Namanya efek samping ya wajar ada, kita minum kopi aja bisa ada efek samping tapi ingat manfaatnya lebih besar, dari pada terus",https://x.com/AymanAlatas/status/1982629462299840646,0,0,0,21,NaN
468,NurRohi03920969,2025-10-21T17:52:14.000Z,"Riset soal efek samping vaksin Pfizer picu hepatitis dipublikasikan melalui Journal of Hepatology pada 21 April 2022 lalu. Ini bagaimana kelanjutannya?...",https://x.com/NurRohi03920969/status/1980693623776977051,0,0,0,51,NaN
469,ngekaoo98_owei,2025-10-07T02:57:15.000Z,"min, minta info A1 dong.. pak @jokowi sakit apa sih ? efek samping jangka panjang vaksin covid kah ? soalny sy baca2 bikin badan lelah a.k.a metabolisme jd turun, jd gampang kena penyakit & jadinya recoery agak lama (persentase efeknya sbagian kcil org)  gk mw suuzon, tp curious.",https://x.com/ngekaoo98_owei/status/1975394963602174370,0,0,0,140,NaN
470,rahmat3prawira,2025-10-04T16:44:49.000Z,"Tapi ternyata penelitian yg dilakukan Andrew Wakefield ini punya beberapa konflik kepentingan.   Pertama, dia disewa sebagai konsultan oleh seorang pengacara yg ingin mengajukan gugatan ganti rugi akibat efek samping dari vaksin.",https://x.com/rahmat3prawira/status/1974516065112863196,0,0,0,22,NaN
471,disisourpage,2025-10-01T08:12:07.000Z,"kata dokternya efek samping vaksin bisa bikin nafsu makan turun. dok... ini anak saya tetep gragas  udah dikasih creamy treats, dry food, dan ikan rebus tapi masih gangguin mbabu makan ayam goreng",https://x.com/disisourpage/status/1973299875132612792,0,0,0,31,NaN
472,kittenclaay,2025-11-29T13:23:53.000Z,"vaksin COVID punya efek samping, tapi dari awal WHO gak pernah bilang ""zero side effects"" yang mereka bilang adalah manfaat jauh lebih besar daripada risikonya. itu standar semua pengobatan dari parasetamol sampai operasi. efek samping bukan berarti penelitiannya salah",https://x.com/kittenclaay/status/1994759221464993849,0,0,0,158,NaN
473,stafsusthe2,2025-11-29T13:21:07.000Z,"Dulu who juga bilang ngga ada efek samping dari vaksin covid  Belakangan kan ketahuan dan perusahaan Farmasi nya mengakui  Sains ngga menyesuaikan ideologi? Noh Studi gender buktinya  Goblog",https://x.com/stafsusthe2/status/1994758524778463634,0,0,0,279,NaN
474,stafsusthe2,2025-11-29T13:20:52.000Z,"Dulu who juga bilang ngga ada efek samping dari vaksin covid  Belakangan kan ketahuan dan perusahaan Farmasi nya mengakui  Sains ngga menyesuaikan ideologi? Noh Studi gender buktinya  Goblog",https://x.com/stafsusthe2/status/1994758460492452253,0,0,0,63,NaN
475,satzoutboy,2025-11-29T02:47:01.000Z,"Duit emang banyak dapat dari tambang tapi banyak juga efek sampingnya dari tambang, sama halnya suntikan vaksin. Semua ada efek depan dan efek samping. Risk and benefit. Silakan pilih.",https://x.com/satzoutboy/status/1994598949026762975,0,0,0,50,NaN
476,dolceir,2025-11-28T09:28:00.000Z,"ㅤ “semoga sisa harinya berjalan menyenangkan! izin pamit kalau begitu,” tutupnya dengan melambaikan tangan.  keluar dari ruangan healer, ia duduk sejenak di ruang tunggu. desirée akan kembali ke kastel setelah ia benar-benar yakin tidak ada efek samping setelah vaksin. ㅤ",https://x.com/dolceir/status/1994337469144121564,0,0,0,55,NaN
477,caknawii,2025-11-26T23:56:14.000Z,"Sudah dijelaskan oleh dokter di luar negeri itu penyebabnya efek samping vaksin kopit, tanya diri kalian sendiri sejak divaksin apa lebih sehat atau jadi mudah sakit, yg paling ringan tuh jadi gatel gatel biduran",https://x.com/caknawii/status/1993831193616502836,0,0,0,594,NaN
478,alterrr__,2025-11-26T15:28:03.000Z,"hi, thanku for asking aku sangat minta maaf karena aku belum research lebih dalam tentang efek samping mengkonsumsi prep tetapi as i know itu bisa kena kidney. tapiiii menurut ku it will not be forever manifest vaksin untuk hiv bisa ditemukan maybe 3-10 years ya!",https://x.com/alterrr__/status/1993703305294586082,0,0,0,53,NaN
479,nin_hychan,2025-11-22T04:23:16.000Z,"Iya bisa sembuh koq sekitar 3-7 Hari gtu biasanya.  Tapi rata-rata begitu pasti ngalamin anak. Dan efek samping tiap vaksin beda-beda tergantung jenis virusnya apa.",https://x.com/nin_hychan/status/1992086452826779930,0,0,0,36,NaN
480,teehpoocii,2025-11-21T09:29:02.000Z,"Wajib imunisasi lengkap dan tepat waktu. Efek samping demam itu wajar ada reaksi vaksin ditubuh",https://x.com/teehpoocii/status/1991801016275308564,0,0,0,224,NaN
481,daripadasaya,2025-11-21T09:22:16.000Z,"gpp anaknya gk vaksin , tp tolong anaknya diisolasikan dr anak lain krn anak ibu lebih rentan terkena penyakit dan bisa jd menularkan penyakit ke anak lain yg divaksin . divaksin itu bukan gk bisa sakit ya cm meringankan efek samping dr penyakitnya",https://x.com/daripadasaya/status/1991799313111167118,3,5,67,9,NaN
482,cirlland,2025-11-20T07:10:00.000Z,"Yg namanya vaksin ya pasti ada efek samping gak ada yg sempurna buatan manusia apalagi dibikin di kondisi darurat karena lumrah nya penelitian vaksin itu 5 tahunan.  Gw jg pake Astra gabung Moderna, sehat2 sampe skrg",https://x.com/cirlland/status/1991403637344780374,0,0,0,27,NaN
483,haibundacom,2025-11-19T04:45:33.000Z,"Fakta Vaksin RSV pada Ibu Hamil: Dosis, Efek Samping, dan Manfaat untuk Bayi Baru Lahir",https://x.com/haibundacom/status/1991004897026978075,0,0,0,29,NaN
484,Adv_ERAT,2025-11-19T02:16:47.000Z,"Mereka yang divaksinasi akan mati karena kanker turbo dan penyakit terkait VAIDS turbo, serta daftar panjang penyakit mengerikan yang dikenal sebagai efek samping vaksin COVID.  CC: Presiden R.I. Bapak @prabowo @dharmapongrekun @pongrekundharma @dpbicarafakta @Dharma_bicara",https://x.com/Adv_ERAT/status/1990967459659346355,0,0,0,81,NaN
485,thrisyaxfa,2025-11-17T10:26:12.000Z,"Emg yaa drama efek samping stlh vaksin anak ini belajar makin menguatkan mental ibunya",https://x.com/thrisyaxfa/status/1990365848838738277,0,0,0,56,NaN
486,nurfajar_banser,2025-11-12T03:42:19.000Z,"Efek samping vaksin covid menyebabkan gangguan pada jantung",https://x.com/nurfajar_banser/status/1988452270879715340,0,0,0,1,NaN
487,bungajamba40673,2025-11-04T18:25:48.000Z,"udah dari dlu dan ngakak nya orang2 masih ga percaya. lebih bagus ga percaya sih biar banyak yg mati. kayak jaman covid, ga percaya efek samping vaksin akhirnya bgtu banyak yg mati baru ngaku kalau punya efek pembekuan darah  skrg ga percaya chemtrail bagus",https://x.com/bungajamba40673/status/1985775501357826079,0,0,0,84,NaN
488,medishinee_,2025-12-26T15:33:43.000Z,"Jadi pengen vaksin influenza. Bagus gak sih? Arau cukup vitamin aja? Trus +-nya apa? Kalau dari efektifitas dan efek samping aku kureng tau yaa.. tapi kalau segi D U W I T lebih oke vaksin drpd blcmrs",https://x.com/medishinee_/status/2004576364306092062,0,0,0,70,NaN
489,miawmiawmiawwsa,2025-12-26T12:32:44.000Z,"kak, mau tanya deh. aku juga habis di vaksin sama merk ini. efek samping nya apa aja selama 4 kali dosis?",https://x.com/miawmiawmiawwsa/status/2004530819755573746,0,0,0,26,NaN
490,dewi_shilla,2025-12-21T05:56:09.000Z,"Abis vaksin influenza kok agak demam dikit ya? Kemaren kata dokternya selama ini gak ada efek samping yg sampai sakit, paling pegel2 dikit. Ini agak2nya demam dikit tp gak yg tepar bgt, emang pegel2 rasanya",https://x.com/dewi_shilla/status/2002619078729740420,0,0,0,52,NaN
491,tortillatte,2025-12-18T13:34:45.000Z,"Di barat lagi gencer-gencernya yg kontra dan berita ttg efek samping vaksin, imunisasi, dsb. Di sini kok sepi ya. Sempet nyampe juga berita ttg varian vaksin covid tp langsung gak rame aja.",https://x.com/tortillatte/status/2001647323856932903,0,0,0,44,NaN
492,dearluchen,2025-12-13T11:14:42.000Z,"34 jam sejak disuntik m̶̶a̶̶t̶̶i̶ vaksin influenza, ternyata tida ada efek samping yang gimana-gimana di aku . . . ‍ cuma sakit di bagian yang disuntik aja pas bangun tidur tadi pagi  kesimpulan: tidak semenyeramkan yang aku baca di internet",https://x.com/dearluchen/status/1999800138777444806,0,0,0,160,NaN
493,Sehunaaohh12,2025-12-10T00:06:16.000Z,"sama terakhir saya vaksin ke terakhir jga pfizer kalo gak salah efek samping jga vertigo, tapi gak ada riwayat aneh aneh sebelumnya. setelah vaksin malah banyk sakitnya",https://x.com/Sehunaaohh12/status/1998544758197907614,0,0,0,3,NaN
494,PastiNgibul,2025-12-02T11:59:40.000Z,"saat kopet di USA, negara bagian berhak menolak mandat vaksin, setelah diketahui efek samping fucksin kopet. Goooobloook jangan dipiara bong...bong",https://x.com/PastiNgibul/status/1995825188769071613,0,0,0,218,NaN
495,rsislambontang,2025-01-30T01:34:22.000Z,"Layanan Imunisasi/ Vaksinasi Anak Poli KIA RS Islam Bontang  Melayani Vaksinasi :  Bacillus Calmette-Guerin (BCG) Polio Oral (OPV) DPT-HB-Hib Polio Injeksi (IPV) Pneumococcal Conjugate Vaccine (PCV) Rotavirus Measles/ Campak Rubella (MR)",https://x.com/rsislambontang/status/1884777142644531573,0,0,0,101,NaN
496,XHIndonesia,2025-01-28T07:18:41.000Z,"Afghanistan memulai kampanye vaksinasi pertamanya pada 2025, menargetkan lebih dari 6 juta anak di bawah usia lima tahun (balita) untuk melindungi mereka dari virus polio, seperti dilaporkan Kementerian Kesehatan Masyarakat Afghanistan. Selengkapnya https://facebook.com/watch/?v=1337817177132594…",https://x.com/XHIndonesia/status/1884139016595071466,0,0,0,54,NaN
497,inikamindonesia,2025-01-27T15:16:50.000Z,"Aplikasi kesehatan masyarakat SATUSEHAT Mobile menawarkan berbagai fitur unggulan seperti akses sertifikat imunisasi anak, vaksinasi non-COVID-19, pencatatan informasi kesehatan pribadi, hingga resume rekam medis.  https://nawabineka.com/satusehat-mobile-sulit-diakses-begini-solusinya/…",https://x.com/inikamindonesia/status/1883896957363761242,0,0,0,88,NaN
498,hypevox_id,2025-01-27T15:16:44.000Z,"Aplikasi kesehatan masyarakat SATUSEHAT Mobile menawarkan berbagai fitur unggulan seperti akses sertifikat imunisasi anak, vaksinasi non-COVID-19, pencatatan informasi kesehatan pribadi, hingga resume rekam medis.  https://nawabineka.com/satusehat-mobile-sulit-diakses-begini-solusinya/…",https://x.com/hypevox_id/status/1883896932734849224,0,0,0,72,NaN
499,dreamslanguage_,2025-01-26T23:48:12.000Z,"Manfaat Kesihatan Anak-anak di Jepun layak menerima pemeriksaan kesihatan percuma dan vaksinasi. Kerajaan juga menyediakan insurans kesihatan nasional yang meliputi sebahagian besar kos perubatan untuk kanak-kanak",https://x.com/dreamslanguage_/status/1883663257858417111,0,0,0,27,NaN
500,rmol_id,2025-01-25T01:45:09.000Z,"Trump Hentikan Bantuan untuk Ukraina, Proyek Sekolah dan Vaksinasi Anak Dibekukan",https://x.com/rmol_id/status/1882967914409873703,0,0,0,432,NaN
501,geloraco,2025-01-25T01:09:50.000Z,"Trump Hentikan Bantuan untuk Ukraina, Proyek Sekolah dan Vaksinasi Anak Dibekukan",https://x.com/geloraco/status/1882959027384304065,0,0,0,713,NaN
502,nanang1984,2025-01-22T05:10:13.000Z,"Kota Kediri Targetkan Vaksinasi HPV untuk 3.114 Anak Perempuan https://beritajatim.com/kota-kediri-targetkan-vaksinasi-hpv-untuk-3-114-anak-perempuan…",https://x.com/nanang1984/status/1881932357495824495,0,0,0,16,NaN
503,blitaristekno,2025-01-21T04:47:40.000Z,"Regent of Kediri City Reviews Expansion of HPV Vaccination for Girls Aged 15 Years  https://detiktimes.com/2025/01/21/pj-wali-kota-kediri-tinjau-perluasan-vaksinasi-hpv-untuk-anak-perempuan-usia-15-tahun/… via @detiktimescom  https://detiktimes.com/2025/01/21/pj-wali-kota-kediri-tinjau-perluasan-vaksinasi-hpv-untuk-anak-perempuan-usia-15-tahun/…",https://x.com/blitaristekno/status/1881564297295507747,0,0,0,13,NaN
504,kompasmuda,2025-01-21T04:04:46.000Z,"Siapa tak mengetahui cacar air? Sebagian besar orang pasti tahu jenis penyakit ini dan pernah mengalaminya, terutama saat masih anak-anak. #GayaHidup #AdadiKompas",https://x.com/kompasmuda/status/1881553499399279049,0,0,0,91,NaN
505,hariankompas,2025-01-21T03:46:23.000Z,"Siapa tak mengetahui cacar air? Sebagian besar orang pasti tahu jenis penyakit ini dan pernah mengalaminya, terutama saat masih anak-anak. #GayaHidup #AdadiKompas",https://x.com/hariankompas/status/1881548872029253931,0,0,0,359,NaN
506,bedugtengahawan,2025-01-19T00:27:41.000Z,"Hormat Jendral @prabowo President NKRI Mohon tinjau kembali jadwal vaksinasi HPV anak anak, bahaya vaksinasi HPV lebih bahaya daripada HPV itu sendiri. @DokterRasuna @dokter_kampung @DokterTifa @susilorinidr97 @susipudjiastuti @AzzamIzzulhaq @BangEdiii @Boediantar4",https://x.com/bedugtengahawan/status/1880774093278237175,0,0,0,50,NaN
507,bedugtengahawan,2025-01-19T00:23:44.000Z,"Hormat Jendral @prabowo President NKRI Mohon pertimbangkan kembali jadwal vaksinasi anak anak, sebab bahaya ada didalam vaksinasi. @DokterRasuna @dokter_kampung @DokterTifa @susilorinidr97 @susipudjiastuti @AzzamIzzulhaq @BangEdiii @Boediantar4",https://x.com/bedugtengahawan/status/1880773097344946557,0,0,0,31,NaN
508,dian_arifiya,2025-01-17T18:58:16.000Z,"Benar sekali! Donasi sangat berperan penting dalam mendukung misi UNICEF. Setiap kontribusi membantu UNICEF menyediakan kebutuhan dasar bagi anak-anak, seperti makanan, air bersih, vaksinasi, dan pendidikan. Donasi juga memungkinkan UNICEF untuk memberikan bantuan darurat saat",https://x.com/dian_arifiya/status/1880328805698671021,0,0,0,66,NaN
509,dian_arifiya,2025-01-17T18:54:30.000Z,"Benar banget! UNICEF memiliki peran yang sangat penting untuk dunia, terutama dalam melindungi dan memperjuangkan hak-hak anak-anak. Mereka bekerja di lebih dari 190 negara, memberikan bantuan kemanusiaan, akses pendidikan, vaksinasi, dan perlindungan bagi anak-anak yang",https://x.com/dian_arifiya/status/1880327858691989880,0,0,0,14,NaN
510,tb_siswadi,2025-01-17T09:41:45.000Z,"Pencegahan Tetanus:  1. Vaksinasi Rutin: Vaksin tetanus biasanya diberikan dalam imunisasi DTP pada anak-anak dan booster setiap 10 tahun.  2. Perawatan Luka yang Baik: Selalu bersihkan luka, sekecil apa pun, untuk mencegah infeksi.  3. Hindari Luka yang Tidak Perlu: Gunakan",https://x.com/tb_siswadi/status/1880188753165324656,0,0,0,264,NaN
511,dian_arifiya,2025-01-17T06:22:02.000Z,"Peran UNICEF dalam Memberantas Polio: Sebuah Kisah Sukses  UNICEF telah menjadi salah satu aktor utama dalam memberantas polio melalui program vaksinasi massal. Bersama mitra global seperti WHO, UNICEF berhasil memberikan vaksin polio kepada jutaan anak setiap tahunnya, bahkan di",https://x.com/dian_arifiya/status/1880138492300390657,0,0,0,1,NaN
512,mtsn7malang,2025-01-17T03:44:01.000Z,"Terima kasih kepada tenaga medis yang profesional dan ramah dalam mendampingi siswa selama proses vaksinasi. Edukasi dan tindakan pencegahan seperti ini adalah bentuk kepedulian terhadap masa depan anak bangsa. Bersama, kita wujudkan generasi sehat, cerdas, dan berdaya saing!",https://x.com/mtsn7malang/status/1880098725978370182,0,0,0,13,NaN
513,simnembakaja,2025-02-26T12:20:32.000Z,"masih inget pas ada vaksinasi masal disekolah, dia peluk anak-anak yang takut jarum suntik",https://x.com/simnembakaja/status/1894724225111626183,0,0,0,26,NaN
514,XHIndonesia,2025-02-26T05:29:58.000Z,"Potret Timur Tengah: Dalam 2 hari, vaksinasi polio di Gaza jangkau 454.000 lebih anak http://tiny.cc/k0cb001",https://x.com/XHIndonesia/status/1894620901918085174,0,0,0,21,NaN
515,antaranews,2025-02-26T02:36:53.000Z,"UNRWA pada Senin (24/2) mengatakan bahwa pihaknya telah memberikan vaksin pencegahan virus polio kepada lebih dari 454.000 anak di Jalur Gaza dalam dua hari terakhir. https://m.antaranews.com/berita/4674169/dalam-2-hari-vaksinasi-polio-di-gaza-jangkau-454000-anak?utm_source=antaranews&utm_medium=mobile&utm_campaign=latest_category…",https://x.com/antaranews/status/1894577346633765048,0,0,0,308,NaN
516,MiraninonLita,2025-02-25T12:51:28.000Z,"12 SEPTEMBER 2017 !!!   ... HAMPIR 650 ANAK PEREMPUAN MEMERLUKAN PENANGANAN MEDIS/INTERVENSI MEDIS SETELAH VAKSINASI HPV !!! ....  1.099 LAPORAN REAKSI KIPI VAKSIN   HPV !!!  /   Almost 650 girls needed medical intervention after HPV vaccine.",https://x.com/MiraninonLita/status/1894369622327271705,0,0,0,515,NaN
517,uwunot4u,2025-02-24T04:43:26.000Z,"Pencegahan utama adalah vaksinasi! Vaksin Hepatitis A sangat efektif dan direkomendasikan untuk anak-anak, pelancong ke daerah berisiko, serta pekerja di industri makanan.",https://x.com/uwunot4u/status/1893884417568833996,0,0,0,1,NaN
518,Gege_XiaYizhou,2025-02-23T12:07:05.000Z,"Halo kak untuk anak klw vaksinasi lengkap insyaallah terlindungi untuk Hepatitis B yg menular lewat darah dan cairan tubuh ya kak   Dpt vaksin Hb 0 saat bayi dan posyandu yaitu vaksin pentabio atau DPT-Hb-Hib yg disuntik di paha (biasanya bikin demam).",https://x.com/Gege_XiaYizhou/status/1893633678036566057,0,1,29,7,NaN
519,NasionalBerita_,2025-02-23T07:40:00.000Z,"Polio Vaccination in Gaza, WHO: Gaza Children Must Receive Optimal Protection  #who #minggu #vaksinasi #vaksinpolio #polio #gaza #palestine #imunisasi #beritanasional  https://beritanasional.com/detail/95819/vaksinasi-polio-di-gaza-who-anak-anak-gaza-harus-dapatkan-perlindungan-optimal…",https://x.com/NasionalBerita_/status/1893566463732260973,0,0,0,11,NaN
520,webelshinta,2025-02-23T07:04:11.000Z,"Gaza luncurkan kampanye vaksinasi polio menargetkan 600 ribu anak https://elshinta.com/news/364097/2025/02/23/gaza-luncurkan-kampanye-vaksinasi-polio-menargetkan-600-ribu-anak…",https://x.com/webelshinta/status/1893557449942282748,0,0,0,16,NaN
521,anniculll,2025-02-23T05:27:02.000Z,"di sini jg dijelasin praktik2nya.. mungkin kita bisa bilang “golden age” pada anak kali ya.. termasuk pemeriksaan kesehatan sblm menikah, stlh dan saat hamil, ASI, vaksinasi, gizi, aktivitas fisik.   trs ada stimulasi dan cara sosialisasi *gambar dr sumber yg berbeda*",https://x.com/anniculll/status/1893533003768316209,0,0,0,237,NaN
522,e100ss,2025-02-23T03:05:01.000Z,"Gaza Luncurkan Kampanye Vaksinasi Polio, Targetkan 600 Ribu Anak https://suarasurabaya.net/kelanakota/2025/gaza-luncurkan-kampanye-vaksinasi-polio-targetkan-600-ribu-anak/…",https://x.com/e100ss/status/1893497261751181605,0,0,0,1,NaN
523,themomlearner,2025-02-21T08:46:08.000Z,"Contoh karakteristik silky mom ini..  - cenderung lebih suka melahirkan di rumah sakit, lebih terbuka terhadap pemberian susu formula, terbuka dengan vaksinasi terjadwal (ngikutin kata dokter) - fleksibel, nggak terlalu peduli dengan waktu bermain gawai untuk anak-anak mereka dan",https://x.com/themomlearner/status/1892858330588312040,0,0,0,835,NaN
524,rspondokindah,2025-02-20T11:11:59.000Z,"Baik dewasa maupun anak-anak, vaksinasi HPV itu sama pentingnya, lho.  Tujuannya untuk perlindungan dari paparan HPV (Human Papillomavirus) yang menyebabkan kutil kelamin, kanker serviks pada wanita & kanker penis pada pria.  Cek gambar berikut untuk penjelasan lengkapnya!",https://x.com/rspondokindah/status/1892532646133018815,0,0,0,6,NaN
525,aula_media,2025-02-20T06:31:24.000Z,"WHO dan UNICEF Gelar Vaksinasi Massal di Gaza  20 Februari 2025   https://aulanews.id/who-dan-unicef-gelar-vaksinasi-massal-di-gaza-lindungi-591-000-anak-dari-ancaman-polio/…",https://x.com/aula_media/status/1892462036149555689,0,0,0,7,NaN
526,aula_media,2025-02-20T06:27:32.000Z,"WHO dan UNICEF Gelar Vaksinasi Massal di Gaza: Lindungi 591.000 Anak dari Ancaman Polio  20 Februari 2025   https://aulanews.id/who-dan-unicef-gelar-vaksinasi-massal-di-gaza-lindungi-591-000-anak-dari-ancaman-polio/…",https://x.com/aula_media/status/1892461063402377638,0,0,0,7,NaN
527,aula_media,2025-02-20T06:27:21.000Z,"WHO dan UNICEF Gelar Vaksinasi Massal di Gaza: Lindungi 591.000 Anak dari Ancaman Polio  20 Februari 2025   https://aulanews.id/who-dan-unicef-gelar-vaksinasi-massal-di-gaza-lindungi-591-000-anak-dari-ancaman-polio/…",https://x.com/aula_media/status/1892461015906025900,0,0,0,4,NaN
528,TvPertiwi,2025-02-20T04:31:06.000Z,"Pertubuhan Kesihatan Sedunia (WHO) akan meneruskan vaksinasi polio di Gaza dengan menyasarkan lebih 590,000 kanak-kanak di wilayah itu.     Berita penuh: https://tvpertiwi.com/2025/02/20/who-sambung-vaksin-polio-sasar-590000-anak-gaza/…  #Gaza #WHO #polio #Israel #kanakkanak #vaksin",https://x.com/TvPertiwi/status/1892431762556588115,0,0,0,24,NaN
529,rsislambontang,2025-02-20T02:31:09.000Z,"Layanan Imunisasi/ Vaksinasi Anak Poli KIA RS Islam Bontang  Melayani Vaksinasi :  Polio Oral (OPV) DPT-HB-Hib Polio Injeksi (IPV) Pneumococcal Conjugate Vaccine (PCV) Rotavirus",https://x.com/rsislambontang/status/1892401575584550935,0,0,0,42,NaN
530,MiraninonLita,2025-02-19T01:26:18.000Z,"RFK Jr : ""GARDASIL, mungkin merupakan VAKSIN MASSAL TERBURUK yg pernah kita lihat. Vaksin ini menargetkan jutaan anak praremaja dan remaja yg risiko kematian akibat kanker serviksnya NOL.""  Namun, vaksin ini masuk dalam jadwal vaksinasi utk perempuan muda",https://x.com/MiraninonLita/status/1892022868168368625,0,0,0,93,NaN
531,daddyyuki,2025-03-29T07:37:30.000Z,"Di Jepang mulai bermunculan iklan Asuransi Kangker untuk anak².  What jaman dulu tidak ada anak kecil menderita kangker...tapi setelah Vaksinasi di gencarkan jumlah penderita kangker bertambah banyak. bahkan anak usia 2 tahun kena kangker darah  https://youtu.be/q4kEI-U8L1Y?si=iU8U7Kh0m1qG5Cps…",https://x.com/daddyyuki/status/1905887021715120460,0,0,0,366,NaN
532,buseronline2022,2025-03-27T10:39:20.000Z,"103.962 Anak di Sumut Belum Imunisasi, Pemprov dan UNICEF Percepat Cakupan Vaksinasi https://buseronline.com/2025/03/27/103-962-anak-di-sumut-belum-imunisasi-pemprov-dan-unicef-percepat-cakupan-vaksinasi/… lewat @Buser Online",https://x.com/buseronline2022/status/1905208005387510248,0,0,0,5,NaN
533,Alonesiacom,2025-03-26T04:20:04.000Z,"Sejarah Baru, Anak Yaman Pertama Terima Sertifikat Vaksinasi Digital di China",https://x.com/Alonesiacom/status/1904750171944346097,0,0,0,6,NaN
534,Kilas_berita_,2025-03-24T02:32:32.000Z,"Bill Gates Peringatkan Trump untuk Tak Pangkas Anggaran Vaksinasi Anak Hingga Penyakit Menular https://konfrontasi.com/2025/03/bill-gates-peringatkan-trump-untuk-tak.html…",https://x.com/Kilas_berita_/status/1903998334991560890,0,0,0,13,NaN
535,zchoolsm,2025-03-21T02:27:43.000Z,"2. Kesiapan Finansial  - Dana Persalinan & Medis: Pastikan ada tabungan atau asuransi yang mencakup biaya kehamilan dan persalinan. - Anggaran untuk Anak: Hitung biaya kebutuhan anak seperti popok, susu, pakaian, vaksinasi, dan pendidikan awal.",https://x.com/zchoolsm/status/1902909962055193053,0,0,0,57,NaN
536,detikHealth,2025-03-20T07:00:00.000Z,"Burundi tercatat sebagai negara ke-18 yang memasukkan vaksin malaria ke dalam program imunisasi anak nasional. Dalam tahap pertama vaksinasi malaria ini menyasar 25 distrik dengan target memvaksinasi 250 ribu anak di tahun 2025.",https://x.com/detikHealth/status/1902616093866312015,0,0,0,344,NaN
537,dimarsasongko98,2025-03-19T07:12:20.000Z,"Mendikdasmen Pak Mu'ti minta TKA ""tidak usah wajib"" dengan alasan ""nanti stres, nanti protes."" Hmm, bayangkan Menteri Kesehatan bilang ""vaksinasi tidak wajib, yang siap aja yang ikut."" Logika aneh: pendidikan nasional dikalahkan rasa takut bikin anak ""stress"". Padahal TKA ini",https://x.com/dimarsasongko98/status/1902256811950141932,0,0,0,281,NaN
538,Adv_ERAT,2025-03-12T13:54:37.000Z,"Vaksinasi dan Gangguan Perkembangan Saraf: Sebuah Studi terhadap Anak-anak Usia Sembilan Tahun yang Terdaftar di Medicaid  CC: Presiden R.I. Bapak @prabowo @pongrekundharma @Dharma_bicara @dharmapongrekun @dpbicarafakta   https://publichealthpolicyjournal.com/vaccination-and-neurodevelopmental-disorders-a-study-of-nine-year-old-children-enrolled-in-medicaid/…",https://x.com/Adv_ERAT/status/1899821332486885653,0,0,0,12,NaN
539,AkbarM777,2025-03-10T14:14:46.000Z,"Pemaksaan vaksinasi pada warga, biar warga jadi budak elite global .. gaya malaikat TDK tau antek elite globalis Ars Demon Anak buah Pepo Beye .. Jin Roro Kidul ( Pantai Selatan )",https://x.com/AkbarM777/status/1899101628302799305,0,0,0,13,NaN
540,nusabalicom,2025-03-08T04:11:24.000Z,"Sebanyak 500 anak di Desa Adat Bitera, Kelurahan Bitera, Kecamatan/Kabupaten Gianyar menjadi target sasaran program vaksinasi Demam Berdarah Dengue (DBD).",https://x.com/nusabalicom/status/1898225009132462504,0,0,0,62,NaN
541,dr_ardi,2025-03-07T04:47:24.000Z,"Vaksinasi Tambahan Untuk Yang Sering Berpergian/ Sering Batuk Pilek, ANAK DAN DEWASA:  1. Vaksin INFLUENZA  2. Vaksin Pneumokukus / PCV",https://x.com/dr_ardi/status/1897871681223631018,0,0,0,464,NaN
542,Adv_ERAT,2025-03-06T15:19:37.000Z,"Pengadilan Beri Lampu Hijau untuk Memaksa Vaksinasi Anak Tanpa Izin Orang Tua    B I A D AB",https://x.com/Adv_ERAT/status/1897668395904205064,0,0,0,3,NaN
543,MissChocolattes,2025-04-29T13:44:38.000Z,"ㅤ ㅤ ㅤ""Satu-satunya? Benar proses vaksinasi sudah selesai nak, boleh langsung kembali ke asrama dan beristirahat."" Menanggapi pertanyaan yang diberikan Shouta sembari memberikan anak laki-laki itu satu bungkus snack.  ㅤ",https://x.com/MissChocolattes/status/1917213437773664545,0,0,0,33,NaN
544,itsurbaobei,2025-04-26T14:54:17.000Z,"abis liat tiktok dan isi commentnya yg ngotot gamau imunisasi anak.. anak lu sehat sampe detik ini itu berkat kekebalan tubuh anak sekitar yg udah vaksinasi anjerrrr ihhh kalo gue kmrn jadi ahli promkes kayanya tiap hari darah tinggi ketemu masyarakat batu kaya begini hhhhhh",https://x.com/itsurbaobei/status/1916143803498652066,0,0,0,32,NaN
545,Harian_Jogja,2025-04-26T13:55:50.000Z,"Pemerintah Upayakan Anak-Anak dapat Vaksinasi Lengkap https://news.harianjogja.com/read/2025/04/26/500/1211576/pemerintah-upayakan-anak-anak-dapat-vaksinasi-lengkap…",https://x.com/Harian_Jogja/status/1916129095257125318,0,0,0,155,NaN
546,LtdAkbar,2025-04-26T04:48:44.000Z,"Biasanya alasannya: demam itu reaksi normal stlh divaksin. Demam yg tinggi dpt menyebabkan kejang pd anak. Nanti sembuh sendiri.  Krn itu, biasanya vaksinasi berlanjut tanpa ada kekhawatiran lainnya spt imunodefisiensi dll. Ketika meninggal, sulit jg menuntut utk akibat vaksin",https://x.com/LtdAkbar/status/1915991411176182270,0,0,0,314,NaN
547,PemkotaBogor,2025-04-26T01:51:17.000Z,"Dedie Rachim Dukung Vaksinasi Anak di Momen HJB ke-543  https://is.gd/MKMTZi  #pemkotbogor",https://x.com/PemkotaBogor/status/1915946755021324773,0,0,0,120,NaN
548,MediaVoi,2025-04-25T09:31:01.000Z,"Tekan Kasus DBD di Minahasa Utara, Pemerintah Berikan Vaksinasi Dengue untuk Anak-Anak https://ift.tt/j6QsBoO",https://x.com/MediaVoi/status/1915700060337119649,0,0,0,8,NaN
549,rsislambontang,2025-04-25T00:42:12.000Z,"Pentingnya Vaksin pada Anak: Melindungi Generasi Masa Depan  Vaksinasi adalah salah satu langkah terpenting yang dapat kita ambil untuk melindungi anak-anak dari berbagai penyakit serius.",https://x.com/rsislambontang/status/1915566979844546992,0,0,0,9,NaN
550,sdenta,2025-04-24T04:47:32.000Z,"Ortu bener2 ga mau anaknya divaksin? Ga usah emosi, stecu aja kita, sama jaga jarak jika perlu.   Ortu ragu sama vaksinasi anak? nah ini yang kita rangkul, berikan penjelasan pake cara yang baik dengan nada penuh welas asih. https://x.com/kegblgnunfaedh/kegblgnunfaedh/status/1914945671804985626…",https://x.com/sdenta/status/1915266332926632181,51,148,530,55,NaN
551,pudingsoklad,2025-04-24T03:12:05.000Z,"Skr kl misal sakit demam 3 hari krn vaksin lbh menderitaan mana dr pada anak kena penyakit yg tanpa vaksin (bukain bnrp video yutub gejala anak sakit yg tidak divaksin)  Kenapa itu ga ada di indonesia karena 30- 20thn lalu vaksinasi udah wajib jd kita tdk mengalami hal itu",https://x.com/pudingsoklad/status/1915242311098978306,0,0,0,39,NaN
552,BogorDinkes,2025-04-23T07:29:37.000Z,"Kegiatan ini bertujuan untuk memberikan pemahaman kepada tenaga pendidik dan orang tua tentang pentingnya vaksinasi dalam melindungi anak-anak dari penyakit menular.  Mari ber",https://x.com/BogorDinkes/status/1914944736387076474,0,0,0,38,NaN
553,myUNICEF,2025-04-23T06:38:21.000Z,"Vaksinasi boleh menyelamatkan nyawa. Di Minggu Imunisasi Sedunia ini, luangkan masa utk mempelajari bagaimana imunisasi dapat membantu anak anda membesar dengan sihat.  #WorldImmunizationWeek2025",https://x.com/myUNICEF/status/1914931835639111724,0,0,0,128,NaN
554,XHIndonesia,2025-04-22T11:10:07.000Z,"Rangkaian foto yang diabadikan pada 21 April 2025 ini menunjukkan anak-anak menerima satu dosis vaksin polio yang diberikan oleh tenaga kesehatan dalam kampanye vaksinasi polio di Kabul, Afghanistan. Selengkapnya https://facebook.com/share/p/1Hf6i7XVJ7/…",https://x.com/XHIndonesia/status/1914637836797764029,0,0,0,22,NaN
555,BogorDinkes,2025-04-22T08:54:18.000Z,"Halo Sobat Sehat,  Pada hari Senin, 21 April 2025, telah dilaksanakan audiensi di Paseban Sri Bima, Balaikota Bogor, terkait rencana pelaksanaan vaksinasi Hepatitis A dan PCV13 untuk anak-anak di Kota Bogor.",https://x.com/BogorDinkes/status/1914603658723123537,0,0,0,61,NaN
556,BogorDinkes,2025-04-22T08:19:06.000Z,"Halo Sobat Sehat!   Senin (21/04/2025), telah dilaksanakan audiensi penting di Paseban Sri Bima, Balaikota Bogor. Pertemuan ini membahas rencana pelaksanaan vaksinasi Hepatitis A dan PCV13 untuk anak-anak di Kota Bogor.",https://x.com/BogorDinkes/status/1914594799107367020,0,0,0,64,NaN
557,fanboytehkotak,2025-04-22T07:04:01.000Z,"Kasihan akhi tadi ada anak baru lulus mau minta vaksin udah habis, udah ga ada program vaksinasi dan pandemi",https://x.com/fanboytehkotak/status/1914575905936249213,0,0,0,49,NaN
558,pioneerffunej,2025-04-20T06:02:37.000Z,"-untuk memastikan keamanannya Vaksinasi tidak hanya melindungi individu tetapi juga komunitas dengan mencegah penyebaran penyakit  𝕄𝕚𝕥𝕠𝕤 Vaksin itu hanya diperlukan untuk anak-anak, jadi dewasa tidak perlu lagi vaksinasi Saya sehat-sehat aja, jadi vaksin tidak penting-",https://x.com/pioneerffunej/status/1913835678640849017,0,0,0,29,NaN
559,aharisth,2025-04-19T07:32:58.000Z,"Jangka panjang buat apa? Bikin anak gendut?  Saya kasih tau, program yg lebih baik utk dilaksanakan : - vaksinasi, sering amburadal karena vaksinnya kosong - KIA, Bumil, KB. sama, sering tidak sesuai harapan - bangun sekolah, SPP gratis - perbaiki ekonomi masyarakat.  MBG perlu?",https://x.com/aharisth/status/1913496027480621189,0,0,0,154,NaN
560,avsychr,2025-04-16T16:46:59.000Z,"Emang orangtua yang menolak vaksinasi anak-anaknya tuh baru sadar dan nyesel kalo anaknya udh masuk PICU deh... Sigh.",https://x.com/avsychr/status/1912548287418364097,0,0,0,41,NaN
561,BogorDinkes,2025-04-16T08:38:13.000Z,"Halo Sobat Sehat!  Selasa, 15 April 2025 telah dilaksanakan Rapat Persiapan Vaksinasi Hepatitis A dan PCV13 untuk anak-anak di Kota Bogor. Kegiatan ini berlangsung di Paseban Abiwara, Dinkes Kota Bogor, sebagai bentuk komitmen kita dalam menjaga kesehatan anak sejak dini.",https://x.com/BogorDinkes/status/1912425285179343324,0,0,0,57,NaN
562,rsudbdh,2025-05-28T04:30:00.000Z,"Yuk Sobat BDH, Vaksin di RSUD BDH Surabaya! Melindungi diri dan orang tersayang bisa dimulai dari langkah sederhana: vaksinasi.  Tersedia berbagai jenis vaksin untuk:  Bayi & anak  Remaja & dewasa  Lansia  Hingga vaksin wajib untuk bepergian ke luar negeri!",https://x.com/rsudbdh/status/1927583109035553224,0,0,0,29,NaN
563,s_mulyatie,2025-05-27T01:41:11.000Z,"Dulu dibantah   Keliru, Peringatan CDC soal Peningkatan Peradangan Jantung pada Anak Muda Usai Vaksinasi COVID-19 https://tempo.co/cekfakta/keliru-peringatan-cdc-soal-peningkatan-peradangan-jantung-pada-anak-muda-usai-vaksinasi-covid-19-1170584…",https://x.com/s_mulyatie/status/1927178236317884752,0,0,0,34,NaN
564,Sapuran6,2025-05-26T12:02:57.000Z,"Sekitarmu banyak kuman TBC. Sekitarmu banyak orang miskin. Sekitarmu banyak kurang gizi. Sekitarmu banyak yg Hb krng 10. Selama 40 tahun prevalensi kasus TBC tidak turun. Kasus TBC anak meningkat.  Pilihannya A. Vaksinasi B. Permainan global.",https://x.com/Sapuran6/status/1926972320704307354,0,0,0,23,NaN
565,BogorDinkes,2025-05-26T08:43:08.000Z,"Syarat dan Ketentuan Vaksinasi PCV13  1. Peserta/sasaran vaksinasi merupakan warga atau domisili Kota Bogor.  2. Sasaran vaksin PCV13 adalah anak usia 4–5 tahun.  3. Pendaftaran dilakukan melalui tautan:      https://bogorakses.id/bogorberes/event-bogor/event/vaksinasi-hepatitis-a-dan-pcv13-di-hari-jadi-kotabogor-ke-543…",https://x.com/BogorDinkes/status/1926922034912678398,0,0,0,31,NaN
566,buseronline2022,2025-05-25T14:07:53.000Z,"Pemko Bogor Gencarkan Edukasi dan Vaksinasi Anak, Targetkan Generasi Sehat 2045 https://buseronline.com/2025/05/25/pemko-bogor-gencarkan-edukasi-dan-vaksinasi-anak-targetkan-generasi-sehat-2045/… lewat @Buser Online",https://x.com/buseronline2022/status/1926641373916045459,0,0,0,3,NaN
567,onorus7940,2025-05-24T10:50:19.000Z,"Anak produk hasil dari  KEBUN BINATANG YANG DI PERLUAS  menghasilkan HILIRISASI DIGITAL dan berujung PSN PAGAR LAUT , program "" TAEK "" MBG ,  pemaksaan VAKSINASI ( genosida terselubung DEPOPULASI ) .",https://x.com/onorus7940/status/1926229268192792808,0,0,0,83,NaN
568,knownjohan,2025-05-24T05:45:39.000Z,"Setelah memperoleh EUA, vaksinasi massal menggunakan INAVAC dimulai pada Mei 2023  . Vaksin ini dirancang tidak hanya untuk vaksinasi primer (dosis satu dan dua), tetapi juga sebagai booster dan vaksinasi pada anak-anak.",https://x.com/knownjohan/status/1926152595397026254,0,0,0,22,NaN
569,unusdeus1,2025-05-24T01:54:50.000Z,"Vaksinasi TBC di Indonesia sudah mencapai target. Yang jadi masalah adalah penularan TBC paru dari orang dewasa ke anak yang mudah terjadi pada pemukiman padat, kurang ventilasi idara dan kurang pencahayaan. Masalah ini lebih berkaitan dg angka kemiskinan. Apabila penghasilan",https://x.com/unusdeus1/status/1926094509537996928,0,0,0,30,NaN
570,PemkotaBogor,2025-05-23T03:09:08.000Z,"Yantie Rachim Dorong Edukasi Vaksinasi Demi Kesehatan Anak https://is.gd/LtAT5y   #Pemkotbogor",https://x.com/PemkotaBogor/status/1925750819925762456,0,0,0,124,NaN
571,hamtawindu,2025-05-17T19:18:56.000Z,"Hati-hati para ortu, mending anak ijin tidak sekolah. Awas anak jadi tikus percobaan vaksinasi !",https://x.com/hamtawindu/status/1923820549542903830,0,0,0,5,NaN
572,WagimanDeep212_,2025-05-17T03:28:55.000Z,"Sejak th 1975 belum ditemukan kasus Autisme Vietnam Tetiba pada th 2000-2001 Bill Gates Fondation meluncurkan vaksinasi, dan Kasus Autisme meningkat 300% di Vietnam.  Dan sbentar lg Bill Gates uji coba vaksin nya dimari.  Sapa tahu anak ente abis di vaksin jadi spiderman..",https://x.com/WagimanDeep212_/status/1923581468833612031,0,0,0,7,NaN
573,almagentia369,2025-05-16T00:29:13.000Z,"Demi Hibah, harga diri bangsa ini diacak-acak Bill Gates dan si Budi. Kalian yang pro, banyak-banyak baca dan riset: gimana efek pembunuhan-kecacatan sistematis terjadi pada anak-anak di Afrika dan India.  Polanya serupa, uji vaksinasi!",https://x.com/almagentia369/status/1923173860737794048,0,0,0,23,NaN
574,DenpasarKota,2025-05-16T00:26:21.000Z,"Rangkaian acara: Jalan Sehat, Senam Pagi, Pasar Murah, Safari Kesehatan, Vaksinasi Rabies untuk Hewan Peliharaan, Pengundian Doorprize, Lomba Mewarnai Anak-Anak, Lomba Cerdas Cermat SMP, Lomba Karaoke Pop Bali, Pelantikan Kepengurusan LPM dan Festival Budaya dan Musik Lokal.",https://x.com/DenpasarKota/status/1923173138960888294,0,0,0,86,NaN
575,marufins,2025-05-15T14:43:45.000Z,"Hoaks.  Psikiater Quyet Minh Nguyen (RS Anak Nasional Vietnam) dlm wawancara itu justru menyatakan tidak ada hubungan antara vaksinasi dan autisme, baik di Vietnam maupun di negara lain.  https://turnbackhoax.id/2023/09/28/salah-tidak-ada-autisme-sebelum-vaksin-bill-gates-masuk-vietnam/…",https://x.com/marufins/status/1923026520123031963,0,0,0,2,NaN
576,blue_berets7,2025-05-15T09:00:48.000Z,"Mengapa Reich Ketiga adalah pemerintahan pertama yang melarang vaksinasi paksa:  ""lebih dari tujuh puluh anak meninggal karena vaksin tuberkulosis yang diberikan secara tidak tepat, dalam peristiwa yang kemudian dikenal sebagai bencana Lübeck.""   https://jstor.org/stable/25339775",https://x.com/blue_berets7/status/1922940215594717190,0,0,0,136,NaN
577,cats_rehome,2025-06-27T10:24:09.000Z,"TMN BUKIT INDAH,JB  Ada 5 ekor anak kucing jalanan utk free adoption.. lahir diluar rumah saya 28 Apr 25, jadi hujung bulan ini dah berumur 2 bulan sudah.. saya bawa sekeluarga masuk sbb nak mandulkan ibunya lepas habis menyusu dan bebaskan dia keluar balik..  Belum vaksinasi",https://x.com/cats_rehome/status/1938543870251503801,0,36,11,1,NaN
578,AlishaDewi95,2025-06-25T14:44:27.000Z,"Vaksinasi Dengue Dimulai di Kutai Kartanegara Lindungi Anak  Pemerintah Kabupaten Kutai Kartanegara, Kalimantan Timur, secara resmi memulai program vaksinasi dengue bagi anak sekolah. Baca Selengkapnya:",https://x.com/AlishaDewi95/status/1937884600531145125,0,0,0,28,NaN
579,kumparanMOM,2025-06-25T13:25:18.000Z,"Kementerian Kesehatan (Kemenkes) akan mulai memberikan vaksin HPV (Human Papillomavirus) kepada anak laki-laki, sebagai bagian dari strategi kanker serviks dan pencegahan penyakit terkait HPV. #momsupdate #update #mom #oneliner #vaksin #anak #vaksinasi #vaksinHPV #kumparanmom",https://x.com/kumparanMOM/status/1937864680833163536,0,0,0,261,NaN
580,majalahsunday,2025-06-25T06:57:24.000Z,"Pencegahan virus HPV dapat dilakukan melalui vaksinasi. Di Indonesia vaksin HPV masuk program imunisasi nasional & diberikan gratis untuk anak perempuan usia 9-13 tahun melalui program BIAS. Namun, pria sebaiknya juga mendapat vaksin untuk melindungi diri sendiri & orang lain.",https://x.com/majalahsunday/status/1937767063323644025,0,0,0,170,NaN
581,GenZNusantara,2025-06-23T16:46:33.000Z,"Lindungi Masa Depan Anak dari TBC dengan Vaksinasi Dini  #CekKesehatanGratis",https://x.com/GenZNusantara/status/1937190550253478216,0,0,0,2,NaN
582,harapanrakyat_,2025-07-28T07:59:26.000Z,"Vaksinasi DBD Jadi Senjata Awal Lindungi Anak Sumedang dari Ancaman Nyata https://ift.tt/GSP8Dvw",https://x.com/harapanrakyat_/status/1949741472275689498,0,0,0,16,NaN
583,Ibupedia,2025-07-27T03:06:00.000Z,"Vaksinasi Hepatitis B sebaiknya diberikan sejak bayi usia 0 bulan agar pencegahannya efektif sesuai rekomendasi IDAI  Gimana Parents, si Kecil udah mendapatkan vaksin Hepatitis B? Jika terlambat, segera catch up ketertinggalan dan jangan lupa konsultasikan ke Dokter Anak Anda",https://x.com/Ibupedia/status/1949305242874749319,0,0,0,99,NaN
584,HB03INTAK,2025-07-25T06:54:14.000Z,"Jadwal vaksinasi anak bukan disusun sembarangan. Setiap imunisasi diberikan pada usia tertentu karena itulah masa tubuh optimal membentuk antibodi. Melewatkan jadwalnya berarti membiarkan celah terbuka di benteng perlindungan tubuh anak.",https://x.com/HB03INTAK/status/1948637902885585387,0,0,0,24,NaN
585,HalodocID,2025-07-24T07:35:49.000Z,"VAKSINASI ANAK UNTUK INVESTASI KESEHATAN JANGKA PANJANG  Banyak orangtua baru sadar pentingnya pemberian vaksin dan suplemen setelah anak mulai sering sakit.",https://x.com/HalodocID/status/1948285980232106394,0,0,0,395,NaN
586,NiagaAsia17,2025-07-23T10:56:22.000Z,"Kick off vaksinasi dengue di Tenggarong (HO- Dinkes Kaltim) https://niaga.asia/tiga-tahun-terakhir-50-anak-di-kaltim-meninggal-dunia-akibat-dbd/…",https://x.com/NiagaAsia17/status/1947974063256908270,0,0,0,35,NaN
587,soloposdotcom,2025-07-23T09:19:01.000Z,"Vaksinasi hingga Nutrisi Penting untuk Jaga Kesehatan Anak Dokter spesialis anak dr. Jessica Sugiharto, Sp.A, mengatakan, vaksinasi hingga pemenuhan nutrisi merupakan langkah preventif dalam mencegah infeksi berbahaya serta memastikan kesehatan anak. https://lifestyle.espos.id/vaksinasi-hingga-nutrisi-penting-untuk-jaga-kesehatan-anak-2121955…",https://x.com/soloposdotcom/status/1947949562661831051,0,0,0,43,NaN
588,kumparanMOM,2025-07-23T07:59:11.000Z,"Vaksinasi sejak dini sangat penting untuk mendukung tumbuh kembang anak secara optimal. Simak penjelasannya yuk, Moms! #momsupdate #moms #update #text https://kumparan.com/kumparanmom/kenapa-vaksin-penting-untuk-dukung-tumbuh-kembang-anak-25Vw2TlCnd8?utm_source=Twitter&utm_medium=post&utm_campaign=seg&utm_content=kmomtw…",https://x.com/kumparanMOM/status/1947929472004698264,0,0,0,295,NaN
589,e100ss,2025-07-23T03:51:51.000Z,"Dokter Anak: Vaksinasi Primer dan Tambahan Wajib untuk Perlindungan Anak",https://x.com/e100ss/status/1947867228113932319,0,0,0,1,NaN
590,MiraninonLita,2025-07-23T00:18:34.000Z,"TERKINI : Robert Kennedy Jr. telah menghapus vaksin Covid dari jadwal vaksinasi anak. Seharusnya ini tidak ada dalam daftar sejak awal. Ini bukan tentang sains. Ini tentang keuntungan dan kontrol.",https://x.com/MiraninonLita/status/1947813554960101785,0,0,0,51,NaN
591,MiraninonLita,2025-07-22T23:45:22.000Z,"(Terjemahan) TERKINI : Robert Kennedy Jr. telah menghapus vaksin Covid dari jadwal vaksinasi anak. Seharusnya ini tidak ada dalam daftar sejak awal. Ini bukan tentang sains. Ini tentang keuntungan dan kontrol.",https://x.com/MiraninonLita/status/1947805199718092895,0,0,0,98,NaN
592,Antara_Kalteng,2025-07-22T16:33:21.000Z,"https://kalteng.antaranews.com/berita/770721/vaksinasi-hpv-bisa-diberikan-kepada-anak-lelaki-dan-perempuan… Vaksinasi HPV bisa diberikan kepada anak lelaki dan perempuan",https://x.com/Antara_Kalteng/status/1947696477301837954,0,0,0,19,NaN
593,XHIndonesia,2025-07-22T06:01:47.000Z,"Kementerian Kesehatan Masyarakat pemerintah sementara Afghanistan pada Senin (21/7) mengumumkan kampanye vaksinasi selama empat hari yang bertujuan untuk melindungi 7,3 juta anak di bawah usia lima tahun dari virus polio. Selengkapnya https://facebook.com/share/p/19hGXfXSuJ/…",https://x.com/XHIndonesia/status/1947537540933902733,0,0,0,25,NaN
594,antaranews,2025-07-22T05:32:53.000Z,"Kementerian Kesehatan Masyarakat pemerintah sementara Afghanistan pada Senin (21/7) mengumumkan kampanye vaksinasi selama empat hari yang bertujuan untuk melindungi 7,3 juta anak di bawah usia lima tahun dari virus polio. https://antaranews.com/berita/4983057/afghanistan-mulai-vaksinasi-polio-targetkan-73-juta-anak…",https://x.com/antaranews/status/1947530265271906415,0,0,0,332,NaN
595,hariankompas,2025-07-21T04:27:23.000Z,"Sebanyak 14,3 juta anak di dunia tidak mendapatkan satu dosis pun vaksin. Ini menunjukkan masih banyak anak yang tidak terlindungi dari penyakit yang bisa dicegah. #Kesehatan #AdadiKompas",https://x.com/hariankompas/status/1947151396869919040,0,0,0,370,NaN
596,KompasData,2025-07-21T04:25:17.000Z,"Sebanyak 14,3 juta anak di dunia tidak mendapatkan satu dosis pun vaksin. Ini menunjukkan masih banyak anak yang tidak terlindungi dari penyakit yang bisa dicegah. #Kesehatan #AdadiKompas",https://x.com/KompasData/status/1947150867745906786,0,0,0,40,NaN
597,kompascom,2025-07-18T08:30:21.000Z,"Menurut WHO, ketimpangan akses vaksin masih sangat tinggi, dengan konflik dan krisis kemanusiaan menjadi faktor utama yang merusak sistem imunisasi di banyak wilayah.  ~MD #WHO #Vaksinasi",https://x.com/kompascom/status/1946125376436187433,0,0,0,1,NaN
598,klikwarta_com,2025-07-17T08:50:38.000Z,"Turunkan Zero Dose, Ketum TP PKK Ingatkan Orang Tua Pentingnya Vaksinasi bagi Anak https://klikwarta.com/turunkan-zero-dose-ketum-tp-pkk-ingatkan-orang-tua-pentingnya-vaksinasi-bagi-anak… #beritaterkini #beritaviral #kabarterbaru #klikwarta #news #beritanasional",https://x.com/klikwarta_com/status/1945768092497494030,0,0,0,20,NaN
